inventory_methodology_version,application,application_commit,file,line,end_line,kind,name,loc,features,bucket,primary_reason,secondary_reasons,confidence
2,ecal-core,652e92f7cda2ab1f2d0056cb296b66c7a30c8fa8,ecal/core/src/config/builder/logging_attribute_builder.cpp,9,56,function,BuildLoggingProviderAttributes,48,"{""bitfield"": false, ""branch_complexity_proxy"": 2, ""c_array"": false, ""call_count"": 7, ""callback"": false, ""calloc"": false, ""conditional_compilation"": false, ""explicit_abi_boundary"": false, ""extern_declaration"": false, ""extern_or_abi_boundary"": false, ""flexible_array"": false, ""free"": false, ""function_pointer"": false, ""generated_source"": false, ""global_read"": false, ""global_write"": false, ""goto"": false, ""lexical_ambiguity"": false, ""longjmp"": false, ""macro_density"": 0.0, ""macro_generated_declaration"": false, ""macro_use"": false, ""malloc"": false, ""memcpy"": false, ""memmove"": false, ""memset"": false, ""mutable_global"": false, ""parameter_count"": 1, ""platform_specific"": false, ""pointer_arithmetic"": false, ""pointer_count"": 0, ""pointer_to_pointer"": false, ""raw_pointer_parameter"": false, ""raw_pointer_return"": false, ""realloc"": false, ""setjmp"": false, ""static_local"": false, ""syscall"": false, ""third_party"": false, ""union"": false, ""va_list"": false, ""variadic"": false, ""void_pointer"": false}",TRIVIAL,no_significant_detected_blocker,[],medium
2,ecal-core,652e92f7cda2ab1f2d0056cb296b66c7a30c8fa8,ecal/core/src/config/builder/logging_attribute_builder.cpp,58,89,function,BuildLoggingReceiverAttributes,32,"{""bitfield"": false, ""branch_complexity_proxy"": 2, ""c_array"": false, ""call_count"": 3, ""callback"": false, ""calloc"": false, ""conditional_compilation"": false, ""explicit_abi_boundary"": false, ""extern_declaration"": false, ""extern_or_abi_boundary"": false, ""flexible_array"": false, ""free"": false, ""function_pointer"": false, ""generated_source"": false, ""global_read"": false, ""global_write"": false, ""goto"": false, ""lexical_ambiguity"": false, ""longjmp"": false, ""macro_density"": 0.0, ""macro_generated_declaration"": false, ""macro_use"": false, ""malloc"": false, ""memcpy"": false, ""memmove"": false, ""memset"": false, ""mutable_global"": false, ""parameter_count"": 1, ""platform_specific"": false, ""pointer_arithmetic"": false, ""pointer_count"": 0, ""pointer_to_pointer"": false, ""raw_pointer_parameter"": false, ""raw_pointer_return"": false, ""realloc"": false, ""setjmp"": false, ""static_local"": false, ""syscall"": false, ""third_party"": false, ""union"": false, ""va_list"": false, ""variadic"": false, ""void_pointer"": false}",TRIVIAL,no_significant_detected_blocker,[],medium
2,ecal-core,652e92f7cda2ab1f2d0056cb296b66c7a30c8fa8,ecal/core/src/config/configuration_reader.cpp,5,8,function,MapConfiguration,4,"{""bitfield"": false, ""branch_complexity_proxy"": 0, ""c_array"": false, ""call_count"": 1, ""callback"": false, ""calloc"": false, ""conditional_compilation"": false, ""explicit_abi_boundary"": false, ""extern_declaration"": false, ""extern_or_abi_boundary"": false, ""flexible_array"": false, ""free"": false, ""function_pointer"": false, ""generated_source"": false, ""global_read"": false, ""global_write"": false, ""goto"": false, ""lexical_ambiguity"": false, ""longjmp"": false, ""macro_density"": 0.0, ""macro_generated_declaration"": false, ""macro_use"": false, ""malloc"": false, ""memcpy"": false, ""memmove"": false, ""memset"": false, ""mutable_global"": false, ""parameter_count"": 2, ""platform_specific"": false, ""pointer_arithmetic"": false, ""pointer_count"": 0, ""pointer_to_pointer"": false, ""raw_pointer_parameter"": false, ""raw_pointer_return"": false, ""realloc"": false, ""setjmp"": false, ""static_local"": false, ""syscall"": false, ""third_party"": false, ""union"": false, ""va_list"": false, ""variadic"": false, ""void_pointer"": false}",TRIVIAL,no_significant_detected_blocker,[],medium
2,ecal-core,652e92f7cda2ab1f2d0056cb296b66c7a30c8fa8,ecal/core/src/config/configuration_reader.cpp,16,21,function,YamlFileToConfig,6,"{""bitfield"": false, ""branch_complexity_proxy"": 0, ""c_array"": false, ""call_count"": 3, ""callback"": false, ""calloc"": false, ""conditional_compilation"": false, ""explicit_abi_boundary"": false, ""extern_declaration"": false, ""extern_or_abi_boundary"": false, ""flexible_array"": false, ""free"": false, ""function_pointer"": false, ""generated_source"": false, ""global_read"": false, ""global_write"": false, ""goto"": false, ""lexical_ambiguity"": false, ""longjmp"": false, ""macro_density"": 0.0, ""macro_generated_declaration"": false, ""macro_use"": false, ""malloc"": false, ""memcpy"": false, ""memmove"": false, ""memset"": false, ""mutable_global"": false, ""parameter_count"": 2, ""platform_specific"": false, ""pointer_arithmetic"": false, ""pointer_count"": 0, ""pointer_to_pointer"": false, ""raw_pointer_parameter"": false, ""raw_pointer_return"": false, ""realloc"": false, ""setjmp"": false, ""static_local"": false, ""syscall"": false, ""third_party"": false, ""union"": false, ""va_list"": false, ""variadic"": false, ""void_pointer"": false}",TRIVIAL,no_significant_detected_blocker,[],medium
2,ecal-core,652e92f7cda2ab1f2d0056cb296b66c7a30c8fa8,ecal/core/src/config/configuration_reader.cpp,23,28,function,YamlStringToConfig,6,"{""bitfield"": false, ""branch_complexity_proxy"": 0, ""c_array"": false, ""call_count"": 3, ""callback"": false, ""calloc"": false, ""conditional_compilation"": false, ""explicit_abi_boundary"": false, ""extern_declaration"": false, ""extern_or_abi_boundary"": false, ""flexible_array"": false, ""free"": false, ""function_pointer"": false, ""generated_source"": false, ""global_read"": false, ""global_write"": false, ""goto"": false, ""lexical_ambiguity"": false, ""longjmp"": false, ""macro_density"": 0.0, ""macro_generated_declaration"": false, ""macro_use"": false, ""malloc"": false, ""memcpy"": false, ""memmove"": false, ""memset"": false, ""mutable_global"": false, ""parameter_count"": 2, ""platform_specific"": false, ""pointer_arithmetic"": false, ""pointer_count"": 0, ""pointer_to_pointer"": false, ""raw_pointer_parameter"": false, ""raw_pointer_return"": false, ""realloc"": false, ""setjmp"": false, ""static_local"": false, ""syscall"": false, ""third_party"": false, ""union"": false, ""va_list"": false, ""variadic"": false, ""void_pointer"": false}",TRIVIAL,no_significant_detected_blocker,[],medium
2,ecal-core,652e92f7cda2ab1f2d0056cb296b66c7a30c8fa8,ecal/core/src/config/configuration_reader.cpp,30,42,function,ConfigToYamlFile,13,"{""bitfield"": false, ""branch_complexity_proxy"": 1, ""c_array"": false, ""call_count"": 6, ""callback"": false, ""calloc"": false, ""conditional_compilation"": false, ""explicit_abi_boundary"": false, ""extern_declaration"": false, ""extern_or_abi_boundary"": false, ""flexible_array"": false, ""free"": false, ""function_pointer"": false, ""generated_source"": false, ""global_read"": false, ""global_write"": false, ""goto"": false, ""lexical_ambiguity"": false, ""longjmp"": false, ""macro_density"": 0.0, ""macro_generated_declaration"": false, ""macro_use"": false, ""malloc"": false, ""memcpy"": false, ""memmove"": false, ""memset"": false, ""mutable_global"": false, ""parameter_count"": 2, ""platform_specific"": false, ""pointer_arithmetic"": false, ""pointer_count"": 0, ""pointer_to_pointer"": false, ""raw_pointer_parameter"": false, ""raw_pointer_return"": false, ""realloc"": false, ""setjmp"": false, ""static_local"": false, ""syscall"": true, ""third_party"": false, ""union"": false, ""va_list"": false, ""variadic"": false, ""void_pointer"": false}",TRIVIAL,no_significant_detected_blocker,"[""syscall""]",medium
2,ecal-core,652e92f7cda2ab1f2d0056cb296b66c7a30c8fa8,ecal/core/src/config/configuration_reader.cpp,44,91,function,MergeYamlNodes,48,"{""bitfield"": false, ""branch_complexity_proxy"": 5, ""c_array"": false, ""call_count"": 16, ""callback"": false, ""calloc"": false, ""conditional_compilation"": false, ""explicit_abi_boundary"": false, ""extern_declaration"": false, ""extern_or_abi_boundary"": false, ""flexible_array"": false, ""free"": false, ""function_pointer"": false, ""generated_source"": false, ""global_read"": false, ""global_write"": false, ""goto"": false, ""lexical_ambiguity"": false, ""longjmp"": false, ""macro_density"": 0.0, ""macro_generated_declaration"": false, ""macro_use"": false, ""malloc"": false, ""memcpy"": false, ""memmove"": false, ""memset"": false, ""mutable_global"": false, ""parameter_count"": 2, ""platform_specific"": false, ""pointer_arithmetic"": false, ""pointer_count"": 0, ""pointer_to_pointer"": false, ""raw_pointer_parameter"": false, ""raw_pointer_return"": false, ""realloc"": false, ""setjmp"": false, ""static_local"": false, ""syscall"": false, ""third_party"": false, ""union"": false, ""va_list"": false, ""variadic"": false, ""void_pointer"": false}",TRIVIAL,no_significant_detected_blocker,[],medium
2,ecal-core,652e92f7cda2ab1f2d0056cb296b66c7a30c8fa8,ecal/core/src/config/configuration_reader.cpp,93,112,function,MergeYamlIntoConfiguration,20,"{""bitfield"": false, ""branch_complexity_proxy"": 0, ""c_array"": false, ""call_count"": 7, ""callback"": false, ""calloc"": false, ""conditional_compilation"": false, ""explicit_abi_boundary"": false, ""extern_declaration"": false, ""extern_or_abi_boundary"": false, ""flexible_array"": false, ""free"": false, ""function_pointer"": false, ""generated_source"": false, ""global_read"": false, ""global_write"": false, ""goto"": false, ""lexical_ambiguity"": false, ""longjmp"": false, ""macro_density"": 0.0, ""macro_generated_declaration"": false, ""macro_use"": false, ""malloc"": false, ""memcpy"": false, ""memmove"": false, ""memset"": false, ""mutable_global"": false, ""parameter_count"": 2, ""platform_specific"": false, ""pointer_arithmetic"": false, ""pointer_count"": 0, ""pointer_to_pointer"": false, ""raw_pointer_parameter"": false, ""raw_pointer_return"": false, ""realloc"": false, ""setjmp"": false, ""static_local"": false, ""syscall"": false, ""third_party"": false, ""union"": false, ""va_list"": false, ""variadic"": false, ""void_pointer"": false}",TRIVIAL,no_significant_detected_blocker,[],medium
2,ecal-core,652e92f7cda2ab1f2d0056cb296b66c7a30c8fa8,ecal/core/src/config/configuration_to_yaml.cpp,157,160,function,if,4,"{""bitfield"": false, ""branch_complexity_proxy"": 1, ""c_array"": false, ""call_count"": 1, ""callback"": false, ""calloc"": false, ""conditional_compilation"": false, ""explicit_abi_boundary"": false, ""extern_declaration"": false, ""extern_or_abi_boundary"": false, ""flexible_array"": false, ""free"": false, ""function_pointer"": false, ""generated_source"": false, ""global_read"": false, ""global_write"": false, ""goto"": false, ""lexical_ambiguity"": false, ""longjmp"": false, ""macro_density"": 0.0, ""macro_generated_declaration"": false, ""macro_use"": false, ""malloc"": false, ""memcpy"": false, ""memmove"": false, ""memset"": false, ""mutable_global"": false, ""parameter_count"": 1, ""platform_specific"": false, ""pointer_arithmetic"": false, ""pointer_count"": 0, ""pointer_to_pointer"": false, ""raw_pointer_parameter"": false, ""raw_pointer_return"": false, ""realloc"": false, ""setjmp"": false, ""static_local"": false, ""syscall"": false, ""third_party"": false, ""union"": false, ""va_list"": false, ""variadic"": false, ""void_pointer"": false}",TRIVIAL,no_significant_detected_blocker,[],medium
2,ecal-core,652e92f7cda2ab1f2d0056cb296b66c7a30c8fa8,ecal/core/src/config/configuration_to_yaml.cpp,175,178,function,if,4,"{""bitfield"": false, ""branch_complexity_proxy"": 1, ""c_array"": false, ""call_count"": 1, ""callback"": false, ""calloc"": false, ""conditional_compilation"": false, ""explicit_abi_boundary"": false, ""extern_declaration"": false, ""extern_or_abi_boundary"": false, ""flexible_array"": false, ""free"": false, ""function_pointer"": false, ""generated_source"": false, ""global_read"": false, ""global_write"": false, ""goto"": false, ""lexical_ambiguity"": false, ""longjmp"": false, ""macro_density"": 0.0, ""macro_generated_declaration"": false, ""macro_use"": false, ""malloc"": false, ""memcpy"": false, ""memmove"": false, ""memset"": false, ""mutable_global"": false, ""parameter_count"": 1, ""platform_specific"": false, ""pointer_arithmetic"": false, ""pointer_count"": 0, ""pointer_to_pointer"": false, ""raw_pointer_parameter"": false, ""raw_pointer_return"": false, ""realloc"": false, ""setjmp"": false, ""static_local"": false, ""syscall"": false, ""third_party"": false, ""union"": false, ""va_list"": false, ""variadic"": false, ""void_pointer"": false}",TRIVIAL,no_significant_detected_blocker,[],medium
2,ecal-core,652e92f7cda2ab1f2d0056cb296b66c7a30c8fa8,ecal/core/src/config/configuration_to_yaml.h,38,42,function,AssignValue,5,"{""bitfield"": false, ""branch_complexity_proxy"": 1, ""c_array"": false, ""call_count"": 2, ""callback"": false, ""calloc"": false, ""conditional_compilation"": true, ""explicit_abi_boundary"": false, ""extern_declaration"": false, ""extern_or_abi_boundary"": false, ""flexible_array"": false, ""free"": false, ""function_pointer"": false, ""generated_source"": false, ""global_read"": false, ""global_write"": false, ""goto"": false, ""lexical_ambiguity"": false, ""longjmp"": false, ""macro_density"": 0.0, ""macro_generated_declaration"": false, ""macro_use"": false, ""malloc"": false, ""memcpy"": false, ""memmove"": false, ""memset"": false, ""mutable_global"": false, ""parameter_count"": 3, ""platform_specific"": false, ""pointer_arithmetic"": false, ""pointer_count"": 1, ""pointer_to_pointer"": false, ""raw_pointer_parameter"": true, ""raw_pointer_return"": false, ""realloc"": false, ""setjmp"": false, ""static_local"": false, ""syscall"": false, ""third_party"": false, ""union"": false, ""va_list"": false, ""variadic"": false, ""void_pointer"": false}",TRIVIAL,no_significant_detected_blocker,"[""conditional_compilation"", ""raw_pointer_parameter""]",medium
2,ecal-core,652e92f7cda2ab1f2d0056cb296b66c7a30c8fa8,ecal/core/src/config/configuration_to_yaml.h,53,58,struct,convert,6,"{""bitfield"": false, ""branch_complexity_proxy"": 0, ""c_array"": false, ""call_count"": 2, ""callback"": false, ""calloc"": false, ""conditional_compilation"": true, ""explicit_abi_boundary"": false, ""extern_declaration"": false, ""extern_or_abi_boundary"": false, ""flexible_array"": false, ""free"": false, ""function_pointer"": false, ""generated_source"": false, ""global_read"": false, ""global_write"": false, ""goto"": false, ""lexical_ambiguity"": false, ""longjmp"": false, ""macro_density"": 0.0, ""macro_generated_declaration"": false, ""macro_use"": false, ""malloc"": false, ""memcpy"": false, ""memmove"": false, ""memset"": false, ""mutable_global"": false, ""parameter_count"": 0, ""platform_specific"": false, ""pointer_arithmetic"": false, ""pointer_count"": 0, ""pointer_to_pointer"": false, ""raw_pointer_parameter"": false, ""raw_pointer_return"": false, ""realloc"": false, ""setjmp"": false, ""static_local"": false, ""syscall"": false, ""third_party"": false, ""union"": false, ""va_list"": false, ""variadic"": false, ""void_pointer"": false}",TRIVIAL,no_significant_detected_blocker,"[""conditional_compilation""]",medium
2,ecal-core,652e92f7cda2ab1f2d0056cb296b66c7a30c8fa8,ecal/core/src/config/configuration_to_yaml.h,61,66,struct,convert,6,"{""bitfield"": false, ""branch_complexity_proxy"": 0, ""c_array"": false, ""call_count"": 2, ""callback"": false, ""calloc"": false, ""conditional_compilation"": true, ""explicit_abi_boundary"": false, ""extern_declaration"": false, ""extern_or_abi_boundary"": false, ""flexible_array"": false, ""free"": false, ""function_pointer"": false, ""generated_source"": false, ""global_read"": false, ""global_write"": false, ""goto"": false, ""lexical_ambiguity"": false, ""longjmp"": false, ""macro_density"": 0.0, ""macro_generated_declaration"": false, ""macro_use"": false, ""malloc"": false, ""memcpy"": false, ""memmove"": false, ""memset"": false, ""mutable_global"": false, ""parameter_count"": 0, ""platform_specific"": false, ""pointer_arithmetic"": false, ""pointer_count"": 0, ""pointer_to_pointer"": false, ""raw_pointer_parameter"": false, ""raw_pointer_return"": false, ""realloc"": false, ""setjmp"": false, ""static_local"": false, ""syscall"": false, ""third_party"": false, ""union"": false, ""va_list"": false, ""variadic"": false, ""void_pointer"": false}",TRIVIAL,no_significant_detected_blocker,"[""conditional_compilation""]",medium
2,ecal-core,652e92f7cda2ab1f2d0056cb296b66c7a30c8fa8,ecal/core/src/config/configuration_to_yaml.h,69,74,struct,convert,6,"{""bitfield"": false, ""branch_complexity_proxy"": 0, ""c_array"": false, ""call_count"": 2, ""callback"": false, ""calloc"": false, ""conditional_compilation"": true, ""explicit_abi_boundary"": false, ""extern_declaration"": false, ""extern_or_abi_boundary"": false, ""flexible_array"": false, ""free"": false, ""function_pointer"": false, ""generated_source"": false, ""global_read"": false, ""global_write"": false, ""goto"": false, ""lexical_ambiguity"": false, ""longjmp"": false, ""macro_density"": 0.0, ""macro_generated_declaration"": false, ""macro_use"": false, ""malloc"": false, ""memcpy"": false, ""memmove"": false, ""memset"": false, ""mutable_global"": false, ""parameter_count"": 0, ""platform_specific"": false, ""pointer_arithmetic"": false, ""pointer_count"": 0, ""pointer_to_pointer"": false, ""raw_pointer_parameter"": false, ""raw_pointer_return"": false, ""realloc"": false, ""setjmp"": false, ""static_local"": false, ""syscall"": false, ""third_party"": false, ""union"": false, ""va_list"": false, ""variadic"": false, ""void_pointer"": false}",TRIVIAL,no_significant_detected_blocker,"[""conditional_compilation""]",medium
2,ecal-core,652e92f7cda2ab1f2d0056cb296b66c7a30c8fa8,ecal/core/src/config/configuration_to_yaml.h,77,82,struct,convert,6,"{""bitfield"": false, ""branch_complexity_proxy"": 0, ""c_array"": false, ""call_count"": 2, ""callback"": false, ""calloc"": false, ""conditional_compilation"": true, ""explicit_abi_boundary"": false, ""extern_declaration"": false, ""extern_or_abi_boundary"": false, ""flexible_array"": false, ""free"": false, ""function_pointer"": false, ""generated_source"": false, ""global_read"": false, ""global_write"": false, ""goto"": false, ""lexical_ambiguity"": false, ""longjmp"": false, ""macro_density"": 0.0, ""macro_generated_declaration"": false, ""macro_use"": false, ""malloc"": false, ""memcpy"": false, ""memmove"": false, ""memset"": false, ""mutable_global"": false, ""parameter_count"": 0, ""platform_specific"": false, ""pointer_arithmetic"": false, ""pointer_count"": 0, ""pointer_to_pointer"": false, ""raw_pointer_parameter"": false, ""raw_pointer_return"": false, ""realloc"": false, ""setjmp"": false, ""static_local"": false, ""syscall"": false, ""third_party"": false, ""union"": false, ""va_list"": false, ""variadic"": false, ""void_pointer"": false}",TRIVIAL,no_significant_detected_blocker,"[""conditional_compilation""]",medium
2,ecal-core,652e92f7cda2ab1f2d0056cb296b66c7a30c8fa8,ecal/core/src/config/configuration_to_yaml.h,85,90,struct,convert,6,"{""bitfield"": false, ""branch_complexity_proxy"": 0, ""c_array"": false, ""call_count"": 2, ""callback"": false, ""calloc"": false, ""conditional_compilation"": true, ""explicit_abi_boundary"": false, ""extern_declaration"": false, ""extern_or_abi_boundary"": false, ""flexible_array"": false, ""free"": false, ""function_pointer"": false, ""generated_source"": false, ""global_read"": false, ""global_write"": false, ""goto"": false, ""lexical_ambiguity"": false, ""longjmp"": false, ""macro_density"": 0.0, ""macro_generated_declaration"": false, ""macro_use"": false, ""malloc"": false, ""memcpy"": false, ""memmove"": false, ""memset"": false, ""mutable_global"": false, ""parameter_count"": 0, ""platform_specific"": false, ""pointer_arithmetic"": false, ""pointer_count"": 0, ""pointer_to_pointer"": false, ""raw_pointer_parameter"": false, ""raw_pointer_return"": false, ""realloc"": false, ""setjmp"": false, ""static_local"": false, ""syscall"": false, ""third_party"": false, ""union"": false, ""va_list"": false, ""variadic"": false, ""void_pointer"": false}",TRIVIAL,no_significant_detected_blocker,"[""conditional_compilation""]",medium
2,ecal-core,652e92f7cda2ab1f2d0056cb296b66c7a30c8fa8,ecal/core/src/config/configuration_to_yaml.h,93,98,struct,convert,6,"{""bitfield"": false, ""branch_complexity_proxy"": 0, ""c_array"": false, ""call_count"": 2, ""callback"": false, ""calloc"": false, ""conditional_compilation"": true, ""explicit_abi_boundary"": false, ""extern_declaration"": false, ""extern_or_abi_boundary"": false, ""flexible_array"": false, ""free"": false, ""function_pointer"": false, ""generated_source"": false, ""global_read"": false, ""global_write"": false, ""goto"": false, ""lexical_ambiguity"": false, ""longjmp"": false, ""macro_density"": 0.0, ""macro_generated_declaration"": false, ""macro_use"": false, ""malloc"": false, ""memcpy"": false, ""memmove"": false, ""memset"": false, ""mutable_global"": false, ""parameter_count"": 0, ""platform_specific"": false, ""pointer_arithmetic"": false, ""pointer_count"": 0, ""pointer_to_pointer"": false, ""raw_pointer_parameter"": false, ""raw_pointer_return"": false, ""realloc"": false, ""setjmp"": false, ""static_local"": false, ""syscall"": false, ""third_party"": false, ""union"": false, ""va_list"": false, ""variadic"": false, ""void_pointer"": false}",TRIVIAL,no_significant_detected_blocker,"[""conditional_compilation""]",medium
2,ecal-core,652e92f7cda2ab1f2d0056cb296b66c7a30c8fa8,ecal/core/src/config/configuration_to_yaml.h,109,114,struct,convert,6,"{""bitfield"": false, ""branch_complexity_proxy"": 0, ""c_array"": false, ""call_count"": 2, ""callback"": false, ""calloc"": false, ""conditional_compilation"": true, ""explicit_abi_boundary"": false, ""extern_declaration"": false, ""extern_or_abi_boundary"": false, ""flexible_array"": false, ""free"": false, ""function_pointer"": false, ""generated_source"": false, ""global_read"": false, ""global_write"": false, ""goto"": false, ""lexical_ambiguity"": false, ""longjmp"": false, ""macro_density"": 0.0, ""macro_generated_declaration"": false, ""macro_use"": false, ""malloc"": false, ""memcpy"": false, ""memmove"": false, ""memset"": false, ""mutable_global"": false, ""parameter_count"": 0, ""platform_specific"": false, ""pointer_arithmetic"": false, ""pointer_count"": 0, ""pointer_to_pointer"": false, ""raw_pointer_parameter"": false, ""raw_pointer_return"": false, ""realloc"": false, ""setjmp"": false, ""static_local"": false, ""syscall"": false, ""third_party"": false, ""union"": false, ""va_list"": false, ""variadic"": false, ""void_pointer"": false}",TRIVIAL,no_significant_detected_blocker,"[""conditional_compilation""]",medium
2,ecal-core,652e92f7cda2ab1f2d0056cb296b66c7a30c8fa8,ecal/core/src/config/configuration_to_yaml.h,117,122,struct,convert,6,"{""bitfield"": false, ""branch_complexity_proxy"": 0, ""c_array"": false, ""call_count"": 2, ""callback"": false, ""calloc"": false, ""conditional_compilation"": true, ""explicit_abi_boundary"": false, ""extern_declaration"": false, ""extern_or_abi_boundary"": false, ""flexible_array"": false, ""free"": false, ""function_pointer"": false, ""generated_source"": false, ""global_read"": false, ""global_write"": false, ""goto"": false, ""lexical_ambiguity"": false, ""longjmp"": false, ""macro_density"": 0.0, ""macro_generated_declaration"": false, ""macro_use"": false, ""malloc"": false, ""memcpy"": false, ""memmove"": false, ""memset"": false, ""mutable_global"": false, ""parameter_count"": 0, ""platform_specific"": false, ""pointer_arithmetic"": false, ""pointer_count"": 0, ""pointer_to_pointer"": false, ""raw_pointer_parameter"": false, ""raw_pointer_return"": false, ""realloc"": false, ""setjmp"": false, ""static_local"": false, ""syscall"": false, ""third_party"": false, ""union"": false, ""va_list"": false, ""variadic"": false, ""void_pointer"": false}",TRIVIAL,no_significant_detected_blocker,"[""conditional_compilation""]",medium
2,ecal-core,652e92f7cda2ab1f2d0056cb296b66c7a30c8fa8,ecal/core/src/config/configuration_to_yaml.h,125,130,struct,convert,6,"{""bitfield"": false, ""branch_complexity_proxy"": 0, ""c_array"": false, ""call_count"": 2, ""callback"": false, ""calloc"": false, ""conditional_compilation"": true, ""explicit_abi_boundary"": false, ""extern_declaration"": false, ""extern_or_abi_boundary"": false, ""flexible_array"": false, ""free"": false, ""function_pointer"": false, ""generated_source"": false, ""global_read"": false, ""global_write"": false, ""goto"": false, ""lexical_ambiguity"": false, ""longjmp"": false, ""macro_density"": 0.0, ""macro_generated_declaration"": false, ""macro_use"": false, ""malloc"": false, ""memcpy"": false, ""memmove"": false, ""memset"": false, ""mutable_global"": false, ""parameter_count"": 0, ""platform_specific"": false, ""pointer_arithmetic"": false, ""pointer_count"": 0, ""pointer_to_pointer"": false, ""raw_pointer_parameter"": false, ""raw_pointer_return"": false, ""realloc"": false, ""setjmp"": false, ""static_local"": false, ""syscall"": false, ""third_party"": false, ""union"": false, ""va_list"": false, ""variadic"": false, ""void_pointer"": false}",TRIVIAL,no_significant_detected_blocker,"[""conditional_compilation""]",medium
2,ecal-core,652e92f7cda2ab1f2d0056cb296b66c7a30c8fa8,ecal/core/src/config/configuration_to_yaml.h,133,138,struct,convert,6,"{""bitfield"": false, ""branch_complexity_proxy"": 0, ""c_array"": false, ""call_count"": 2, ""callback"": false, ""calloc"": false, ""conditional_compilation"": true, ""explicit_abi_boundary"": false, ""extern_declaration"": false, ""extern_or_abi_boundary"": false, ""flexible_array"": false, ""free"": false, ""function_pointer"": false, ""generated_source"": false, ""global_read"": false, ""global_write"": false, ""goto"": false, ""lexical_ambiguity"": false, ""longjmp"": false, ""macro_density"": 0.0, ""macro_generated_declaration"": false, ""macro_use"": false, ""malloc"": false, ""memcpy"": false, ""memmove"": false, ""memset"": false, ""mutable_global"": false, ""parameter_count"": 0, ""platform_specific"": false, ""pointer_arithmetic"": false, ""pointer_count"": 0, ""pointer_to_pointer"": false, ""raw_pointer_parameter"": false, ""raw_pointer_return"": false, ""realloc"": false, ""setjmp"": false, ""static_local"": false, ""syscall"": false, ""third_party"": false, ""union"": false, ""va_list"": false, ""variadic"": false, ""void_pointer"": false}",TRIVIAL,no_significant_detected_blocker,"[""conditional_compilation""]",medium
2,ecal-core,652e92f7cda2ab1f2d0056cb296b66c7a30c8fa8,ecal/core/src/config/configuration_to_yaml.h,148,153,struct,convert,6,"{""bitfield"": false, ""branch_complexity_proxy"": 0, ""c_array"": false, ""call_count"": 2, ""callback"": false, ""calloc"": false, ""conditional_compilation"": true, ""explicit_abi_boundary"": false, ""extern_declaration"": false, ""extern_or_abi_boundary"": false, ""flexible_array"": false, ""free"": false, ""function_pointer"": false, ""generated_source"": false, ""global_read"": false, ""global_write"": false, ""goto"": false, ""lexical_ambiguity"": false, ""longjmp"": false, ""macro_density"": 0.0, ""macro_generated_declaration"": false, ""macro_use"": false, ""malloc"": false, ""memcpy"": false, ""memmove"": false, ""memset"": false, ""mutable_global"": false, ""parameter_count"": 0, ""platform_specific"": false, ""pointer_arithmetic"": false, ""pointer_count"": 0, ""pointer_to_pointer"": false, ""raw_pointer_parameter"": false, ""raw_pointer_return"": false, ""realloc"": false, ""setjmp"": false, ""static_local"": false, ""syscall"": false, ""third_party"": false, ""union"": false, ""va_list"": false, ""variadic"": false, ""void_pointer"": false}",TRIVIAL,no_significant_detected_blocker,"[""conditional_compilation""]",medium
2,ecal-core,652e92f7cda2ab1f2d0056cb296b66c7a30c8fa8,ecal/core/src/config/configuration_to_yaml.h,156,161,struct,convert,6,"{""bitfield"": false, ""branch_complexity_proxy"": 0, ""c_array"": false, ""call_count"": 2, ""callback"": false, ""calloc"": false, ""conditional_compilation"": true, ""explicit_abi_boundary"": false, ""extern_declaration"": false, ""extern_or_abi_boundary"": false, ""flexible_array"": false, ""free"": false, ""function_pointer"": false, ""generated_source"": false, ""global_read"": false, ""global_write"": false, ""goto"": false, ""lexical_ambiguity"": false, ""longjmp"": false, ""macro_density"": 0.0, ""macro_generated_declaration"": false, ""macro_use"": false, ""malloc"": false, ""memcpy"": false, ""memmove"": false, ""memset"": false, ""mutable_global"": false, ""parameter_count"": 0, ""platform_specific"": false, ""pointer_arithmetic"": false, ""pointer_count"": 0, ""pointer_to_pointer"": false, ""raw_pointer_parameter"": false, ""raw_pointer_return"": false, ""realloc"": false, ""setjmp"": false, ""static_local"": false, ""syscall"": false, ""third_party"": false, ""union"": false, ""va_list"": false, ""variadic"": false, ""void_pointer"": false}",TRIVIAL,no_significant_detected_blocker,"[""conditional_compilation""]",medium
2,ecal-core,652e92f7cda2ab1f2d0056cb296b66c7a30c8fa8,ecal/core/src/config/configuration_to_yaml.h,164,169,struct,convert,6,"{""bitfield"": false, ""branch_complexity_proxy"": 0, ""c_array"": false, ""call_count"": 2, ""callback"": false, ""calloc"": false, ""conditional_compilation"": true, ""explicit_abi_boundary"": false, ""extern_declaration"": false, ""extern_or_abi_boundary"": false, ""flexible_array"": false, ""free"": false, ""function_pointer"": false, ""generated_source"": false, ""global_read"": false, ""global_write"": false, ""goto"": false, ""lexical_ambiguity"": false, ""longjmp"": false, ""macro_density"": 0.0, ""macro_generated_declaration"": false, ""macro_use"": false, ""malloc"": false, ""memcpy"": false, ""memmove"": false, ""memset"": false, ""mutable_global"": false, ""parameter_count"": 0, ""platform_specific"": false, ""pointer_arithmetic"": false, ""pointer_count"": 0, ""pointer_to_pointer"": false, ""raw_pointer_parameter"": false, ""raw_pointer_return"": false, ""realloc"": false, ""setjmp"": false, ""static_local"": false, ""syscall"": false, ""third_party"": false, ""union"": false, ""va_list"": false, ""variadic"": false, ""void_pointer"": false}",TRIVIAL,no_significant_detected_blocker,"[""conditional_compilation""]",medium
2,ecal-core,652e92f7cda2ab1f2d0056cb296b66c7a30c8fa8,ecal/core/src/config/configuration_to_yaml.h,172,177,struct,convert,6,"{""bitfield"": false, ""branch_complexity_proxy"": 0, ""c_array"": false, ""call_count"": 2, ""callback"": false, ""calloc"": false, ""conditional_compilation"": true, ""explicit_abi_boundary"": false, ""extern_declaration"": false, ""extern_or_abi_boundary"": false, ""flexible_array"": false, ""free"": false, ""function_pointer"": false, ""generated_source"": false, ""global_read"": false, ""global_write"": false, ""goto"": false, ""lexical_ambiguity"": false, ""longjmp"": false, ""macro_density"": 0.0, ""macro_generated_declaration"": false, ""macro_use"": false, ""malloc"": false, ""memcpy"": false, ""memmove"": false, ""memset"": false, ""mutable_global"": false, ""parameter_count"": 0, ""platform_specific"": false, ""pointer_arithmetic"": false, ""pointer_count"": 0, ""pointer_to_pointer"": false, ""raw_pointer_parameter"": false, ""raw_pointer_return"": false, ""realloc"": false, ""setjmp"": false, ""static_local"": false, ""syscall"": false, ""third_party"": false, ""union"": false, ""va_list"": false, ""variadic"": false, ""void_pointer"": false}",TRIVIAL,no_significant_detected_blocker,"[""conditional_compilation""]",medium
2,ecal-core,652e92f7cda2ab1f2d0056cb296b66c7a30c8fa8,ecal/core/src/config/configuration_to_yaml.h,180,185,struct,convert,6,"{""bitfield"": false, ""branch_complexity_proxy"": 0, ""c_array"": false, ""call_count"": 2, ""callback"": false, ""calloc"": false, ""conditional_compilation"": true, ""explicit_abi_boundary"": false, ""extern_declaration"": false, ""extern_or_abi_boundary"": false, ""flexible_array"": false, ""free"": false, ""function_pointer"": false, ""generated_source"": false, ""global_read"": false, ""global_write"": false, ""goto"": false, ""lexical_ambiguity"": false, ""longjmp"": false, ""macro_density"": 0.0, ""macro_generated_declaration"": false, ""macro_use"": false, ""malloc"": false, ""memcpy"": false, ""memmove"": false, ""memset"": false, ""mutable_global"": false, ""parameter_count"": 0, ""platform_specific"": false, ""pointer_arithmetic"": false, ""pointer_count"": 0, ""pointer_to_pointer"": false, ""raw_pointer_parameter"": false, ""raw_pointer_return"": false, ""realloc"": false, ""setjmp"": false, ""static_local"": false, ""syscall"": false, ""third_party"": false, ""union"": false, ""va_list"": false, ""variadic"": false, ""void_pointer"": false}",TRIVIAL,no_significant_detected_blocker,"[""conditional_compilation""]",medium
2,ecal-core,652e92f7cda2ab1f2d0056cb296b66c7a30c8fa8,ecal/core/src/config/configuration_to_yaml.h,195,200,struct,convert,6,"{""bitfield"": false, ""branch_complexity_proxy"": 0, ""c_array"": false, ""call_count"": 2, ""callback"": false, ""calloc"": false, ""conditional_compilation"": true, ""explicit_abi_boundary"": false, ""extern_declaration"": false, ""extern_or_abi_boundary"": false, ""flexible_array"": false, ""free"": false, ""function_pointer"": false, ""generated_source"": false, ""global_read"": false, ""global_write"": false, ""goto"": false, ""lexical_ambiguity"": false, ""longjmp"": false, ""macro_density"": 0.0, ""macro_generated_declaration"": false, ""macro_use"": false, ""malloc"": false, ""memcpy"": false, ""memmove"": false, ""memset"": false, ""mutable_global"": false, ""parameter_count"": 0, ""platform_specific"": false, ""pointer_arithmetic"": false, ""pointer_count"": 0, ""pointer_to_pointer"": false, ""raw_pointer_parameter"": false, ""raw_pointer_return"": false, ""realloc"": false, ""setjmp"": false, ""static_local"": false, ""syscall"": false, ""third_party"": false, ""union"": false, ""va_list"": false, ""variadic"": false, ""void_pointer"": false}",TRIVIAL,no_significant_detected_blocker,"[""conditional_compilation""]",medium
2,ecal-core,652e92f7cda2ab1f2d0056cb296b66c7a30c8fa8,ecal/core/src/config/configuration_to_yaml.h,203,208,struct,convert,6,"{""bitfield"": false, ""branch_complexity_proxy"": 0, ""c_array"": false, ""call_count"": 2, ""callback"": false, ""calloc"": false, ""conditional_compilation"": true, ""explicit_abi_boundary"": false, ""extern_declaration"": false, ""extern_or_abi_boundary"": false, ""flexible_array"": false, ""free"": false, ""function_pointer"": false, ""generated_source"": false, ""global_read"": false, ""global_write"": false, ""goto"": false, ""lexical_ambiguity"": false, ""longjmp"": false, ""macro_density"": 0.0, ""macro_generated_declaration"": false, ""macro_use"": false, ""malloc"": false, ""memcpy"": false, ""memmove"": false, ""memset"": false, ""mutable_global"": false, ""parameter_count"": 0, ""platform_specific"": false, ""pointer_arithmetic"": false, ""pointer_count"": 0, ""pointer_to_pointer"": false, ""raw_pointer_parameter"": false, ""raw_pointer_return"": false, ""realloc"": false, ""setjmp"": false, ""static_local"": false, ""syscall"": false, ""third_party"": false, ""union"": false, ""va_list"": false, ""variadic"": false, ""void_pointer"": false}",TRIVIAL,no_significant_detected_blocker,"[""conditional_compilation""]",medium
2,ecal-core,652e92f7cda2ab1f2d0056cb296b66c7a30c8fa8,ecal/core/src/config/configuration_to_yaml.h,211,216,struct,convert,6,"{""bitfield"": false, ""branch_complexity_proxy"": 0, ""c_array"": false, ""call_count"": 2, ""callback"": false, ""calloc"": false, ""conditional_compilation"": true, ""explicit_abi_boundary"": false, ""extern_declaration"": false, ""extern_or_abi_boundary"": false, ""flexible_array"": false, ""free"": false, ""function_pointer"": false, ""generated_source"": false, ""global_read"": false, ""global_write"": false, ""goto"": false, ""lexical_ambiguity"": false, ""longjmp"": false, ""macro_density"": 0.0, ""macro_generated_declaration"": false, ""macro_use"": false, ""malloc"": false, ""memcpy"": false, ""memmove"": false, ""memset"": false, ""mutable_global"": false, ""parameter_count"": 0, ""platform_specific"": false, ""pointer_arithmetic"": false, ""pointer_count"": 0, ""pointer_to_pointer"": false, ""raw_pointer_parameter"": false, ""raw_pointer_return"": false, ""realloc"": false, ""setjmp"": false, ""static_local"": false, ""syscall"": false, ""third_party"": false, ""union"": false, ""va_list"": false, ""variadic"": false, ""void_pointer"": false}",TRIVIAL,no_significant_detected_blocker,"[""conditional_compilation""]",medium
2,ecal-core,652e92f7cda2ab1f2d0056cb296b66c7a30c8fa8,ecal/core/src/config/configuration_to_yaml.h,219,224,struct,convert,6,"{""bitfield"": false, ""branch_complexity_proxy"": 0, ""c_array"": false, ""call_count"": 2, ""callback"": false, ""calloc"": false, ""conditional_compilation"": true, ""explicit_abi_boundary"": false, ""extern_declaration"": false, ""extern_or_abi_boundary"": false, ""flexible_array"": false, ""free"": false, ""function_pointer"": false, ""generated_source"": false, ""global_read"": false, ""global_write"": false, ""goto"": false, ""lexical_ambiguity"": false, ""longjmp"": false, ""macro_density"": 0.0, ""macro_generated_declaration"": false, ""macro_use"": false, ""malloc"": false, ""memcpy"": false, ""memmove"": false, ""memset"": false, ""mutable_global"": false, ""parameter_count"": 0, ""platform_specific"": false, ""pointer_arithmetic"": false, ""pointer_count"": 0, ""pointer_to_pointer"": false, ""raw_pointer_parameter"": false, ""raw_pointer_return"": false, ""realloc"": false, ""setjmp"": false, ""static_local"": false, ""syscall"": false, ""third_party"": false, ""union"": false, ""va_list"": false, ""variadic"": false, ""void_pointer"": false}",TRIVIAL,no_significant_detected_blocker,"[""conditional_compilation""]",medium
2,ecal-core,652e92f7cda2ab1f2d0056cb296b66c7a30c8fa8,ecal/core/src/config/configuration_to_yaml.h,227,232,struct,convert,6,"{""bitfield"": false, ""branch_complexity_proxy"": 0, ""c_array"": false, ""call_count"": 2, ""callback"": false, ""calloc"": false, ""conditional_compilation"": true, ""explicit_abi_boundary"": false, ""extern_declaration"": false, ""extern_or_abi_boundary"": false, ""flexible_array"": false, ""free"": false, ""function_pointer"": false, ""generated_source"": false, ""global_read"": false, ""global_write"": false, ""goto"": false, ""lexical_ambiguity"": false, ""longjmp"": false, ""macro_density"": 0.0, ""macro_generated_declaration"": false, ""macro_use"": false, ""malloc"": false, ""memcpy"": false, ""memmove"": false, ""memset"": false, ""mutable_global"": false, ""parameter_count"": 0, ""platform_specific"": false, ""pointer_arithmetic"": false, ""pointer_count"": 0, ""pointer_to_pointer"": false, ""raw_pointer_parameter"": false, ""raw_pointer_return"": false, ""realloc"": false, ""setjmp"": false, ""static_local"": false, ""syscall"": false, ""third_party"": false, ""union"": false, ""va_list"": false, ""variadic"": false, ""void_pointer"": false}",TRIVIAL,no_significant_detected_blocker,"[""conditional_compilation""]",medium
2,ecal-core,652e92f7cda2ab1f2d0056cb296b66c7a30c8fa8,ecal/core/src/config/configuration_to_yaml.h,242,247,struct,convert,6,"{""bitfield"": false, ""branch_complexity_proxy"": 0, ""c_array"": false, ""call_count"": 2, ""callback"": false, ""calloc"": false, ""conditional_compilation"": true, ""explicit_abi_boundary"": false, ""extern_declaration"": false, ""extern_or_abi_boundary"": false, ""flexible_array"": false, ""free"": false, ""function_pointer"": false, ""generated_source"": false, ""global_read"": false, ""global_write"": false, ""goto"": false, ""lexical_ambiguity"": false, ""longjmp"": false, ""macro_density"": 0.0, ""macro_generated_declaration"": false, ""macro_use"": false, ""malloc"": false, ""memcpy"": false, ""memmove"": false, ""memset"": false, ""mutable_global"": false, ""parameter_count"": 0, ""platform_specific"": false, ""pointer_arithmetic"": false, ""pointer_count"": 0, ""pointer_to_pointer"": false, ""raw_pointer_parameter"": false, ""raw_pointer_return"": false, ""realloc"": false, ""setjmp"": false, ""static_local"": false, ""syscall"": false, ""third_party"": false, ""union"": false, ""va_list"": false, ""variadic"": false, ""void_pointer"": false}",TRIVIAL,no_significant_detected_blocker,"[""conditional_compilation""]",medium
2,ecal-core,652e92f7cda2ab1f2d0056cb296b66c7a30c8fa8,ecal/core/src/config/configuration_to_yaml.h,258,263,struct,convert,6,"{""bitfield"": false, ""branch_complexity_proxy"": 0, ""c_array"": false, ""call_count"": 2, ""callback"": false, ""calloc"": false, ""conditional_compilation"": true, ""explicit_abi_boundary"": false, ""extern_declaration"": false, ""extern_or_abi_boundary"": false, ""flexible_array"": false, ""free"": false, ""function_pointer"": false, ""generated_source"": false, ""global_read"": false, ""global_write"": false, ""goto"": false, ""lexical_ambiguity"": false, ""longjmp"": false, ""macro_density"": 0.0, ""macro_generated_declaration"": false, ""macro_use"": false, ""malloc"": false, ""memcpy"": false, ""memmove"": false, ""memset"": false, ""mutable_global"": false, ""parameter_count"": 0, ""platform_specific"": false, ""pointer_arithmetic"": false, ""pointer_count"": 0, ""pointer_to_pointer"": false, ""raw_pointer_parameter"": false, ""raw_pointer_return"": false, ""realloc"": false, ""setjmp"": false, ""static_local"": false, ""syscall"": false, ""third_party"": false, ""union"": false, ""va_list"": false, ""variadic"": false, ""void_pointer"": false}",TRIVIAL,no_significant_detected_blocker,"[""conditional_compilation""]",medium
2,ecal-core,652e92f7cda2ab1f2d0056cb296b66c7a30c8fa8,ecal/core/src/config/configuration_to_yaml.h,266,271,struct,convert,6,"{""bitfield"": false, ""branch_complexity_proxy"": 0, ""c_array"": false, ""call_count"": 2, ""callback"": false, ""calloc"": false, ""conditional_compilation"": true, ""explicit_abi_boundary"": false, ""extern_declaration"": false, ""extern_or_abi_boundary"": false, ""flexible_array"": false, ""free"": false, ""function_pointer"": false, ""generated_source"": false, ""global_read"": false, ""global_write"": false, ""goto"": false, ""lexical_ambiguity"": false, ""longjmp"": false, ""macro_density"": 0.0, ""macro_generated_declaration"": false, ""macro_use"": false, ""malloc"": false, ""memcpy"": false, ""memmove"": false, ""memset"": false, ""mutable_global"": false, ""parameter_count"": 0, ""platform_specific"": false, ""pointer_arithmetic"": false, ""pointer_count"": 0, ""pointer_to_pointer"": false, ""raw_pointer_parameter"": false, ""raw_pointer_return"": false, ""realloc"": false, ""setjmp"": false, ""static_local"": false, ""syscall"": false, ""third_party"": false, ""union"": false, ""va_list"": false, ""variadic"": false, ""void_pointer"": false}",TRIVIAL,no_significant_detected_blocker,"[""conditional_compilation""]",medium
2,ecal-core,652e92f7cda2ab1f2d0056cb296b66c7a30c8fa8,ecal/core/src/config/configuration_to_yaml.h,275,280,struct,convert,6,"{""bitfield"": false, ""branch_complexity_proxy"": 0, ""c_array"": false, ""call_count"": 2, ""callback"": false, ""calloc"": false, ""conditional_compilation"": true, ""explicit_abi_boundary"": false, ""extern_declaration"": false, ""extern_or_abi_boundary"": false, ""flexible_array"": false, ""free"": false, ""function_pointer"": false, ""generated_source"": false, ""global_read"": false, ""global_write"": false, ""goto"": false, ""lexical_ambiguity"": false, ""longjmp"": false, ""macro_density"": 0.0, ""macro_generated_declaration"": false, ""macro_use"": false, ""malloc"": false, ""memcpy"": false, ""memmove"": false, ""memset"": false, ""mutable_global"": false, ""parameter_count"": 0, ""platform_specific"": false, ""pointer_arithmetic"": false, ""pointer_count"": 0, ""pointer_to_pointer"": false, ""raw_pointer_parameter"": false, ""raw_pointer_return"": false, ""realloc"": false, ""setjmp"": false, ""static_local"": false, ""syscall"": false, ""third_party"": false, ""union"": false, ""va_list"": false, ""variadic"": false, ""void_pointer"": false}",TRIVIAL,no_significant_detected_blocker,"[""conditional_compilation""]",medium
2,ecal-core,652e92f7cda2ab1f2d0056cb296b66c7a30c8fa8,ecal/core/src/config/configuration_to_yaml.h,290,295,struct,convert,6,"{""bitfield"": false, ""branch_complexity_proxy"": 0, ""c_array"": false, ""call_count"": 2, ""callback"": false, ""calloc"": false, ""conditional_compilation"": true, ""explicit_abi_boundary"": false, ""extern_declaration"": false, ""extern_or_abi_boundary"": false, ""flexible_array"": false, ""free"": false, ""function_pointer"": false, ""generated_source"": false, ""global_read"": false, ""global_write"": false, ""goto"": false, ""lexical_ambiguity"": false, ""longjmp"": false, ""macro_density"": 0.0, ""macro_generated_declaration"": false, ""macro_use"": false, ""malloc"": false, ""memcpy"": false, ""memmove"": false, ""memset"": false, ""mutable_global"": false, ""parameter_count"": 0, ""platform_specific"": false, ""pointer_arithmetic"": false, ""pointer_count"": 0, ""pointer_to_pointer"": false, ""raw_pointer_parameter"": false, ""raw_pointer_return"": false, ""realloc"": false, ""setjmp"": false, ""static_local"": false, ""syscall"": false, ""third_party"": false, ""union"": false, ""va_list"": false, ""variadic"": false, ""void_pointer"": false}",TRIVIAL,no_significant_detected_blocker,"[""conditional_compilation""]",medium
2,ecal-core,652e92f7cda2ab1f2d0056cb296b66c7a30c8fa8,ecal/core/src/config/configuration_to_yaml.h,298,303,struct,convert,6,"{""bitfield"": false, ""branch_complexity_proxy"": 0, ""c_array"": false, ""call_count"": 2, ""callback"": false, ""calloc"": false, ""conditional_compilation"": true, ""explicit_abi_boundary"": false, ""extern_declaration"": false, ""extern_or_abi_boundary"": false, ""flexible_array"": false, ""free"": false, ""function_pointer"": false, ""generated_source"": false, ""global_read"": false, ""global_write"": false, ""goto"": false, ""lexical_ambiguity"": false, ""longjmp"": false, ""macro_density"": 0.0, ""macro_generated_declaration"": false, ""macro_use"": false, ""malloc"": false, ""memcpy"": false, ""memmove"": false, ""memset"": false, ""mutable_global"": false, ""parameter_count"": 0, ""platform_specific"": false, ""pointer_arithmetic"": false, ""pointer_count"": 0, ""pointer_to_pointer"": false, ""raw_pointer_parameter"": false, ""raw_pointer_return"": false, ""realloc"": false, ""setjmp"": false, ""static_local"": false, ""syscall"": false, ""third_party"": false, ""union"": false, ""va_list"": false, ""variadic"": false, ""void_pointer"": false}",TRIVIAL,no_significant_detected_blocker,"[""conditional_compilation""]",medium
2,ecal-core,652e92f7cda2ab1f2d0056cb296b66c7a30c8fa8,ecal/core/src/config/configuration_to_yaml.h,306,311,struct,convert,6,"{""bitfield"": false, ""branch_complexity_proxy"": 0, ""c_array"": false, ""call_count"": 2, ""callback"": false, ""calloc"": false, ""conditional_compilation"": true, ""explicit_abi_boundary"": false, ""extern_declaration"": false, ""extern_or_abi_boundary"": false, ""flexible_array"": false, ""free"": false, ""function_pointer"": false, ""generated_source"": false, ""global_read"": false, ""global_write"": false, ""goto"": false, ""lexical_ambiguity"": false, ""longjmp"": false, ""macro_density"": 0.0, ""macro_generated_declaration"": false, ""macro_use"": false, ""malloc"": false, ""memcpy"": false, ""memmove"": false, ""memset"": false, ""mutable_global"": false, ""parameter_count"": 0, ""platform_specific"": false, ""pointer_arithmetic"": false, ""pointer_count"": 0, ""pointer_to_pointer"": false, ""raw_pointer_parameter"": false, ""raw_pointer_return"": false, ""realloc"": false, ""setjmp"": false, ""static_local"": false, ""syscall"": false, ""third_party"": false, ""union"": false, ""va_list"": false, ""variadic"": false, ""void_pointer"": false}",TRIVIAL,no_significant_detected_blocker,"[""conditional_compilation""]",medium
2,ecal-core,652e92f7cda2ab1f2d0056cb296b66c7a30c8fa8,ecal/core/src/config/configuration_to_yaml.h,314,319,struct,convert,6,"{""bitfield"": false, ""branch_complexity_proxy"": 0, ""c_array"": false, ""call_count"": 2, ""callback"": false, ""calloc"": false, ""conditional_compilation"": true, ""explicit_abi_boundary"": false, ""extern_declaration"": false, ""extern_or_abi_boundary"": false, ""flexible_array"": false, ""free"": false, ""function_pointer"": false, ""generated_source"": false, ""global_read"": false, ""global_write"": false, ""goto"": false, ""lexical_ambiguity"": false, ""longjmp"": false, ""macro_density"": 0.0, ""macro_generated_declaration"": false, ""macro_use"": false, ""malloc"": false, ""memcpy"": false, ""memmove"": false, ""memset"": false, ""mutable_global"": false, ""parameter_count"": 0, ""platform_specific"": false, ""pointer_arithmetic"": false, ""pointer_count"": 0, ""pointer_to_pointer"": false, ""raw_pointer_parameter"": false, ""raw_pointer_return"": false, ""realloc"": false, ""setjmp"": false, ""static_local"": false, ""syscall"": false, ""third_party"": false, ""union"": false, ""va_list"": false, ""variadic"": false, ""void_pointer"": false}",TRIVIAL,no_significant_detected_blocker,"[""conditional_compilation""]",medium
2,ecal-core,652e92f7cda2ab1f2d0056cb296b66c7a30c8fa8,ecal/core/src/config/configuration_to_yaml.h,322,327,struct,convert,6,"{""bitfield"": false, ""branch_complexity_proxy"": 0, ""c_array"": false, ""call_count"": 2, ""callback"": false, ""calloc"": false, ""conditional_compilation"": true, ""explicit_abi_boundary"": false, ""extern_declaration"": false, ""extern_or_abi_boundary"": false, ""flexible_array"": false, ""free"": false, ""function_pointer"": false, ""generated_source"": false, ""global_read"": false, ""global_write"": false, ""goto"": false, ""lexical_ambiguity"": false, ""longjmp"": false, ""macro_density"": 0.0, ""macro_generated_declaration"": false, ""macro_use"": false, ""malloc"": false, ""memcpy"": false, ""memmove"": false, ""memset"": false, ""mutable_global"": false, ""parameter_count"": 0, ""platform_specific"": false, ""pointer_arithmetic"": false, ""pointer_count"": 0, ""pointer_to_pointer"": false, ""raw_pointer_parameter"": false, ""raw_pointer_return"": false, ""realloc"": false, ""setjmp"": false, ""static_local"": false, ""syscall"": false, ""third_party"": false, ""union"": false, ""va_list"": false, ""variadic"": false, ""void_pointer"": false}",TRIVIAL,no_significant_detected_blocker,"[""conditional_compilation""]",medium
2,ecal-core,652e92f7cda2ab1f2d0056cb296b66c7a30c8fa8,ecal/core/src/config/configuration_to_yaml.h,330,335,struct,convert,6,"{""bitfield"": false, ""branch_complexity_proxy"": 0, ""c_array"": false, ""call_count"": 2, ""callback"": false, ""calloc"": false, ""conditional_compilation"": true, ""explicit_abi_boundary"": false, ""extern_declaration"": false, ""extern_or_abi_boundary"": false, ""flexible_array"": false, ""free"": false, ""function_pointer"": false, ""generated_source"": false, ""global_read"": false, ""global_write"": false, ""goto"": false, ""lexical_ambiguity"": false, ""longjmp"": false, ""macro_density"": 0.0, ""macro_generated_declaration"": false, ""macro_use"": false, ""malloc"": false, ""memcpy"": false, ""memmove"": false, ""memset"": false, ""mutable_global"": false, ""parameter_count"": 0, ""platform_specific"": false, ""pointer_arithmetic"": false, ""pointer_count"": 0, ""pointer_to_pointer"": false, ""raw_pointer_parameter"": false, ""raw_pointer_return"": false, ""realloc"": false, ""setjmp"": false, ""static_local"": false, ""syscall"": false, ""third_party"": false, ""union"": false, ""va_list"": false, ""variadic"": false, ""void_pointer"": false}",TRIVIAL,no_significant_detected_blocker,"[""conditional_compilation""]",medium
2,ecal-core,652e92f7cda2ab1f2d0056cb296b66c7a30c8fa8,ecal/core/src/config/configuration_to_yaml.h,338,343,struct,convert,6,"{""bitfield"": false, ""branch_complexity_proxy"": 0, ""c_array"": false, ""call_count"": 2, ""callback"": false, ""calloc"": false, ""conditional_compilation"": true, ""explicit_abi_boundary"": false, ""extern_declaration"": false, ""extern_or_abi_boundary"": false, ""flexible_array"": false, ""free"": false, ""function_pointer"": false, ""generated_source"": false, ""global_read"": false, ""global_write"": false, ""goto"": false, ""lexical_ambiguity"": false, ""longjmp"": false, ""macro_density"": 0.0, ""macro_generated_declaration"": false, ""macro_use"": false, ""malloc"": false, ""memcpy"": false, ""memmove"": false, ""memset"": false, ""mutable_global"": false, ""parameter_count"": 0, ""platform_specific"": false, ""pointer_arithmetic"": false, ""pointer_count"": 0, ""pointer_to_pointer"": false, ""raw_pointer_parameter"": false, ""raw_pointer_return"": false, ""realloc"": false, ""setjmp"": false, ""static_local"": false, ""syscall"": false, ""third_party"": false, ""union"": false, ""va_list"": false, ""variadic"": false, ""void_pointer"": false}",TRIVIAL,no_significant_detected_blocker,"[""conditional_compilation""]",medium
2,ecal-core,652e92f7cda2ab1f2d0056cb296b66c7a30c8fa8,ecal/core/src/config/configuration_to_yaml.h,354,359,struct,convert,6,"{""bitfield"": false, ""branch_complexity_proxy"": 0, ""c_array"": false, ""call_count"": 2, ""callback"": false, ""calloc"": false, ""conditional_compilation"": true, ""explicit_abi_boundary"": false, ""extern_declaration"": false, ""extern_or_abi_boundary"": false, ""flexible_array"": false, ""free"": false, ""function_pointer"": false, ""generated_source"": false, ""global_read"": false, ""global_write"": false, ""goto"": false, ""lexical_ambiguity"": false, ""longjmp"": false, ""macro_density"": 0.0, ""macro_generated_declaration"": false, ""macro_use"": false, ""malloc"": false, ""memcpy"": false, ""memmove"": false, ""memset"": false, ""mutable_global"": false, ""parameter_count"": 0, ""platform_specific"": false, ""pointer_arithmetic"": false, ""pointer_count"": 0, ""pointer_to_pointer"": false, ""raw_pointer_parameter"": false, ""raw_pointer_return"": false, ""realloc"": false, ""setjmp"": false, ""static_local"": false, ""syscall"": false, ""third_party"": false, ""union"": false, ""va_list"": false, ""variadic"": false, ""void_pointer"": false}",TRIVIAL,no_significant_detected_blocker,"[""conditional_compilation""]",medium
2,ecal-core,652e92f7cda2ab1f2d0056cb296b66c7a30c8fa8,ecal/core/src/config/configuration_writer.cpp,35,46,function,dumpToFile,12,"{""bitfield"": false, ""branch_complexity_proxy"": 1, ""c_array"": false, ""call_count"": 6, ""callback"": false, ""calloc"": false, ""conditional_compilation"": false, ""explicit_abi_boundary"": false, ""extern_declaration"": false, ""extern_or_abi_boundary"": false, ""flexible_array"": false, ""free"": false, ""function_pointer"": false, ""generated_source"": false, ""global_read"": false, ""global_write"": false, ""goto"": false, ""lexical_ambiguity"": false, ""longjmp"": false, ""macro_density"": 0.0, ""macro_generated_declaration"": false, ""macro_use"": false, ""malloc"": false, ""memcpy"": false, ""memmove"": false, ""memset"": false, ""mutable_global"": false, ""parameter_count"": 2, ""platform_specific"": false, ""pointer_arithmetic"": false, ""pointer_count"": 0, ""pointer_to_pointer"": false, ""raw_pointer_parameter"": false, ""raw_pointer_return"": false, ""realloc"": false, ""setjmp"": false, ""static_local"": false, ""syscall"": true, ""third_party"": false, ""union"": false, ""va_list"": false, ""variadic"": false, ""void_pointer"": false}",TRIVIAL,no_significant_detected_blocker,"[""syscall""]",medium
2,ecal-core,652e92f7cda2ab1f2d0056cb296b66c7a30c8fa8,ecal/core/src/config/configuration_writer.cpp,48,53,function,dumpConfigToFile,6,"{""bitfield"": false, ""branch_complexity_proxy"": 0, ""c_array"": false, ""call_count"": 3, ""callback"": false, ""calloc"": false, ""conditional_compilation"": false, ""explicit_abi_boundary"": false, ""extern_declaration"": false, ""extern_or_abi_boundary"": false, ""flexible_array"": false, ""free"": false, ""function_pointer"": false, ""generated_source"": false, ""global_read"": false, ""global_write"": false, ""goto"": false, ""lexical_ambiguity"": false, ""longjmp"": false, ""macro_density"": 0.0, ""macro_generated_declaration"": false, ""macro_use"": false, ""malloc"": false, ""memcpy"": false, ""memmove"": false, ""memset"": false, ""mutable_global"": false, ""parameter_count"": 2, ""platform_specific"": false, ""pointer_arithmetic"": false, ""pointer_count"": 0, ""pointer_to_pointer"": false, ""raw_pointer_parameter"": false, ""raw_pointer_return"": false, ""realloc"": false, ""setjmp"": false, ""static_local"": false, ""syscall"": false, ""third_party"": false, ""union"": false, ""va_list"": false, ""variadic"": false, ""void_pointer"": false}",TRIVIAL,no_significant_detected_blocker,[],medium
2,ecal-core,652e92f7cda2ab1f2d0056cb296b66c7a30c8fa8,ecal/core/src/config/configuration_writer.cpp,55,63,function,dumpDefaultConfig,9,"{""bitfield"": false, ""branch_complexity_proxy"": 0, ""c_array"": false, ""call_count"": 5, ""callback"": false, ""calloc"": false, ""conditional_compilation"": false, ""explicit_abi_boundary"": false, ""extern_declaration"": false, ""extern_or_abi_boundary"": false, ""flexible_array"": false, ""free"": false, ""function_pointer"": false, ""generated_source"": false, ""global_read"": false, ""global_write"": false, ""goto"": false, ""lexical_ambiguity"": false, ""longjmp"": false, ""macro_density"": 0.0, ""macro_generated_declaration"": false, ""macro_use"": false, ""malloc"": false, ""memcpy"": false, ""memmove"": false, ""memset"": false, ""mutable_global"": false, ""parameter_count"": 1, ""platform_specific"": false, ""pointer_arithmetic"": false, ""pointer_count"": 0, ""pointer_to_pointer"": false, ""raw_pointer_parameter"": false, ""raw_pointer_return"": false, ""realloc"": false, ""setjmp"": false, ""static_local"": false, ""syscall"": false, ""third_party"": false, ""union"": false, ""va_list"": false, ""variadic"": false, ""void_pointer"": false}",TRIVIAL,no_significant_detected_blocker,[],medium
2,ecal-core,652e92f7cda2ab1f2d0056cb296b66c7a30c8fa8,ecal/core/src/config/ecal_config.cpp,35,35,function,GetRegistrationTimeoutMs,1,"{""bitfield"": false, ""branch_complexity_proxy"": 0, ""c_array"": false, ""call_count"": 2, ""callback"": false, ""calloc"": false, ""conditional_compilation"": false, ""explicit_abi_boundary"": false, ""extern_declaration"": false, ""extern_or_abi_boundary"": false, ""flexible_array"": false, ""free"": false, ""function_pointer"": false, ""generated_source"": false, ""global_read"": false, ""global_write"": false, ""goto"": false, ""lexical_ambiguity"": false, ""longjmp"": false, ""macro_density"": 0.0, ""macro_generated_declaration"": false, ""macro_use"": false, ""malloc"": false, ""memcpy"": false, ""memmove"": false, ""memset"": false, ""mutable_global"": false, ""parameter_count"": 0, ""platform_specific"": false, ""pointer_arithmetic"": false, ""pointer_count"": 0, ""pointer_to_pointer"": false, ""raw_pointer_parameter"": false, ""raw_pointer_return"": false, ""realloc"": false, ""setjmp"": false, ""static_local"": false, ""syscall"": false, ""third_party"": false, ""union"": false, ""va_list"": false, ""variadic"": false, ""void_pointer"": false}",TRIVIAL,no_significant_detected_blocker,[],medium
2,ecal-core,652e92f7cda2ab1f2d0056cb296b66c7a30c8fa8,ecal/core/src/config/ecal_config.cpp,36,36,function,GetRegistrationRefreshMs,1,"{""bitfield"": false, ""branch_complexity_proxy"": 0, ""c_array"": false, ""call_count"": 2, ""callback"": false, ""calloc"": false, ""conditional_compilation"": false, ""explicit_abi_boundary"": false, ""extern_declaration"": false, ""extern_or_abi_boundary"": false, ""flexible_array"": false, ""free"": false, ""function_pointer"": false, ""generated_source"": false, ""global_read"": false, ""global_write"": false, ""goto"": false, ""lexical_ambiguity"": false, ""longjmp"": false, ""macro_density"": 0.0, ""macro_generated_declaration"": false, ""macro_use"": false, ""malloc"": false, ""memcpy"": false, ""memmove"": false, ""memset"": false, ""mutable_global"": false, ""parameter_count"": 0, ""platform_specific"": false, ""pointer_arithmetic"": false, ""pointer_count"": 0, ""pointer_to_pointer"": false, ""raw_pointer_parameter"": false, ""raw_pointer_return"": false, ""realloc"": false, ""setjmp"": false, ""static_local"": false, ""syscall"": false, ""third_party"": false, ""union"": false, ""va_list"": false, ""variadic"": false, ""void_pointer"": false}",TRIVIAL,no_significant_detected_blocker,[],medium
2,ecal-core,652e92f7cda2ab1f2d0056cb296b66c7a30c8fa8,ecal/core/src/config/ecal_config.cpp,42,42,function,IsNetworkEnabled,1,"{""bitfield"": false, ""branch_complexity_proxy"": 0, ""c_array"": false, ""call_count"": 2, ""callback"": false, ""calloc"": false, ""conditional_compilation"": false, ""explicit_abi_boundary"": false, ""extern_declaration"": false, ""extern_or_abi_boundary"": false, ""flexible_array"": false, ""free"": false, ""function_pointer"": false, ""generated_source"": false, ""global_read"": false, ""global_write"": false, ""goto"": false, ""lexical_ambiguity"": false, ""longjmp"": false, ""macro_density"": 0.0, ""macro_generated_declaration"": false, ""macro_use"": false, ""malloc"": false, ""memcpy"": false, ""memmove"": false, ""memset"": false, ""mutable_global"": false, ""parameter_count"": 0, ""platform_specific"": false, ""pointer_arithmetic"": false, ""pointer_count"": 0, ""pointer_to_pointer"": false, ""raw_pointer_parameter"": false, ""raw_pointer_return"": false, ""realloc"": false, ""setjmp"": false, ""static_local"": false, ""syscall"": false, ""third_party"": false, ""union"": false, ""va_list"": false, ""variadic"": false, ""void_pointer"": false}",TRIVIAL,no_significant_detected_blocker,[],medium
2,ecal-core,652e92f7cda2ab1f2d0056cb296b66c7a30c8fa8,ecal/core/src/config/ecal_config.cpp,43,43,function,IsShmRegistrationEnabled,1,"{""bitfield"": false, ""branch_complexity_proxy"": 0, ""c_array"": false, ""call_count"": 3, ""callback"": false, ""calloc"": false, ""conditional_compilation"": false, ""explicit_abi_boundary"": false, ""extern_declaration"": false, ""extern_or_abi_boundary"": false, ""flexible_array"": false, ""free"": false, ""function_pointer"": false, ""generated_source"": false, ""global_read"": false, ""global_write"": false, ""goto"": false, ""lexical_ambiguity"": false, ""longjmp"": false, ""macro_density"": 0.0, ""macro_generated_declaration"": false, ""macro_use"": false, ""malloc"": false, ""memcpy"": false, ""memmove"": false, ""memset"": false, ""mutable_global"": false, ""parameter_count"": 0, ""platform_specific"": false, ""pointer_arithmetic"": false, ""pointer_count"": 0, ""pointer_to_pointer"": false, ""raw_pointer_parameter"": false, ""raw_pointer_return"": false, ""realloc"": false, ""setjmp"": false, ""static_local"": false, ""syscall"": false, ""third_party"": false, ""union"": false, ""va_list"": false, ""variadic"": false, ""void_pointer"": false}",TRIVIAL,no_significant_detected_blocker,[],medium
2,ecal-core,652e92f7cda2ab1f2d0056cb296b66c7a30c8fa8,ecal/core/src/config/ecal_config.cpp,49,49,function,GetUdpMulticastPort,1,"{""bitfield"": false, ""branch_complexity_proxy"": 0, ""c_array"": false, ""call_count"": 2, ""callback"": false, ""calloc"": false, ""conditional_compilation"": false, ""explicit_abi_boundary"": false, ""extern_declaration"": false, ""extern_or_abi_boundary"": false, ""flexible_array"": false, ""free"": false, ""function_pointer"": false, ""generated_source"": false, ""global_read"": false, ""global_write"": false, ""goto"": false, ""lexical_ambiguity"": false, ""longjmp"": false, ""macro_density"": 0.0, ""macro_generated_declaration"": false, ""macro_use"": false, ""malloc"": false, ""memcpy"": false, ""memmove"": false, ""memset"": false, ""mutable_global"": false, ""parameter_count"": 0, ""platform_specific"": false, ""pointer_arithmetic"": false, ""pointer_count"": 0, ""pointer_to_pointer"": false, ""raw_pointer_parameter"": false, ""raw_pointer_return"": false, ""realloc"": false, ""setjmp"": false, ""static_local"": false, ""syscall"": false, ""third_party"": false, ""union"": false, ""va_list"": false, ""variadic"": false, ""void_pointer"": false}",TRIVIAL,no_significant_detected_blocker,[],medium
2,ecal-core,652e92f7cda2ab1f2d0056cb296b66c7a30c8fa8,ecal/core/src/config/ecal_config.cpp,50,50,function,GetUdpMulticastTtl,1,"{""bitfield"": false, ""branch_complexity_proxy"": 0, ""c_array"": false, ""call_count"": 2, ""callback"": false, ""calloc"": false, ""conditional_compilation"": false, ""explicit_abi_boundary"": false, ""extern_declaration"": false, ""extern_or_abi_boundary"": false, ""flexible_array"": false, ""free"": false, ""function_pointer"": false, ""generated_source"": false, ""global_read"": false, ""global_write"": false, ""goto"": false, ""lexical_ambiguity"": false, ""longjmp"": false, ""macro_density"": 0.0, ""macro_generated_declaration"": false, ""macro_use"": false, ""malloc"": false, ""memcpy"": false, ""memmove"": false, ""memset"": false, ""mutable_global"": false, ""parameter_count"": 0, ""platform_specific"": false, ""pointer_arithmetic"": false, ""pointer_count"": 0, ""pointer_to_pointer"": false, ""raw_pointer_parameter"": false, ""raw_pointer_return"": false, ""realloc"": false, ""setjmp"": false, ""static_local"": false, ""syscall"": false, ""third_party"": false, ""union"": false, ""va_list"": false, ""variadic"": false, ""void_pointer"": false}",TRIVIAL,no_significant_detected_blocker,[],medium
2,ecal-core,652e92f7cda2ab1f2d0056cb296b66c7a30c8fa8,ecal/core/src/config/ecal_config.cpp,52,52,function,GetUdpMulticastSndBufSizeBytes,1,"{""bitfield"": false, ""branch_complexity_proxy"": 0, ""c_array"": false, ""call_count"": 2, ""callback"": false, ""calloc"": false, ""conditional_compilation"": false, ""explicit_abi_boundary"": false, ""extern_declaration"": false, ""extern_or_abi_boundary"": false, ""flexible_array"": false, ""free"": false, ""function_pointer"": false, ""generated_source"": false, ""global_read"": false, ""global_write"": false, ""goto"": false, ""lexical_ambiguity"": false, ""longjmp"": false, ""macro_density"": 0.0, ""macro_generated_declaration"": false, ""macro_use"": false, ""malloc"": false, ""memcpy"": false, ""memmove"": false, ""memset"": false, ""mutable_global"": false, ""parameter_count"": 0, ""platform_specific"": false, ""pointer_arithmetic"": false, ""pointer_count"": 0, ""pointer_to_pointer"": false, ""raw_pointer_parameter"": false, ""raw_pointer_return"": false, ""realloc"": false, ""setjmp"": false, ""static_local"": false, ""syscall"": false, ""third_party"": false, ""union"": false, ""va_list"": false, ""variadic"": false, ""void_pointer"": false}",TRIVIAL,no_significant_detected_blocker,[],medium
2,ecal-core,652e92f7cda2ab1f2d0056cb296b66c7a30c8fa8,ecal/core/src/config/ecal_config.cpp,53,53,function,GetUdpMulticastRcvBufSizeBytes,1,"{""bitfield"": false, ""branch_complexity_proxy"": 0, ""c_array"": false, ""call_count"": 2, ""callback"": false, ""calloc"": false, ""conditional_compilation"": false, ""explicit_abi_boundary"": false, ""extern_declaration"": false, ""extern_or_abi_boundary"": false, ""flexible_array"": false, ""free"": false, ""function_pointer"": false, ""generated_source"": false, ""global_read"": false, ""global_write"": false, ""goto"": false, ""lexical_ambiguity"": false, ""longjmp"": false, ""macro_density"": 0.0, ""macro_generated_declaration"": false, ""macro_use"": false, ""malloc"": false, ""memcpy"": false, ""memmove"": false, ""memset"": false, ""mutable_global"": false, ""parameter_count"": 0, ""platform_specific"": false, ""pointer_arithmetic"": false, ""pointer_count"": 0, ""pointer_to_pointer"": false, ""raw_pointer_parameter"": false, ""raw_pointer_return"": false, ""realloc"": false, ""setjmp"": false, ""static_local"": false, ""syscall"": false, ""third_party"": false, ""union"": false, ""va_list"": false, ""variadic"": false, ""void_pointer"": false}",TRIVIAL,no_significant_detected_blocker,[],medium
2,ecal-core,652e92f7cda2ab1f2d0056cb296b66c7a30c8fa8,ecal/core/src/config/ecal_config.cpp,54,54,function,GetMaxUdpDatagramSizeBytes,1,"{""bitfield"": false, ""branch_complexity_proxy"": 0, ""c_array"": false, ""call_count"": 2, ""callback"": false, ""calloc"": false, ""conditional_compilation"": false, ""explicit_abi_boundary"": false, ""extern_declaration"": false, ""extern_or_abi_boundary"": false, ""flexible_array"": false, ""free"": false, ""function_pointer"": false, ""generated_source"": false, ""global_read"": false, ""global_write"": false, ""goto"": false, ""lexical_ambiguity"": false, ""longjmp"": false, ""macro_density"": 0.0, ""macro_generated_declaration"": false, ""macro_use"": false, ""malloc"": false, ""memcpy"": false, ""memmove"": false, ""memset"": false, ""mutable_global"": false, ""parameter_count"": 0, ""platform_specific"": false, ""pointer_arithmetic"": false, ""pointer_count"": 0, ""pointer_to_pointer"": false, ""raw_pointer_parameter"": false, ""raw_pointer_return"": false, ""realloc"": false, ""setjmp"": false, ""static_local"": false, ""syscall"": false, ""third_party"": false, ""union"": false, ""va_list"": false, ""variadic"": false, ""void_pointer"": false}",TRIVIAL,no_significant_detected_blocker,[],medium
2,ecal-core,652e92f7cda2ab1f2d0056cb296b66c7a30c8fa8,ecal/core/src/config/ecal_config.cpp,55,55,function,IsUdpMulticastJoinAllIfEnabled,1,"{""bitfield"": false, ""branch_complexity_proxy"": 0, ""c_array"": false, ""call_count"": 2, ""callback"": false, ""calloc"": false, ""conditional_compilation"": false, ""explicit_abi_boundary"": false, ""extern_declaration"": false, ""extern_or_abi_boundary"": false, ""flexible_array"": false, ""free"": false, ""function_pointer"": false, ""generated_source"": false, ""global_read"": false, ""global_write"": false, ""goto"": false, ""lexical_ambiguity"": false, ""longjmp"": false, ""macro_density"": 0.0, ""macro_generated_declaration"": false, ""macro_use"": false, ""malloc"": false, ""memcpy"": false, ""memmove"": false, ""memset"": false, ""mutable_global"": false, ""parameter_count"": 0, ""platform_specific"": false, ""pointer_arithmetic"": false, ""pointer_count"": 0, ""pointer_to_pointer"": false, ""raw_pointer_parameter"": false, ""raw_pointer_return"": false, ""realloc"": false, ""setjmp"": false, ""static_local"": false, ""syscall"": false, ""third_party"": false, ""union"": false, ""va_list"": false, ""variadic"": false, ""void_pointer"": false}",TRIVIAL,no_significant_detected_blocker,[],medium
2,ecal-core,652e92f7cda2ab1f2d0056cb296b66c7a30c8fa8,ecal/core/src/config/ecal_config.cpp,57,57,function,IsUdpMulticastRecEnabled,1,"{""bitfield"": false, ""branch_complexity_proxy"": 0, ""c_array"": false, ""call_count"": 2, ""callback"": false, ""calloc"": false, ""conditional_compilation"": false, ""explicit_abi_boundary"": false, ""extern_declaration"": false, ""extern_or_abi_boundary"": false, ""flexible_array"": false, ""free"": false, ""function_pointer"": false, ""generated_source"": false, ""global_read"": false, ""global_write"": false, ""goto"": false, ""lexical_ambiguity"": false, ""longjmp"": false, ""macro_density"": 0.0, ""macro_generated_declaration"": false, ""macro_use"": false, ""malloc"": false, ""memcpy"": false, ""memmove"": false, ""memset"": false, ""mutable_global"": false, ""parameter_count"": 0, ""platform_specific"": false, ""pointer_arithmetic"": false, ""pointer_count"": 0, ""pointer_to_pointer"": false, ""raw_pointer_parameter"": false, ""raw_pointer_return"": false, ""realloc"": false, ""setjmp"": false, ""static_local"": false, ""syscall"": false, ""third_party"": false, ""union"": false, ""va_list"": false, ""variadic"": false, ""void_pointer"": false}",TRIVIAL,no_significant_detected_blocker,[],medium
2,ecal-core,652e92f7cda2ab1f2d0056cb296b66c7a30c8fa8,ecal/core/src/config/ecal_config.cpp,58,58,function,IsShmRecEnabled,1,"{""bitfield"": false, ""branch_complexity_proxy"": 0, ""c_array"": false, ""call_count"": 2, ""callback"": false, ""calloc"": false, ""conditional_compilation"": false, ""explicit_abi_boundary"": false, ""extern_declaration"": false, ""extern_or_abi_boundary"": false, ""flexible_array"": false, ""free"": false, ""function_pointer"": false, ""generated_source"": false, ""global_read"": false, ""global_write"": false, ""goto"": false, ""lexical_ambiguity"": false, ""longjmp"": false, ""macro_density"": 0.0, ""macro_generated_declaration"": false, ""macro_use"": false, ""malloc"": false, ""memcpy"": false, ""memmove"": false, ""memset"": false, ""mutable_global"": false, ""parameter_count"": 0, ""platform_specific"": false, ""pointer_arithmetic"": false, ""pointer_count"": 0, ""pointer_to_pointer"": false, ""raw_pointer_parameter"": false, ""raw_pointer_return"": false, ""realloc"": false, ""setjmp"": false, ""static_local"": false, ""syscall"": false, ""third_party"": false, ""union"": false, ""va_list"": false, ""variadic"": false, ""void_pointer"": false}",TRIVIAL,no_significant_detected_blocker,[],medium
2,ecal-core,652e92f7cda2ab1f2d0056cb296b66c7a30c8fa8,ecal/core/src/config/ecal_config.cpp,59,59,function,IsTcpRecEnabled,1,"{""bitfield"": false, ""branch_complexity_proxy"": 0, ""c_array"": false, ""call_count"": 2, ""callback"": false, ""calloc"": false, ""conditional_compilation"": false, ""explicit_abi_boundary"": false, ""extern_declaration"": false, ""extern_or_abi_boundary"": false, ""flexible_array"": false, ""free"": false, ""function_pointer"": false, ""generated_source"": false, ""global_read"": false, ""global_write"": false, ""goto"": false, ""lexical_ambiguity"": false, ""longjmp"": false, ""macro_density"": 0.0, ""macro_generated_declaration"": false, ""macro_use"": false, ""malloc"": false, ""memcpy"": false, ""memmove"": false, ""memset"": false, ""mutable_global"": false, ""parameter_count"": 0, ""platform_specific"": false, ""pointer_arithmetic"": false, ""pointer_count"": 0, ""pointer_to_pointer"": false, ""raw_pointer_parameter"": false, ""raw_pointer_return"": false, ""realloc"": false, ""setjmp"": false, ""static_local"": false, ""syscall"": false, ""third_party"": false, ""union"": false, ""va_list"": false, ""variadic"": false, ""void_pointer"": false}",TRIVIAL,no_significant_detected_blocker,[],medium
2,ecal-core,652e92f7cda2ab1f2d0056cb296b66c7a30c8fa8,ecal/core/src/config/ecal_config.cpp,61,61,function,IsNpcapEnabled,1,"{""bitfield"": false, ""branch_complexity_proxy"": 0, ""c_array"": false, ""call_count"": 2, ""callback"": false, ""calloc"": false, ""conditional_compilation"": false, ""explicit_abi_boundary"": false, ""extern_declaration"": false, ""extern_or_abi_boundary"": false, ""flexible_array"": false, ""free"": false, ""function_pointer"": false, ""generated_source"": false, ""global_read"": false, ""global_write"": false, ""goto"": false, ""lexical_ambiguity"": false, ""longjmp"": false, ""macro_density"": 0.0, ""macro_generated_declaration"": false, ""macro_use"": false, ""malloc"": false, ""memcpy"": false, ""memmove"": false, ""memset"": false, ""mutable_global"": false, ""parameter_count"": 0, ""platform_specific"": false, ""pointer_arithmetic"": false, ""pointer_count"": 0, ""pointer_to_pointer"": false, ""raw_pointer_parameter"": false, ""raw_pointer_return"": false, ""realloc"": false, ""setjmp"": false, ""static_local"": false, ""syscall"": false, ""third_party"": false, ""union"": false, ""va_list"": false, ""variadic"": false, ""void_pointer"": false}",TRIVIAL,no_significant_detected_blocker,[],medium
2,ecal-core,652e92f7cda2ab1f2d0056cb296b66c7a30c8fa8,ecal/core/src/config/ecal_config.cpp,63,63,function,GetTcpPubsubReaderThreadpoolSize,1,"{""bitfield"": false, ""branch_complexity_proxy"": 0, ""c_array"": false, ""call_count"": 2, ""callback"": false, ""calloc"": false, ""conditional_compilation"": false, ""explicit_abi_boundary"": false, ""extern_declaration"": false, ""extern_or_abi_boundary"": false, ""flexible_array"": false, ""free"": false, ""function_pointer"": false, ""generated_source"": false, ""global_read"": false, ""global_write"": false, ""goto"": false, ""lexical_ambiguity"": false, ""longjmp"": false, ""macro_density"": 0.0, ""macro_generated_declaration"": false, ""macro_use"": false, ""malloc"": false, ""memcpy"": false, ""memmove"": false, ""memset"": false, ""mutable_global"": false, ""parameter_count"": 0, ""platform_specific"": false, ""pointer_arithmetic"": false, ""pointer_count"": 0, ""pointer_to_pointer"": false, ""raw_pointer_parameter"": false, ""raw_pointer_return"": false, ""realloc"": false, ""setjmp"": false, ""static_local"": false, ""syscall"": false, ""third_party"": false, ""union"": false, ""va_list"": false, ""variadic"": false, ""void_pointer"": false}",TRIVIAL,no_significant_detected_blocker,[],medium
2,ecal-core,652e92f7cda2ab1f2d0056cb296b66c7a30c8fa8,ecal/core/src/config/ecal_config.cpp,64,64,function,GetTcpPubsubWriterThreadpoolSize,1,"{""bitfield"": false, ""branch_complexity_proxy"": 0, ""c_array"": false, ""call_count"": 2, ""callback"": false, ""calloc"": false, ""conditional_compilation"": false, ""explicit_abi_boundary"": false, ""extern_declaration"": false, ""extern_or_abi_boundary"": false, ""flexible_array"": false, ""free"": false, ""function_pointer"": false, ""generated_source"": false, ""global_read"": false, ""global_write"": false, ""goto"": false, ""lexical_ambiguity"": false, ""longjmp"": false, ""macro_density"": 0.0, ""macro_generated_declaration"": false, ""macro_use"": false, ""malloc"": false, ""memcpy"": false, ""memmove"": false, ""memset"": false, ""mutable_global"": false, ""parameter_count"": 0, ""platform_specific"": false, ""pointer_arithmetic"": false, ""pointer_count"": 0, ""pointer_to_pointer"": false, ""raw_pointer_parameter"": false, ""raw_pointer_return"": false, ""realloc"": false, ""setjmp"": false, ""static_local"": false, ""syscall"": false, ""third_party"": false, ""union"": false, ""va_list"": false, ""variadic"": false, ""void_pointer"": false}",TRIVIAL,no_significant_detected_blocker,[],medium
2,ecal-core,652e92f7cda2ab1f2d0056cb296b66c7a30c8fa8,ecal/core/src/config/ecal_config.cpp,65,65,function,GetTcpPubsubMaxReconnectionAttemps,1,"{""bitfield"": false, ""branch_complexity_proxy"": 0, ""c_array"": false, ""call_count"": 2, ""callback"": false, ""calloc"": false, ""conditional_compilation"": false, ""explicit_abi_boundary"": false, ""extern_declaration"": false, ""extern_or_abi_boundary"": false, ""flexible_array"": false, ""free"": false, ""function_pointer"": false, ""generated_source"": false, ""global_read"": false, ""global_write"": false, ""goto"": false, ""lexical_ambiguity"": false, ""longjmp"": false, ""macro_density"": 0.0, ""macro_generated_declaration"": false, ""macro_use"": false, ""malloc"": false, ""memcpy"": false, ""memmove"": false, ""memset"": false, ""mutable_global"": false, ""parameter_count"": 0, ""platform_specific"": false, ""pointer_arithmetic"": false, ""pointer_count"": 0, ""pointer_to_pointer"": false, ""raw_pointer_parameter"": false, ""raw_pointer_return"": false, ""realloc"": false, ""setjmp"": false, ""static_local"": false, ""syscall"": false, ""third_party"": false, ""union"": false, ""va_list"": false, ""variadic"": false, ""void_pointer"": false}",TRIVIAL,no_significant_detected_blocker,[],medium
2,ecal-core,652e92f7cda2ab1f2d0056cb296b66c7a30c8fa8,ecal/core/src/config/ecal_config.cpp,92,92,function,GetDropOutOfOrderMessages,1,"{""bitfield"": false, ""branch_complexity_proxy"": 0, ""c_array"": false, ""call_count"": 2, ""callback"": false, ""calloc"": false, ""conditional_compilation"": false, ""explicit_abi_boundary"": false, ""extern_declaration"": false, ""extern_or_abi_boundary"": false, ""flexible_array"": false, ""free"": false, ""function_pointer"": false, ""generated_source"": false, ""global_read"": false, ""global_write"": false, ""goto"": false, ""lexical_ambiguity"": false, ""longjmp"": false, ""macro_density"": 0.0, ""macro_generated_declaration"": false, ""macro_use"": false, ""malloc"": false, ""memcpy"": false, ""memmove"": false, ""memset"": false, ""mutable_global"": false, ""parameter_count"": 0, ""platform_specific"": false, ""pointer_arithmetic"": false, ""pointer_count"": 0, ""pointer_to_pointer"": false, ""raw_pointer_parameter"": false, ""raw_pointer_return"": false, ""realloc"": false, ""setjmp"": false, ""static_local"": false, ""syscall"": false, ""third_party"": false, ""union"": false, ""va_list"": false, ""variadic"": false, ""void_pointer"": false}",TRIVIAL,no_significant_detected_blocker,[],medium
2,ecal-core,652e92f7cda2ab1f2d0056cb296b66c7a30c8fa8,ecal/core/src/config/ecal_config.cpp,98,98,function,GetShmMonitoringQueueSize,1,"{""bitfield"": false, ""branch_complexity_proxy"": 0, ""c_array"": false, ""call_count"": 2, ""callback"": false, ""calloc"": false, ""conditional_compilation"": false, ""explicit_abi_boundary"": false, ""extern_declaration"": false, ""extern_or_abi_boundary"": false, ""flexible_array"": false, ""free"": false, ""function_pointer"": false, ""generated_source"": false, ""global_read"": false, ""global_write"": false, ""goto"": false, ""lexical_ambiguity"": false, ""longjmp"": false, ""macro_density"": 0.0, ""macro_generated_declaration"": false, ""macro_use"": false, ""malloc"": false, ""memcpy"": false, ""memmove"": false, ""memset"": false, ""mutable_global"": false, ""parameter_count"": 0, ""platform_specific"": false, ""pointer_arithmetic"": false, ""pointer_count"": 0, ""pointer_to_pointer"": false, ""raw_pointer_parameter"": false, ""raw_pointer_return"": false, ""realloc"": false, ""setjmp"": false, ""static_local"": false, ""syscall"": false, ""third_party"": false, ""union"": false, ""va_list"": false, ""variadic"": false, ""void_pointer"": false}",TRIVIAL,no_significant_detected_blocker,[],medium
2,ecal-core,652e92f7cda2ab1f2d0056cb296b66c7a30c8fa8,ecal/core/src/config/ecal_path_processing.cpp,74,77,function,isValidFile,4,"{""bitfield"": false, ""branch_complexity_proxy"": 0, ""c_array"": false, ""call_count"": 3, ""callback"": false, ""calloc"": false, ""conditional_compilation"": false, ""explicit_abi_boundary"": false, ""extern_declaration"": false, ""extern_or_abi_boundary"": false, ""flexible_array"": false, ""free"": false, ""function_pointer"": false, ""generated_source"": false, ""global_read"": false, ""global_write"": false, ""goto"": false, ""lexical_ambiguity"": false, ""longjmp"": false, ""macro_density"": 0.0, ""macro_generated_declaration"": false, ""macro_use"": false, ""malloc"": false, ""memcpy"": false, ""memmove"": false, ""memset"": false, ""mutable_global"": false, ""parameter_count"": 1, ""platform_specific"": false, ""pointer_arithmetic"": false, ""pointer_count"": 0, ""pointer_to_pointer"": false, ""raw_pointer_parameter"": false, ""raw_pointer_return"": false, ""realloc"": false, ""setjmp"": false, ""static_local"": false, ""syscall"": false, ""third_party"": false, ""union"": false, ""va_list"": false, ""variadic"": false, ""void_pointer"": false}",TRIVIAL,no_significant_detected_blocker,[],medium
2,ecal-core,652e92f7cda2ab1f2d0056cb296b66c7a30c8fa8,ecal/core/src/ecal.cpp,77,80,function,GetVersion,4,"{""bitfield"": false, ""branch_complexity_proxy"": 0, ""c_array"": false, ""call_count"": 1, ""callback"": false, ""calloc"": false, ""conditional_compilation"": false, ""explicit_abi_boundary"": false, ""extern_declaration"": false, ""extern_or_abi_boundary"": false, ""flexible_array"": false, ""free"": false, ""function_pointer"": false, ""generated_source"": false, ""global_read"": false, ""global_write"": false, ""goto"": false, ""lexical_ambiguity"": false, ""longjmp"": false, ""macro_density"": 0.0, ""macro_generated_declaration"": false, ""macro_use"": false, ""malloc"": false, ""memcpy"": false, ""memmove"": false, ""memset"": false, ""mutable_global"": false, ""parameter_count"": 0, ""platform_specific"": false, ""pointer_arithmetic"": false, ""pointer_count"": 0, ""pointer_to_pointer"": false, ""raw_pointer_parameter"": false, ""raw_pointer_return"": false, ""realloc"": false, ""setjmp"": false, ""static_local"": false, ""syscall"": false, ""third_party"": false, ""union"": false, ""va_list"": false, ""variadic"": false, ""void_pointer"": false}",TRIVIAL,no_significant_detected_blocker,[],medium
2,ecal-core,652e92f7cda2ab1f2d0056cb296b66c7a30c8fa8,ecal/core/src/ecal.cpp,90,96,function,Initialize,7,"{""bitfield"": false, ""branch_complexity_proxy"": 0, ""c_array"": false, ""call_count"": 3, ""callback"": false, ""calloc"": false, ""conditional_compilation"": false, ""explicit_abi_boundary"": false, ""extern_declaration"": false, ""extern_or_abi_boundary"": false, ""flexible_array"": false, ""free"": false, ""function_pointer"": false, ""generated_source"": false, ""global_read"": false, ""global_write"": false, ""goto"": false, ""lexical_ambiguity"": false, ""longjmp"": false, ""macro_density"": 0.0, ""macro_generated_declaration"": false, ""macro_use"": false, ""malloc"": false, ""memcpy"": false, ""memmove"": false, ""memset"": false, ""mutable_global"": false, ""parameter_count"": 2, ""platform_specific"": false, ""pointer_arithmetic"": false, ""pointer_count"": 0, ""pointer_to_pointer"": false, ""raw_pointer_parameter"": false, ""raw_pointer_return"": false, ""realloc"": false, ""setjmp"": false, ""static_local"": false, ""syscall"": false, ""third_party"": false, ""union"": false, ""va_list"": false, ""variadic"": false, ""void_pointer"": false}",TRIVIAL,no_significant_detected_blocker,[],medium
2,ecal-core,652e92f7cda2ab1f2d0056cb296b66c7a30c8fa8,ecal/core/src/ecal.cpp,107,126,function,Initialize,20,"{""bitfield"": false, ""branch_complexity_proxy"": 4, ""c_array"": false, ""call_count"": 13, ""callback"": false, ""calloc"": false, ""conditional_compilation"": false, ""explicit_abi_boundary"": false, ""extern_declaration"": false, ""extern_or_abi_boundary"": false, ""flexible_array"": false, ""free"": false, ""function_pointer"": false, ""generated_source"": false, ""global_read"": false, ""global_write"": false, ""goto"": false, ""lexical_ambiguity"": false, ""longjmp"": false, ""macro_density"": 0.0, ""macro_generated_declaration"": false, ""macro_use"": false, ""malloc"": false, ""memcpy"": false, ""memmove"": false, ""memset"": false, ""mutable_global"": false, ""parameter_count"": 3, ""platform_specific"": false, ""pointer_arithmetic"": false, ""pointer_count"": 0, ""pointer_to_pointer"": false, ""raw_pointer_parameter"": false, ""raw_pointer_return"": false, ""realloc"": false, ""setjmp"": false, ""static_local"": false, ""syscall"": false, ""third_party"": false, ""union"": false, ""va_list"": false, ""variadic"": false, ""void_pointer"": false}",TRIVIAL,no_significant_detected_blocker,[],medium
2,ecal-core,652e92f7cda2ab1f2d0056cb296b66c7a30c8fa8,ecal/core/src/ecal.cpp,135,139,function,IsInitialized,5,"{""bitfield"": false, ""branch_complexity_proxy"": 1, ""c_array"": false, ""call_count"": 4, ""callback"": false, ""calloc"": false, ""conditional_compilation"": false, ""explicit_abi_boundary"": false, ""extern_declaration"": false, ""extern_or_abi_boundary"": false, ""flexible_array"": false, ""free"": false, ""function_pointer"": false, ""generated_source"": false, ""global_read"": false, ""global_write"": false, ""goto"": false, ""lexical_ambiguity"": false, ""longjmp"": false, ""macro_density"": 0.0, ""macro_generated_declaration"": false, ""macro_use"": false, ""malloc"": false, ""memcpy"": false, ""memmove"": false, ""memset"": false, ""mutable_global"": false, ""parameter_count"": 0, ""platform_specific"": false, ""pointer_arithmetic"": false, ""pointer_count"": 0, ""pointer_to_pointer"": false, ""raw_pointer_parameter"": false, ""raw_pointer_return"": false, ""realloc"": false, ""setjmp"": false, ""static_local"": false, ""syscall"": false, ""third_party"": false, ""union"": false, ""va_list"": false, ""variadic"": false, ""void_pointer"": false}",TRIVIAL,no_significant_detected_blocker,[],medium
2,ecal-core,652e92f7cda2ab1f2d0056cb296b66c7a30c8fa8,ecal/core/src/ecal.cpp,148,153,function,IsInitialized,6,"{""bitfield"": false, ""branch_complexity_proxy"": 2, ""c_array"": false, ""call_count"": 6, ""callback"": false, ""calloc"": false, ""conditional_compilation"": false, ""explicit_abi_boundary"": false, ""extern_declaration"": false, ""extern_or_abi_boundary"": false, ""flexible_array"": false, ""free"": false, ""function_pointer"": false, ""generated_source"": false, ""global_read"": false, ""global_write"": false, ""goto"": false, ""lexical_ambiguity"": false, ""longjmp"": false, ""macro_density"": 0.0, ""macro_generated_declaration"": false, ""macro_use"": false, ""malloc"": false, ""memcpy"": false, ""memmove"": false, ""memset"": false, ""mutable_global"": false, ""parameter_count"": 1, ""platform_specific"": false, ""pointer_arithmetic"": false, ""pointer_count"": 0, ""pointer_to_pointer"": false, ""raw_pointer_parameter"": false, ""raw_pointer_return"": false, ""realloc"": false, ""setjmp"": false, ""static_local"": false, ""syscall"": false, ""third_party"": false, ""union"": false, ""va_list"": false, ""variadic"": false, ""void_pointer"": false}",TRIVIAL,no_significant_detected_blocker,[],medium
2,ecal-core,652e92f7cda2ab1f2d0056cb296b66c7a30c8fa8,ecal/core/src/ecal.cpp,160,170,function,Finalize,11,"{""bitfield"": false, ""branch_complexity_proxy"": 0, ""c_array"": false, ""call_count"": 4, ""callback"": false, ""calloc"": false, ""conditional_compilation"": false, ""explicit_abi_boundary"": false, ""extern_declaration"": false, ""extern_or_abi_boundary"": false, ""flexible_array"": false, ""free"": false, ""function_pointer"": false, ""generated_source"": false, ""global_read"": false, ""global_write"": false, ""goto"": false, ""lexical_ambiguity"": false, ""longjmp"": false, ""macro_density"": 0.0, ""macro_generated_declaration"": false, ""macro_use"": false, ""malloc"": false, ""memcpy"": false, ""memmove"": false, ""memset"": false, ""mutable_global"": false, ""parameter_count"": 0, ""platform_specific"": false, ""pointer_arithmetic"": false, ""pointer_count"": 0, ""pointer_to_pointer"": false, ""raw_pointer_parameter"": false, ""raw_pointer_return"": false, ""realloc"": false, ""setjmp"": false, ""static_local"": false, ""syscall"": false, ""third_party"": false, ""union"": false, ""va_list"": false, ""variadic"": false, ""void_pointer"": false}",TRIVIAL,no_significant_detected_blocker,[],medium
2,ecal-core,652e92f7cda2ab1f2d0056cb296b66c7a30c8fa8,ecal/core/src/ecal.cpp,177,181,function,Ok,5,"{""bitfield"": false, ""branch_complexity_proxy"": 0, ""c_array"": false, ""call_count"": 5, ""callback"": false, ""calloc"": false, ""conditional_compilation"": false, ""explicit_abi_boundary"": false, ""extern_declaration"": false, ""extern_or_abi_boundary"": false, ""flexible_array"": false, ""free"": false, ""function_pointer"": false, ""generated_source"": false, ""global_read"": false, ""global_write"": false, ""goto"": false, ""lexical_ambiguity"": false, ""longjmp"": false, ""macro_density"": 0.0, ""macro_generated_declaration"": false, ""macro_use"": false, ""malloc"": false, ""memcpy"": false, ""memmove"": false, ""memset"": false, ""mutable_global"": false, ""parameter_count"": 0, ""platform_specific"": false, ""pointer_arithmetic"": false, ""pointer_count"": 0, ""pointer_to_pointer"": false, ""raw_pointer_parameter"": false, ""raw_pointer_return"": false, ""realloc"": false, ""setjmp"": false, ""static_local"": false, ""syscall"": false, ""third_party"": false, ""union"": false, ""va_list"": false, ""variadic"": false, ""void_pointer"": false}",TRIVIAL,no_significant_detected_blocker,[],medium
2,ecal-core,652e92f7cda2ab1f2d0056cb296b66c7a30c8fa8,ecal/core/src/ecal_def.h,34,34,global,ECAL_FOLDER_NAME_WINDOWS,1,"{""bitfield"": false, ""branch_complexity_proxy"": 0, ""c_array"": false, ""call_count"": 0, ""callback"": false, ""calloc"": false, ""conditional_compilation"": false, ""explicit_abi_boundary"": false, ""extern_declaration"": false, ""extern_or_abi_boundary"": false, ""flexible_array"": false, ""free"": false, ""function_pointer"": false, ""generated_source"": false, ""global_read"": false, ""global_write"": false, ""goto"": false, ""lexical_ambiguity"": false, ""longjmp"": false, ""macro_density"": 0.0, ""macro_generated_declaration"": false, ""macro_use"": false, ""malloc"": false, ""memcpy"": false, ""memmove"": false, ""memset"": false, ""mutable_global"": false, ""parameter_count"": 0, ""platform_specific"": false, ""pointer_arithmetic"": false, ""pointer_count"": 1, ""pointer_to_pointer"": false, ""raw_pointer_parameter"": false, ""raw_pointer_return"": false, ""realloc"": false, ""setjmp"": false, ""static_local"": false, ""syscall"": false, ""third_party"": false, ""union"": false, ""va_list"": false, ""variadic"": false, ""void_pointer"": false}",TRIVIAL,no_significant_detected_blocker,[],medium
2,ecal-core,652e92f7cda2ab1f2d0056cb296b66c7a30c8fa8,ecal/core/src/ecal_def.h,35,35,global,ECAL_FOLDER_NAME_LINUX,1,"{""bitfield"": false, ""branch_complexity_proxy"": 0, ""c_array"": false, ""call_count"": 0, ""callback"": false, ""calloc"": false, ""conditional_compilation"": false, ""explicit_abi_boundary"": false, ""extern_declaration"": false, ""extern_or_abi_boundary"": false, ""flexible_array"": false, ""free"": false, ""function_pointer"": false, ""generated_source"": false, ""global_read"": false, ""global_write"": false, ""goto"": false, ""lexical_ambiguity"": false, ""longjmp"": false, ""macro_density"": 0.0, ""macro_generated_declaration"": false, ""macro_use"": false, ""malloc"": false, ""memcpy"": false, ""memmove"": false, ""memset"": false, ""mutable_global"": false, ""parameter_count"": 0, ""platform_specific"": false, ""pointer_arithmetic"": false, ""pointer_count"": 1, ""pointer_to_pointer"": false, ""raw_pointer_parameter"": false, ""raw_pointer_return"": false, ""realloc"": false, ""setjmp"": false, ""static_local"": false, ""syscall"": false, ""third_party"": false, ""union"": false, ""va_list"": false, ""variadic"": false, ""void_pointer"": false}",TRIVIAL,no_significant_detected_blocker,[],medium
2,ecal-core,652e92f7cda2ab1f2d0056cb296b66c7a30c8fa8,ecal/core/src/ecal_def.h,36,36,global,ECAL_FOLDER_NAME_HOME_LINUX,1,"{""bitfield"": false, ""branch_complexity_proxy"": 0, ""c_array"": false, ""call_count"": 0, ""callback"": false, ""calloc"": false, ""conditional_compilation"": false, ""explicit_abi_boundary"": false, ""extern_declaration"": false, ""extern_or_abi_boundary"": false, ""flexible_array"": false, ""free"": false, ""function_pointer"": false, ""generated_source"": false, ""global_read"": false, ""global_write"": false, ""goto"": false, ""lexical_ambiguity"": false, ""longjmp"": false, ""macro_density"": 0.0, ""macro_generated_declaration"": false, ""macro_use"": false, ""malloc"": false, ""memcpy"": false, ""memmove"": false, ""memset"": false, ""mutable_global"": false, ""parameter_count"": 0, ""platform_specific"": false, ""pointer_arithmetic"": false, ""pointer_count"": 1, ""pointer_to_pointer"": false, ""raw_pointer_parameter"": false, ""raw_pointer_return"": false, ""realloc"": false, ""setjmp"": false, ""static_local"": false, ""syscall"": false, ""third_party"": false, ""union"": false, ""va_list"": false, ""variadic"": false, ""void_pointer"": false}",TRIVIAL,no_significant_detected_blocker,[],medium
2,ecal-core,652e92f7cda2ab1f2d0056cb296b66c7a30c8fa8,ecal/core/src/ecal_def.h,37,37,global,ECAL_FOLDER_NAME_LOG,1,"{""bitfield"": false, ""branch_complexity_proxy"": 0, ""c_array"": false, ""call_count"": 0, ""callback"": false, ""calloc"": false, ""conditional_compilation"": false, ""explicit_abi_boundary"": false, ""extern_declaration"": false, ""extern_or_abi_boundary"": false, ""flexible_array"": false, ""free"": false, ""function_pointer"": false, ""generated_source"": false, ""global_read"": false, ""global_write"": false, ""goto"": false, ""lexical_ambiguity"": false, ""longjmp"": false, ""macro_density"": 0.0, ""macro_generated_declaration"": false, ""macro_use"": false, ""malloc"": false, ""memcpy"": false, ""memmove"": false, ""memset"": false, ""mutable_global"": false, ""parameter_count"": 0, ""platform_specific"": false, ""pointer_arithmetic"": false, ""pointer_count"": 1, ""pointer_to_pointer"": false, ""raw_pointer_parameter"": false, ""raw_pointer_return"": false, ""realloc"": false, ""setjmp"": false, ""static_local"": false, ""syscall"": false, ""third_party"": false, ""union"": false, ""va_list"": false, ""variadic"": false, ""void_pointer"": false}",TRIVIAL,no_significant_detected_blocker,[],medium
2,ecal-core,652e92f7cda2ab1f2d0056cb296b66c7a30c8fa8,ecal/core/src/ecal_def.h,38,38,global,ECAL_FOLDER_NAME_TMP_WINDOWS,1,"{""bitfield"": false, ""branch_complexity_proxy"": 0, ""c_array"": false, ""call_count"": 0, ""callback"": false, ""calloc"": false, ""conditional_compilation"": false, ""explicit_abi_boundary"": false, ""extern_declaration"": false, ""extern_or_abi_boundary"": false, ""flexible_array"": false, ""free"": false, ""function_pointer"": false, ""generated_source"": false, ""global_read"": false, ""global_write"": false, ""goto"": false, ""lexical_ambiguity"": false, ""longjmp"": false, ""macro_density"": 0.0, ""macro_generated_declaration"": false, ""macro_use"": false, ""malloc"": false, ""memcpy"": false, ""memmove"": false, ""memset"": false, ""mutable_global"": false, ""parameter_count"": 0, ""platform_specific"": false, ""pointer_arithmetic"": false, ""pointer_count"": 1, ""pointer_to_pointer"": false, ""raw_pointer_parameter"": false, ""raw_pointer_return"": false, ""realloc"": false, ""setjmp"": false, ""static_local"": false, ""syscall"": false, ""third_party"": false, ""union"": false, ""va_list"": false, ""variadic"": false, ""void_pointer"": false}",TRIVIAL,no_significant_detected_blocker,[],medium
2,ecal-core,652e92f7cda2ab1f2d0056cb296b66c7a30c8fa8,ecal/core/src/ecal_def.h,41,41,global,ECAL_FOLDER_RELATIVE_ETC,1,"{""bitfield"": false, ""branch_complexity_proxy"": 0, ""c_array"": false, ""call_count"": 0, ""callback"": false, ""calloc"": false, ""conditional_compilation"": true, ""explicit_abi_boundary"": false, ""extern_declaration"": false, ""extern_or_abi_boundary"": false, ""flexible_array"": false, ""free"": false, ""function_pointer"": false, ""generated_source"": false, ""global_read"": false, ""global_write"": false, ""goto"": false, ""lexical_ambiguity"": false, ""longjmp"": false, ""macro_density"": 0.0, ""macro_generated_declaration"": false, ""macro_use"": false, ""malloc"": false, ""memcpy"": false, ""memmove"": false, ""memset"": false, ""mutable_global"": false, ""parameter_count"": 0, ""platform_specific"": false, ""pointer_arithmetic"": false, ""pointer_count"": 1, ""pointer_to_pointer"": false, ""raw_pointer_parameter"": false, ""raw_pointer_return"": false, ""realloc"": false, ""setjmp"": false, ""static_local"": false, ""syscall"": false, ""third_party"": false, ""union"": false, ""va_list"": false, ""variadic"": false, ""void_pointer"": false}",TRIVIAL,no_significant_detected_blocker,"[""conditional_compilation""]",medium
2,ecal-core,652e92f7cda2ab1f2d0056cb296b66c7a30c8fa8,ecal/core/src/ecal_def.h,43,43,global,ECAL_FOLDER_RELATIVE_ETC,1,"{""bitfield"": false, ""branch_complexity_proxy"": 0, ""c_array"": false, ""call_count"": 0, ""callback"": false, ""calloc"": false, ""conditional_compilation"": true, ""explicit_abi_boundary"": false, ""extern_declaration"": false, ""extern_or_abi_boundary"": false, ""flexible_array"": false, ""free"": false, ""function_pointer"": false, ""generated_source"": false, ""global_read"": false, ""global_write"": false, ""goto"": false, ""lexical_ambiguity"": false, ""longjmp"": false, ""macro_density"": 0.0, ""macro_generated_declaration"": false, ""macro_use"": false, ""malloc"": false, ""memcpy"": false, ""memmove"": false, ""memset"": false, ""mutable_global"": false, ""parameter_count"": 0, ""platform_specific"": false, ""pointer_arithmetic"": false, ""pointer_count"": 1, ""pointer_to_pointer"": false, ""raw_pointer_parameter"": false, ""raw_pointer_return"": false, ""realloc"": false, ""setjmp"": false, ""static_local"": false, ""syscall"": false, ""third_party"": false, ""union"": false, ""va_list"": false, ""variadic"": false, ""void_pointer"": false}",TRIVIAL,no_significant_detected_blocker,"[""conditional_compilation""]",medium
2,ecal-core,652e92f7cda2ab1f2d0056cb296b66c7a30c8fa8,ecal/core/src/ecal_def.h,45,45,global,ECAL_FOLDER_RELATIVE_ETC,1,"{""bitfield"": false, ""branch_complexity_proxy"": 0, ""c_array"": false, ""call_count"": 0, ""callback"": false, ""calloc"": false, ""conditional_compilation"": true, ""explicit_abi_boundary"": false, ""extern_declaration"": false, ""extern_or_abi_boundary"": false, ""flexible_array"": false, ""free"": false, ""function_pointer"": false, ""generated_source"": false, ""global_read"": false, ""global_write"": false, ""goto"": false, ""lexical_ambiguity"": false, ""longjmp"": false, ""macro_density"": 0.0, ""macro_generated_declaration"": false, ""macro_use"": false, ""malloc"": false, ""memcpy"": false, ""memmove"": false, ""memset"": false, ""mutable_global"": false, ""parameter_count"": 0, ""platform_specific"": false, ""pointer_arithmetic"": false, ""pointer_count"": 1, ""pointer_to_pointer"": false, ""raw_pointer_parameter"": false, ""raw_pointer_return"": false, ""realloc"": false, ""setjmp"": false, ""static_local"": false, ""syscall"": false, ""third_party"": false, ""union"": false, ""va_list"": false, ""variadic"": false, ""void_pointer"": false}",TRIVIAL,no_significant_detected_blocker,"[""conditional_compilation""]",medium
2,ecal-core,652e92f7cda2ab1f2d0056cb296b66c7a30c8fa8,ecal/core/src/ecal_def.h,49,49,global,ECAL_DEFAULT_CFG,1,"{""bitfield"": false, ""branch_complexity_proxy"": 0, ""c_array"": false, ""call_count"": 0, ""callback"": false, ""calloc"": false, ""conditional_compilation"": false, ""explicit_abi_boundary"": false, ""extern_declaration"": false, ""extern_or_abi_boundary"": false, ""flexible_array"": false, ""free"": false, ""function_pointer"": false, ""generated_source"": false, ""global_read"": false, ""global_write"": false, ""goto"": false, ""lexical_ambiguity"": false, ""longjmp"": false, ""macro_density"": 0.0, ""macro_generated_declaration"": false, ""macro_use"": false, ""malloc"": false, ""memcpy"": false, ""memmove"": false, ""memset"": false, ""mutable_global"": false, ""parameter_count"": 0, ""platform_specific"": false, ""pointer_arithmetic"": false, ""pointer_count"": 1, ""pointer_to_pointer"": false, ""raw_pointer_parameter"": false, ""raw_pointer_return"": false, ""realloc"": false, ""setjmp"": false, ""static_local"": false, ""syscall"": false, ""third_party"": false, ""union"": false, ""va_list"": false, ""variadic"": false, ""void_pointer"": false}",TRIVIAL,no_significant_detected_blocker,[],medium
2,ecal-core,652e92f7cda2ab1f2d0056cb296b66c7a30c8fa8,ecal/core/src/ecal_def.h,52,52,global,ECAL_DATA_VAR,1,"{""bitfield"": false, ""branch_complexity_proxy"": 0, ""c_array"": false, ""call_count"": 0, ""callback"": false, ""calloc"": false, ""conditional_compilation"": false, ""explicit_abi_boundary"": false, ""extern_declaration"": false, ""extern_or_abi_boundary"": false, ""flexible_array"": false, ""free"": false, ""function_pointer"": false, ""generated_source"": false, ""global_read"": false, ""global_write"": false, ""goto"": false, ""lexical_ambiguity"": false, ""longjmp"": false, ""macro_density"": 0.0, ""macro_generated_declaration"": false, ""macro_use"": false, ""malloc"": false, ""memcpy"": false, ""memmove"": false, ""memset"": false, ""mutable_global"": false, ""parameter_count"": 0, ""platform_specific"": false, ""pointer_arithmetic"": false, ""pointer_count"": 1, ""pointer_to_pointer"": false, ""raw_pointer_parameter"": false, ""raw_pointer_return"": false, ""realloc"": false, ""setjmp"": false, ""static_local"": false, ""syscall"": false, ""third_party"": false, ""union"": false, ""va_list"": false, ""variadic"": false, ""void_pointer"": false}",TRIVIAL,no_significant_detected_blocker,[],medium
2,ecal-core,652e92f7cda2ab1f2d0056cb296b66c7a30c8fa8,ecal/core/src/ecal_def.h,53,53,global,ECAL_LOG_VAR,1,"{""bitfield"": false, ""branch_complexity_proxy"": 0, ""c_array"": false, ""call_count"": 0, ""callback"": false, ""calloc"": false, ""conditional_compilation"": false, ""explicit_abi_boundary"": false, ""extern_declaration"": false, ""extern_or_abi_boundary"": false, ""flexible_array"": false, ""free"": false, ""function_pointer"": false, ""generated_source"": false, ""global_read"": false, ""global_write"": false, ""goto"": false, ""lexical_ambiguity"": false, ""longjmp"": false, ""macro_density"": 0.0, ""macro_generated_declaration"": false, ""macro_use"": false, ""malloc"": false, ""memcpy"": false, ""memmove"": false, ""memset"": false, ""mutable_global"": false, ""parameter_count"": 0, ""platform_specific"": false, ""pointer_arithmetic"": false, ""pointer_count"": 1, ""pointer_to_pointer"": false, ""raw_pointer_parameter"": false, ""raw_pointer_return"": false, ""realloc"": false, ""setjmp"": false, ""static_local"": false, ""syscall"": false, ""third_party"": false, ""union"": false, ""va_list"": false, ""variadic"": false, ""void_pointer"": false}",TRIVIAL,no_significant_detected_blocker,[],medium
2,ecal-core,652e92f7cda2ab1f2d0056cb296b66c7a30c8fa8,ecal/core/src/ecal_def.h,54,54,global,ECAL_LINUX_HOME_VAR,1,"{""bitfield"": false, ""branch_complexity_proxy"": 0, ""c_array"": false, ""call_count"": 0, ""callback"": false, ""calloc"": false, ""conditional_compilation"": false, ""explicit_abi_boundary"": false, ""extern_declaration"": false, ""extern_or_abi_boundary"": false, ""flexible_array"": false, ""free"": false, ""function_pointer"": false, ""generated_source"": false, ""global_read"": false, ""global_write"": false, ""goto"": false, ""lexical_ambiguity"": false, ""longjmp"": false, ""macro_density"": 0.0, ""macro_generated_declaration"": false, ""macro_use"": false, ""malloc"": false, ""memcpy"": false, ""memmove"": false, ""memset"": false, ""mutable_global"": false, ""parameter_count"": 0, ""platform_specific"": false, ""pointer_arithmetic"": false, ""pointer_count"": 1, ""pointer_to_pointer"": false, ""raw_pointer_parameter"": false, ""raw_pointer_return"": false, ""realloc"": false, ""setjmp"": false, ""static_local"": false, ""syscall"": false, ""third_party"": false, ""union"": false, ""va_list"": false, ""variadic"": false, ""void_pointer"": false}",TRIVIAL,no_significant_detected_blocker,[],medium
2,ecal-core,652e92f7cda2ab1f2d0056cb296b66c7a30c8fa8,ecal/core/src/ecal_def.h,55,55,global,ECAL_LINUX_TMP_VAR,1,"{""bitfield"": false, ""branch_complexity_proxy"": 0, ""c_array"": false, ""call_count"": 0, ""callback"": false, ""calloc"": false, ""conditional_compilation"": false, ""explicit_abi_boundary"": false, ""extern_declaration"": false, ""extern_or_abi_boundary"": false, ""flexible_array"": false, ""free"": false, ""function_pointer"": false, ""generated_source"": false, ""global_read"": false, ""global_write"": false, ""goto"": false, ""lexical_ambiguity"": false, ""longjmp"": false, ""macro_density"": 0.0, ""macro_generated_declaration"": false, ""macro_use"": false, ""malloc"": false, ""memcpy"": false, ""memmove"": false, ""memset"": false, ""mutable_global"": false, ""parameter_count"": 0, ""platform_specific"": false, ""pointer_arithmetic"": false, ""pointer_count"": 1, ""pointer_to_pointer"": false, ""raw_pointer_parameter"": false, ""raw_pointer_return"": false, ""realloc"": false, ""setjmp"": false, ""static_local"": false, ""syscall"": false, ""third_party"": false, ""union"": false, ""va_list"": false, ""variadic"": false, ""void_pointer"": false}",TRIVIAL,no_significant_detected_blocker,[],medium
2,ecal-core,652e92f7cda2ab1f2d0056cb296b66c7a30c8fa8,ecal/core/src/ecal_def.h,58,58,global,ECAL_LINUX_SYSTEM_PATH,1,"{""bitfield"": false, ""branch_complexity_proxy"": 0, ""c_array"": false, ""call_count"": 0, ""callback"": false, ""calloc"": false, ""conditional_compilation"": false, ""explicit_abi_boundary"": false, ""extern_declaration"": false, ""extern_or_abi_boundary"": false, ""flexible_array"": false, ""free"": false, ""function_pointer"": false, ""generated_source"": false, ""global_read"": false, ""global_write"": false, ""goto"": false, ""lexical_ambiguity"": false, ""longjmp"": false, ""macro_density"": 0.0, ""macro_generated_declaration"": false, ""macro_use"": false, ""malloc"": false, ""memcpy"": false, ""memmove"": false, ""memset"": false, ""mutable_global"": false, ""parameter_count"": 0, ""platform_specific"": false, ""pointer_arithmetic"": false, ""pointer_count"": 1, ""pointer_to_pointer"": false, ""raw_pointer_parameter"": false, ""raw_pointer_return"": false, ""realloc"": false, ""setjmp"": false, ""static_local"": false, ""syscall"": false, ""third_party"": false, ""union"": false, ""va_list"": false, ""variadic"": false, ""void_pointer"": false}",TRIVIAL,no_significant_detected_blocker,[],medium
2,ecal-core,652e92f7cda2ab1f2d0056cb296b66c7a30c8fa8,ecal/core/src/ecal_def.h,59,59,global,ECAL_LINUX_TMP_DIR,1,"{""bitfield"": false, ""branch_complexity_proxy"": 0, ""c_array"": false, ""call_count"": 0, ""callback"": false, ""calloc"": false, ""conditional_compilation"": false, ""explicit_abi_boundary"": false, ""extern_declaration"": false, ""extern_or_abi_boundary"": false, ""flexible_array"": false, ""free"": false, ""function_pointer"": false, ""generated_source"": false, ""global_read"": false, ""global_write"": false, ""goto"": false, ""lexical_ambiguity"": false, ""longjmp"": false, ""macro_density"": 0.0, ""macro_generated_declaration"": false, ""macro_use"": false, ""malloc"": false, ""memcpy"": false, ""memmove"": false, ""memset"": false, ""mutable_global"": false, ""parameter_count"": 0, ""platform_specific"": false, ""pointer_arithmetic"": false, ""pointer_count"": 1, ""pointer_to_pointer"": false, ""raw_pointer_parameter"": false, ""raw_pointer_return"": false, ""realloc"": false, ""setjmp"": false, ""static_local"": false, ""syscall"": false, ""third_party"": false, ""union"": false, ""va_list"": false, ""variadic"": false, ""void_pointer"": false}",TRIVIAL,no_significant_detected_blocker,[],medium
2,ecal-core,652e92f7cda2ab1f2d0056cb296b66c7a30c8fa8,ecal/core/src/ecal_def.h,60,60,global,ECAL_FALLBACK_TMP_DIR,1,"{""bitfield"": false, ""branch_complexity_proxy"": 0, ""c_array"": false, ""call_count"": 0, ""callback"": false, ""calloc"": false, ""conditional_compilation"": false, ""explicit_abi_boundary"": false, ""extern_declaration"": false, ""extern_or_abi_boundary"": false, ""flexible_array"": false, ""free"": false, ""function_pointer"": false, ""generated_source"": false, ""global_read"": false, ""global_write"": false, ""goto"": false, ""lexical_ambiguity"": false, ""longjmp"": false, ""macro_density"": 0.0, ""macro_generated_declaration"": false, ""macro_use"": false, ""malloc"": false, ""memcpy"": false, ""memmove"": false, ""memset"": false, ""mutable_global"": false, ""parameter_count"": 0, ""platform_specific"": false, ""pointer_arithmetic"": false, ""pointer_count"": 1, ""pointer_to_pointer"": false, ""raw_pointer_parameter"": false, ""raw_pointer_return"": false, ""realloc"": false, ""setjmp"": false, ""static_local"": false, ""syscall"": false, ""third_party"": false, ""union"": false, ""va_list"": false, ""variadic"": false, ""void_pointer"": false}",TRIVIAL,no_significant_detected_blocker,[],medium
2,ecal-core,652e92f7cda2ab1f2d0056cb296b66c7a30c8fa8,ecal/core/src/ecal_def.h,65,65,global,NET_UDP_MULTICAST_PORT_REG_OFF,1,"{""bitfield"": false, ""branch_complexity_proxy"": 0, ""c_array"": false, ""call_count"": 0, ""callback"": false, ""calloc"": false, ""conditional_compilation"": false, ""explicit_abi_boundary"": false, ""extern_declaration"": false, ""extern_or_abi_boundary"": false, ""flexible_array"": false, ""free"": false, ""function_pointer"": false, ""generated_source"": false, ""global_read"": false, ""global_write"": false, ""goto"": false, ""lexical_ambiguity"": false, ""longjmp"": false, ""macro_density"": 0.0, ""macro_generated_declaration"": false, ""macro_use"": false, ""malloc"": false, ""memcpy"": false, ""memmove"": false, ""memset"": false, ""mutable_global"": false, ""parameter_count"": 0, ""platform_specific"": false, ""pointer_arithmetic"": false, ""pointer_count"": 0, ""pointer_to_pointer"": false, ""raw_pointer_parameter"": false, ""raw_pointer_return"": false, ""realloc"": false, ""setjmp"": false, ""static_local"": false, ""syscall"": false, ""third_party"": false, ""union"": false, ""va_list"": false, ""variadic"": false, ""void_pointer"": false}",TRIVIAL,no_significant_detected_blocker,[],medium
2,ecal-core,652e92f7cda2ab1f2d0056cb296b66c7a30c8fa8,ecal/core/src/ecal_def.h,66,66,global,NET_UDP_MULTICAST_PORT_LOG_OFF,1,"{""bitfield"": false, ""branch_complexity_proxy"": 0, ""c_array"": false, ""call_count"": 0, ""callback"": false, ""calloc"": false, ""conditional_compilation"": false, ""explicit_abi_boundary"": false, ""extern_declaration"": false, ""extern_or_abi_boundary"": false, ""flexible_array"": false, ""free"": false, ""function_pointer"": false, ""generated_source"": false, ""global_read"": false, ""global_write"": false, ""goto"": false, ""lexical_ambiguity"": false, ""longjmp"": false, ""macro_density"": 0.0, ""macro_generated_declaration"": false, ""macro_use"": false, ""malloc"": false, ""memcpy"": false, ""memmove"": false, ""memset"": false, ""mutable_global"": false, ""parameter_count"": 0, ""platform_specific"": false, ""pointer_arithmetic"": false, ""pointer_count"": 0, ""pointer_to_pointer"": false, ""raw_pointer_parameter"": false, ""raw_pointer_return"": false, ""realloc"": false, ""setjmp"": false, ""static_local"": false, ""syscall"": false, ""third_party"": false, ""union"": false, ""va_list"": false, ""variadic"": false, ""void_pointer"": false}",TRIVIAL,no_significant_detected_blocker,[],medium
2,ecal-core,652e92f7cda2ab1f2d0056cb296b66c7a30c8fa8,ecal/core/src/ecal_def.h,67,67,global,NET_UDP_MULTICAST_PORT_SAMPLE_OFF,1,"{""bitfield"": false, ""branch_complexity_proxy"": 0, ""c_array"": false, ""call_count"": 0, ""callback"": false, ""calloc"": false, ""conditional_compilation"": false, ""explicit_abi_boundary"": false, ""extern_declaration"": false, ""extern_or_abi_boundary"": false, ""flexible_array"": false, ""free"": false, ""function_pointer"": false, ""generated_source"": false, ""global_read"": false, ""global_write"": false, ""goto"": false, ""lexical_ambiguity"": false, ""longjmp"": false, ""macro_density"": 0.0, ""macro_generated_declaration"": false, ""macro_use"": false, ""malloc"": false, ""memcpy"": false, ""memmove"": false, ""memset"": false, ""mutable_global"": false, ""parameter_count"": 0, ""platform_specific"": false, ""pointer_arithmetic"": false, ""pointer_count"": 0, ""pointer_to_pointer"": false, ""raw_pointer_parameter"": false, ""raw_pointer_return"": false, ""realloc"": false, ""setjmp"": false, ""static_local"": false, ""syscall"": false, ""third_party"": false, ""union"": false, ""va_list"": false, ""variadic"": false, ""void_pointer"": false}",TRIVIAL,no_significant_detected_blocker,[],medium
2,ecal-core,652e92f7cda2ab1f2d0056cb296b66c7a30c8fa8,ecal/core/src/ecal_def.h,70,70,global,PUB_MEMFILE_CREATE_TO,1,"{""bitfield"": false, ""branch_complexity_proxy"": 0, ""c_array"": false, ""call_count"": 0, ""callback"": false, ""calloc"": false, ""conditional_compilation"": false, ""explicit_abi_boundary"": false, ""extern_declaration"": false, ""extern_or_abi_boundary"": false, ""flexible_array"": false, ""free"": false, ""function_pointer"": false, ""generated_source"": false, ""global_read"": false, ""global_write"": false, ""goto"": false, ""lexical_ambiguity"": false, ""longjmp"": false, ""macro_density"": 0.0, ""macro_generated_declaration"": false, ""macro_use"": false, ""malloc"": false, ""memcpy"": false, ""memmove"": false, ""memset"": false, ""mutable_global"": false, ""parameter_count"": 0, ""platform_specific"": false, ""pointer_arithmetic"": false, ""pointer_count"": 0, ""pointer_to_pointer"": false, ""raw_pointer_parameter"": false, ""raw_pointer_return"": false, ""realloc"": false, ""setjmp"": false, ""static_local"": false, ""syscall"": false, ""third_party"": false, ""union"": false, ""va_list"": false, ""variadic"": false, ""void_pointer"": false}",TRIVIAL,no_significant_detected_blocker,[],medium
2,ecal-core,652e92f7cda2ab1f2d0056cb296b66c7a30c8fa8,ecal/core/src/ecal_def.h,71,71,global,PUB_MEMFILE_OPEN_TO,1,"{""bitfield"": false, ""branch_complexity_proxy"": 0, ""c_array"": false, ""call_count"": 0, ""callback"": false, ""calloc"": false, ""conditional_compilation"": false, ""explicit_abi_boundary"": false, ""extern_declaration"": false, ""extern_or_abi_boundary"": false, ""flexible_array"": false, ""free"": false, ""function_pointer"": false, ""generated_source"": false, ""global_read"": false, ""global_write"": false, ""goto"": false, ""lexical_ambiguity"": false, ""longjmp"": false, ""macro_density"": 0.0, ""macro_generated_declaration"": false, ""macro_use"": false, ""malloc"": false, ""memcpy"": false, ""memmove"": false, ""memset"": false, ""mutable_global"": false, ""parameter_count"": 0, ""platform_specific"": false, ""pointer_arithmetic"": false, ""pointer_count"": 0, ""pointer_to_pointer"": false, ""raw_pointer_parameter"": false, ""raw_pointer_return"": false, ""realloc"": false, ""setjmp"": false, ""static_local"": false, ""syscall"": false, ""third_party"": false, ""union"": false, ""va_list"": false, ""variadic"": false, ""void_pointer"": false}",TRIVIAL,no_significant_detected_blocker,[],medium
2,ecal-core,652e92f7cda2ab1f2d0056cb296b66c7a30c8fa8,ecal/core/src/ecal_def.h,73,73,global,EXP_MEMFILE_ACCESS_TIMEOUT,1,"{""bitfield"": false, ""branch_complexity_proxy"": 0, ""c_array"": false, ""call_count"": 0, ""callback"": false, ""calloc"": false, ""conditional_compilation"": false, ""explicit_abi_boundary"": false, ""extern_declaration"": false, ""extern_or_abi_boundary"": false, ""flexible_array"": false, ""free"": false, ""function_pointer"": false, ""generated_source"": false, ""global_read"": false, ""global_write"": false, ""goto"": false, ""lexical_ambiguity"": false, ""longjmp"": false, ""macro_density"": 0.0, ""macro_generated_declaration"": false, ""macro_use"": false, ""malloc"": false, ""memcpy"": false, ""memmove"": false, ""memset"": false, ""mutable_global"": false, ""parameter_count"": 0, ""platform_specific"": false, ""pointer_arithmetic"": false, ""pointer_count"": 0, ""pointer_to_pointer"": false, ""raw_pointer_parameter"": false, ""raw_pointer_return"": false, ""realloc"": false, ""setjmp"": false, ""static_local"": false, ""syscall"": false, ""third_party"": false, ""union"": false, ""va_list"": false, ""variadic"": false, ""void_pointer"": false}",TRIVIAL,no_significant_detected_blocker,[],medium
2,ecal-core,652e92f7cda2ab1f2d0056cb296b66c7a30c8fa8,ecal/core/src/ecal_def.h,80,80,global,EVENT_SHUTDOWN_PROC,1,"{""bitfield"": false, ""branch_complexity_proxy"": 0, ""c_array"": false, ""call_count"": 0, ""callback"": false, ""calloc"": false, ""conditional_compilation"": false, ""explicit_abi_boundary"": false, ""extern_declaration"": false, ""extern_or_abi_boundary"": false, ""flexible_array"": false, ""free"": false, ""function_pointer"": false, ""generated_source"": false, ""global_read"": false, ""global_write"": false, ""goto"": false, ""lexical_ambiguity"": false, ""longjmp"": false, ""macro_density"": 0.0, ""macro_generated_declaration"": false, ""macro_use"": false, ""malloc"": false, ""memcpy"": false, ""memmove"": false, ""memset"": false, ""mutable_global"": false, ""parameter_count"": 0, ""platform_specific"": false, ""pointer_arithmetic"": false, ""pointer_count"": 1, ""pointer_to_pointer"": false, ""raw_pointer_parameter"": false, ""raw_pointer_return"": false, ""realloc"": false, ""setjmp"": false, ""static_local"": false, ""syscall"": false, ""third_party"": false, ""union"": false, ""va_list"": false, ""variadic"": false, ""void_pointer"": false}",TRIVIAL,no_significant_detected_blocker,[],medium
2,ecal-core,652e92f7cda2ab1f2d0056cb296b66c7a30c8fa8,ecal/core/src/ecal_descgate.cpp,47,56,function,MakeNotifyLambda,10,"{""bitfield"": false, ""branch_complexity_proxy"": 2, ""c_array"": false, ""call_count"": 5, ""callback"": true, ""calloc"": false, ""conditional_compilation"": false, ""explicit_abi_boundary"": false, ""extern_declaration"": false, ""extern_or_abi_boundary"": false, ""flexible_array"": false, ""free"": false, ""function_pointer"": false, ""generated_source"": false, ""global_read"": false, ""global_write"": false, ""goto"": false, ""lexical_ambiguity"": false, ""longjmp"": false, ""macro_density"": 0.0, ""macro_generated_declaration"": false, ""macro_use"": false, ""malloc"": false, ""memcpy"": false, ""memmove"": false, ""memset"": false, ""mutable_global"": false, ""parameter_count"": 2, ""platform_specific"": false, ""pointer_arithmetic"": false, ""pointer_count"": 0, ""pointer_to_pointer"": false, ""raw_pointer_parameter"": false, ""raw_pointer_return"": false, ""realloc"": false, ""setjmp"": false, ""static_local"": false, ""syscall"": false, ""third_party"": false, ""union"": false, ""va_list"": false, ""variadic"": false, ""void_pointer"": false}",NEEDS_TRANSPILER,callback,[],medium
2,ecal-core,652e92f7cda2ab1f2d0056cb296b66c7a30c8fa8,ecal/core/src/ecal_descgate.h,81,85,struct,TopicInfo,5,"{""bitfield"": false, ""branch_complexity_proxy"": 0, ""c_array"": false, ""call_count"": 0, ""callback"": false, ""calloc"": false, ""conditional_compilation"": false, ""explicit_abi_boundary"": false, ""extern_declaration"": false, ""extern_or_abi_boundary"": false, ""flexible_array"": false, ""free"": false, ""function_pointer"": false, ""generated_source"": false, ""global_read"": false, ""global_write"": false, ""goto"": false, ""lexical_ambiguity"": false, ""longjmp"": false, ""macro_density"": 0.0, ""macro_generated_declaration"": false, ""macro_use"": false, ""malloc"": false, ""memcpy"": false, ""memmove"": false, ""memset"": false, ""mutable_global"": false, ""parameter_count"": 0, ""platform_specific"": false, ""pointer_arithmetic"": false, ""pointer_count"": 0, ""pointer_to_pointer"": false, ""raw_pointer_parameter"": false, ""raw_pointer_return"": false, ""realloc"": false, ""setjmp"": false, ""static_local"": false, ""syscall"": false, ""third_party"": false, ""union"": false, ""va_list"": false, ""variadic"": false, ""void_pointer"": false}",TRIVIAL,no_significant_detected_blocker,[],medium
2,ecal-core,652e92f7cda2ab1f2d0056cb296b66c7a30c8fa8,ecal/core/src/ecal_descgate.h,105,109,struct,ServiceInfo,5,"{""bitfield"": false, ""branch_complexity_proxy"": 0, ""c_array"": false, ""call_count"": 0, ""callback"": false, ""calloc"": false, ""conditional_compilation"": false, ""explicit_abi_boundary"": false, ""extern_declaration"": false, ""extern_or_abi_boundary"": false, ""flexible_array"": false, ""free"": false, ""function_pointer"": false, ""generated_source"": false, ""global_read"": false, ""global_write"": false, ""goto"": false, ""lexical_ambiguity"": false, ""longjmp"": false, ""macro_density"": 0.0, ""macro_generated_declaration"": false, ""macro_use"": false, ""malloc"": false, ""memcpy"": false, ""memmove"": false, ""memset"": false, ""mutable_global"": false, ""parameter_count"": 0, ""platform_specific"": false, ""pointer_arithmetic"": false, ""pointer_count"": 0, ""pointer_to_pointer"": false, ""raw_pointer_parameter"": false, ""raw_pointer_return"": false, ""realloc"": false, ""setjmp"": false, ""static_local"": false, ""syscall"": false, ""third_party"": false, ""union"": false, ""va_list"": false, ""variadic"": false, ""void_pointer"": false}",TRIVIAL,no_significant_detected_blocker,[],medium
2,ecal-core,652e92f7cda2ab1f2d0056cb296b66c7a30c8fa8,ecal/core/src/ecal_descgate.h,128,132,struct,STopicEventCallbackMap,5,"{""bitfield"": false, ""branch_complexity_proxy"": 0, ""c_array"": false, ""call_count"": 0, ""callback"": false, ""calloc"": false, ""conditional_compilation"": false, ""explicit_abi_boundary"": false, ""extern_declaration"": false, ""extern_or_abi_boundary"": false, ""flexible_array"": false, ""free"": false, ""function_pointer"": false, ""generated_source"": false, ""global_read"": false, ""global_write"": false, ""goto"": false, ""lexical_ambiguity"": false, ""longjmp"": false, ""macro_density"": 0.0, ""macro_generated_declaration"": false, ""macro_use"": false, ""malloc"": false, ""memcpy"": false, ""memmove"": false, ""memset"": false, ""mutable_global"": false, ""parameter_count"": 0, ""platform_specific"": false, ""pointer_arithmetic"": false, ""pointer_count"": 0, ""pointer_to_pointer"": false, ""raw_pointer_parameter"": false, ""raw_pointer_return"": false, ""realloc"": false, ""setjmp"": false, ""static_local"": false, ""syscall"": false, ""third_party"": false, ""union"": false, ""va_list"": false, ""variadic"": false, ""void_pointer"": false}",TRIVIAL,no_significant_detected_blocker,[],medium
2,ecal-core,652e92f7cda2ab1f2d0056cb296b66c7a30c8fa8,ecal/core/src/ecal_event.cpp,39,51,function,OpenEvent,13,"{""bitfield"": false, ""branch_complexity_proxy"": 2, ""c_array"": false, ""call_count"": 8, ""callback"": false, ""calloc"": false, ""conditional_compilation"": true, ""explicit_abi_boundary"": false, ""extern_declaration"": false, ""extern_or_abi_boundary"": false, ""flexible_array"": false, ""free"": false, ""function_pointer"": false, ""generated_source"": false, ""global_read"": false, ""global_write"": false, ""goto"": false, ""lexical_ambiguity"": false, ""longjmp"": false, ""macro_density"": 0.0, ""macro_generated_declaration"": false, ""macro_use"": false, ""malloc"": false, ""memcpy"": false, ""memmove"": false, ""memset"": false, ""mutable_global"": false, ""parameter_count"": 2, ""platform_specific"": false, ""pointer_arithmetic"": false, ""pointer_count"": 2, ""pointer_to_pointer"": false, ""raw_pointer_parameter"": true, ""raw_pointer_return"": false, ""realloc"": false, ""setjmp"": false, ""static_local"": false, ""syscall"": false, ""third_party"": false, ""union"": false, ""va_list"": false, ""variadic"": false, ""void_pointer"": false}",TRIVIAL,no_significant_detected_blocker,"[""conditional_compilation"", ""raw_pointer_parameter""]",medium
2,ecal-core,652e92f7cda2ab1f2d0056cb296b66c7a30c8fa8,ecal/core/src/ecal_event.cpp,56,59,function,gOpenNamedEvent,4,"{""bitfield"": false, ""branch_complexity_proxy"": 0, ""c_array"": false, ""call_count"": 2, ""callback"": false, ""calloc"": false, ""conditional_compilation"": true, ""explicit_abi_boundary"": false, ""extern_declaration"": false, ""extern_or_abi_boundary"": false, ""flexible_array"": false, ""free"": false, ""function_pointer"": false, ""generated_source"": false, ""global_read"": false, ""global_write"": false, ""goto"": false, ""lexical_ambiguity"": false, ""longjmp"": false, ""macro_density"": 0.0, ""macro_generated_declaration"": false, ""macro_use"": false, ""malloc"": false, ""memcpy"": false, ""memmove"": false, ""memset"": false, ""mutable_global"": false, ""parameter_count"": 3, ""platform_specific"": false, ""pointer_arithmetic"": false, ""pointer_count"": 1, ""pointer_to_pointer"": false, ""raw_pointer_parameter"": true, ""raw_pointer_return"": false, ""realloc"": false, ""setjmp"": false, ""static_local"": false, ""syscall"": false, ""third_party"": false, ""union"": false, ""va_list"": false, ""variadic"": false, ""void_pointer"": false}",TRIVIAL,no_significant_detected_blocker,"[""conditional_compilation"", ""raw_pointer_parameter""]",medium
2,ecal-core,652e92f7cda2ab1f2d0056cb296b66c7a30c8fa8,ecal/core/src/ecal_event.cpp,61,64,function,gOpenUnnamedEvent,4,"{""bitfield"": false, ""branch_complexity_proxy"": 0, ""c_array"": false, ""call_count"": 2, ""callback"": false, ""calloc"": false, ""conditional_compilation"": true, ""explicit_abi_boundary"": false, ""extern_declaration"": false, ""extern_or_abi_boundary"": false, ""flexible_array"": false, ""free"": false, ""function_pointer"": false, ""generated_source"": false, ""global_read"": false, ""global_write"": false, ""goto"": false, ""lexical_ambiguity"": false, ""longjmp"": false, ""macro_density"": 0.0, ""macro_generated_declaration"": false, ""macro_use"": false, ""malloc"": false, ""memcpy"": false, ""memmove"": false, ""memset"": false, ""mutable_global"": false, ""parameter_count"": 1, ""platform_specific"": false, ""pointer_arithmetic"": false, ""pointer_count"": 1, ""pointer_to_pointer"": false, ""raw_pointer_parameter"": true, ""raw_pointer_return"": false, ""realloc"": false, ""setjmp"": false, ""static_local"": false, ""syscall"": false, ""third_party"": false, ""union"": false, ""va_list"": false, ""variadic"": false, ""void_pointer"": false}",TRIVIAL,no_significant_detected_blocker,"[""conditional_compilation"", ""raw_pointer_parameter""]",medium
2,ecal-core,652e92f7cda2ab1f2d0056cb296b66c7a30c8fa8,ecal/core/src/ecal_event.cpp,67,70,function,gOpenEvent,4,"{""bitfield"": false, ""branch_complexity_proxy"": 0, ""c_array"": false, ""call_count"": 2, ""callback"": false, ""calloc"": false, ""conditional_compilation"": true, ""explicit_abi_boundary"": false, ""extern_declaration"": false, ""extern_or_abi_boundary"": false, ""flexible_array"": false, ""free"": false, ""function_pointer"": false, ""generated_source"": false, ""global_read"": false, ""global_write"": false, ""goto"": false, ""lexical_ambiguity"": false, ""longjmp"": false, ""macro_density"": 0.0, ""macro_generated_declaration"": false, ""macro_use"": false, ""malloc"": false, ""memcpy"": false, ""memmove"": false, ""memset"": false, ""mutable_global"": false, ""parameter_count"": 2, ""platform_specific"": false, ""pointer_arithmetic"": false, ""pointer_count"": 1, ""pointer_to_pointer"": false, ""raw_pointer_parameter"": true, ""raw_pointer_return"": false, ""realloc"": false, ""setjmp"": false, ""static_local"": false, ""syscall"": false, ""third_party"": false, ""union"": false, ""va_list"": false, ""variadic"": false, ""void_pointer"": false}",TRIVIAL,no_significant_detected_blocker,"[""conditional_compilation"", ""raw_pointer_parameter""]",medium
2,ecal-core,652e92f7cda2ab1f2d0056cb296b66c7a30c8fa8,ecal/core/src/ecal_event.cpp,72,76,function,gCloseEvent,5,"{""bitfield"": false, ""branch_complexity_proxy"": 1, ""c_array"": false, ""call_count"": 5, ""callback"": false, ""calloc"": false, ""conditional_compilation"": true, ""explicit_abi_boundary"": false, ""extern_declaration"": false, ""extern_or_abi_boundary"": false, ""flexible_array"": false, ""free"": false, ""function_pointer"": false, ""generated_source"": false, ""global_read"": false, ""global_write"": false, ""goto"": false, ""lexical_ambiguity"": false, ""longjmp"": false, ""macro_density"": 0.0, ""macro_generated_declaration"": false, ""macro_use"": false, ""malloc"": false, ""memcpy"": false, ""memmove"": false, ""memset"": false, ""mutable_global"": false, ""parameter_count"": 1, ""platform_specific"": false, ""pointer_arithmetic"": false, ""pointer_count"": 0, ""pointer_to_pointer"": false, ""raw_pointer_parameter"": false, ""raw_pointer_return"": false, ""realloc"": false, ""setjmp"": false, ""static_local"": false, ""syscall"": false, ""third_party"": false, ""union"": false, ""va_list"": false, ""variadic"": false, ""void_pointer"": false}",TRIVIAL,no_significant_detected_blocker,"[""conditional_compilation""]",medium
2,ecal-core,652e92f7cda2ab1f2d0056cb296b66c7a30c8fa8,ecal/core/src/ecal_event.cpp,78,82,function,gSetEvent,5,"{""bitfield"": false, ""branch_complexity_proxy"": 1, ""c_array"": false, ""call_count"": 5, ""callback"": false, ""calloc"": false, ""conditional_compilation"": true, ""explicit_abi_boundary"": false, ""extern_declaration"": false, ""extern_or_abi_boundary"": false, ""flexible_array"": false, ""free"": false, ""function_pointer"": false, ""generated_source"": false, ""global_read"": false, ""global_write"": false, ""goto"": false, ""lexical_ambiguity"": false, ""longjmp"": false, ""macro_density"": 0.0, ""macro_generated_declaration"": false, ""macro_use"": false, ""malloc"": false, ""memcpy"": false, ""memmove"": false, ""memset"": false, ""mutable_global"": false, ""parameter_count"": 1, ""platform_specific"": false, ""pointer_arithmetic"": false, ""pointer_count"": 0, ""pointer_to_pointer"": false, ""raw_pointer_parameter"": false, ""raw_pointer_return"": false, ""realloc"": false, ""setjmp"": false, ""static_local"": false, ""syscall"": false, ""third_party"": false, ""union"": false, ""va_list"": false, ""variadic"": false, ""void_pointer"": false}",TRIVIAL,no_significant_detected_blocker,"[""conditional_compilation""]",medium
2,ecal-core,652e92f7cda2ab1f2d0056cb296b66c7a30c8fa8,ecal/core/src/ecal_event.cpp,84,95,function,gWaitForEvent,12,"{""bitfield"": false, ""branch_complexity_proxy"": 2, ""c_array"": false, ""call_count"": 8, ""callback"": false, ""calloc"": false, ""conditional_compilation"": true, ""explicit_abi_boundary"": false, ""extern_declaration"": false, ""extern_or_abi_boundary"": false, ""flexible_array"": false, ""free"": false, ""function_pointer"": false, ""generated_source"": false, ""global_read"": false, ""global_write"": false, ""goto"": false, ""lexical_ambiguity"": false, ""longjmp"": false, ""macro_density"": 0.0, ""macro_generated_declaration"": false, ""macro_use"": false, ""malloc"": false, ""memcpy"": false, ""memmove"": false, ""memset"": false, ""mutable_global"": false, ""parameter_count"": 2, ""platform_specific"": false, ""pointer_arithmetic"": false, ""pointer_count"": 0, ""pointer_to_pointer"": false, ""raw_pointer_parameter"": false, ""raw_pointer_return"": false, ""realloc"": false, ""setjmp"": false, ""static_local"": false, ""syscall"": false, ""third_party"": false, ""union"": false, ""va_list"": false, ""variadic"": false, ""void_pointer"": false}",TRIVIAL,no_significant_detected_blocker,"[""conditional_compilation""]",medium
2,ecal-core,652e92f7cda2ab1f2d0056cb296b66c7a30c8fa8,ecal/core/src/ecal_event.cpp,97,103,function,gInvalidateEvent,7,"{""bitfield"": false, ""branch_complexity_proxy"": 2, ""c_array"": false, ""call_count"": 6, ""callback"": false, ""calloc"": false, ""conditional_compilation"": true, ""explicit_abi_boundary"": false, ""extern_declaration"": false, ""extern_or_abi_boundary"": false, ""flexible_array"": false, ""free"": false, ""function_pointer"": false, ""generated_source"": false, ""global_read"": false, ""global_write"": false, ""goto"": false, ""lexical_ambiguity"": false, ""longjmp"": false, ""macro_density"": 0.0, ""macro_generated_declaration"": false, ""macro_use"": false, ""malloc"": false, ""memcpy"": false, ""memmove"": false, ""memset"": false, ""mutable_global"": false, ""parameter_count"": 1, ""platform_specific"": false, ""pointer_arithmetic"": false, ""pointer_count"": 1, ""pointer_to_pointer"": false, ""raw_pointer_parameter"": true, ""raw_pointer_return"": false, ""realloc"": false, ""setjmp"": false, ""static_local"": false, ""syscall"": false, ""third_party"": false, ""union"": false, ""va_list"": false, ""variadic"": false, ""void_pointer"": false}",TRIVIAL,no_significant_detected_blocker,"[""conditional_compilation"", ""raw_pointer_parameter""]",medium
2,ecal-core,652e92f7cda2ab1f2d0056cb296b66c7a30c8fa8,ecal/core/src/ecal_event.cpp,105,108,function,gEventIsValid,4,"{""bitfield"": false, ""branch_complexity_proxy"": 0, ""c_array"": false, ""call_count"": 2, ""callback"": false, ""calloc"": false, ""conditional_compilation"": true, ""explicit_abi_boundary"": false, ""extern_declaration"": false, ""extern_or_abi_boundary"": false, ""flexible_array"": false, ""free"": false, ""function_pointer"": false, ""generated_source"": false, ""global_read"": false, ""global_write"": false, ""goto"": false, ""lexical_ambiguity"": false, ""longjmp"": false, ""macro_density"": 0.0, ""macro_generated_declaration"": false, ""macro_use"": false, ""malloc"": false, ""memcpy"": false, ""memmove"": false, ""memset"": false, ""mutable_global"": false, ""parameter_count"": 1, ""platform_specific"": false, ""pointer_arithmetic"": false, ""pointer_count"": 0, ""pointer_to_pointer"": false, ""raw_pointer_parameter"": false, ""raw_pointer_return"": false, ""realloc"": false, ""setjmp"": false, ""static_local"": false, ""syscall"": false, ""third_party"": false, ""union"": false, ""va_list"": false, ""variadic"": false, ""void_pointer"": false}",TRIVIAL,no_significant_detected_blocker,"[""conditional_compilation""]",medium
2,ecal-core,652e92f7cda2ab1f2d0056cb296b66c7a30c8fa8,ecal/core/src/ecal_event.cpp,131,136,struct,alignas,6,"{""bitfield"": false, ""branch_complexity_proxy"": 0, ""c_array"": false, ""call_count"": 1, ""callback"": false, ""calloc"": false, ""conditional_compilation"": true, ""explicit_abi_boundary"": false, ""extern_declaration"": false, ""extern_or_abi_boundary"": false, ""flexible_array"": false, ""free"": false, ""function_pointer"": false, ""generated_source"": false, ""global_read"": false, ""global_write"": false, ""goto"": false, ""lexical_ambiguity"": false, ""longjmp"": false, ""macro_density"": 0.0, ""macro_generated_declaration"": false, ""macro_use"": false, ""malloc"": false, ""memcpy"": false, ""memmove"": false, ""memset"": false, ""mutable_global"": false, ""parameter_count"": 0, ""platform_specific"": false, ""pointer_arithmetic"": false, ""pointer_count"": 0, ""pointer_to_pointer"": false, ""raw_pointer_parameter"": false, ""raw_pointer_return"": false, ""realloc"": false, ""setjmp"": false, ""static_local"": false, ""syscall"": false, ""third_party"": false, ""union"": false, ""va_list"": false, ""variadic"": false, ""void_pointer"": false}",TRIVIAL,no_significant_detected_blocker,"[""conditional_compilation""]",medium
2,ecal-core,652e92f7cda2ab1f2d0056cb296b66c7a30c8fa8,ecal/core/src/ecal_event.cpp,137,137,typedef,named_event_t,1,"{""bitfield"": false, ""branch_complexity_proxy"": 0, ""c_array"": false, ""call_count"": 0, ""callback"": false, ""calloc"": false, ""conditional_compilation"": true, ""explicit_abi_boundary"": false, ""extern_declaration"": false, ""extern_or_abi_boundary"": false, ""flexible_array"": false, ""free"": false, ""function_pointer"": false, ""generated_source"": false, ""global_read"": false, ""global_write"": false, ""goto"": false, ""lexical_ambiguity"": false, ""longjmp"": false, ""macro_density"": 0.0, ""macro_generated_declaration"": false, ""macro_use"": false, ""malloc"": false, ""memcpy"": false, ""memmove"": false, ""memset"": false, ""mutable_global"": false, ""parameter_count"": 0, ""platform_specific"": false, ""pointer_arithmetic"": false, ""pointer_count"": 0, ""pointer_to_pointer"": false, ""raw_pointer_parameter"": false, ""raw_pointer_return"": false, ""realloc"": false, ""setjmp"": false, ""static_local"": false, ""syscall"": false, ""third_party"": false, ""union"": false, ""va_list"": false, ""variadic"": false, ""void_pointer"": false}",TRIVIAL,no_significant_detected_blocker,"[""conditional_compilation""]",medium
2,ecal-core,652e92f7cda2ab1f2d0056cb296b66c7a30c8fa8,ecal/core/src/ecal_event.cpp,139,165,function,named_event_initialize,27,"{""bitfield"": false, ""branch_complexity_proxy"": 0, ""c_array"": false, ""call_count"": 10, ""callback"": false, ""calloc"": false, ""conditional_compilation"": true, ""explicit_abi_boundary"": false, ""extern_declaration"": false, ""extern_or_abi_boundary"": false, ""flexible_array"": false, ""free"": false, ""function_pointer"": false, ""generated_source"": false, ""global_read"": false, ""global_write"": false, ""goto"": false, ""lexical_ambiguity"": false, ""longjmp"": false, ""macro_density"": 0.074074, ""macro_generated_declaration"": false, ""macro_use"": false, ""malloc"": false, ""memcpy"": false, ""memmove"": false, ""memset"": false, ""mutable_global"": false, ""parameter_count"": 1, ""platform_specific"": false, ""pointer_arithmetic"": false, ""pointer_count"": 1, ""pointer_to_pointer"": false, ""raw_pointer_parameter"": true, ""raw_pointer_return"": false, ""realloc"": false, ""setjmp"": false, ""static_local"": false, ""syscall"": false, ""third_party"": false, ""union"": false, ""va_list"": false, ""variadic"": false, ""void_pointer"": false}",TRIVIAL,no_significant_detected_blocker,"[""conditional_compilation"", ""raw_pointer_parameter""]",medium
2,ecal-core,652e92f7cda2ab1f2d0056cb296b66c7a30c8fa8,ecal/core/src/ecal_event.cpp,167,177,function,named_event_set,11,"{""bitfield"": false, ""branch_complexity_proxy"": 0, ""c_array"": false, ""call_count"": 4, ""callback"": false, ""calloc"": false, ""conditional_compilation"": true, ""explicit_abi_boundary"": false, ""extern_declaration"": false, ""extern_or_abi_boundary"": false, ""flexible_array"": false, ""free"": false, ""function_pointer"": false, ""generated_source"": false, ""global_read"": false, ""global_write"": false, ""goto"": false, ""lexical_ambiguity"": false, ""longjmp"": false, ""macro_density"": 0.0, ""macro_generated_declaration"": false, ""macro_use"": false, ""malloc"": false, ""memcpy"": false, ""memmove"": false, ""memset"": false, ""mutable_global"": false, ""parameter_count"": 1, ""platform_specific"": false, ""pointer_arithmetic"": false, ""pointer_count"": 1, ""pointer_to_pointer"": false, ""raw_pointer_parameter"": true, ""raw_pointer_return"": false, ""realloc"": false, ""setjmp"": false, ""static_local"": false, ""syscall"": false, ""third_party"": false, ""union"": false, ""va_list"": false, ""variadic"": false, ""void_pointer"": false}",TRIVIAL,no_significant_detected_blocker,"[""conditional_compilation"", ""raw_pointer_parameter""]",medium
2,ecal-core,652e92f7cda2ab1f2d0056cb296b66c7a30c8fa8,ecal/core/src/ecal_event.cpp,179,224,function,named_event_wait,46,"{""bitfield"": false, ""branch_complexity_proxy"": 4, ""c_array"": false, ""call_count"": 13, ""callback"": false, ""calloc"": false, ""conditional_compilation"": true, ""explicit_abi_boundary"": false, ""extern_declaration"": false, ""extern_or_abi_boundary"": false, ""flexible_array"": false, ""free"": false, ""function_pointer"": false, ""generated_source"": false, ""global_read"": false, ""global_write"": false, ""goto"": false, ""lexical_ambiguity"": false, ""longjmp"": false, ""macro_density"": 0.065217, ""macro_generated_declaration"": false, ""macro_use"": false, ""malloc"": false, ""memcpy"": false, ""memmove"": false, ""memset"": false, ""mutable_global"": false, ""parameter_count"": 2, ""platform_specific"": false, ""pointer_arithmetic"": false, ""pointer_count"": 2, ""pointer_to_pointer"": false, ""raw_pointer_parameter"": true, ""raw_pointer_return"": false, ""realloc"": false, ""setjmp"": false, ""static_local"": false, ""syscall"": false, ""third_party"": false, ""union"": false, ""va_list"": false, ""variadic"": false, ""void_pointer"": false}",TRIVIAL,no_significant_detected_blocker,"[""conditional_compilation"", ""raw_pointer_parameter""]",medium
2,ecal-core,652e92f7cda2ab1f2d0056cb296b66c7a30c8fa8,ecal/core/src/ecal_event.cpp,226,242,function,named_event_trywait,17,"{""bitfield"": false, ""branch_complexity_proxy"": 1, ""c_array"": false, ""call_count"": 5, ""callback"": false, ""calloc"": false, ""conditional_compilation"": true, ""explicit_abi_boundary"": false, ""extern_declaration"": false, ""extern_or_abi_boundary"": false, ""flexible_array"": false, ""free"": false, ""function_pointer"": false, ""generated_source"": false, ""global_read"": false, ""global_write"": false, ""goto"": false, ""lexical_ambiguity"": false, ""longjmp"": false, ""macro_density"": 0.0, ""macro_generated_declaration"": false, ""macro_use"": false, ""malloc"": false, ""memcpy"": false, ""memmove"": false, ""memset"": false, ""mutable_global"": false, ""parameter_count"": 1, ""platform_specific"": false, ""pointer_arithmetic"": false, ""pointer_count"": 1, ""pointer_to_pointer"": false, ""raw_pointer_parameter"": true, ""raw_pointer_return"": false, ""realloc"": false, ""setjmp"": false, ""static_local"": false, ""syscall"": false, ""third_party"": false, ""union"": false, ""va_list"": false, ""variadic"": false, ""void_pointer"": false}",TRIVIAL,no_significant_detected_blocker,"[""conditional_compilation"", ""raw_pointer_parameter""]",medium
2,ecal-core,652e92f7cda2ab1f2d0056cb296b66c7a30c8fa8,ecal/core/src/ecal_event.cpp,252,257,function,set,6,"{""bitfield"": false, ""branch_complexity_proxy"": 0, ""c_array"": false, ""call_count"": 3, ""callback"": false, ""calloc"": false, ""conditional_compilation"": true, ""explicit_abi_boundary"": false, ""extern_declaration"": false, ""extern_or_abi_boundary"": false, ""flexible_array"": false, ""free"": false, ""function_pointer"": false, ""generated_source"": false, ""global_read"": false, ""global_write"": false, ""goto"": false, ""lexical_ambiguity"": false, ""longjmp"": false, ""macro_density"": 0.0, ""macro_generated_declaration"": false, ""macro_use"": false, ""malloc"": false, ""memcpy"": false, ""memmove"": false, ""memset"": false, ""mutable_global"": false, ""parameter_count"": 0, ""platform_specific"": false, ""pointer_arithmetic"": false, ""pointer_count"": 0, ""pointer_to_pointer"": false, ""raw_pointer_parameter"": false, ""raw_pointer_return"": false, ""realloc"": false, ""setjmp"": false, ""static_local"": false, ""syscall"": false, ""third_party"": false, ""union"": false, ""va_list"": false, ""variadic"": false, ""void_pointer"": false}",TRIVIAL,no_significant_detected_blocker,"[""conditional_compilation""]",medium
2,ecal-core,652e92f7cda2ab1f2d0056cb296b66c7a30c8fa8,ecal/core/src/ecal_event.cpp,259,265,function,wait,7,"{""bitfield"": false, ""branch_complexity_proxy"": 0, ""c_array"": false, ""call_count"": 3, ""callback"": false, ""calloc"": false, ""conditional_compilation"": true, ""explicit_abi_boundary"": false, ""extern_declaration"": false, ""extern_or_abi_boundary"": false, ""flexible_array"": false, ""free"": false, ""function_pointer"": false, ""generated_source"": false, ""global_read"": false, ""global_write"": false, ""goto"": false, ""lexical_ambiguity"": false, ""longjmp"": false, ""macro_density"": 0.0, ""macro_generated_declaration"": false, ""macro_use"": false, ""malloc"": false, ""memcpy"": false, ""memmove"": false, ""memset"": false, ""mutable_global"": false, ""parameter_count"": 0, ""platform_specific"": false, ""pointer_arithmetic"": false, ""pointer_count"": 0, ""pointer_to_pointer"": false, ""raw_pointer_parameter"": false, ""raw_pointer_return"": false, ""realloc"": false, ""setjmp"": false, ""static_local"": false, ""syscall"": false, ""third_party"": false, ""union"": false, ""va_list"": false, ""variadic"": false, ""void_pointer"": false}",TRIVIAL,no_significant_detected_blocker,"[""conditional_compilation""]",medium
2,ecal-core,652e92f7cda2ab1f2d0056cb296b66c7a30c8fa8,ecal/core/src/ecal_event.cpp,268,277,function,wait,10,"{""bitfield"": false, ""branch_complexity_proxy"": 1, ""c_array"": false, ""call_count"": 4, ""callback"": false, ""calloc"": false, ""conditional_compilation"": true, ""explicit_abi_boundary"": false, ""extern_declaration"": false, ""extern_or_abi_boundary"": false, ""flexible_array"": false, ""free"": false, ""function_pointer"": false, ""generated_source"": false, ""global_read"": false, ""global_write"": false, ""goto"": false, ""lexical_ambiguity"": false, ""longjmp"": false, ""macro_density"": 0.0, ""macro_generated_declaration"": false, ""macro_use"": false, ""malloc"": false, ""memcpy"": false, ""memmove"": false, ""memset"": false, ""mutable_global"": false, ""parameter_count"": 2, ""platform_specific"": false, ""pointer_arithmetic"": false, ""pointer_count"": 0, ""pointer_to_pointer"": false, ""raw_pointer_parameter"": false, ""raw_pointer_return"": false, ""realloc"": false, ""setjmp"": false, ""static_local"": false, ""syscall"": false, ""third_party"": false, ""union"": false, ""va_list"": false, ""variadic"": false, ""void_pointer"": false}",TRIVIAL,no_significant_detected_blocker,"[""conditional_compilation""]",medium
2,ecal-core,652e92f7cda2ab1f2d0056cb296b66c7a30c8fa8,ecal/core/src/ecal_event.cpp,288,298,function,CNamedEvent,11,"{""bitfield"": false, ""branch_complexity_proxy"": 0, ""c_array"": false, ""call_count"": 1, ""callback"": false, ""calloc"": false, ""conditional_compilation"": true, ""explicit_abi_boundary"": false, ""extern_declaration"": false, ""extern_or_abi_boundary"": false, ""flexible_array"": false, ""free"": false, ""function_pointer"": false, ""generated_source"": false, ""global_read"": false, ""global_write"": false, ""goto"": false, ""lexical_ambiguity"": false, ""longjmp"": false, ""macro_density"": 0.0, ""macro_generated_declaration"": false, ""macro_use"": false, ""malloc"": false, ""memcpy"": false, ""memmove"": false, ""memset"": false, ""mutable_global"": false, ""parameter_count"": 2, ""platform_specific"": false, ""pointer_arithmetic"": false, ""pointer_count"": 0, ""pointer_to_pointer"": false, ""raw_pointer_parameter"": false, ""raw_pointer_return"": false, ""realloc"": false, ""setjmp"": false, ""static_local"": false, ""syscall"": false, ""third_party"": false, ""union"": false, ""va_list"": false, ""variadic"": false, ""void_pointer"": false}",TRIVIAL,no_significant_detected_blocker,"[""conditional_compilation""]",medium
2,ecal-core,652e92f7cda2ab1f2d0056cb296b66c7a30c8fa8,ecal/core/src/ecal_event.cpp,310,314,function,set,5,"{""bitfield"": false, ""branch_complexity_proxy"": 1, ""c_array"": false, ""call_count"": 5, ""callback"": false, ""calloc"": false, ""conditional_compilation"": true, ""explicit_abi_boundary"": false, ""extern_declaration"": false, ""extern_or_abi_boundary"": false, ""flexible_array"": false, ""free"": false, ""function_pointer"": false, ""generated_source"": false, ""global_read"": false, ""global_write"": false, ""goto"": false, ""lexical_ambiguity"": false, ""longjmp"": false, ""macro_density"": 0.0, ""macro_generated_declaration"": false, ""macro_use"": false, ""malloc"": false, ""memcpy"": false, ""memmove"": false, ""memset"": false, ""mutable_global"": false, ""parameter_count"": 0, ""platform_specific"": false, ""pointer_arithmetic"": false, ""pointer_count"": 0, ""pointer_to_pointer"": false, ""raw_pointer_parameter"": false, ""raw_pointer_return"": false, ""realloc"": false, ""setjmp"": false, ""static_local"": false, ""syscall"": false, ""third_party"": false, ""union"": false, ""va_list"": false, ""variadic"": false, ""void_pointer"": false}",TRIVIAL,no_significant_detected_blocker,"[""conditional_compilation""]",medium
2,ecal-core,652e92f7cda2ab1f2d0056cb296b66c7a30c8fa8,ecal/core/src/ecal_event.cpp,316,320,function,wait,5,"{""bitfield"": false, ""branch_complexity_proxy"": 1, ""c_array"": false, ""call_count"": 6, ""callback"": false, ""calloc"": false, ""conditional_compilation"": true, ""explicit_abi_boundary"": false, ""extern_declaration"": false, ""extern_or_abi_boundary"": false, ""flexible_array"": false, ""free"": false, ""function_pointer"": false, ""generated_source"": false, ""global_read"": false, ""global_write"": false, ""goto"": false, ""lexical_ambiguity"": false, ""longjmp"": false, ""macro_density"": 0.0, ""macro_generated_declaration"": false, ""macro_use"": false, ""malloc"": false, ""memcpy"": false, ""memmove"": false, ""memset"": false, ""mutable_global"": false, ""parameter_count"": 0, ""platform_specific"": false, ""pointer_arithmetic"": false, ""pointer_count"": 0, ""pointer_to_pointer"": false, ""raw_pointer_parameter"": false, ""raw_pointer_return"": false, ""realloc"": false, ""setjmp"": false, ""static_local"": false, ""syscall"": false, ""third_party"": false, ""union"": false, ""va_list"": false, ""variadic"": false, ""void_pointer"": false}",TRIVIAL,no_significant_detected_blocker,"[""conditional_compilation""]",medium
2,ecal-core,652e92f7cda2ab1f2d0056cb296b66c7a30c8fa8,ecal/core/src/ecal_event.cpp,322,352,function,wait,31,"{""bitfield"": false, ""branch_complexity_proxy"": 4, ""c_array"": false, ""call_count"": 16, ""callback"": false, ""calloc"": false, ""conditional_compilation"": true, ""explicit_abi_boundary"": false, ""extern_declaration"": false, ""extern_or_abi_boundary"": false, ""flexible_array"": false, ""free"": false, ""function_pointer"": false, ""generated_source"": false, ""global_read"": false, ""global_write"": false, ""goto"": false, ""lexical_ambiguity"": false, ""longjmp"": false, ""macro_density"": 0.0, ""macro_generated_declaration"": false, ""macro_use"": false, ""malloc"": false, ""memcpy"": false, ""memmove"": false, ""memset"": false, ""mutable_global"": false, ""parameter_count"": 1, ""platform_specific"": false, ""pointer_arithmetic"": true, ""pointer_count"": 1, ""pointer_to_pointer"": false, ""raw_pointer_parameter"": false, ""raw_pointer_return"": false, ""realloc"": false, ""setjmp"": false, ""static_local"": false, ""syscall"": false, ""third_party"": false, ""union"": false, ""va_list"": false, ""variadic"": false, ""void_pointer"": false}",REFACTOR_THEN_DSL,pointer_arithmetic,[],medium
2,ecal-core,652e92f7cda2ab1f2d0056cb296b66c7a30c8fa8,ecal/core/src/ecal_event.cpp,333,336,function,if,4,"{""bitfield"": false, ""branch_complexity_proxy"": 1, ""c_array"": false, ""call_count"": 4, ""callback"": false, ""calloc"": false, ""conditional_compilation"": true, ""explicit_abi_boundary"": false, ""extern_declaration"": false, ""extern_or_abi_boundary"": false, ""flexible_array"": false, ""free"": false, ""function_pointer"": false, ""generated_source"": false, ""global_read"": false, ""global_write"": false, ""goto"": false, ""lexical_ambiguity"": false, ""longjmp"": false, ""macro_density"": 0.0, ""macro_generated_declaration"": false, ""macro_use"": false, ""malloc"": false, ""memcpy"": false, ""memmove"": false, ""memset"": false, ""mutable_global"": false, ""parameter_count"": 1, ""platform_specific"": false, ""pointer_arithmetic"": false, ""pointer_count"": 0, ""pointer_to_pointer"": false, ""raw_pointer_parameter"": false, ""raw_pointer_return"": false, ""realloc"": false, ""setjmp"": false, ""static_local"": false, ""syscall"": false, ""third_party"": false, ""union"": false, ""va_list"": false, ""variadic"": false, ""void_pointer"": false}",TRIVIAL,no_significant_detected_blocker,"[""conditional_compilation""]",medium
2,ecal-core,652e92f7cda2ab1f2d0056cb296b66c7a30c8fa8,ecal/core/src/ecal_event.cpp,360,374,function,gOpenNamedEvent,15,"{""bitfield"": false, ""branch_complexity_proxy"": 2, ""c_array"": false, ""call_count"": 5, ""callback"": false, ""calloc"": false, ""conditional_compilation"": true, ""explicit_abi_boundary"": false, ""extern_declaration"": false, ""extern_or_abi_boundary"": false, ""flexible_array"": false, ""free"": false, ""function_pointer"": false, ""generated_source"": false, ""global_read"": false, ""global_write"": false, ""goto"": false, ""lexical_ambiguity"": false, ""longjmp"": false, ""macro_density"": 0.0, ""macro_generated_declaration"": false, ""macro_use"": false, ""malloc"": false, ""memcpy"": false, ""memmove"": false, ""memset"": false, ""mutable_global"": false, ""parameter_count"": 3, ""platform_specific"": false, ""pointer_arithmetic"": false, ""pointer_count"": 2, ""pointer_to_pointer"": false, ""raw_pointer_parameter"": true, ""raw_pointer_return"": false, ""realloc"": false, ""setjmp"": false, ""static_local"": false, ""syscall"": false, ""third_party"": false, ""union"": false, ""va_list"": false, ""variadic"": false, ""void_pointer"": false}",TRIVIAL,no_significant_detected_blocker,"[""conditional_compilation"", ""raw_pointer_parameter""]",medium
2,ecal-core,652e92f7cda2ab1f2d0056cb296b66c7a30c8fa8,ecal/core/src/ecal_event.cpp,376,390,function,gOpenUnnamedEvent,15,"{""bitfield"": false, ""branch_complexity_proxy"": 2, ""c_array"": false, ""call_count"": 5, ""callback"": false, ""calloc"": false, ""conditional_compilation"": true, ""explicit_abi_boundary"": false, ""extern_declaration"": false, ""extern_or_abi_boundary"": false, ""flexible_array"": false, ""free"": false, ""function_pointer"": false, ""generated_source"": false, ""global_read"": false, ""global_write"": false, ""goto"": false, ""lexical_ambiguity"": false, ""longjmp"": false, ""macro_density"": 0.0, ""macro_generated_declaration"": false, ""macro_use"": false, ""malloc"": false, ""memcpy"": false, ""memmove"": false, ""memset"": false, ""mutable_global"": false, ""parameter_count"": 1, ""platform_specific"": false, ""pointer_arithmetic"": false, ""pointer_count"": 2, ""pointer_to_pointer"": false, ""raw_pointer_parameter"": true, ""raw_pointer_return"": false, ""realloc"": false, ""setjmp"": false, ""static_local"": false, ""syscall"": false, ""third_party"": false, ""union"": false, ""va_list"": false, ""variadic"": false, ""void_pointer"": false}",TRIVIAL,no_significant_detected_blocker,"[""conditional_compilation"", ""raw_pointer_parameter""]",medium
2,ecal-core,652e92f7cda2ab1f2d0056cb296b66c7a30c8fa8,ecal/core/src/ecal_event.cpp,393,415,function,gOpenEvent,23,"{""bitfield"": false, ""branch_complexity_proxy"": 3, ""c_array"": false, ""call_count"": 8, ""callback"": false, ""calloc"": false, ""conditional_compilation"": true, ""explicit_abi_boundary"": false, ""extern_declaration"": false, ""extern_or_abi_boundary"": false, ""flexible_array"": false, ""free"": false, ""function_pointer"": false, ""generated_source"": false, ""global_read"": false, ""global_write"": false, ""goto"": false, ""lexical_ambiguity"": false, ""longjmp"": false, ""macro_density"": 0.0, ""macro_generated_declaration"": false, ""macro_use"": false, ""malloc"": false, ""memcpy"": false, ""memmove"": false, ""memset"": false, ""mutable_global"": false, ""parameter_count"": 2, ""platform_specific"": false, ""pointer_arithmetic"": false, ""pointer_count"": 2, ""pointer_to_pointer"": false, ""raw_pointer_parameter"": true, ""raw_pointer_return"": false, ""realloc"": false, ""setjmp"": false, ""static_local"": false, ""syscall"": false, ""third_party"": false, ""union"": false, ""va_list"": false, ""variadic"": false, ""void_pointer"": false}",TRIVIAL,no_significant_detected_blocker,"[""conditional_compilation"", ""raw_pointer_parameter""]",medium
2,ecal-core,652e92f7cda2ab1f2d0056cb296b66c7a30c8fa8,ecal/core/src/ecal_event.cpp,417,429,function,gCloseEvent,13,"{""bitfield"": false, ""branch_complexity_proxy"": 2, ""c_array"": false, ""call_count"": 4, ""callback"": false, ""calloc"": false, ""conditional_compilation"": true, ""explicit_abi_boundary"": false, ""extern_declaration"": false, ""extern_or_abi_boundary"": false, ""flexible_array"": false, ""free"": false, ""function_pointer"": false, ""generated_source"": false, ""global_read"": false, ""global_write"": false, ""goto"": false, ""lexical_ambiguity"": false, ""longjmp"": false, ""macro_density"": 0.0, ""macro_generated_declaration"": false, ""macro_use"": false, ""malloc"": false, ""memcpy"": false, ""memmove"": false, ""memset"": false, ""mutable_global"": false, ""parameter_count"": 1, ""platform_specific"": false, ""pointer_arithmetic"": false, ""pointer_count"": 2, ""pointer_to_pointer"": false, ""raw_pointer_parameter"": false, ""raw_pointer_return"": false, ""realloc"": false, ""setjmp"": false, ""static_local"": false, ""syscall"": false, ""third_party"": false, ""union"": false, ""va_list"": false, ""variadic"": false, ""void_pointer"": false}",TRIVIAL,no_significant_detected_blocker,"[""conditional_compilation""]",medium
2,ecal-core,652e92f7cda2ab1f2d0056cb296b66c7a30c8fa8,ecal/core/src/ecal_event.cpp,431,443,function,gSetEvent,13,"{""bitfield"": false, ""branch_complexity_proxy"": 2, ""c_array"": false, ""call_count"": 6, ""callback"": false, ""calloc"": false, ""conditional_compilation"": true, ""explicit_abi_boundary"": false, ""extern_declaration"": false, ""extern_or_abi_boundary"": false, ""flexible_array"": false, ""free"": false, ""function_pointer"": false, ""generated_source"": false, ""global_read"": false, ""global_write"": false, ""goto"": false, ""lexical_ambiguity"": false, ""longjmp"": false, ""macro_density"": 0.0, ""macro_generated_declaration"": false, ""macro_use"": false, ""malloc"": false, ""memcpy"": false, ""memmove"": false, ""memset"": false, ""mutable_global"": false, ""parameter_count"": 1, ""platform_specific"": false, ""pointer_arithmetic"": false, ""pointer_count"": 2, ""pointer_to_pointer"": false, ""raw_pointer_parameter"": false, ""raw_pointer_return"": false, ""realloc"": false, ""setjmp"": false, ""static_local"": false, ""syscall"": false, ""third_party"": false, ""union"": false, ""va_list"": false, ""variadic"": false, ""void_pointer"": false}",TRIVIAL,no_significant_detected_blocker,"[""conditional_compilation""]",medium
2,ecal-core,652e92f7cda2ab1f2d0056cb296b66c7a30c8fa8,ecal/core/src/ecal_event.cpp,445,470,function,gWaitForEvent,26,"{""bitfield"": false, ""branch_complexity_proxy"": 4, ""c_array"": false, ""call_count"": 15, ""callback"": false, ""calloc"": false, ""conditional_compilation"": true, ""explicit_abi_boundary"": false, ""extern_declaration"": false, ""extern_or_abi_boundary"": false, ""flexible_array"": false, ""free"": false, ""function_pointer"": false, ""generated_source"": false, ""global_read"": false, ""global_write"": false, ""goto"": false, ""lexical_ambiguity"": false, ""longjmp"": false, ""macro_density"": 0.0, ""macro_generated_declaration"": false, ""macro_use"": false, ""malloc"": false, ""memcpy"": false, ""memmove"": false, ""memset"": false, ""mutable_global"": false, ""parameter_count"": 2, ""platform_specific"": false, ""pointer_arithmetic"": false, ""pointer_count"": 4, ""pointer_to_pointer"": false, ""raw_pointer_parameter"": false, ""raw_pointer_return"": false, ""realloc"": false, ""setjmp"": false, ""static_local"": false, ""syscall"": false, ""third_party"": false, ""union"": false, ""va_list"": false, ""variadic"": false, ""void_pointer"": false}",TRIVIAL,no_significant_detected_blocker,"[""conditional_compilation""]",medium
2,ecal-core,652e92f7cda2ab1f2d0056cb296b66c7a30c8fa8,ecal/core/src/ecal_event.cpp,472,478,function,gInvalidateEvent,7,"{""bitfield"": false, ""branch_complexity_proxy"": 2, ""c_array"": false, ""call_count"": 3, ""callback"": false, ""calloc"": false, ""conditional_compilation"": true, ""explicit_abi_boundary"": false, ""extern_declaration"": false, ""extern_or_abi_boundary"": false, ""flexible_array"": false, ""free"": false, ""function_pointer"": false, ""generated_source"": false, ""global_read"": false, ""global_write"": false, ""goto"": false, ""lexical_ambiguity"": false, ""longjmp"": false, ""macro_density"": 0.0, ""macro_generated_declaration"": false, ""macro_use"": false, ""malloc"": false, ""memcpy"": false, ""memmove"": false, ""memset"": false, ""mutable_global"": false, ""parameter_count"": 1, ""platform_specific"": false, ""pointer_arithmetic"": false, ""pointer_count"": 1, ""pointer_to_pointer"": false, ""raw_pointer_parameter"": true, ""raw_pointer_return"": false, ""realloc"": false, ""setjmp"": false, ""static_local"": false, ""syscall"": false, ""third_party"": false, ""union"": false, ""va_list"": false, ""variadic"": false, ""void_pointer"": false}",TRIVIAL,no_significant_detected_blocker,"[""conditional_compilation"", ""raw_pointer_parameter""]",medium
2,ecal-core,652e92f7cda2ab1f2d0056cb296b66c7a30c8fa8,ecal/core/src/ecal_event.cpp,480,483,function,gEventIsValid,4,"{""bitfield"": false, ""branch_complexity_proxy"": 0, ""c_array"": false, ""call_count"": 2, ""callback"": false, ""calloc"": false, ""conditional_compilation"": true, ""explicit_abi_boundary"": false, ""extern_declaration"": false, ""extern_or_abi_boundary"": false, ""flexible_array"": false, ""free"": false, ""function_pointer"": false, ""generated_source"": false, ""global_read"": false, ""global_write"": false, ""goto"": false, ""lexical_ambiguity"": false, ""longjmp"": false, ""macro_density"": 0.0, ""macro_generated_declaration"": false, ""macro_use"": false, ""malloc"": false, ""memcpy"": false, ""memmove"": false, ""memset"": false, ""mutable_global"": false, ""parameter_count"": 1, ""platform_specific"": false, ""pointer_arithmetic"": false, ""pointer_count"": 0, ""pointer_to_pointer"": false, ""raw_pointer_parameter"": false, ""raw_pointer_return"": false, ""realloc"": false, ""setjmp"": false, ""static_local"": false, ""syscall"": false, ""third_party"": false, ""union"": false, ""va_list"": false, ""variadic"": false, ""void_pointer"": false}",TRIVIAL,no_significant_detected_blocker,"[""conditional_compilation""]",medium
2,ecal-core,652e92f7cda2ab1f2d0056cb296b66c7a30c8fa8,ecal/core/src/ecal_eventhandle.h,35,49,struct,SEventHandle,15,"{""bitfield"": false, ""branch_complexity_proxy"": 0, ""c_array"": false, ""call_count"": 1, ""callback"": false, ""calloc"": false, ""conditional_compilation"": false, ""explicit_abi_boundary"": false, ""extern_declaration"": false, ""extern_or_abi_boundary"": false, ""flexible_array"": false, ""free"": false, ""function_pointer"": false, ""generated_source"": false, ""global_read"": false, ""global_write"": false, ""goto"": false, ""lexical_ambiguity"": false, ""longjmp"": false, ""macro_density"": 0.0, ""macro_generated_declaration"": false, ""macro_use"": false, ""malloc"": false, ""memcpy"": false, ""memmove"": false, ""memset"": false, ""mutable_global"": false, ""parameter_count"": 0, ""platform_specific"": false, ""pointer_arithmetic"": false, ""pointer_count"": 1, ""pointer_to_pointer"": false, ""raw_pointer_parameter"": false, ""raw_pointer_return"": false, ""realloc"": false, ""setjmp"": false, ""static_local"": false, ""syscall"": false, ""third_party"": false, ""union"": false, ""va_list"": false, ""variadic"": false, ""void_pointer"": true}",TRIVIAL,no_significant_detected_blocker,"[""void_pointer""]",medium
2,ecal-core,652e92f7cda2ab1f2d0056cb296b66c7a30c8fa8,ecal/core/src/ecal_global_accessors.cpp,60,68,function,SetGlobalUnitName,9,"{""bitfield"": false, ""branch_complexity_proxy"": 2, ""c_array"": false, ""call_count"": 6, ""callback"": false, ""calloc"": false, ""conditional_compilation"": false, ""explicit_abi_boundary"": false, ""extern_declaration"": false, ""extern_or_abi_boundary"": false, ""flexible_array"": false, ""free"": false, ""function_pointer"": false, ""generated_source"": false, ""global_read"": false, ""global_write"": false, ""goto"": false, ""lexical_ambiguity"": false, ""longjmp"": false, ""macro_density"": 0.0, ""macro_generated_declaration"": false, ""macro_use"": false, ""malloc"": false, ""memcpy"": false, ""memmove"": false, ""memset"": false, ""mutable_global"": false, ""parameter_count"": 1, ""platform_specific"": false, ""pointer_arithmetic"": false, ""pointer_count"": 1, ""pointer_to_pointer"": false, ""raw_pointer_parameter"": true, ""raw_pointer_return"": false, ""realloc"": false, ""setjmp"": false, ""static_local"": false, ""syscall"": false, ""third_party"": false, ""union"": false, ""va_list"": false, ""variadic"": false, ""void_pointer"": false}",TRIVIAL,no_significant_detected_blocker,"[""raw_pointer_parameter""]",medium
2,ecal-core,652e92f7cda2ab1f2d0056cb296b66c7a30c8fa8,ecal/core/src/ecal_global_accessors.cpp,76,86,function,FinalizeGlobals,11,"{""bitfield"": false, ""branch_complexity_proxy"": 1, ""c_array"": false, ""call_count"": 5, ""callback"": false, ""calloc"": false, ""conditional_compilation"": false, ""explicit_abi_boundary"": false, ""extern_declaration"": false, ""extern_or_abi_boundary"": false, ""flexible_array"": false, ""free"": false, ""function_pointer"": false, ""generated_source"": false, ""global_read"": false, ""global_write"": false, ""goto"": false, ""lexical_ambiguity"": false, ""longjmp"": false, ""macro_density"": 0.0, ""macro_generated_declaration"": false, ""macro_use"": false, ""malloc"": false, ""memcpy"": false, ""memmove"": false, ""memset"": false, ""mutable_global"": false, ""parameter_count"": 0, ""platform_specific"": false, ""pointer_arithmetic"": false, ""pointer_count"": 0, ""pointer_to_pointer"": false, ""raw_pointer_parameter"": false, ""raw_pointer_return"": false, ""realloc"": false, ""setjmp"": false, ""static_local"": false, ""syscall"": false, ""third_party"": false, ""union"": false, ""va_list"": false, ""variadic"": false, ""void_pointer"": false}",TRIVIAL,no_significant_detected_blocker,[],medium
2,ecal-core,652e92f7cda2ab1f2d0056cb296b66c7a30c8fa8,ecal/core/src/ecal_global_accessors.cpp,88,91,function,ResetGlobalEcalConfiguration,4,"{""bitfield"": false, ""branch_complexity_proxy"": 0, ""c_array"": false, ""call_count"": 2, ""callback"": false, ""calloc"": false, ""conditional_compilation"": false, ""explicit_abi_boundary"": false, ""extern_declaration"": false, ""extern_or_abi_boundary"": false, ""flexible_array"": false, ""free"": false, ""function_pointer"": false, ""generated_source"": false, ""global_read"": false, ""global_write"": false, ""goto"": false, ""lexical_ambiguity"": false, ""longjmp"": false, ""macro_density"": 0.0, ""macro_generated_declaration"": false, ""macro_use"": false, ""malloc"": false, ""memcpy"": false, ""memmove"": false, ""memset"": false, ""mutable_global"": false, ""parameter_count"": 0, ""platform_specific"": false, ""pointer_arithmetic"": false, ""pointer_count"": 0, ""pointer_to_pointer"": false, ""raw_pointer_parameter"": false, ""raw_pointer_return"": false, ""realloc"": false, ""setjmp"": false, ""static_local"": false, ""syscall"": false, ""third_party"": false, ""union"": false, ""va_list"": false, ""variadic"": false, ""void_pointer"": false}",TRIVIAL,no_significant_detected_blocker,[],medium
2,ecal-core,652e92f7cda2ab1f2d0056cb296b66c7a30c8fa8,ecal/core/src/ecal_global_accessors.cpp,93,96,function,SetGlobalEcalConfiguration,4,"{""bitfield"": false, ""branch_complexity_proxy"": 0, ""c_array"": false, ""call_count"": 1, ""callback"": false, ""calloc"": false, ""conditional_compilation"": false, ""explicit_abi_boundary"": false, ""extern_declaration"": false, ""extern_or_abi_boundary"": false, ""flexible_array"": false, ""free"": false, ""function_pointer"": false, ""generated_source"": false, ""global_read"": false, ""global_write"": false, ""goto"": false, ""lexical_ambiguity"": false, ""longjmp"": false, ""macro_density"": 0.0, ""macro_generated_declaration"": false, ""macro_use"": false, ""malloc"": false, ""memcpy"": false, ""memmove"": false, ""memset"": false, ""mutable_global"": false, ""parameter_count"": 1, ""platform_specific"": false, ""pointer_arithmetic"": false, ""pointer_count"": 0, ""pointer_to_pointer"": false, ""raw_pointer_parameter"": false, ""raw_pointer_return"": false, ""realloc"": false, ""setjmp"": false, ""static_local"": false, ""syscall"": false, ""third_party"": false, ""union"": false, ""va_list"": false, ""variadic"": false, ""void_pointer"": false}",TRIVIAL,no_significant_detected_blocker,[],medium
2,ecal-core,652e92f7cda2ab1f2d0056cb296b66c7a30c8fa8,ecal/core/src/ecal_global_accessors.cpp,98,102,function,InitializeLogging,5,"{""bitfield"": false, ""branch_complexity_proxy"": 0, ""c_array"": false, ""call_count"": 5, ""callback"": false, ""calloc"": false, ""conditional_compilation"": false, ""explicit_abi_boundary"": false, ""extern_declaration"": false, ""extern_or_abi_boundary"": false, ""flexible_array"": false, ""free"": false, ""function_pointer"": false, ""generated_source"": false, ""global_read"": false, ""global_write"": false, ""goto"": false, ""lexical_ambiguity"": false, ""longjmp"": false, ""macro_density"": 0.0, ""macro_generated_declaration"": false, ""macro_use"": false, ""malloc"": false, ""memcpy"": false, ""memmove"": false, ""memset"": false, ""mutable_global"": false, ""parameter_count"": 1, ""platform_specific"": false, ""pointer_arithmetic"": false, ""pointer_count"": 0, ""pointer_to_pointer"": false, ""raw_pointer_parameter"": false, ""raw_pointer_return"": false, ""realloc"": false, ""setjmp"": false, ""static_local"": false, ""syscall"": false, ""third_party"": false, ""union"": false, ""va_list"": false, ""variadic"": false, ""void_pointer"": false}",TRIVIAL,no_significant_detected_blocker,[],medium
2,ecal-core,652e92f7cda2ab1f2d0056cb296b66c7a30c8fa8,ecal/core/src/ecal_global_accessors.cpp,104,108,function,ResetLogging,5,"{""bitfield"": false, ""branch_complexity_proxy"": 0, ""c_array"": false, ""call_count"": 3, ""callback"": false, ""calloc"": false, ""conditional_compilation"": false, ""explicit_abi_boundary"": false, ""extern_declaration"": false, ""extern_or_abi_boundary"": false, ""flexible_array"": false, ""free"": false, ""function_pointer"": false, ""generated_source"": false, ""global_read"": false, ""global_write"": false, ""goto"": false, ""lexical_ambiguity"": false, ""longjmp"": false, ""macro_density"": 0.0, ""macro_generated_declaration"": false, ""macro_use"": false, ""malloc"": false, ""memcpy"": false, ""memmove"": false, ""memset"": false, ""mutable_global"": false, ""parameter_count"": 0, ""platform_specific"": false, ""pointer_arithmetic"": false, ""pointer_count"": 0, ""pointer_to_pointer"": false, ""raw_pointer_parameter"": false, ""raw_pointer_return"": false, ""realloc"": false, ""setjmp"": false, ""static_local"": false, ""syscall"": false, ""third_party"": false, ""union"": false, ""va_list"": false, ""variadic"": false, ""void_pointer"": false}",TRIVIAL,no_significant_detected_blocker,[],medium
2,ecal-core,652e92f7cda2ab1f2d0056cb296b66c7a30c8fa8,ecal/core/src/ecal_process.cpp,139,144,function,DumpConfig,6,"{""bitfield"": false, ""branch_complexity_proxy"": 0, ""c_array"": false, ""call_count"": 2, ""callback"": false, ""calloc"": false, ""conditional_compilation"": false, ""explicit_abi_boundary"": false, ""extern_declaration"": false, ""extern_or_abi_boundary"": false, ""flexible_array"": false, ""free"": false, ""function_pointer"": false, ""generated_source"": false, ""global_read"": false, ""global_write"": false, ""goto"": false, ""lexical_ambiguity"": false, ""longjmp"": false, ""macro_density"": 0.0, ""macro_generated_declaration"": false, ""macro_use"": false, ""malloc"": false, ""memcpy"": false, ""memmove"": false, ""memset"": false, ""mutable_global"": false, ""parameter_count"": 0, ""platform_specific"": false, ""pointer_arithmetic"": false, ""pointer_count"": 0, ""pointer_to_pointer"": false, ""raw_pointer_parameter"": false, ""raw_pointer_return"": false, ""realloc"": false, ""setjmp"": false, ""static_local"": false, ""syscall"": false, ""third_party"": false, ""union"": false, ""va_list"": false, ""variadic"": false, ""void_pointer"": false}",TRIVIAL,no_significant_detected_blocker,[],medium
2,ecal-core,652e92f7cda2ab1f2d0056cb296b66c7a30c8fa8,ecal/core/src/ecal_process.cpp,146,240,function,DumpConfig,95,"{""bitfield"": false, ""branch_complexity_proxy"": 9, ""c_array"": false, ""call_count"": 41, ""callback"": false, ""calloc"": false, ""conditional_compilation"": false, ""explicit_abi_boundary"": false, ""extern_declaration"": false, ""extern_or_abi_boundary"": false, ""flexible_array"": false, ""free"": false, ""function_pointer"": false, ""generated_source"": false, ""global_read"": false, ""global_write"": false, ""goto"": false, ""lexical_ambiguity"": false, ""longjmp"": false, ""macro_density"": 0.147368, ""macro_generated_declaration"": false, ""macro_use"": false, ""malloc"": false, ""memcpy"": false, ""memmove"": false, ""memset"": false, ""mutable_global"": false, ""parameter_count"": 1, ""platform_specific"": false, ""pointer_arithmetic"": false, ""pointer_count"": 0, ""pointer_to_pointer"": false, ""raw_pointer_parameter"": false, ""raw_pointer_return"": false, ""realloc"": false, ""setjmp"": false, ""static_local"": false, ""syscall"": false, ""third_party"": false, ""union"": false, ""va_list"": false, ""variadic"": false, ""void_pointer"": false}",TRIVIAL,no_significant_detected_blocker,[],medium
2,ecal-core,652e92f7cda2ab1f2d0056cb296b66c7a30c8fa8,ecal/core/src/ecal_process.cpp,269,278,function,SleepMS,10,"{""bitfield"": false, ""branch_complexity_proxy"": 0, ""c_array"": false, ""call_count"": 4, ""callback"": false, ""calloc"": false, ""conditional_compilation"": false, ""explicit_abi_boundary"": false, ""extern_declaration"": false, ""extern_or_abi_boundary"": false, ""flexible_array"": false, ""free"": false, ""function_pointer"": false, ""generated_source"": false, ""global_read"": false, ""global_write"": false, ""goto"": false, ""lexical_ambiguity"": false, ""longjmp"": false, ""macro_density"": 0.3, ""macro_generated_declaration"": false, ""macro_use"": false, ""malloc"": false, ""memcpy"": false, ""memmove"": false, ""memset"": false, ""mutable_global"": false, ""parameter_count"": 1, ""platform_specific"": false, ""pointer_arithmetic"": false, ""pointer_count"": 0, ""pointer_to_pointer"": false, ""raw_pointer_parameter"": false, ""raw_pointer_return"": false, ""realloc"": false, ""setjmp"": false, ""static_local"": false, ""syscall"": false, ""third_party"": false, ""union"": false, ""va_list"": false, ""variadic"": false, ""void_pointer"": false}",TRIVIAL,no_significant_detected_blocker,[],medium
2,ecal-core,652e92f7cda2ab1f2d0056cb296b66c7a30c8fa8,ecal/core/src/ecal_process.cpp,280,290,function,SleepNS,11,"{""bitfield"": false, ""branch_complexity_proxy"": 0, ""c_array"": false, ""call_count"": 4, ""callback"": false, ""calloc"": false, ""conditional_compilation"": false, ""explicit_abi_boundary"": false, ""extern_declaration"": false, ""extern_or_abi_boundary"": false, ""flexible_array"": false, ""free"": false, ""function_pointer"": false, ""generated_source"": false, ""global_read"": false, ""global_write"": false, ""goto"": false, ""lexical_ambiguity"": false, ""longjmp"": false, ""macro_density"": 0.272727, ""macro_generated_declaration"": false, ""macro_use"": false, ""malloc"": false, ""memcpy"": false, ""memmove"": false, ""memset"": false, ""mutable_global"": false, ""parameter_count"": 1, ""platform_specific"": false, ""pointer_arithmetic"": false, ""pointer_count"": 0, ""pointer_to_pointer"": false, ""raw_pointer_parameter"": false, ""raw_pointer_return"": false, ""realloc"": false, ""setjmp"": false, ""static_local"": false, ""syscall"": false, ""third_party"": false, ""union"": false, ""va_list"": false, ""variadic"": false, ""void_pointer"": false}",TRIVIAL,no_significant_detected_blocker,[],medium
2,ecal-core,652e92f7cda2ab1f2d0056cb296b66c7a30c8fa8,ecal/core/src/ecal_process.cpp,292,298,function,SetState,7,"{""bitfield"": false, ""branch_complexity_proxy"": 0, ""c_array"": false, ""call_count"": 2, ""callback"": false, ""calloc"": false, ""conditional_compilation"": false, ""explicit_abi_boundary"": false, ""extern_declaration"": false, ""extern_or_abi_boundary"": false, ""flexible_array"": false, ""free"": false, ""function_pointer"": false, ""generated_source"": false, ""global_read"": false, ""global_write"": false, ""goto"": false, ""lexical_ambiguity"": false, ""longjmp"": false, ""macro_density"": 0.0, ""macro_generated_declaration"": false, ""macro_use"": false, ""malloc"": false, ""memcpy"": false, ""memmove"": false, ""memset"": false, ""mutable_global"": false, ""parameter_count"": 3, ""platform_specific"": false, ""pointer_arithmetic"": false, ""pointer_count"": 0, ""pointer_to_pointer"": false, ""raw_pointer_parameter"": false, ""raw_pointer_return"": false, ""realloc"": false, ""setjmp"": false, ""static_local"": false, ""syscall"": false, ""third_party"": false, ""union"": false, ""va_list"": false, ""variadic"": false, ""void_pointer"": false}",TRIVIAL,no_significant_detected_blocker,[],medium
2,ecal-core,652e92f7cda2ab1f2d0056cb296b66c7a30c8fa8,ecal/core/src/ecal_process.cpp,307,314,function,create_proc_id,8,"{""bitfield"": false, ""branch_complexity_proxy"": 1, ""c_array"": false, ""call_count"": 4, ""callback"": false, ""calloc"": false, ""conditional_compilation"": true, ""explicit_abi_boundary"": false, ""extern_declaration"": false, ""extern_or_abi_boundary"": false, ""flexible_array"": false, ""free"": false, ""function_pointer"": false, ""generated_source"": false, ""global_read"": false, ""global_write"": false, ""goto"": false, ""lexical_ambiguity"": false, ""longjmp"": false, ""macro_density"": 0.0, ""macro_generated_declaration"": false, ""macro_use"": false, ""malloc"": false, ""memcpy"": false, ""memmove"": false, ""memset"": false, ""mutable_global"": false, ""parameter_count"": 0, ""platform_specific"": false, ""pointer_arithmetic"": false, ""pointer_count"": 0, ""pointer_to_pointer"": false, ""raw_pointer_parameter"": false, ""raw_pointer_return"": false, ""realloc"": false, ""setjmp"": false, ""static_local"": false, ""syscall"": false, ""third_party"": false, ""union"": false, ""va_list"": false, ""variadic"": false, ""void_pointer"": false}",TRIVIAL,no_significant_detected_blocker,"[""conditional_compilation""]",medium
2,ecal-core,652e92f7cda2ab1f2d0056cb296b66c7a30c8fa8,ecal/core/src/ecal_process.cpp,321,325,function,GetProcessID,5,"{""bitfield"": false, ""branch_complexity_proxy"": 0, ""c_array"": false, ""call_count"": 3, ""callback"": false, ""calloc"": false, ""conditional_compilation"": true, ""explicit_abi_boundary"": false, ""extern_declaration"": false, ""extern_or_abi_boundary"": false, ""flexible_array"": false, ""free"": false, ""function_pointer"": false, ""generated_source"": false, ""global_read"": false, ""global_write"": false, ""goto"": false, ""lexical_ambiguity"": false, ""longjmp"": false, ""macro_density"": 0.0, ""macro_generated_declaration"": false, ""macro_use"": false, ""malloc"": false, ""memcpy"": false, ""memmove"": false, ""memset"": false, ""mutable_global"": false, ""parameter_count"": 0, ""platform_specific"": false, ""pointer_arithmetic"": false, ""pointer_count"": 0, ""pointer_to_pointer"": false, ""raw_pointer_parameter"": false, ""raw_pointer_return"": false, ""realloc"": false, ""setjmp"": false, ""static_local"": false, ""syscall"": false, ""third_party"": false, ""union"": false, ""va_list"": false, ""variadic"": false, ""void_pointer"": false}",TRIVIAL,no_significant_detected_blocker,"[""conditional_compilation""]",medium
2,ecal-core,652e92f7cda2ab1f2d0056cb296b66c7a30c8fa8,ecal/core/src/ecal_process.cpp,354,463,function,StartProcess,110,"{""bitfield"": false, ""branch_complexity_proxy"": 16, ""c_array"": true, ""call_count"": 36, ""callback"": false, ""calloc"": false, ""conditional_compilation"": true, ""explicit_abi_boundary"": false, ""extern_declaration"": false, ""extern_or_abi_boundary"": false, ""flexible_array"": false, ""free"": true, ""function_pointer"": false, ""generated_source"": false, ""global_read"": false, ""global_write"": false, ""goto"": false, ""lexical_ambiguity"": false, ""longjmp"": false, ""macro_density"": 0.0, ""macro_generated_declaration"": false, ""macro_use"": true, ""malloc"": false, ""memcpy"": false, ""memmove"": false, ""memset"": false, ""mutable_global"": false, ""parameter_count"": 6, ""platform_specific"": false, ""pointer_arithmetic"": false, ""pointer_count"": 4, ""pointer_to_pointer"": false, ""raw_pointer_parameter"": true, ""raw_pointer_return"": false, ""realloc"": false, ""setjmp"": false, ""static_local"": false, ""syscall"": false, ""third_party"": false, ""union"": false, ""va_list"": false, ""variadic"": false, ""void_pointer"": false}",REFACTOR_THEN_DSL,free,[],medium
2,ecal-core,652e92f7cda2ab1f2d0056cb296b66c7a30c8fa8,ecal/core/src/ecal_process.cpp,465,529,function,StopProcess,65,"{""bitfield"": false, ""branch_complexity_proxy"": 5, ""c_array"": true, ""call_count"": 20, ""callback"": false, ""calloc"": false, ""conditional_compilation"": true, ""explicit_abi_boundary"": false, ""extern_declaration"": false, ""extern_or_abi_boundary"": false, ""flexible_array"": false, ""free"": false, ""function_pointer"": false, ""generated_source"": false, ""global_read"": false, ""global_write"": false, ""goto"": false, ""lexical_ambiguity"": false, ""longjmp"": false, ""macro_density"": 0.0, ""macro_generated_declaration"": false, ""macro_use"": false, ""malloc"": false, ""memcpy"": false, ""memmove"": false, ""memset"": false, ""mutable_global"": false, ""parameter_count"": 1, ""platform_specific"": false, ""pointer_arithmetic"": false, ""pointer_count"": 1, ""pointer_to_pointer"": false, ""raw_pointer_parameter"": true, ""raw_pointer_return"": false, ""realloc"": false, ""setjmp"": false, ""static_local"": false, ""syscall"": false, ""third_party"": false, ""union"": false, ""va_list"": false, ""variadic"": false, ""void_pointer"": false}",TRIVIAL,no_significant_detected_blocker,"[""c_array"", ""conditional_compilation"", ""raw_pointer_parameter""]",medium
2,ecal-core,652e92f7cda2ab1f2d0056cb296b66c7a30c8fa8,ecal/core/src/ecal_process.cpp,531,582,function,StopProcess,52,"{""bitfield"": false, ""branch_complexity_proxy"": 4, ""c_array"": true, ""call_count"": 15, ""callback"": false, ""calloc"": false, ""conditional_compilation"": true, ""explicit_abi_boundary"": false, ""extern_declaration"": false, ""extern_or_abi_boundary"": false, ""flexible_array"": false, ""free"": false, ""function_pointer"": false, ""generated_source"": false, ""global_read"": false, ""global_write"": false, ""goto"": false, ""lexical_ambiguity"": false, ""longjmp"": false, ""macro_density"": 0.0, ""macro_generated_declaration"": false, ""macro_use"": false, ""malloc"": false, ""memcpy"": false, ""memmove"": false, ""memset"": false, ""mutable_global"": false, ""parameter_count"": 1, ""platform_specific"": false, ""pointer_arithmetic"": false, ""pointer_count"": 0, ""pointer_to_pointer"": false, ""raw_pointer_parameter"": false, ""raw_pointer_return"": false, ""realloc"": false, ""setjmp"": false, ""static_local"": false, ""syscall"": false, ""third_party"": false, ""union"": false, ""va_list"": false, ""variadic"": false, ""void_pointer"": false}",TRIVIAL,no_significant_detected_blocker,"[""c_array"", ""conditional_compilation""]",medium
2,ecal-core,652e92f7cda2ab1f2d0056cb296b66c7a30c8fa8,ecal/core/src/ecal_process.cpp,595,602,function,create_proc_id,8,"{""bitfield"": false, ""branch_complexity_proxy"": 1, ""c_array"": false, ""call_count"": 4, ""callback"": false, ""calloc"": false, ""conditional_compilation"": true, ""explicit_abi_boundary"": false, ""extern_declaration"": false, ""extern_or_abi_boundary"": false, ""flexible_array"": false, ""free"": false, ""function_pointer"": false, ""generated_source"": false, ""global_read"": false, ""global_write"": false, ""goto"": false, ""lexical_ambiguity"": false, ""longjmp"": false, ""macro_density"": 0.0, ""macro_generated_declaration"": false, ""macro_use"": false, ""malloc"": false, ""memcpy"": false, ""memmove"": false, ""memset"": false, ""mutable_global"": false, ""parameter_count"": 0, ""platform_specific"": false, ""pointer_arithmetic"": false, ""pointer_count"": 0, ""pointer_to_pointer"": false, ""raw_pointer_parameter"": false, ""raw_pointer_return"": false, ""realloc"": false, ""setjmp"": false, ""static_local"": false, ""syscall"": false, ""third_party"": false, ""union"": false, ""va_list"": false, ""variadic"": false, ""void_pointer"": false}",TRIVIAL,no_significant_detected_blocker,"[""conditional_compilation""]",medium
2,ecal-core,652e92f7cda2ab1f2d0056cb296b66c7a30c8fa8,ecal/core/src/ecal_process.cpp,692,696,function,GetProcessID,5,"{""bitfield"": false, ""branch_complexity_proxy"": 0, ""c_array"": false, ""call_count"": 3, ""callback"": false, ""calloc"": false, ""conditional_compilation"": true, ""explicit_abi_boundary"": false, ""extern_declaration"": false, ""extern_or_abi_boundary"": false, ""flexible_array"": false, ""free"": false, ""function_pointer"": false, ""generated_source"": false, ""global_read"": false, ""global_write"": false, ""goto"": false, ""lexical_ambiguity"": false, ""longjmp"": false, ""macro_density"": 0.0, ""macro_generated_declaration"": false, ""macro_use"": false, ""malloc"": false, ""memcpy"": false, ""memmove"": false, ""memset"": false, ""mutable_global"": false, ""parameter_count"": 0, ""platform_specific"": false, ""pointer_arithmetic"": false, ""pointer_count"": 0, ""pointer_to_pointer"": false, ""raw_pointer_parameter"": false, ""raw_pointer_return"": false, ""realloc"": false, ""setjmp"": false, ""static_local"": false, ""syscall"": false, ""third_party"": false, ""union"": false, ""va_list"": false, ""variadic"": false, ""void_pointer"": false}",TRIVIAL,no_significant_detected_blocker,"[""conditional_compilation""]",medium
2,ecal-core,652e92f7cda2ab1f2d0056cb296b66c7a30c8fa8,ecal/core/src/ecal_process.cpp,977,1518,function,StartProcess,542,"{""bitfield"": false, ""branch_complexity_proxy"": 41, ""c_array"": true, ""call_count"": 260, ""callback"": false, ""calloc"": false, ""conditional_compilation"": true, ""explicit_abi_boundary"": false, ""extern_declaration"": false, ""extern_or_abi_boundary"": false, ""flexible_array"": false, ""free"": false, ""function_pointer"": false, ""generated_source"": false, ""global_read"": false, ""global_write"": false, ""goto"": false, ""lexical_ambiguity"": false, ""longjmp"": false, ""macro_density"": 0.00369, ""macro_generated_declaration"": false, ""macro_use"": true, ""malloc"": false, ""memcpy"": false, ""memmove"": false, ""memset"": false, ""mutable_global"": false, ""parameter_count"": 6, ""platform_specific"": false, ""pointer_arithmetic"": false, ""pointer_count"": 8, ""pointer_to_pointer"": true, ""raw_pointer_parameter"": true, ""raw_pointer_return"": false, ""realloc"": false, ""setjmp"": false, ""static_local"": true, ""syscall"": true, ""third_party"": false, ""union"": false, ""va_list"": false, ""variadic"": false, ""void_pointer"": false}",REFACTOR_THEN_DSL,static_local,[],medium
2,ecal-core,652e92f7cda2ab1f2d0056cb296b66c7a30c8fa8,ecal/core/src/ecal_process.cpp,1087,1364,function,if,278,"{""bitfield"": false, ""branch_complexity_proxy"": 23, ""c_array"": true, ""call_count"": 139, ""callback"": false, ""calloc"": false, ""conditional_compilation"": true, ""explicit_abi_boundary"": false, ""extern_declaration"": false, ""extern_or_abi_boundary"": false, ""flexible_array"": false, ""free"": false, ""function_pointer"": false, ""generated_source"": false, ""global_read"": false, ""global_write"": false, ""goto"": false, ""lexical_ambiguity"": false, ""longjmp"": false, ""macro_density"": 0.007194, ""macro_generated_declaration"": false, ""macro_use"": true, ""malloc"": false, ""memcpy"": false, ""memmove"": false, ""memset"": false, ""mutable_global"": false, ""parameter_count"": 1, ""platform_specific"": false, ""pointer_arithmetic"": false, ""pointer_count"": 5, ""pointer_to_pointer"": true, ""raw_pointer_parameter"": false, ""raw_pointer_return"": false, ""realloc"": false, ""setjmp"": false, ""static_local"": false, ""syscall"": true, ""third_party"": false, ""union"": false, ""va_list"": false, ""variadic"": false, ""void_pointer"": false}",TRIVIAL,no_significant_detected_blocker,"[""c_array"", ""conditional_compilation"", ""macro_use"", ""pointer_to_pointer"", ""syscall""]",medium
2,ecal-core,652e92f7cda2ab1f2d0056cb296b66c7a30c8fa8,ecal/core/src/ecal_process.cpp,1120,1123,function,if,4,"{""bitfield"": false, ""branch_complexity_proxy"": 1, ""c_array"": false, ""call_count"": 2, ""callback"": false, ""calloc"": false, ""conditional_compilation"": true, ""explicit_abi_boundary"": false, ""extern_declaration"": false, ""extern_or_abi_boundary"": false, ""flexible_array"": false, ""free"": false, ""function_pointer"": false, ""generated_source"": false, ""global_read"": false, ""global_write"": false, ""goto"": false, ""lexical_ambiguity"": false, ""longjmp"": false, ""macro_density"": 0.0, ""macro_generated_declaration"": false, ""macro_use"": false, ""malloc"": false, ""memcpy"": false, ""memmove"": false, ""memset"": false, ""mutable_global"": false, ""parameter_count"": 1, ""platform_specific"": false, ""pointer_arithmetic"": false, ""pointer_count"": 0, ""pointer_to_pointer"": false, ""raw_pointer_parameter"": false, ""raw_pointer_return"": false, ""realloc"": false, ""setjmp"": false, ""static_local"": false, ""syscall"": false, ""third_party"": false, ""union"": false, ""va_list"": false, ""variadic"": false, ""void_pointer"": false}",TRIVIAL,no_significant_detected_blocker,"[""conditional_compilation""]",medium
2,ecal-core,652e92f7cda2ab1f2d0056cb296b66c7a30c8fa8,ecal/core/src/ecal_process.cpp,1422,1425,function,if,4,"{""bitfield"": false, ""branch_complexity_proxy"": 1, ""c_array"": false, ""call_count"": 2, ""callback"": false, ""calloc"": false, ""conditional_compilation"": true, ""explicit_abi_boundary"": false, ""extern_declaration"": false, ""extern_or_abi_boundary"": false, ""flexible_array"": false, ""free"": false, ""function_pointer"": false, ""generated_source"": false, ""global_read"": false, ""global_write"": false, ""goto"": false, ""lexical_ambiguity"": false, ""longjmp"": false, ""macro_density"": 0.0, ""macro_generated_declaration"": false, ""macro_use"": false, ""malloc"": false, ""memcpy"": false, ""memmove"": false, ""memset"": false, ""mutable_global"": false, ""parameter_count"": 1, ""platform_specific"": false, ""pointer_arithmetic"": false, ""pointer_count"": 0, ""pointer_to_pointer"": false, ""raw_pointer_parameter"": false, ""raw_pointer_return"": false, ""realloc"": false, ""setjmp"": false, ""static_local"": false, ""syscall"": false, ""third_party"": false, ""union"": false, ""va_list"": false, ""variadic"": false, ""void_pointer"": false}",TRIVIAL,no_significant_detected_blocker,"[""conditional_compilation""]",medium
2,ecal-core,652e92f7cda2ab1f2d0056cb296b66c7a30c8fa8,ecal/core/src/ecal_process.cpp,1481,1484,function,if,4,"{""bitfield"": false, ""branch_complexity_proxy"": 1, ""c_array"": false, ""call_count"": 3, ""callback"": false, ""calloc"": false, ""conditional_compilation"": true, ""explicit_abi_boundary"": false, ""extern_declaration"": false, ""extern_or_abi_boundary"": false, ""flexible_array"": false, ""free"": false, ""function_pointer"": false, ""generated_source"": false, ""global_read"": false, ""global_write"": false, ""goto"": false, ""lexical_ambiguity"": false, ""longjmp"": false, ""macro_density"": 0.0, ""macro_generated_declaration"": false, ""macro_use"": true, ""malloc"": false, ""memcpy"": false, ""memmove"": false, ""memset"": false, ""mutable_global"": false, ""parameter_count"": 1, ""platform_specific"": false, ""pointer_arithmetic"": false, ""pointer_count"": 0, ""pointer_to_pointer"": false, ""raw_pointer_parameter"": false, ""raw_pointer_return"": false, ""realloc"": false, ""setjmp"": false, ""static_local"": false, ""syscall"": false, ""third_party"": false, ""union"": false, ""va_list"": false, ""variadic"": false, ""void_pointer"": false}",TRIVIAL,no_significant_detected_blocker,"[""conditional_compilation"", ""macro_use""]",medium
2,ecal-core,652e92f7cda2ab1f2d0056cb296b66c7a30c8fa8,ecal/core/src/ecal_process.cpp,1520,1524,function,StopProcess,5,"{""bitfield"": false, ""branch_complexity_proxy"": 0, ""c_array"": false, ""call_count"": 5, ""callback"": false, ""calloc"": false, ""conditional_compilation"": true, ""explicit_abi_boundary"": false, ""extern_declaration"": false, ""extern_or_abi_boundary"": false, ""flexible_array"": false, ""free"": false, ""function_pointer"": false, ""generated_source"": false, ""global_read"": false, ""global_write"": false, ""goto"": false, ""lexical_ambiguity"": false, ""longjmp"": false, ""macro_density"": 0.0, ""macro_generated_declaration"": false, ""macro_use"": false, ""malloc"": false, ""memcpy"": false, ""memmove"": false, ""memset"": false, ""mutable_global"": false, ""parameter_count"": 1, ""platform_specific"": false, ""pointer_arithmetic"": false, ""pointer_count"": 1, ""pointer_to_pointer"": false, ""raw_pointer_parameter"": true, ""raw_pointer_return"": false, ""realloc"": false, ""setjmp"": false, ""static_local"": false, ""syscall"": false, ""third_party"": false, ""union"": false, ""va_list"": false, ""variadic"": false, ""void_pointer"": false}",TRIVIAL,no_significant_detected_blocker,"[""conditional_compilation"", ""raw_pointer_parameter""]",medium
2,ecal-core,652e92f7cda2ab1f2d0056cb296b66c7a30c8fa8,ecal/core/src/ecal_process.cpp,1526,1533,function,StopProcess,8,"{""bitfield"": false, ""branch_complexity_proxy"": 1, ""c_array"": false, ""call_count"": 3, ""callback"": false, ""calloc"": false, ""conditional_compilation"": true, ""explicit_abi_boundary"": false, ""extern_declaration"": false, ""extern_or_abi_boundary"": false, ""flexible_array"": false, ""free"": false, ""function_pointer"": false, ""generated_source"": false, ""global_read"": false, ""global_write"": false, ""goto"": false, ""lexical_ambiguity"": false, ""longjmp"": false, ""macro_density"": 0.0, ""macro_generated_declaration"": false, ""macro_use"": false, ""malloc"": false, ""memcpy"": false, ""memmove"": false, ""memset"": false, ""mutable_global"": false, ""parameter_count"": 1, ""platform_specific"": false, ""pointer_arithmetic"": false, ""pointer_count"": 0, ""pointer_to_pointer"": false, ""raw_pointer_parameter"": false, ""raw_pointer_return"": false, ""realloc"": false, ""setjmp"": false, ""static_local"": false, ""syscall"": false, ""third_party"": false, ""union"": false, ""va_list"": false, ""variadic"": false, ""void_pointer"": false}",TRIVIAL,no_significant_detected_blocker,"[""conditional_compilation""]",medium
2,ecal-core,652e92f7cda2ab1f2d0056cb296b66c7a30c8fa8,ecal/core/src/ecal_process_stub.cpp,32,121,function,main,90,"{""bitfield"": false, ""branch_complexity_proxy"": 9, ""c_array"": true, ""call_count"": 27, ""callback"": false, ""calloc"": false, ""conditional_compilation"": false, ""explicit_abi_boundary"": false, ""extern_declaration"": false, ""extern_or_abi_boundary"": false, ""flexible_array"": false, ""free"": false, ""function_pointer"": false, ""generated_source"": false, ""global_read"": false, ""global_write"": false, ""goto"": false, ""lexical_ambiguity"": false, ""longjmp"": false, ""macro_density"": 0.0, ""macro_generated_declaration"": false, ""macro_use"": false, ""malloc"": false, ""memcpy"": false, ""memmove"": false, ""memset"": false, ""mutable_global"": false, ""parameter_count"": 2, ""platform_specific"": false, ""pointer_arithmetic"": false, ""pointer_count"": 9, ""pointer_to_pointer"": true, ""raw_pointer_parameter"": true, ""raw_pointer_return"": false, ""realloc"": false, ""setjmp"": false, ""static_local"": false, ""syscall"": true, ""third_party"": false, ""union"": false, ""va_list"": false, ""variadic"": false, ""void_pointer"": false}",TRIVIAL,no_significant_detected_blocker,"[""c_array"", ""pointer_to_pointer"", ""raw_pointer_parameter"", ""syscall""]",medium
2,ecal-core,652e92f7cda2ab1f2d0056cb296b66c7a30c8fa8,ecal/core/src/ecal_process_stub.cpp,39,44,function,if,6,"{""bitfield"": false, ""branch_complexity_proxy"": 1, ""c_array"": true, ""call_count"": 2, ""callback"": false, ""calloc"": false, ""conditional_compilation"": false, ""explicit_abi_boundary"": false, ""extern_declaration"": false, ""extern_or_abi_boundary"": false, ""flexible_array"": false, ""free"": false, ""function_pointer"": false, ""generated_source"": false, ""global_read"": false, ""global_write"": false, ""goto"": false, ""lexical_ambiguity"": false, ""longjmp"": false, ""macro_density"": 0.0, ""macro_generated_declaration"": false, ""macro_use"": false, ""malloc"": false, ""memcpy"": false, ""memmove"": false, ""memset"": false, ""mutable_global"": false, ""parameter_count"": 1, ""platform_specific"": false, ""pointer_arithmetic"": false, ""pointer_count"": 0, ""pointer_to_pointer"": false, ""raw_pointer_parameter"": false, ""raw_pointer_return"": false, ""realloc"": false, ""setjmp"": false, ""static_local"": false, ""syscall"": false, ""third_party"": false, ""union"": false, ""va_list"": false, ""variadic"": false, ""void_pointer"": false}",TRIVIAL,no_significant_detected_blocker,"[""c_array""]",medium
2,ecal-core,652e92f7cda2ab1f2d0056cb296b66c7a30c8fa8,ecal/core/src/ecal_process_stub.cpp,45,116,function,if,72,"{""bitfield"": false, ""branch_complexity_proxy"": 7, ""c_array"": true, ""call_count"": 23, ""callback"": false, ""calloc"": false, ""conditional_compilation"": false, ""explicit_abi_boundary"": false, ""extern_declaration"": false, ""extern_or_abi_boundary"": false, ""flexible_array"": false, ""free"": false, ""function_pointer"": false, ""generated_source"": false, ""global_read"": false, ""global_write"": false, ""goto"": false, ""lexical_ambiguity"": false, ""longjmp"": false, ""macro_density"": 0.0, ""macro_generated_declaration"": false, ""macro_use"": false, ""malloc"": false, ""memcpy"": false, ""memmove"": false, ""memset"": false, ""mutable_global"": false, ""parameter_count"": 1, ""platform_specific"": false, ""pointer_arithmetic"": false, ""pointer_count"": 7, ""pointer_to_pointer"": true, ""raw_pointer_parameter"": false, ""raw_pointer_return"": false, ""realloc"": false, ""setjmp"": false, ""static_local"": false, ""syscall"": true, ""third_party"": false, ""union"": false, ""va_list"": false, ""variadic"": false, ""void_pointer"": false}",TRIVIAL,no_significant_detected_blocker,"[""c_array"", ""pointer_to_pointer"", ""syscall""]",medium
2,ecal-core,652e92f7cda2ab1f2d0056cb296b66c7a30c8fa8,ecal/core/src/ecal_util.cpp,66,87,function,ShutdownProcess,22,"{""bitfield"": false, ""branch_complexity_proxy"": 3, ""c_array"": false, ""call_count"": 8, ""callback"": false, ""calloc"": false, ""conditional_compilation"": true, ""explicit_abi_boundary"": false, ""extern_declaration"": false, ""extern_or_abi_boundary"": false, ""flexible_array"": false, ""free"": false, ""function_pointer"": false, ""generated_source"": false, ""global_read"": false, ""global_write"": false, ""goto"": false, ""lexical_ambiguity"": false, ""longjmp"": false, ""macro_density"": 0.0, ""macro_generated_declaration"": false, ""macro_use"": false, ""malloc"": false, ""memcpy"": false, ""memmove"": false, ""memset"": false, ""mutable_global"": false, ""parameter_count"": 1, ""platform_specific"": false, ""pointer_arithmetic"": false, ""pointer_count"": 0, ""pointer_to_pointer"": false, ""raw_pointer_parameter"": false, ""raw_pointer_return"": false, ""realloc"": false, ""setjmp"": false, ""static_local"": false, ""syscall"": false, ""third_party"": false, ""union"": false, ""va_list"": false, ""variadic"": false, ""void_pointer"": false}",TRIVIAL,no_significant_detected_blocker,"[""conditional_compilation""]",medium
2,ecal-core,652e92f7cda2ab1f2d0056cb296b66c7a30c8fa8,ecal/core/src/ecal_util.cpp,89,99,function,ShutdownProcess,11,"{""bitfield"": false, ""branch_complexity_proxy"": 1, ""c_array"": false, ""call_count"": 7, ""callback"": false, ""calloc"": false, ""conditional_compilation"": true, ""explicit_abi_boundary"": false, ""extern_declaration"": false, ""extern_or_abi_boundary"": false, ""flexible_array"": false, ""free"": false, ""function_pointer"": false, ""generated_source"": false, ""global_read"": false, ""global_write"": false, ""goto"": false, ""lexical_ambiguity"": false, ""longjmp"": false, ""macro_density"": 0.0, ""macro_generated_declaration"": false, ""macro_use"": false, ""malloc"": false, ""memcpy"": false, ""memmove"": false, ""memset"": false, ""mutable_global"": false, ""parameter_count"": 1, ""platform_specific"": false, ""pointer_arithmetic"": false, ""pointer_count"": 0, ""pointer_to_pointer"": false, ""raw_pointer_parameter"": false, ""raw_pointer_return"": false, ""realloc"": false, ""setjmp"": false, ""static_local"": false, ""syscall"": false, ""third_party"": false, ""union"": false, ""va_list"": false, ""variadic"": false, ""void_pointer"": false}",TRIVIAL,no_significant_detected_blocker,"[""conditional_compilation""]",medium
2,ecal-core,652e92f7cda2ab1f2d0056cb296b66c7a30c8fa8,ecal/core/src/ecal_util.cpp,101,130,function,ShutdownProcesses,30,"{""bitfield"": false, ""branch_complexity_proxy"": 3, ""c_array"": false, ""call_count"": 8, ""callback"": false, ""calloc"": false, ""conditional_compilation"": true, ""explicit_abi_boundary"": false, ""extern_declaration"": false, ""extern_or_abi_boundary"": false, ""flexible_array"": false, ""free"": false, ""function_pointer"": false, ""generated_source"": false, ""global_read"": false, ""global_write"": false, ""goto"": false, ""lexical_ambiguity"": false, ""longjmp"": false, ""macro_density"": 0.0, ""macro_generated_declaration"": false, ""macro_use"": false, ""malloc"": false, ""memcpy"": false, ""memmove"": false, ""memset"": false, ""mutable_global"": false, ""parameter_count"": 0, ""platform_specific"": false, ""pointer_arithmetic"": false, ""pointer_count"": 0, ""pointer_to_pointer"": false, ""raw_pointer_parameter"": false, ""raw_pointer_return"": false, ""realloc"": false, ""setjmp"": false, ""static_local"": false, ""syscall"": false, ""third_party"": false, ""union"": false, ""va_list"": false, ""variadic"": false, ""void_pointer"": false}",TRIVIAL,no_significant_detected_blocker,"[""conditional_compilation""]",medium
2,ecal-core,652e92f7cda2ab1f2d0056cb296b66c7a30c8fa8,ecal/core/src/ecal_util.cpp,132,162,function,ShutdownCore,31,"{""bitfield"": false, ""branch_complexity_proxy"": 3, ""c_array"": false, ""call_count"": 8, ""callback"": false, ""calloc"": false, ""conditional_compilation"": true, ""explicit_abi_boundary"": false, ""extern_declaration"": false, ""extern_or_abi_boundary"": false, ""flexible_array"": false, ""free"": false, ""function_pointer"": false, ""generated_source"": false, ""global_read"": false, ""global_write"": false, ""goto"": false, ""lexical_ambiguity"": false, ""longjmp"": false, ""macro_density"": 0.0, ""macro_generated_declaration"": false, ""macro_use"": false, ""malloc"": false, ""memcpy"": false, ""memmove"": false, ""memset"": false, ""mutable_global"": false, ""parameter_count"": 0, ""platform_specific"": false, ""pointer_arithmetic"": false, ""pointer_count"": 0, ""pointer_to_pointer"": false, ""raw_pointer_parameter"": false, ""raw_pointer_return"": false, ""realloc"": false, ""setjmp"": false, ""static_local"": false, ""syscall"": false, ""third_party"": false, ""union"": false, ""va_list"": false, ""variadic"": false, ""void_pointer"": false}",TRIVIAL,no_significant_detected_blocker,"[""conditional_compilation""]",medium
2,ecal-core,652e92f7cda2ab1f2d0056cb296b66c7a30c8fa8,ecal/core/src/io/mtx/linux/ecal_named_mutex_impl.cpp,39,44,struct,alignas,6,"{""bitfield"": false, ""branch_complexity_proxy"": 0, ""c_array"": false, ""call_count"": 1, ""callback"": false, ""calloc"": false, ""conditional_compilation"": false, ""explicit_abi_boundary"": false, ""extern_declaration"": false, ""extern_or_abi_boundary"": false, ""flexible_array"": false, ""free"": false, ""function_pointer"": false, ""generated_source"": false, ""global_read"": false, ""global_write"": false, ""goto"": false, ""lexical_ambiguity"": false, ""longjmp"": false, ""macro_density"": 0.0, ""macro_generated_declaration"": false, ""macro_use"": false, ""malloc"": false, ""memcpy"": false, ""memmove"": false, ""memset"": false, ""mutable_global"": false, ""parameter_count"": 0, ""platform_specific"": true, ""pointer_arithmetic"": false, ""pointer_count"": 0, ""pointer_to_pointer"": false, ""raw_pointer_parameter"": false, ""raw_pointer_return"": false, ""realloc"": false, ""setjmp"": false, ""static_local"": false, ""syscall"": false, ""third_party"": false, ""union"": false, ""va_list"": false, ""variadic"": false, ""void_pointer"": false}",TRIVIAL,no_significant_detected_blocker,"[""platform_specific""]",medium
2,ecal-core,652e92f7cda2ab1f2d0056cb296b66c7a30c8fa8,ecal/core/src/io/mtx/linux/ecal_named_mutex_impl.cpp,45,45,global,named_mutex_t,1,"{""bitfield"": false, ""branch_complexity_proxy"": 0, ""c_array"": false, ""call_count"": 0, ""callback"": false, ""calloc"": false, ""conditional_compilation"": false, ""explicit_abi_boundary"": false, ""extern_declaration"": false, ""extern_or_abi_boundary"": false, ""flexible_array"": false, ""free"": false, ""function_pointer"": false, ""generated_source"": false, ""global_read"": false, ""global_write"": false, ""goto"": false, ""lexical_ambiguity"": false, ""longjmp"": false, ""macro_density"": 0.0, ""macro_generated_declaration"": false, ""macro_use"": false, ""malloc"": false, ""memcpy"": false, ""memmove"": false, ""memset"": false, ""mutable_global"": true, ""parameter_count"": 0, ""platform_specific"": true, ""pointer_arithmetic"": false, ""pointer_count"": 0, ""pointer_to_pointer"": false, ""raw_pointer_parameter"": false, ""raw_pointer_return"": false, ""realloc"": false, ""setjmp"": false, ""static_local"": false, ""syscall"": false, ""third_party"": false, ""union"": false, ""va_list"": false, ""variadic"": false, ""void_pointer"": false}",REFACTOR_THEN_DSL,mutable_global,[],medium
2,ecal-core,652e92f7cda2ab1f2d0056cb296b66c7a30c8fa8,ecal/core/src/io/mtx/linux/ecal_named_mutex_impl.cpp,49,76,function,named_mutex_initialize,28,"{""bitfield"": false, ""branch_complexity_proxy"": 0, ""c_array"": false, ""call_count"": 10, ""callback"": false, ""calloc"": false, ""conditional_compilation"": false, ""explicit_abi_boundary"": false, ""extern_declaration"": false, ""extern_or_abi_boundary"": false, ""flexible_array"": false, ""free"": false, ""function_pointer"": false, ""generated_source"": false, ""global_read"": false, ""global_write"": false, ""goto"": false, ""lexical_ambiguity"": false, ""longjmp"": false, ""macro_density"": 0.071429, ""macro_generated_declaration"": false, ""macro_use"": false, ""malloc"": false, ""memcpy"": false, ""memmove"": false, ""memset"": false, ""mutable_global"": false, ""parameter_count"": 1, ""platform_specific"": true, ""pointer_arithmetic"": false, ""pointer_count"": 1, ""pointer_to_pointer"": false, ""raw_pointer_parameter"": true, ""raw_pointer_return"": false, ""realloc"": false, ""setjmp"": false, ""static_local"": false, ""syscall"": false, ""third_party"": false, ""union"": false, ""va_list"": false, ""variadic"": false, ""void_pointer"": false}",TRIVIAL,no_significant_detected_blocker,"[""platform_specific"", ""raw_pointer_parameter""]",medium
2,ecal-core,652e92f7cda2ab1f2d0056cb296b66c7a30c8fa8,ecal/core/src/io/mtx/linux/ecal_named_mutex_impl.cpp,78,123,function,named_mutex_lock,46,"{""bitfield"": false, ""branch_complexity_proxy"": 4, ""c_array"": false, ""call_count"": 13, ""callback"": false, ""calloc"": false, ""conditional_compilation"": false, ""explicit_abi_boundary"": false, ""extern_declaration"": false, ""extern_or_abi_boundary"": false, ""flexible_array"": false, ""free"": false, ""function_pointer"": false, ""generated_source"": false, ""global_read"": false, ""global_write"": false, ""goto"": false, ""lexical_ambiguity"": false, ""longjmp"": false, ""macro_density"": 0.065217, ""macro_generated_declaration"": false, ""macro_use"": false, ""malloc"": false, ""memcpy"": false, ""memmove"": false, ""memset"": false, ""mutable_global"": false, ""parameter_count"": 2, ""platform_specific"": true, ""pointer_arithmetic"": false, ""pointer_count"": 2, ""pointer_to_pointer"": false, ""raw_pointer_parameter"": true, ""raw_pointer_return"": false, ""realloc"": false, ""setjmp"": false, ""static_local"": false, ""syscall"": false, ""third_party"": false, ""union"": false, ""va_list"": false, ""variadic"": false, ""void_pointer"": false}",TRIVIAL,no_significant_detected_blocker,"[""platform_specific"", ""raw_pointer_parameter""]",medium
2,ecal-core,652e92f7cda2ab1f2d0056cb296b66c7a30c8fa8,ecal/core/src/io/mtx/linux/ecal_named_mutex_impl.cpp,125,141,function,named_mutex_trylock,17,"{""bitfield"": false, ""branch_complexity_proxy"": 1, ""c_array"": false, ""call_count"": 5, ""callback"": false, ""calloc"": false, ""conditional_compilation"": false, ""explicit_abi_boundary"": false, ""extern_declaration"": false, ""extern_or_abi_boundary"": false, ""flexible_array"": false, ""free"": false, ""function_pointer"": false, ""generated_source"": false, ""global_read"": false, ""global_write"": false, ""goto"": false, ""lexical_ambiguity"": false, ""longjmp"": false, ""macro_density"": 0.0, ""macro_generated_declaration"": false, ""macro_use"": false, ""malloc"": false, ""memcpy"": false, ""memmove"": false, ""memset"": false, ""mutable_global"": false, ""parameter_count"": 1, ""platform_specific"": true, ""pointer_arithmetic"": false, ""pointer_count"": 1, ""pointer_to_pointer"": false, ""raw_pointer_parameter"": true, ""raw_pointer_return"": false, ""realloc"": false, ""setjmp"": false, ""static_local"": false, ""syscall"": false, ""third_party"": false, ""union"": false, ""va_list"": false, ""variadic"": false, ""void_pointer"": false}",TRIVIAL,no_significant_detected_blocker,"[""platform_specific"", ""raw_pointer_parameter""]",medium
2,ecal-core,652e92f7cda2ab1f2d0056cb296b66c7a30c8fa8,ecal/core/src/io/mtx/linux/ecal_named_mutex_impl.cpp,143,158,function,named_mutex_unlock,16,"{""bitfield"": false, ""branch_complexity_proxy"": 1, ""c_array"": false, ""call_count"": 5, ""callback"": false, ""calloc"": false, ""conditional_compilation"": false, ""explicit_abi_boundary"": false, ""extern_declaration"": false, ""extern_or_abi_boundary"": false, ""flexible_array"": false, ""free"": false, ""function_pointer"": false, ""generated_source"": false, ""global_read"": false, ""global_write"": false, ""goto"": false, ""lexical_ambiguity"": false, ""longjmp"": false, ""macro_density"": 0.0, ""macro_generated_declaration"": false, ""macro_use"": false, ""malloc"": false, ""memcpy"": false, ""memmove"": false, ""memset"": false, ""mutable_global"": false, ""parameter_count"": 1, ""platform_specific"": true, ""pointer_arithmetic"": false, ""pointer_count"": 1, ""pointer_to_pointer"": false, ""raw_pointer_parameter"": true, ""raw_pointer_return"": false, ""realloc"": false, ""setjmp"": false, ""static_local"": false, ""syscall"": false, ""third_party"": false, ""union"": false, ""va_list"": false, ""variadic"": false, ""void_pointer"": false}",TRIVIAL,no_significant_detected_blocker,"[""platform_specific"", ""raw_pointer_parameter""]",medium
2,ecal-core,652e92f7cda2ab1f2d0056cb296b66c7a30c8fa8,ecal/core/src/io/mtx/linux/ecal_named_mutex_impl.cpp,241,244,function,if,4,"{""bitfield"": false, ""branch_complexity_proxy"": 1, ""c_array"": false, ""call_count"": 4, ""callback"": false, ""calloc"": false, ""conditional_compilation"": false, ""explicit_abi_boundary"": false, ""extern_declaration"": false, ""extern_or_abi_boundary"": false, ""flexible_array"": false, ""free"": false, ""function_pointer"": false, ""generated_source"": false, ""global_read"": false, ""global_write"": false, ""goto"": false, ""lexical_ambiguity"": false, ""longjmp"": false, ""macro_density"": 0.0, ""macro_generated_declaration"": false, ""macro_use"": false, ""malloc"": false, ""memcpy"": false, ""memmove"": false, ""memset"": false, ""mutable_global"": false, ""parameter_count"": 1, ""platform_specific"": true, ""pointer_arithmetic"": false, ""pointer_count"": 0, ""pointer_to_pointer"": false, ""raw_pointer_parameter"": false, ""raw_pointer_return"": false, ""realloc"": false, ""setjmp"": false, ""static_local"": false, ""syscall"": false, ""third_party"": false, ""union"": false, ""va_list"": false, ""variadic"": false, ""void_pointer"": false}",TRIVIAL,no_significant_detected_blocker,"[""platform_specific""]",medium
2,ecal-core,652e92f7cda2ab1f2d0056cb296b66c7a30c8fa8,ecal/core/src/io/mtx/linux/ecal_named_mutex_impl.cpp,248,248,struct,timespec,1,"{""bitfield"": false, ""branch_complexity_proxy"": 0, ""c_array"": false, ""call_count"": 0, ""callback"": false, ""calloc"": false, ""conditional_compilation"": false, ""explicit_abi_boundary"": false, ""extern_declaration"": false, ""extern_or_abi_boundary"": false, ""flexible_array"": false, ""free"": false, ""function_pointer"": false, ""generated_source"": false, ""global_read"": false, ""global_write"": false, ""goto"": false, ""lexical_ambiguity"": false, ""longjmp"": false, ""macro_density"": 0.0, ""macro_generated_declaration"": false, ""macro_use"": false, ""malloc"": false, ""memcpy"": false, ""memmove"": false, ""memset"": false, ""mutable_global"": false, ""parameter_count"": 0, ""platform_specific"": true, ""pointer_arithmetic"": false, ""pointer_count"": 0, ""pointer_to_pointer"": false, ""raw_pointer_parameter"": false, ""raw_pointer_return"": false, ""realloc"": false, ""setjmp"": false, ""static_local"": false, ""syscall"": false, ""third_party"": false, ""union"": false, ""va_list"": false, ""variadic"": false, ""void_pointer"": false}",TRIVIAL,no_significant_detected_blocker,"[""platform_specific""]",medium
2,ecal-core,652e92f7cda2ab1f2d0056cb296b66c7a30c8fa8,ecal/core/src/io/mtx/linux/ecal_named_mutex_robust_clocklock_impl.cpp,36,39,struct,alignas,4,"{""bitfield"": false, ""branch_complexity_proxy"": 0, ""c_array"": false, ""call_count"": 1, ""callback"": false, ""calloc"": false, ""conditional_compilation"": false, ""explicit_abi_boundary"": false, ""extern_declaration"": false, ""extern_or_abi_boundary"": false, ""flexible_array"": false, ""free"": false, ""function_pointer"": false, ""generated_source"": false, ""global_read"": false, ""global_write"": false, ""goto"": false, ""lexical_ambiguity"": false, ""longjmp"": false, ""macro_density"": 0.0, ""macro_generated_declaration"": false, ""macro_use"": false, ""malloc"": false, ""memcpy"": false, ""memmove"": false, ""memset"": false, ""mutable_global"": false, ""parameter_count"": 0, ""platform_specific"": true, ""pointer_arithmetic"": false, ""pointer_count"": 0, ""pointer_to_pointer"": false, ""raw_pointer_parameter"": false, ""raw_pointer_return"": false, ""realloc"": false, ""setjmp"": false, ""static_local"": false, ""syscall"": false, ""third_party"": false, ""union"": false, ""va_list"": false, ""variadic"": false, ""void_pointer"": false}",TRIVIAL,no_significant_detected_blocker,"[""platform_specific""]",medium
2,ecal-core,652e92f7cda2ab1f2d0056cb296b66c7a30c8fa8,ecal/core/src/io/mtx/linux/ecal_named_mutex_robust_clocklock_impl.cpp,40,40,global,named_mutex_t,1,"{""bitfield"": false, ""branch_complexity_proxy"": 0, ""c_array"": false, ""call_count"": 0, ""callback"": false, ""calloc"": false, ""conditional_compilation"": false, ""explicit_abi_boundary"": false, ""extern_declaration"": false, ""extern_or_abi_boundary"": false, ""flexible_array"": false, ""free"": false, ""function_pointer"": false, ""generated_source"": false, ""global_read"": false, ""global_write"": false, ""goto"": false, ""lexical_ambiguity"": false, ""longjmp"": false, ""macro_density"": 0.0, ""macro_generated_declaration"": false, ""macro_use"": false, ""malloc"": false, ""memcpy"": false, ""memmove"": false, ""memset"": false, ""mutable_global"": true, ""parameter_count"": 0, ""platform_specific"": true, ""pointer_arithmetic"": false, ""pointer_count"": 0, ""pointer_to_pointer"": false, ""raw_pointer_parameter"": false, ""raw_pointer_return"": false, ""realloc"": false, ""setjmp"": false, ""static_local"": false, ""syscall"": false, ""third_party"": false, ""union"": false, ""va_list"": false, ""variadic"": false, ""void_pointer"": false}",REFACTOR_THEN_DSL,mutable_global,[],medium
2,ecal-core,652e92f7cda2ab1f2d0056cb296b66c7a30c8fa8,ecal/core/src/io/mtx/linux/ecal_named_mutex_robust_clocklock_impl.cpp,44,63,function,named_mutex_initialize,20,"{""bitfield"": false, ""branch_complexity_proxy"": 1, ""c_array"": false, ""call_count"": 7, ""callback"": false, ""calloc"": false, ""conditional_compilation"": false, ""explicit_abi_boundary"": false, ""extern_declaration"": false, ""extern_or_abi_boundary"": false, ""flexible_array"": false, ""free"": false, ""function_pointer"": false, ""generated_source"": false, ""global_read"": false, ""global_write"": false, ""goto"": false, ""lexical_ambiguity"": false, ""longjmp"": false, ""macro_density"": 0.1, ""macro_generated_declaration"": false, ""macro_use"": false, ""malloc"": false, ""memcpy"": false, ""memmove"": false, ""memset"": false, ""mutable_global"": false, ""parameter_count"": 2, ""platform_specific"": true, ""pointer_arithmetic"": false, ""pointer_count"": 1, ""pointer_to_pointer"": false, ""raw_pointer_parameter"": true, ""raw_pointer_return"": false, ""realloc"": false, ""setjmp"": false, ""static_local"": false, ""syscall"": false, ""third_party"": false, ""union"": false, ""va_list"": false, ""variadic"": false, ""void_pointer"": false}",TRIVIAL,no_significant_detected_blocker,"[""platform_specific"", ""raw_pointer_parameter""]",medium
2,ecal-core,652e92f7cda2ab1f2d0056cb296b66c7a30c8fa8,ecal/core/src/io/mtx/linux/ecal_named_mutex_robust_clocklock_impl.cpp,65,88,function,named_mutex_timedlock,24,"{""bitfield"": false, ""branch_complexity_proxy"": 3, ""c_array"": false, ""call_count"": 7, ""callback"": false, ""calloc"": false, ""conditional_compilation"": false, ""explicit_abi_boundary"": false, ""extern_declaration"": false, ""extern_or_abi_boundary"": false, ""flexible_array"": false, ""free"": false, ""function_pointer"": false, ""generated_source"": false, ""global_read"": false, ""global_write"": false, ""goto"": false, ""lexical_ambiguity"": false, ""longjmp"": false, ""macro_density"": 0.208333, ""macro_generated_declaration"": false, ""macro_use"": false, ""malloc"": false, ""memcpy"": false, ""memmove"": false, ""memset"": false, ""mutable_global"": false, ""parameter_count"": 3, ""platform_specific"": true, ""pointer_arithmetic"": false, ""pointer_count"": 4, ""pointer_to_pointer"": false, ""raw_pointer_parameter"": true, ""raw_pointer_return"": false, ""realloc"": false, ""setjmp"": false, ""static_local"": false, ""syscall"": false, ""third_party"": false, ""union"": false, ""va_list"": false, ""variadic"": false, ""void_pointer"": false}",TRIVIAL,no_significant_detected_blocker,"[""platform_specific"", ""raw_pointer_parameter""]",medium
2,ecal-core,652e92f7cda2ab1f2d0056cb296b66c7a30c8fa8,ecal/core/src/io/mtx/linux/ecal_named_mutex_robust_clocklock_impl.cpp,78,84,function,if,7,"{""bitfield"": false, ""branch_complexity_proxy"": 2, ""c_array"": false, ""call_count"": 3, ""callback"": false, ""calloc"": false, ""conditional_compilation"": true, ""explicit_abi_boundary"": false, ""extern_declaration"": false, ""extern_or_abi_boundary"": false, ""flexible_array"": false, ""free"": false, ""function_pointer"": false, ""generated_source"": false, ""global_read"": false, ""global_write"": false, ""goto"": false, ""lexical_ambiguity"": false, ""longjmp"": false, ""macro_density"": 0.0, ""macro_generated_declaration"": false, ""macro_use"": false, ""malloc"": false, ""memcpy"": false, ""memmove"": false, ""memset"": false, ""mutable_global"": false, ""parameter_count"": 1, ""platform_specific"": true, ""pointer_arithmetic"": false, ""pointer_count"": 1, ""pointer_to_pointer"": false, ""raw_pointer_parameter"": false, ""raw_pointer_return"": false, ""realloc"": false, ""setjmp"": false, ""static_local"": false, ""syscall"": false, ""third_party"": false, ""union"": false, ""va_list"": false, ""variadic"": false, ""void_pointer"": false}",TRIVIAL,no_significant_detected_blocker,"[""conditional_compilation"", ""platform_specific""]",medium
2,ecal-core,652e92f7cda2ab1f2d0056cb296b66c7a30c8fa8,ecal/core/src/io/mtx/linux/ecal_named_mutex_robust_clocklock_impl.cpp,90,109,function,named_mutex_lock,20,"{""bitfield"": false, ""branch_complexity_proxy"": 3, ""c_array"": false, ""call_count"": 6, ""callback"": false, ""calloc"": false, ""conditional_compilation"": false, ""explicit_abi_boundary"": false, ""extern_declaration"": false, ""extern_or_abi_boundary"": false, ""flexible_array"": false, ""free"": false, ""function_pointer"": false, ""generated_source"": false, ""global_read"": false, ""global_write"": false, ""goto"": false, ""lexical_ambiguity"": false, ""longjmp"": false, ""macro_density"": 0.1, ""macro_generated_declaration"": false, ""macro_use"": false, ""malloc"": false, ""memcpy"": false, ""memmove"": false, ""memset"": false, ""mutable_global"": false, ""parameter_count"": 2, ""platform_specific"": true, ""pointer_arithmetic"": false, ""pointer_count"": 3, ""pointer_to_pointer"": false, ""raw_pointer_parameter"": true, ""raw_pointer_return"": false, ""realloc"": false, ""setjmp"": false, ""static_local"": false, ""syscall"": false, ""third_party"": false, ""union"": false, ""va_list"": false, ""variadic"": false, ""void_pointer"": false}",TRIVIAL,no_significant_detected_blocker,"[""platform_specific"", ""raw_pointer_parameter""]",medium
2,ecal-core,652e92f7cda2ab1f2d0056cb296b66c7a30c8fa8,ecal/core/src/io/mtx/linux/ecal_named_mutex_robust_clocklock_impl.cpp,99,105,function,if,7,"{""bitfield"": false, ""branch_complexity_proxy"": 2, ""c_array"": false, ""call_count"": 3, ""callback"": false, ""calloc"": false, ""conditional_compilation"": true, ""explicit_abi_boundary"": false, ""extern_declaration"": false, ""extern_or_abi_boundary"": false, ""flexible_array"": false, ""free"": false, ""function_pointer"": false, ""generated_source"": false, ""global_read"": false, ""global_write"": false, ""goto"": false, ""lexical_ambiguity"": false, ""longjmp"": false, ""macro_density"": 0.0, ""macro_generated_declaration"": false, ""macro_use"": false, ""malloc"": false, ""memcpy"": false, ""memmove"": false, ""memset"": false, ""mutable_global"": false, ""parameter_count"": 1, ""platform_specific"": true, ""pointer_arithmetic"": false, ""pointer_count"": 1, ""pointer_to_pointer"": false, ""raw_pointer_parameter"": false, ""raw_pointer_return"": false, ""realloc"": false, ""setjmp"": false, ""static_local"": false, ""syscall"": false, ""third_party"": false, ""union"": false, ""va_list"": false, ""variadic"": false, ""void_pointer"": false}",TRIVIAL,no_significant_detected_blocker,"[""conditional_compilation"", ""platform_specific""]",medium
2,ecal-core,652e92f7cda2ab1f2d0056cb296b66c7a30c8fa8,ecal/core/src/io/mtx/linux/ecal_named_mutex_robust_clocklock_impl.cpp,111,128,function,named_mutex_trylock,18,"{""bitfield"": false, ""branch_complexity_proxy"": 3, ""c_array"": false, ""call_count"": 6, ""callback"": false, ""calloc"": false, ""conditional_compilation"": false, ""explicit_abi_boundary"": false, ""extern_declaration"": false, ""extern_or_abi_boundary"": false, ""flexible_array"": false, ""free"": false, ""function_pointer"": false, ""generated_source"": false, ""global_read"": false, ""global_write"": false, ""goto"": false, ""lexical_ambiguity"": false, ""longjmp"": false, ""macro_density"": 0.111111, ""macro_generated_declaration"": false, ""macro_use"": false, ""malloc"": false, ""memcpy"": false, ""memmove"": false, ""memset"": false, ""mutable_global"": false, ""parameter_count"": 2, ""platform_specific"": true, ""pointer_arithmetic"": false, ""pointer_count"": 3, ""pointer_to_pointer"": false, ""raw_pointer_parameter"": true, ""raw_pointer_return"": false, ""realloc"": false, ""setjmp"": false, ""static_local"": false, ""syscall"": false, ""third_party"": false, ""union"": false, ""va_list"": false, ""variadic"": false, ""void_pointer"": false}",TRIVIAL,no_significant_detected_blocker,"[""platform_specific"", ""raw_pointer_parameter""]",medium
2,ecal-core,652e92f7cda2ab1f2d0056cb296b66c7a30c8fa8,ecal/core/src/io/mtx/linux/ecal_named_mutex_robust_clocklock_impl.cpp,118,124,function,if,7,"{""bitfield"": false, ""branch_complexity_proxy"": 2, ""c_array"": false, ""call_count"": 3, ""callback"": false, ""calloc"": false, ""conditional_compilation"": true, ""explicit_abi_boundary"": false, ""extern_declaration"": false, ""extern_or_abi_boundary"": false, ""flexible_array"": false, ""free"": false, ""function_pointer"": false, ""generated_source"": false, ""global_read"": false, ""global_write"": false, ""goto"": false, ""lexical_ambiguity"": false, ""longjmp"": false, ""macro_density"": 0.0, ""macro_generated_declaration"": false, ""macro_use"": false, ""malloc"": false, ""memcpy"": false, ""memmove"": false, ""memset"": false, ""mutable_global"": false, ""parameter_count"": 1, ""platform_specific"": true, ""pointer_arithmetic"": false, ""pointer_count"": 1, ""pointer_to_pointer"": false, ""raw_pointer_parameter"": false, ""raw_pointer_return"": false, ""realloc"": false, ""setjmp"": false, ""static_local"": false, ""syscall"": false, ""third_party"": false, ""union"": false, ""va_list"": false, ""variadic"": false, ""void_pointer"": false}",TRIVIAL,no_significant_detected_blocker,"[""conditional_compilation"", ""platform_specific""]",medium
2,ecal-core,652e92f7cda2ab1f2d0056cb296b66c7a30c8fa8,ecal/core/src/io/mtx/linux/ecal_named_mutex_robust_clocklock_impl.cpp,130,134,function,named_mutex_unlock,5,"{""bitfield"": false, ""branch_complexity_proxy"": 0, ""c_array"": false, ""call_count"": 2, ""callback"": false, ""calloc"": false, ""conditional_compilation"": false, ""explicit_abi_boundary"": false, ""extern_declaration"": false, ""extern_or_abi_boundary"": false, ""flexible_array"": false, ""free"": false, ""function_pointer"": false, ""generated_source"": false, ""global_read"": false, ""global_write"": false, ""goto"": false, ""lexical_ambiguity"": false, ""longjmp"": false, ""macro_density"": 0.0, ""macro_generated_declaration"": false, ""macro_use"": false, ""malloc"": false, ""memcpy"": false, ""memmove"": false, ""memset"": false, ""mutable_global"": false, ""parameter_count"": 1, ""platform_specific"": true, ""pointer_arithmetic"": false, ""pointer_count"": 1, ""pointer_to_pointer"": false, ""raw_pointer_parameter"": true, ""raw_pointer_return"": false, ""realloc"": false, ""setjmp"": false, ""static_local"": false, ""syscall"": false, ""third_party"": false, ""union"": false, ""va_list"": false, ""variadic"": false, ""void_pointer"": false}",TRIVIAL,no_significant_detected_blocker,"[""platform_specific"", ""raw_pointer_parameter""]",medium
2,ecal-core,652e92f7cda2ab1f2d0056cb296b66c7a30c8fa8,ecal/core/src/io/mtx/linux/ecal_named_mutex_robust_clocklock_impl.cpp,226,229,function,if,4,"{""bitfield"": false, ""branch_complexity_proxy"": 1, ""c_array"": false, ""call_count"": 4, ""callback"": false, ""calloc"": false, ""conditional_compilation"": false, ""explicit_abi_boundary"": false, ""extern_declaration"": false, ""extern_or_abi_boundary"": false, ""flexible_array"": false, ""free"": false, ""function_pointer"": false, ""generated_source"": false, ""global_read"": false, ""global_write"": false, ""goto"": false, ""lexical_ambiguity"": false, ""longjmp"": false, ""macro_density"": 0.0, ""macro_generated_declaration"": false, ""macro_use"": false, ""malloc"": false, ""memcpy"": false, ""memmove"": false, ""memset"": false, ""mutable_global"": false, ""parameter_count"": 1, ""platform_specific"": true, ""pointer_arithmetic"": false, ""pointer_count"": 0, ""pointer_to_pointer"": false, ""raw_pointer_parameter"": false, ""raw_pointer_return"": false, ""realloc"": false, ""setjmp"": false, ""static_local"": false, ""syscall"": false, ""third_party"": false, ""union"": false, ""va_list"": false, ""variadic"": false, ""void_pointer"": false}",TRIVIAL,no_significant_detected_blocker,"[""platform_specific""]",medium
2,ecal-core,652e92f7cda2ab1f2d0056cb296b66c7a30c8fa8,ecal/core/src/io/mtx/linux/ecal_named_mutex_robust_clocklock_impl.cpp,233,233,struct,timespec,1,"{""bitfield"": false, ""branch_complexity_proxy"": 0, ""c_array"": false, ""call_count"": 0, ""callback"": false, ""calloc"": false, ""conditional_compilation"": false, ""explicit_abi_boundary"": false, ""extern_declaration"": false, ""extern_or_abi_boundary"": false, ""flexible_array"": false, ""free"": false, ""function_pointer"": false, ""generated_source"": false, ""global_read"": false, ""global_write"": false, ""goto"": false, ""lexical_ambiguity"": false, ""longjmp"": false, ""macro_density"": 0.0, ""macro_generated_declaration"": false, ""macro_use"": false, ""malloc"": false, ""memcpy"": false, ""memmove"": false, ""memset"": false, ""mutable_global"": false, ""parameter_count"": 0, ""platform_specific"": true, ""pointer_arithmetic"": false, ""pointer_count"": 0, ""pointer_to_pointer"": false, ""raw_pointer_parameter"": false, ""raw_pointer_return"": false, ""realloc"": false, ""setjmp"": false, ""static_local"": false, ""syscall"": false, ""third_party"": false, ""union"": false, ""va_list"": false, ""variadic"": false, ""void_pointer"": false}",TRIVIAL,no_significant_detected_blocker,"[""platform_specific""]",medium
2,ecal-core,652e92f7cda2ab1f2d0056cb296b66c7a30c8fa8,ecal/core/src/io/mtx/win32/ecal_named_mutex_impl.cpp,87,95,function,if,9,"{""bitfield"": false, ""branch_complexity_proxy"": 2, ""c_array"": false, ""call_count"": 2, ""callback"": false, ""calloc"": false, ""conditional_compilation"": false, ""explicit_abi_boundary"": false, ""extern_declaration"": false, ""extern_or_abi_boundary"": false, ""flexible_array"": false, ""free"": false, ""function_pointer"": false, ""generated_source"": false, ""global_read"": false, ""global_write"": false, ""goto"": false, ""lexical_ambiguity"": false, ""longjmp"": false, ""macro_density"": 0.0, ""macro_generated_declaration"": false, ""macro_use"": false, ""malloc"": false, ""memcpy"": false, ""memmove"": false, ""memset"": false, ""mutable_global"": false, ""parameter_count"": 1, ""platform_specific"": false, ""pointer_arithmetic"": false, ""pointer_count"": 0, ""pointer_to_pointer"": false, ""raw_pointer_parameter"": false, ""raw_pointer_return"": false, ""realloc"": false, ""setjmp"": false, ""static_local"": false, ""syscall"": false, ""third_party"": false, ""union"": false, ""va_list"": false, ""variadic"": false, ""void_pointer"": false}",TRIVIAL,no_significant_detected_blocker,[],medium
2,ecal-core,652e92f7cda2ab1f2d0056cb296b66c7a30c8fa8,ecal/core/src/io/shm/ecal_memfile.h,190,208,struct,SInternalHeader,19,"{""bitfield"": false, ""branch_complexity_proxy"": 1, ""c_array"": false, ""call_count"": 3, ""callback"": false, ""calloc"": false, ""conditional_compilation"": false, ""explicit_abi_boundary"": false, ""extern_declaration"": false, ""extern_or_abi_boundary"": false, ""flexible_array"": false, ""free"": false, ""function_pointer"": false, ""generated_source"": false, ""global_read"": false, ""global_write"": false, ""goto"": false, ""lexical_ambiguity"": false, ""longjmp"": false, ""macro_density"": 0.157895, ""macro_generated_declaration"": false, ""macro_use"": false, ""malloc"": false, ""memcpy"": false, ""memmove"": false, ""memset"": false, ""mutable_global"": false, ""parameter_count"": 0, ""platform_specific"": false, ""pointer_arithmetic"": false, ""pointer_count"": 0, ""pointer_to_pointer"": false, ""raw_pointer_parameter"": false, ""raw_pointer_return"": false, ""realloc"": false, ""setjmp"": false, ""static_local"": false, ""syscall"": false, ""third_party"": false, ""union"": false, ""va_list"": false, ""variadic"": false, ""void_pointer"": false}",TRIVIAL,no_significant_detected_blocker,[],medium
2,ecal-core,652e92f7cda2ab1f2d0056cb296b66c7a30c8fa8,ecal/core/src/io/shm/ecal_memfile.h,214,219,enum,class,6,"{""bitfield"": false, ""branch_complexity_proxy"": 0, ""c_array"": false, ""call_count"": 0, ""callback"": false, ""calloc"": false, ""conditional_compilation"": false, ""explicit_abi_boundary"": false, ""extern_declaration"": false, ""extern_or_abi_boundary"": false, ""flexible_array"": false, ""free"": false, ""function_pointer"": false, ""generated_source"": false, ""global_read"": false, ""global_write"": false, ""goto"": false, ""lexical_ambiguity"": false, ""longjmp"": false, ""macro_density"": 0.0, ""macro_generated_declaration"": false, ""macro_use"": false, ""malloc"": false, ""memcpy"": false, ""memmove"": false, ""memset"": false, ""mutable_global"": false, ""parameter_count"": 0, ""platform_specific"": false, ""pointer_arithmetic"": false, ""pointer_count"": 0, ""pointer_to_pointer"": false, ""raw_pointer_parameter"": false, ""raw_pointer_return"": false, ""realloc"": false, ""setjmp"": false, ""static_local"": false, ""syscall"": false, ""third_party"": false, ""union"": false, ""va_list"": false, ""variadic"": false, ""void_pointer"": false}",TRIVIAL,no_significant_detected_blocker,[],medium
2,ecal-core,652e92f7cda2ab1f2d0056cb296b66c7a30c8fa8,ecal/core/src/io/shm/ecal_memfile_header.h,30,47,struct,SMemFileHeader,18,"{""bitfield"": true, ""branch_complexity_proxy"": 0, ""c_array"": false, ""call_count"": 1, ""callback"": false, ""calloc"": false, ""conditional_compilation"": false, ""explicit_abi_boundary"": false, ""extern_declaration"": false, ""extern_or_abi_boundary"": false, ""flexible_array"": false, ""free"": false, ""function_pointer"": false, ""generated_source"": false, ""global_read"": false, ""global_write"": false, ""goto"": false, ""lexical_ambiguity"": false, ""longjmp"": false, ""macro_density"": 0.0, ""macro_generated_declaration"": false, ""macro_use"": false, ""malloc"": false, ""memcpy"": false, ""memmove"": false, ""memset"": false, ""mutable_global"": false, ""parameter_count"": 0, ""platform_specific"": false, ""pointer_arithmetic"": false, ""pointer_count"": 0, ""pointer_to_pointer"": false, ""raw_pointer_parameter"": false, ""raw_pointer_return"": false, ""realloc"": false, ""setjmp"": false, ""static_local"": false, ""syscall"": false, ""third_party"": false, ""union"": false, ""va_list"": false, ""variadic"": false, ""void_pointer"": false}",REFACTOR_THEN_DSL,bitfield,[],medium
2,ecal-core,652e92f7cda2ab1f2d0056cb296b66c7a30c8fa8,ecal/core/src/io/shm/ecal_memfile_header.h,39,43,struct,optflags,5,"{""bitfield"": true, ""branch_complexity_proxy"": 0, ""c_array"": false, ""call_count"": 0, ""callback"": false, ""calloc"": false, ""conditional_compilation"": false, ""explicit_abi_boundary"": false, ""extern_declaration"": false, ""extern_or_abi_boundary"": false, ""flexible_array"": false, ""free"": false, ""function_pointer"": false, ""generated_source"": false, ""global_read"": false, ""global_write"": false, ""goto"": false, ""lexical_ambiguity"": false, ""longjmp"": false, ""macro_density"": 0.0, ""macro_generated_declaration"": false, ""macro_use"": false, ""malloc"": false, ""memcpy"": false, ""memmove"": false, ""memset"": false, ""mutable_global"": false, ""parameter_count"": 0, ""platform_specific"": false, ""pointer_arithmetic"": false, ""pointer_count"": 0, ""pointer_to_pointer"": false, ""raw_pointer_parameter"": false, ""raw_pointer_return"": false, ""realloc"": false, ""setjmp"": false, ""static_local"": false, ""syscall"": false, ""third_party"": false, ""union"": false, ""va_list"": false, ""variadic"": false, ""void_pointer"": false}",REFACTOR_THEN_DSL,bitfield,[],medium
2,ecal-core,652e92f7cda2ab1f2d0056cb296b66c7a30c8fa8,ecal/core/src/io/shm/ecal_memfile_info.h,36,36,global,MemFileT,1,"{""bitfield"": false, ""branch_complexity_proxy"": 0, ""c_array"": false, ""call_count"": 0, ""callback"": false, ""calloc"": false, ""conditional_compilation"": true, ""explicit_abi_boundary"": false, ""extern_declaration"": false, ""extern_or_abi_boundary"": false, ""flexible_array"": false, ""free"": false, ""function_pointer"": false, ""generated_source"": false, ""global_read"": false, ""global_write"": false, ""goto"": false, ""lexical_ambiguity"": false, ""longjmp"": false, ""macro_density"": 0.0, ""macro_generated_declaration"": false, ""macro_use"": false, ""malloc"": false, ""memcpy"": false, ""memmove"": false, ""memset"": false, ""mutable_global"": true, ""parameter_count"": 0, ""platform_specific"": false, ""pointer_arithmetic"": false, ""pointer_count"": 0, ""pointer_to_pointer"": false, ""raw_pointer_parameter"": false, ""raw_pointer_return"": false, ""realloc"": false, ""setjmp"": false, ""static_local"": false, ""syscall"": false, ""third_party"": false, ""union"": false, ""va_list"": false, ""variadic"": false, ""void_pointer"": false}",REFACTOR_THEN_DSL,mutable_global,[],medium
2,ecal-core,652e92f7cda2ab1f2d0056cb296b66c7a30c8fa8,ecal/core/src/io/shm/ecal_memfile_info.h,37,37,global,MapRegionT,1,"{""bitfield"": false, ""branch_complexity_proxy"": 0, ""c_array"": false, ""call_count"": 0, ""callback"": false, ""calloc"": false, ""conditional_compilation"": true, ""explicit_abi_boundary"": false, ""extern_declaration"": false, ""extern_or_abi_boundary"": false, ""flexible_array"": false, ""free"": false, ""function_pointer"": false, ""generated_source"": false, ""global_read"": false, ""global_write"": false, ""goto"": false, ""lexical_ambiguity"": false, ""longjmp"": false, ""macro_density"": 0.0, ""macro_generated_declaration"": false, ""macro_use"": false, ""malloc"": false, ""memcpy"": false, ""memmove"": false, ""memset"": false, ""mutable_global"": true, ""parameter_count"": 0, ""platform_specific"": false, ""pointer_arithmetic"": false, ""pointer_count"": 0, ""pointer_to_pointer"": false, ""raw_pointer_parameter"": false, ""raw_pointer_return"": false, ""realloc"": false, ""setjmp"": false, ""static_local"": false, ""syscall"": false, ""third_party"": false, ""union"": false, ""va_list"": false, ""variadic"": false, ""void_pointer"": false}",REFACTOR_THEN_DSL,mutable_global,[],medium
2,ecal-core,652e92f7cda2ab1f2d0056cb296b66c7a30c8fa8,ecal/core/src/io/shm/ecal_memfile_info.h,43,43,typedef,MemFileT,1,"{""bitfield"": false, ""branch_complexity_proxy"": 0, ""c_array"": false, ""call_count"": 0, ""callback"": false, ""calloc"": false, ""conditional_compilation"": true, ""explicit_abi_boundary"": false, ""extern_declaration"": false, ""extern_or_abi_boundary"": false, ""flexible_array"": false, ""free"": false, ""function_pointer"": false, ""generated_source"": false, ""global_read"": false, ""global_write"": false, ""goto"": false, ""lexical_ambiguity"": false, ""longjmp"": false, ""macro_density"": 0.0, ""macro_generated_declaration"": false, ""macro_use"": false, ""malloc"": false, ""memcpy"": false, ""memmove"": false, ""memset"": false, ""mutable_global"": false, ""parameter_count"": 0, ""platform_specific"": false, ""pointer_arithmetic"": false, ""pointer_count"": 0, ""pointer_to_pointer"": false, ""raw_pointer_parameter"": false, ""raw_pointer_return"": false, ""realloc"": false, ""setjmp"": false, ""static_local"": false, ""syscall"": false, ""third_party"": false, ""union"": false, ""va_list"": false, ""variadic"": false, ""void_pointer"": false}",TRIVIAL,no_significant_detected_blocker,"[""conditional_compilation""]",medium
2,ecal-core,652e92f7cda2ab1f2d0056cb296b66c7a30c8fa8,ecal/core/src/io/shm/ecal_memfile_info.h,44,44,typedef,MapRegionT,1,"{""bitfield"": false, ""branch_complexity_proxy"": 0, ""c_array"": false, ""call_count"": 0, ""callback"": false, ""calloc"": false, ""conditional_compilation"": true, ""explicit_abi_boundary"": false, ""extern_declaration"": false, ""extern_or_abi_boundary"": false, ""flexible_array"": false, ""free"": false, ""function_pointer"": false, ""generated_source"": false, ""global_read"": false, ""global_write"": false, ""goto"": false, ""lexical_ambiguity"": false, ""longjmp"": false, ""macro_density"": 0.0, ""macro_generated_declaration"": false, ""macro_use"": false, ""malloc"": false, ""memcpy"": false, ""memmove"": false, ""memset"": false, ""mutable_global"": false, ""parameter_count"": 0, ""platform_specific"": false, ""pointer_arithmetic"": false, ""pointer_count"": 0, ""pointer_to_pointer"": false, ""raw_pointer_parameter"": false, ""raw_pointer_return"": false, ""realloc"": false, ""setjmp"": false, ""static_local"": false, ""syscall"": false, ""third_party"": false, ""union"": false, ""va_list"": false, ""variadic"": false, ""void_pointer"": false}",TRIVIAL,no_significant_detected_blocker,"[""conditional_compilation""]",medium
2,ecal-core,652e92f7cda2ab1f2d0056cb296b66c7a30c8fa8,ecal/core/src/io/shm/ecal_memfile_info.h,50,60,struct,SMemFileInfo,11,"{""bitfield"": false, ""branch_complexity_proxy"": 0, ""c_array"": false, ""call_count"": 0, ""callback"": false, ""calloc"": false, ""conditional_compilation"": false, ""explicit_abi_boundary"": false, ""extern_declaration"": false, ""extern_or_abi_boundary"": false, ""flexible_array"": false, ""free"": false, ""function_pointer"": false, ""generated_source"": false, ""global_read"": false, ""global_write"": false, ""goto"": false, ""lexical_ambiguity"": false, ""longjmp"": false, ""macro_density"": 0.0, ""macro_generated_declaration"": false, ""macro_use"": false, ""malloc"": false, ""memcpy"": false, ""memmove"": false, ""memset"": false, ""mutable_global"": false, ""parameter_count"": 0, ""platform_specific"": false, ""pointer_arithmetic"": false, ""pointer_count"": 1, ""pointer_to_pointer"": false, ""raw_pointer_parameter"": false, ""raw_pointer_return"": false, ""realloc"": false, ""setjmp"": false, ""static_local"": false, ""syscall"": false, ""third_party"": false, ""union"": false, ""va_list"": false, ""variadic"": false, ""void_pointer"": true}",TRIVIAL,no_significant_detected_blocker,"[""void_pointer""]",medium
2,ecal-core,652e92f7cda2ab1f2d0056cb296b66c7a30c8fa8,ecal/core/src/io/shm/ecal_memfile_pool.h,67,67,function,IsObserving,1,"{""bitfield"": false, ""branch_complexity_proxy"": 0, ""c_array"": false, ""call_count"": 2, ""callback"": false, ""calloc"": false, ""conditional_compilation"": false, ""explicit_abi_boundary"": false, ""extern_declaration"": false, ""extern_or_abi_boundary"": false, ""flexible_array"": false, ""free"": false, ""function_pointer"": false, ""generated_source"": false, ""global_read"": false, ""global_write"": false, ""goto"": false, ""lexical_ambiguity"": false, ""longjmp"": false, ""macro_density"": 0.0, ""macro_generated_declaration"": false, ""macro_use"": false, ""malloc"": false, ""memcpy"": false, ""memmove"": false, ""memset"": false, ""mutable_global"": false, ""parameter_count"": 0, ""platform_specific"": false, ""pointer_arithmetic"": false, ""pointer_count"": 0, ""pointer_to_pointer"": false, ""raw_pointer_parameter"": false, ""raw_pointer_return"": false, ""realloc"": false, ""setjmp"": false, ""static_local"": false, ""syscall"": false, ""third_party"": false, ""union"": false, ""va_list"": false, ""variadic"": false, ""void_pointer"": false}",TRIVIAL,no_significant_detected_blocker,[],medium
2,ecal-core,652e92f7cda2ab1f2d0056cb296b66c7a30c8fa8,ecal/core/src/io/shm/ecal_memfile_sync.h,41,47,struct,SSyncMemoryFileAttr,7,"{""bitfield"": false, ""branch_complexity_proxy"": 0, ""c_array"": false, ""call_count"": 0, ""callback"": false, ""calloc"": false, ""conditional_compilation"": false, ""explicit_abi_boundary"": false, ""extern_declaration"": false, ""extern_or_abi_boundary"": false, ""flexible_array"": false, ""free"": false, ""function_pointer"": false, ""generated_source"": false, ""global_read"": false, ""global_write"": false, ""goto"": false, ""lexical_ambiguity"": false, ""longjmp"": false, ""macro_density"": 0.0, ""macro_generated_declaration"": false, ""macro_use"": false, ""malloc"": false, ""memcpy"": false, ""memmove"": false, ""memset"": false, ""mutable_global"": false, ""parameter_count"": 0, ""platform_specific"": false, ""pointer_arithmetic"": false, ""pointer_count"": 0, ""pointer_to_pointer"": false, ""raw_pointer_parameter"": false, ""raw_pointer_return"": false, ""realloc"": false, ""setjmp"": false, ""static_local"": false, ""syscall"": false, ""third_party"": false, ""union"": false, ""va_list"": false, ""variadic"": false, ""void_pointer"": false}",TRIVIAL,no_significant_detected_blocker,[],medium
2,ecal-core,652e92f7cda2ab1f2d0056cb296b66c7a30c8fa8,ecal/core/src/io/shm/ecal_memfile_sync.h,79,84,struct,SEventHandlePair,6,"{""bitfield"": false, ""branch_complexity_proxy"": 0, ""c_array"": false, ""call_count"": 0, ""callback"": false, ""calloc"": false, ""conditional_compilation"": false, ""explicit_abi_boundary"": false, ""extern_declaration"": false, ""extern_or_abi_boundary"": false, ""flexible_array"": false, ""free"": false, ""function_pointer"": false, ""generated_source"": false, ""global_read"": false, ""global_write"": false, ""goto"": false, ""lexical_ambiguity"": false, ""longjmp"": false, ""macro_density"": 0.0, ""macro_generated_declaration"": false, ""macro_use"": false, ""malloc"": false, ""memcpy"": false, ""memmove"": false, ""memset"": false, ""mutable_global"": false, ""parameter_count"": 0, ""platform_specific"": false, ""pointer_arithmetic"": false, ""pointer_count"": 0, ""pointer_to_pointer"": false, ""raw_pointer_parameter"": false, ""raw_pointer_return"": false, ""realloc"": false, ""setjmp"": false, ""static_local"": false, ""syscall"": false, ""third_party"": false, ""union"": false, ""va_list"": false, ""variadic"": false, ""void_pointer"": false}",TRIVIAL,no_significant_detected_blocker,[],medium
2,ecal-core,652e92f7cda2ab1f2d0056cb296b66c7a30c8fa8,ecal/core/src/io/shm/linux/ecal_memfile_os.cpp,48,91,function,AllocFile,44,"{""bitfield"": false, ""branch_complexity_proxy"": 4, ""c_array"": true, ""call_count"": 17, ""callback"": false, ""calloc"": false, ""conditional_compilation"": false, ""explicit_abi_boundary"": false, ""extern_declaration"": false, ""extern_or_abi_boundary"": false, ""flexible_array"": false, ""free"": false, ""function_pointer"": false, ""generated_source"": false, ""global_read"": false, ""global_write"": false, ""goto"": false, ""lexical_ambiguity"": false, ""longjmp"": false, ""macro_density"": 0.0, ""macro_generated_declaration"": false, ""macro_use"": false, ""malloc"": false, ""memcpy"": false, ""memmove"": false, ""memset"": false, ""mutable_global"": false, ""parameter_count"": 3, ""platform_specific"": true, ""pointer_arithmetic"": false, ""pointer_count"": 0, ""pointer_to_pointer"": false, ""raw_pointer_parameter"": false, ""raw_pointer_return"": false, ""realloc"": false, ""setjmp"": false, ""static_local"": false, ""syscall"": false, ""third_party"": false, ""union"": false, ""va_list"": false, ""variadic"": false, ""void_pointer"": false}",TRIVIAL,no_significant_detected_blocker,"[""c_array"", ""platform_specific""]",medium
2,ecal-core,652e92f7cda2ab1f2d0056cb296b66c7a30c8fa8,ecal/core/src/io/shm/linux/ecal_memfile_os.cpp,93,105,function,DeAllocFile,13,"{""bitfield"": false, ""branch_complexity_proxy"": 1, ""c_array"": false, ""call_count"": 4, ""callback"": false, ""calloc"": false, ""conditional_compilation"": false, ""explicit_abi_boundary"": false, ""extern_declaration"": false, ""extern_or_abi_boundary"": false, ""flexible_array"": false, ""free"": false, ""function_pointer"": false, ""generated_source"": false, ""global_read"": false, ""global_write"": false, ""goto"": false, ""lexical_ambiguity"": false, ""longjmp"": false, ""macro_density"": 0.0, ""macro_generated_declaration"": false, ""macro_use"": false, ""malloc"": false, ""memcpy"": false, ""memmove"": false, ""memset"": false, ""mutable_global"": false, ""parameter_count"": 1, ""platform_specific"": true, ""pointer_arithmetic"": false, ""pointer_count"": 0, ""pointer_to_pointer"": false, ""raw_pointer_parameter"": false, ""raw_pointer_return"": false, ""realloc"": false, ""setjmp"": false, ""static_local"": false, ""syscall"": true, ""third_party"": false, ""union"": false, ""va_list"": false, ""variadic"": false, ""void_pointer"": false}",TRIVIAL,no_significant_detected_blocker,"[""platform_specific"", ""syscall""]",medium
2,ecal-core,652e92f7cda2ab1f2d0056cb296b66c7a30c8fa8,ecal/core/src/io/shm/linux/ecal_memfile_os.cpp,107,111,function,RemoveFile,5,"{""bitfield"": false, ""branch_complexity_proxy"": 0, ""c_array"": false, ""call_count"": 4, ""callback"": false, ""calloc"": false, ""conditional_compilation"": false, ""explicit_abi_boundary"": false, ""extern_declaration"": false, ""extern_or_abi_boundary"": false, ""flexible_array"": false, ""free"": false, ""function_pointer"": false, ""generated_source"": false, ""global_read"": false, ""global_write"": false, ""goto"": false, ""lexical_ambiguity"": false, ""longjmp"": false, ""macro_density"": 0.0, ""macro_generated_declaration"": false, ""macro_use"": false, ""malloc"": false, ""memcpy"": false, ""memmove"": false, ""memset"": false, ""mutable_global"": false, ""parameter_count"": 1, ""platform_specific"": true, ""pointer_arithmetic"": false, ""pointer_count"": 0, ""pointer_to_pointer"": false, ""raw_pointer_parameter"": false, ""raw_pointer_return"": false, ""realloc"": false, ""setjmp"": false, ""static_local"": false, ""syscall"": false, ""third_party"": false, ""union"": false, ""va_list"": false, ""variadic"": false, ""void_pointer"": false}",TRIVIAL,no_significant_detected_blocker,"[""platform_specific""]",medium
2,ecal-core,652e92f7cda2ab1f2d0056cb296b66c7a30c8fa8,ecal/core/src/io/shm/linux/ecal_memfile_os.cpp,113,140,function,MapFile,28,"{""bitfield"": false, ""branch_complexity_proxy"": 5, ""c_array"": false, ""call_count"": 12, ""callback"": false, ""calloc"": false, ""conditional_compilation"": false, ""explicit_abi_boundary"": false, ""extern_declaration"": false, ""extern_or_abi_boundary"": false, ""flexible_array"": false, ""free"": false, ""function_pointer"": false, ""generated_source"": false, ""global_read"": false, ""global_write"": false, ""goto"": false, ""lexical_ambiguity"": false, ""longjmp"": false, ""macro_density"": 0.0, ""macro_generated_declaration"": false, ""macro_use"": false, ""malloc"": false, ""memcpy"": false, ""memmove"": false, ""memset"": false, ""mutable_global"": false, ""parameter_count"": 2, ""platform_specific"": true, ""pointer_arithmetic"": false, ""pointer_count"": 0, ""pointer_to_pointer"": false, ""raw_pointer_parameter"": false, ""raw_pointer_return"": false, ""realloc"": false, ""setjmp"": false, ""static_local"": false, ""syscall"": false, ""third_party"": false, ""union"": false, ""va_list"": false, ""variadic"": false, ""void_pointer"": false}",TRIVIAL,no_significant_detected_blocker,"[""platform_specific""]",medium
2,ecal-core,652e92f7cda2ab1f2d0056cb296b66c7a30c8fa8,ecal/core/src/io/shm/linux/ecal_memfile_os.cpp,142,152,function,UnMapFile,11,"{""bitfield"": false, ""branch_complexity_proxy"": 1, ""c_array"": false, ""call_count"": 5, ""callback"": false, ""calloc"": false, ""conditional_compilation"": false, ""explicit_abi_boundary"": false, ""extern_declaration"": false, ""extern_or_abi_boundary"": false, ""flexible_array"": false, ""free"": false, ""function_pointer"": false, ""generated_source"": false, ""global_read"": false, ""global_write"": false, ""goto"": false, ""lexical_ambiguity"": false, ""longjmp"": false, ""macro_density"": 0.0, ""macro_generated_declaration"": false, ""macro_use"": false, ""malloc"": false, ""memcpy"": false, ""memmove"": false, ""memset"": false, ""mutable_global"": false, ""parameter_count"": 1, ""platform_specific"": true, ""pointer_arithmetic"": false, ""pointer_count"": 0, ""pointer_to_pointer"": false, ""raw_pointer_parameter"": false, ""raw_pointer_return"": false, ""realloc"": false, ""setjmp"": false, ""static_local"": false, ""syscall"": false, ""third_party"": false, ""union"": false, ""va_list"": false, ""variadic"": false, ""void_pointer"": false}",TRIVIAL,no_significant_detected_blocker,"[""platform_specific""]",medium
2,ecal-core,652e92f7cda2ab1f2d0056cb296b66c7a30c8fa8,ecal/core/src/io/shm/linux/ecal_memfile_os.cpp,154,195,function,CheckFileSize,42,"{""bitfield"": false, ""branch_complexity_proxy"": 5, ""c_array"": false, ""call_count"": 14, ""callback"": false, ""calloc"": false, ""conditional_compilation"": false, ""explicit_abi_boundary"": false, ""extern_declaration"": false, ""extern_or_abi_boundary"": false, ""flexible_array"": false, ""free"": false, ""function_pointer"": false, ""generated_source"": false, ""global_read"": false, ""global_write"": false, ""goto"": false, ""lexical_ambiguity"": false, ""longjmp"": false, ""macro_density"": 0.0, ""macro_generated_declaration"": false, ""macro_use"": false, ""malloc"": false, ""memcpy"": false, ""memmove"": false, ""memset"": true, ""mutable_global"": false, ""parameter_count"": 3, ""platform_specific"": true, ""pointer_arithmetic"": false, ""pointer_count"": 0, ""pointer_to_pointer"": false, ""raw_pointer_parameter"": false, ""raw_pointer_return"": false, ""realloc"": false, ""setjmp"": false, ""static_local"": false, ""syscall"": false, ""third_party"": false, ""union"": false, ""va_list"": false, ""variadic"": false, ""void_pointer"": false}",REFACTOR_THEN_DSL,memset,[],medium
2,ecal-core,652e92f7cda2ab1f2d0056cb296b66c7a30c8fa8,ecal/core/src/io/shm/linux/posix_shm_region.cpp,19,30,struct,Fd,12,"{""bitfield"": false, ""branch_complexity_proxy"": 3, ""c_array"": false, ""call_count"": 13, ""callback"": false, ""calloc"": false, ""conditional_compilation"": false, ""explicit_abi_boundary"": false, ""extern_declaration"": false, ""extern_or_abi_boundary"": false, ""flexible_array"": false, ""free"": false, ""function_pointer"": false, ""generated_source"": false, ""global_read"": false, ""global_write"": false, ""goto"": false, ""lexical_ambiguity"": false, ""longjmp"": false, ""macro_density"": 0.0, ""macro_generated_declaration"": false, ""macro_use"": false, ""malloc"": false, ""memcpy"": false, ""memmove"": false, ""memset"": false, ""mutable_global"": false, ""parameter_count"": 0, ""platform_specific"": true, ""pointer_arithmetic"": false, ""pointer_count"": 1, ""pointer_to_pointer"": false, ""raw_pointer_parameter"": false, ""raw_pointer_return"": false, ""realloc"": false, ""setjmp"": false, ""static_local"": false, ""syscall"": true, ""third_party"": false, ""union"": false, ""va_list"": false, ""variadic"": false, ""void_pointer"": false}",TRIVIAL,no_significant_detected_blocker,"[""platform_specific"", ""syscall""]",medium
2,ecal-core,652e92f7cda2ab1f2d0056cb296b66c7a30c8fa8,ecal/core/src/io/shm/linux/posix_shm_region.cpp,24,24,function,Fd,1,"{""bitfield"": false, ""branch_complexity_proxy"": 0, ""c_array"": false, ""call_count"": 2, ""callback"": false, ""calloc"": false, ""conditional_compilation"": false, ""explicit_abi_boundary"": false, ""extern_declaration"": false, ""extern_or_abi_boundary"": false, ""flexible_array"": false, ""free"": false, ""function_pointer"": false, ""generated_source"": false, ""global_read"": false, ""global_write"": false, ""goto"": false, ""lexical_ambiguity"": false, ""longjmp"": false, ""macro_density"": 0.0, ""macro_generated_declaration"": false, ""macro_use"": false, ""malloc"": false, ""memcpy"": false, ""memmove"": false, ""memset"": false, ""mutable_global"": false, ""parameter_count"": 1, ""platform_specific"": true, ""pointer_arithmetic"": false, ""pointer_count"": 0, ""pointer_to_pointer"": false, ""raw_pointer_parameter"": false, ""raw_pointer_return"": false, ""realloc"": false, ""setjmp"": false, ""static_local"": false, ""syscall"": false, ""third_party"": false, ""union"": false, ""va_list"": false, ""variadic"": false, ""void_pointer"": false}",TRIVIAL,no_significant_detected_blocker,"[""platform_specific""]",medium
2,ecal-core,652e92f7cda2ab1f2d0056cb296b66c7a30c8fa8,ecal/core/src/io/shm/linux/posix_shm_region.cpp,32,52,struct,FlockExclusive,21,"{""bitfield"": false, ""branch_complexity_proxy"": 1, ""c_array"": false, ""call_count"": 9, ""callback"": false, ""calloc"": false, ""conditional_compilation"": false, ""explicit_abi_boundary"": false, ""extern_declaration"": false, ""extern_or_abi_boundary"": false, ""flexible_array"": false, ""free"": false, ""function_pointer"": false, ""generated_source"": false, ""global_read"": false, ""global_write"": false, ""goto"": false, ""lexical_ambiguity"": false, ""longjmp"": false, ""macro_density"": 0.0, ""macro_generated_declaration"": false, ""macro_use"": false, ""malloc"": false, ""memcpy"": false, ""memmove"": false, ""memset"": false, ""mutable_global"": false, ""parameter_count"": 0, ""platform_specific"": true, ""pointer_arithmetic"": false, ""pointer_count"": 0, ""pointer_to_pointer"": false, ""raw_pointer_parameter"": false, ""raw_pointer_return"": false, ""realloc"": false, ""setjmp"": false, ""static_local"": false, ""syscall"": false, ""third_party"": false, ""union"": false, ""va_list"": false, ""variadic"": false, ""void_pointer"": false}",TRIVIAL,no_significant_detected_blocker,"[""platform_specific""]",medium
2,ecal-core,652e92f7cda2ab1f2d0056cb296b66c7a30c8fa8,ecal/core/src/io/shm/linux/posix_shm_region.cpp,36,40,function,FlockExclusive,5,"{""bitfield"": false, ""branch_complexity_proxy"": 0, ""c_array"": false, ""call_count"": 3, ""callback"": false, ""calloc"": false, ""conditional_compilation"": false, ""explicit_abi_boundary"": false, ""extern_declaration"": false, ""extern_or_abi_boundary"": false, ""flexible_array"": false, ""free"": false, ""function_pointer"": false, ""generated_source"": false, ""global_read"": false, ""global_write"": false, ""goto"": false, ""lexical_ambiguity"": false, ""longjmp"": false, ""macro_density"": 0.0, ""macro_generated_declaration"": false, ""macro_use"": false, ""malloc"": false, ""memcpy"": false, ""memmove"": false, ""memset"": false, ""mutable_global"": false, ""parameter_count"": 1, ""platform_specific"": true, ""pointer_arithmetic"": false, ""pointer_count"": 0, ""pointer_to_pointer"": false, ""raw_pointer_parameter"": false, ""raw_pointer_return"": false, ""realloc"": false, ""setjmp"": false, ""static_local"": false, ""syscall"": false, ""third_party"": false, ""union"": false, ""va_list"": false, ""variadic"": false, ""void_pointer"": false}",TRIVIAL,no_significant_detected_blocker,"[""platform_specific""]",medium
2,ecal-core,652e92f7cda2ab1f2d0056cb296b66c7a30c8fa8,ecal/core/src/io/shm/linux/posix_shm_region.cpp,56,73,function,shm_open_create_or_open,18,"{""bitfield"": false, ""branch_complexity_proxy"": 1, ""c_array"": false, ""call_count"": 7, ""callback"": false, ""calloc"": false, ""conditional_compilation"": false, ""explicit_abi_boundary"": false, ""extern_declaration"": false, ""extern_or_abi_boundary"": false, ""flexible_array"": false, ""free"": false, ""function_pointer"": false, ""generated_source"": false, ""global_read"": false, ""global_write"": false, ""goto"": false, ""lexical_ambiguity"": false, ""longjmp"": false, ""macro_density"": 0.0, ""macro_generated_declaration"": false, ""macro_use"": false, ""malloc"": false, ""memcpy"": false, ""memmove"": false, ""memset"": false, ""mutable_global"": false, ""parameter_count"": 1, ""platform_specific"": true, ""pointer_arithmetic"": false, ""pointer_count"": 0, ""pointer_to_pointer"": false, ""raw_pointer_parameter"": false, ""raw_pointer_return"": false, ""realloc"": false, ""setjmp"": false, ""static_local"": false, ""syscall"": false, ""third_party"": false, ""union"": false, ""va_list"": false, ""variadic"": false, ""void_pointer"": false}",TRIVIAL,no_significant_detected_blocker,"[""platform_specific""]",medium
2,ecal-core,652e92f7cda2ab1f2d0056cb296b66c7a30c8fa8,ecal/core/src/io/shm/linux/posix_shm_region.cpp,90,163,function,open_or_create_mapped_region,74,"{""bitfield"": false, ""branch_complexity_proxy"": 9, ""c_array"": false, ""call_count"": 24, ""callback"": false, ""calloc"": false, ""conditional_compilation"": false, ""explicit_abi_boundary"": false, ""extern_declaration"": false, ""extern_or_abi_boundary"": false, ""flexible_array"": false, ""free"": false, ""function_pointer"": false, ""generated_source"": false, ""global_read"": false, ""global_write"": false, ""goto"": false, ""lexical_ambiguity"": false, ""longjmp"": false, ""macro_density"": 0.0, ""macro_generated_declaration"": false, ""macro_use"": false, ""malloc"": false, ""memcpy"": false, ""memmove"": false, ""memset"": false, ""mutable_global"": false, ""parameter_count"": 3, ""platform_specific"": true, ""pointer_arithmetic"": false, ""pointer_count"": 0, ""pointer_to_pointer"": false, ""raw_pointer_parameter"": false, ""raw_pointer_return"": false, ""realloc"": false, ""setjmp"": false, ""static_local"": false, ""syscall"": false, ""third_party"": false, ""union"": false, ""va_list"": false, ""variadic"": false, ""void_pointer"": false}",TRIVIAL,no_significant_detected_blocker,"[""platform_specific""]",medium
2,ecal-core,652e92f7cda2ab1f2d0056cb296b66c7a30c8fa8,ecal/core/src/io/shm/linux/posix_shm_region.cpp,165,173,function,close_region,9,"{""bitfield"": false, ""branch_complexity_proxy"": 1, ""c_array"": false, ""call_count"": 3, ""callback"": false, ""calloc"": false, ""conditional_compilation"": false, ""explicit_abi_boundary"": false, ""extern_declaration"": false, ""extern_or_abi_boundary"": false, ""flexible_array"": false, ""free"": false, ""function_pointer"": false, ""generated_source"": false, ""global_read"": false, ""global_write"": false, ""goto"": false, ""lexical_ambiguity"": false, ""longjmp"": false, ""macro_density"": 0.0, ""macro_generated_declaration"": false, ""macro_use"": false, ""malloc"": false, ""memcpy"": false, ""memmove"": false, ""memset"": false, ""mutable_global"": false, ""parameter_count"": 1, ""platform_specific"": true, ""pointer_arithmetic"": false, ""pointer_count"": 0, ""pointer_to_pointer"": false, ""raw_pointer_parameter"": false, ""raw_pointer_return"": false, ""realloc"": false, ""setjmp"": false, ""static_local"": false, ""syscall"": false, ""third_party"": false, ""union"": false, ""va_list"": false, ""variadic"": false, ""void_pointer"": false}",TRIVIAL,no_significant_detected_blocker,"[""platform_specific""]",medium
2,ecal-core,652e92f7cda2ab1f2d0056cb296b66c7a30c8fa8,ecal/core/src/io/shm/linux/posix_shm_region.cpp,175,178,function,unlink_region,4,"{""bitfield"": false, ""branch_complexity_proxy"": 0, ""c_array"": false, ""call_count"": 3, ""callback"": false, ""calloc"": false, ""conditional_compilation"": false, ""explicit_abi_boundary"": false, ""extern_declaration"": false, ""extern_or_abi_boundary"": false, ""flexible_array"": false, ""free"": false, ""function_pointer"": false, ""generated_source"": false, ""global_read"": false, ""global_write"": false, ""goto"": false, ""lexical_ambiguity"": false, ""longjmp"": false, ""macro_density"": 0.0, ""macro_generated_declaration"": false, ""macro_use"": false, ""malloc"": false, ""memcpy"": false, ""memmove"": false, ""memset"": false, ""mutable_global"": false, ""parameter_count"": 1, ""platform_specific"": true, ""pointer_arithmetic"": false, ""pointer_count"": 0, ""pointer_to_pointer"": false, ""raw_pointer_parameter"": false, ""raw_pointer_return"": false, ""realloc"": false, ""setjmp"": false, ""static_local"": false, ""syscall"": false, ""third_party"": false, ""union"": false, ""va_list"": false, ""variadic"": false, ""void_pointer"": false}",TRIVIAL,no_significant_detected_blocker,"[""platform_specific""]",medium
2,ecal-core,652e92f7cda2ab1f2d0056cb296b66c7a30c8fa8,ecal/core/src/io/shm/linux/posix_shm_region.h,9,15,struct,ShmRegion,7,"{""bitfield"": false, ""branch_complexity_proxy"": 0, ""c_array"": false, ""call_count"": 0, ""callback"": false, ""calloc"": false, ""conditional_compilation"": false, ""explicit_abi_boundary"": false, ""extern_declaration"": false, ""extern_or_abi_boundary"": false, ""flexible_array"": false, ""free"": false, ""function_pointer"": false, ""generated_source"": false, ""global_read"": false, ""global_write"": false, ""goto"": false, ""lexical_ambiguity"": false, ""longjmp"": false, ""macro_density"": 0.0, ""macro_generated_declaration"": false, ""macro_use"": false, ""malloc"": false, ""memcpy"": false, ""memmove"": false, ""memset"": false, ""mutable_global"": false, ""parameter_count"": 0, ""platform_specific"": true, ""pointer_arithmetic"": false, ""pointer_count"": 1, ""pointer_to_pointer"": false, ""raw_pointer_parameter"": false, ""raw_pointer_return"": false, ""realloc"": false, ""setjmp"": false, ""static_local"": false, ""syscall"": false, ""third_party"": false, ""union"": false, ""va_list"": false, ""variadic"": false, ""void_pointer"": true}",TRIVIAL,no_significant_detected_blocker,"[""platform_specific"", ""void_pointer""]",medium
2,ecal-core,652e92f7cda2ab1f2d0056cb296b66c7a30c8fa8,ecal/core/src/io/shm/linux/posix_shm_region.h,29,37,struct,ShmTypedRegion,9,"{""bitfield"": false, ""branch_complexity_proxy"": 0, ""c_array"": false, ""call_count"": 4, ""callback"": false, ""calloc"": false, ""conditional_compilation"": false, ""explicit_abi_boundary"": false, ""extern_declaration"": false, ""extern_or_abi_boundary"": false, ""flexible_array"": false, ""free"": false, ""function_pointer"": false, ""generated_source"": false, ""global_read"": false, ""global_write"": false, ""goto"": false, ""lexical_ambiguity"": false, ""longjmp"": false, ""macro_density"": 0.0, ""macro_generated_declaration"": false, ""macro_use"": false, ""malloc"": false, ""memcpy"": false, ""memmove"": false, ""memset"": false, ""mutable_global"": false, ""parameter_count"": 0, ""platform_specific"": true, ""pointer_arithmetic"": false, ""pointer_count"": 2, ""pointer_to_pointer"": false, ""raw_pointer_parameter"": false, ""raw_pointer_return"": false, ""realloc"": false, ""setjmp"": false, ""static_local"": false, ""syscall"": false, ""third_party"": false, ""union"": false, ""va_list"": false, ""variadic"": false, ""void_pointer"": false}",TRIVIAL,no_significant_detected_blocker,"[""platform_specific""]",medium
2,ecal-core,652e92f7cda2ab1f2d0056cb296b66c7a30c8fa8,ecal/core/src/io/shm/linux/posix_shm_region.h,58,61,function,close_region,4,"{""bitfield"": false, ""branch_complexity_proxy"": 0, ""c_array"": false, ""call_count"": 2, ""callback"": false, ""calloc"": false, ""conditional_compilation"": false, ""explicit_abi_boundary"": false, ""extern_declaration"": false, ""extern_or_abi_boundary"": false, ""flexible_array"": false, ""free"": false, ""function_pointer"": false, ""generated_source"": false, ""global_read"": false, ""global_write"": false, ""goto"": false, ""lexical_ambiguity"": false, ""longjmp"": false, ""macro_density"": 0.0, ""macro_generated_declaration"": false, ""macro_use"": false, ""malloc"": false, ""memcpy"": false, ""memmove"": false, ""memset"": false, ""mutable_global"": false, ""parameter_count"": 1, ""platform_specific"": true, ""pointer_arithmetic"": false, ""pointer_count"": 0, ""pointer_to_pointer"": false, ""raw_pointer_parameter"": false, ""raw_pointer_return"": false, ""realloc"": false, ""setjmp"": false, ""static_local"": false, ""syscall"": false, ""third_party"": false, ""union"": false, ""va_list"": false, ""variadic"": false, ""void_pointer"": false}",TRIVIAL,no_significant_detected_blocker,"[""platform_specific""]",medium
2,ecal-core,652e92f7cda2ab1f2d0056cb296b66c7a30c8fa8,ecal/core/src/io/shm/linux/posix_shm_region.h,64,67,function,unlink_region,4,"{""bitfield"": false, ""branch_complexity_proxy"": 0, ""c_array"": false, ""call_count"": 2, ""callback"": false, ""calloc"": false, ""conditional_compilation"": false, ""explicit_abi_boundary"": false, ""extern_declaration"": false, ""extern_or_abi_boundary"": false, ""flexible_array"": false, ""free"": false, ""function_pointer"": false, ""generated_source"": false, ""global_read"": false, ""global_write"": false, ""goto"": false, ""lexical_ambiguity"": false, ""longjmp"": false, ""macro_density"": 0.0, ""macro_generated_declaration"": false, ""macro_use"": false, ""malloc"": false, ""memcpy"": false, ""memmove"": false, ""memset"": false, ""mutable_global"": false, ""parameter_count"": 1, ""platform_specific"": true, ""pointer_arithmetic"": false, ""pointer_count"": 0, ""pointer_to_pointer"": false, ""raw_pointer_parameter"": false, ""raw_pointer_return"": false, ""realloc"": false, ""setjmp"": false, ""static_local"": false, ""syscall"": false, ""third_party"": false, ""union"": false, ""va_list"": false, ""variadic"": false, ""void_pointer"": false}",TRIVIAL,no_significant_detected_blocker,"[""platform_specific""]",medium
2,ecal-core,652e92f7cda2ab1f2d0056cb296b66c7a30c8fa8,ecal/core/src/io/shm/linux/umask_guard.h,14,16,function,ScopedUmaskRestore,3,"{""bitfield"": false, ""branch_complexity_proxy"": 0, ""c_array"": false, ""call_count"": 3, ""callback"": false, ""calloc"": false, ""conditional_compilation"": false, ""explicit_abi_boundary"": false, ""extern_declaration"": false, ""extern_or_abi_boundary"": false, ""flexible_array"": false, ""free"": false, ""function_pointer"": false, ""generated_source"": false, ""global_read"": false, ""global_write"": false, ""goto"": false, ""lexical_ambiguity"": false, ""longjmp"": false, ""macro_density"": 0.0, ""macro_generated_declaration"": false, ""macro_use"": false, ""malloc"": false, ""memcpy"": false, ""memmove"": false, ""memset"": false, ""mutable_global"": false, ""parameter_count"": 1, ""platform_specific"": true, ""pointer_arithmetic"": false, ""pointer_count"": 0, ""pointer_to_pointer"": false, ""raw_pointer_parameter"": false, ""raw_pointer_return"": false, ""realloc"": false, ""setjmp"": false, ""static_local"": false, ""syscall"": false, ""third_party"": false, ""union"": false, ""va_list"": false, ""variadic"": false, ""void_pointer"": false}",TRIVIAL,no_significant_detected_blocker,"[""platform_specific""]",medium
2,ecal-core,652e92f7cda2ab1f2d0056cb296b66c7a30c8fa8,ecal/core/src/io/shm/win32/ecal_memfile_os.cpp,32,37,function,AllocFile,6,"{""bitfield"": false, ""branch_complexity_proxy"": 0, ""c_array"": false, ""call_count"": 2, ""callback"": false, ""calloc"": false, ""conditional_compilation"": false, ""explicit_abi_boundary"": false, ""extern_declaration"": false, ""extern_or_abi_boundary"": false, ""flexible_array"": false, ""free"": false, ""function_pointer"": false, ""generated_source"": false, ""global_read"": false, ""global_write"": false, ""goto"": false, ""lexical_ambiguity"": false, ""longjmp"": false, ""macro_density"": 0.0, ""macro_generated_declaration"": false, ""macro_use"": false, ""malloc"": false, ""memcpy"": false, ""memmove"": false, ""memset"": false, ""mutable_global"": false, ""parameter_count"": 3, ""platform_specific"": false, ""pointer_arithmetic"": false, ""pointer_count"": 0, ""pointer_to_pointer"": false, ""raw_pointer_parameter"": false, ""raw_pointer_return"": false, ""realloc"": false, ""setjmp"": false, ""static_local"": false, ""syscall"": false, ""third_party"": false, ""union"": false, ""va_list"": false, ""variadic"": false, ""void_pointer"": false}",TRIVIAL,no_significant_detected_blocker,[],medium
2,ecal-core,652e92f7cda2ab1f2d0056cb296b66c7a30c8fa8,ecal/core/src/io/shm/win32/ecal_memfile_os.cpp,39,44,function,DeAllocFile,6,"{""bitfield"": false, ""branch_complexity_proxy"": 0, ""c_array"": false, ""call_count"": 3, ""callback"": false, ""calloc"": false, ""conditional_compilation"": false, ""explicit_abi_boundary"": false, ""extern_declaration"": false, ""extern_or_abi_boundary"": false, ""flexible_array"": false, ""free"": false, ""function_pointer"": false, ""generated_source"": false, ""global_read"": false, ""global_write"": false, ""goto"": false, ""lexical_ambiguity"": false, ""longjmp"": false, ""macro_density"": 0.0, ""macro_generated_declaration"": false, ""macro_use"": false, ""malloc"": false, ""memcpy"": false, ""memmove"": false, ""memset"": false, ""mutable_global"": false, ""parameter_count"": 1, ""platform_specific"": false, ""pointer_arithmetic"": false, ""pointer_count"": 0, ""pointer_to_pointer"": false, ""raw_pointer_parameter"": false, ""raw_pointer_return"": false, ""realloc"": false, ""setjmp"": false, ""static_local"": false, ""syscall"": false, ""third_party"": false, ""union"": false, ""va_list"": false, ""variadic"": false, ""void_pointer"": false}",TRIVIAL,no_significant_detected_blocker,[],medium
2,ecal-core,652e92f7cda2ab1f2d0056cb296b66c7a30c8fa8,ecal/core/src/io/shm/win32/ecal_memfile_os.cpp,46,49,function,RemoveFile,4,"{""bitfield"": false, ""branch_complexity_proxy"": 0, ""c_array"": false, ""call_count"": 2, ""callback"": false, ""calloc"": false, ""conditional_compilation"": false, ""explicit_abi_boundary"": false, ""extern_declaration"": false, ""extern_or_abi_boundary"": false, ""flexible_array"": false, ""free"": false, ""function_pointer"": false, ""generated_source"": false, ""global_read"": false, ""global_write"": false, ""goto"": false, ""lexical_ambiguity"": false, ""longjmp"": false, ""macro_density"": 0.0, ""macro_generated_declaration"": false, ""macro_use"": false, ""malloc"": false, ""memcpy"": false, ""memmove"": false, ""memset"": false, ""mutable_global"": false, ""parameter_count"": 1, ""platform_specific"": false, ""pointer_arithmetic"": false, ""pointer_count"": 0, ""pointer_to_pointer"": false, ""raw_pointer_parameter"": false, ""raw_pointer_return"": false, ""realloc"": false, ""setjmp"": false, ""static_local"": false, ""syscall"": false, ""third_party"": false, ""union"": false, ""va_list"": false, ""variadic"": false, ""void_pointer"": false}",TRIVIAL,no_significant_detected_blocker,[],medium
2,ecal-core,652e92f7cda2ab1f2d0056cb296b66c7a30c8fa8,ecal/core/src/io/shm/win32/ecal_memfile_os.cpp,51,88,function,MapFile,38,"{""bitfield"": false, ""branch_complexity_proxy"": 6, ""c_array"": false, ""call_count"": 13, ""callback"": false, ""calloc"": false, ""conditional_compilation"": false, ""explicit_abi_boundary"": false, ""extern_declaration"": false, ""extern_or_abi_boundary"": false, ""flexible_array"": false, ""free"": false, ""function_pointer"": false, ""generated_source"": false, ""global_read"": false, ""global_write"": false, ""goto"": false, ""lexical_ambiguity"": false, ""longjmp"": false, ""macro_density"": 0.0, ""macro_generated_declaration"": false, ""macro_use"": false, ""malloc"": false, ""memcpy"": false, ""memmove"": false, ""memset"": false, ""mutable_global"": false, ""parameter_count"": 2, ""platform_specific"": false, ""pointer_arithmetic"": false, ""pointer_count"": 0, ""pointer_to_pointer"": false, ""raw_pointer_parameter"": false, ""raw_pointer_return"": false, ""realloc"": false, ""setjmp"": false, ""static_local"": false, ""syscall"": false, ""third_party"": false, ""union"": false, ""va_list"": false, ""variadic"": false, ""void_pointer"": false}",TRIVIAL,no_significant_detected_blocker,[],medium
2,ecal-core,652e92f7cda2ab1f2d0056cb296b66c7a30c8fa8,ecal/core/src/io/shm/win32/ecal_memfile_os.cpp,90,105,function,UnMapFile,16,"{""bitfield"": false, ""branch_complexity_proxy"": 2, ""c_array"": false, ""call_count"": 6, ""callback"": false, ""calloc"": false, ""conditional_compilation"": false, ""explicit_abi_boundary"": false, ""extern_declaration"": false, ""extern_or_abi_boundary"": false, ""flexible_array"": false, ""free"": false, ""function_pointer"": false, ""generated_source"": false, ""global_read"": false, ""global_write"": false, ""goto"": false, ""lexical_ambiguity"": false, ""longjmp"": false, ""macro_density"": 0.0, ""macro_generated_declaration"": false, ""macro_use"": false, ""malloc"": false, ""memcpy"": false, ""memmove"": false, ""memset"": false, ""mutable_global"": false, ""parameter_count"": 1, ""platform_specific"": false, ""pointer_arithmetic"": false, ""pointer_count"": 0, ""pointer_to_pointer"": false, ""raw_pointer_parameter"": false, ""raw_pointer_return"": false, ""realloc"": false, ""setjmp"": false, ""static_local"": false, ""syscall"": false, ""third_party"": false, ""union"": false, ""va_list"": false, ""variadic"": false, ""void_pointer"": false}",TRIVIAL,no_significant_detected_blocker,[],medium
2,ecal-core,652e92f7cda2ab1f2d0056cb296b66c7a30c8fa8,ecal/core/src/io/shm/win32/ecal_memfile_os.cpp,107,131,function,CheckFileSize,25,"{""bitfield"": false, ""branch_complexity_proxy"": 2, ""c_array"": false, ""call_count"": 6, ""callback"": false, ""calloc"": false, ""conditional_compilation"": false, ""explicit_abi_boundary"": false, ""extern_declaration"": false, ""extern_or_abi_boundary"": false, ""flexible_array"": false, ""free"": false, ""function_pointer"": false, ""generated_source"": false, ""global_read"": false, ""global_write"": false, ""goto"": false, ""lexical_ambiguity"": false, ""longjmp"": false, ""macro_density"": 0.0, ""macro_generated_declaration"": false, ""macro_use"": false, ""malloc"": false, ""memcpy"": false, ""memmove"": false, ""memset"": false, ""mutable_global"": false, ""parameter_count"": 3, ""platform_specific"": false, ""pointer_arithmetic"": false, ""pointer_count"": 0, ""pointer_to_pointer"": false, ""raw_pointer_parameter"": false, ""raw_pointer_return"": false, ""realloc"": false, ""setjmp"": false, ""static_local"": false, ""syscall"": false, ""third_party"": false, ""union"": false, ""va_list"": false, ""variadic"": false, ""void_pointer"": false}",TRIVIAL,no_significant_detected_blocker,[],medium
2,ecal-core,652e92f7cda2ab1f2d0056cb296b66c7a30c8fa8,ecal/core/src/io/udp/ecal_udp_configurations.cpp,47,50,function,IsBroadcast,4,"{""bitfield"": false, ""branch_complexity_proxy"": 0, ""c_array"": false, ""call_count"": 2, ""callback"": false, ""calloc"": false, ""conditional_compilation"": false, ""explicit_abi_boundary"": false, ""extern_declaration"": false, ""extern_or_abi_boundary"": false, ""flexible_array"": false, ""free"": false, ""function_pointer"": false, ""generated_source"": false, ""global_read"": false, ""global_write"": false, ""goto"": false, ""lexical_ambiguity"": false, ""longjmp"": false, ""macro_density"": 0.0, ""macro_generated_declaration"": false, ""macro_use"": false, ""malloc"": false, ""memcpy"": false, ""memmove"": false, ""memset"": false, ""mutable_global"": false, ""parameter_count"": 0, ""platform_specific"": false, ""pointer_arithmetic"": false, ""pointer_count"": 0, ""pointer_to_pointer"": false, ""raw_pointer_parameter"": false, ""raw_pointer_return"": false, ""realloc"": false, ""setjmp"": false, ""static_local"": false, ""syscall"": false, ""third_party"": false, ""union"": false, ""va_list"": false, ""variadic"": false, ""void_pointer"": false}",TRIVIAL,no_significant_detected_blocker,[],medium
2,ecal-core,652e92f7cda2ab1f2d0056cb296b66c7a30c8fa8,ecal/core/src/io/udp/ecal_udp_configurations.cpp,57,60,function,IsNpcapEnabled,4,"{""bitfield"": false, ""branch_complexity_proxy"": 0, ""c_array"": false, ""call_count"": 2, ""callback"": false, ""calloc"": false, ""conditional_compilation"": false, ""explicit_abi_boundary"": false, ""extern_declaration"": false, ""extern_or_abi_boundary"": false, ""flexible_array"": false, ""free"": false, ""function_pointer"": false, ""generated_source"": false, ""global_read"": false, ""global_write"": false, ""goto"": false, ""lexical_ambiguity"": false, ""longjmp"": false, ""macro_density"": 0.0, ""macro_generated_declaration"": false, ""macro_use"": false, ""malloc"": false, ""memcpy"": false, ""memmove"": false, ""memset"": false, ""mutable_global"": false, ""parameter_count"": 0, ""platform_specific"": false, ""pointer_arithmetic"": false, ""pointer_count"": 0, ""pointer_to_pointer"": false, ""raw_pointer_parameter"": false, ""raw_pointer_return"": false, ""realloc"": false, ""setjmp"": false, ""static_local"": false, ""syscall"": false, ""third_party"": false, ""union"": false, ""va_list"": false, ""variadic"": false, ""void_pointer"": false}",TRIVIAL,no_significant_detected_blocker,[],medium
2,ecal-core,652e92f7cda2ab1f2d0056cb296b66c7a30c8fa8,ecal/core/src/io/udp/ecal_udp_configurations.cpp,69,72,function,IsUdpMulticastJoinAllIfEnabled,4,"{""bitfield"": false, ""branch_complexity_proxy"": 0, ""c_array"": false, ""call_count"": 2, ""callback"": false, ""calloc"": false, ""conditional_compilation"": false, ""explicit_abi_boundary"": false, ""extern_declaration"": false, ""extern_or_abi_boundary"": false, ""flexible_array"": false, ""free"": false, ""function_pointer"": false, ""generated_source"": false, ""global_read"": false, ""global_write"": false, ""goto"": false, ""lexical_ambiguity"": false, ""longjmp"": false, ""macro_density"": 0.0, ""macro_generated_declaration"": false, ""macro_use"": false, ""malloc"": false, ""memcpy"": false, ""memmove"": false, ""memset"": false, ""mutable_global"": false, ""parameter_count"": 0, ""platform_specific"": false, ""pointer_arithmetic"": false, ""pointer_count"": 0, ""pointer_to_pointer"": false, ""raw_pointer_parameter"": false, ""raw_pointer_return"": false, ""realloc"": false, ""setjmp"": false, ""static_local"": false, ""syscall"": false, ""third_party"": false, ""union"": false, ""va_list"": false, ""variadic"": false, ""void_pointer"": false}",TRIVIAL,no_significant_detected_blocker,[],medium
2,ecal-core,652e92f7cda2ab1f2d0056cb296b66c7a30c8fa8,ecal/core/src/io/udp/ecal_udp_configurations.cpp,102,109,function,GetRegistrationPort,8,"{""bitfield"": false, ""branch_complexity_proxy"": 0, ""c_array"": false, ""call_count"": 2, ""callback"": false, ""calloc"": false, ""conditional_compilation"": false, ""explicit_abi_boundary"": false, ""extern_declaration"": false, ""extern_or_abi_boundary"": false, ""flexible_array"": false, ""free"": false, ""function_pointer"": false, ""generated_source"": false, ""global_read"": false, ""global_write"": false, ""goto"": false, ""lexical_ambiguity"": false, ""longjmp"": false, ""macro_density"": 0.0, ""macro_generated_declaration"": false, ""macro_use"": false, ""malloc"": false, ""memcpy"": false, ""memmove"": false, ""memset"": false, ""mutable_global"": false, ""parameter_count"": 0, ""platform_specific"": false, ""pointer_arithmetic"": false, ""pointer_count"": 0, ""pointer_to_pointer"": false, ""raw_pointer_parameter"": false, ""raw_pointer_return"": false, ""realloc"": false, ""setjmp"": false, ""static_local"": false, ""syscall"": false, ""third_party"": false, ""union"": false, ""va_list"": false, ""variadic"": false, ""void_pointer"": false}",TRIVIAL,no_significant_detected_blocker,[],medium
2,ecal-core,652e92f7cda2ab1f2d0056cb296b66c7a30c8fa8,ecal/core/src/io/udp/ecal_udp_configurations.cpp,117,124,function,GetLoggingPort,8,"{""bitfield"": false, ""branch_complexity_proxy"": 0, ""c_array"": false, ""call_count"": 2, ""callback"": false, ""calloc"": false, ""conditional_compilation"": false, ""explicit_abi_boundary"": false, ""extern_declaration"": false, ""extern_or_abi_boundary"": false, ""flexible_array"": false, ""free"": false, ""function_pointer"": false, ""generated_source"": false, ""global_read"": false, ""global_write"": false, ""goto"": false, ""lexical_ambiguity"": false, ""longjmp"": false, ""macro_density"": 0.0, ""macro_generated_declaration"": false, ""macro_use"": false, ""malloc"": false, ""memcpy"": false, ""memmove"": false, ""memset"": false, ""mutable_global"": false, ""parameter_count"": 0, ""platform_specific"": false, ""pointer_arithmetic"": false, ""pointer_count"": 0, ""pointer_to_pointer"": false, ""raw_pointer_parameter"": false, ""raw_pointer_return"": false, ""realloc"": false, ""setjmp"": false, ""static_local"": false, ""syscall"": false, ""third_party"": false, ""union"": false, ""va_list"": false, ""variadic"": false, ""void_pointer"": false}",TRIVIAL,no_significant_detected_blocker,[],medium
2,ecal-core,652e92f7cda2ab1f2d0056cb296b66c7a30c8fa8,ecal/core/src/io/udp/ecal_udp_configurations.cpp,156,163,function,GetPayloadPort,8,"{""bitfield"": false, ""branch_complexity_proxy"": 0, ""c_array"": false, ""call_count"": 2, ""callback"": false, ""calloc"": false, ""conditional_compilation"": false, ""explicit_abi_boundary"": false, ""extern_declaration"": false, ""extern_or_abi_boundary"": false, ""flexible_array"": false, ""free"": false, ""function_pointer"": false, ""generated_source"": false, ""global_read"": false, ""global_write"": false, ""goto"": false, ""lexical_ambiguity"": false, ""longjmp"": false, ""macro_density"": 0.0, ""macro_generated_declaration"": false, ""macro_use"": false, ""malloc"": false, ""memcpy"": false, ""memmove"": false, ""memset"": false, ""mutable_global"": false, ""parameter_count"": 0, ""platform_specific"": false, ""pointer_arithmetic"": false, ""pointer_count"": 0, ""pointer_to_pointer"": false, ""raw_pointer_parameter"": false, ""raw_pointer_return"": false, ""realloc"": false, ""setjmp"": false, ""static_local"": false, ""syscall"": false, ""third_party"": false, ""union"": false, ""va_list"": false, ""variadic"": false, ""void_pointer"": false}",TRIVIAL,no_significant_detected_blocker,[],medium
2,ecal-core,652e92f7cda2ab1f2d0056cb296b66c7a30c8fa8,ecal/core/src/io/udp/ecal_udp_configurations.cpp,165,176,function,GetMulticastTtl,12,"{""bitfield"": false, ""branch_complexity_proxy"": 1, ""c_array"": false, ""call_count"": 5, ""callback"": false, ""calloc"": false, ""conditional_compilation"": false, ""explicit_abi_boundary"": false, ""extern_declaration"": false, ""extern_or_abi_boundary"": false, ""flexible_array"": false, ""free"": false, ""function_pointer"": false, ""generated_source"": false, ""global_read"": false, ""global_write"": false, ""goto"": false, ""lexical_ambiguity"": false, ""longjmp"": false, ""macro_density"": 0.0, ""macro_generated_declaration"": false, ""macro_use"": false, ""malloc"": false, ""memcpy"": false, ""memmove"": false, ""memset"": false, ""mutable_global"": false, ""parameter_count"": 0, ""platform_specific"": false, ""pointer_arithmetic"": false, ""pointer_count"": 0, ""pointer_to_pointer"": false, ""raw_pointer_parameter"": false, ""raw_pointer_return"": false, ""realloc"": false, ""setjmp"": false, ""static_local"": false, ""syscall"": false, ""third_party"": false, ""union"": false, ""va_list"": false, ""variadic"": false, ""void_pointer"": false}",TRIVIAL,no_significant_detected_blocker,[],medium
2,ecal-core,652e92f7cda2ab1f2d0056cb296b66c7a30c8fa8,ecal/core/src/io/udp/ecal_udp_configurations.cpp,178,181,function,GetReceiveBufferSize,4,"{""bitfield"": false, ""branch_complexity_proxy"": 0, ""c_array"": false, ""call_count"": 2, ""callback"": false, ""calloc"": false, ""conditional_compilation"": false, ""explicit_abi_boundary"": false, ""extern_declaration"": false, ""extern_or_abi_boundary"": false, ""flexible_array"": false, ""free"": false, ""function_pointer"": false, ""generated_source"": false, ""global_read"": false, ""global_write"": false, ""goto"": false, ""lexical_ambiguity"": false, ""longjmp"": false, ""macro_density"": 0.0, ""macro_generated_declaration"": false, ""macro_use"": false, ""malloc"": false, ""memcpy"": false, ""memmove"": false, ""memset"": false, ""mutable_global"": false, ""parameter_count"": 0, ""platform_specific"": false, ""pointer_arithmetic"": false, ""pointer_count"": 0, ""pointer_to_pointer"": false, ""raw_pointer_parameter"": false, ""raw_pointer_return"": false, ""realloc"": false, ""setjmp"": false, ""static_local"": false, ""syscall"": false, ""third_party"": false, ""union"": false, ""va_list"": false, ""variadic"": false, ""void_pointer"": false}",TRIVIAL,no_significant_detected_blocker,[],medium
2,ecal-core,652e92f7cda2ab1f2d0056cb296b66c7a30c8fa8,ecal/core/src/io/udp/ecal_udp_configurations.cpp,183,186,function,GetSendBufferSize,4,"{""bitfield"": false, ""branch_complexity_proxy"": 0, ""c_array"": false, ""call_count"": 2, ""callback"": false, ""calloc"": false, ""conditional_compilation"": false, ""explicit_abi_boundary"": false, ""extern_declaration"": false, ""extern_or_abi_boundary"": false, ""flexible_array"": false, ""free"": false, ""function_pointer"": false, ""generated_source"": false, ""global_read"": false, ""global_write"": false, ""goto"": false, ""lexical_ambiguity"": false, ""longjmp"": false, ""macro_density"": 0.0, ""macro_generated_declaration"": false, ""macro_use"": false, ""malloc"": false, ""memcpy"": false, ""memmove"": false, ""memset"": false, ""mutable_global"": false, ""parameter_count"": 0, ""platform_specific"": false, ""pointer_arithmetic"": false, ""pointer_count"": 0, ""pointer_to_pointer"": false, ""raw_pointer_parameter"": false, ""raw_pointer_return"": false, ""realloc"": false, ""setjmp"": false, ""static_local"": false, ""syscall"": false, ""third_party"": false, ""union"": false, ""va_list"": false, ""variadic"": false, ""void_pointer"": false}",TRIVIAL,no_significant_detected_blocker,[],medium
2,ecal-core,652e92f7cda2ab1f2d0056cb296b66c7a30c8fa8,ecal/core/src/io/udp/ecal_udp_receiver_attr.h,33,40,struct,SReceiverAttr,8,"{""bitfield"": false, ""branch_complexity_proxy"": 0, ""c_array"": false, ""call_count"": 0, ""callback"": false, ""calloc"": false, ""conditional_compilation"": false, ""explicit_abi_boundary"": false, ""extern_declaration"": false, ""extern_or_abi_boundary"": false, ""flexible_array"": false, ""free"": false, ""function_pointer"": false, ""generated_source"": false, ""global_read"": false, ""global_write"": false, ""goto"": false, ""lexical_ambiguity"": false, ""longjmp"": false, ""macro_density"": 0.0, ""macro_generated_declaration"": false, ""macro_use"": false, ""malloc"": false, ""memcpy"": false, ""memmove"": false, ""memset"": false, ""mutable_global"": false, ""parameter_count"": 0, ""platform_specific"": false, ""pointer_arithmetic"": false, ""pointer_count"": 1, ""pointer_to_pointer"": false, ""raw_pointer_parameter"": false, ""raw_pointer_return"": false, ""realloc"": false, ""setjmp"": false, ""static_local"": false, ""syscall"": false, ""third_party"": false, ""union"": false, ""va_list"": false, ""variadic"": false, ""void_pointer"": false}",TRIVIAL,no_significant_detected_blocker,[],medium
2,ecal-core,652e92f7cda2ab1f2d0056cb296b66c7a30c8fa8,ecal/core/src/io/udp/ecal_udp_sample_receiver_asio.cpp,249,257,function,if,9,"{""bitfield"": false, ""branch_complexity_proxy"": 1, ""c_array"": false, ""call_count"": 4, ""callback"": false, ""calloc"": false, ""conditional_compilation"": false, ""explicit_abi_boundary"": false, ""extern_declaration"": false, ""extern_or_abi_boundary"": false, ""flexible_array"": false, ""free"": false, ""function_pointer"": false, ""generated_source"": false, ""global_read"": false, ""global_write"": false, ""goto"": false, ""lexical_ambiguity"": false, ""longjmp"": false, ""macro_density"": 0.0, ""macro_generated_declaration"": false, ""macro_use"": false, ""malloc"": false, ""memcpy"": false, ""memmove"": false, ""memset"": false, ""mutable_global"": false, ""parameter_count"": 1, ""platform_specific"": false, ""pointer_arithmetic"": false, ""pointer_count"": 1, ""pointer_to_pointer"": false, ""raw_pointer_parameter"": false, ""raw_pointer_return"": false, ""realloc"": false, ""setjmp"": false, ""static_local"": false, ""syscall"": false, ""third_party"": false, ""union"": false, ""va_list"": false, ""variadic"": false, ""void_pointer"": false}",TRIVIAL,no_significant_detected_blocker,[],medium
2,ecal-core,652e92f7cda2ab1f2d0056cb296b66c7a30c8fa8,ecal/core/src/io/udp/ecal_udp_sample_receiver_npcap.cpp,163,171,function,if,9,"{""bitfield"": false, ""branch_complexity_proxy"": 1, ""c_array"": false, ""call_count"": 4, ""callback"": false, ""calloc"": false, ""conditional_compilation"": false, ""explicit_abi_boundary"": false, ""extern_declaration"": false, ""extern_or_abi_boundary"": false, ""flexible_array"": false, ""free"": false, ""function_pointer"": false, ""generated_source"": false, ""global_read"": false, ""global_write"": false, ""goto"": false, ""lexical_ambiguity"": false, ""longjmp"": false, ""macro_density"": 0.0, ""macro_generated_declaration"": false, ""macro_use"": false, ""malloc"": false, ""memcpy"": false, ""memmove"": false, ""memset"": false, ""mutable_global"": false, ""parameter_count"": 1, ""platform_specific"": false, ""pointer_arithmetic"": false, ""pointer_count"": 1, ""pointer_to_pointer"": false, ""raw_pointer_parameter"": false, ""raw_pointer_return"": false, ""realloc"": false, ""setjmp"": false, ""static_local"": false, ""syscall"": false, ""third_party"": false, ""union"": false, ""va_list"": false, ""variadic"": false, ""void_pointer"": false}",TRIVIAL,no_significant_detected_blocker,[],medium
2,ecal-core,652e92f7cda2ab1f2d0056cb296b66c7a30c8fa8,ecal/core/src/io/udp/ecal_udp_sender_attr.h,32,41,struct,SSenderAttr,10,"{""bitfield"": false, ""branch_complexity_proxy"": 0, ""c_array"": false, ""call_count"": 0, ""callback"": false, ""calloc"": false, ""conditional_compilation"": false, ""explicit_abi_boundary"": false, ""extern_declaration"": false, ""extern_or_abi_boundary"": false, ""flexible_array"": false, ""free"": false, ""function_pointer"": false, ""generated_source"": false, ""global_read"": false, ""global_write"": false, ""goto"": false, ""lexical_ambiguity"": false, ""longjmp"": false, ""macro_density"": 0.0, ""macro_generated_declaration"": false, ""macro_use"": false, ""malloc"": false, ""memcpy"": false, ""memmove"": false, ""memset"": false, ""mutable_global"": false, ""parameter_count"": 0, ""platform_specific"": false, ""pointer_arithmetic"": false, ""pointer_count"": 2, ""pointer_to_pointer"": false, ""raw_pointer_parameter"": false, ""raw_pointer_return"": false, ""realloc"": false, ""setjmp"": false, ""static_local"": false, ""syscall"": false, ""third_party"": false, ""union"": false, ""va_list"": false, ""variadic"": false, ""void_pointer"": false}",TRIVIAL,no_significant_detected_blocker,[],medium
2,ecal-core,652e92f7cda2ab1f2d0056cb296b66c7a30c8fa8,ecal/core/src/io/udp/ecal_udp_topic2mcast.h,40,54,struct,fnv_hash,15,"{""bitfield"": false, ""branch_complexity_proxy"": 1, ""c_array"": false, ""call_count"": 4, ""callback"": false, ""calloc"": false, ""conditional_compilation"": false, ""explicit_abi_boundary"": false, ""extern_declaration"": false, ""extern_or_abi_boundary"": false, ""flexible_array"": false, ""free"": false, ""function_pointer"": true, ""generated_source"": false, ""global_read"": false, ""global_write"": false, ""goto"": false, ""lexical_ambiguity"": false, ""longjmp"": false, ""macro_density"": 0.0, ""macro_generated_declaration"": false, ""macro_use"": false, ""malloc"": false, ""memcpy"": false, ""memmove"": false, ""memset"": false, ""mutable_global"": false, ""parameter_count"": 0, ""platform_specific"": false, ""pointer_arithmetic"": false, ""pointer_count"": 2, ""pointer_to_pointer"": false, ""raw_pointer_parameter"": false, ""raw_pointer_return"": false, ""realloc"": false, ""setjmp"": false, ""static_local"": false, ""syscall"": false, ""third_party"": false, ""union"": false, ""va_list"": false, ""variadic"": false, ""void_pointer"": false}",NEEDS_TRANSPILER,function_pointer,[],medium
2,ecal-core,652e92f7cda2ab1f2d0056cb296b66c7a30c8fa8,ecal/core/src/io/udp/ecal_udp_topic2mcast.h,58,71,function,parse_ipv4,14,"{""bitfield"": false, ""branch_complexity_proxy"": 1, ""c_array"": false, ""call_count"": 6, ""callback"": false, ""calloc"": false, ""conditional_compilation"": false, ""explicit_abi_boundary"": false, ""extern_declaration"": false, ""extern_or_abi_boundary"": false, ""flexible_array"": false, ""free"": false, ""function_pointer"": false, ""generated_source"": false, ""global_read"": false, ""global_write"": false, ""goto"": false, ""lexical_ambiguity"": false, ""longjmp"": false, ""macro_density"": 0.0, ""macro_generated_declaration"": false, ""macro_use"": false, ""malloc"": false, ""memcpy"": false, ""memmove"": false, ""memset"": false, ""mutable_global"": false, ""parameter_count"": 1, ""platform_specific"": false, ""pointer_arithmetic"": false, ""pointer_count"": 0, ""pointer_to_pointer"": false, ""raw_pointer_parameter"": false, ""raw_pointer_return"": false, ""realloc"": false, ""setjmp"": false, ""static_local"": false, ""syscall"": false, ""third_party"": false, ""union"": false, ""va_list"": false, ""variadic"": false, ""void_pointer"": false}",TRIVIAL,no_significant_detected_blocker,[],medium
2,ecal-core,652e92f7cda2ab1f2d0056cb296b66c7a30c8fa8,ecal/core/src/io/udp/ecal_udp_topic2mcast.h,89,92,function,combine_ip_and_hash_with_mask,4,"{""bitfield"": false, ""branch_complexity_proxy"": 0, ""c_array"": false, ""call_count"": 2, ""callback"": false, ""calloc"": false, ""conditional_compilation"": false, ""explicit_abi_boundary"": false, ""extern_declaration"": false, ""extern_or_abi_boundary"": false, ""flexible_array"": false, ""free"": false, ""function_pointer"": false, ""generated_source"": false, ""global_read"": false, ""global_write"": false, ""goto"": false, ""lexical_ambiguity"": false, ""longjmp"": false, ""macro_density"": 0.0, ""macro_generated_declaration"": false, ""macro_use"": false, ""malloc"": false, ""memcpy"": false, ""memmove"": false, ""memset"": false, ""mutable_global"": false, ""parameter_count"": 3, ""platform_specific"": false, ""pointer_arithmetic"": false, ""pointer_count"": 0, ""pointer_to_pointer"": false, ""raw_pointer_parameter"": false, ""raw_pointer_return"": false, ""realloc"": false, ""setjmp"": false, ""static_local"": false, ""syscall"": false, ""third_party"": false, ""union"": false, ""va_list"": false, ""variadic"": false, ""void_pointer"": false}",TRIVIAL,no_significant_detected_blocker,[],medium
2,ecal-core,652e92f7cda2ab1f2d0056cb296b66c7a30c8fa8,ecal/core/src/io/udp/ecal_udp_topic2mcast.h,94,97,function,increase_adress_by_one,4,"{""bitfield"": false, ""branch_complexity_proxy"": 0, ""c_array"": false, ""call_count"": 2, ""callback"": false, ""calloc"": false, ""conditional_compilation"": false, ""explicit_abi_boundary"": false, ""extern_declaration"": false, ""extern_or_abi_boundary"": false, ""flexible_array"": false, ""free"": false, ""function_pointer"": false, ""generated_source"": false, ""global_read"": false, ""global_write"": false, ""goto"": false, ""lexical_ambiguity"": false, ""longjmp"": false, ""macro_density"": 0.0, ""macro_generated_declaration"": false, ""macro_use"": false, ""malloc"": false, ""memcpy"": false, ""memmove"": false, ""memset"": false, ""mutable_global"": false, ""parameter_count"": 2, ""platform_specific"": false, ""pointer_arithmetic"": false, ""pointer_count"": 0, ""pointer_to_pointer"": false, ""raw_pointer_parameter"": false, ""raw_pointer_return"": false, ""realloc"": false, ""setjmp"": false, ""static_local"": false, ""syscall"": false, ""third_party"": false, ""union"": false, ""va_list"": false, ""variadic"": false, ""void_pointer"": false}",TRIVIAL,no_significant_detected_blocker,[],medium
2,ecal-core,652e92f7cda2ab1f2d0056cb296b66c7a30c8fa8,ecal/core/src/io/udp/linux/socket_os.h,62,86,function,set_socket_mcast_group_option,25,"{""bitfield"": false, ""branch_complexity_proxy"": 2, ""c_array"": false, ""call_count"": 12, ""callback"": false, ""calloc"": false, ""conditional_compilation"": false, ""explicit_abi_boundary"": false, ""extern_declaration"": false, ""extern_or_abi_boundary"": false, ""flexible_array"": false, ""free"": false, ""function_pointer"": false, ""generated_source"": false, ""global_read"": false, ""global_write"": false, ""goto"": false, ""lexical_ambiguity"": false, ""longjmp"": false, ""macro_density"": 0.0, ""macro_generated_declaration"": false, ""macro_use"": false, ""malloc"": false, ""memcpy"": false, ""memmove"": false, ""memset"": true, ""mutable_global"": false, ""parameter_count"": 3, ""platform_specific"": true, ""pointer_arithmetic"": false, ""pointer_count"": 3, ""pointer_to_pointer"": false, ""raw_pointer_parameter"": true, ""raw_pointer_return"": false, ""realloc"": false, ""setjmp"": false, ""static_local"": false, ""syscall"": false, ""third_party"": false, ""union"": false, ""va_list"": false, ""variadic"": false, ""void_pointer"": false}",REFACTOR_THEN_DSL,memset,[],medium
2,ecal-core,652e92f7cda2ab1f2d0056cb296b66c7a30c8fa8,ecal/core/src/logging/config/attributes/ecal_log_provider_attributes.h,30,65,struct,SProviderAttributes,36,"{""bitfield"": false, ""branch_complexity_proxy"": 0, ""c_array"": false, ""call_count"": 0, ""callback"": false, ""calloc"": false, ""conditional_compilation"": false, ""explicit_abi_boundary"": false, ""extern_declaration"": false, ""extern_or_abi_boundary"": false, ""flexible_array"": false, ""free"": false, ""function_pointer"": false, ""generated_source"": false, ""global_read"": false, ""global_write"": false, ""goto"": false, ""lexical_ambiguity"": false, ""longjmp"": false, ""macro_density"": 0.0, ""macro_generated_declaration"": false, ""macro_use"": false, ""malloc"": false, ""memcpy"": false, ""memmove"": false, ""memset"": false, ""mutable_global"": false, ""parameter_count"": 0, ""platform_specific"": false, ""pointer_arithmetic"": false, ""pointer_count"": 0, ""pointer_to_pointer"": false, ""raw_pointer_parameter"": false, ""raw_pointer_return"": false, ""realloc"": false, ""setjmp"": false, ""static_local"": false, ""syscall"": false, ""third_party"": false, ""union"": false, ""va_list"": false, ""variadic"": false, ""void_pointer"": false}",TRIVIAL,no_significant_detected_blocker,[],medium
2,ecal-core,652e92f7cda2ab1f2d0056cb296b66c7a30c8fa8,ecal/core/src/logging/config/attributes/ecal_log_provider_attributes.h,32,36,struct,SSink,5,"{""bitfield"": false, ""branch_complexity_proxy"": 0, ""c_array"": false, ""call_count"": 0, ""callback"": false, ""calloc"": false, ""conditional_compilation"": false, ""explicit_abi_boundary"": false, ""extern_declaration"": false, ""extern_or_abi_boundary"": false, ""flexible_array"": false, ""free"": false, ""function_pointer"": false, ""generated_source"": false, ""global_read"": false, ""global_write"": false, ""goto"": false, ""lexical_ambiguity"": false, ""longjmp"": false, ""macro_density"": 0.0, ""macro_generated_declaration"": false, ""macro_use"": false, ""malloc"": false, ""memcpy"": false, ""memmove"": false, ""memset"": false, ""mutable_global"": false, ""parameter_count"": 0, ""platform_specific"": false, ""pointer_arithmetic"": false, ""pointer_count"": 0, ""pointer_to_pointer"": false, ""raw_pointer_parameter"": false, ""raw_pointer_return"": false, ""realloc"": false, ""setjmp"": false, ""static_local"": false, ""syscall"": false, ""third_party"": false, ""union"": false, ""va_list"": false, ""variadic"": false, ""void_pointer"": false}",TRIVIAL,no_significant_detected_blocker,[],medium
2,ecal-core,652e92f7cda2ab1f2d0056cb296b66c7a30c8fa8,ecal/core/src/logging/config/attributes/ecal_log_provider_attributes.h,38,47,struct,SUDP,10,"{""bitfield"": false, ""branch_complexity_proxy"": 0, ""c_array"": false, ""call_count"": 0, ""callback"": false, ""calloc"": false, ""conditional_compilation"": false, ""explicit_abi_boundary"": false, ""extern_declaration"": false, ""extern_or_abi_boundary"": false, ""flexible_array"": false, ""free"": false, ""function_pointer"": false, ""generated_source"": false, ""global_read"": false, ""global_write"": false, ""goto"": false, ""lexical_ambiguity"": false, ""longjmp"": false, ""macro_density"": 0.0, ""macro_generated_declaration"": false, ""macro_use"": false, ""malloc"": false, ""memcpy"": false, ""memmove"": false, ""memset"": false, ""mutable_global"": false, ""parameter_count"": 0, ""platform_specific"": false, ""pointer_arithmetic"": false, ""pointer_count"": 0, ""pointer_to_pointer"": false, ""raw_pointer_parameter"": false, ""raw_pointer_return"": false, ""realloc"": false, ""setjmp"": false, ""static_local"": false, ""syscall"": false, ""third_party"": false, ""union"": false, ""va_list"": false, ""variadic"": false, ""void_pointer"": false}",TRIVIAL,no_significant_detected_blocker,[],medium
2,ecal-core,652e92f7cda2ab1f2d0056cb296b66c7a30c8fa8,ecal/core/src/logging/config/attributes/ecal_log_provider_attributes.h,49,52,struct,SFile,4,"{""bitfield"": false, ""branch_complexity_proxy"": 0, ""c_array"": false, ""call_count"": 0, ""callback"": false, ""calloc"": false, ""conditional_compilation"": false, ""explicit_abi_boundary"": false, ""extern_declaration"": false, ""extern_or_abi_boundary"": false, ""flexible_array"": false, ""free"": false, ""function_pointer"": false, ""generated_source"": false, ""global_read"": false, ""global_write"": false, ""goto"": false, ""lexical_ambiguity"": false, ""longjmp"": false, ""macro_density"": 0.0, ""macro_generated_declaration"": false, ""macro_use"": false, ""malloc"": false, ""memcpy"": false, ""memmove"": false, ""memset"": false, ""mutable_global"": false, ""parameter_count"": 0, ""platform_specific"": false, ""pointer_arithmetic"": false, ""pointer_count"": 0, ""pointer_to_pointer"": false, ""raw_pointer_parameter"": false, ""raw_pointer_return"": false, ""realloc"": false, ""setjmp"": false, ""static_local"": false, ""syscall"": false, ""third_party"": false, ""union"": false, ""va_list"": false, ""variadic"": false, ""void_pointer"": false}",TRIVIAL,no_significant_detected_blocker,[],medium
2,ecal-core,652e92f7cda2ab1f2d0056cb296b66c7a30c8fa8,ecal/core/src/logging/config/attributes/ecal_log_receiver_attributes.h,30,46,struct,SReceiverAttributes,17,"{""bitfield"": false, ""branch_complexity_proxy"": 0, ""c_array"": false, ""call_count"": 0, ""callback"": false, ""calloc"": false, ""conditional_compilation"": false, ""explicit_abi_boundary"": false, ""extern_declaration"": false, ""extern_or_abi_boundary"": false, ""flexible_array"": false, ""free"": false, ""function_pointer"": false, ""generated_source"": false, ""global_read"": false, ""global_write"": false, ""goto"": false, ""lexical_ambiguity"": false, ""longjmp"": false, ""macro_density"": 0.0, ""macro_generated_declaration"": false, ""macro_use"": false, ""malloc"": false, ""memcpy"": false, ""memmove"": false, ""memset"": false, ""mutable_global"": false, ""parameter_count"": 0, ""platform_specific"": false, ""pointer_arithmetic"": false, ""pointer_count"": 0, ""pointer_to_pointer"": false, ""raw_pointer_parameter"": false, ""raw_pointer_return"": false, ""realloc"": false, ""setjmp"": false, ""static_local"": false, ""syscall"": false, ""third_party"": false, ""union"": false, ""va_list"": false, ""variadic"": false, ""void_pointer"": false}",TRIVIAL,no_significant_detected_blocker,[],medium
2,ecal-core,652e92f7cda2ab1f2d0056cb296b66c7a30c8fa8,ecal/core/src/logging/config/attributes/ecal_log_receiver_attributes.h,32,39,struct,SUDPReceiver,8,"{""bitfield"": false, ""branch_complexity_proxy"": 0, ""c_array"": false, ""call_count"": 0, ""callback"": false, ""calloc"": false, ""conditional_compilation"": false, ""explicit_abi_boundary"": false, ""extern_declaration"": false, ""extern_or_abi_boundary"": false, ""flexible_array"": false, ""free"": false, ""function_pointer"": false, ""generated_source"": false, ""global_read"": false, ""global_write"": false, ""goto"": false, ""lexical_ambiguity"": false, ""longjmp"": false, ""macro_density"": 0.0, ""macro_generated_declaration"": false, ""macro_use"": false, ""malloc"": false, ""memcpy"": false, ""memmove"": false, ""memset"": false, ""mutable_global"": false, ""parameter_count"": 0, ""platform_specific"": false, ""pointer_arithmetic"": false, ""pointer_count"": 0, ""pointer_to_pointer"": false, ""raw_pointer_parameter"": false, ""raw_pointer_return"": false, ""realloc"": false, ""setjmp"": false, ""static_local"": false, ""syscall"": false, ""third_party"": false, ""union"": false, ""va_list"": false, ""variadic"": false, ""void_pointer"": false}",TRIVIAL,no_significant_detected_blocker,[],medium
2,ecal-core,652e92f7cda2ab1f2d0056cb296b66c7a30c8fa8,ecal/core/src/logging/ecal_log.cpp,41,44,function,Log,4,"{""bitfield"": false, ""branch_complexity_proxy"": 1, ""c_array"": false, ""call_count"": 4, ""callback"": false, ""calloc"": false, ""conditional_compilation"": false, ""explicit_abi_boundary"": false, ""extern_declaration"": false, ""extern_or_abi_boundary"": false, ""flexible_array"": false, ""free"": false, ""function_pointer"": false, ""generated_source"": false, ""global_read"": false, ""global_write"": false, ""goto"": false, ""lexical_ambiguity"": false, ""longjmp"": false, ""macro_density"": 0.0, ""macro_generated_declaration"": false, ""macro_use"": false, ""malloc"": false, ""memcpy"": false, ""memmove"": false, ""memset"": false, ""mutable_global"": false, ""parameter_count"": 2, ""platform_specific"": false, ""pointer_arithmetic"": false, ""pointer_count"": 0, ""pointer_to_pointer"": false, ""raw_pointer_parameter"": false, ""raw_pointer_return"": false, ""realloc"": false, ""setjmp"": false, ""static_local"": false, ""syscall"": false, ""third_party"": false, ""union"": false, ""va_list"": false, ""variadic"": false, ""void_pointer"": false}",TRIVIAL,no_significant_detected_blocker,[],medium
2,ecal-core,652e92f7cda2ab1f2d0056cb296b66c7a30c8fa8,ecal/core/src/logging/ecal_log.cpp,53,57,function,GetLogging,5,"{""bitfield"": false, ""branch_complexity_proxy"": 1, ""c_array"": false, ""call_count"": 4, ""callback"": false, ""calloc"": false, ""conditional_compilation"": false, ""explicit_abi_boundary"": false, ""extern_declaration"": false, ""extern_or_abi_boundary"": false, ""flexible_array"": false, ""free"": false, ""function_pointer"": false, ""generated_source"": false, ""global_read"": false, ""global_write"": false, ""goto"": false, ""lexical_ambiguity"": false, ""longjmp"": false, ""macro_density"": 0.0, ""macro_generated_declaration"": false, ""macro_use"": false, ""malloc"": false, ""memcpy"": false, ""memmove"": false, ""memset"": false, ""mutable_global"": false, ""parameter_count"": 1, ""platform_specific"": false, ""pointer_arithmetic"": false, ""pointer_count"": 0, ""pointer_to_pointer"": false, ""raw_pointer_parameter"": false, ""raw_pointer_return"": false, ""realloc"": false, ""setjmp"": false, ""static_local"": false, ""syscall"": false, ""third_party"": false, ""union"": false, ""va_list"": false, ""variadic"": false, ""void_pointer"": false}",TRIVIAL,no_significant_detected_blocker,[],medium
2,ecal-core,652e92f7cda2ab1f2d0056cb296b66c7a30c8fa8,ecal/core/src/logging/ecal_log.cpp,66,74,function,GetLogging,9,"{""bitfield"": false, ""branch_complexity_proxy"": 1, ""c_array"": false, ""call_count"": 4, ""callback"": false, ""calloc"": false, ""conditional_compilation"": false, ""explicit_abi_boundary"": false, ""extern_declaration"": false, ""extern_or_abi_boundary"": false, ""flexible_array"": false, ""free"": false, ""function_pointer"": false, ""generated_source"": false, ""global_read"": false, ""global_write"": false, ""goto"": false, ""lexical_ambiguity"": false, ""longjmp"": false, ""macro_density"": 0.0, ""macro_generated_declaration"": false, ""macro_use"": false, ""malloc"": false, ""memcpy"": false, ""memmove"": false, ""memset"": false, ""mutable_global"": false, ""parameter_count"": 1, ""platform_specific"": false, ""pointer_arithmetic"": false, ""pointer_count"": 0, ""pointer_to_pointer"": false, ""raw_pointer_parameter"": false, ""raw_pointer_return"": false, ""realloc"": false, ""setjmp"": false, ""static_local"": false, ""syscall"": false, ""third_party"": false, ""union"": false, ""va_list"": false, ""variadic"": false, ""void_pointer"": false}",TRIVIAL,no_significant_detected_blocker,[],medium
2,ecal-core,652e92f7cda2ab1f2d0056cb296b66c7a30c8fa8,ecal/core/src/logging/ecal_log_provider.cpp,75,78,function,logToConsole,4,"{""bitfield"": false, ""branch_complexity_proxy"": 0, ""c_array"": false, ""call_count"": 1, ""callback"": false, ""calloc"": false, ""conditional_compilation"": false, ""explicit_abi_boundary"": false, ""extern_declaration"": false, ""extern_or_abi_boundary"": false, ""flexible_array"": false, ""free"": false, ""function_pointer"": false, ""generated_source"": false, ""global_read"": false, ""global_write"": false, ""goto"": false, ""lexical_ambiguity"": false, ""longjmp"": false, ""macro_density"": 0.0, ""macro_generated_declaration"": false, ""macro_use"": false, ""malloc"": false, ""memcpy"": false, ""memmove"": false, ""memset"": false, ""mutable_global"": false, ""parameter_count"": 1, ""platform_specific"": false, ""pointer_arithmetic"": false, ""pointer_count"": 0, ""pointer_to_pointer"": false, ""raw_pointer_parameter"": false, ""raw_pointer_return"": false, ""realloc"": false, ""setjmp"": false, ""static_local"": false, ""syscall"": false, ""third_party"": false, ""union"": false, ""va_list"": false, ""variadic"": false, ""void_pointer"": false}",TRIVIAL,no_significant_detected_blocker,[],medium
2,ecal-core,652e92f7cda2ab1f2d0056cb296b66c7a30c8fa8,ecal/core/src/logging/ecal_log_provider.cpp,80,122,function,createLogHeader,43,"{""bitfield"": false, ""branch_complexity_proxy"": 10, ""c_array"": false, ""call_count"": 4, ""callback"": false, ""calloc"": false, ""conditional_compilation"": false, ""explicit_abi_boundary"": false, ""extern_declaration"": false, ""extern_or_abi_boundary"": false, ""flexible_array"": false, ""free"": false, ""function_pointer"": false, ""generated_source"": false, ""global_read"": false, ""global_write"": false, ""goto"": false, ""lexical_ambiguity"": false, ""longjmp"": false, ""macro_density"": 0.0, ""macro_generated_declaration"": false, ""macro_use"": false, ""malloc"": false, ""memcpy"": false, ""memmove"": false, ""memset"": false, ""mutable_global"": false, ""parameter_count"": 4, ""platform_specific"": false, ""pointer_arithmetic"": false, ""pointer_count"": 0, ""pointer_to_pointer"": false, ""raw_pointer_parameter"": false, ""raw_pointer_return"": false, ""realloc"": false, ""setjmp"": false, ""static_local"": false, ""syscall"": false, ""third_party"": false, ""union"": false, ""va_list"": false, ""variadic"": false, ""void_pointer"": false}",TRIVIAL,no_significant_detected_blocker,[],medium
2,ecal-core,652e92f7cda2ab1f2d0056cb296b66c7a30c8fa8,ecal/core/src/logging/ecal_log_provider.cpp,124,135,function,isDirectoryOrCreate,12,"{""bitfield"": false, ""branch_complexity_proxy"": 2, ""c_array"": false, ""call_count"": 6, ""callback"": false, ""calloc"": false, ""conditional_compilation"": false, ""explicit_abi_boundary"": false, ""extern_declaration"": false, ""extern_or_abi_boundary"": false, ""flexible_array"": false, ""free"": false, ""function_pointer"": false, ""generated_source"": false, ""global_read"": false, ""global_write"": false, ""goto"": false, ""lexical_ambiguity"": false, ""longjmp"": false, ""macro_density"": 0.0, ""macro_generated_declaration"": false, ""macro_use"": false, ""malloc"": false, ""memcpy"": false, ""memmove"": false, ""memset"": false, ""mutable_global"": false, ""parameter_count"": 1, ""platform_specific"": false, ""pointer_arithmetic"": false, ""pointer_count"": 0, ""pointer_to_pointer"": false, ""raw_pointer_parameter"": false, ""raw_pointer_return"": false, ""realloc"": false, ""setjmp"": false, ""static_local"": false, ""syscall"": false, ""third_party"": false, ""union"": false, ""va_list"": false, ""variadic"": false, ""void_pointer"": false}",TRIVIAL,no_significant_detected_blocker,[],medium
2,ecal-core,652e92f7cda2ab1f2d0056cb296b66c7a30c8fa8,ecal/core/src/logging/ecal_log_receiver.cpp,30,33,function,logToConsole,4,"{""bitfield"": false, ""branch_complexity_proxy"": 0, ""c_array"": false, ""call_count"": 1, ""callback"": false, ""calloc"": false, ""conditional_compilation"": false, ""explicit_abi_boundary"": false, ""extern_declaration"": false, ""extern_or_abi_boundary"": false, ""flexible_array"": false, ""free"": false, ""function_pointer"": false, ""generated_source"": false, ""global_read"": false, ""global_write"": false, ""goto"": false, ""lexical_ambiguity"": false, ""longjmp"": false, ""macro_density"": 0.0, ""macro_generated_declaration"": false, ""macro_use"": false, ""malloc"": false, ""memcpy"": false, ""memmove"": false, ""memset"": false, ""mutable_global"": false, ""parameter_count"": 1, ""platform_specific"": false, ""pointer_arithmetic"": false, ""pointer_count"": 0, ""pointer_to_pointer"": false, ""raw_pointer_parameter"": false, ""raw_pointer_return"": false, ""realloc"": false, ""setjmp"": false, ""static_local"": false, ""syscall"": false, ""third_party"": false, ""union"": false, ""va_list"": false, ""variadic"": false, ""void_pointer"": false}",TRIVIAL,no_significant_detected_blocker,[],medium
2,ecal-core,652e92f7cda2ab1f2d0056cb296b66c7a30c8fa8,ecal/core/src/monitoring/ecal_monitoring_def.cpp,68,78,function,GetMonitoring,11,"{""bitfield"": false, ""branch_complexity_proxy"": 1, ""c_array"": false, ""call_count"": 5, ""callback"": false, ""calloc"": false, ""conditional_compilation"": false, ""explicit_abi_boundary"": false, ""extern_declaration"": false, ""extern_or_abi_boundary"": false, ""flexible_array"": false, ""free"": false, ""function_pointer"": false, ""generated_source"": false, ""global_read"": false, ""global_write"": false, ""goto"": false, ""lexical_ambiguity"": false, ""longjmp"": false, ""macro_density"": 0.0, ""macro_generated_declaration"": false, ""macro_use"": false, ""malloc"": false, ""memcpy"": false, ""memmove"": false, ""memset"": false, ""mutable_global"": false, ""parameter_count"": 2, ""platform_specific"": false, ""pointer_arithmetic"": false, ""pointer_count"": 0, ""pointer_to_pointer"": false, ""raw_pointer_parameter"": false, ""raw_pointer_return"": false, ""realloc"": false, ""setjmp"": false, ""static_local"": false, ""syscall"": false, ""third_party"": false, ""union"": false, ""va_list"": false, ""variadic"": false, ""void_pointer"": false}",TRIVIAL,no_significant_detected_blocker,[],medium
2,ecal-core,652e92f7cda2ab1f2d0056cb296b66c7a30c8fa8,ecal/core/src/monitoring/ecal_monitoring_def.cpp,80,89,function,GetMonitoring,10,"{""bitfield"": false, ""branch_complexity_proxy"": 1, ""c_array"": false, ""call_count"": 4, ""callback"": false, ""calloc"": false, ""conditional_compilation"": false, ""explicit_abi_boundary"": false, ""extern_declaration"": false, ""extern_or_abi_boundary"": false, ""flexible_array"": false, ""free"": false, ""function_pointer"": false, ""generated_source"": false, ""global_read"": false, ""global_write"": false, ""goto"": false, ""lexical_ambiguity"": false, ""longjmp"": false, ""macro_density"": 0.0, ""macro_generated_declaration"": false, ""macro_use"": false, ""malloc"": false, ""memcpy"": false, ""memmove"": false, ""memset"": false, ""mutable_global"": false, ""parameter_count"": 2, ""platform_specific"": false, ""pointer_arithmetic"": false, ""pointer_count"": 0, ""pointer_to_pointer"": false, ""raw_pointer_parameter"": false, ""raw_pointer_return"": false, ""realloc"": false, ""setjmp"": false, ""static_local"": false, ""syscall"": false, ""third_party"": false, ""union"": false, ""va_list"": false, ""variadic"": false, ""void_pointer"": false}",TRIVIAL,no_significant_detected_blocker,[],medium
2,ecal-core,652e92f7cda2ab1f2d0056cb296b66c7a30c8fa8,ecal/core/src/monitoring/ecal_monitoring_impl.h,70,74,enum,ePubSub,5,"{""bitfield"": false, ""branch_complexity_proxy"": 0, ""c_array"": false, ""call_count"": 0, ""callback"": false, ""calloc"": false, ""conditional_compilation"": false, ""explicit_abi_boundary"": false, ""extern_declaration"": false, ""extern_or_abi_boundary"": false, ""flexible_array"": false, ""free"": false, ""function_pointer"": false, ""generated_source"": false, ""global_read"": false, ""global_write"": false, ""goto"": false, ""lexical_ambiguity"": false, ""longjmp"": false, ""macro_density"": 0.0, ""macro_generated_declaration"": false, ""macro_use"": false, ""malloc"": false, ""memcpy"": false, ""memmove"": false, ""memset"": false, ""mutable_global"": false, ""parameter_count"": 0, ""platform_specific"": false, ""pointer_arithmetic"": false, ""pointer_count"": 0, ""pointer_to_pointer"": false, ""raw_pointer_parameter"": false, ""raw_pointer_return"": false, ""realloc"": false, ""setjmp"": false, ""static_local"": false, ""syscall"": false, ""third_party"": false, ""union"": false, ""va_list"": false, ""variadic"": false, ""void_pointer"": false}",TRIVIAL,no_significant_detected_blocker,[],medium
2,ecal-core,652e92f7cda2ab1f2d0056cb296b66c7a30c8fa8,ecal/core/src/monitoring/ecal_monitoring_impl.h,80,88,struct,STopicMap,9,"{""bitfield"": false, ""branch_complexity_proxy"": 0, ""c_array"": false, ""call_count"": 2, ""callback"": false, ""calloc"": false, ""conditional_compilation"": false, ""explicit_abi_boundary"": false, ""extern_declaration"": false, ""extern_or_abi_boundary"": false, ""flexible_array"": false, ""free"": false, ""function_pointer"": false, ""generated_source"": false, ""global_read"": false, ""global_write"": false, ""goto"": false, ""lexical_ambiguity"": false, ""longjmp"": false, ""macro_density"": 0.0, ""macro_generated_declaration"": false, ""macro_use"": false, ""malloc"": false, ""memcpy"": false, ""memmove"": false, ""memset"": false, ""mutable_global"": false, ""parameter_count"": 0, ""platform_specific"": false, ""pointer_arithmetic"": false, ""pointer_count"": 0, ""pointer_to_pointer"": false, ""raw_pointer_parameter"": false, ""raw_pointer_return"": false, ""realloc"": false, ""setjmp"": false, ""static_local"": false, ""syscall"": false, ""third_party"": false, ""union"": false, ""va_list"": false, ""variadic"": false, ""void_pointer"": false}",TRIVIAL,no_significant_detected_blocker,[],medium
2,ecal-core,652e92f7cda2ab1f2d0056cb296b66c7a30c8fa8,ecal/core/src/monitoring/ecal_monitoring_impl.h,82,85,function,STopicMap,4,"{""bitfield"": false, ""branch_complexity_proxy"": 0, ""c_array"": false, ""call_count"": 2, ""callback"": false, ""calloc"": false, ""conditional_compilation"": false, ""explicit_abi_boundary"": false, ""extern_declaration"": false, ""extern_or_abi_boundary"": false, ""flexible_array"": false, ""free"": false, ""function_pointer"": false, ""generated_source"": false, ""global_read"": false, ""global_write"": false, ""goto"": false, ""lexical_ambiguity"": false, ""longjmp"": false, ""macro_density"": 0.0, ""macro_generated_declaration"": false, ""macro_use"": false, ""malloc"": false, ""memcpy"": false, ""memmove"": false, ""memset"": false, ""mutable_global"": false, ""parameter_count"": 1, ""platform_specific"": false, ""pointer_arithmetic"": false, ""pointer_count"": 0, ""pointer_to_pointer"": false, ""raw_pointer_parameter"": false, ""raw_pointer_return"": false, ""realloc"": false, ""setjmp"": false, ""static_local"": false, ""syscall"": false, ""third_party"": false, ""union"": false, ""va_list"": false, ""variadic"": false, ""void_pointer"": false}",TRIVIAL,no_significant_detected_blocker,[],medium
2,ecal-core,652e92f7cda2ab1f2d0056cb296b66c7a30c8fa8,ecal/core/src/monitoring/ecal_monitoring_impl.h,91,99,struct,SProcessMap,9,"{""bitfield"": false, ""branch_complexity_proxy"": 0, ""c_array"": false, ""call_count"": 2, ""callback"": false, ""calloc"": false, ""conditional_compilation"": false, ""explicit_abi_boundary"": false, ""extern_declaration"": false, ""extern_or_abi_boundary"": false, ""flexible_array"": false, ""free"": false, ""function_pointer"": false, ""generated_source"": false, ""global_read"": false, ""global_write"": false, ""goto"": false, ""lexical_ambiguity"": false, ""longjmp"": false, ""macro_density"": 0.0, ""macro_generated_declaration"": false, ""macro_use"": false, ""malloc"": false, ""memcpy"": false, ""memmove"": false, ""memset"": false, ""mutable_global"": false, ""parameter_count"": 0, ""platform_specific"": false, ""pointer_arithmetic"": false, ""pointer_count"": 0, ""pointer_to_pointer"": false, ""raw_pointer_parameter"": false, ""raw_pointer_return"": false, ""realloc"": false, ""setjmp"": false, ""static_local"": false, ""syscall"": false, ""third_party"": false, ""union"": false, ""va_list"": false, ""variadic"": false, ""void_pointer"": false}",TRIVIAL,no_significant_detected_blocker,[],medium
2,ecal-core,652e92f7cda2ab1f2d0056cb296b66c7a30c8fa8,ecal/core/src/monitoring/ecal_monitoring_impl.h,93,96,function,SProcessMap,4,"{""bitfield"": false, ""branch_complexity_proxy"": 0, ""c_array"": false, ""call_count"": 2, ""callback"": false, ""calloc"": false, ""conditional_compilation"": false, ""explicit_abi_boundary"": false, ""extern_declaration"": false, ""extern_or_abi_boundary"": false, ""flexible_array"": false, ""free"": false, ""function_pointer"": false, ""generated_source"": false, ""global_read"": false, ""global_write"": false, ""goto"": false, ""lexical_ambiguity"": false, ""longjmp"": false, ""macro_density"": 0.0, ""macro_generated_declaration"": false, ""macro_use"": false, ""malloc"": false, ""memcpy"": false, ""memmove"": false, ""memset"": false, ""mutable_global"": false, ""parameter_count"": 1, ""platform_specific"": false, ""pointer_arithmetic"": false, ""pointer_count"": 0, ""pointer_to_pointer"": false, ""raw_pointer_parameter"": false, ""raw_pointer_return"": false, ""realloc"": false, ""setjmp"": false, ""static_local"": false, ""syscall"": false, ""third_party"": false, ""union"": false, ""va_list"": false, ""variadic"": false, ""void_pointer"": false}",TRIVIAL,no_significant_detected_blocker,[],medium
2,ecal-core,652e92f7cda2ab1f2d0056cb296b66c7a30c8fa8,ecal/core/src/monitoring/ecal_monitoring_impl.h,102,110,struct,SServerMap,9,"{""bitfield"": false, ""branch_complexity_proxy"": 0, ""c_array"": false, ""call_count"": 2, ""callback"": false, ""calloc"": false, ""conditional_compilation"": false, ""explicit_abi_boundary"": false, ""extern_declaration"": false, ""extern_or_abi_boundary"": false, ""flexible_array"": false, ""free"": false, ""function_pointer"": false, ""generated_source"": false, ""global_read"": false, ""global_write"": false, ""goto"": false, ""lexical_ambiguity"": false, ""longjmp"": false, ""macro_density"": 0.0, ""macro_generated_declaration"": false, ""macro_use"": false, ""malloc"": false, ""memcpy"": false, ""memmove"": false, ""memset"": false, ""mutable_global"": false, ""parameter_count"": 0, ""platform_specific"": false, ""pointer_arithmetic"": false, ""pointer_count"": 0, ""pointer_to_pointer"": false, ""raw_pointer_parameter"": false, ""raw_pointer_return"": false, ""realloc"": false, ""setjmp"": false, ""static_local"": false, ""syscall"": false, ""third_party"": false, ""union"": false, ""va_list"": false, ""variadic"": false, ""void_pointer"": false}",TRIVIAL,no_significant_detected_blocker,[],medium
2,ecal-core,652e92f7cda2ab1f2d0056cb296b66c7a30c8fa8,ecal/core/src/monitoring/ecal_monitoring_impl.h,104,107,function,SServerMap,4,"{""bitfield"": false, ""branch_complexity_proxy"": 0, ""c_array"": false, ""call_count"": 2, ""callback"": false, ""calloc"": false, ""conditional_compilation"": false, ""explicit_abi_boundary"": false, ""extern_declaration"": false, ""extern_or_abi_boundary"": false, ""flexible_array"": false, ""free"": false, ""function_pointer"": false, ""generated_source"": false, ""global_read"": false, ""global_write"": false, ""goto"": false, ""lexical_ambiguity"": false, ""longjmp"": false, ""macro_density"": 0.0, ""macro_generated_declaration"": false, ""macro_use"": false, ""malloc"": false, ""memcpy"": false, ""memmove"": false, ""memset"": false, ""mutable_global"": false, ""parameter_count"": 1, ""platform_specific"": false, ""pointer_arithmetic"": false, ""pointer_count"": 0, ""pointer_to_pointer"": false, ""raw_pointer_parameter"": false, ""raw_pointer_return"": false, ""realloc"": false, ""setjmp"": false, ""static_local"": false, ""syscall"": false, ""third_party"": false, ""union"": false, ""va_list"": false, ""variadic"": false, ""void_pointer"": false}",TRIVIAL,no_significant_detected_blocker,[],medium
2,ecal-core,652e92f7cda2ab1f2d0056cb296b66c7a30c8fa8,ecal/core/src/monitoring/ecal_monitoring_impl.h,113,121,struct,SClientMap,9,"{""bitfield"": false, ""branch_complexity_proxy"": 0, ""c_array"": false, ""call_count"": 2, ""callback"": false, ""calloc"": false, ""conditional_compilation"": false, ""explicit_abi_boundary"": false, ""extern_declaration"": false, ""extern_or_abi_boundary"": false, ""flexible_array"": false, ""free"": false, ""function_pointer"": false, ""generated_source"": false, ""global_read"": false, ""global_write"": false, ""goto"": false, ""lexical_ambiguity"": false, ""longjmp"": false, ""macro_density"": 0.0, ""macro_generated_declaration"": false, ""macro_use"": false, ""malloc"": false, ""memcpy"": false, ""memmove"": false, ""memset"": false, ""mutable_global"": false, ""parameter_count"": 0, ""platform_specific"": false, ""pointer_arithmetic"": false, ""pointer_count"": 0, ""pointer_to_pointer"": false, ""raw_pointer_parameter"": false, ""raw_pointer_return"": false, ""realloc"": false, ""setjmp"": false, ""static_local"": false, ""syscall"": false, ""third_party"": false, ""union"": false, ""va_list"": false, ""variadic"": false, ""void_pointer"": false}",TRIVIAL,no_significant_detected_blocker,[],medium
2,ecal-core,652e92f7cda2ab1f2d0056cb296b66c7a30c8fa8,ecal/core/src/monitoring/ecal_monitoring_impl.h,115,118,function,SClientMap,4,"{""bitfield"": false, ""branch_complexity_proxy"": 0, ""c_array"": false, ""call_count"": 2, ""callback"": false, ""calloc"": false, ""conditional_compilation"": false, ""explicit_abi_boundary"": false, ""extern_declaration"": false, ""extern_or_abi_boundary"": false, ""flexible_array"": false, ""free"": false, ""function_pointer"": false, ""generated_source"": false, ""global_read"": false, ""global_write"": false, ""goto"": false, ""lexical_ambiguity"": false, ""longjmp"": false, ""macro_density"": 0.0, ""macro_generated_declaration"": false, ""macro_use"": false, ""malloc"": false, ""memcpy"": false, ""memmove"": false, ""memset"": false, ""mutable_global"": false, ""parameter_count"": 1, ""platform_specific"": false, ""pointer_arithmetic"": false, ""pointer_count"": 0, ""pointer_to_pointer"": false, ""raw_pointer_parameter"": false, ""raw_pointer_return"": false, ""realloc"": false, ""setjmp"": false, ""static_local"": false, ""syscall"": false, ""third_party"": false, ""union"": false, ""va_list"": false, ""variadic"": false, ""void_pointer"": false}",TRIVIAL,no_significant_detected_blocker,[],medium
2,ecal-core,652e92f7cda2ab1f2d0056cb296b66c7a30c8fa8,ecal/core/src/pubsub/ecal_publisher_impl.cpp,58,63,struct,SSndHash,6,"{""bitfield"": false, ""branch_complexity_proxy"": 0, ""c_array"": false, ""call_count"": 3, ""callback"": false, ""calloc"": false, ""conditional_compilation"": false, ""explicit_abi_boundary"": false, ""extern_declaration"": false, ""extern_or_abi_boundary"": false, ""flexible_array"": false, ""free"": false, ""function_pointer"": false, ""generated_source"": false, ""global_read"": false, ""global_write"": false, ""goto"": false, ""lexical_ambiguity"": false, ""longjmp"": false, ""macro_density"": 0.0, ""macro_generated_declaration"": false, ""macro_use"": false, ""malloc"": false, ""memcpy"": false, ""memmove"": false, ""memset"": false, ""mutable_global"": false, ""parameter_count"": 0, ""platform_specific"": false, ""pointer_arithmetic"": false, ""pointer_count"": 0, ""pointer_to_pointer"": false, ""raw_pointer_parameter"": false, ""raw_pointer_return"": false, ""realloc"": false, ""setjmp"": false, ""static_local"": false, ""syscall"": false, ""third_party"": false, ""union"": false, ""va_list"": false, ""variadic"": false, ""void_pointer"": false}",TRIVIAL,no_significant_detected_blocker,[],medium
2,ecal-core,652e92f7cda2ab1f2d0056cb296b66c7a30c8fa8,ecal/core/src/pubsub/ecal_publisher_impl.cpp,89,93,function,logLayerState,5,"{""bitfield"": false, ""branch_complexity_proxy"": 0, ""c_array"": false, ""call_count"": 4, ""callback"": false, ""calloc"": false, ""conditional_compilation"": true, ""explicit_abi_boundary"": false, ""extern_declaration"": false, ""extern_or_abi_boundary"": false, ""flexible_array"": false, ""free"": false, ""function_pointer"": false, ""generated_source"": false, ""global_read"": false, ""global_write"": false, ""goto"": false, ""lexical_ambiguity"": false, ""longjmp"": false, ""macro_density"": 0.0, ""macro_generated_declaration"": false, ""macro_use"": false, ""malloc"": false, ""memcpy"": false, ""memmove"": false, ""memset"": false, ""mutable_global"": false, ""parameter_count"": 2, ""platform_specific"": false, ""pointer_arithmetic"": false, ""pointer_count"": 0, ""pointer_to_pointer"": false, ""raw_pointer_parameter"": false, ""raw_pointer_return"": false, ""realloc"": false, ""setjmp"": false, ""static_local"": false, ""syscall"": false, ""third_party"": false, ""union"": false, ""va_list"": false, ""variadic"": false, ""void_pointer"": false}",TRIVIAL,no_significant_detected_blocker,"[""conditional_compilation""]",medium
2,ecal-core,652e92f7cda2ab1f2d0056cb296b66c7a30c8fa8,ecal/core/src/pubsub/ecal_publisher_impl.cpp,96,101,function,logLayerStates,6,"{""bitfield"": false, ""branch_complexity_proxy"": 0, ""c_array"": false, ""call_count"": 4, ""callback"": false, ""calloc"": false, ""conditional_compilation"": true, ""explicit_abi_boundary"": false, ""extern_declaration"": false, ""extern_or_abi_boundary"": false, ""flexible_array"": false, ""free"": false, ""function_pointer"": false, ""generated_source"": false, ""global_read"": false, ""global_write"": false, ""goto"": false, ""lexical_ambiguity"": false, ""longjmp"": false, ""macro_density"": 0.0, ""macro_generated_declaration"": false, ""macro_use"": false, ""malloc"": false, ""memcpy"": false, ""memmove"": false, ""memset"": false, ""mutable_global"": false, ""parameter_count"": 1, ""platform_specific"": false, ""pointer_arithmetic"": false, ""pointer_count"": 0, ""pointer_to_pointer"": false, ""raw_pointer_parameter"": false, ""raw_pointer_return"": false, ""realloc"": false, ""setjmp"": false, ""static_local"": false, ""syscall"": false, ""third_party"": false, ""union"": false, ""va_list"": false, ""variadic"": false, ""void_pointer"": false}",TRIVIAL,no_significant_detected_blocker,"[""conditional_compilation""]",medium
2,ecal-core,652e92f7cda2ab1f2d0056cb296b66c7a30c8fa8,ecal/core/src/pubsub/ecal_publisher_impl.cpp,879,881,function,if,3,"{""bitfield"": false, ""branch_complexity_proxy"": 1, ""c_array"": false, ""call_count"": 3, ""callback"": false, ""calloc"": false, ""conditional_compilation"": false, ""explicit_abi_boundary"": false, ""extern_declaration"": false, ""extern_or_abi_boundary"": false, ""flexible_array"": false, ""free"": false, ""function_pointer"": false, ""generated_source"": false, ""global_read"": false, ""global_write"": false, ""goto"": false, ""lexical_ambiguity"": false, ""longjmp"": false, ""macro_density"": 0.0, ""macro_generated_declaration"": false, ""macro_use"": false, ""malloc"": false, ""memcpy"": false, ""memmove"": false, ""memset"": false, ""mutable_global"": false, ""parameter_count"": 1, ""platform_specific"": false, ""pointer_arithmetic"": false, ""pointer_count"": 0, ""pointer_to_pointer"": false, ""raw_pointer_parameter"": false, ""raw_pointer_return"": false, ""realloc"": false, ""setjmp"": false, ""static_local"": false, ""syscall"": false, ""third_party"": false, ""union"": false, ""va_list"": false, ""variadic"": false, ""void_pointer"": false}",TRIVIAL,no_significant_detected_blocker,[],medium
2,ecal-core,652e92f7cda2ab1f2d0056cb296b66c7a30c8fa8,ecal/core/src/pubsub/ecal_publisher_impl.h,65,68,struct,SPublisherGlobalContext,4,"{""bitfield"": false, ""branch_complexity_proxy"": 0, ""c_array"": false, ""call_count"": 0, ""callback"": false, ""calloc"": false, ""conditional_compilation"": false, ""explicit_abi_boundary"": false, ""extern_declaration"": false, ""extern_or_abi_boundary"": false, ""flexible_array"": false, ""free"": false, ""function_pointer"": false, ""generated_source"": false, ""global_read"": false, ""global_write"": false, ""goto"": false, ""lexical_ambiguity"": false, ""longjmp"": false, ""macro_density"": 0.0, ""macro_generated_declaration"": false, ""macro_use"": false, ""malloc"": false, ""memcpy"": false, ""memmove"": false, ""memset"": false, ""mutable_global"": false, ""parameter_count"": 0, ""platform_specific"": false, ""pointer_arithmetic"": false, ""pointer_count"": 0, ""pointer_to_pointer"": false, ""raw_pointer_parameter"": false, ""raw_pointer_return"": false, ""realloc"": false, ""setjmp"": false, ""static_local"": false, ""syscall"": false, ""third_party"": false, ""union"": false, ""va_list"": false, ""variadic"": false, ""void_pointer"": false}",TRIVIAL,no_significant_detected_blocker,[],medium
2,ecal-core,652e92f7cda2ab1f2d0056cb296b66c7a30c8fa8,ecal/core/src/pubsub/ecal_publisher_impl.h,73,78,struct,SLayerState,6,"{""bitfield"": false, ""branch_complexity_proxy"": 0, ""c_array"": false, ""call_count"": 0, ""callback"": false, ""calloc"": false, ""conditional_compilation"": false, ""explicit_abi_boundary"": false, ""extern_declaration"": false, ""extern_or_abi_boundary"": false, ""flexible_array"": false, ""free"": false, ""function_pointer"": false, ""generated_source"": false, ""global_read"": false, ""global_write"": false, ""goto"": false, ""lexical_ambiguity"": false, ""longjmp"": false, ""macro_density"": 0.0, ""macro_generated_declaration"": false, ""macro_use"": false, ""malloc"": false, ""memcpy"": false, ""memmove"": false, ""memset"": false, ""mutable_global"": false, ""parameter_count"": 0, ""platform_specific"": false, ""pointer_arithmetic"": false, ""pointer_count"": 0, ""pointer_to_pointer"": false, ""raw_pointer_parameter"": false, ""raw_pointer_return"": false, ""realloc"": false, ""setjmp"": false, ""static_local"": false, ""syscall"": false, ""third_party"": false, ""union"": false, ""va_list"": false, ""variadic"": false, ""void_pointer"": false}",TRIVIAL,no_significant_detected_blocker,[],medium
2,ecal-core,652e92f7cda2ab1f2d0056cb296b66c7a30c8fa8,ecal/core/src/pubsub/ecal_publisher_impl.h,80,85,struct,SLayerStates,6,"{""bitfield"": false, ""branch_complexity_proxy"": 0, ""c_array"": false, ""call_count"": 0, ""callback"": false, ""calloc"": false, ""conditional_compilation"": false, ""explicit_abi_boundary"": false, ""extern_declaration"": false, ""extern_or_abi_boundary"": false, ""flexible_array"": false, ""free"": false, ""function_pointer"": false, ""generated_source"": false, ""global_read"": false, ""global_write"": false, ""goto"": false, ""lexical_ambiguity"": false, ""longjmp"": false, ""macro_density"": 0.0, ""macro_generated_declaration"": false, ""macro_use"": false, ""malloc"": false, ""memcpy"": false, ""memmove"": false, ""memset"": false, ""mutable_global"": false, ""parameter_count"": 0, ""platform_specific"": false, ""pointer_arithmetic"": false, ""pointer_count"": 0, ""pointer_to_pointer"": false, ""raw_pointer_parameter"": false, ""raw_pointer_return"": false, ""realloc"": false, ""setjmp"": false, ""static_local"": false, ""syscall"": false, ""third_party"": false, ""union"": false, ""va_list"": false, ""variadic"": false, ""void_pointer"": false}",TRIVIAL,no_significant_detected_blocker,[],medium
2,ecal-core,652e92f7cda2ab1f2d0056cb296b66c7a30c8fa8,ecal/core/src/pubsub/ecal_publisher_impl.h,149,154,struct,SConnection,6,"{""bitfield"": false, ""branch_complexity_proxy"": 0, ""c_array"": false, ""call_count"": 0, ""callback"": false, ""calloc"": false, ""conditional_compilation"": false, ""explicit_abi_boundary"": false, ""extern_declaration"": false, ""extern_or_abi_boundary"": false, ""flexible_array"": false, ""free"": false, ""function_pointer"": false, ""generated_source"": false, ""global_read"": false, ""global_write"": false, ""goto"": false, ""lexical_ambiguity"": false, ""longjmp"": false, ""macro_density"": 0.0, ""macro_generated_declaration"": false, ""macro_use"": false, ""malloc"": false, ""memcpy"": false, ""memmove"": false, ""memset"": false, ""mutable_global"": false, ""parameter_count"": 0, ""platform_specific"": false, ""pointer_arithmetic"": false, ""pointer_count"": 0, ""pointer_to_pointer"": false, ""raw_pointer_parameter"": false, ""raw_pointer_return"": false, ""realloc"": false, ""setjmp"": false, ""static_local"": false, ""syscall"": false, ""third_party"": false, ""union"": false, ""va_list"": false, ""variadic"": false, ""void_pointer"": false}",TRIVIAL,no_significant_detected_blocker,[],medium
2,ecal-core,652e92f7cda2ab1f2d0056cb296b66c7a30c8fa8,ecal/core/src/pubsub/ecal_subscriber_impl.cpp,142,145,function,if,4,"{""bitfield"": false, ""branch_complexity_proxy"": 1, ""c_array"": false, ""call_count"": 3, ""callback"": false, ""calloc"": false, ""conditional_compilation"": false, ""explicit_abi_boundary"": false, ""extern_declaration"": false, ""extern_or_abi_boundary"": false, ""flexible_array"": false, ""free"": false, ""function_pointer"": false, ""generated_source"": false, ""global_read"": false, ""global_write"": false, ""goto"": false, ""lexical_ambiguity"": false, ""longjmp"": false, ""macro_density"": 0.0, ""macro_generated_declaration"": false, ""macro_use"": false, ""malloc"": false, ""memcpy"": false, ""memmove"": false, ""memset"": false, ""mutable_global"": false, ""parameter_count"": 1, ""platform_specific"": false, ""pointer_arithmetic"": false, ""pointer_count"": 0, ""pointer_to_pointer"": false, ""raw_pointer_parameter"": false, ""raw_pointer_return"": false, ""realloc"": false, ""setjmp"": false, ""static_local"": false, ""syscall"": false, ""third_party"": false, ""union"": false, ""va_list"": false, ""variadic"": false, ""void_pointer"": false}",TRIVIAL,no_significant_detected_blocker,[],medium
2,ecal-core,652e92f7cda2ab1f2d0056cb296b66c7a30c8fa8,ecal/core/src/pubsub/ecal_subscriber_impl.cpp,844,846,function,if,3,"{""bitfield"": false, ""branch_complexity_proxy"": 1, ""c_array"": false, ""call_count"": 3, ""callback"": false, ""calloc"": false, ""conditional_compilation"": false, ""explicit_abi_boundary"": false, ""extern_declaration"": false, ""extern_or_abi_boundary"": false, ""flexible_array"": false, ""free"": false, ""function_pointer"": false, ""generated_source"": false, ""global_read"": false, ""global_write"": false, ""goto"": false, ""lexical_ambiguity"": false, ""longjmp"": false, ""macro_density"": 0.0, ""macro_generated_declaration"": false, ""macro_use"": false, ""malloc"": false, ""memcpy"": false, ""memmove"": false, ""memset"": false, ""mutable_global"": false, ""parameter_count"": 1, ""platform_specific"": false, ""pointer_arithmetic"": false, ""pointer_count"": 0, ""pointer_to_pointer"": false, ""raw_pointer_parameter"": false, ""raw_pointer_return"": false, ""realloc"": false, ""setjmp"": false, ""static_local"": false, ""syscall"": false, ""third_party"": false, ""union"": false, ""va_list"": false, ""variadic"": false, ""void_pointer"": false}",TRIVIAL,no_significant_detected_blocker,[],medium
2,ecal-core,652e92f7cda2ab1f2d0056cb296b66c7a30c8fa8,ecal/core/src/pubsub/ecal_subscriber_impl.h,59,65,struct,SSubscriberGlobalContext,7,"{""bitfield"": false, ""branch_complexity_proxy"": 0, ""c_array"": false, ""call_count"": 0, ""callback"": false, ""calloc"": false, ""conditional_compilation"": false, ""explicit_abi_boundary"": false, ""extern_declaration"": false, ""extern_or_abi_boundary"": false, ""flexible_array"": false, ""free"": false, ""function_pointer"": false, ""generated_source"": false, ""global_read"": false, ""global_write"": false, ""goto"": false, ""lexical_ambiguity"": false, ""longjmp"": false, ""macro_density"": 0.0, ""macro_generated_declaration"": false, ""macro_use"": false, ""malloc"": false, ""memcpy"": false, ""memmove"": false, ""memset"": false, ""mutable_global"": false, ""parameter_count"": 0, ""platform_specific"": false, ""pointer_arithmetic"": false, ""pointer_count"": 0, ""pointer_to_pointer"": false, ""raw_pointer_parameter"": false, ""raw_pointer_return"": false, ""realloc"": false, ""setjmp"": false, ""static_local"": false, ""syscall"": false, ""third_party"": false, ""union"": false, ""va_list"": false, ""variadic"": false, ""void_pointer"": false}",TRIVIAL,no_significant_detected_blocker,[],medium
2,ecal-core,652e92f7cda2ab1f2d0056cb296b66c7a30c8fa8,ecal/core/src/pubsub/ecal_subscriber_impl.h,70,75,struct,SLayerState,6,"{""bitfield"": false, ""branch_complexity_proxy"": 0, ""c_array"": false, ""call_count"": 0, ""callback"": false, ""calloc"": false, ""conditional_compilation"": false, ""explicit_abi_boundary"": false, ""extern_declaration"": false, ""extern_or_abi_boundary"": false, ""flexible_array"": false, ""free"": false, ""function_pointer"": false, ""generated_source"": false, ""global_read"": false, ""global_write"": false, ""goto"": false, ""lexical_ambiguity"": false, ""longjmp"": false, ""macro_density"": 0.0, ""macro_generated_declaration"": false, ""macro_use"": false, ""malloc"": false, ""memcpy"": false, ""memmove"": false, ""memset"": false, ""mutable_global"": false, ""parameter_count"": 0, ""platform_specific"": false, ""pointer_arithmetic"": false, ""pointer_count"": 0, ""pointer_to_pointer"": false, ""raw_pointer_parameter"": false, ""raw_pointer_return"": false, ""realloc"": false, ""setjmp"": false, ""static_local"": false, ""syscall"": false, ""third_party"": false, ""union"": false, ""va_list"": false, ""variadic"": false, ""void_pointer"": false}",TRIVIAL,no_significant_detected_blocker,[],medium
2,ecal-core,652e92f7cda2ab1f2d0056cb296b66c7a30c8fa8,ecal/core/src/pubsub/ecal_subscriber_impl.h,77,82,struct,SLayerStates,6,"{""bitfield"": false, ""branch_complexity_proxy"": 0, ""c_array"": false, ""call_count"": 0, ""callback"": false, ""calloc"": false, ""conditional_compilation"": false, ""explicit_abi_boundary"": false, ""extern_declaration"": false, ""extern_or_abi_boundary"": false, ""flexible_array"": false, ""free"": false, ""function_pointer"": false, ""generated_source"": false, ""global_read"": false, ""global_write"": false, ""goto"": false, ""lexical_ambiguity"": false, ""longjmp"": false, ""macro_density"": 0.0, ""macro_generated_declaration"": false, ""macro_use"": false, ""malloc"": false, ""memcpy"": false, ""memmove"": false, ""memset"": false, ""mutable_global"": false, ""parameter_count"": 0, ""platform_specific"": false, ""pointer_arithmetic"": false, ""pointer_count"": 0, ""pointer_to_pointer"": false, ""raw_pointer_parameter"": false, ""raw_pointer_return"": false, ""realloc"": false, ""setjmp"": false, ""static_local"": false, ""syscall"": false, ""third_party"": false, ""union"": false, ""va_list"": false, ""variadic"": false, ""void_pointer"": false}",TRIVIAL,no_significant_detected_blocker,[],medium
2,ecal-core,652e92f7cda2ab1f2d0056cb296b66c7a30c8fa8,ecal/core/src/pubsub/ecal_subscriber_impl.h,160,165,struct,SConnection,6,"{""bitfield"": false, ""branch_complexity_proxy"": 0, ""c_array"": false, ""call_count"": 0, ""callback"": false, ""calloc"": false, ""conditional_compilation"": false, ""explicit_abi_boundary"": false, ""extern_declaration"": false, ""extern_or_abi_boundary"": false, ""flexible_array"": false, ""free"": false, ""function_pointer"": false, ""generated_source"": false, ""global_read"": false, ""global_write"": false, ""goto"": false, ""lexical_ambiguity"": false, ""longjmp"": false, ""macro_density"": 0.0, ""macro_generated_declaration"": false, ""macro_use"": false, ""malloc"": false, ""memcpy"": false, ""memmove"": false, ""memset"": false, ""mutable_global"": false, ""parameter_count"": 0, ""platform_specific"": false, ""pointer_arithmetic"": false, ""pointer_count"": 0, ""pointer_to_pointer"": false, ""raw_pointer_parameter"": false, ""raw_pointer_return"": false, ""realloc"": false, ""setjmp"": false, ""static_local"": false, ""syscall"": false, ""third_party"": false, ""union"": false, ""va_list"": false, ""variadic"": false, ""void_pointer"": false}",TRIVIAL,no_significant_detected_blocker,[],medium
2,ecal-core,652e92f7cda2ab1f2d0056cb296b66c7a30c8fa8,ecal/core/src/readwrite/config/attributes/reader_attributes.h,30,37,struct,SUDPAttributes,8,"{""bitfield"": false, ""branch_complexity_proxy"": 0, ""c_array"": false, ""call_count"": 0, ""callback"": false, ""calloc"": false, ""conditional_compilation"": false, ""explicit_abi_boundary"": false, ""extern_declaration"": false, ""extern_or_abi_boundary"": false, ""flexible_array"": false, ""free"": false, ""function_pointer"": false, ""generated_source"": false, ""global_read"": false, ""global_write"": false, ""goto"": false, ""lexical_ambiguity"": false, ""longjmp"": false, ""macro_density"": 0.0, ""macro_generated_declaration"": false, ""macro_use"": false, ""malloc"": false, ""memcpy"": false, ""memmove"": false, ""memset"": false, ""mutable_global"": false, ""parameter_count"": 0, ""platform_specific"": false, ""pointer_arithmetic"": false, ""pointer_count"": 0, ""pointer_to_pointer"": false, ""raw_pointer_parameter"": false, ""raw_pointer_return"": false, ""realloc"": false, ""setjmp"": false, ""static_local"": false, ""syscall"": false, ""third_party"": false, ""union"": false, ""va_list"": false, ""variadic"": false, ""void_pointer"": false}",TRIVIAL,no_significant_detected_blocker,[],medium
2,ecal-core,652e92f7cda2ab1f2d0056cb296b66c7a30c8fa8,ecal/core/src/readwrite/config/attributes/reader_attributes.h,39,44,struct,STCPAttributes,6,"{""bitfield"": false, ""branch_complexity_proxy"": 0, ""c_array"": false, ""call_count"": 0, ""callback"": false, ""calloc"": false, ""conditional_compilation"": false, ""explicit_abi_boundary"": false, ""extern_declaration"": false, ""extern_or_abi_boundary"": false, ""flexible_array"": false, ""free"": false, ""function_pointer"": false, ""generated_source"": false, ""global_read"": false, ""global_write"": false, ""goto"": false, ""lexical_ambiguity"": false, ""longjmp"": false, ""macro_density"": 0.0, ""macro_generated_declaration"": false, ""macro_use"": false, ""malloc"": false, ""memcpy"": false, ""memmove"": false, ""memset"": false, ""mutable_global"": false, ""parameter_count"": 0, ""platform_specific"": false, ""pointer_arithmetic"": false, ""pointer_count"": 0, ""pointer_to_pointer"": false, ""raw_pointer_parameter"": false, ""raw_pointer_return"": false, ""realloc"": false, ""setjmp"": false, ""static_local"": false, ""syscall"": false, ""third_party"": false, ""union"": false, ""va_list"": false, ""variadic"": false, ""void_pointer"": false}",TRIVIAL,no_significant_detected_blocker,[],medium
2,ecal-core,652e92f7cda2ab1f2d0056cb296b66c7a30c8fa8,ecal/core/src/readwrite/config/attributes/reader_attributes.h,46,49,struct,SSHMAttributes,4,"{""bitfield"": false, ""branch_complexity_proxy"": 0, ""c_array"": false, ""call_count"": 0, ""callback"": false, ""calloc"": false, ""conditional_compilation"": false, ""explicit_abi_boundary"": false, ""extern_declaration"": false, ""extern_or_abi_boundary"": false, ""flexible_array"": false, ""free"": false, ""function_pointer"": false, ""generated_source"": false, ""global_read"": false, ""global_write"": false, ""goto"": false, ""lexical_ambiguity"": false, ""longjmp"": false, ""macro_density"": 0.0, ""macro_generated_declaration"": false, ""macro_use"": false, ""malloc"": false, ""memcpy"": false, ""memmove"": false, ""memset"": false, ""mutable_global"": false, ""parameter_count"": 0, ""platform_specific"": false, ""pointer_arithmetic"": false, ""pointer_count"": 0, ""pointer_to_pointer"": false, ""raw_pointer_parameter"": false, ""raw_pointer_return"": false, ""realloc"": false, ""setjmp"": false, ""static_local"": false, ""syscall"": false, ""third_party"": false, ""union"": false, ""va_list"": false, ""variadic"": false, ""void_pointer"": false}",TRIVIAL,no_significant_detected_blocker,[],medium
2,ecal-core,652e92f7cda2ab1f2d0056cb296b66c7a30c8fa8,ecal/core/src/readwrite/config/attributes/reader_attributes.h,51,70,struct,SAttributes,20,"{""bitfield"": false, ""branch_complexity_proxy"": 0, ""c_array"": false, ""call_count"": 0, ""callback"": false, ""calloc"": false, ""conditional_compilation"": false, ""explicit_abi_boundary"": false, ""extern_declaration"": false, ""extern_or_abi_boundary"": false, ""flexible_array"": false, ""free"": false, ""function_pointer"": false, ""generated_source"": false, ""global_read"": false, ""global_write"": false, ""goto"": false, ""lexical_ambiguity"": false, ""longjmp"": false, ""macro_density"": 0.0, ""macro_generated_declaration"": false, ""macro_use"": false, ""malloc"": false, ""memcpy"": false, ""memmove"": false, ""memset"": false, ""mutable_global"": false, ""parameter_count"": 0, ""platform_specific"": false, ""pointer_arithmetic"": false, ""pointer_count"": 0, ""pointer_to_pointer"": false, ""raw_pointer_parameter"": false, ""raw_pointer_return"": false, ""realloc"": false, ""setjmp"": false, ""static_local"": false, ""syscall"": false, ""third_party"": false, ""union"": false, ""va_list"": false, ""variadic"": false, ""void_pointer"": false}",TRIVIAL,no_significant_detected_blocker,[],medium
2,ecal-core,652e92f7cda2ab1f2d0056cb296b66c7a30c8fa8,ecal/core/src/readwrite/config/attributes/writer_attributes.h,33,42,struct,SUDPAttributes,10,"{""bitfield"": false, ""branch_complexity_proxy"": 0, ""c_array"": false, ""call_count"": 0, ""callback"": false, ""calloc"": false, ""conditional_compilation"": false, ""explicit_abi_boundary"": false, ""extern_declaration"": false, ""extern_or_abi_boundary"": false, ""flexible_array"": false, ""free"": false, ""function_pointer"": false, ""generated_source"": false, ""global_read"": false, ""global_write"": false, ""goto"": false, ""lexical_ambiguity"": false, ""longjmp"": false, ""macro_density"": 0.0, ""macro_generated_declaration"": false, ""macro_use"": false, ""malloc"": false, ""memcpy"": false, ""memmove"": false, ""memset"": false, ""mutable_global"": false, ""parameter_count"": 0, ""platform_specific"": false, ""pointer_arithmetic"": false, ""pointer_count"": 0, ""pointer_to_pointer"": false, ""raw_pointer_parameter"": false, ""raw_pointer_return"": false, ""realloc"": false, ""setjmp"": false, ""static_local"": false, ""syscall"": false, ""third_party"": false, ""union"": false, ""va_list"": false, ""variadic"": false, ""void_pointer"": false}",TRIVIAL,no_significant_detected_blocker,[],medium
2,ecal-core,652e92f7cda2ab1f2d0056cb296b66c7a30c8fa8,ecal/core/src/readwrite/config/attributes/writer_attributes.h,44,48,struct,STCPAttributes,5,"{""bitfield"": false, ""branch_complexity_proxy"": 0, ""c_array"": false, ""call_count"": 0, ""callback"": false, ""calloc"": false, ""conditional_compilation"": false, ""explicit_abi_boundary"": false, ""extern_declaration"": false, ""extern_or_abi_boundary"": false, ""flexible_array"": false, ""free"": false, ""function_pointer"": false, ""generated_source"": false, ""global_read"": false, ""global_write"": false, ""goto"": false, ""lexical_ambiguity"": false, ""longjmp"": false, ""macro_density"": 0.0, ""macro_generated_declaration"": false, ""macro_use"": false, ""malloc"": false, ""memcpy"": false, ""memmove"": false, ""memset"": false, ""mutable_global"": false, ""parameter_count"": 0, ""platform_specific"": false, ""pointer_arithmetic"": false, ""pointer_count"": 0, ""pointer_to_pointer"": false, ""raw_pointer_parameter"": false, ""raw_pointer_return"": false, ""realloc"": false, ""setjmp"": false, ""static_local"": false, ""syscall"": false, ""third_party"": false, ""union"": false, ""va_list"": false, ""variadic"": false, ""void_pointer"": false}",TRIVIAL,no_significant_detected_blocker,[],medium
2,ecal-core,652e92f7cda2ab1f2d0056cb296b66c7a30c8fa8,ecal/core/src/readwrite/config/attributes/writer_attributes.h,50,58,struct,SSHMAttributes,9,"{""bitfield"": false, ""branch_complexity_proxy"": 0, ""c_array"": false, ""call_count"": 0, ""callback"": false, ""calloc"": false, ""conditional_compilation"": false, ""explicit_abi_boundary"": false, ""extern_declaration"": false, ""extern_or_abi_boundary"": false, ""flexible_array"": false, ""free"": false, ""function_pointer"": false, ""generated_source"": false, ""global_read"": false, ""global_write"": false, ""goto"": false, ""lexical_ambiguity"": false, ""longjmp"": false, ""macro_density"": 0.0, ""macro_generated_declaration"": false, ""macro_use"": false, ""malloc"": false, ""memcpy"": false, ""memmove"": false, ""memset"": false, ""mutable_global"": false, ""parameter_count"": 0, ""platform_specific"": false, ""pointer_arithmetic"": false, ""pointer_count"": 0, ""pointer_to_pointer"": false, ""raw_pointer_parameter"": false, ""raw_pointer_return"": false, ""realloc"": false, ""setjmp"": false, ""static_local"": false, ""syscall"": false, ""third_party"": false, ""union"": false, ""va_list"": false, ""variadic"": false, ""void_pointer"": false}",TRIVIAL,no_significant_detected_blocker,[],medium
2,ecal-core,652e92f7cda2ab1f2d0056cb296b66c7a30c8fa8,ecal/core/src/readwrite/config/attributes/writer_attributes.h,61,81,struct,SAttributes,21,"{""bitfield"": false, ""branch_complexity_proxy"": 0, ""c_array"": false, ""call_count"": 0, ""callback"": false, ""calloc"": false, ""conditional_compilation"": false, ""explicit_abi_boundary"": false, ""extern_declaration"": false, ""extern_or_abi_boundary"": false, ""flexible_array"": false, ""free"": false, ""function_pointer"": false, ""generated_source"": false, ""global_read"": false, ""global_write"": false, ""goto"": false, ""lexical_ambiguity"": false, ""longjmp"": false, ""macro_density"": 0.0, ""macro_generated_declaration"": false, ""macro_use"": false, ""malloc"": false, ""memcpy"": false, ""memmove"": false, ""memset"": false, ""mutable_global"": false, ""parameter_count"": 0, ""platform_specific"": false, ""pointer_arithmetic"": false, ""pointer_count"": 0, ""pointer_to_pointer"": false, ""raw_pointer_parameter"": false, ""raw_pointer_return"": false, ""realloc"": false, ""setjmp"": false, ""static_local"": false, ""syscall"": false, ""third_party"": false, ""union"": false, ""va_list"": false, ""variadic"": false, ""void_pointer"": false}",TRIVIAL,no_significant_detected_blocker,[],medium
2,ecal-core,652e92f7cda2ab1f2d0056cb296b66c7a30c8fa8,ecal/core/src/readwrite/ecal_reader_layer.h,36,43,struct,SReaderLayerPar,8,"{""bitfield"": false, ""branch_complexity_proxy"": 0, ""c_array"": false, ""call_count"": 0, ""callback"": false, ""calloc"": false, ""conditional_compilation"": false, ""explicit_abi_boundary"": false, ""extern_declaration"": false, ""extern_or_abi_boundary"": false, ""flexible_array"": false, ""free"": false, ""function_pointer"": false, ""generated_source"": false, ""global_read"": false, ""global_write"": false, ""goto"": false, ""lexical_ambiguity"": false, ""longjmp"": false, ""macro_density"": 0.0, ""macro_generated_declaration"": false, ""macro_use"": false, ""malloc"": false, ""memcpy"": false, ""memmove"": false, ""memset"": false, ""mutable_global"": false, ""parameter_count"": 0, ""platform_specific"": false, ""pointer_arithmetic"": false, ""pointer_count"": 0, ""pointer_to_pointer"": false, ""raw_pointer_parameter"": false, ""raw_pointer_return"": false, ""realloc"": false, ""setjmp"": false, ""static_local"": false, ""syscall"": false, ""third_party"": false, ""union"": false, ""va_list"": false, ""variadic"": false, ""void_pointer"": false}",TRIVIAL,no_significant_detected_blocker,[],medium
2,ecal-core,652e92f7cda2ab1f2d0056cb296b66c7a30c8fa8,ecal/core/src/readwrite/ecal_writer_base.h,46,46,function,ApplySubscription,1,"{""bitfield"": false, ""branch_complexity_proxy"": 0, ""c_array"": false, ""call_count"": 1, ""callback"": false, ""calloc"": false, ""conditional_compilation"": false, ""explicit_abi_boundary"": false, ""extern_declaration"": false, ""extern_or_abi_boundary"": false, ""flexible_array"": false, ""free"": false, ""function_pointer"": false, ""generated_source"": false, ""global_read"": false, ""global_write"": false, ""goto"": false, ""lexical_ambiguity"": false, ""longjmp"": false, ""macro_density"": 0.0, ""macro_generated_declaration"": false, ""macro_use"": false, ""malloc"": false, ""memcpy"": false, ""memmove"": false, ""memset"": false, ""mutable_global"": false, ""parameter_count"": 4, ""platform_specific"": false, ""pointer_arithmetic"": false, ""pointer_count"": 0, ""pointer_to_pointer"": false, ""raw_pointer_parameter"": false, ""raw_pointer_return"": false, ""realloc"": false, ""setjmp"": false, ""static_local"": false, ""syscall"": false, ""third_party"": false, ""union"": false, ""va_list"": false, ""variadic"": false, ""void_pointer"": false}",TRIVIAL,no_significant_detected_blocker,[],medium
2,ecal-core,652e92f7cda2ab1f2d0056cb296b66c7a30c8fa8,ecal/core/src/readwrite/ecal_writer_base.h,47,47,function,RemoveSubscription,1,"{""bitfield"": false, ""branch_complexity_proxy"": 0, ""c_array"": false, ""call_count"": 1, ""callback"": false, ""calloc"": false, ""conditional_compilation"": false, ""explicit_abi_boundary"": false, ""extern_declaration"": false, ""extern_or_abi_boundary"": false, ""flexible_array"": false, ""free"": false, ""function_pointer"": false, ""generated_source"": false, ""global_read"": false, ""global_write"": false, ""goto"": false, ""lexical_ambiguity"": false, ""longjmp"": false, ""macro_density"": 0.0, ""macro_generated_declaration"": false, ""macro_use"": false, ""malloc"": false, ""memcpy"": false, ""memmove"": false, ""memset"": false, ""mutable_global"": false, ""parameter_count"": 3, ""platform_specific"": false, ""pointer_arithmetic"": false, ""pointer_count"": 0, ""pointer_to_pointer"": false, ""raw_pointer_parameter"": false, ""raw_pointer_return"": false, ""realloc"": false, ""setjmp"": false, ""static_local"": false, ""syscall"": false, ""third_party"": false, ""union"": false, ""va_list"": false, ""variadic"": false, ""void_pointer"": false}",TRIVIAL,no_significant_detected_blocker,[],medium
2,ecal-core,652e92f7cda2ab1f2d0056cb296b66c7a30c8fa8,ecal/core/src/readwrite/ecal_writer_base.h,49,49,function,GetConnectionParameter,1,"{""bitfield"": false, ""branch_complexity_proxy"": 0, ""c_array"": false, ""call_count"": 1, ""callback"": false, ""calloc"": false, ""conditional_compilation"": false, ""explicit_abi_boundary"": false, ""extern_declaration"": false, ""extern_or_abi_boundary"": false, ""flexible_array"": false, ""free"": false, ""function_pointer"": false, ""generated_source"": false, ""global_read"": false, ""global_write"": false, ""goto"": false, ""lexical_ambiguity"": false, ""longjmp"": false, ""macro_density"": 0.0, ""macro_generated_declaration"": false, ""macro_use"": false, ""malloc"": false, ""memcpy"": false, ""memmove"": false, ""memset"": false, ""mutable_global"": false, ""parameter_count"": 0, ""platform_specific"": false, ""pointer_arithmetic"": false, ""pointer_count"": 0, ""pointer_to_pointer"": false, ""raw_pointer_parameter"": false, ""raw_pointer_return"": false, ""realloc"": false, ""setjmp"": false, ""static_local"": false, ""syscall"": false, ""third_party"": false, ""union"": false, ""va_list"": false, ""variadic"": false, ""void_pointer"": false}",TRIVIAL,no_significant_detected_blocker,[],medium
2,ecal-core,652e92f7cda2ab1f2d0056cb296b66c7a30c8fa8,ecal/core/src/readwrite/ecal_writer_base.h,51,51,function,PrepareWrite,1,"{""bitfield"": false, ""branch_complexity_proxy"": 0, ""c_array"": false, ""call_count"": 1, ""callback"": false, ""calloc"": false, ""conditional_compilation"": false, ""explicit_abi_boundary"": false, ""extern_declaration"": false, ""extern_or_abi_boundary"": false, ""flexible_array"": false, ""free"": false, ""function_pointer"": false, ""generated_source"": false, ""global_read"": false, ""global_write"": false, ""goto"": false, ""lexical_ambiguity"": false, ""longjmp"": false, ""macro_density"": 0.0, ""macro_generated_declaration"": false, ""macro_use"": false, ""malloc"": false, ""memcpy"": false, ""memmove"": false, ""memset"": false, ""mutable_global"": false, ""parameter_count"": 1, ""platform_specific"": false, ""pointer_arithmetic"": false, ""pointer_count"": 0, ""pointer_to_pointer"": false, ""raw_pointer_parameter"": false, ""raw_pointer_return"": false, ""realloc"": false, ""setjmp"": false, ""static_local"": false, ""syscall"": false, ""third_party"": false, ""union"": false, ""va_list"": false, ""variadic"": false, ""void_pointer"": false}",TRIVIAL,no_significant_detected_blocker,[],medium
2,ecal-core,652e92f7cda2ab1f2d0056cb296b66c7a30c8fa8,ecal/core/src/readwrite/ecal_writer_base.h,52,52,function,Write,1,"{""bitfield"": false, ""branch_complexity_proxy"": 0, ""c_array"": false, ""call_count"": 1, ""callback"": false, ""calloc"": false, ""conditional_compilation"": false, ""explicit_abi_boundary"": false, ""extern_declaration"": false, ""extern_or_abi_boundary"": false, ""flexible_array"": false, ""free"": false, ""function_pointer"": false, ""generated_source"": false, ""global_read"": false, ""global_write"": false, ""goto"": false, ""lexical_ambiguity"": false, ""longjmp"": false, ""macro_density"": 0.0, ""macro_generated_declaration"": false, ""macro_use"": false, ""malloc"": false, ""memcpy"": false, ""memmove"": false, ""memset"": false, ""mutable_global"": false, ""parameter_count"": 2, ""platform_specific"": false, ""pointer_arithmetic"": false, ""pointer_count"": 0, ""pointer_to_pointer"": false, ""raw_pointer_parameter"": false, ""raw_pointer_return"": false, ""realloc"": false, ""setjmp"": false, ""static_local"": false, ""syscall"": false, ""third_party"": false, ""union"": false, ""va_list"": false, ""variadic"": false, ""void_pointer"": false}",TRIVIAL,no_significant_detected_blocker,[],medium
2,ecal-core,652e92f7cda2ab1f2d0056cb296b66c7a30c8fa8,ecal/core/src/readwrite/ecal_writer_base.h,53,53,function,Write,1,"{""bitfield"": false, ""branch_complexity_proxy"": 0, ""c_array"": false, ""call_count"": 1, ""callback"": false, ""calloc"": false, ""conditional_compilation"": false, ""explicit_abi_boundary"": false, ""extern_declaration"": false, ""extern_or_abi_boundary"": false, ""flexible_array"": false, ""free"": false, ""function_pointer"": false, ""generated_source"": false, ""global_read"": false, ""global_write"": false, ""goto"": false, ""lexical_ambiguity"": false, ""longjmp"": false, ""macro_density"": 0.0, ""macro_generated_declaration"": false, ""macro_use"": false, ""malloc"": false, ""memcpy"": false, ""memmove"": false, ""memset"": false, ""mutable_global"": false, ""parameter_count"": 2, ""platform_specific"": false, ""pointer_arithmetic"": false, ""pointer_count"": 1, ""pointer_to_pointer"": false, ""raw_pointer_parameter"": true, ""raw_pointer_return"": false, ""realloc"": false, ""setjmp"": false, ""static_local"": false, ""syscall"": false, ""third_party"": false, ""union"": false, ""va_list"": false, ""variadic"": false, ""void_pointer"": true}",TRIVIAL,no_significant_detected_blocker,"[""raw_pointer_parameter"", ""void_pointer""]",medium
2,ecal-core,652e92f7cda2ab1f2d0056cb296b66c7a30c8fa8,ecal/core/src/readwrite/ecal_writer_data.h,30,40,struct,SWriterAttr,11,"{""bitfield"": false, ""branch_complexity_proxy"": 0, ""c_array"": false, ""call_count"": 0, ""callback"": false, ""calloc"": false, ""conditional_compilation"": false, ""explicit_abi_boundary"": false, ""extern_declaration"": false, ""extern_or_abi_boundary"": false, ""flexible_array"": false, ""free"": false, ""function_pointer"": false, ""generated_source"": false, ""global_read"": false, ""global_write"": false, ""goto"": false, ""lexical_ambiguity"": false, ""longjmp"": false, ""macro_density"": 0.0, ""macro_generated_declaration"": false, ""macro_use"": false, ""malloc"": false, ""memcpy"": false, ""memmove"": false, ""memset"": false, ""mutable_global"": false, ""parameter_count"": 0, ""platform_specific"": false, ""pointer_arithmetic"": false, ""pointer_count"": 0, ""pointer_to_pointer"": false, ""raw_pointer_parameter"": false, ""raw_pointer_return"": false, ""realloc"": false, ""setjmp"": false, ""static_local"": false, ""syscall"": false, ""third_party"": false, ""union"": false, ""va_list"": false, ""variadic"": false, ""void_pointer"": false}",TRIVIAL,no_significant_detected_blocker,[],medium
2,ecal-core,652e92f7cda2ab1f2d0056cb296b66c7a30c8fa8,ecal/core/src/readwrite/ecal_writer_info.h,30,39,struct,SWriterInfo,10,"{""bitfield"": false, ""branch_complexity_proxy"": 0, ""c_array"": false, ""call_count"": 0, ""callback"": false, ""calloc"": false, ""conditional_compilation"": false, ""explicit_abi_boundary"": false, ""extern_declaration"": false, ""extern_or_abi_boundary"": false, ""flexible_array"": false, ""free"": false, ""function_pointer"": false, ""generated_source"": false, ""global_read"": false, ""global_write"": false, ""goto"": false, ""lexical_ambiguity"": false, ""longjmp"": false, ""macro_density"": 0.0, ""macro_generated_declaration"": false, ""macro_use"": false, ""malloc"": false, ""memcpy"": false, ""memmove"": false, ""memset"": false, ""mutable_global"": false, ""parameter_count"": 0, ""platform_specific"": false, ""pointer_arithmetic"": false, ""pointer_count"": 0, ""pointer_to_pointer"": false, ""raw_pointer_parameter"": false, ""raw_pointer_return"": false, ""realloc"": false, ""setjmp"": false, ""static_local"": false, ""syscall"": false, ""third_party"": false, ""union"": false, ""va_list"": false, ""variadic"": false, ""void_pointer"": false}",TRIVIAL,no_significant_detected_blocker,[],medium
2,ecal-core,652e92f7cda2ab1f2d0056cb296b66c7a30c8fa8,ecal/core/src/readwrite/shm/config/attributes/reader_shm_attributes.h,30,34,struct,SAttributes,5,"{""bitfield"": false, ""branch_complexity_proxy"": 0, ""c_array"": false, ""call_count"": 0, ""callback"": false, ""calloc"": false, ""conditional_compilation"": false, ""explicit_abi_boundary"": false, ""extern_declaration"": false, ""extern_or_abi_boundary"": false, ""flexible_array"": false, ""free"": false, ""function_pointer"": false, ""generated_source"": false, ""global_read"": false, ""global_write"": false, ""goto"": false, ""lexical_ambiguity"": false, ""longjmp"": false, ""macro_density"": 0.0, ""macro_generated_declaration"": false, ""macro_use"": false, ""malloc"": false, ""memcpy"": false, ""memmove"": false, ""memset"": false, ""mutable_global"": false, ""parameter_count"": 0, ""platform_specific"": false, ""pointer_arithmetic"": false, ""pointer_count"": 0, ""pointer_to_pointer"": false, ""raw_pointer_parameter"": false, ""raw_pointer_return"": false, ""realloc"": false, ""setjmp"": false, ""static_local"": false, ""syscall"": false, ""third_party"": false, ""union"": false, ""va_list"": false, ""variadic"": false, ""void_pointer"": false}",TRIVIAL,no_significant_detected_blocker,[],medium
2,ecal-core,652e92f7cda2ab1f2d0056cb296b66c7a30c8fa8,ecal/core/src/readwrite/shm/config/attributes/writer_shm_attributes.h,30,39,struct,SAttributes,10,"{""bitfield"": false, ""branch_complexity_proxy"": 0, ""c_array"": false, ""call_count"": 0, ""callback"": false, ""calloc"": false, ""conditional_compilation"": false, ""explicit_abi_boundary"": false, ""extern_declaration"": false, ""extern_or_abi_boundary"": false, ""flexible_array"": false, ""free"": false, ""function_pointer"": false, ""generated_source"": false, ""global_read"": false, ""global_write"": false, ""goto"": false, ""lexical_ambiguity"": false, ""longjmp"": false, ""macro_density"": 0.0, ""macro_generated_declaration"": false, ""macro_use"": false, ""malloc"": false, ""memcpy"": false, ""memmove"": false, ""memset"": false, ""mutable_global"": false, ""parameter_count"": 0, ""platform_specific"": false, ""pointer_arithmetic"": false, ""pointer_count"": 0, ""pointer_to_pointer"": false, ""raw_pointer_parameter"": false, ""raw_pointer_return"": false, ""realloc"": false, ""setjmp"": false, ""static_local"": false, ""syscall"": false, ""third_party"": false, ""union"": false, ""va_list"": false, ""variadic"": false, ""void_pointer"": false}",TRIVIAL,no_significant_detected_blocker,[],medium
2,ecal-core,652e92f7cda2ab1f2d0056cb296b66c7a30c8fa8,ecal/core/src/readwrite/tcp/config/attributes/data_reader_tcp_attributes.h,30,35,struct,SAttributes,6,"{""bitfield"": false, ""branch_complexity_proxy"": 0, ""c_array"": false, ""call_count"": 1, ""callback"": false, ""calloc"": false, ""conditional_compilation"": false, ""explicit_abi_boundary"": false, ""extern_declaration"": false, ""extern_or_abi_boundary"": false, ""flexible_array"": false, ""free"": false, ""function_pointer"": false, ""generated_source"": false, ""global_read"": false, ""global_write"": false, ""goto"": false, ""lexical_ambiguity"": false, ""longjmp"": false, ""macro_density"": 0.0, ""macro_generated_declaration"": false, ""macro_use"": false, ""malloc"": false, ""memcpy"": false, ""memmove"": false, ""memset"": false, ""mutable_global"": false, ""parameter_count"": 0, ""platform_specific"": false, ""pointer_arithmetic"": false, ""pointer_count"": 1, ""pointer_to_pointer"": false, ""raw_pointer_parameter"": false, ""raw_pointer_return"": false, ""realloc"": false, ""setjmp"": false, ""static_local"": false, ""syscall"": false, ""third_party"": false, ""union"": false, ""va_list"": false, ""variadic"": false, ""void_pointer"": false}",TRIVIAL,no_significant_detected_blocker,[],medium
2,ecal-core,652e92f7cda2ab1f2d0056cb296b66c7a30c8fa8,ecal/core/src/readwrite/tcp/config/attributes/data_writer_tcp_attributes.h,32,38,struct,SAttributes,7,"{""bitfield"": false, ""branch_complexity_proxy"": 0, ""c_array"": false, ""call_count"": 0, ""callback"": false, ""calloc"": false, ""conditional_compilation"": false, ""explicit_abi_boundary"": false, ""extern_declaration"": false, ""extern_or_abi_boundary"": false, ""flexible_array"": false, ""free"": false, ""function_pointer"": false, ""generated_source"": false, ""global_read"": false, ""global_write"": false, ""goto"": false, ""lexical_ambiguity"": false, ""longjmp"": false, ""macro_density"": 0.0, ""macro_generated_declaration"": false, ""macro_use"": false, ""malloc"": false, ""memcpy"": false, ""memmove"": false, ""memset"": false, ""mutable_global"": false, ""parameter_count"": 0, ""platform_specific"": false, ""pointer_arithmetic"": false, ""pointer_count"": 0, ""pointer_to_pointer"": false, ""raw_pointer_parameter"": false, ""raw_pointer_return"": false, ""realloc"": false, ""setjmp"": false, ""static_local"": false, ""syscall"": false, ""third_party"": false, ""union"": false, ""va_list"": false, ""variadic"": false, ""void_pointer"": false}",TRIVIAL,no_significant_detected_blocker,[],medium
2,ecal-core,652e92f7cda2ab1f2d0056cb296b66c7a30c8fa8,ecal/core/src/readwrite/tcp/config/attributes/tcp_reader_layer_attributes.h,30,34,struct,SAttributes,5,"{""bitfield"": false, ""branch_complexity_proxy"": 0, ""c_array"": false, ""call_count"": 0, ""callback"": false, ""calloc"": false, ""conditional_compilation"": false, ""explicit_abi_boundary"": false, ""extern_declaration"": false, ""extern_or_abi_boundary"": false, ""flexible_array"": false, ""free"": false, ""function_pointer"": false, ""generated_source"": false, ""global_read"": false, ""global_write"": false, ""goto"": false, ""lexical_ambiguity"": false, ""longjmp"": false, ""macro_density"": 0.0, ""macro_generated_declaration"": false, ""macro_use"": false, ""malloc"": false, ""memcpy"": false, ""memmove"": false, ""memset"": false, ""mutable_global"": false, ""parameter_count"": 0, ""platform_specific"": false, ""pointer_arithmetic"": false, ""pointer_count"": 0, ""pointer_to_pointer"": false, ""raw_pointer_parameter"": false, ""raw_pointer_return"": false, ""realloc"": false, ""setjmp"": false, ""static_local"": false, ""syscall"": false, ""third_party"": false, ""union"": false, ""va_list"": false, ""variadic"": false, ""void_pointer"": false}",TRIVIAL,no_significant_detected_blocker,[],medium
2,ecal-core,652e92f7cda2ab1f2d0056cb296b66c7a30c8fa8,ecal/core/src/readwrite/tcp/ecal_tcp_pubsub_logger.h,31,56,function,TcpPubsubLogger,26,"{""bitfield"": false, ""branch_complexity_proxy"": 6, ""c_array"": false, ""call_count"": 14, ""callback"": false, ""calloc"": false, ""conditional_compilation"": false, ""explicit_abi_boundary"": false, ""extern_declaration"": false, ""extern_or_abi_boundary"": false, ""flexible_array"": false, ""free"": false, ""function_pointer"": false, ""generated_source"": false, ""global_read"": false, ""global_write"": false, ""goto"": false, ""lexical_ambiguity"": false, ""longjmp"": false, ""macro_density"": 0.0, ""macro_generated_declaration"": false, ""macro_use"": false, ""malloc"": false, ""memcpy"": false, ""memmove"": false, ""memset"": false, ""mutable_global"": false, ""parameter_count"": 2, ""platform_specific"": false, ""pointer_arithmetic"": false, ""pointer_count"": 0, ""pointer_to_pointer"": false, ""raw_pointer_parameter"": false, ""raw_pointer_return"": false, ""realloc"": false, ""setjmp"": false, ""static_local"": false, ""syscall"": false, ""third_party"": false, ""union"": false, ""va_list"": false, ""variadic"": false, ""void_pointer"": false}",TRIVIAL,no_significant_detected_blocker,[],medium
2,ecal-core,652e92f7cda2ab1f2d0056cb296b66c7a30c8fa8,ecal/core/src/readwrite/tcp/ecal_writer_tcp.cpp,41,47,function,IsIpv6Supported,7,"{""bitfield"": false, ""branch_complexity_proxy"": 0, ""c_array"": false, ""call_count"": 4, ""callback"": false, ""calloc"": false, ""conditional_compilation"": false, ""explicit_abi_boundary"": false, ""extern_declaration"": false, ""extern_or_abi_boundary"": false, ""flexible_array"": false, ""free"": false, ""function_pointer"": false, ""generated_source"": false, ""global_read"": false, ""global_write"": false, ""goto"": false, ""lexical_ambiguity"": false, ""longjmp"": false, ""macro_density"": 0.0, ""macro_generated_declaration"": false, ""macro_use"": false, ""malloc"": false, ""memcpy"": false, ""memmove"": false, ""memset"": false, ""mutable_global"": false, ""parameter_count"": 0, ""platform_specific"": false, ""pointer_arithmetic"": false, ""pointer_count"": 0, ""pointer_to_pointer"": false, ""raw_pointer_parameter"": false, ""raw_pointer_return"": false, ""realloc"": false, ""setjmp"": false, ""static_local"": false, ""syscall"": true, ""third_party"": false, ""union"": false, ""va_list"": false, ""variadic"": false, ""void_pointer"": false}",TRIVIAL,no_significant_detected_blocker,"[""syscall""]",medium
2,ecal-core,652e92f7cda2ab1f2d0056cb296b66c7a30c8fa8,ecal/core/src/readwrite/udp/config/attributes/reader_udp_attributes.h,30,37,struct,SAttributes,8,"{""bitfield"": false, ""branch_complexity_proxy"": 0, ""c_array"": false, ""call_count"": 0, ""callback"": false, ""calloc"": false, ""conditional_compilation"": false, ""explicit_abi_boundary"": false, ""extern_declaration"": false, ""extern_or_abi_boundary"": false, ""flexible_array"": false, ""free"": false, ""function_pointer"": false, ""generated_source"": false, ""global_read"": false, ""global_write"": false, ""goto"": false, ""lexical_ambiguity"": false, ""longjmp"": false, ""macro_density"": 0.0, ""macro_generated_declaration"": false, ""macro_use"": false, ""malloc"": false, ""memcpy"": false, ""memmove"": false, ""memset"": false, ""mutable_global"": false, ""parameter_count"": 0, ""platform_specific"": false, ""pointer_arithmetic"": false, ""pointer_count"": 0, ""pointer_to_pointer"": false, ""raw_pointer_parameter"": false, ""raw_pointer_return"": false, ""realloc"": false, ""setjmp"": false, ""static_local"": false, ""syscall"": false, ""third_party"": false, ""union"": false, ""va_list"": false, ""variadic"": false, ""void_pointer"": false}",TRIVIAL,no_significant_detected_blocker,[],medium
2,ecal-core,652e92f7cda2ab1f2d0056cb296b66c7a30c8fa8,ecal/core/src/readwrite/udp/config/attributes/writer_udp_attributes.h,31,44,struct,SAttributes,14,"{""bitfield"": false, ""branch_complexity_proxy"": 0, ""c_array"": false, ""call_count"": 0, ""callback"": false, ""calloc"": false, ""conditional_compilation"": false, ""explicit_abi_boundary"": false, ""extern_declaration"": false, ""extern_or_abi_boundary"": false, ""flexible_array"": false, ""free"": false, ""function_pointer"": false, ""generated_source"": false, ""global_read"": false, ""global_write"": false, ""goto"": false, ""lexical_ambiguity"": false, ""longjmp"": false, ""macro_density"": 0.0, ""macro_generated_declaration"": false, ""macro_use"": false, ""malloc"": false, ""memcpy"": false, ""memmove"": false, ""memset"": false, ""mutable_global"": false, ""parameter_count"": 0, ""platform_specific"": false, ""pointer_arithmetic"": false, ""pointer_count"": 0, ""pointer_to_pointer"": false, ""raw_pointer_parameter"": false, ""raw_pointer_return"": false, ""realloc"": false, ""setjmp"": false, ""static_local"": false, ""syscall"": false, ""third_party"": false, ""union"": false, ""va_list"": false, ""variadic"": false, ""void_pointer"": false}",TRIVIAL,no_significant_detected_blocker,[],medium
2,ecal-core,652e92f7cda2ab1f2d0056cb296b66c7a30c8fa8,ecal/core/src/registration/config/attributes/registration_attributes.h,31,35,enum,class,5,"{""bitfield"": false, ""branch_complexity_proxy"": 0, ""c_array"": false, ""call_count"": 0, ""callback"": false, ""calloc"": false, ""conditional_compilation"": false, ""explicit_abi_boundary"": false, ""extern_declaration"": false, ""extern_or_abi_boundary"": false, ""flexible_array"": false, ""free"": false, ""function_pointer"": false, ""generated_source"": false, ""global_read"": false, ""global_write"": false, ""goto"": false, ""lexical_ambiguity"": false, ""longjmp"": false, ""macro_density"": 0.0, ""macro_generated_declaration"": false, ""macro_use"": false, ""malloc"": false, ""memcpy"": false, ""memmove"": false, ""memset"": false, ""mutable_global"": false, ""parameter_count"": 0, ""platform_specific"": false, ""pointer_arithmetic"": false, ""pointer_count"": 0, ""pointer_to_pointer"": false, ""raw_pointer_parameter"": false, ""raw_pointer_return"": false, ""realloc"": false, ""setjmp"": false, ""static_local"": false, ""syscall"": false, ""third_party"": false, ""union"": false, ""va_list"": false, ""variadic"": false, ""void_pointer"": false}",TRIVIAL,no_significant_detected_blocker,[],medium
2,ecal-core,652e92f7cda2ab1f2d0056cb296b66c7a30c8fa8,ecal/core/src/registration/config/attributes/registration_attributes.h,37,46,struct,SUDPAttributes,10,"{""bitfield"": false, ""branch_complexity_proxy"": 0, ""c_array"": false, ""call_count"": 0, ""callback"": false, ""calloc"": false, ""conditional_compilation"": false, ""explicit_abi_boundary"": false, ""extern_declaration"": false, ""extern_or_abi_boundary"": false, ""flexible_array"": false, ""free"": false, ""function_pointer"": false, ""generated_source"": false, ""global_read"": false, ""global_write"": false, ""goto"": false, ""lexical_ambiguity"": false, ""longjmp"": false, ""macro_density"": 0.0, ""macro_generated_declaration"": false, ""macro_use"": false, ""malloc"": false, ""memcpy"": false, ""memmove"": false, ""memset"": false, ""mutable_global"": false, ""parameter_count"": 0, ""platform_specific"": false, ""pointer_arithmetic"": false, ""pointer_count"": 0, ""pointer_to_pointer"": false, ""raw_pointer_parameter"": false, ""raw_pointer_return"": false, ""realloc"": false, ""setjmp"": false, ""static_local"": false, ""syscall"": false, ""third_party"": false, ""union"": false, ""va_list"": false, ""variadic"": false, ""void_pointer"": false}",TRIVIAL,no_significant_detected_blocker,[],medium
2,ecal-core,652e92f7cda2ab1f2d0056cb296b66c7a30c8fa8,ecal/core/src/registration/config/attributes/registration_attributes.h,48,52,struct,SSHMAttributes,5,"{""bitfield"": false, ""branch_complexity_proxy"": 0, ""c_array"": false, ""call_count"": 0, ""callback"": false, ""calloc"": false, ""conditional_compilation"": false, ""explicit_abi_boundary"": false, ""extern_declaration"": false, ""extern_or_abi_boundary"": false, ""flexible_array"": false, ""free"": false, ""function_pointer"": false, ""generated_source"": false, ""global_read"": false, ""global_write"": false, ""goto"": false, ""lexical_ambiguity"": false, ""longjmp"": false, ""macro_density"": 0.0, ""macro_generated_declaration"": false, ""macro_use"": false, ""malloc"": false, ""memcpy"": false, ""memmove"": false, ""memset"": false, ""mutable_global"": false, ""parameter_count"": 0, ""platform_specific"": false, ""pointer_arithmetic"": false, ""pointer_count"": 0, ""pointer_to_pointer"": false, ""raw_pointer_parameter"": false, ""raw_pointer_return"": false, ""realloc"": false, ""setjmp"": false, ""static_local"": false, ""syscall"": false, ""third_party"": false, ""union"": false, ""va_list"": false, ""variadic"": false, ""void_pointer"": false}",TRIVIAL,no_significant_detected_blocker,[],medium
2,ecal-core,652e92f7cda2ab1f2d0056cb296b66c7a30c8fa8,ecal/core/src/registration/config/attributes/registration_attributes.h,54,67,struct,SAttributes,14,"{""bitfield"": false, ""branch_complexity_proxy"": 0, ""c_array"": false, ""call_count"": 0, ""callback"": false, ""calloc"": false, ""conditional_compilation"": false, ""explicit_abi_boundary"": false, ""extern_declaration"": false, ""extern_or_abi_boundary"": false, ""flexible_array"": false, ""free"": false, ""function_pointer"": false, ""generated_source"": false, ""global_read"": false, ""global_write"": false, ""goto"": false, ""lexical_ambiguity"": false, ""longjmp"": false, ""macro_density"": 0.0, ""macro_generated_declaration"": false, ""macro_use"": false, ""malloc"": false, ""memcpy"": false, ""memmove"": false, ""memset"": false, ""mutable_global"": false, ""parameter_count"": 0, ""platform_specific"": false, ""pointer_arithmetic"": false, ""pointer_count"": 0, ""pointer_to_pointer"": false, ""raw_pointer_parameter"": false, ""raw_pointer_return"": false, ""realloc"": false, ""setjmp"": false, ""static_local"": false, ""syscall"": false, ""third_party"": false, ""union"": false, ""va_list"": false, ""variadic"": false, ""void_pointer"": false}",TRIVIAL,no_significant_detected_blocker,[],medium
2,ecal-core,652e92f7cda2ab1f2d0056cb296b66c7a30c8fa8,ecal/core/src/registration/config/attributes/sample_applier_attributes.h,30,37,struct,SAttributes,8,"{""bitfield"": false, ""branch_complexity_proxy"": 0, ""c_array"": false, ""call_count"": 0, ""callback"": false, ""calloc"": false, ""conditional_compilation"": false, ""explicit_abi_boundary"": false, ""extern_declaration"": false, ""extern_or_abi_boundary"": false, ""flexible_array"": false, ""free"": false, ""function_pointer"": false, ""generated_source"": false, ""global_read"": false, ""global_write"": false, ""goto"": false, ""lexical_ambiguity"": false, ""longjmp"": false, ""macro_density"": 0.0, ""macro_generated_declaration"": false, ""macro_use"": false, ""malloc"": false, ""memcpy"": false, ""memmove"": false, ""memset"": false, ""mutable_global"": false, ""parameter_count"": 0, ""platform_specific"": false, ""pointer_arithmetic"": false, ""pointer_count"": 0, ""pointer_to_pointer"": false, ""raw_pointer_parameter"": false, ""raw_pointer_return"": false, ""realloc"": false, ""setjmp"": false, ""static_local"": false, ""syscall"": false, ""third_party"": false, ""union"": false, ""va_list"": false, ""variadic"": false, ""void_pointer"": false}",TRIVIAL,no_significant_detected_blocker,[],medium
2,ecal-core,652e92f7cda2ab1f2d0056cb296b66c7a30c8fa8,ecal/core/src/registration/config/builder/sample_applier_attribute_builder.cpp,28,39,function,BuildSampleApplierAttributes,12,"{""bitfield"": false, ""branch_complexity_proxy"": 0, ""c_array"": false, ""call_count"": 1, ""callback"": false, ""calloc"": false, ""conditional_compilation"": false, ""explicit_abi_boundary"": false, ""extern_declaration"": false, ""extern_or_abi_boundary"": false, ""flexible_array"": false, ""free"": false, ""function_pointer"": false, ""generated_source"": false, ""global_read"": false, ""global_write"": false, ""goto"": false, ""lexical_ambiguity"": false, ""longjmp"": false, ""macro_density"": 0.0, ""macro_generated_declaration"": false, ""macro_use"": false, ""malloc"": false, ""memcpy"": false, ""memmove"": false, ""memset"": false, ""mutable_global"": false, ""parameter_count"": 1, ""platform_specific"": false, ""pointer_arithmetic"": false, ""pointer_count"": 0, ""pointer_to_pointer"": false, ""raw_pointer_parameter"": false, ""raw_pointer_return"": false, ""realloc"": false, ""setjmp"": false, ""static_local"": false, ""syscall"": false, ""third_party"": false, ""union"": false, ""va_list"": false, ""variadic"": false, ""void_pointer"": false}",TRIVIAL,no_significant_detected_blocker,[],medium
2,ecal-core,652e92f7cda2ab1f2d0056cb296b66c7a30c8fa8,ecal/core/src/registration/ecal_registration.cpp,38,48,function,GetPublisherIDs,11,"{""bitfield"": false, ""branch_complexity_proxy"": 1, ""c_array"": false, ""call_count"": 5, ""callback"": false, ""calloc"": false, ""conditional_compilation"": false, ""explicit_abi_boundary"": false, ""extern_declaration"": false, ""extern_or_abi_boundary"": false, ""flexible_array"": false, ""free"": false, ""function_pointer"": false, ""generated_source"": false, ""global_read"": false, ""global_write"": false, ""goto"": false, ""lexical_ambiguity"": false, ""longjmp"": false, ""macro_density"": 0.0, ""macro_generated_declaration"": false, ""macro_use"": false, ""malloc"": false, ""memcpy"": false, ""memmove"": false, ""memset"": false, ""mutable_global"": false, ""parameter_count"": 1, ""platform_specific"": false, ""pointer_arithmetic"": false, ""pointer_count"": 0, ""pointer_to_pointer"": false, ""raw_pointer_parameter"": false, ""raw_pointer_return"": false, ""realloc"": false, ""setjmp"": false, ""static_local"": false, ""syscall"": false, ""third_party"": false, ""union"": false, ""va_list"": false, ""variadic"": false, ""void_pointer"": false}",TRIVIAL,no_significant_detected_blocker,[],medium
2,ecal-core,652e92f7cda2ab1f2d0056cb296b66c7a30c8fa8,ecal/core/src/registration/ecal_registration.cpp,50,55,function,GetPublisherInfo,6,"{""bitfield"": false, ""branch_complexity_proxy"": 1, ""c_array"": false, ""call_count"": 4, ""callback"": false, ""calloc"": false, ""conditional_compilation"": false, ""explicit_abi_boundary"": false, ""extern_declaration"": false, ""extern_or_abi_boundary"": false, ""flexible_array"": false, ""free"": false, ""function_pointer"": false, ""generated_source"": false, ""global_read"": false, ""global_write"": false, ""goto"": false, ""lexical_ambiguity"": false, ""longjmp"": false, ""macro_density"": 0.0, ""macro_generated_declaration"": false, ""macro_use"": false, ""malloc"": false, ""memcpy"": false, ""memmove"": false, ""memset"": false, ""mutable_global"": false, ""parameter_count"": 2, ""platform_specific"": false, ""pointer_arithmetic"": false, ""pointer_count"": 0, ""pointer_to_pointer"": false, ""raw_pointer_parameter"": false, ""raw_pointer_return"": false, ""realloc"": false, ""setjmp"": false, ""static_local"": false, ""syscall"": false, ""third_party"": false, ""union"": false, ""va_list"": false, ""variadic"": false, ""void_pointer"": false}",TRIVIAL,no_significant_detected_blocker,[],medium
2,ecal-core,652e92f7cda2ab1f2d0056cb296b66c7a30c8fa8,ecal/core/src/registration/ecal_registration.cpp,57,62,function,AddPublisherEventCallback,6,"{""bitfield"": false, ""branch_complexity_proxy"": 1, ""c_array"": false, ""call_count"": 5, ""callback"": true, ""calloc"": false, ""conditional_compilation"": false, ""explicit_abi_boundary"": false, ""extern_declaration"": false, ""extern_or_abi_boundary"": false, ""flexible_array"": false, ""free"": false, ""function_pointer"": false, ""generated_source"": false, ""global_read"": false, ""global_write"": false, ""goto"": false, ""lexical_ambiguity"": false, ""longjmp"": false, ""macro_density"": 0.0, ""macro_generated_declaration"": false, ""macro_use"": false, ""malloc"": false, ""memcpy"": false, ""memmove"": false, ""memset"": false, ""mutable_global"": false, ""parameter_count"": 1, ""platform_specific"": false, ""pointer_arithmetic"": false, ""pointer_count"": 0, ""pointer_to_pointer"": false, ""raw_pointer_parameter"": false, ""raw_pointer_return"": false, ""realloc"": false, ""setjmp"": false, ""static_local"": false, ""syscall"": false, ""third_party"": false, ""union"": false, ""va_list"": false, ""variadic"": false, ""void_pointer"": false}",NEEDS_TRANSPILER,callback,[],medium
2,ecal-core,652e92f7cda2ab1f2d0056cb296b66c7a30c8fa8,ecal/core/src/registration/ecal_registration.cpp,64,68,function,RemPublisherEventCallback,5,"{""bitfield"": false, ""branch_complexity_proxy"": 1, ""c_array"": false, ""call_count"": 4, ""callback"": true, ""calloc"": false, ""conditional_compilation"": false, ""explicit_abi_boundary"": false, ""extern_declaration"": false, ""extern_or_abi_boundary"": false, ""flexible_array"": false, ""free"": false, ""function_pointer"": false, ""generated_source"": false, ""global_read"": false, ""global_write"": false, ""goto"": false, ""lexical_ambiguity"": false, ""longjmp"": false, ""macro_density"": 0.0, ""macro_generated_declaration"": false, ""macro_use"": false, ""malloc"": false, ""memcpy"": false, ""memmove"": false, ""memset"": false, ""mutable_global"": false, ""parameter_count"": 1, ""platform_specific"": false, ""pointer_arithmetic"": false, ""pointer_count"": 0, ""pointer_to_pointer"": false, ""raw_pointer_parameter"": false, ""raw_pointer_return"": false, ""realloc"": false, ""setjmp"": false, ""static_local"": false, ""syscall"": false, ""third_party"": false, ""union"": false, ""va_list"": false, ""variadic"": false, ""void_pointer"": false}",NEEDS_TRANSPILER,callback,[],medium
2,ecal-core,652e92f7cda2ab1f2d0056cb296b66c7a30c8fa8,ecal/core/src/registration/ecal_registration.cpp,70,79,function,GetSubscriberIDs,10,"{""bitfield"": false, ""branch_complexity_proxy"": 1, ""c_array"": false, ""call_count"": 5, ""callback"": false, ""calloc"": false, ""conditional_compilation"": false, ""explicit_abi_boundary"": false, ""extern_declaration"": false, ""extern_or_abi_boundary"": false, ""flexible_array"": false, ""free"": false, ""function_pointer"": false, ""generated_source"": false, ""global_read"": false, ""global_write"": false, ""goto"": false, ""lexical_ambiguity"": false, ""longjmp"": false, ""macro_density"": 0.0, ""macro_generated_declaration"": false, ""macro_use"": false, ""malloc"": false, ""memcpy"": false, ""memmove"": false, ""memset"": false, ""mutable_global"": false, ""parameter_count"": 1, ""platform_specific"": false, ""pointer_arithmetic"": false, ""pointer_count"": 0, ""pointer_to_pointer"": false, ""raw_pointer_parameter"": false, ""raw_pointer_return"": false, ""realloc"": false, ""setjmp"": false, ""static_local"": false, ""syscall"": false, ""third_party"": false, ""union"": false, ""va_list"": false, ""variadic"": false, ""void_pointer"": false}",TRIVIAL,no_significant_detected_blocker,[],medium
2,ecal-core,652e92f7cda2ab1f2d0056cb296b66c7a30c8fa8,ecal/core/src/registration/ecal_registration.cpp,81,86,function,GetSubscriberInfo,6,"{""bitfield"": false, ""branch_complexity_proxy"": 1, ""c_array"": false, ""call_count"": 4, ""callback"": false, ""calloc"": false, ""conditional_compilation"": false, ""explicit_abi_boundary"": false, ""extern_declaration"": false, ""extern_or_abi_boundary"": false, ""flexible_array"": false, ""free"": false, ""function_pointer"": false, ""generated_source"": false, ""global_read"": false, ""global_write"": false, ""goto"": false, ""lexical_ambiguity"": false, ""longjmp"": false, ""macro_density"": 0.0, ""macro_generated_declaration"": false, ""macro_use"": false, ""malloc"": false, ""memcpy"": false, ""memmove"": false, ""memset"": false, ""mutable_global"": false, ""parameter_count"": 2, ""platform_specific"": false, ""pointer_arithmetic"": false, ""pointer_count"": 0, ""pointer_to_pointer"": false, ""raw_pointer_parameter"": false, ""raw_pointer_return"": false, ""realloc"": false, ""setjmp"": false, ""static_local"": false, ""syscall"": false, ""third_party"": false, ""union"": false, ""va_list"": false, ""variadic"": false, ""void_pointer"": false}",TRIVIAL,no_significant_detected_blocker,[],medium
2,ecal-core,652e92f7cda2ab1f2d0056cb296b66c7a30c8fa8,ecal/core/src/registration/ecal_registration.cpp,88,93,function,AddSubscriberEventCallback,6,"{""bitfield"": false, ""branch_complexity_proxy"": 1, ""c_array"": false, ""call_count"": 5, ""callback"": true, ""calloc"": false, ""conditional_compilation"": false, ""explicit_abi_boundary"": false, ""extern_declaration"": false, ""extern_or_abi_boundary"": false, ""flexible_array"": false, ""free"": false, ""function_pointer"": false, ""generated_source"": false, ""global_read"": false, ""global_write"": false, ""goto"": false, ""lexical_ambiguity"": false, ""longjmp"": false, ""macro_density"": 0.0, ""macro_generated_declaration"": false, ""macro_use"": false, ""malloc"": false, ""memcpy"": false, ""memmove"": false, ""memset"": false, ""mutable_global"": false, ""parameter_count"": 1, ""platform_specific"": false, ""pointer_arithmetic"": false, ""pointer_count"": 0, ""pointer_to_pointer"": false, ""raw_pointer_parameter"": false, ""raw_pointer_return"": false, ""realloc"": false, ""setjmp"": false, ""static_local"": false, ""syscall"": false, ""third_party"": false, ""union"": false, ""va_list"": false, ""variadic"": false, ""void_pointer"": false}",NEEDS_TRANSPILER,callback,[],medium
2,ecal-core,652e92f7cda2ab1f2d0056cb296b66c7a30c8fa8,ecal/core/src/registration/ecal_registration.cpp,95,99,function,RemSubscriberEventCallback,5,"{""bitfield"": false, ""branch_complexity_proxy"": 1, ""c_array"": false, ""call_count"": 4, ""callback"": true, ""calloc"": false, ""conditional_compilation"": false, ""explicit_abi_boundary"": false, ""extern_declaration"": false, ""extern_or_abi_boundary"": false, ""flexible_array"": false, ""free"": false, ""function_pointer"": false, ""generated_source"": false, ""global_read"": false, ""global_write"": false, ""goto"": false, ""lexical_ambiguity"": false, ""longjmp"": false, ""macro_density"": 0.0, ""macro_generated_declaration"": false, ""macro_use"": false, ""malloc"": false, ""memcpy"": false, ""memmove"": false, ""memset"": false, ""mutable_global"": false, ""parameter_count"": 1, ""platform_specific"": false, ""pointer_arithmetic"": false, ""pointer_count"": 0, ""pointer_to_pointer"": false, ""raw_pointer_parameter"": false, ""raw_pointer_return"": false, ""realloc"": false, ""setjmp"": false, ""static_local"": false, ""syscall"": false, ""third_party"": false, ""union"": false, ""va_list"": false, ""variadic"": false, ""void_pointer"": false}",NEEDS_TRANSPILER,callback,[],medium
2,ecal-core,652e92f7cda2ab1f2d0056cb296b66c7a30c8fa8,ecal/core/src/registration/ecal_registration.cpp,101,110,function,GetServerIDs,10,"{""bitfield"": false, ""branch_complexity_proxy"": 1, ""c_array"": false, ""call_count"": 5, ""callback"": false, ""calloc"": false, ""conditional_compilation"": false, ""explicit_abi_boundary"": false, ""extern_declaration"": false, ""extern_or_abi_boundary"": false, ""flexible_array"": false, ""free"": false, ""function_pointer"": false, ""generated_source"": false, ""global_read"": false, ""global_write"": false, ""goto"": false, ""lexical_ambiguity"": false, ""longjmp"": false, ""macro_density"": 0.0, ""macro_generated_declaration"": false, ""macro_use"": false, ""malloc"": false, ""memcpy"": false, ""memmove"": false, ""memset"": false, ""mutable_global"": false, ""parameter_count"": 1, ""platform_specific"": false, ""pointer_arithmetic"": false, ""pointer_count"": 0, ""pointer_to_pointer"": false, ""raw_pointer_parameter"": false, ""raw_pointer_return"": false, ""realloc"": false, ""setjmp"": false, ""static_local"": false, ""syscall"": false, ""third_party"": false, ""union"": false, ""va_list"": false, ""variadic"": false, ""void_pointer"": false}",TRIVIAL,no_significant_detected_blocker,[],medium
2,ecal-core,652e92f7cda2ab1f2d0056cb296b66c7a30c8fa8,ecal/core/src/registration/ecal_registration.cpp,112,117,function,GetServerInfo,6,"{""bitfield"": false, ""branch_complexity_proxy"": 1, ""c_array"": false, ""call_count"": 4, ""callback"": false, ""calloc"": false, ""conditional_compilation"": false, ""explicit_abi_boundary"": false, ""extern_declaration"": false, ""extern_or_abi_boundary"": false, ""flexible_array"": false, ""free"": false, ""function_pointer"": false, ""generated_source"": false, ""global_read"": false, ""global_write"": false, ""goto"": false, ""lexical_ambiguity"": false, ""longjmp"": false, ""macro_density"": 0.0, ""macro_generated_declaration"": false, ""macro_use"": false, ""malloc"": false, ""memcpy"": false, ""memmove"": false, ""memset"": false, ""mutable_global"": false, ""parameter_count"": 2, ""platform_specific"": false, ""pointer_arithmetic"": false, ""pointer_count"": 0, ""pointer_to_pointer"": false, ""raw_pointer_parameter"": false, ""raw_pointer_return"": false, ""realloc"": false, ""setjmp"": false, ""static_local"": false, ""syscall"": false, ""third_party"": false, ""union"": false, ""va_list"": false, ""variadic"": false, ""void_pointer"": false}",TRIVIAL,no_significant_detected_blocker,[],medium
2,ecal-core,652e92f7cda2ab1f2d0056cb296b66c7a30c8fa8,ecal/core/src/registration/ecal_registration.cpp,119,128,function,GetClientIDs,10,"{""bitfield"": false, ""branch_complexity_proxy"": 1, ""c_array"": false, ""call_count"": 5, ""callback"": false, ""calloc"": false, ""conditional_compilation"": false, ""explicit_abi_boundary"": false, ""extern_declaration"": false, ""extern_or_abi_boundary"": false, ""flexible_array"": false, ""free"": false, ""function_pointer"": false, ""generated_source"": false, ""global_read"": false, ""global_write"": false, ""goto"": false, ""lexical_ambiguity"": false, ""longjmp"": false, ""macro_density"": 0.0, ""macro_generated_declaration"": false, ""macro_use"": false, ""malloc"": false, ""memcpy"": false, ""memmove"": false, ""memset"": false, ""mutable_global"": false, ""parameter_count"": 1, ""platform_specific"": false, ""pointer_arithmetic"": false, ""pointer_count"": 0, ""pointer_to_pointer"": false, ""raw_pointer_parameter"": false, ""raw_pointer_return"": false, ""realloc"": false, ""setjmp"": false, ""static_local"": false, ""syscall"": false, ""third_party"": false, ""union"": false, ""va_list"": false, ""variadic"": false, ""void_pointer"": false}",TRIVIAL,no_significant_detected_blocker,[],medium
2,ecal-core,652e92f7cda2ab1f2d0056cb296b66c7a30c8fa8,ecal/core/src/registration/ecal_registration.cpp,130,135,function,GetClientInfo,6,"{""bitfield"": false, ""branch_complexity_proxy"": 1, ""c_array"": false, ""call_count"": 4, ""callback"": false, ""calloc"": false, ""conditional_compilation"": false, ""explicit_abi_boundary"": false, ""extern_declaration"": false, ""extern_or_abi_boundary"": false, ""flexible_array"": false, ""free"": false, ""function_pointer"": false, ""generated_source"": false, ""global_read"": false, ""global_write"": false, ""goto"": false, ""lexical_ambiguity"": false, ""longjmp"": false, ""macro_density"": 0.0, ""macro_generated_declaration"": false, ""macro_use"": false, ""malloc"": false, ""memcpy"": false, ""memmove"": false, ""memset"": false, ""mutable_global"": false, ""parameter_count"": 2, ""platform_specific"": false, ""pointer_arithmetic"": false, ""pointer_count"": 0, ""pointer_to_pointer"": false, ""raw_pointer_parameter"": false, ""raw_pointer_return"": false, ""realloc"": false, ""setjmp"": false, ""static_local"": false, ""syscall"": false, ""third_party"": false, ""union"": false, ""va_list"": false, ""variadic"": false, ""void_pointer"": false}",TRIVIAL,no_significant_detected_blocker,[],medium
2,ecal-core,652e92f7cda2ab1f2d0056cb296b66c7a30c8fa8,ecal/core/src/registration/ecal_registration.cpp,137,149,function,GetPublishedTopicNames,13,"{""bitfield"": false, ""branch_complexity_proxy"": 1, ""c_array"": false, ""call_count"": 5, ""callback"": false, ""calloc"": false, ""conditional_compilation"": false, ""explicit_abi_boundary"": false, ""extern_declaration"": false, ""extern_or_abi_boundary"": false, ""flexible_array"": false, ""free"": false, ""function_pointer"": false, ""generated_source"": false, ""global_read"": false, ""global_write"": false, ""goto"": false, ""lexical_ambiguity"": false, ""longjmp"": false, ""macro_density"": 0.0, ""macro_generated_declaration"": false, ""macro_use"": false, ""malloc"": false, ""memcpy"": false, ""memmove"": false, ""memset"": false, ""mutable_global"": false, ""parameter_count"": 1, ""platform_specific"": false, ""pointer_arithmetic"": false, ""pointer_count"": 0, ""pointer_to_pointer"": false, ""raw_pointer_parameter"": false, ""raw_pointer_return"": false, ""realloc"": false, ""setjmp"": false, ""static_local"": false, ""syscall"": false, ""third_party"": false, ""union"": false, ""va_list"": false, ""variadic"": false, ""void_pointer"": false}",TRIVIAL,no_significant_detected_blocker,[],medium
2,ecal-core,652e92f7cda2ab1f2d0056cb296b66c7a30c8fa8,ecal/core/src/registration/ecal_registration.cpp,151,163,function,GetSubscribedTopicNames,13,"{""bitfield"": false, ""branch_complexity_proxy"": 1, ""c_array"": false, ""call_count"": 5, ""callback"": false, ""calloc"": false, ""conditional_compilation"": false, ""explicit_abi_boundary"": false, ""extern_declaration"": false, ""extern_or_abi_boundary"": false, ""flexible_array"": false, ""free"": false, ""function_pointer"": false, ""generated_source"": false, ""global_read"": false, ""global_write"": false, ""goto"": false, ""lexical_ambiguity"": false, ""longjmp"": false, ""macro_density"": 0.0, ""macro_generated_declaration"": false, ""macro_use"": false, ""malloc"": false, ""memcpy"": false, ""memmove"": false, ""memset"": false, ""mutable_global"": false, ""parameter_count"": 1, ""platform_specific"": false, ""pointer_arithmetic"": false, ""pointer_count"": 0, ""pointer_to_pointer"": false, ""raw_pointer_parameter"": false, ""raw_pointer_return"": false, ""realloc"": false, ""setjmp"": false, ""static_local"": false, ""syscall"": false, ""third_party"": false, ""union"": false, ""va_list"": false, ""variadic"": false, ""void_pointer"": false}",TRIVIAL,no_significant_detected_blocker,[],medium
2,ecal-core,652e92f7cda2ab1f2d0056cb296b66c7a30c8fa8,ecal/core/src/registration/ecal_registration.cpp,165,182,function,GetServerMethodNames,18,"{""bitfield"": false, ""branch_complexity_proxy"": 2, ""c_array"": false, ""call_count"": 7, ""callback"": false, ""calloc"": false, ""conditional_compilation"": false, ""explicit_abi_boundary"": false, ""extern_declaration"": false, ""extern_or_abi_boundary"": false, ""flexible_array"": false, ""free"": false, ""function_pointer"": false, ""generated_source"": false, ""global_read"": false, ""global_write"": false, ""goto"": false, ""lexical_ambiguity"": false, ""longjmp"": false, ""macro_density"": 0.0, ""macro_generated_declaration"": false, ""macro_use"": false, ""malloc"": false, ""memcpy"": false, ""memmove"": false, ""memset"": false, ""mutable_global"": false, ""parameter_count"": 1, ""platform_specific"": false, ""pointer_arithmetic"": false, ""pointer_count"": 0, ""pointer_to_pointer"": false, ""raw_pointer_parameter"": false, ""raw_pointer_return"": false, ""realloc"": false, ""setjmp"": false, ""static_local"": false, ""syscall"": false, ""third_party"": false, ""union"": false, ""va_list"": false, ""variadic"": false, ""void_pointer"": false}",TRIVIAL,no_significant_detected_blocker,[],medium
2,ecal-core,652e92f7cda2ab1f2d0056cb296b66c7a30c8fa8,ecal/core/src/registration/ecal_registration.cpp,184,201,function,GetClientMethodNames,18,"{""bitfield"": false, ""branch_complexity_proxy"": 2, ""c_array"": false, ""call_count"": 7, ""callback"": false, ""calloc"": false, ""conditional_compilation"": false, ""explicit_abi_boundary"": false, ""extern_declaration"": false, ""extern_or_abi_boundary"": false, ""flexible_array"": false, ""free"": false, ""function_pointer"": false, ""generated_source"": false, ""global_read"": false, ""global_write"": false, ""goto"": false, ""lexical_ambiguity"": false, ""longjmp"": false, ""macro_density"": 0.0, ""macro_generated_declaration"": false, ""macro_use"": false, ""malloc"": false, ""memcpy"": false, ""memmove"": false, ""memset"": false, ""mutable_global"": false, ""parameter_count"": 1, ""platform_specific"": false, ""pointer_arithmetic"": false, ""pointer_count"": 0, ""pointer_to_pointer"": false, ""raw_pointer_parameter"": false, ""raw_pointer_return"": false, ""realloc"": false, ""setjmp"": false, ""static_local"": false, ""syscall"": false, ""third_party"": false, ""union"": false, ""va_list"": false, ""variadic"": false, ""void_pointer"": false}",TRIVIAL,no_significant_detected_blocker,[],medium
2,ecal-core,652e92f7cda2ab1f2d0056cb296b66c7a30c8fa8,ecal/core/src/registration/ecal_registration_provider.h,51,59,struct,SRegistrationProviderContext,9,"{""bitfield"": false, ""branch_complexity_proxy"": 0, ""c_array"": false, ""call_count"": 0, ""callback"": false, ""calloc"": false, ""conditional_compilation"": false, ""explicit_abi_boundary"": false, ""extern_declaration"": false, ""extern_or_abi_boundary"": false, ""flexible_array"": false, ""free"": false, ""function_pointer"": false, ""generated_source"": false, ""global_read"": false, ""global_write"": false, ""goto"": false, ""lexical_ambiguity"": false, ""longjmp"": false, ""macro_density"": 0.0, ""macro_generated_declaration"": false, ""macro_use"": false, ""malloc"": false, ""memcpy"": false, ""memmove"": false, ""memset"": false, ""mutable_global"": false, ""parameter_count"": 0, ""platform_specific"": false, ""pointer_arithmetic"": false, ""pointer_count"": 0, ""pointer_to_pointer"": false, ""raw_pointer_parameter"": false, ""raw_pointer_return"": false, ""realloc"": false, ""setjmp"": false, ""static_local"": false, ""syscall"": false, ""third_party"": false, ""union"": false, ""va_list"": false, ""variadic"": false, ""void_pointer"": false}",TRIVIAL,no_significant_detected_blocker,[],medium
2,ecal-core,652e92f7cda2ab1f2d0056cb296b66c7a30c8fa8,ecal/core/src/registration/ecal_registration_receiver.h,53,57,struct,SRegistrationReceiverContext,5,"{""bitfield"": false, ""branch_complexity_proxy"": 0, ""c_array"": false, ""call_count"": 0, ""callback"": false, ""calloc"": false, ""conditional_compilation"": false, ""explicit_abi_boundary"": false, ""extern_declaration"": false, ""extern_or_abi_boundary"": false, ""flexible_array"": false, ""free"": false, ""function_pointer"": false, ""generated_source"": false, ""global_read"": false, ""global_write"": false, ""goto"": false, ""lexical_ambiguity"": false, ""longjmp"": false, ""macro_density"": 0.0, ""macro_generated_declaration"": false, ""macro_use"": false, ""malloc"": false, ""memcpy"": false, ""memmove"": false, ""memset"": false, ""mutable_global"": false, ""parameter_count"": 0, ""platform_specific"": false, ""pointer_arithmetic"": false, ""pointer_count"": 0, ""pointer_to_pointer"": false, ""raw_pointer_parameter"": false, ""raw_pointer_return"": false, ""realloc"": false, ""setjmp"": false, ""static_local"": false, ""syscall"": false, ""third_party"": false, ""union"": false, ""va_list"": false, ""variadic"": false, ""void_pointer"": false}",TRIVIAL,no_significant_detected_blocker,[],medium
2,ecal-core,652e92f7cda2ab1f2d0056cb296b66c7a30c8fa8,ecal/core/src/registration/ecal_registration_timeout_provider.cpp,35,42,function,IsUnregistrationSample,8,"{""bitfield"": false, ""branch_complexity_proxy"": 0, ""c_array"": false, ""call_count"": 1, ""callback"": false, ""calloc"": false, ""conditional_compilation"": false, ""explicit_abi_boundary"": false, ""extern_declaration"": false, ""extern_or_abi_boundary"": false, ""flexible_array"": false, ""free"": false, ""function_pointer"": false, ""generated_source"": false, ""global_read"": false, ""global_write"": false, ""goto"": false, ""lexical_ambiguity"": false, ""longjmp"": false, ""macro_density"": 0.0, ""macro_generated_declaration"": false, ""macro_use"": false, ""malloc"": false, ""memcpy"": false, ""memmove"": false, ""memset"": false, ""mutable_global"": false, ""parameter_count"": 1, ""platform_specific"": false, ""pointer_arithmetic"": false, ""pointer_count"": 0, ""pointer_to_pointer"": false, ""raw_pointer_parameter"": false, ""raw_pointer_return"": false, ""realloc"": false, ""setjmp"": false, ""static_local"": false, ""syscall"": false, ""third_party"": false, ""union"": false, ""va_list"": false, ""variadic"": false, ""void_pointer"": false}",TRIVIAL,no_significant_detected_blocker,[],medium
2,ecal-core,652e92f7cda2ab1f2d0056cb296b66c7a30c8fa8,ecal/core/src/registration/ecal_registration_timeout_provider.cpp,44,90,function,CreateUnregisterSample,47,"{""bitfield"": false, ""branch_complexity_proxy"": 4, ""c_array"": false, ""call_count"": 8, ""callback"": false, ""calloc"": false, ""conditional_compilation"": false, ""explicit_abi_boundary"": false, ""extern_declaration"": false, ""extern_or_abi_boundary"": false, ""flexible_array"": false, ""free"": false, ""function_pointer"": false, ""generated_source"": false, ""global_read"": false, ""global_write"": false, ""goto"": false, ""lexical_ambiguity"": false, ""longjmp"": false, ""macro_density"": 0.0, ""macro_generated_declaration"": false, ""macro_use"": false, ""malloc"": false, ""memcpy"": false, ""memmove"": false, ""memset"": false, ""mutable_global"": false, ""parameter_count"": 1, ""platform_specific"": false, ""pointer_arithmetic"": false, ""pointer_count"": 0, ""pointer_to_pointer"": false, ""raw_pointer_parameter"": false, ""raw_pointer_return"": false, ""realloc"": false, ""setjmp"": false, ""static_local"": false, ""syscall"": false, ""third_party"": false, ""union"": false, ""va_list"": false, ""variadic"": false, ""void_pointer"": false}",TRIVIAL,no_significant_detected_blocker,[],medium
2,ecal-core,652e92f7cda2ab1f2d0056cb296b66c7a30c8fa8,ecal/core/src/registration/ecal_registration_timeout_provider.cpp,92,105,function,GetUnregistrationType,14,"{""bitfield"": false, ""branch_complexity_proxy"": 5, ""c_array"": false, ""call_count"": 6, ""callback"": false, ""calloc"": false, ""conditional_compilation"": false, ""explicit_abi_boundary"": false, ""extern_declaration"": false, ""extern_or_abi_boundary"": false, ""flexible_array"": false, ""free"": false, ""function_pointer"": false, ""generated_source"": false, ""global_read"": false, ""global_write"": false, ""goto"": false, ""lexical_ambiguity"": false, ""longjmp"": false, ""macro_density"": 0.0, ""macro_generated_declaration"": false, ""macro_use"": false, ""malloc"": false, ""memcpy"": false, ""memmove"": false, ""memset"": false, ""mutable_global"": false, ""parameter_count"": 1, ""platform_specific"": false, ""pointer_arithmetic"": false, ""pointer_count"": 0, ""pointer_to_pointer"": false, ""raw_pointer_parameter"": false, ""raw_pointer_return"": false, ""realloc"": false, ""setjmp"": false, ""static_local"": false, ""syscall"": false, ""third_party"": false, ""union"": false, ""va_list"": false, ""variadic"": false, ""void_pointer"": false}",TRIVIAL,no_significant_detected_blocker,[],medium
2,ecal-core,652e92f7cda2ab1f2d0056cb296b66c7a30c8fa8,ecal/core/src/registration/ecal_registration_timeout_provider.cpp,107,111,function,IsProcessRegistration,5,"{""bitfield"": false, ""branch_complexity_proxy"": 0, ""c_array"": false, ""call_count"": 1, ""callback"": false, ""calloc"": false, ""conditional_compilation"": false, ""explicit_abi_boundary"": false, ""extern_declaration"": false, ""extern_or_abi_boundary"": false, ""flexible_array"": false, ""free"": false, ""function_pointer"": false, ""generated_source"": false, ""global_read"": false, ""global_write"": false, ""goto"": false, ""lexical_ambiguity"": false, ""longjmp"": false, ""macro_density"": 0.0, ""macro_generated_declaration"": false, ""macro_use"": false, ""malloc"": false, ""memcpy"": false, ""memmove"": false, ""memset"": false, ""mutable_global"": false, ""parameter_count"": 1, ""platform_specific"": false, ""pointer_arithmetic"": false, ""pointer_count"": 0, ""pointer_to_pointer"": false, ""raw_pointer_parameter"": false, ""raw_pointer_return"": false, ""realloc"": false, ""setjmp"": false, ""static_local"": false, ""syscall"": false, ""third_party"": false, ""union"": false, ""va_list"": false, ""variadic"": false, ""void_pointer"": false}",TRIVIAL,no_significant_detected_blocker,[],medium
2,ecal-core,652e92f7cda2ab1f2d0056cb296b66c7a30c8fa8,ecal/core/src/registration/ecal_registration_timeout_provider.cpp,113,119,function,IsTopicRegistration,7,"{""bitfield"": false, ""branch_complexity_proxy"": 0, ""c_array"": false, ""call_count"": 1, ""callback"": false, ""calloc"": false, ""conditional_compilation"": false, ""explicit_abi_boundary"": false, ""extern_declaration"": false, ""extern_or_abi_boundary"": false, ""flexible_array"": false, ""free"": false, ""function_pointer"": false, ""generated_source"": false, ""global_read"": false, ""global_write"": false, ""goto"": false, ""lexical_ambiguity"": false, ""longjmp"": false, ""macro_density"": 0.0, ""macro_generated_declaration"": false, ""macro_use"": false, ""malloc"": false, ""memcpy"": false, ""memmove"": false, ""memset"": false, ""mutable_global"": false, ""parameter_count"": 1, ""platform_specific"": false, ""pointer_arithmetic"": false, ""pointer_count"": 0, ""pointer_to_pointer"": false, ""raw_pointer_parameter"": false, ""raw_pointer_return"": false, ""realloc"": false, ""setjmp"": false, ""static_local"": false, ""syscall"": false, ""third_party"": false, ""union"": false, ""va_list"": false, ""variadic"": false, ""void_pointer"": false}",TRIVIAL,no_significant_detected_blocker,[],medium
2,ecal-core,652e92f7cda2ab1f2d0056cb296b66c7a30c8fa8,ecal/core/src/registration/ecal_registration_timeout_provider.h,65,76,function,ApplySample,12,"{""bitfield"": false, ""branch_complexity_proxy"": 1, ""c_array"": false, ""call_count"": 5, ""callback"": false, ""calloc"": false, ""conditional_compilation"": false, ""explicit_abi_boundary"": false, ""extern_declaration"": false, ""extern_or_abi_boundary"": false, ""flexible_array"": false, ""free"": false, ""function_pointer"": false, ""generated_source"": false, ""global_read"": false, ""global_write"": false, ""goto"": false, ""lexical_ambiguity"": false, ""longjmp"": false, ""macro_density"": 0.0, ""macro_generated_declaration"": false, ""macro_use"": false, ""malloc"": false, ""memcpy"": false, ""memmove"": false, ""memset"": false, ""mutable_global"": false, ""parameter_count"": 1, ""platform_specific"": false, ""pointer_arithmetic"": false, ""pointer_count"": 0, ""pointer_to_pointer"": false, ""raw_pointer_parameter"": false, ""raw_pointer_return"": false, ""realloc"": false, ""setjmp"": false, ""static_local"": false, ""syscall"": false, ""third_party"": false, ""union"": false, ""va_list"": false, ""variadic"": false, ""void_pointer"": false}",TRIVIAL,no_significant_detected_blocker,[],medium
2,ecal-core,652e92f7cda2ab1f2d0056cb296b66c7a30c8fa8,ecal/core/src/registration/ecal_registration_timeout_provider.h,80,93,function,CheckForTimeouts,14,"{""bitfield"": false, ""branch_complexity_proxy"": 1, ""c_array"": false, ""call_count"": 5, ""callback"": false, ""calloc"": false, ""conditional_compilation"": false, ""explicit_abi_boundary"": false, ""extern_declaration"": false, ""extern_or_abi_boundary"": false, ""flexible_array"": false, ""free"": false, ""function_pointer"": false, ""generated_source"": false, ""global_read"": false, ""global_write"": false, ""goto"": false, ""lexical_ambiguity"": false, ""longjmp"": false, ""macro_density"": 0.0, ""macro_generated_declaration"": false, ""macro_use"": false, ""malloc"": false, ""memcpy"": false, ""memmove"": false, ""memset"": false, ""mutable_global"": false, ""parameter_count"": 0, ""platform_specific"": false, ""pointer_arithmetic"": false, ""pointer_count"": 0, ""pointer_to_pointer"": false, ""raw_pointer_parameter"": false, ""raw_pointer_return"": false, ""realloc"": false, ""setjmp"": false, ""static_local"": false, ""syscall"": false, ""third_party"": false, ""union"": false, ""va_list"": false, ""variadic"": false, ""void_pointer"": false}",TRIVIAL,no_significant_detected_blocker,[],medium
2,ecal-core,652e92f7cda2ab1f2d0056cb296b66c7a30c8fa8,ecal/core/src/registration/ecal_registration_timeout_provider.h,96,100,function,DeleteUnregisterSample,5,"{""bitfield"": false, ""branch_complexity_proxy"": 0, ""c_array"": false, ""call_count"": 3, ""callback"": false, ""calloc"": false, ""conditional_compilation"": false, ""explicit_abi_boundary"": false, ""extern_declaration"": false, ""extern_or_abi_boundary"": false, ""flexible_array"": false, ""free"": false, ""function_pointer"": false, ""generated_source"": false, ""global_read"": false, ""global_write"": false, ""goto"": false, ""lexical_ambiguity"": false, ""longjmp"": false, ""macro_density"": 0.0, ""macro_generated_declaration"": false, ""macro_use"": false, ""malloc"": false, ""memcpy"": false, ""memmove"": false, ""memset"": false, ""mutable_global"": false, ""parameter_count"": 1, ""platform_specific"": false, ""pointer_arithmetic"": false, ""pointer_count"": 0, ""pointer_to_pointer"": false, ""raw_pointer_parameter"": false, ""raw_pointer_return"": false, ""realloc"": false, ""setjmp"": false, ""static_local"": false, ""syscall"": false, ""third_party"": false, ""union"": false, ""va_list"": false, ""variadic"": false, ""void_pointer"": false}",TRIVIAL,no_significant_detected_blocker,[],medium
2,ecal-core,652e92f7cda2ab1f2d0056cb296b66c7a30c8fa8,ecal/core/src/registration/ecal_registration_timeout_provider.h,102,116,function,UpdateOrInsertSample,15,"{""bitfield"": false, ""branch_complexity_proxy"": 1, ""c_array"": false, ""call_count"": 8, ""callback"": false, ""calloc"": false, ""conditional_compilation"": false, ""explicit_abi_boundary"": false, ""extern_declaration"": false, ""extern_or_abi_boundary"": false, ""flexible_array"": false, ""free"": false, ""function_pointer"": false, ""generated_source"": false, ""global_read"": false, ""global_write"": false, ""goto"": false, ""lexical_ambiguity"": false, ""longjmp"": false, ""macro_density"": 0.0, ""macro_generated_declaration"": false, ""macro_use"": false, ""malloc"": false, ""memcpy"": false, ""memmove"": false, ""memset"": false, ""mutable_global"": false, ""parameter_count"": 1, ""platform_specific"": false, ""pointer_arithmetic"": false, ""pointer_count"": 0, ""pointer_to_pointer"": false, ""raw_pointer_parameter"": false, ""raw_pointer_return"": false, ""realloc"": false, ""setjmp"": false, ""static_local"": false, ""syscall"": false, ""third_party"": false, ""union"": false, ""va_list"": false, ""variadic"": false, ""void_pointer"": false}",TRIVIAL,no_significant_detected_blocker,[],medium
2,ecal-core,652e92f7cda2ab1f2d0056cb296b66c7a30c8fa8,ecal/core/src/registration/shm/config/attributes/registration_shm_attributes.h,30,34,struct,SAttributes,5,"{""bitfield"": false, ""branch_complexity_proxy"": 0, ""c_array"": false, ""call_count"": 0, ""callback"": false, ""calloc"": false, ""conditional_compilation"": false, ""explicit_abi_boundary"": false, ""extern_declaration"": false, ""extern_or_abi_boundary"": false, ""flexible_array"": false, ""free"": false, ""function_pointer"": false, ""generated_source"": false, ""global_read"": false, ""global_write"": false, ""goto"": false, ""lexical_ambiguity"": false, ""longjmp"": false, ""macro_density"": 0.0, ""macro_generated_declaration"": false, ""macro_use"": false, ""malloc"": false, ""memcpy"": false, ""memmove"": false, ""memset"": false, ""mutable_global"": false, ""parameter_count"": 0, ""platform_specific"": false, ""pointer_arithmetic"": false, ""pointer_count"": 0, ""pointer_to_pointer"": false, ""raw_pointer_parameter"": false, ""raw_pointer_return"": false, ""realloc"": false, ""setjmp"": false, ""static_local"": false, ""syscall"": false, ""third_party"": false, ""union"": false, ""va_list"": false, ""variadic"": false, ""void_pointer"": false}",TRIVIAL,no_significant_detected_blocker,[],medium
2,ecal-core,652e92f7cda2ab1f2d0056cb296b66c7a30c8fa8,ecal/core/src/registration/shm/ecal_memfile_broadcast.cpp,39,45,struct,SMemfileBroadcastHeader,7,"{""bitfield"": false, ""branch_complexity_proxy"": 0, ""c_array"": false, ""call_count"": 2, ""callback"": false, ""calloc"": false, ""conditional_compilation"": false, ""explicit_abi_boundary"": false, ""extern_declaration"": false, ""extern_or_abi_boundary"": false, ""flexible_array"": false, ""free"": false, ""function_pointer"": false, ""generated_source"": false, ""global_read"": false, ""global_write"": false, ""goto"": false, ""lexical_ambiguity"": false, ""longjmp"": false, ""macro_density"": 0.0, ""macro_generated_declaration"": false, ""macro_use"": false, ""malloc"": false, ""memcpy"": false, ""memmove"": false, ""memset"": false, ""mutable_global"": false, ""parameter_count"": 0, ""platform_specific"": false, ""pointer_arithmetic"": false, ""pointer_count"": 0, ""pointer_to_pointer"": false, ""raw_pointer_parameter"": false, ""raw_pointer_return"": false, ""realloc"": false, ""setjmp"": false, ""static_local"": false, ""syscall"": false, ""third_party"": false, ""union"": false, ""va_list"": false, ""variadic"": false, ""void_pointer"": false}",TRIVIAL,no_significant_detected_blocker,[],medium
2,ecal-core,652e92f7cda2ab1f2d0056cb296b66c7a30c8fa8,ecal/core/src/registration/shm/ecal_memfile_broadcast.cpp,48,51,function,GetMemfileHeader,4,"{""bitfield"": false, ""branch_complexity_proxy"": 0, ""c_array"": false, ""call_count"": 1, ""callback"": false, ""calloc"": false, ""conditional_compilation"": false, ""explicit_abi_boundary"": false, ""extern_declaration"": false, ""extern_or_abi_boundary"": false, ""flexible_array"": false, ""free"": false, ""function_pointer"": false, ""generated_source"": false, ""global_read"": false, ""global_write"": false, ""goto"": false, ""lexical_ambiguity"": false, ""longjmp"": false, ""macro_density"": 0.0, ""macro_generated_declaration"": false, ""macro_use"": false, ""malloc"": false, ""memcpy"": false, ""memmove"": false, ""memset"": false, ""mutable_global"": false, ""parameter_count"": 1, ""platform_specific"": false, ""pointer_arithmetic"": false, ""pointer_count"": 3, ""pointer_to_pointer"": false, ""raw_pointer_parameter"": true, ""raw_pointer_return"": true, ""realloc"": false, ""setjmp"": false, ""static_local"": false, ""syscall"": false, ""third_party"": false, ""union"": false, ""va_list"": false, ""variadic"": false, ""void_pointer"": true}",TRIVIAL,no_significant_detected_blocker,"[""raw_pointer_parameter"", ""raw_pointer_return"", ""void_pointer""]",medium
2,ecal-core,652e92f7cda2ab1f2d0056cb296b66c7a30c8fa8,ecal/core/src/registration/shm/ecal_memfile_broadcast.cpp,53,56,function,GetMemfileHeader,4,"{""bitfield"": false, ""branch_complexity_proxy"": 0, ""c_array"": false, ""call_count"": 1, ""callback"": false, ""calloc"": false, ""conditional_compilation"": false, ""explicit_abi_boundary"": false, ""extern_declaration"": false, ""extern_or_abi_boundary"": false, ""flexible_array"": false, ""free"": false, ""function_pointer"": false, ""generated_source"": false, ""global_read"": false, ""global_write"": false, ""goto"": false, ""lexical_ambiguity"": false, ""longjmp"": false, ""macro_density"": 0.0, ""macro_generated_declaration"": false, ""macro_use"": false, ""malloc"": false, ""memcpy"": false, ""memmove"": false, ""memset"": false, ""mutable_global"": false, ""parameter_count"": 1, ""platform_specific"": false, ""pointer_arithmetic"": false, ""pointer_count"": 3, ""pointer_to_pointer"": false, ""raw_pointer_parameter"": true, ""raw_pointer_return"": true, ""realloc"": false, ""setjmp"": false, ""static_local"": false, ""syscall"": false, ""third_party"": false, ""union"": false, ""va_list"": false, ""variadic"": false, ""void_pointer"": true}",TRIVIAL,no_significant_detected_blocker,"[""raw_pointer_parameter"", ""raw_pointer_return"", ""void_pointer""]",medium
2,ecal-core,652e92f7cda2ab1f2d0056cb296b66c7a30c8fa8,ecal/core/src/registration/shm/ecal_memfile_broadcast.cpp,58,61,function,GetEventQueueAddress,4,"{""bitfield"": false, ""branch_complexity_proxy"": 0, ""c_array"": false, ""call_count"": 2, ""callback"": false, ""calloc"": false, ""conditional_compilation"": false, ""explicit_abi_boundary"": false, ""extern_declaration"": false, ""extern_or_abi_boundary"": false, ""flexible_array"": false, ""free"": false, ""function_pointer"": false, ""generated_source"": false, ""global_read"": false, ""global_write"": false, ""goto"": false, ""lexical_ambiguity"": false, ""longjmp"": false, ""macro_density"": 0.0, ""macro_generated_declaration"": false, ""macro_use"": false, ""malloc"": false, ""memcpy"": false, ""memmove"": false, ""memset"": false, ""mutable_global"": false, ""parameter_count"": 1, ""platform_specific"": false, ""pointer_arithmetic"": false, ""pointer_count"": 4, ""pointer_to_pointer"": false, ""raw_pointer_parameter"": true, ""raw_pointer_return"": true, ""realloc"": false, ""setjmp"": false, ""static_local"": false, ""syscall"": false, ""third_party"": false, ""union"": false, ""va_list"": false, ""variadic"": false, ""void_pointer"": true}",TRIVIAL,no_significant_detected_blocker,"[""raw_pointer_parameter"", ""raw_pointer_return"", ""void_pointer""]",medium
2,ecal-core,652e92f7cda2ab1f2d0056cb296b66c7a30c8fa8,ecal/core/src/registration/shm/ecal_memfile_broadcast.h,58,65,enum,class,8,"{""bitfield"": false, ""branch_complexity_proxy"": 0, ""c_array"": false, ""call_count"": 0, ""callback"": false, ""calloc"": false, ""conditional_compilation"": false, ""explicit_abi_boundary"": false, ""extern_declaration"": false, ""extern_or_abi_boundary"": false, ""flexible_array"": false, ""free"": false, ""function_pointer"": false, ""generated_source"": false, ""global_read"": false, ""global_write"": false, ""goto"": false, ""lexical_ambiguity"": false, ""longjmp"": false, ""macro_density"": 0.0, ""macro_generated_declaration"": false, ""macro_use"": false, ""malloc"": false, ""memcpy"": false, ""memmove"": false, ""memset"": false, ""mutable_global"": false, ""parameter_count"": 0, ""platform_specific"": false, ""pointer_arithmetic"": false, ""pointer_count"": 0, ""pointer_to_pointer"": false, ""raw_pointer_parameter"": false, ""raw_pointer_return"": false, ""realloc"": false, ""setjmp"": false, ""static_local"": false, ""syscall"": false, ""third_party"": false, ""union"": false, ""va_list"": false, ""variadic"": false, ""void_pointer"": false}",TRIVIAL,no_significant_detected_blocker,[],medium
2,ecal-core,652e92f7cda2ab1f2d0056cb296b66c7a30c8fa8,ecal/core/src/registration/shm/ecal_memfile_broadcast.h,68,74,struct,SMemfileBroadcastEvent,7,"{""bitfield"": false, ""branch_complexity_proxy"": 0, ""c_array"": false, ""call_count"": 0, ""callback"": false, ""calloc"": false, ""conditional_compilation"": false, ""explicit_abi_boundary"": false, ""extern_declaration"": false, ""extern_or_abi_boundary"": false, ""flexible_array"": false, ""free"": false, ""function_pointer"": false, ""generated_source"": false, ""global_read"": false, ""global_write"": false, ""goto"": false, ""lexical_ambiguity"": false, ""longjmp"": false, ""macro_density"": 0.0, ""macro_generated_declaration"": false, ""macro_use"": false, ""malloc"": false, ""memcpy"": false, ""memmove"": false, ""memset"": false, ""mutable_global"": false, ""parameter_count"": 0, ""platform_specific"": false, ""pointer_arithmetic"": false, ""pointer_count"": 0, ""pointer_to_pointer"": false, ""raw_pointer_parameter"": false, ""raw_pointer_return"": false, ""realloc"": false, ""setjmp"": false, ""static_local"": false, ""syscall"": false, ""third_party"": false, ""union"": false, ""va_list"": false, ""variadic"": false, ""void_pointer"": false}",TRIVIAL,no_significant_detected_blocker,[],medium
2,ecal-core,652e92f7cda2ab1f2d0056cb296b66c7a30c8fa8,ecal/core/src/registration/shm/ecal_memfile_broadcast_reader.h,37,42,struct,SMemfileBroadcastMessage,6,"{""bitfield"": false, ""branch_complexity_proxy"": 0, ""c_array"": false, ""call_count"": 0, ""callback"": false, ""calloc"": false, ""conditional_compilation"": false, ""explicit_abi_boundary"": false, ""extern_declaration"": false, ""extern_or_abi_boundary"": false, ""flexible_array"": false, ""free"": false, ""function_pointer"": false, ""generated_source"": false, ""global_read"": false, ""global_write"": false, ""goto"": false, ""lexical_ambiguity"": false, ""longjmp"": false, ""macro_density"": 0.0, ""macro_generated_declaration"": false, ""macro_use"": false, ""malloc"": false, ""memcpy"": false, ""memmove"": false, ""memset"": false, ""mutable_global"": false, ""parameter_count"": 0, ""platform_specific"": false, ""pointer_arithmetic"": false, ""pointer_count"": 1, ""pointer_to_pointer"": false, ""raw_pointer_parameter"": false, ""raw_pointer_return"": false, ""realloc"": false, ""setjmp"": false, ""static_local"": false, ""syscall"": false, ""third_party"": false, ""union"": false, ""va_list"": false, ""variadic"": false, ""void_pointer"": true}",TRIVIAL,no_significant_detected_blocker,"[""void_pointer""]",medium
2,ecal-core,652e92f7cda2ab1f2d0056cb296b66c7a30c8fa8,ecal/core/src/registration/shm/ecal_memfile_broadcast_reader.h,48,53,struct,SPayloadMemfile,6,"{""bitfield"": false, ""branch_complexity_proxy"": 0, ""c_array"": false, ""call_count"": 0, ""callback"": false, ""calloc"": false, ""conditional_compilation"": false, ""explicit_abi_boundary"": false, ""extern_declaration"": false, ""extern_or_abi_boundary"": false, ""flexible_array"": false, ""free"": false, ""function_pointer"": false, ""generated_source"": false, ""global_read"": false, ""global_write"": false, ""goto"": false, ""lexical_ambiguity"": false, ""longjmp"": false, ""macro_density"": 0.0, ""macro_generated_declaration"": false, ""macro_use"": false, ""malloc"": false, ""memcpy"": false, ""memmove"": false, ""memset"": false, ""mutable_global"": false, ""parameter_count"": 0, ""platform_specific"": false, ""pointer_arithmetic"": false, ""pointer_count"": 0, ""pointer_to_pointer"": false, ""raw_pointer_parameter"": false, ""raw_pointer_return"": false, ""realloc"": false, ""setjmp"": false, ""static_local"": false, ""syscall"": false, ""third_party"": false, ""union"": false, ""va_list"": false, ""variadic"": false, ""void_pointer"": false}",TRIVIAL,no_significant_detected_blocker,[],medium
2,ecal-core,652e92f7cda2ab1f2d0056cb296b66c7a30c8fa8,ecal/core/src/registration/shm/relocatable_circular_queue.h,46,48,function,iterator,3,"{""bitfield"": false, ""branch_complexity_proxy"": 0, ""c_array"": false, ""call_count"": 3, ""callback"": false, ""calloc"": false, ""conditional_compilation"": false, ""explicit_abi_boundary"": false, ""extern_declaration"": false, ""extern_or_abi_boundary"": false, ""flexible_array"": false, ""free"": false, ""function_pointer"": false, ""generated_source"": false, ""global_read"": false, ""global_write"": false, ""goto"": false, ""lexical_ambiguity"": false, ""longjmp"": false, ""macro_density"": 0.0, ""macro_generated_declaration"": false, ""macro_use"": false, ""malloc"": false, ""memcpy"": false, ""memmove"": false, ""memset"": false, ""mutable_global"": false, ""parameter_count"": 3, ""platform_specific"": false, ""pointer_arithmetic"": false, ""pointer_count"": 0, ""pointer_to_pointer"": false, ""raw_pointer_parameter"": false, ""raw_pointer_return"": false, ""realloc"": false, ""setjmp"": false, ""static_local"": false, ""syscall"": false, ""third_party"": false, ""union"": false, ""va_list"": false, ""variadic"": false, ""void_pointer"": false}",TRIVIAL,no_significant_detected_blocker,[],medium
2,ecal-core,652e92f7cda2ab1f2d0056cb296b66c7a30c8fa8,ecal/core/src/registration/shm/relocatable_circular_queue.h,93,99,function,begin,7,"{""bitfield"": false, ""branch_complexity_proxy"": 1, ""c_array"": false, ""call_count"": 4, ""callback"": false, ""calloc"": false, ""conditional_compilation"": false, ""explicit_abi_boundary"": false, ""extern_declaration"": false, ""extern_or_abi_boundary"": false, ""flexible_array"": false, ""free"": false, ""function_pointer"": false, ""generated_source"": false, ""global_read"": false, ""global_write"": false, ""goto"": false, ""lexical_ambiguity"": false, ""longjmp"": false, ""macro_density"": 0.0, ""macro_generated_declaration"": false, ""macro_use"": false, ""malloc"": false, ""memcpy"": false, ""memmove"": false, ""memset"": false, ""mutable_global"": false, ""parameter_count"": 0, ""platform_specific"": false, ""pointer_arithmetic"": false, ""pointer_count"": 2, ""pointer_to_pointer"": false, ""raw_pointer_parameter"": false, ""raw_pointer_return"": false, ""realloc"": false, ""setjmp"": false, ""static_local"": false, ""syscall"": false, ""third_party"": false, ""union"": false, ""va_list"": false, ""variadic"": false, ""void_pointer"": false}",TRIVIAL,no_significant_detected_blocker,[],medium
2,ecal-core,652e92f7cda2ab1f2d0056cb296b66c7a30c8fa8,ecal/core/src/registration/shm/relocatable_circular_queue.h,101,104,function,end,4,"{""bitfield"": false, ""branch_complexity_proxy"": 0, ""c_array"": false, ""call_count"": 2, ""callback"": false, ""calloc"": false, ""conditional_compilation"": false, ""explicit_abi_boundary"": false, ""extern_declaration"": false, ""extern_or_abi_boundary"": false, ""flexible_array"": false, ""free"": false, ""function_pointer"": false, ""generated_source"": false, ""global_read"": false, ""global_write"": false, ""goto"": false, ""lexical_ambiguity"": false, ""longjmp"": false, ""macro_density"": 0.0, ""macro_generated_declaration"": false, ""macro_use"": false, ""malloc"": false, ""memcpy"": false, ""memmove"": false, ""memset"": false, ""mutable_global"": false, ""parameter_count"": 0, ""platform_specific"": false, ""pointer_arithmetic"": false, ""pointer_count"": 1, ""pointer_to_pointer"": false, ""raw_pointer_parameter"": false, ""raw_pointer_return"": false, ""realloc"": false, ""setjmp"": false, ""static_local"": false, ""syscall"": false, ""third_party"": false, ""union"": false, ""va_list"": false, ""variadic"": false, ""void_pointer"": false}",TRIVIAL,no_significant_detected_blocker,[],medium
2,ecal-core,652e92f7cda2ab1f2d0056cb296b66c7a30c8fa8,ecal/core/src/registration/shm/relocatable_circular_queue.h,122,135,function,Push,14,"{""bitfield"": false, ""branch_complexity_proxy"": 2, ""c_array"": false, ""call_count"": 5, ""callback"": false, ""calloc"": false, ""conditional_compilation"": false, ""explicit_abi_boundary"": false, ""extern_declaration"": false, ""extern_or_abi_boundary"": false, ""flexible_array"": false, ""free"": false, ""function_pointer"": false, ""generated_source"": false, ""global_read"": false, ""global_write"": false, ""goto"": false, ""lexical_ambiguity"": false, ""longjmp"": false, ""macro_density"": 0.0, ""macro_generated_declaration"": false, ""macro_use"": false, ""malloc"": false, ""memcpy"": false, ""memmove"": false, ""memset"": false, ""mutable_global"": false, ""parameter_count"": 1, ""platform_specific"": false, ""pointer_arithmetic"": false, ""pointer_count"": 1, ""pointer_to_pointer"": false, ""raw_pointer_parameter"": false, ""raw_pointer_return"": false, ""realloc"": false, ""setjmp"": false, ""static_local"": false, ""syscall"": false, ""third_party"": false, ""union"": false, ""va_list"": false, ""variadic"": false, ""void_pointer"": false}",TRIVIAL,no_significant_detected_blocker,[],medium
2,ecal-core,652e92f7cda2ab1f2d0056cb296b66c7a30c8fa8,ecal/core/src/registration/shm/relocatable_circular_queue.h,137,147,function,Pop,11,"{""bitfield"": false, ""branch_complexity_proxy"": 2, ""c_array"": false, ""call_count"": 5, ""callback"": false, ""calloc"": false, ""conditional_compilation"": false, ""explicit_abi_boundary"": false, ""extern_declaration"": false, ""extern_or_abi_boundary"": false, ""flexible_array"": false, ""free"": false, ""function_pointer"": false, ""generated_source"": false, ""global_read"": false, ""global_write"": false, ""goto"": false, ""lexical_ambiguity"": false, ""longjmp"": false, ""macro_density"": 0.0, ""macro_generated_declaration"": false, ""macro_use"": false, ""malloc"": false, ""memcpy"": false, ""memmove"": false, ""memset"": false, ""mutable_global"": false, ""parameter_count"": 0, ""platform_specific"": false, ""pointer_arithmetic"": false, ""pointer_count"": 0, ""pointer_to_pointer"": false, ""raw_pointer_parameter"": false, ""raw_pointer_return"": false, ""realloc"": false, ""setjmp"": false, ""static_local"": false, ""syscall"": false, ""third_party"": false, ""union"": false, ""va_list"": false, ""variadic"": false, ""void_pointer"": false}",TRIVIAL,no_significant_detected_blocker,[],medium
2,ecal-core,652e92f7cda2ab1f2d0056cb296b66c7a30c8fa8,ecal/core/src/registration/shm/relocatable_circular_queue.h,177,181,function,SetBaseAddress,5,"{""bitfield"": false, ""branch_complexity_proxy"": 0, ""c_array"": false, ""call_count"": 1, ""callback"": false, ""calloc"": false, ""conditional_compilation"": false, ""explicit_abi_boundary"": false, ""extern_declaration"": false, ""extern_or_abi_boundary"": false, ""flexible_array"": false, ""free"": false, ""function_pointer"": false, ""generated_source"": false, ""global_read"": false, ""global_write"": false, ""goto"": false, ""lexical_ambiguity"": false, ""longjmp"": false, ""macro_density"": 0.0, ""macro_generated_declaration"": false, ""macro_use"": false, ""malloc"": false, ""memcpy"": false, ""memmove"": false, ""memset"": false, ""mutable_global"": false, ""parameter_count"": 1, ""platform_specific"": false, ""pointer_arithmetic"": false, ""pointer_count"": 2, ""pointer_to_pointer"": false, ""raw_pointer_parameter"": true, ""raw_pointer_return"": false, ""realloc"": false, ""setjmp"": false, ""static_local"": false, ""syscall"": false, ""third_party"": false, ""union"": false, ""va_list"": false, ""variadic"": false, ""void_pointer"": true}",TRIVIAL,no_significant_detected_blocker,"[""raw_pointer_parameter"", ""void_pointer""]",medium
2,ecal-core,652e92f7cda2ab1f2d0056cb296b66c7a30c8fa8,ecal/core/src/registration/shm/relocatable_circular_queue.h,183,191,function,Reset,9,"{""bitfield"": false, ""branch_complexity_proxy"": 0, ""c_array"": false, ""call_count"": 2, ""callback"": false, ""calloc"": false, ""conditional_compilation"": false, ""explicit_abi_boundary"": false, ""extern_declaration"": false, ""extern_or_abi_boundary"": false, ""flexible_array"": false, ""free"": false, ""function_pointer"": false, ""generated_source"": false, ""global_read"": false, ""global_write"": false, ""goto"": false, ""lexical_ambiguity"": false, ""longjmp"": false, ""macro_density"": 0.0, ""macro_generated_declaration"": false, ""macro_use"": false, ""malloc"": false, ""memcpy"": false, ""memmove"": false, ""memset"": false, ""mutable_global"": false, ""parameter_count"": 1, ""platform_specific"": false, ""pointer_arithmetic"": false, ""pointer_count"": 0, ""pointer_to_pointer"": false, ""raw_pointer_parameter"": false, ""raw_pointer_return"": false, ""realloc"": false, ""setjmp"": false, ""static_local"": false, ""syscall"": false, ""third_party"": false, ""union"": false, ""va_list"": false, ""variadic"": false, ""void_pointer"": false}",TRIVIAL,no_significant_detected_blocker,[],medium
2,ecal-core,652e92f7cda2ab1f2d0056cb296b66c7a30c8fa8,ecal/core/src/registration/shm/relocatable_circular_queue.h,219,225,struct,Header,7,"{""bitfield"": false, ""branch_complexity_proxy"": 0, ""c_array"": false, ""call_count"": 0, ""callback"": false, ""calloc"": false, ""conditional_compilation"": false, ""explicit_abi_boundary"": false, ""extern_declaration"": false, ""extern_or_abi_boundary"": false, ""flexible_array"": false, ""free"": false, ""function_pointer"": false, ""generated_source"": false, ""global_read"": false, ""global_write"": false, ""goto"": false, ""lexical_ambiguity"": false, ""longjmp"": false, ""macro_density"": 0.0, ""macro_generated_declaration"": false, ""macro_use"": false, ""malloc"": false, ""memcpy"": false, ""memmove"": false, ""memset"": false, ""mutable_global"": false, ""parameter_count"": 0, ""platform_specific"": false, ""pointer_arithmetic"": false, ""pointer_count"": 0, ""pointer_to_pointer"": false, ""raw_pointer_parameter"": false, ""raw_pointer_return"": false, ""realloc"": false, ""setjmp"": false, ""static_local"": false, ""syscall"": false, ""third_party"": false, ""union"": false, ""va_list"": false, ""variadic"": false, ""void_pointer"": false}",TRIVIAL,no_significant_detected_blocker,[],medium
2,ecal-core,652e92f7cda2ab1f2d0056cb296b66c7a30c8fa8,ecal/core/src/registration/udp/config/attributes/registration_receiver_udp_attributes.h,30,37,struct,SReceiverAttributes,8,"{""bitfield"": false, ""branch_complexity_proxy"": 0, ""c_array"": false, ""call_count"": 0, ""callback"": false, ""calloc"": false, ""conditional_compilation"": false, ""explicit_abi_boundary"": false, ""extern_declaration"": false, ""extern_or_abi_boundary"": false, ""flexible_array"": false, ""free"": false, ""function_pointer"": false, ""generated_source"": false, ""global_read"": false, ""global_write"": false, ""goto"": false, ""lexical_ambiguity"": false, ""longjmp"": false, ""macro_density"": 0.0, ""macro_generated_declaration"": false, ""macro_use"": false, ""malloc"": false, ""memcpy"": false, ""memmove"": false, ""memset"": false, ""mutable_global"": false, ""parameter_count"": 0, ""platform_specific"": false, ""pointer_arithmetic"": false, ""pointer_count"": 1, ""pointer_to_pointer"": false, ""raw_pointer_parameter"": false, ""raw_pointer_return"": false, ""realloc"": false, ""setjmp"": false, ""static_local"": false, ""syscall"": false, ""third_party"": false, ""union"": false, ""va_list"": false, ""variadic"": false, ""void_pointer"": false}",TRIVIAL,no_significant_detected_blocker,[],medium
2,ecal-core,652e92f7cda2ab1f2d0056cb296b66c7a30c8fa8,ecal/core/src/registration/udp/config/attributes/registration_sender_udp_attributes.h,30,39,struct,SSenderAttributes,10,"{""bitfield"": false, ""branch_complexity_proxy"": 0, ""c_array"": false, ""call_count"": 0, ""callback"": false, ""calloc"": false, ""conditional_compilation"": false, ""explicit_abi_boundary"": false, ""extern_declaration"": false, ""extern_or_abi_boundary"": false, ""flexible_array"": false, ""free"": false, ""function_pointer"": false, ""generated_source"": false, ""global_read"": false, ""global_write"": false, ""goto"": false, ""lexical_ambiguity"": false, ""longjmp"": false, ""macro_density"": 0.0, ""macro_generated_declaration"": false, ""macro_use"": false, ""malloc"": false, ""memcpy"": false, ""memmove"": false, ""memset"": false, ""mutable_global"": false, ""parameter_count"": 0, ""platform_specific"": false, ""pointer_arithmetic"": false, ""pointer_count"": 0, ""pointer_to_pointer"": false, ""raw_pointer_parameter"": false, ""raw_pointer_return"": false, ""realloc"": false, ""setjmp"": false, ""static_local"": false, ""syscall"": false, ""third_party"": false, ""union"": false, ""va_list"": false, ""variadic"": false, ""void_pointer"": false}",TRIVIAL,no_significant_detected_blocker,[],medium
2,ecal-core,652e92f7cda2ab1f2d0056cb296b66c7a30c8fa8,ecal/core/src/registration/udp/ecal_registration_receiver_udp.cpp,29,29,global,eCAL,1,"{""bitfield"": false, ""branch_complexity_proxy"": 0, ""c_array"": false, ""call_count"": 0, ""callback"": false, ""calloc"": false, ""conditional_compilation"": false, ""explicit_abi_boundary"": false, ""extern_declaration"": false, ""extern_or_abi_boundary"": false, ""flexible_array"": false, ""free"": false, ""function_pointer"": false, ""generated_source"": false, ""global_read"": false, ""global_write"": false, ""goto"": false, ""lexical_ambiguity"": false, ""longjmp"": false, ""macro_density"": 0.0, ""macro_generated_declaration"": false, ""macro_use"": false, ""malloc"": false, ""memcpy"": false, ""memmove"": false, ""memset"": false, ""mutable_global"": true, ""parameter_count"": 0, ""platform_specific"": false, ""pointer_arithmetic"": false, ""pointer_count"": 0, ""pointer_to_pointer"": false, ""raw_pointer_parameter"": false, ""raw_pointer_return"": false, ""realloc"": false, ""setjmp"": false, ""static_local"": false, ""syscall"": false, ""third_party"": false, ""union"": false, ""va_list"": false, ""variadic"": false, ""void_pointer"": false}",REFACTOR_THEN_DSL,mutable_global,[],medium
2,ecal-core,652e92f7cda2ab1f2d0056cb296b66c7a30c8fa8,ecal/core/src/serialization/ecal_serialize_common.h,46,51,function,SerializeDataTypeInformation,6,"{""bitfield"": false, ""branch_complexity_proxy"": 0, ""c_array"": false, ""call_count"": 4, ""callback"": false, ""calloc"": false, ""conditional_compilation"": false, ""explicit_abi_boundary"": false, ""extern_declaration"": false, ""extern_or_abi_boundary"": false, ""flexible_array"": false, ""free"": false, ""function_pointer"": false, ""generated_source"": false, ""global_read"": false, ""global_write"": false, ""goto"": false, ""lexical_ambiguity"": false, ""longjmp"": false, ""macro_density"": 0.0, ""macro_generated_declaration"": false, ""macro_use"": false, ""malloc"": false, ""memcpy"": false, ""memmove"": false, ""memset"": false, ""mutable_global"": false, ""parameter_count"": 2, ""platform_specific"": false, ""pointer_arithmetic"": false, ""pointer_count"": 0, ""pointer_to_pointer"": false, ""raw_pointer_parameter"": false, ""raw_pointer_return"": false, ""realloc"": false, ""setjmp"": false, ""static_local"": false, ""syscall"": false, ""third_party"": false, ""union"": false, ""va_list"": false, ""variadic"": false, ""void_pointer"": false}",TRIVIAL,no_significant_detected_blocker,[],medium
2,ecal-core,652e92f7cda2ab1f2d0056cb296b66c7a30c8fa8,ecal/core/src/serialization/ecal_serialize_common.h,53,73,function,DeserializeDataTypeInformation,21,"{""bitfield"": false, ""branch_complexity_proxy"": 4, ""c_array"": false, ""call_count"": 9, ""callback"": false, ""calloc"": false, ""conditional_compilation"": false, ""explicit_abi_boundary"": false, ""extern_declaration"": false, ""extern_or_abi_boundary"": false, ""flexible_array"": false, ""free"": false, ""function_pointer"": false, ""generated_source"": false, ""global_read"": false, ""global_write"": false, ""goto"": false, ""lexical_ambiguity"": false, ""longjmp"": false, ""macro_density"": 0.0, ""macro_generated_declaration"": false, ""macro_use"": false, ""malloc"": false, ""memcpy"": false, ""memmove"": false, ""memset"": false, ""mutable_global"": false, ""parameter_count"": 2, ""platform_specific"": false, ""pointer_arithmetic"": false, ""pointer_count"": 0, ""pointer_to_pointer"": false, ""raw_pointer_parameter"": false, ""raw_pointer_return"": false, ""realloc"": false, ""setjmp"": false, ""static_local"": false, ""syscall"": false, ""third_party"": false, ""union"": false, ""va_list"": false, ""variadic"": false, ""void_pointer"": false}",TRIVIAL,no_significant_detected_blocker,[],medium
2,ecal-core,652e92f7cda2ab1f2d0056cb296b66c7a30c8fa8,ecal/core/src/serialization/ecal_serialize_logging.cpp,45,54,function,SerializeLogMessage,10,"{""bitfield"": false, ""branch_complexity_proxy"": 0, ""c_array"": false, ""call_count"": 8, ""callback"": false, ""calloc"": false, ""conditional_compilation"": false, ""explicit_abi_boundary"": false, ""extern_declaration"": false, ""extern_or_abi_boundary"": false, ""flexible_array"": false, ""free"": false, ""function_pointer"": false, ""generated_source"": false, ""global_read"": false, ""global_write"": false, ""goto"": false, ""lexical_ambiguity"": false, ""longjmp"": false, ""macro_density"": 0.0, ""macro_generated_declaration"": false, ""macro_use"": false, ""malloc"": false, ""memcpy"": false, ""memmove"": false, ""memset"": false, ""mutable_global"": false, ""parameter_count"": 2, ""platform_specific"": false, ""pointer_arithmetic"": false, ""pointer_count"": 0, ""pointer_to_pointer"": false, ""raw_pointer_parameter"": false, ""raw_pointer_return"": false, ""realloc"": false, ""setjmp"": false, ""static_local"": false, ""syscall"": false, ""third_party"": false, ""union"": false, ""va_list"": false, ""variadic"": false, ""void_pointer"": false}",TRIVIAL,no_significant_detected_blocker,[],medium
2,ecal-core,652e92f7cda2ab1f2d0056cb296b66c7a30c8fa8,ecal/core/src/serialization/ecal_serialize_logging.cpp,56,88,function,DeserializeLogMessage,33,"{""bitfield"": false, ""branch_complexity_proxy"": 8, ""c_array"": false, ""call_count"": 13, ""callback"": false, ""calloc"": false, ""conditional_compilation"": false, ""explicit_abi_boundary"": false, ""extern_declaration"": false, ""extern_or_abi_boundary"": false, ""flexible_array"": false, ""free"": false, ""function_pointer"": false, ""generated_source"": false, ""global_read"": false, ""global_write"": false, ""goto"": false, ""lexical_ambiguity"": false, ""longjmp"": false, ""macro_density"": 0.0, ""macro_generated_declaration"": false, ""macro_use"": false, ""malloc"": false, ""memcpy"": false, ""memmove"": false, ""memset"": false, ""mutable_global"": false, ""parameter_count"": 2, ""platform_specific"": false, ""pointer_arithmetic"": false, ""pointer_count"": 0, ""pointer_to_pointer"": false, ""raw_pointer_parameter"": false, ""raw_pointer_return"": false, ""realloc"": false, ""setjmp"": false, ""static_local"": false, ""syscall"": false, ""third_party"": false, ""union"": false, ""va_list"": false, ""variadic"": false, ""void_pointer"": false}",TRIVIAL,no_significant_detected_blocker,[],medium
2,ecal-core,652e92f7cda2ab1f2d0056cb296b66c7a30c8fa8,ecal/core/src/serialization/ecal_serialize_logging.cpp,91,98,function,SerializeLogMessageList,8,"{""bitfield"": false, ""branch_complexity_proxy"": 1, ""c_array"": false, ""call_count"": 3, ""callback"": false, ""calloc"": false, ""conditional_compilation"": false, ""explicit_abi_boundary"": false, ""extern_declaration"": false, ""extern_or_abi_boundary"": false, ""flexible_array"": false, ""free"": false, ""function_pointer"": false, ""generated_source"": false, ""global_read"": false, ""global_write"": false, ""goto"": false, ""lexical_ambiguity"": false, ""longjmp"": false, ""macro_density"": 0.0, ""macro_generated_declaration"": false, ""macro_use"": false, ""malloc"": false, ""memcpy"": false, ""memmove"": false, ""memset"": false, ""mutable_global"": false, ""parameter_count"": 2, ""platform_specific"": false, ""pointer_arithmetic"": false, ""pointer_count"": 0, ""pointer_to_pointer"": false, ""raw_pointer_parameter"": false, ""raw_pointer_return"": false, ""realloc"": false, ""setjmp"": false, ""static_local"": false, ""syscall"": false, ""third_party"": false, ""union"": false, ""va_list"": false, ""variadic"": false, ""void_pointer"": false}",TRIVIAL,no_significant_detected_blocker,[],medium
2,ecal-core,652e92f7cda2ab1f2d0056cb296b66c7a30c8fa8,ecal/core/src/serialization/ecal_serialize_logging.cpp,100,118,function,DeserializeLogMessageList,19,"{""bitfield"": false, ""branch_complexity_proxy"": 2, ""c_array"": false, ""call_count"": 9, ""callback"": false, ""calloc"": false, ""conditional_compilation"": false, ""explicit_abi_boundary"": false, ""extern_declaration"": false, ""extern_or_abi_boundary"": false, ""flexible_array"": false, ""free"": false, ""function_pointer"": false, ""generated_source"": false, ""global_read"": false, ""global_write"": false, ""goto"": false, ""lexical_ambiguity"": false, ""longjmp"": false, ""macro_density"": 0.0, ""macro_generated_declaration"": false, ""macro_use"": false, ""malloc"": false, ""memcpy"": false, ""memmove"": false, ""memset"": false, ""mutable_global"": false, ""parameter_count"": 2, ""platform_specific"": false, ""pointer_arithmetic"": false, ""pointer_count"": 0, ""pointer_to_pointer"": false, ""raw_pointer_parameter"": false, ""raw_pointer_return"": false, ""realloc"": false, ""setjmp"": false, ""static_local"": false, ""syscall"": false, ""third_party"": false, ""union"": false, ""va_list"": false, ""variadic"": false, ""void_pointer"": false}",TRIVIAL,no_significant_detected_blocker,[],medium
2,ecal-core,652e92f7cda2ab1f2d0056cb296b66c7a30c8fa8,ecal/core/src/serialization/ecal_serialize_logging.cpp,126,132,function,SerializeToBuffer,7,"{""bitfield"": false, ""branch_complexity_proxy"": 0, ""c_array"": false, ""call_count"": 3, ""callback"": false, ""calloc"": false, ""conditional_compilation"": false, ""explicit_abi_boundary"": false, ""extern_declaration"": false, ""extern_or_abi_boundary"": false, ""flexible_array"": false, ""free"": false, ""function_pointer"": false, ""generated_source"": false, ""global_read"": false, ""global_write"": false, ""goto"": false, ""lexical_ambiguity"": false, ""longjmp"": false, ""macro_density"": 0.0, ""macro_generated_declaration"": false, ""macro_use"": false, ""malloc"": false, ""memcpy"": false, ""memmove"": false, ""memset"": false, ""mutable_global"": false, ""parameter_count"": 2, ""platform_specific"": false, ""pointer_arithmetic"": false, ""pointer_count"": 0, ""pointer_to_pointer"": false, ""raw_pointer_parameter"": false, ""raw_pointer_return"": false, ""realloc"": false, ""setjmp"": false, ""static_local"": false, ""syscall"": false, ""third_party"": false, ""union"": false, ""va_list"": false, ""variadic"": false, ""void_pointer"": false}",TRIVIAL,no_significant_detected_blocker,[],medium
2,ecal-core,652e92f7cda2ab1f2d0056cb296b66c7a30c8fa8,ecal/core/src/serialization/ecal_serialize_logging.cpp,134,140,function,SerializeToBuffer,7,"{""bitfield"": false, ""branch_complexity_proxy"": 0, ""c_array"": false, ""call_count"": 3, ""callback"": false, ""calloc"": false, ""conditional_compilation"": false, ""explicit_abi_boundary"": false, ""extern_declaration"": false, ""extern_or_abi_boundary"": false, ""flexible_array"": false, ""free"": false, ""function_pointer"": false, ""generated_source"": false, ""global_read"": false, ""global_write"": false, ""goto"": false, ""lexical_ambiguity"": false, ""longjmp"": false, ""macro_density"": 0.0, ""macro_generated_declaration"": false, ""macro_use"": false, ""malloc"": false, ""memcpy"": false, ""memmove"": false, ""memset"": false, ""mutable_global"": false, ""parameter_count"": 2, ""platform_specific"": false, ""pointer_arithmetic"": false, ""pointer_count"": 0, ""pointer_to_pointer"": false, ""raw_pointer_parameter"": false, ""raw_pointer_return"": false, ""realloc"": false, ""setjmp"": false, ""static_local"": false, ""syscall"": false, ""third_party"": false, ""union"": false, ""va_list"": false, ""variadic"": false, ""void_pointer"": false}",TRIVIAL,no_significant_detected_blocker,[],medium
2,ecal-core,652e92f7cda2ab1f2d0056cb296b66c7a30c8fa8,ecal/core/src/serialization/ecal_serialize_logging.cpp,142,157,function,DeserializeFromBuffer,16,"{""bitfield"": false, ""branch_complexity_proxy"": 0, ""c_array"": false, ""call_count"": 4, ""callback"": false, ""calloc"": false, ""conditional_compilation"": false, ""explicit_abi_boundary"": false, ""extern_declaration"": false, ""extern_or_abi_boundary"": false, ""flexible_array"": false, ""free"": false, ""function_pointer"": false, ""generated_source"": false, ""global_read"": false, ""global_write"": false, ""goto"": false, ""lexical_ambiguity"": false, ""longjmp"": false, ""macro_density"": 0.0, ""macro_generated_declaration"": false, ""macro_use"": false, ""malloc"": false, ""memcpy"": false, ""memmove"": false, ""memset"": false, ""mutable_global"": false, ""parameter_count"": 3, ""platform_specific"": false, ""pointer_arithmetic"": false, ""pointer_count"": 1, ""pointer_to_pointer"": false, ""raw_pointer_parameter"": true, ""raw_pointer_return"": false, ""realloc"": false, ""setjmp"": false, ""static_local"": false, ""syscall"": false, ""third_party"": false, ""union"": false, ""va_list"": false, ""variadic"": false, ""void_pointer"": false}",TRIVIAL,no_significant_detected_blocker,"[""raw_pointer_parameter""]",medium
2,ecal-core,652e92f7cda2ab1f2d0056cb296b66c7a30c8fa8,ecal/core/src/serialization/ecal_serialize_logging.cpp,160,166,function,SerializeToBuffer,7,"{""bitfield"": false, ""branch_complexity_proxy"": 0, ""c_array"": false, ""call_count"": 3, ""callback"": false, ""calloc"": false, ""conditional_compilation"": false, ""explicit_abi_boundary"": false, ""extern_declaration"": false, ""extern_or_abi_boundary"": false, ""flexible_array"": false, ""free"": false, ""function_pointer"": false, ""generated_source"": false, ""global_read"": false, ""global_write"": false, ""goto"": false, ""lexical_ambiguity"": false, ""longjmp"": false, ""macro_density"": 0.0, ""macro_generated_declaration"": false, ""macro_use"": false, ""malloc"": false, ""memcpy"": false, ""memmove"": false, ""memset"": false, ""mutable_global"": false, ""parameter_count"": 2, ""platform_specific"": false, ""pointer_arithmetic"": false, ""pointer_count"": 0, ""pointer_to_pointer"": false, ""raw_pointer_parameter"": false, ""raw_pointer_return"": false, ""realloc"": false, ""setjmp"": false, ""static_local"": false, ""syscall"": false, ""third_party"": false, ""union"": false, ""va_list"": false, ""variadic"": false, ""void_pointer"": false}",TRIVIAL,no_significant_detected_blocker,[],medium
2,ecal-core,652e92f7cda2ab1f2d0056cb296b66c7a30c8fa8,ecal/core/src/serialization/ecal_serialize_logging.cpp,168,174,function,SerializeToBuffer,7,"{""bitfield"": false, ""branch_complexity_proxy"": 0, ""c_array"": false, ""call_count"": 3, ""callback"": false, ""calloc"": false, ""conditional_compilation"": false, ""explicit_abi_boundary"": false, ""extern_declaration"": false, ""extern_or_abi_boundary"": false, ""flexible_array"": false, ""free"": false, ""function_pointer"": false, ""generated_source"": false, ""global_read"": false, ""global_write"": false, ""goto"": false, ""lexical_ambiguity"": false, ""longjmp"": false, ""macro_density"": 0.0, ""macro_generated_declaration"": false, ""macro_use"": false, ""malloc"": false, ""memcpy"": false, ""memmove"": false, ""memset"": false, ""mutable_global"": false, ""parameter_count"": 2, ""platform_specific"": false, ""pointer_arithmetic"": false, ""pointer_count"": 0, ""pointer_to_pointer"": false, ""raw_pointer_parameter"": false, ""raw_pointer_return"": false, ""realloc"": false, ""setjmp"": false, ""static_local"": false, ""syscall"": false, ""third_party"": false, ""union"": false, ""va_list"": false, ""variadic"": false, ""void_pointer"": false}",TRIVIAL,no_significant_detected_blocker,[],medium
2,ecal-core,652e92f7cda2ab1f2d0056cb296b66c7a30c8fa8,ecal/core/src/serialization/ecal_serialize_logging.cpp,176,191,function,DeserializeFromBuffer,16,"{""bitfield"": false, ""branch_complexity_proxy"": 0, ""c_array"": false, ""call_count"": 4, ""callback"": false, ""calloc"": false, ""conditional_compilation"": false, ""explicit_abi_boundary"": false, ""extern_declaration"": false, ""extern_or_abi_boundary"": false, ""flexible_array"": false, ""free"": false, ""function_pointer"": false, ""generated_source"": false, ""global_read"": false, ""global_write"": false, ""goto"": false, ""lexical_ambiguity"": false, ""longjmp"": false, ""macro_density"": 0.0, ""macro_generated_declaration"": false, ""macro_use"": false, ""malloc"": false, ""memcpy"": false, ""memmove"": false, ""memset"": false, ""mutable_global"": false, ""parameter_count"": 3, ""platform_specific"": false, ""pointer_arithmetic"": false, ""pointer_count"": 1, ""pointer_to_pointer"": false, ""raw_pointer_parameter"": true, ""raw_pointer_return"": false, ""realloc"": false, ""setjmp"": false, ""static_local"": false, ""syscall"": false, ""third_party"": false, ""union"": false, ""va_list"": false, ""variadic"": false, ""void_pointer"": false}",TRIVIAL,no_significant_detected_blocker,"[""raw_pointer_parameter""]",medium
2,ecal-core,652e92f7cda2ab1f2d0056cb296b66c7a30c8fa8,ecal/core/src/serialization/ecal_serialize_monitoring.cpp,46,63,function,DeserializeProcessState,18,"{""bitfield"": false, ""branch_complexity_proxy"": 4, ""c_array"": false, ""call_count"": 8, ""callback"": false, ""calloc"": false, ""conditional_compilation"": false, ""explicit_abi_boundary"": false, ""extern_declaration"": false, ""extern_or_abi_boundary"": false, ""flexible_array"": false, ""free"": false, ""function_pointer"": false, ""generated_source"": false, ""global_read"": false, ""global_write"": false, ""goto"": false, ""lexical_ambiguity"": false, ""longjmp"": false, ""macro_density"": 0.0, ""macro_generated_declaration"": false, ""macro_use"": false, ""malloc"": false, ""memcpy"": false, ""memmove"": false, ""memset"": false, ""mutable_global"": false, ""parameter_count"": 2, ""platform_specific"": false, ""pointer_arithmetic"": false, ""pointer_count"": 0, ""pointer_to_pointer"": false, ""raw_pointer_parameter"": false, ""raw_pointer_return"": false, ""realloc"": false, ""setjmp"": false, ""static_local"": false, ""syscall"": false, ""third_party"": false, ""union"": false, ""va_list"": false, ""variadic"": false, ""void_pointer"": false}",TRIVIAL,no_significant_detected_blocker,[],medium
2,ecal-core,652e92f7cda2ab1f2d0056cb296b66c7a30c8fa8,ecal/core/src/serialization/ecal_serialize_monitoring.cpp,66,87,function,SerializeProcess,22,"{""bitfield"": false, ""branch_complexity_proxy"": 0, ""c_array"": false, ""call_count"": 17, ""callback"": false, ""calloc"": false, ""conditional_compilation"": false, ""explicit_abi_boundary"": false, ""extern_declaration"": false, ""extern_or_abi_boundary"": false, ""flexible_array"": false, ""free"": false, ""function_pointer"": false, ""generated_source"": false, ""global_read"": false, ""global_write"": false, ""goto"": false, ""lexical_ambiguity"": false, ""longjmp"": false, ""macro_density"": 0.0, ""macro_generated_declaration"": false, ""macro_use"": false, ""malloc"": false, ""memcpy"": false, ""memmove"": false, ""memset"": false, ""mutable_global"": false, ""parameter_count"": 2, ""platform_specific"": false, ""pointer_arithmetic"": false, ""pointer_count"": 0, ""pointer_to_pointer"": false, ""raw_pointer_parameter"": false, ""raw_pointer_return"": false, ""realloc"": false, ""setjmp"": false, ""static_local"": false, ""syscall"": false, ""third_party"": false, ""union"": false, ""va_list"": false, ""variadic"": false, ""void_pointer"": false}",TRIVIAL,no_significant_detected_blocker,[],medium
2,ecal-core,652e92f7cda2ab1f2d0056cb296b66c7a30c8fa8,ecal/core/src/serialization/ecal_serialize_monitoring.cpp,89,143,function,DeserializeProcess,55,"{""bitfield"": false, ""branch_complexity_proxy"": 15, ""c_array"": false, ""call_count"": 20, ""callback"": false, ""calloc"": false, ""conditional_compilation"": false, ""explicit_abi_boundary"": false, ""extern_declaration"": false, ""extern_or_abi_boundary"": false, ""flexible_array"": false, ""free"": false, ""function_pointer"": false, ""generated_source"": false, ""global_read"": false, ""global_write"": false, ""goto"": false, ""lexical_ambiguity"": false, ""longjmp"": false, ""macro_density"": 0.0, ""macro_generated_declaration"": false, ""macro_use"": false, ""malloc"": false, ""memcpy"": false, ""memmove"": false, ""memset"": false, ""mutable_global"": false, ""parameter_count"": 2, ""platform_specific"": false, ""pointer_arithmetic"": false, ""pointer_count"": 0, ""pointer_to_pointer"": false, ""raw_pointer_parameter"": false, ""raw_pointer_return"": false, ""realloc"": false, ""setjmp"": false, ""static_local"": false, ""syscall"": false, ""third_party"": false, ""union"": false, ""va_list"": false, ""variadic"": false, ""void_pointer"": false}",TRIVIAL,no_significant_detected_blocker,[],medium
2,ecal-core,652e92f7cda2ab1f2d0056cb296b66c7a30c8fa8,ecal/core/src/serialization/ecal_serialize_monitoring.cpp,146,151,function,SerializeTransportLayer,6,"{""bitfield"": false, ""branch_complexity_proxy"": 0, ""c_array"": false, ""call_count"": 4, ""callback"": false, ""calloc"": false, ""conditional_compilation"": false, ""explicit_abi_boundary"": false, ""extern_declaration"": false, ""extern_or_abi_boundary"": false, ""flexible_array"": false, ""free"": false, ""function_pointer"": false, ""generated_source"": false, ""global_read"": false, ""global_write"": false, ""goto"": false, ""lexical_ambiguity"": false, ""longjmp"": false, ""macro_density"": 0.0, ""macro_generated_declaration"": false, ""macro_use"": false, ""malloc"": false, ""memcpy"": false, ""memmove"": false, ""memset"": false, ""mutable_global"": false, ""parameter_count"": 2, ""platform_specific"": false, ""pointer_arithmetic"": false, ""pointer_count"": 0, ""pointer_to_pointer"": false, ""raw_pointer_parameter"": false, ""raw_pointer_return"": false, ""realloc"": false, ""setjmp"": false, ""static_local"": false, ""syscall"": false, ""third_party"": false, ""union"": false, ""va_list"": false, ""variadic"": false, ""void_pointer"": false}",TRIVIAL,no_significant_detected_blocker,[],medium
2,ecal-core,652e92f7cda2ab1f2d0056cb296b66c7a30c8fa8,ecal/core/src/serialization/ecal_serialize_monitoring.cpp,153,172,function,DeserializeTransportLayer,20,"{""bitfield"": false, ""branch_complexity_proxy"": 4, ""c_array"": false, ""call_count"": 9, ""callback"": false, ""calloc"": false, ""conditional_compilation"": false, ""explicit_abi_boundary"": false, ""extern_declaration"": false, ""extern_or_abi_boundary"": false, ""flexible_array"": false, ""free"": false, ""function_pointer"": false, ""generated_source"": false, ""global_read"": false, ""global_write"": false, ""goto"": false, ""lexical_ambiguity"": false, ""longjmp"": false, ""macro_density"": 0.0, ""macro_generated_declaration"": false, ""macro_use"": false, ""malloc"": false, ""memcpy"": false, ""memmove"": false, ""memset"": false, ""mutable_global"": false, ""parameter_count"": 2, ""platform_specific"": false, ""pointer_arithmetic"": false, ""pointer_count"": 0, ""pointer_to_pointer"": false, ""raw_pointer_parameter"": false, ""raw_pointer_return"": false, ""realloc"": false, ""setjmp"": false, ""static_local"": false, ""syscall"": false, ""third_party"": false, ""union"": false, ""va_list"": false, ""variadic"": false, ""void_pointer"": false}",TRIVIAL,no_significant_detected_blocker,[],medium
2,ecal-core,652e92f7cda2ab1f2d0056cb296b66c7a30c8fa8,ecal/core/src/serialization/ecal_serialize_monitoring.cpp,175,183,function,SerializeStatistics,9,"{""bitfield"": false, ""branch_complexity_proxy"": 0, ""c_array"": false, ""call_count"": 7, ""callback"": false, ""calloc"": false, ""conditional_compilation"": false, ""explicit_abi_boundary"": false, ""extern_declaration"": false, ""extern_or_abi_boundary"": false, ""flexible_array"": false, ""free"": false, ""function_pointer"": false, ""generated_source"": false, ""global_read"": false, ""global_write"": false, ""goto"": false, ""lexical_ambiguity"": false, ""longjmp"": false, ""macro_density"": 0.0, ""macro_generated_declaration"": false, ""macro_use"": false, ""malloc"": false, ""memcpy"": false, ""memmove"": false, ""memset"": false, ""mutable_global"": false, ""parameter_count"": 2, ""platform_specific"": false, ""pointer_arithmetic"": false, ""pointer_count"": 0, ""pointer_to_pointer"": false, ""raw_pointer_parameter"": false, ""raw_pointer_return"": false, ""realloc"": false, ""setjmp"": false, ""static_local"": false, ""syscall"": false, ""third_party"": false, ""union"": false, ""va_list"": false, ""variadic"": false, ""void_pointer"": false}",TRIVIAL,no_significant_detected_blocker,[],medium
2,ecal-core,652e92f7cda2ab1f2d0056cb296b66c7a30c8fa8,ecal/core/src/serialization/ecal_serialize_monitoring.cpp,185,213,function,DeserializeStatistics,29,"{""bitfield"": false, ""branch_complexity_proxy"": 7, ""c_array"": false, ""call_count"": 12, ""callback"": false, ""calloc"": false, ""conditional_compilation"": false, ""explicit_abi_boundary"": false, ""extern_declaration"": false, ""extern_or_abi_boundary"": false, ""flexible_array"": false, ""free"": false, ""function_pointer"": false, ""generated_source"": false, ""global_read"": false, ""global_write"": false, ""goto"": false, ""lexical_ambiguity"": false, ""longjmp"": false, ""macro_density"": 0.0, ""macro_generated_declaration"": false, ""macro_use"": false, ""malloc"": false, ""memcpy"": false, ""memmove"": false, ""memset"": false, ""mutable_global"": false, ""parameter_count"": 2, ""platform_specific"": false, ""pointer_arithmetic"": false, ""pointer_count"": 0, ""pointer_to_pointer"": false, ""raw_pointer_parameter"": false, ""raw_pointer_return"": false, ""realloc"": false, ""setjmp"": false, ""static_local"": false, ""syscall"": false, ""third_party"": false, ""union"": false, ""va_list"": false, ""variadic"": false, ""void_pointer"": false}",TRIVIAL,no_significant_detected_blocker,[],medium
2,ecal-core,652e92f7cda2ab1f2d0056cb296b66c7a30c8fa8,ecal/core/src/serialization/ecal_serialize_monitoring.cpp,216,247,function,SerializeTopic,32,"{""bitfield"": false, ""branch_complexity_proxy"": 1, ""c_array"": false, ""call_count"": 22, ""callback"": false, ""calloc"": false, ""conditional_compilation"": false, ""explicit_abi_boundary"": false, ""extern_declaration"": false, ""extern_or_abi_boundary"": false, ""flexible_array"": false, ""free"": false, ""function_pointer"": false, ""generated_source"": false, ""global_read"": false, ""global_write"": false, ""goto"": false, ""lexical_ambiguity"": false, ""longjmp"": false, ""macro_density"": 0.0, ""macro_generated_declaration"": false, ""macro_use"": false, ""malloc"": false, ""memcpy"": false, ""memmove"": false, ""memset"": false, ""mutable_global"": false, ""parameter_count"": 2, ""platform_specific"": false, ""pointer_arithmetic"": false, ""pointer_count"": 0, ""pointer_to_pointer"": false, ""raw_pointer_parameter"": false, ""raw_pointer_return"": false, ""realloc"": false, ""setjmp"": false, ""static_local"": false, ""syscall"": false, ""third_party"": false, ""union"": false, ""va_list"": false, ""variadic"": false, ""void_pointer"": false}",TRIVIAL,no_significant_detected_blocker,[],medium
2,ecal-core,652e92f7cda2ab1f2d0056cb296b66c7a30c8fa8,ecal/core/src/serialization/ecal_serialize_monitoring.cpp,249,316,function,DeserializeTopic,68,"{""bitfield"": false, ""branch_complexity_proxy"": 20, ""c_array"": false, ""call_count"": 26, ""callback"": false, ""calloc"": false, ""conditional_compilation"": false, ""explicit_abi_boundary"": false, ""extern_declaration"": false, ""extern_or_abi_boundary"": false, ""flexible_array"": false, ""free"": false, ""function_pointer"": false, ""generated_source"": false, ""global_read"": false, ""global_write"": false, ""goto"": false, ""lexical_ambiguity"": false, ""longjmp"": false, ""macro_density"": 0.0, ""macro_generated_declaration"": false, ""macro_use"": false, ""malloc"": false, ""memcpy"": false, ""memmove"": false, ""memset"": false, ""mutable_global"": false, ""parameter_count"": 2, ""platform_specific"": false, ""pointer_arithmetic"": false, ""pointer_count"": 0, ""pointer_to_pointer"": false, ""raw_pointer_parameter"": false, ""raw_pointer_return"": false, ""realloc"": false, ""setjmp"": false, ""static_local"": false, ""syscall"": false, ""third_party"": false, ""union"": false, ""va_list"": false, ""variadic"": false, ""void_pointer"": false}",TRIVIAL,no_significant_detected_blocker,[],medium
2,ecal-core,652e92f7cda2ab1f2d0056cb296b66c7a30c8fa8,ecal/core/src/serialization/ecal_serialize_monitoring.cpp,320,338,function,SerializeMethod,19,"{""bitfield"": false, ""branch_complexity_proxy"": 0, ""c_array"": false, ""call_count"": 9, ""callback"": false, ""calloc"": false, ""conditional_compilation"": false, ""explicit_abi_boundary"": false, ""extern_declaration"": false, ""extern_or_abi_boundary"": false, ""flexible_array"": false, ""free"": false, ""function_pointer"": false, ""generated_source"": false, ""global_read"": false, ""global_write"": false, ""goto"": false, ""lexical_ambiguity"": false, ""longjmp"": false, ""macro_density"": 0.0, ""macro_generated_declaration"": false, ""macro_use"": false, ""malloc"": false, ""memcpy"": false, ""memmove"": false, ""memset"": false, ""mutable_global"": false, ""parameter_count"": 2, ""platform_specific"": false, ""pointer_arithmetic"": false, ""pointer_count"": 0, ""pointer_to_pointer"": false, ""raw_pointer_parameter"": false, ""raw_pointer_return"": false, ""realloc"": false, ""setjmp"": false, ""static_local"": false, ""syscall"": false, ""third_party"": false, ""union"": false, ""va_list"": false, ""variadic"": false, ""void_pointer"": false}",TRIVIAL,no_significant_detected_blocker,[],medium
2,ecal-core,652e92f7cda2ab1f2d0056cb296b66c7a30c8fa8,ecal/core/src/serialization/ecal_serialize_monitoring.cpp,340,362,function,DeserializeMethod,23,"{""bitfield"": false, ""branch_complexity_proxy"": 5, ""c_array"": false, ""call_count"": 10, ""callback"": false, ""calloc"": false, ""conditional_compilation"": false, ""explicit_abi_boundary"": false, ""extern_declaration"": false, ""extern_or_abi_boundary"": false, ""flexible_array"": false, ""free"": false, ""function_pointer"": false, ""generated_source"": false, ""global_read"": false, ""global_write"": false, ""goto"": false, ""lexical_ambiguity"": false, ""longjmp"": false, ""macro_density"": 0.0, ""macro_generated_declaration"": false, ""macro_use"": false, ""malloc"": false, ""memcpy"": false, ""memmove"": false, ""memset"": false, ""mutable_global"": false, ""parameter_count"": 2, ""platform_specific"": false, ""pointer_arithmetic"": false, ""pointer_count"": 0, ""pointer_to_pointer"": false, ""raw_pointer_parameter"": false, ""raw_pointer_return"": false, ""realloc"": false, ""setjmp"": false, ""static_local"": false, ""syscall"": false, ""third_party"": false, ""union"": false, ""va_list"": false, ""variadic"": false, ""void_pointer"": false}",TRIVIAL,no_significant_detected_blocker,[],medium
2,ecal-core,652e92f7cda2ab1f2d0056cb296b66c7a30c8fa8,ecal/core/src/serialization/ecal_serialize_monitoring.cpp,365,384,function,SerializeServer,20,"{""bitfield"": false, ""branch_complexity_proxy"": 1, ""c_array"": false, ""call_count"": 14, ""callback"": false, ""calloc"": false, ""conditional_compilation"": false, ""explicit_abi_boundary"": false, ""extern_declaration"": false, ""extern_or_abi_boundary"": false, ""flexible_array"": false, ""free"": false, ""function_pointer"": false, ""generated_source"": false, ""global_read"": false, ""global_write"": false, ""goto"": false, ""lexical_ambiguity"": false, ""longjmp"": false, ""macro_density"": 0.0, ""macro_generated_declaration"": false, ""macro_use"": false, ""malloc"": false, ""memcpy"": false, ""memmove"": false, ""memset"": false, ""mutable_global"": false, ""parameter_count"": 2, ""platform_specific"": false, ""pointer_arithmetic"": false, ""pointer_count"": 0, ""pointer_to_pointer"": false, ""raw_pointer_parameter"": false, ""raw_pointer_return"": false, ""realloc"": false, ""setjmp"": false, ""static_local"": false, ""syscall"": false, ""third_party"": false, ""union"": false, ""va_list"": false, ""variadic"": false, ""void_pointer"": false}",TRIVIAL,no_significant_detected_blocker,[],medium
2,ecal-core,652e92f7cda2ab1f2d0056cb296b66c7a30c8fa8,ecal/core/src/serialization/ecal_serialize_monitoring.cpp,386,429,function,DeserializeServer,44,"{""bitfield"": false, ""branch_complexity_proxy"": 12, ""c_array"": false, ""call_count"": 18, ""callback"": false, ""calloc"": false, ""conditional_compilation"": false, ""explicit_abi_boundary"": false, ""extern_declaration"": false, ""extern_or_abi_boundary"": false, ""flexible_array"": false, ""free"": false, ""function_pointer"": false, ""generated_source"": false, ""global_read"": false, ""global_write"": false, ""goto"": false, ""lexical_ambiguity"": false, ""longjmp"": false, ""macro_density"": 0.0, ""macro_generated_declaration"": false, ""macro_use"": false, ""malloc"": false, ""memcpy"": false, ""memmove"": false, ""memset"": false, ""mutable_global"": false, ""parameter_count"": 2, ""platform_specific"": false, ""pointer_arithmetic"": false, ""pointer_count"": 0, ""pointer_to_pointer"": false, ""raw_pointer_parameter"": false, ""raw_pointer_return"": false, ""realloc"": false, ""setjmp"": false, ""static_local"": false, ""syscall"": false, ""third_party"": false, ""union"": false, ""va_list"": false, ""variadic"": false, ""void_pointer"": false}",TRIVIAL,no_significant_detected_blocker,[],medium
2,ecal-core,652e92f7cda2ab1f2d0056cb296b66c7a30c8fa8,ecal/core/src/serialization/ecal_serialize_monitoring.cpp,432,449,function,SerializeClient,18,"{""bitfield"": false, ""branch_complexity_proxy"": 1, ""c_array"": false, ""call_count"": 12, ""callback"": false, ""calloc"": false, ""conditional_compilation"": false, ""explicit_abi_boundary"": false, ""extern_declaration"": false, ""extern_or_abi_boundary"": false, ""flexible_array"": false, ""free"": false, ""function_pointer"": false, ""generated_source"": false, ""global_read"": false, ""global_write"": false, ""goto"": false, ""lexical_ambiguity"": false, ""longjmp"": false, ""macro_density"": 0.0, ""macro_generated_declaration"": false, ""macro_use"": false, ""malloc"": false, ""memcpy"": false, ""memmove"": false, ""memset"": false, ""mutable_global"": false, ""parameter_count"": 2, ""platform_specific"": false, ""pointer_arithmetic"": false, ""pointer_count"": 0, ""pointer_to_pointer"": false, ""raw_pointer_parameter"": false, ""raw_pointer_return"": false, ""realloc"": false, ""setjmp"": false, ""static_local"": false, ""syscall"": false, ""third_party"": false, ""union"": false, ""va_list"": false, ""variadic"": false, ""void_pointer"": false}",TRIVIAL,no_significant_detected_blocker,[],medium
2,ecal-core,652e92f7cda2ab1f2d0056cb296b66c7a30c8fa8,ecal/core/src/serialization/ecal_serialize_monitoring.cpp,451,488,function,DeserializeClient,38,"{""bitfield"": false, ""branch_complexity_proxy"": 10, ""c_array"": false, ""call_count"": 16, ""callback"": false, ""calloc"": false, ""conditional_compilation"": false, ""explicit_abi_boundary"": false, ""extern_declaration"": false, ""extern_or_abi_boundary"": false, ""flexible_array"": false, ""free"": false, ""function_pointer"": false, ""generated_source"": false, ""global_read"": false, ""global_write"": false, ""goto"": false, ""lexical_ambiguity"": false, ""longjmp"": false, ""macro_density"": 0.0, ""macro_generated_declaration"": false, ""macro_use"": false, ""malloc"": false, ""memcpy"": false, ""memmove"": false, ""memset"": false, ""mutable_global"": false, ""parameter_count"": 2, ""platform_specific"": false, ""pointer_arithmetic"": false, ""pointer_count"": 0, ""pointer_to_pointer"": false, ""raw_pointer_parameter"": false, ""raw_pointer_return"": false, ""realloc"": false, ""setjmp"": false, ""static_local"": false, ""syscall"": false, ""third_party"": false, ""union"": false, ""va_list"": false, ""variadic"": false, ""void_pointer"": false}",TRIVIAL,no_significant_detected_blocker,[],medium
2,ecal-core,652e92f7cda2ab1f2d0056cb296b66c7a30c8fa8,ecal/core/src/serialization/ecal_serialize_monitoring.cpp,491,518,function,SerializeMonitoring,28,"{""bitfield"": false, ""branch_complexity_proxy"": 5, ""c_array"": false, ""call_count"": 11, ""callback"": false, ""calloc"": false, ""conditional_compilation"": false, ""explicit_abi_boundary"": false, ""extern_declaration"": false, ""extern_or_abi_boundary"": false, ""flexible_array"": false, ""free"": false, ""function_pointer"": false, ""generated_source"": false, ""global_read"": false, ""global_write"": false, ""goto"": false, ""lexical_ambiguity"": false, ""longjmp"": false, ""macro_density"": 0.0, ""macro_generated_declaration"": false, ""macro_use"": false, ""malloc"": false, ""memcpy"": false, ""memmove"": false, ""memset"": false, ""mutable_global"": false, ""parameter_count"": 2, ""platform_specific"": false, ""pointer_arithmetic"": false, ""pointer_count"": 0, ""pointer_to_pointer"": false, ""raw_pointer_parameter"": false, ""raw_pointer_return"": false, ""realloc"": false, ""setjmp"": false, ""static_local"": false, ""syscall"": false, ""third_party"": false, ""union"": false, ""va_list"": false, ""variadic"": false, ""void_pointer"": false}",TRIVIAL,no_significant_detected_blocker,[],medium
2,ecal-core,652e92f7cda2ab1f2d0056cb296b66c7a30c8fa8,ecal/core/src/serialization/ecal_serialize_monitoring.cpp,520,554,function,DeserializeMonitoring,35,"{""bitfield"": false, ""branch_complexity_proxy"": 6, ""c_array"": false, ""call_count"": 16, ""callback"": false, ""calloc"": false, ""conditional_compilation"": false, ""explicit_abi_boundary"": false, ""extern_declaration"": false, ""extern_or_abi_boundary"": false, ""flexible_array"": false, ""free"": false, ""function_pointer"": false, ""generated_source"": false, ""global_read"": false, ""global_write"": false, ""goto"": false, ""lexical_ambiguity"": false, ""longjmp"": false, ""macro_density"": 0.0, ""macro_generated_declaration"": false, ""macro_use"": false, ""malloc"": false, ""memcpy"": false, ""memmove"": false, ""memset"": false, ""mutable_global"": false, ""parameter_count"": 2, ""platform_specific"": false, ""pointer_arithmetic"": false, ""pointer_count"": 0, ""pointer_to_pointer"": false, ""raw_pointer_parameter"": false, ""raw_pointer_return"": false, ""realloc"": false, ""setjmp"": false, ""static_local"": false, ""syscall"": false, ""third_party"": false, ""union"": false, ""va_list"": false, ""variadic"": false, ""void_pointer"": false}",TRIVIAL,no_significant_detected_blocker,[],medium
2,ecal-core,652e92f7cda2ab1f2d0056cb296b66c7a30c8fa8,ecal/core/src/serialization/ecal_serialize_monitoring.cpp,562,568,function,SerializeToBuffer,7,"{""bitfield"": false, ""branch_complexity_proxy"": 0, ""c_array"": false, ""call_count"": 3, ""callback"": false, ""calloc"": false, ""conditional_compilation"": false, ""explicit_abi_boundary"": false, ""extern_declaration"": false, ""extern_or_abi_boundary"": false, ""flexible_array"": false, ""free"": false, ""function_pointer"": false, ""generated_source"": false, ""global_read"": false, ""global_write"": false, ""goto"": false, ""lexical_ambiguity"": false, ""longjmp"": false, ""macro_density"": 0.0, ""macro_generated_declaration"": false, ""macro_use"": false, ""malloc"": false, ""memcpy"": false, ""memmove"": false, ""memset"": false, ""mutable_global"": false, ""parameter_count"": 2, ""platform_specific"": false, ""pointer_arithmetic"": false, ""pointer_count"": 0, ""pointer_to_pointer"": false, ""raw_pointer_parameter"": false, ""raw_pointer_return"": false, ""realloc"": false, ""setjmp"": false, ""static_local"": false, ""syscall"": false, ""third_party"": false, ""union"": false, ""va_list"": false, ""variadic"": false, ""void_pointer"": false}",TRIVIAL,no_significant_detected_blocker,[],medium
2,ecal-core,652e92f7cda2ab1f2d0056cb296b66c7a30c8fa8,ecal/core/src/serialization/ecal_serialize_monitoring.cpp,570,576,function,SerializeToBuffer,7,"{""bitfield"": false, ""branch_complexity_proxy"": 0, ""c_array"": false, ""call_count"": 3, ""callback"": false, ""calloc"": false, ""conditional_compilation"": false, ""explicit_abi_boundary"": false, ""extern_declaration"": false, ""extern_or_abi_boundary"": false, ""flexible_array"": false, ""free"": false, ""function_pointer"": false, ""generated_source"": false, ""global_read"": false, ""global_write"": false, ""goto"": false, ""lexical_ambiguity"": false, ""longjmp"": false, ""macro_density"": 0.0, ""macro_generated_declaration"": false, ""macro_use"": false, ""malloc"": false, ""memcpy"": false, ""memmove"": false, ""memset"": false, ""mutable_global"": false, ""parameter_count"": 2, ""platform_specific"": false, ""pointer_arithmetic"": false, ""pointer_count"": 0, ""pointer_to_pointer"": false, ""raw_pointer_parameter"": false, ""raw_pointer_return"": false, ""realloc"": false, ""setjmp"": false, ""static_local"": false, ""syscall"": false, ""third_party"": false, ""union"": false, ""va_list"": false, ""variadic"": false, ""void_pointer"": false}",TRIVIAL,no_significant_detected_blocker,[],medium
2,ecal-core,652e92f7cda2ab1f2d0056cb296b66c7a30c8fa8,ecal/core/src/serialization/ecal_serialize_monitoring.cpp,578,591,function,DeserializeFromBuffer,14,"{""bitfield"": false, ""branch_complexity_proxy"": 0, ""c_array"": false, ""call_count"": 4, ""callback"": false, ""calloc"": false, ""conditional_compilation"": false, ""explicit_abi_boundary"": false, ""extern_declaration"": false, ""extern_or_abi_boundary"": false, ""flexible_array"": false, ""free"": false, ""function_pointer"": false, ""generated_source"": false, ""global_read"": false, ""global_write"": false, ""goto"": false, ""lexical_ambiguity"": false, ""longjmp"": false, ""macro_density"": 0.0, ""macro_generated_declaration"": false, ""macro_use"": false, ""malloc"": false, ""memcpy"": false, ""memmove"": false, ""memset"": false, ""mutable_global"": false, ""parameter_count"": 3, ""platform_specific"": false, ""pointer_arithmetic"": false, ""pointer_count"": 1, ""pointer_to_pointer"": false, ""raw_pointer_parameter"": true, ""raw_pointer_return"": false, ""realloc"": false, ""setjmp"": false, ""static_local"": false, ""syscall"": false, ""third_party"": false, ""union"": false, ""va_list"": false, ""variadic"": false, ""void_pointer"": false}",TRIVIAL,no_significant_detected_blocker,"[""raw_pointer_parameter""]",medium
2,ecal-core,652e92f7cda2ab1f2d0056cb296b66c7a30c8fa8,ecal/core/src/serialization/ecal_serialize_sample_payload.cpp,45,66,function,SerializePayload,22,"{""bitfield"": false, ""branch_complexity_proxy"": 3, ""c_array"": false, ""call_count"": 6, ""callback"": false, ""calloc"": false, ""conditional_compilation"": false, ""explicit_abi_boundary"": false, ""extern_declaration"": false, ""extern_or_abi_boundary"": false, ""flexible_array"": false, ""free"": false, ""function_pointer"": false, ""generated_source"": false, ""global_read"": false, ""global_write"": false, ""goto"": false, ""lexical_ambiguity"": false, ""longjmp"": false, ""macro_density"": 0.0, ""macro_generated_declaration"": false, ""macro_use"": false, ""malloc"": false, ""memcpy"": false, ""memmove"": false, ""memset"": false, ""mutable_global"": false, ""parameter_count"": 2, ""platform_specific"": false, ""pointer_arithmetic"": false, ""pointer_count"": 1, ""pointer_to_pointer"": false, ""raw_pointer_parameter"": false, ""raw_pointer_return"": false, ""realloc"": false, ""setjmp"": false, ""static_local"": false, ""syscall"": false, ""third_party"": false, ""union"": false, ""va_list"": false, ""variadic"": false, ""void_pointer"": false}",TRIVIAL,no_significant_detected_blocker,[],medium
2,ecal-core,652e92f7cda2ab1f2d0056cb296b66c7a30c8fa8,ecal/core/src/serialization/ecal_serialize_sample_payload.cpp,69,91,function,SerializePayloadSample,23,"{""bitfield"": false, ""branch_complexity_proxy"": 0, ""c_array"": false, ""call_count"": 16, ""callback"": false, ""calloc"": false, ""conditional_compilation"": false, ""explicit_abi_boundary"": false, ""extern_declaration"": false, ""extern_or_abi_boundary"": false, ""flexible_array"": false, ""free"": false, ""function_pointer"": false, ""generated_source"": false, ""global_read"": false, ""global_write"": false, ""goto"": false, ""lexical_ambiguity"": false, ""longjmp"": false, ""macro_density"": 0.0, ""macro_generated_declaration"": false, ""macro_use"": false, ""malloc"": false, ""memcpy"": false, ""memmove"": false, ""memset"": false, ""mutable_global"": false, ""parameter_count"": 2, ""platform_specific"": false, ""pointer_arithmetic"": false, ""pointer_count"": 0, ""pointer_to_pointer"": false, ""raw_pointer_parameter"": false, ""raw_pointer_return"": false, ""realloc"": false, ""setjmp"": false, ""static_local"": false, ""syscall"": false, ""third_party"": false, ""union"": false, ""va_list"": false, ""variadic"": false, ""void_pointer"": false}",TRIVIAL,no_significant_detected_blocker,[],medium
2,ecal-core,652e92f7cda2ab1f2d0056cb296b66c7a30c8fa8,ecal/core/src/serialization/ecal_serialize_sample_payload.cpp,93,120,function,DeserializeTopicInfo,28,"{""bitfield"": false, ""branch_complexity_proxy"": 5, ""c_array"": false, ""call_count"": 11, ""callback"": false, ""calloc"": false, ""conditional_compilation"": false, ""explicit_abi_boundary"": false, ""extern_declaration"": false, ""extern_or_abi_boundary"": false, ""flexible_array"": false, ""free"": false, ""function_pointer"": false, ""generated_source"": false, ""global_read"": false, ""global_write"": false, ""goto"": false, ""lexical_ambiguity"": false, ""longjmp"": false, ""macro_density"": 0.0, ""macro_generated_declaration"": false, ""macro_use"": false, ""malloc"": false, ""memcpy"": false, ""memmove"": false, ""memset"": false, ""mutable_global"": false, ""parameter_count"": 2, ""platform_specific"": false, ""pointer_arithmetic"": false, ""pointer_count"": 0, ""pointer_to_pointer"": false, ""raw_pointer_parameter"": false, ""raw_pointer_return"": false, ""realloc"": false, ""setjmp"": false, ""static_local"": true, ""syscall"": false, ""third_party"": false, ""union"": false, ""va_list"": false, ""variadic"": false, ""void_pointer"": false}",REFACTOR_THEN_DSL,static_local,[],medium
2,ecal-core,652e92f7cda2ab1f2d0056cb296b66c7a30c8fa8,ecal/core/src/serialization/ecal_serialize_sample_payload.cpp,122,154,function,DeserializeContent,33,"{""bitfield"": false, ""branch_complexity_proxy"": 7, ""c_array"": false, ""call_count"": 12, ""callback"": false, ""calloc"": false, ""conditional_compilation"": false, ""explicit_abi_boundary"": false, ""extern_declaration"": false, ""extern_or_abi_boundary"": false, ""flexible_array"": false, ""free"": false, ""function_pointer"": false, ""generated_source"": false, ""global_read"": false, ""global_write"": false, ""goto"": false, ""lexical_ambiguity"": false, ""longjmp"": false, ""macro_density"": 0.0, ""macro_generated_declaration"": false, ""macro_use"": false, ""malloc"": false, ""memcpy"": false, ""memmove"": false, ""memset"": false, ""mutable_global"": false, ""parameter_count"": 2, ""platform_specific"": false, ""pointer_arithmetic"": false, ""pointer_count"": 0, ""pointer_to_pointer"": false, ""raw_pointer_parameter"": false, ""raw_pointer_return"": false, ""realloc"": false, ""setjmp"": false, ""static_local"": false, ""syscall"": false, ""third_party"": false, ""union"": false, ""va_list"": false, ""variadic"": false, ""void_pointer"": false}",TRIVIAL,no_significant_detected_blocker,[],medium
2,ecal-core,652e92f7cda2ab1f2d0056cb296b66c7a30c8fa8,ecal/core/src/serialization/ecal_serialize_sample_payload.cpp,156,178,function,DeserializePayloadSample,23,"{""bitfield"": false, ""branch_complexity_proxy"": 5, ""c_array"": false, ""call_count"": 10, ""callback"": false, ""calloc"": false, ""conditional_compilation"": false, ""explicit_abi_boundary"": false, ""extern_declaration"": false, ""extern_or_abi_boundary"": false, ""flexible_array"": false, ""free"": false, ""function_pointer"": false, ""generated_source"": false, ""global_read"": false, ""global_write"": false, ""goto"": false, ""lexical_ambiguity"": false, ""longjmp"": false, ""macro_density"": 0.0, ""macro_generated_declaration"": false, ""macro_use"": false, ""malloc"": false, ""memcpy"": false, ""memmove"": false, ""memset"": false, ""mutable_global"": false, ""parameter_count"": 2, ""platform_specific"": false, ""pointer_arithmetic"": false, ""pointer_count"": 0, ""pointer_to_pointer"": false, ""raw_pointer_parameter"": false, ""raw_pointer_return"": false, ""realloc"": false, ""setjmp"": false, ""static_local"": false, ""syscall"": false, ""third_party"": false, ""union"": false, ""va_list"": false, ""variadic"": false, ""void_pointer"": false}",TRIVIAL,no_significant_detected_blocker,[],medium
2,ecal-core,652e92f7cda2ab1f2d0056cb296b66c7a30c8fa8,ecal/core/src/serialization/ecal_serialize_sample_payload.cpp,186,192,function,SerializeToBuffer,7,"{""bitfield"": false, ""branch_complexity_proxy"": 0, ""c_array"": false, ""call_count"": 3, ""callback"": false, ""calloc"": false, ""conditional_compilation"": false, ""explicit_abi_boundary"": false, ""extern_declaration"": false, ""extern_or_abi_boundary"": false, ""flexible_array"": false, ""free"": false, ""function_pointer"": false, ""generated_source"": false, ""global_read"": false, ""global_write"": false, ""goto"": false, ""lexical_ambiguity"": false, ""longjmp"": false, ""macro_density"": 0.0, ""macro_generated_declaration"": false, ""macro_use"": false, ""malloc"": false, ""memcpy"": false, ""memmove"": false, ""memset"": false, ""mutable_global"": false, ""parameter_count"": 2, ""platform_specific"": false, ""pointer_arithmetic"": false, ""pointer_count"": 0, ""pointer_to_pointer"": false, ""raw_pointer_parameter"": false, ""raw_pointer_return"": false, ""realloc"": false, ""setjmp"": false, ""static_local"": false, ""syscall"": false, ""third_party"": false, ""union"": false, ""va_list"": false, ""variadic"": false, ""void_pointer"": false}",TRIVIAL,no_significant_detected_blocker,[],medium
2,ecal-core,652e92f7cda2ab1f2d0056cb296b66c7a30c8fa8,ecal/core/src/serialization/ecal_serialize_sample_payload.cpp,194,200,function,SerializeToBuffer,7,"{""bitfield"": false, ""branch_complexity_proxy"": 0, ""c_array"": false, ""call_count"": 3, ""callback"": false, ""calloc"": false, ""conditional_compilation"": false, ""explicit_abi_boundary"": false, ""extern_declaration"": false, ""extern_or_abi_boundary"": false, ""flexible_array"": false, ""free"": false, ""function_pointer"": false, ""generated_source"": false, ""global_read"": false, ""global_write"": false, ""goto"": false, ""lexical_ambiguity"": false, ""longjmp"": false, ""macro_density"": 0.0, ""macro_generated_declaration"": false, ""macro_use"": false, ""malloc"": false, ""memcpy"": false, ""memmove"": false, ""memset"": false, ""mutable_global"": false, ""parameter_count"": 2, ""platform_specific"": false, ""pointer_arithmetic"": false, ""pointer_count"": 0, ""pointer_to_pointer"": false, ""raw_pointer_parameter"": false, ""raw_pointer_return"": false, ""realloc"": false, ""setjmp"": false, ""static_local"": false, ""syscall"": false, ""third_party"": false, ""union"": false, ""va_list"": false, ""variadic"": false, ""void_pointer"": false}",TRIVIAL,no_significant_detected_blocker,[],medium
2,ecal-core,652e92f7cda2ab1f2d0056cb296b66c7a30c8fa8,ecal/core/src/serialization/ecal_serialize_sample_payload.cpp,202,217,function,DeserializeFromBuffer,16,"{""bitfield"": false, ""branch_complexity_proxy"": 0, ""c_array"": false, ""call_count"": 4, ""callback"": false, ""calloc"": false, ""conditional_compilation"": false, ""explicit_abi_boundary"": false, ""extern_declaration"": false, ""extern_or_abi_boundary"": false, ""flexible_array"": false, ""free"": false, ""function_pointer"": false, ""generated_source"": false, ""global_read"": false, ""global_write"": false, ""goto"": false, ""lexical_ambiguity"": false, ""longjmp"": false, ""macro_density"": 0.0, ""macro_generated_declaration"": false, ""macro_use"": false, ""malloc"": false, ""memcpy"": false, ""memmove"": false, ""memset"": false, ""mutable_global"": false, ""parameter_count"": 3, ""platform_specific"": false, ""pointer_arithmetic"": false, ""pointer_count"": 1, ""pointer_to_pointer"": false, ""raw_pointer_parameter"": true, ""raw_pointer_return"": false, ""realloc"": false, ""setjmp"": false, ""static_local"": false, ""syscall"": false, ""third_party"": false, ""union"": false, ""va_list"": false, ""variadic"": false, ""void_pointer"": false}",TRIVIAL,no_significant_detected_blocker,"[""raw_pointer_parameter""]",medium
2,ecal-core,652e92f7cda2ab1f2d0056cb296b66c7a30c8fa8,ecal/core/src/serialization/ecal_serialize_sample_registration.cpp,51,55,function,SerializeParamTCP,5,"{""bitfield"": false, ""branch_complexity_proxy"": 0, ""c_array"": false, ""call_count"": 2, ""callback"": false, ""calloc"": false, ""conditional_compilation"": false, ""explicit_abi_boundary"": false, ""extern_declaration"": false, ""extern_or_abi_boundary"": false, ""flexible_array"": false, ""free"": false, ""function_pointer"": false, ""generated_source"": false, ""global_read"": false, ""global_write"": false, ""goto"": false, ""lexical_ambiguity"": false, ""longjmp"": false, ""macro_density"": 0.0, ""macro_generated_declaration"": false, ""macro_use"": false, ""malloc"": false, ""memcpy"": false, ""memmove"": false, ""memset"": false, ""mutable_global"": false, ""parameter_count"": 2, ""platform_specific"": false, ""pointer_arithmetic"": false, ""pointer_count"": 0, ""pointer_to_pointer"": false, ""raw_pointer_parameter"": false, ""raw_pointer_return"": false, ""realloc"": false, ""setjmp"": false, ""static_local"": false, ""syscall"": false, ""third_party"": false, ""union"": false, ""va_list"": false, ""variadic"": false, ""void_pointer"": false}",TRIVIAL,no_significant_detected_blocker,[],medium
2,ecal-core,652e92f7cda2ab1f2d0056cb296b66c7a30c8fa8,ecal/core/src/serialization/ecal_serialize_sample_registration.cpp,57,71,function,DeserializeParamTCP,15,"{""bitfield"": false, ""branch_complexity_proxy"": 2, ""c_array"": false, ""call_count"": 7, ""callback"": false, ""calloc"": false, ""conditional_compilation"": false, ""explicit_abi_boundary"": false, ""extern_declaration"": false, ""extern_or_abi_boundary"": false, ""flexible_array"": false, ""free"": false, ""function_pointer"": false, ""generated_source"": false, ""global_read"": false, ""global_write"": false, ""goto"": false, ""lexical_ambiguity"": false, ""longjmp"": false, ""macro_density"": 0.0, ""macro_generated_declaration"": false, ""macro_use"": false, ""malloc"": false, ""memcpy"": false, ""memmove"": false, ""memset"": false, ""mutable_global"": false, ""parameter_count"": 2, ""platform_specific"": false, ""pointer_arithmetic"": false, ""pointer_count"": 0, ""pointer_to_pointer"": false, ""raw_pointer_parameter"": false, ""raw_pointer_return"": false, ""realloc"": false, ""setjmp"": false, ""static_local"": false, ""syscall"": false, ""third_party"": false, ""union"": false, ""va_list"": false, ""variadic"": false, ""void_pointer"": false}",TRIVIAL,no_significant_detected_blocker,[],medium
2,ecal-core,652e92f7cda2ab1f2d0056cb296b66c7a30c8fa8,ecal/core/src/serialization/ecal_serialize_sample_registration.cpp,74,80,function,SerializeParamSHM,7,"{""bitfield"": false, ""branch_complexity_proxy"": 1, ""c_array"": false, ""call_count"": 3, ""callback"": false, ""calloc"": false, ""conditional_compilation"": false, ""explicit_abi_boundary"": false, ""extern_declaration"": false, ""extern_or_abi_boundary"": false, ""flexible_array"": false, ""free"": false, ""function_pointer"": false, ""generated_source"": false, ""global_read"": false, ""global_write"": false, ""goto"": false, ""lexical_ambiguity"": false, ""longjmp"": false, ""macro_density"": 0.0, ""macro_generated_declaration"": false, ""macro_use"": false, ""malloc"": false, ""memcpy"": false, ""memmove"": false, ""memset"": false, ""mutable_global"": false, ""parameter_count"": 2, ""platform_specific"": false, ""pointer_arithmetic"": false, ""pointer_count"": 0, ""pointer_to_pointer"": false, ""raw_pointer_parameter"": false, ""raw_pointer_return"": false, ""realloc"": false, ""setjmp"": false, ""static_local"": false, ""syscall"": false, ""third_party"": false, ""union"": false, ""va_list"": false, ""variadic"": false, ""void_pointer"": false}",TRIVIAL,no_significant_detected_blocker,[],medium
2,ecal-core,652e92f7cda2ab1f2d0056cb296b66c7a30c8fa8,ecal/core/src/serialization/ecal_serialize_sample_registration.cpp,82,99,function,DeserializeParamSHM,18,"{""bitfield"": false, ""branch_complexity_proxy"": 2, ""c_array"": false, ""call_count"": 8, ""callback"": false, ""calloc"": false, ""conditional_compilation"": false, ""explicit_abi_boundary"": false, ""extern_declaration"": false, ""extern_or_abi_boundary"": false, ""flexible_array"": false, ""free"": false, ""function_pointer"": false, ""generated_source"": false, ""global_read"": false, ""global_write"": false, ""goto"": false, ""lexical_ambiguity"": false, ""longjmp"": false, ""macro_density"": 0.0, ""macro_generated_declaration"": false, ""macro_use"": false, ""malloc"": false, ""memcpy"": false, ""memmove"": false, ""memset"": false, ""mutable_global"": false, ""parameter_count"": 2, ""platform_specific"": false, ""pointer_arithmetic"": false, ""pointer_count"": 0, ""pointer_to_pointer"": false, ""raw_pointer_parameter"": false, ""raw_pointer_return"": false, ""realloc"": false, ""setjmp"": false, ""static_local"": false, ""syscall"": false, ""third_party"": false, ""union"": false, ""va_list"": false, ""variadic"": false, ""void_pointer"": false}",TRIVIAL,no_significant_detected_blocker,[],medium
2,ecal-core,652e92f7cda2ab1f2d0056cb296b66c7a30c8fa8,ecal/core/src/serialization/ecal_serialize_sample_registration.cpp,101,122,function,DeserializeConnectionPar,22,"{""bitfield"": false, ""branch_complexity_proxy"": 4, ""c_array"": false, ""call_count"": 9, ""callback"": false, ""calloc"": false, ""conditional_compilation"": false, ""explicit_abi_boundary"": false, ""extern_declaration"": false, ""extern_or_abi_boundary"": false, ""flexible_array"": false, ""free"": false, ""function_pointer"": false, ""generated_source"": false, ""global_read"": false, ""global_write"": false, ""goto"": false, ""lexical_ambiguity"": false, ""longjmp"": false, ""macro_density"": 0.0, ""macro_generated_declaration"": false, ""macro_use"": false, ""malloc"": false, ""memcpy"": false, ""memmove"": false, ""memset"": false, ""mutable_global"": false, ""parameter_count"": 2, ""platform_specific"": false, ""pointer_arithmetic"": false, ""pointer_count"": 0, ""pointer_to_pointer"": false, ""raw_pointer_parameter"": false, ""raw_pointer_return"": false, ""realloc"": false, ""setjmp"": false, ""static_local"": false, ""syscall"": false, ""third_party"": false, ""union"": false, ""va_list"": false, ""variadic"": false, ""void_pointer"": false}",TRIVIAL,no_significant_detected_blocker,[],medium
2,ecal-core,652e92f7cda2ab1f2d0056cb296b66c7a30c8fa8,ecal/core/src/serialization/ecal_serialize_sample_registration.cpp,125,164,function,SerializeTransportLayer,40,"{""bitfield"": false, ""branch_complexity_proxy"": 5, ""c_array"": false, ""call_count"": 9, ""callback"": false, ""calloc"": false, ""conditional_compilation"": false, ""explicit_abi_boundary"": false, ""extern_declaration"": false, ""extern_or_abi_boundary"": false, ""flexible_array"": false, ""free"": false, ""function_pointer"": false, ""generated_source"": false, ""global_read"": false, ""global_write"": false, ""goto"": false, ""lexical_ambiguity"": false, ""longjmp"": false, ""macro_density"": 0.0, ""macro_generated_declaration"": false, ""macro_use"": false, ""malloc"": false, ""memcpy"": false, ""memmove"": false, ""memset"": false, ""mutable_global"": false, ""parameter_count"": 2, ""platform_specific"": false, ""pointer_arithmetic"": false, ""pointer_count"": 0, ""pointer_to_pointer"": false, ""raw_pointer_parameter"": false, ""raw_pointer_return"": false, ""realloc"": false, ""setjmp"": false, ""static_local"": false, ""syscall"": false, ""third_party"": false, ""union"": false, ""va_list"": false, ""variadic"": false, ""void_pointer"": false}",TRIVIAL,no_significant_detected_blocker,[],medium
2,ecal-core,652e92f7cda2ab1f2d0056cb296b66c7a30c8fa8,ecal/core/src/serialization/ecal_serialize_sample_registration.cpp,166,194,function,DeserializeTransportLayer,29,"{""bitfield"": false, ""branch_complexity_proxy"": 6, ""c_array"": false, ""call_count"": 11, ""callback"": false, ""calloc"": false, ""conditional_compilation"": false, ""explicit_abi_boundary"": false, ""extern_declaration"": false, ""extern_or_abi_boundary"": false, ""flexible_array"": false, ""free"": false, ""function_pointer"": false, ""generated_source"": false, ""global_read"": false, ""global_write"": false, ""goto"": false, ""lexical_ambiguity"": false, ""longjmp"": false, ""macro_density"": 0.0, ""macro_generated_declaration"": false, ""macro_use"": false, ""malloc"": false, ""memcpy"": false, ""memmove"": false, ""memset"": false, ""mutable_global"": false, ""parameter_count"": 2, ""platform_specific"": false, ""pointer_arithmetic"": false, ""pointer_count"": 0, ""pointer_to_pointer"": false, ""raw_pointer_parameter"": false, ""raw_pointer_return"": false, ""realloc"": false, ""setjmp"": false, ""static_local"": false, ""syscall"": false, ""third_party"": false, ""union"": false, ""va_list"": false, ""variadic"": false, ""void_pointer"": false}",TRIVIAL,no_significant_detected_blocker,[],medium
2,ecal-core,652e92f7cda2ab1f2d0056cb296b66c7a30c8fa8,ecal/core/src/serialization/ecal_serialize_sample_registration.cpp,197,205,function,SerializeTopicStatistics,9,"{""bitfield"": false, ""branch_complexity_proxy"": 0, ""c_array"": false, ""call_count"": 7, ""callback"": false, ""calloc"": false, ""conditional_compilation"": false, ""explicit_abi_boundary"": false, ""extern_declaration"": false, ""extern_or_abi_boundary"": false, ""flexible_array"": false, ""free"": false, ""function_pointer"": false, ""generated_source"": false, ""global_read"": false, ""global_write"": false, ""goto"": false, ""lexical_ambiguity"": false, ""longjmp"": false, ""macro_density"": 0.0, ""macro_generated_declaration"": false, ""macro_use"": false, ""malloc"": false, ""memcpy"": false, ""memmove"": false, ""memset"": false, ""mutable_global"": false, ""parameter_count"": 2, ""platform_specific"": false, ""pointer_arithmetic"": false, ""pointer_count"": 0, ""pointer_to_pointer"": false, ""raw_pointer_parameter"": false, ""raw_pointer_return"": false, ""realloc"": false, ""setjmp"": false, ""static_local"": false, ""syscall"": false, ""third_party"": false, ""union"": false, ""va_list"": false, ""variadic"": false, ""void_pointer"": false}",TRIVIAL,no_significant_detected_blocker,[],medium
2,ecal-core,652e92f7cda2ab1f2d0056cb296b66c7a30c8fa8,ecal/core/src/serialization/ecal_serialize_sample_registration.cpp,207,236,function,DeserializeTopicStatistics,30,"{""bitfield"": false, ""branch_complexity_proxy"": 7, ""c_array"": false, ""call_count"": 12, ""callback"": false, ""calloc"": false, ""conditional_compilation"": false, ""explicit_abi_boundary"": false, ""extern_declaration"": false, ""extern_or_abi_boundary"": false, ""flexible_array"": false, ""free"": false, ""function_pointer"": false, ""generated_source"": false, ""global_read"": false, ""global_write"": false, ""goto"": false, ""lexical_ambiguity"": false, ""longjmp"": false, ""macro_density"": 0.0, ""macro_generated_declaration"": false, ""macro_use"": false, ""malloc"": false, ""memcpy"": false, ""memmove"": false, ""memset"": false, ""mutable_global"": false, ""parameter_count"": 2, ""platform_specific"": false, ""pointer_arithmetic"": false, ""pointer_count"": 0, ""pointer_to_pointer"": false, ""raw_pointer_parameter"": false, ""raw_pointer_return"": false, ""realloc"": false, ""setjmp"": false, ""static_local"": false, ""syscall"": false, ""third_party"": false, ""union"": false, ""va_list"": false, ""variadic"": false, ""void_pointer"": false}",TRIVIAL,no_significant_detected_blocker,[],medium
2,ecal-core,652e92f7cda2ab1f2d0056cb296b66c7a30c8fa8,ecal/core/src/serialization/ecal_serialize_sample_registration.cpp,239,289,function,SerializeTopicSample,51,"{""bitfield"": false, ""branch_complexity_proxy"": 1, ""c_array"": false, ""call_count"": 24, ""callback"": false, ""calloc"": false, ""conditional_compilation"": false, ""explicit_abi_boundary"": false, ""extern_declaration"": false, ""extern_or_abi_boundary"": false, ""flexible_array"": false, ""free"": false, ""function_pointer"": false, ""generated_source"": false, ""global_read"": false, ""global_write"": false, ""goto"": false, ""lexical_ambiguity"": false, ""longjmp"": false, ""macro_density"": 0.0, ""macro_generated_declaration"": false, ""macro_use"": false, ""malloc"": false, ""memcpy"": false, ""memmove"": false, ""memset"": false, ""mutable_global"": false, ""parameter_count"": 2, ""platform_specific"": false, ""pointer_arithmetic"": false, ""pointer_count"": 0, ""pointer_to_pointer"": false, ""raw_pointer_parameter"": false, ""raw_pointer_return"": false, ""realloc"": false, ""setjmp"": false, ""static_local"": false, ""syscall"": false, ""third_party"": false, ""union"": false, ""va_list"": false, ""variadic"": false, ""void_pointer"": false}",TRIVIAL,no_significant_detected_blocker,[],medium
2,ecal-core,652e92f7cda2ab1f2d0056cb296b66c7a30c8fa8,ecal/core/src/serialization/ecal_serialize_sample_registration.cpp,292,364,function,DeserializeTopicSample,73,"{""bitfield"": false, ""branch_complexity_proxy"": 20, ""c_array"": false, ""call_count"": 26, ""callback"": false, ""calloc"": false, ""conditional_compilation"": false, ""explicit_abi_boundary"": false, ""extern_declaration"": false, ""extern_or_abi_boundary"": false, ""flexible_array"": false, ""free"": false, ""function_pointer"": false, ""generated_source"": false, ""global_read"": false, ""global_write"": false, ""goto"": false, ""lexical_ambiguity"": false, ""longjmp"": false, ""macro_density"": 0.0, ""macro_generated_declaration"": false, ""macro_use"": false, ""malloc"": false, ""memcpy"": false, ""memmove"": false, ""memset"": false, ""mutable_global"": false, ""parameter_count"": 2, ""platform_specific"": false, ""pointer_arithmetic"": false, ""pointer_count"": 0, ""pointer_to_pointer"": false, ""raw_pointer_parameter"": false, ""raw_pointer_return"": false, ""realloc"": false, ""setjmp"": false, ""static_local"": true, ""syscall"": false, ""third_party"": false, ""union"": false, ""va_list"": false, ""variadic"": false, ""void_pointer"": false}",REFACTOR_THEN_DSL,static_local,[],medium
2,ecal-core,652e92f7cda2ab1f2d0056cb296b66c7a30c8fa8,ecal/core/src/serialization/ecal_serialize_sample_registration.cpp,367,402,function,SerializeProcessSample,36,"{""bitfield"": false, ""branch_complexity_proxy"": 0, ""c_array"": false, ""call_count"": 19, ""callback"": false, ""calloc"": false, ""conditional_compilation"": false, ""explicit_abi_boundary"": false, ""extern_declaration"": false, ""extern_or_abi_boundary"": false, ""flexible_array"": false, ""free"": false, ""function_pointer"": false, ""generated_source"": false, ""global_read"": false, ""global_write"": false, ""goto"": false, ""lexical_ambiguity"": false, ""longjmp"": false, ""macro_density"": 0.0, ""macro_generated_declaration"": false, ""macro_use"": false, ""malloc"": false, ""memcpy"": false, ""memmove"": false, ""memset"": false, ""mutable_global"": false, ""parameter_count"": 2, ""platform_specific"": false, ""pointer_arithmetic"": false, ""pointer_count"": 0, ""pointer_to_pointer"": false, ""raw_pointer_parameter"": false, ""raw_pointer_return"": false, ""realloc"": false, ""setjmp"": false, ""static_local"": false, ""syscall"": false, ""third_party"": false, ""union"": false, ""va_list"": false, ""variadic"": false, ""void_pointer"": false}",TRIVIAL,no_significant_detected_blocker,[],medium
2,ecal-core,652e92f7cda2ab1f2d0056cb296b66c7a30c8fa8,ecal/core/src/serialization/ecal_serialize_sample_registration.cpp,405,479,function,DeserializeProcessSample,75,"{""bitfield"": false, ""branch_complexity_proxy"": 19, ""c_array"": false, ""call_count"": 28, ""callback"": false, ""calloc"": false, ""conditional_compilation"": false, ""explicit_abi_boundary"": false, ""extern_declaration"": false, ""extern_or_abi_boundary"": false, ""flexible_array"": false, ""free"": false, ""function_pointer"": false, ""generated_source"": false, ""global_read"": false, ""global_write"": false, ""goto"": false, ""lexical_ambiguity"": false, ""longjmp"": false, ""macro_density"": 0.0, ""macro_generated_declaration"": false, ""macro_use"": false, ""malloc"": false, ""memcpy"": false, ""memmove"": false, ""memset"": false, ""mutable_global"": false, ""parameter_count"": 2, ""platform_specific"": false, ""pointer_arithmetic"": false, ""pointer_count"": 0, ""pointer_to_pointer"": false, ""raw_pointer_parameter"": false, ""raw_pointer_return"": false, ""realloc"": false, ""setjmp"": false, ""static_local"": false, ""syscall"": false, ""third_party"": false, ""union"": false, ""va_list"": false, ""variadic"": false, ""void_pointer"": false}",TRIVIAL,no_significant_detected_blocker,[],medium
2,ecal-core,652e92f7cda2ab1f2d0056cb296b66c7a30c8fa8,ecal/core/src/serialization/ecal_serialize_sample_registration.cpp,482,500,function,SerializeMethodSample,19,"{""bitfield"": false, ""branch_complexity_proxy"": 0, ""c_array"": false, ""call_count"": 9, ""callback"": false, ""calloc"": false, ""conditional_compilation"": false, ""explicit_abi_boundary"": false, ""extern_declaration"": false, ""extern_or_abi_boundary"": false, ""flexible_array"": false, ""free"": false, ""function_pointer"": false, ""generated_source"": false, ""global_read"": false, ""global_write"": false, ""goto"": false, ""lexical_ambiguity"": false, ""longjmp"": false, ""macro_density"": 0.0, ""macro_generated_declaration"": false, ""macro_use"": false, ""malloc"": false, ""memcpy"": false, ""memmove"": false, ""memset"": false, ""mutable_global"": false, ""parameter_count"": 2, ""platform_specific"": false, ""pointer_arithmetic"": false, ""pointer_count"": 0, ""pointer_to_pointer"": false, ""raw_pointer_parameter"": false, ""raw_pointer_return"": false, ""realloc"": false, ""setjmp"": false, ""static_local"": false, ""syscall"": false, ""third_party"": false, ""union"": false, ""va_list"": false, ""variadic"": false, ""void_pointer"": false}",TRIVIAL,no_significant_detected_blocker,[],medium
2,ecal-core,652e92f7cda2ab1f2d0056cb296b66c7a30c8fa8,ecal/core/src/serialization/ecal_serialize_sample_registration.cpp,502,537,function,DeserializeMethodSample,36,"{""bitfield"": false, ""branch_complexity_proxy"": 9, ""c_array"": false, ""call_count"": 14, ""callback"": false, ""calloc"": false, ""conditional_compilation"": false, ""explicit_abi_boundary"": false, ""extern_declaration"": false, ""extern_or_abi_boundary"": false, ""flexible_array"": false, ""free"": false, ""function_pointer"": false, ""generated_source"": false, ""global_read"": false, ""global_write"": false, ""goto"": false, ""lexical_ambiguity"": false, ""longjmp"": false, ""macro_density"": 0.0, ""macro_generated_declaration"": false, ""macro_use"": false, ""malloc"": false, ""memcpy"": false, ""memmove"": false, ""memset"": false, ""mutable_global"": false, ""parameter_count"": 2, ""platform_specific"": false, ""pointer_arithmetic"": false, ""pointer_count"": 0, ""pointer_to_pointer"": false, ""raw_pointer_parameter"": false, ""raw_pointer_return"": false, ""realloc"": false, ""setjmp"": false, ""static_local"": false, ""syscall"": false, ""third_party"": false, ""union"": false, ""va_list"": false, ""variadic"": false, ""void_pointer"": false}",TRIVIAL,no_significant_detected_blocker,[],medium
2,ecal-core,652e92f7cda2ab1f2d0056cb296b66c7a30c8fa8,ecal/core/src/serialization/ecal_serialize_sample_registration.cpp,540,573,function,SerializeServiceSample,34,"{""bitfield"": false, ""branch_complexity_proxy"": 1, ""c_array"": false, ""call_count"": 16, ""callback"": false, ""calloc"": false, ""conditional_compilation"": false, ""explicit_abi_boundary"": false, ""extern_declaration"": false, ""extern_or_abi_boundary"": false, ""flexible_array"": false, ""free"": false, ""function_pointer"": false, ""generated_source"": false, ""global_read"": false, ""global_write"": false, ""goto"": false, ""lexical_ambiguity"": false, ""longjmp"": false, ""macro_density"": 0.0, ""macro_generated_declaration"": false, ""macro_use"": false, ""malloc"": false, ""memcpy"": false, ""memmove"": false, ""memset"": false, ""mutable_global"": false, ""parameter_count"": 2, ""platform_specific"": false, ""pointer_arithmetic"": false, ""pointer_count"": 0, ""pointer_to_pointer"": false, ""raw_pointer_parameter"": false, ""raw_pointer_return"": false, ""realloc"": false, ""setjmp"": false, ""static_local"": false, ""syscall"": false, ""third_party"": false, ""union"": false, ""va_list"": false, ""variadic"": false, ""void_pointer"": false}",TRIVIAL,no_significant_detected_blocker,[],medium
2,ecal-core,652e92f7cda2ab1f2d0056cb296b66c7a30c8fa8,ecal/core/src/serialization/ecal_serialize_sample_registration.cpp,575,623,function,DeserializeServiceSample,49,"{""bitfield"": false, ""branch_complexity_proxy"": 12, ""c_array"": false, ""call_count"": 18, ""callback"": false, ""calloc"": false, ""conditional_compilation"": false, ""explicit_abi_boundary"": false, ""extern_declaration"": false, ""extern_or_abi_boundary"": false, ""flexible_array"": false, ""free"": false, ""function_pointer"": false, ""generated_source"": false, ""global_read"": false, ""global_write"": false, ""goto"": false, ""lexical_ambiguity"": false, ""longjmp"": false, ""macro_density"": 0.0, ""macro_generated_declaration"": false, ""macro_use"": false, ""malloc"": false, ""memcpy"": false, ""memmove"": false, ""memset"": false, ""mutable_global"": false, ""parameter_count"": 2, ""platform_specific"": false, ""pointer_arithmetic"": false, ""pointer_count"": 0, ""pointer_to_pointer"": false, ""raw_pointer_parameter"": false, ""raw_pointer_return"": false, ""realloc"": false, ""setjmp"": false, ""static_local"": true, ""syscall"": false, ""third_party"": false, ""union"": false, ""va_list"": false, ""variadic"": false, ""void_pointer"": false}",REFACTOR_THEN_DSL,static_local,[],medium
2,ecal-core,652e92f7cda2ab1f2d0056cb296b66c7a30c8fa8,ecal/core/src/serialization/ecal_serialize_sample_registration.cpp,626,653,function,SerializeClientSample,28,"{""bitfield"": false, ""branch_complexity_proxy"": 1, ""c_array"": false, ""call_count"": 14, ""callback"": false, ""calloc"": false, ""conditional_compilation"": false, ""explicit_abi_boundary"": false, ""extern_declaration"": false, ""extern_or_abi_boundary"": false, ""flexible_array"": false, ""free"": false, ""function_pointer"": false, ""generated_source"": false, ""global_read"": false, ""global_write"": false, ""goto"": false, ""lexical_ambiguity"": false, ""longjmp"": false, ""macro_density"": 0.0, ""macro_generated_declaration"": false, ""macro_use"": false, ""malloc"": false, ""memcpy"": false, ""memmove"": false, ""memset"": false, ""mutable_global"": false, ""parameter_count"": 2, ""platform_specific"": false, ""pointer_arithmetic"": false, ""pointer_count"": 0, ""pointer_to_pointer"": false, ""raw_pointer_parameter"": false, ""raw_pointer_return"": false, ""realloc"": false, ""setjmp"": false, ""static_local"": false, ""syscall"": false, ""third_party"": false, ""union"": false, ""va_list"": false, ""variadic"": false, ""void_pointer"": false}",TRIVIAL,no_significant_detected_blocker,[],medium
2,ecal-core,652e92f7cda2ab1f2d0056cb296b66c7a30c8fa8,ecal/core/src/serialization/ecal_serialize_sample_registration.cpp,655,697,function,DeserializeClientSample,43,"{""bitfield"": false, ""branch_complexity_proxy"": 10, ""c_array"": false, ""call_count"": 16, ""callback"": false, ""calloc"": false, ""conditional_compilation"": false, ""explicit_abi_boundary"": false, ""extern_declaration"": false, ""extern_or_abi_boundary"": false, ""flexible_array"": false, ""free"": false, ""function_pointer"": false, ""generated_source"": false, ""global_read"": false, ""global_write"": false, ""goto"": false, ""lexical_ambiguity"": false, ""longjmp"": false, ""macro_density"": 0.0, ""macro_generated_declaration"": false, ""macro_use"": false, ""malloc"": false, ""memcpy"": false, ""memmove"": false, ""memset"": false, ""mutable_global"": false, ""parameter_count"": 2, ""platform_specific"": false, ""pointer_arithmetic"": false, ""pointer_count"": 0, ""pointer_to_pointer"": false, ""raw_pointer_parameter"": false, ""raw_pointer_return"": false, ""realloc"": false, ""setjmp"": false, ""static_local"": true, ""syscall"": false, ""third_party"": false, ""union"": false, ""va_list"": false, ""variadic"": false, ""void_pointer"": false}",REFACTOR_THEN_DSL,static_local,[],medium
2,ecal-core,652e92f7cda2ab1f2d0056cb296b66c7a30c8fa8,ecal/core/src/serialization/ecal_serialize_sample_registration.cpp,700,724,function,SerializeRegistrationSample,25,"{""bitfield"": false, ""branch_complexity_proxy"": 12, ""c_array"": false, ""call_count"": 6, ""callback"": false, ""calloc"": false, ""conditional_compilation"": false, ""explicit_abi_boundary"": false, ""extern_declaration"": false, ""extern_or_abi_boundary"": false, ""flexible_array"": false, ""free"": false, ""function_pointer"": false, ""generated_source"": false, ""global_read"": false, ""global_write"": false, ""goto"": false, ""lexical_ambiguity"": false, ""longjmp"": false, ""macro_density"": 0.0, ""macro_generated_declaration"": false, ""macro_use"": false, ""malloc"": false, ""memcpy"": false, ""memmove"": false, ""memset"": false, ""mutable_global"": false, ""parameter_count"": 2, ""platform_specific"": false, ""pointer_arithmetic"": false, ""pointer_count"": 0, ""pointer_to_pointer"": false, ""raw_pointer_parameter"": false, ""raw_pointer_return"": false, ""realloc"": false, ""setjmp"": false, ""static_local"": false, ""syscall"": false, ""third_party"": false, ""union"": false, ""va_list"": false, ""variadic"": false, ""void_pointer"": false}",TRIVIAL,no_significant_detected_blocker,[],medium
2,ecal-core,652e92f7cda2ab1f2d0056cb296b66c7a30c8fa8,ecal/core/src/serialization/ecal_serialize_sample_registration.cpp,726,757,function,DeserializeRegistrationSample,32,"{""bitfield"": false, ""branch_complexity_proxy"": 6, ""c_array"": false, ""call_count"": 13, ""callback"": false, ""calloc"": false, ""conditional_compilation"": false, ""explicit_abi_boundary"": false, ""extern_declaration"": false, ""extern_or_abi_boundary"": false, ""flexible_array"": false, ""free"": false, ""function_pointer"": false, ""generated_source"": false, ""global_read"": false, ""global_write"": false, ""goto"": false, ""lexical_ambiguity"": false, ""longjmp"": false, ""macro_density"": 0.0, ""macro_generated_declaration"": false, ""macro_use"": false, ""malloc"": false, ""memcpy"": false, ""memmove"": false, ""memset"": false, ""mutable_global"": false, ""parameter_count"": 2, ""platform_specific"": false, ""pointer_arithmetic"": false, ""pointer_count"": 0, ""pointer_to_pointer"": false, ""raw_pointer_parameter"": false, ""raw_pointer_return"": false, ""realloc"": false, ""setjmp"": false, ""static_local"": false, ""syscall"": false, ""third_party"": false, ""union"": false, ""va_list"": false, ""variadic"": false, ""void_pointer"": false}",TRIVIAL,no_significant_detected_blocker,[],medium
2,ecal-core,652e92f7cda2ab1f2d0056cb296b66c7a30c8fa8,ecal/core/src/serialization/ecal_serialize_sample_registration.cpp,760,767,function,SerializeRegistrationSampleList,8,"{""bitfield"": false, ""branch_complexity_proxy"": 1, ""c_array"": false, ""call_count"": 3, ""callback"": false, ""calloc"": false, ""conditional_compilation"": false, ""explicit_abi_boundary"": false, ""extern_declaration"": false, ""extern_or_abi_boundary"": false, ""flexible_array"": false, ""free"": false, ""function_pointer"": false, ""generated_source"": false, ""global_read"": false, ""global_write"": false, ""goto"": false, ""lexical_ambiguity"": false, ""longjmp"": false, ""macro_density"": 0.0, ""macro_generated_declaration"": false, ""macro_use"": false, ""malloc"": false, ""memcpy"": false, ""memmove"": false, ""memset"": false, ""mutable_global"": false, ""parameter_count"": 2, ""platform_specific"": false, ""pointer_arithmetic"": false, ""pointer_count"": 0, ""pointer_to_pointer"": false, ""raw_pointer_parameter"": false, ""raw_pointer_return"": false, ""realloc"": false, ""setjmp"": false, ""static_local"": false, ""syscall"": false, ""third_party"": false, ""union"": false, ""va_list"": false, ""variadic"": false, ""void_pointer"": false}",TRIVIAL,no_significant_detected_blocker,[],medium
2,ecal-core,652e92f7cda2ab1f2d0056cb296b66c7a30c8fa8,ecal/core/src/serialization/ecal_serialize_sample_registration.cpp,769,783,function,DeserializeRegistrationSampleList,15,"{""bitfield"": false, ""branch_complexity_proxy"": 2, ""c_array"": false, ""call_count"": 7, ""callback"": false, ""calloc"": false, ""conditional_compilation"": false, ""explicit_abi_boundary"": false, ""extern_declaration"": false, ""extern_or_abi_boundary"": false, ""flexible_array"": false, ""free"": false, ""function_pointer"": false, ""generated_source"": false, ""global_read"": false, ""global_write"": false, ""goto"": false, ""lexical_ambiguity"": false, ""longjmp"": false, ""macro_density"": 0.0, ""macro_generated_declaration"": false, ""macro_use"": false, ""malloc"": false, ""memcpy"": false, ""memmove"": false, ""memset"": false, ""mutable_global"": false, ""parameter_count"": 2, ""platform_specific"": false, ""pointer_arithmetic"": false, ""pointer_count"": 0, ""pointer_to_pointer"": false, ""raw_pointer_parameter"": false, ""raw_pointer_return"": false, ""realloc"": false, ""setjmp"": false, ""static_local"": false, ""syscall"": false, ""third_party"": false, ""union"": false, ""va_list"": false, ""variadic"": false, ""void_pointer"": false}",TRIVIAL,no_significant_detected_blocker,[],medium
2,ecal-core,652e92f7cda2ab1f2d0056cb296b66c7a30c8fa8,ecal/core/src/serialization/ecal_serialize_sample_registration.cpp,791,797,function,SerializeToBuffer,7,"{""bitfield"": false, ""branch_complexity_proxy"": 0, ""c_array"": false, ""call_count"": 3, ""callback"": false, ""calloc"": false, ""conditional_compilation"": false, ""explicit_abi_boundary"": false, ""extern_declaration"": false, ""extern_or_abi_boundary"": false, ""flexible_array"": false, ""free"": false, ""function_pointer"": false, ""generated_source"": false, ""global_read"": false, ""global_write"": false, ""goto"": false, ""lexical_ambiguity"": false, ""longjmp"": false, ""macro_density"": 0.0, ""macro_generated_declaration"": false, ""macro_use"": false, ""malloc"": false, ""memcpy"": false, ""memmove"": false, ""memset"": false, ""mutable_global"": false, ""parameter_count"": 2, ""platform_specific"": false, ""pointer_arithmetic"": false, ""pointer_count"": 0, ""pointer_to_pointer"": false, ""raw_pointer_parameter"": false, ""raw_pointer_return"": false, ""realloc"": false, ""setjmp"": false, ""static_local"": false, ""syscall"": false, ""third_party"": false, ""union"": false, ""va_list"": false, ""variadic"": false, ""void_pointer"": false}",TRIVIAL,no_significant_detected_blocker,[],medium
2,ecal-core,652e92f7cda2ab1f2d0056cb296b66c7a30c8fa8,ecal/core/src/serialization/ecal_serialize_sample_registration.cpp,799,805,function,SerializeToBuffer,7,"{""bitfield"": false, ""branch_complexity_proxy"": 0, ""c_array"": false, ""call_count"": 3, ""callback"": false, ""calloc"": false, ""conditional_compilation"": false, ""explicit_abi_boundary"": false, ""extern_declaration"": false, ""extern_or_abi_boundary"": false, ""flexible_array"": false, ""free"": false, ""function_pointer"": false, ""generated_source"": false, ""global_read"": false, ""global_write"": false, ""goto"": false, ""lexical_ambiguity"": false, ""longjmp"": false, ""macro_density"": 0.0, ""macro_generated_declaration"": false, ""macro_use"": false, ""malloc"": false, ""memcpy"": false, ""memmove"": false, ""memset"": false, ""mutable_global"": false, ""parameter_count"": 2, ""platform_specific"": false, ""pointer_arithmetic"": false, ""pointer_count"": 0, ""pointer_to_pointer"": false, ""raw_pointer_parameter"": false, ""raw_pointer_return"": false, ""realloc"": false, ""setjmp"": false, ""static_local"": false, ""syscall"": false, ""third_party"": false, ""union"": false, ""va_list"": false, ""variadic"": false, ""void_pointer"": false}",TRIVIAL,no_significant_detected_blocker,[],medium
2,ecal-core,652e92f7cda2ab1f2d0056cb296b66c7a30c8fa8,ecal/core/src/serialization/ecal_serialize_sample_registration.cpp,807,821,function,DeserializeFromBuffer,15,"{""bitfield"": false, ""branch_complexity_proxy"": 0, ""c_array"": false, ""call_count"": 5, ""callback"": false, ""calloc"": false, ""conditional_compilation"": false, ""explicit_abi_boundary"": false, ""extern_declaration"": false, ""extern_or_abi_boundary"": false, ""flexible_array"": false, ""free"": false, ""function_pointer"": false, ""generated_source"": false, ""global_read"": false, ""global_write"": false, ""goto"": false, ""lexical_ambiguity"": false, ""longjmp"": false, ""macro_density"": 0.0, ""macro_generated_declaration"": false, ""macro_use"": false, ""malloc"": false, ""memcpy"": false, ""memmove"": false, ""memset"": false, ""mutable_global"": false, ""parameter_count"": 3, ""platform_specific"": false, ""pointer_arithmetic"": false, ""pointer_count"": 1, ""pointer_to_pointer"": false, ""raw_pointer_parameter"": true, ""raw_pointer_return"": false, ""realloc"": false, ""setjmp"": false, ""static_local"": false, ""syscall"": false, ""third_party"": false, ""union"": false, ""va_list"": false, ""variadic"": false, ""void_pointer"": false}",TRIVIAL,no_significant_detected_blocker,"[""raw_pointer_parameter""]",medium
2,ecal-core,652e92f7cda2ab1f2d0056cb296b66c7a30c8fa8,ecal/core/src/serialization/ecal_serialize_sample_registration.cpp,823,829,function,SerializeToBuffer,7,"{""bitfield"": false, ""branch_complexity_proxy"": 0, ""c_array"": false, ""call_count"": 3, ""callback"": false, ""calloc"": false, ""conditional_compilation"": false, ""explicit_abi_boundary"": false, ""extern_declaration"": false, ""extern_or_abi_boundary"": false, ""flexible_array"": false, ""free"": false, ""function_pointer"": false, ""generated_source"": false, ""global_read"": false, ""global_write"": false, ""goto"": false, ""lexical_ambiguity"": false, ""longjmp"": false, ""macro_density"": 0.0, ""macro_generated_declaration"": false, ""macro_use"": false, ""malloc"": false, ""memcpy"": false, ""memmove"": false, ""memset"": false, ""mutable_global"": false, ""parameter_count"": 2, ""platform_specific"": false, ""pointer_arithmetic"": false, ""pointer_count"": 0, ""pointer_to_pointer"": false, ""raw_pointer_parameter"": false, ""raw_pointer_return"": false, ""realloc"": false, ""setjmp"": false, ""static_local"": false, ""syscall"": false, ""third_party"": false, ""union"": false, ""va_list"": false, ""variadic"": false, ""void_pointer"": false}",TRIVIAL,no_significant_detected_blocker,[],medium
2,ecal-core,652e92f7cda2ab1f2d0056cb296b66c7a30c8fa8,ecal/core/src/serialization/ecal_serialize_sample_registration.cpp,831,837,function,SerializeToBuffer,7,"{""bitfield"": false, ""branch_complexity_proxy"": 0, ""c_array"": false, ""call_count"": 3, ""callback"": false, ""calloc"": false, ""conditional_compilation"": false, ""explicit_abi_boundary"": false, ""extern_declaration"": false, ""extern_or_abi_boundary"": false, ""flexible_array"": false, ""free"": false, ""function_pointer"": false, ""generated_source"": false, ""global_read"": false, ""global_write"": false, ""goto"": false, ""lexical_ambiguity"": false, ""longjmp"": false, ""macro_density"": 0.0, ""macro_generated_declaration"": false, ""macro_use"": false, ""malloc"": false, ""memcpy"": false, ""memmove"": false, ""memset"": false, ""mutable_global"": false, ""parameter_count"": 2, ""platform_specific"": false, ""pointer_arithmetic"": false, ""pointer_count"": 0, ""pointer_to_pointer"": false, ""raw_pointer_parameter"": false, ""raw_pointer_return"": false, ""realloc"": false, ""setjmp"": false, ""static_local"": false, ""syscall"": false, ""third_party"": false, ""union"": false, ""va_list"": false, ""variadic"": false, ""void_pointer"": false}",TRIVIAL,no_significant_detected_blocker,[],medium
2,ecal-core,652e92f7cda2ab1f2d0056cb296b66c7a30c8fa8,ecal/core/src/serialization/ecal_serialize_sample_registration.cpp,839,853,function,DeserializeFromBuffer,15,"{""bitfield"": false, ""branch_complexity_proxy"": 0, ""c_array"": false, ""call_count"": 5, ""callback"": false, ""calloc"": false, ""conditional_compilation"": false, ""explicit_abi_boundary"": false, ""extern_declaration"": false, ""extern_or_abi_boundary"": false, ""flexible_array"": false, ""free"": false, ""function_pointer"": false, ""generated_source"": false, ""global_read"": false, ""global_write"": false, ""goto"": false, ""lexical_ambiguity"": false, ""longjmp"": false, ""macro_density"": 0.0, ""macro_generated_declaration"": false, ""macro_use"": false, ""malloc"": false, ""memcpy"": false, ""memmove"": false, ""memset"": false, ""mutable_global"": false, ""parameter_count"": 3, ""platform_specific"": false, ""pointer_arithmetic"": false, ""pointer_count"": 1, ""pointer_to_pointer"": false, ""raw_pointer_parameter"": true, ""raw_pointer_return"": false, ""realloc"": false, ""setjmp"": false, ""static_local"": false, ""syscall"": false, ""third_party"": false, ""union"": false, ""va_list"": false, ""variadic"": false, ""void_pointer"": false}",TRIVIAL,no_significant_detected_blocker,"[""raw_pointer_parameter""]",medium
2,ecal-core,652e92f7cda2ab1f2d0056cb296b66c7a30c8fa8,ecal/core/src/serialization/ecal_serialize_service.cpp,42,51,function,SerializeServiceHeader,10,"{""bitfield"": false, ""branch_complexity_proxy"": 0, ""c_array"": false, ""call_count"": 8, ""callback"": false, ""calloc"": false, ""conditional_compilation"": false, ""explicit_abi_boundary"": false, ""extern_declaration"": false, ""extern_or_abi_boundary"": false, ""flexible_array"": false, ""free"": false, ""function_pointer"": false, ""generated_source"": false, ""global_read"": false, ""global_write"": false, ""goto"": false, ""lexical_ambiguity"": false, ""longjmp"": false, ""macro_density"": 0.0, ""macro_generated_declaration"": false, ""macro_use"": false, ""malloc"": false, ""memcpy"": false, ""memmove"": false, ""memset"": false, ""mutable_global"": false, ""parameter_count"": 2, ""platform_specific"": false, ""pointer_arithmetic"": false, ""pointer_count"": 0, ""pointer_to_pointer"": false, ""raw_pointer_parameter"": false, ""raw_pointer_return"": false, ""realloc"": false, ""setjmp"": false, ""static_local"": false, ""syscall"": false, ""third_party"": false, ""union"": false, ""va_list"": false, ""variadic"": false, ""void_pointer"": false}",TRIVIAL,no_significant_detected_blocker,[],medium
2,ecal-core,652e92f7cda2ab1f2d0056cb296b66c7a30c8fa8,ecal/core/src/serialization/ecal_serialize_service.cpp,53,84,function,DeserializeServiceHeader,32,"{""bitfield"": false, ""branch_complexity_proxy"": 8, ""c_array"": false, ""call_count"": 13, ""callback"": false, ""calloc"": false, ""conditional_compilation"": false, ""explicit_abi_boundary"": false, ""extern_declaration"": false, ""extern_or_abi_boundary"": false, ""flexible_array"": false, ""free"": false, ""function_pointer"": false, ""generated_source"": false, ""global_read"": false, ""global_write"": false, ""goto"": false, ""lexical_ambiguity"": false, ""longjmp"": false, ""macro_density"": 0.0, ""macro_generated_declaration"": false, ""macro_use"": false, ""malloc"": false, ""memcpy"": false, ""memmove"": false, ""memset"": false, ""mutable_global"": false, ""parameter_count"": 2, ""platform_specific"": false, ""pointer_arithmetic"": false, ""pointer_count"": 0, ""pointer_to_pointer"": false, ""raw_pointer_parameter"": false, ""raw_pointer_return"": false, ""realloc"": false, ""setjmp"": false, ""static_local"": false, ""syscall"": false, ""third_party"": false, ""union"": false, ""va_list"": false, ""variadic"": false, ""void_pointer"": false}",TRIVIAL,no_significant_detected_blocker,[],medium
2,ecal-core,652e92f7cda2ab1f2d0056cb296b66c7a30c8fa8,ecal/core/src/serialization/ecal_serialize_service.cpp,87,94,function,SerializeServiceRequest,8,"{""bitfield"": false, ""branch_complexity_proxy"": 0, ""c_array"": false, ""call_count"": 3, ""callback"": false, ""calloc"": false, ""conditional_compilation"": false, ""explicit_abi_boundary"": false, ""extern_declaration"": false, ""extern_or_abi_boundary"": false, ""flexible_array"": false, ""free"": false, ""function_pointer"": false, ""generated_source"": false, ""global_read"": false, ""global_write"": false, ""goto"": false, ""lexical_ambiguity"": false, ""longjmp"": false, ""macro_density"": 0.0, ""macro_generated_declaration"": false, ""macro_use"": false, ""malloc"": false, ""memcpy"": false, ""memmove"": false, ""memset"": false, ""mutable_global"": false, ""parameter_count"": 2, ""platform_specific"": false, ""pointer_arithmetic"": false, ""pointer_count"": 0, ""pointer_to_pointer"": false, ""raw_pointer_parameter"": false, ""raw_pointer_return"": false, ""realloc"": false, ""setjmp"": false, ""static_local"": false, ""syscall"": false, ""third_party"": false, ""union"": false, ""va_list"": false, ""variadic"": false, ""void_pointer"": false}",TRIVIAL,no_significant_detected_blocker,[],medium
2,ecal-core,652e92f7cda2ab1f2d0056cb296b66c7a30c8fa8,ecal/core/src/serialization/ecal_serialize_service.cpp,96,112,function,DeserializeServiceRequest,17,"{""bitfield"": false, ""branch_complexity_proxy"": 3, ""c_array"": false, ""call_count"": 8, ""callback"": false, ""calloc"": false, ""conditional_compilation"": false, ""explicit_abi_boundary"": false, ""extern_declaration"": false, ""extern_or_abi_boundary"": false, ""flexible_array"": false, ""free"": false, ""function_pointer"": false, ""generated_source"": false, ""global_read"": false, ""global_write"": false, ""goto"": false, ""lexical_ambiguity"": false, ""longjmp"": false, ""macro_density"": 0.0, ""macro_generated_declaration"": false, ""macro_use"": false, ""malloc"": false, ""memcpy"": false, ""memmove"": false, ""memset"": false, ""mutable_global"": false, ""parameter_count"": 2, ""platform_specific"": false, ""pointer_arithmetic"": false, ""pointer_count"": 0, ""pointer_to_pointer"": false, ""raw_pointer_parameter"": false, ""raw_pointer_return"": false, ""realloc"": false, ""setjmp"": false, ""static_local"": false, ""syscall"": false, ""third_party"": false, ""union"": false, ""va_list"": false, ""variadic"": false, ""void_pointer"": false}",TRIVIAL,no_significant_detected_blocker,[],medium
2,ecal-core,652e92f7cda2ab1f2d0056cb296b66c7a30c8fa8,ecal/core/src/serialization/ecal_serialize_service.cpp,115,123,function,SerializeServiceResponse,9,"{""bitfield"": false, ""branch_complexity_proxy"": 0, ""c_array"": false, ""call_count"": 4, ""callback"": false, ""calloc"": false, ""conditional_compilation"": false, ""explicit_abi_boundary"": false, ""extern_declaration"": false, ""extern_or_abi_boundary"": false, ""flexible_array"": false, ""free"": false, ""function_pointer"": false, ""generated_source"": false, ""global_read"": false, ""global_write"": false, ""goto"": false, ""lexical_ambiguity"": false, ""longjmp"": false, ""macro_density"": 0.0, ""macro_generated_declaration"": false, ""macro_use"": false, ""malloc"": false, ""memcpy"": false, ""memmove"": false, ""memset"": false, ""mutable_global"": false, ""parameter_count"": 2, ""platform_specific"": false, ""pointer_arithmetic"": false, ""pointer_count"": 0, ""pointer_to_pointer"": false, ""raw_pointer_parameter"": false, ""raw_pointer_return"": false, ""realloc"": false, ""setjmp"": false, ""static_local"": false, ""syscall"": false, ""third_party"": false, ""union"": false, ""va_list"": false, ""variadic"": false, ""void_pointer"": false}",TRIVIAL,no_significant_detected_blocker,[],medium
2,ecal-core,652e92f7cda2ab1f2d0056cb296b66c7a30c8fa8,ecal/core/src/serialization/ecal_serialize_service.cpp,125,144,function,DeserializeServiceResponse,20,"{""bitfield"": false, ""branch_complexity_proxy"": 4, ""c_array"": false, ""call_count"": 9, ""callback"": false, ""calloc"": false, ""conditional_compilation"": false, ""explicit_abi_boundary"": false, ""extern_declaration"": false, ""extern_or_abi_boundary"": false, ""flexible_array"": false, ""free"": false, ""function_pointer"": false, ""generated_source"": false, ""global_read"": false, ""global_write"": false, ""goto"": false, ""lexical_ambiguity"": false, ""longjmp"": false, ""macro_density"": 0.0, ""macro_generated_declaration"": false, ""macro_use"": false, ""malloc"": false, ""memcpy"": false, ""memmove"": false, ""memset"": false, ""mutable_global"": false, ""parameter_count"": 2, ""platform_specific"": false, ""pointer_arithmetic"": false, ""pointer_count"": 0, ""pointer_to_pointer"": false, ""raw_pointer_parameter"": false, ""raw_pointer_return"": false, ""realloc"": false, ""setjmp"": false, ""static_local"": false, ""syscall"": false, ""third_party"": false, ""union"": false, ""va_list"": false, ""variadic"": false, ""void_pointer"": false}",TRIVIAL,no_significant_detected_blocker,[],medium
2,ecal-core,652e92f7cda2ab1f2d0056cb296b66c7a30c8fa8,ecal/core/src/serialization/ecal_serialize_service.cpp,152,158,function,SerializeToBuffer,7,"{""bitfield"": false, ""branch_complexity_proxy"": 0, ""c_array"": false, ""call_count"": 3, ""callback"": false, ""calloc"": false, ""conditional_compilation"": false, ""explicit_abi_boundary"": false, ""extern_declaration"": false, ""extern_or_abi_boundary"": false, ""flexible_array"": false, ""free"": false, ""function_pointer"": false, ""generated_source"": false, ""global_read"": false, ""global_write"": false, ""goto"": false, ""lexical_ambiguity"": false, ""longjmp"": false, ""macro_density"": 0.0, ""macro_generated_declaration"": false, ""macro_use"": false, ""malloc"": false, ""memcpy"": false, ""memmove"": false, ""memset"": false, ""mutable_global"": false, ""parameter_count"": 2, ""platform_specific"": false, ""pointer_arithmetic"": false, ""pointer_count"": 0, ""pointer_to_pointer"": false, ""raw_pointer_parameter"": false, ""raw_pointer_return"": false, ""realloc"": false, ""setjmp"": false, ""static_local"": false, ""syscall"": false, ""third_party"": false, ""union"": false, ""va_list"": false, ""variadic"": false, ""void_pointer"": false}",TRIVIAL,no_significant_detected_blocker,[],medium
2,ecal-core,652e92f7cda2ab1f2d0056cb296b66c7a30c8fa8,ecal/core/src/serialization/ecal_serialize_service.cpp,160,166,function,SerializeToBuffer,7,"{""bitfield"": false, ""branch_complexity_proxy"": 0, ""c_array"": false, ""call_count"": 3, ""callback"": false, ""calloc"": false, ""conditional_compilation"": false, ""explicit_abi_boundary"": false, ""extern_declaration"": false, ""extern_or_abi_boundary"": false, ""flexible_array"": false, ""free"": false, ""function_pointer"": false, ""generated_source"": false, ""global_read"": false, ""global_write"": false, ""goto"": false, ""lexical_ambiguity"": false, ""longjmp"": false, ""macro_density"": 0.0, ""macro_generated_declaration"": false, ""macro_use"": false, ""malloc"": false, ""memcpy"": false, ""memmove"": false, ""memset"": false, ""mutable_global"": false, ""parameter_count"": 2, ""platform_specific"": false, ""pointer_arithmetic"": false, ""pointer_count"": 0, ""pointer_to_pointer"": false, ""raw_pointer_parameter"": false, ""raw_pointer_return"": false, ""realloc"": false, ""setjmp"": false, ""static_local"": false, ""syscall"": false, ""third_party"": false, ""union"": false, ""va_list"": false, ""variadic"": false, ""void_pointer"": false}",TRIVIAL,no_significant_detected_blocker,[],medium
2,ecal-core,652e92f7cda2ab1f2d0056cb296b66c7a30c8fa8,ecal/core/src/serialization/ecal_serialize_service.cpp,168,182,function,DeserializeFromBuffer,15,"{""bitfield"": false, ""branch_complexity_proxy"": 0, ""c_array"": false, ""call_count"": 5, ""callback"": false, ""calloc"": false, ""conditional_compilation"": false, ""explicit_abi_boundary"": false, ""extern_declaration"": false, ""extern_or_abi_boundary"": false, ""flexible_array"": false, ""free"": false, ""function_pointer"": false, ""generated_source"": false, ""global_read"": false, ""global_write"": false, ""goto"": false, ""lexical_ambiguity"": false, ""longjmp"": false, ""macro_density"": 0.0, ""macro_generated_declaration"": false, ""macro_use"": false, ""malloc"": false, ""memcpy"": false, ""memmove"": false, ""memset"": false, ""mutable_global"": false, ""parameter_count"": 3, ""platform_specific"": false, ""pointer_arithmetic"": false, ""pointer_count"": 1, ""pointer_to_pointer"": false, ""raw_pointer_parameter"": true, ""raw_pointer_return"": false, ""realloc"": false, ""setjmp"": false, ""static_local"": false, ""syscall"": false, ""third_party"": false, ""union"": false, ""va_list"": false, ""variadic"": false, ""void_pointer"": false}",TRIVIAL,no_significant_detected_blocker,"[""raw_pointer_parameter""]",medium
2,ecal-core,652e92f7cda2ab1f2d0056cb296b66c7a30c8fa8,ecal/core/src/serialization/ecal_serialize_service.cpp,185,191,function,SerializeToBuffer,7,"{""bitfield"": false, ""branch_complexity_proxy"": 0, ""c_array"": false, ""call_count"": 3, ""callback"": false, ""calloc"": false, ""conditional_compilation"": false, ""explicit_abi_boundary"": false, ""extern_declaration"": false, ""extern_or_abi_boundary"": false, ""flexible_array"": false, ""free"": false, ""function_pointer"": false, ""generated_source"": false, ""global_read"": false, ""global_write"": false, ""goto"": false, ""lexical_ambiguity"": false, ""longjmp"": false, ""macro_density"": 0.0, ""macro_generated_declaration"": false, ""macro_use"": false, ""malloc"": false, ""memcpy"": false, ""memmove"": false, ""memset"": false, ""mutable_global"": false, ""parameter_count"": 2, ""platform_specific"": false, ""pointer_arithmetic"": false, ""pointer_count"": 0, ""pointer_to_pointer"": false, ""raw_pointer_parameter"": false, ""raw_pointer_return"": false, ""realloc"": false, ""setjmp"": false, ""static_local"": false, ""syscall"": false, ""third_party"": false, ""union"": false, ""va_list"": false, ""variadic"": false, ""void_pointer"": false}",TRIVIAL,no_significant_detected_blocker,[],medium
2,ecal-core,652e92f7cda2ab1f2d0056cb296b66c7a30c8fa8,ecal/core/src/serialization/ecal_serialize_service.cpp,193,199,function,SerializeToBuffer,7,"{""bitfield"": false, ""branch_complexity_proxy"": 0, ""c_array"": false, ""call_count"": 3, ""callback"": false, ""calloc"": false, ""conditional_compilation"": false, ""explicit_abi_boundary"": false, ""extern_declaration"": false, ""extern_or_abi_boundary"": false, ""flexible_array"": false, ""free"": false, ""function_pointer"": false, ""generated_source"": false, ""global_read"": false, ""global_write"": false, ""goto"": false, ""lexical_ambiguity"": false, ""longjmp"": false, ""macro_density"": 0.0, ""macro_generated_declaration"": false, ""macro_use"": false, ""malloc"": false, ""memcpy"": false, ""memmove"": false, ""memset"": false, ""mutable_global"": false, ""parameter_count"": 2, ""platform_specific"": false, ""pointer_arithmetic"": false, ""pointer_count"": 0, ""pointer_to_pointer"": false, ""raw_pointer_parameter"": false, ""raw_pointer_return"": false, ""realloc"": false, ""setjmp"": false, ""static_local"": false, ""syscall"": false, ""third_party"": false, ""union"": false, ""va_list"": false, ""variadic"": false, ""void_pointer"": false}",TRIVIAL,no_significant_detected_blocker,[],medium
2,ecal-core,652e92f7cda2ab1f2d0056cb296b66c7a30c8fa8,ecal/core/src/serialization/ecal_serialize_service.cpp,201,215,function,DeserializeFromBuffer,15,"{""bitfield"": false, ""branch_complexity_proxy"": 0, ""c_array"": false, ""call_count"": 5, ""callback"": false, ""calloc"": false, ""conditional_compilation"": false, ""explicit_abi_boundary"": false, ""extern_declaration"": false, ""extern_or_abi_boundary"": false, ""flexible_array"": false, ""free"": false, ""function_pointer"": false, ""generated_source"": false, ""global_read"": false, ""global_write"": false, ""goto"": false, ""lexical_ambiguity"": false, ""longjmp"": false, ""macro_density"": 0.0, ""macro_generated_declaration"": false, ""macro_use"": false, ""malloc"": false, ""memcpy"": false, ""memmove"": false, ""memset"": false, ""mutable_global"": false, ""parameter_count"": 3, ""platform_specific"": false, ""pointer_arithmetic"": false, ""pointer_count"": 1, ""pointer_to_pointer"": false, ""raw_pointer_parameter"": true, ""raw_pointer_return"": false, ""realloc"": false, ""setjmp"": false, ""static_local"": false, ""syscall"": false, ""third_party"": false, ""union"": false, ""va_list"": false, ""variadic"": false, ""void_pointer"": false}",TRIVIAL,no_significant_detected_blocker,"[""raw_pointer_parameter""]",medium
2,ecal-core,652e92f7cda2ab1f2d0056cb296b66c7a30c8fa8,ecal/core/src/serialization/ecal_struct_sample_common.h,29,43,enum,eCmdType,15,"{""bitfield"": false, ""branch_complexity_proxy"": 0, ""c_array"": false, ""call_count"": 0, ""callback"": false, ""calloc"": false, ""conditional_compilation"": false, ""explicit_abi_boundary"": false, ""extern_declaration"": false, ""extern_or_abi_boundary"": false, ""flexible_array"": false, ""free"": false, ""function_pointer"": false, ""generated_source"": false, ""global_read"": false, ""global_write"": false, ""goto"": false, ""lexical_ambiguity"": false, ""longjmp"": false, ""macro_density"": 0.0, ""macro_generated_declaration"": false, ""macro_use"": false, ""malloc"": false, ""memcpy"": false, ""memmove"": false, ""memset"": false, ""mutable_global"": false, ""parameter_count"": 0, ""platform_specific"": false, ""pointer_arithmetic"": false, ""pointer_count"": 0, ""pointer_to_pointer"": false, ""raw_pointer_parameter"": false, ""raw_pointer_return"": false, ""realloc"": false, ""setjmp"": false, ""static_local"": false, ""syscall"": false, ""third_party"": false, ""union"": false, ""va_list"": false, ""variadic"": false, ""void_pointer"": false}",TRIVIAL,no_significant_detected_blocker,[],medium
2,ecal-core,652e92f7cda2ab1f2d0056cb296b66c7a30c8fa8,ecal/core/src/serialization/ecal_struct_sample_common.h,45,52,enum,eTLayerType,8,"{""bitfield"": false, ""branch_complexity_proxy"": 0, ""c_array"": false, ""call_count"": 0, ""callback"": false, ""calloc"": false, ""conditional_compilation"": false, ""explicit_abi_boundary"": false, ""extern_declaration"": false, ""extern_or_abi_boundary"": false, ""flexible_array"": false, ""free"": false, ""function_pointer"": false, ""generated_source"": false, ""global_read"": false, ""global_write"": false, ""goto"": false, ""lexical_ambiguity"": false, ""longjmp"": false, ""macro_density"": 0.0, ""macro_generated_declaration"": false, ""macro_use"": false, ""malloc"": false, ""memcpy"": false, ""memmove"": false, ""memset"": false, ""mutable_global"": false, ""parameter_count"": 0, ""platform_specific"": false, ""pointer_arithmetic"": false, ""pointer_count"": 0, ""pointer_to_pointer"": false, ""raw_pointer_parameter"": false, ""raw_pointer_return"": false, ""realloc"": false, ""setjmp"": false, ""static_local"": false, ""syscall"": false, ""third_party"": false, ""union"": false, ""va_list"": false, ""variadic"": false, ""void_pointer"": false}",TRIVIAL,no_significant_detected_blocker,[],medium
2,ecal-core,652e92f7cda2ab1f2d0056cb296b66c7a30c8fa8,ecal/core/src/serialization/ecal_struct_sample_payload.h,40,46,struct,TopicInfo,7,"{""bitfield"": false, ""branch_complexity_proxy"": 0, ""c_array"": false, ""call_count"": 0, ""callback"": false, ""calloc"": false, ""conditional_compilation"": false, ""explicit_abi_boundary"": false, ""extern_declaration"": false, ""extern_or_abi_boundary"": false, ""flexible_array"": false, ""free"": false, ""function_pointer"": false, ""generated_source"": false, ""global_read"": false, ""global_write"": false, ""goto"": false, ""lexical_ambiguity"": false, ""longjmp"": false, ""macro_density"": 0.0, ""macro_generated_declaration"": false, ""macro_use"": false, ""malloc"": false, ""memcpy"": false, ""memmove"": false, ""memset"": false, ""mutable_global"": false, ""parameter_count"": 0, ""platform_specific"": false, ""pointer_arithmetic"": false, ""pointer_count"": 0, ""pointer_to_pointer"": false, ""raw_pointer_parameter"": false, ""raw_pointer_return"": false, ""realloc"": false, ""setjmp"": false, ""static_local"": false, ""syscall"": false, ""third_party"": false, ""union"": false, ""va_list"": false, ""variadic"": false, ""void_pointer"": false}",TRIVIAL,no_significant_detected_blocker,[],medium
2,ecal-core,652e92f7cda2ab1f2d0056cb296b66c7a30c8fa8,ecal/core/src/serialization/ecal_struct_sample_payload.h,49,54,enum,ePayloadType,6,"{""bitfield"": false, ""branch_complexity_proxy"": 0, ""c_array"": false, ""call_count"": 0, ""callback"": false, ""calloc"": false, ""conditional_compilation"": false, ""explicit_abi_boundary"": false, ""extern_declaration"": false, ""extern_or_abi_boundary"": false, ""flexible_array"": false, ""free"": false, ""function_pointer"": false, ""generated_source"": false, ""global_read"": false, ""global_write"": false, ""goto"": false, ""lexical_ambiguity"": false, ""longjmp"": false, ""macro_density"": 0.0, ""macro_generated_declaration"": false, ""macro_use"": false, ""malloc"": false, ""memcpy"": false, ""memmove"": false, ""memset"": false, ""mutable_global"": false, ""parameter_count"": 0, ""platform_specific"": false, ""pointer_arithmetic"": false, ""pointer_count"": 0, ""pointer_to_pointer"": false, ""raw_pointer_parameter"": false, ""raw_pointer_return"": false, ""realloc"": false, ""setjmp"": false, ""static_local"": false, ""syscall"": false, ""third_party"": false, ""union"": false, ""va_list"": false, ""variadic"": false, ""void_pointer"": false}",TRIVIAL,no_significant_detected_blocker,[],medium
2,ecal-core,652e92f7cda2ab1f2d0056cb296b66c7a30c8fa8,ecal/core/src/serialization/ecal_struct_sample_payload.h,56,62,struct,Payload,7,"{""bitfield"": false, ""branch_complexity_proxy"": 0, ""c_array"": false, ""call_count"": 0, ""callback"": false, ""calloc"": false, ""conditional_compilation"": false, ""explicit_abi_boundary"": false, ""extern_declaration"": false, ""extern_or_abi_boundary"": false, ""flexible_array"": false, ""free"": false, ""function_pointer"": false, ""generated_source"": false, ""global_read"": false, ""global_write"": false, ""goto"": false, ""lexical_ambiguity"": false, ""longjmp"": false, ""macro_density"": 0.0, ""macro_generated_declaration"": false, ""macro_use"": false, ""malloc"": false, ""memcpy"": false, ""memmove"": false, ""memset"": false, ""mutable_global"": false, ""parameter_count"": 0, ""platform_specific"": false, ""pointer_arithmetic"": false, ""pointer_count"": 1, ""pointer_to_pointer"": false, ""raw_pointer_parameter"": false, ""raw_pointer_return"": false, ""realloc"": false, ""setjmp"": false, ""static_local"": false, ""syscall"": false, ""third_party"": false, ""union"": false, ""va_list"": false, ""variadic"": false, ""void_pointer"": false}",TRIVIAL,no_significant_detected_blocker,[],medium
2,ecal-core,652e92f7cda2ab1f2d0056cb296b66c7a30c8fa8,ecal/core/src/serialization/ecal_struct_sample_payload.h,65,73,struct,Content,9,"{""bitfield"": false, ""branch_complexity_proxy"": 0, ""c_array"": false, ""call_count"": 0, ""callback"": false, ""calloc"": false, ""conditional_compilation"": false, ""explicit_abi_boundary"": false, ""extern_declaration"": false, ""extern_or_abi_boundary"": false, ""flexible_array"": false, ""free"": false, ""function_pointer"": false, ""generated_source"": false, ""global_read"": false, ""global_write"": false, ""goto"": false, ""lexical_ambiguity"": false, ""longjmp"": false, ""macro_density"": 0.0, ""macro_generated_declaration"": false, ""macro_use"": false, ""malloc"": false, ""memcpy"": false, ""memmove"": false, ""memset"": false, ""mutable_global"": false, ""parameter_count"": 0, ""platform_specific"": false, ""pointer_arithmetic"": false, ""pointer_count"": 0, ""pointer_to_pointer"": false, ""raw_pointer_parameter"": false, ""raw_pointer_return"": false, ""realloc"": false, ""setjmp"": false, ""static_local"": false, ""syscall"": false, ""third_party"": false, ""union"": false, ""va_list"": false, ""variadic"": false, ""void_pointer"": false}",TRIVIAL,no_significant_detected_blocker,[],medium
2,ecal-core,652e92f7cda2ab1f2d0056cb296b66c7a30c8fa8,ecal/core/src/serialization/ecal_struct_sample_payload.h,76,82,struct,Sample,7,"{""bitfield"": false, ""branch_complexity_proxy"": 0, ""c_array"": false, ""call_count"": 0, ""callback"": false, ""calloc"": false, ""conditional_compilation"": false, ""explicit_abi_boundary"": false, ""extern_declaration"": false, ""extern_or_abi_boundary"": false, ""flexible_array"": false, ""free"": false, ""function_pointer"": false, ""generated_source"": false, ""global_read"": false, ""global_write"": false, ""goto"": false, ""lexical_ambiguity"": false, ""longjmp"": false, ""macro_density"": 0.0, ""macro_generated_declaration"": false, ""macro_use"": false, ""malloc"": false, ""memcpy"": false, ""memmove"": false, ""memset"": false, ""mutable_global"": false, ""parameter_count"": 0, ""platform_specific"": false, ""pointer_arithmetic"": false, ""pointer_count"": 0, ""pointer_to_pointer"": false, ""raw_pointer_parameter"": false, ""raw_pointer_return"": false, ""realloc"": false, ""setjmp"": false, ""static_local"": false, ""syscall"": false, ""third_party"": false, ""union"": false, ""va_list"": false, ""variadic"": false, ""void_pointer"": false}",TRIVIAL,no_significant_detected_blocker,[],medium
2,ecal-core,652e92f7cda2ab1f2d0056cb296b66c7a30c8fa8,ecal/core/src/serialization/ecal_struct_sample_registration.h,46,53,enum,eProcessSeverity,8,"{""bitfield"": false, ""branch_complexity_proxy"": 0, ""c_array"": false, ""call_count"": 0, ""callback"": false, ""calloc"": false, ""conditional_compilation"": false, ""explicit_abi_boundary"": false, ""extern_declaration"": false, ""extern_or_abi_boundary"": false, ""flexible_array"": false, ""free"": false, ""function_pointer"": false, ""generated_source"": false, ""global_read"": false, ""global_write"": false, ""goto"": false, ""lexical_ambiguity"": false, ""longjmp"": false, ""macro_density"": 0.0, ""macro_generated_declaration"": false, ""macro_use"": false, ""malloc"": false, ""memcpy"": false, ""memmove"": false, ""memset"": false, ""mutable_global"": false, ""parameter_count"": 0, ""platform_specific"": false, ""pointer_arithmetic"": false, ""pointer_count"": 0, ""pointer_to_pointer"": false, ""raw_pointer_parameter"": false, ""raw_pointer_return"": false, ""realloc"": false, ""setjmp"": false, ""static_local"": false, ""syscall"": false, ""third_party"": false, ""union"": false, ""va_list"": false, ""variadic"": false, ""void_pointer"": false}",TRIVIAL,no_significant_detected_blocker,[],medium
2,ecal-core,652e92f7cda2ab1f2d0056cb296b66c7a30c8fa8,ecal/core/src/serialization/ecal_struct_sample_registration.h,55,63,enum,eProcessSeverityLevel,9,"{""bitfield"": false, ""branch_complexity_proxy"": 0, ""c_array"": false, ""call_count"": 0, ""callback"": false, ""calloc"": false, ""conditional_compilation"": false, ""explicit_abi_boundary"": false, ""extern_declaration"": false, ""extern_or_abi_boundary"": false, ""flexible_array"": false, ""free"": false, ""function_pointer"": false, ""generated_source"": false, ""global_read"": false, ""global_write"": false, ""goto"": false, ""lexical_ambiguity"": false, ""longjmp"": false, ""macro_density"": 0.0, ""macro_generated_declaration"": false, ""macro_use"": false, ""malloc"": false, ""memcpy"": false, ""memmove"": false, ""memset"": false, ""mutable_global"": false, ""parameter_count"": 0, ""platform_specific"": false, ""pointer_arithmetic"": false, ""pointer_count"": 0, ""pointer_to_pointer"": false, ""raw_pointer_parameter"": false, ""raw_pointer_return"": false, ""realloc"": false, ""setjmp"": false, ""static_local"": false, ""syscall"": false, ""third_party"": false, ""union"": false, ""va_list"": false, ""variadic"": false, ""void_pointer"": false}",TRIVIAL,no_significant_detected_blocker,[],medium
2,ecal-core,652e92f7cda2ab1f2d0056cb296b66c7a30c8fa8,ecal/core/src/serialization/ecal_struct_sample_registration.h,65,70,enum,eTimeSyncState,6,"{""bitfield"": false, ""branch_complexity_proxy"": 0, ""c_array"": false, ""call_count"": 0, ""callback"": false, ""calloc"": false, ""conditional_compilation"": false, ""explicit_abi_boundary"": false, ""extern_declaration"": false, ""extern_or_abi_boundary"": false, ""flexible_array"": false, ""free"": false, ""function_pointer"": false, ""generated_source"": false, ""global_read"": false, ""global_write"": false, ""goto"": false, ""lexical_ambiguity"": false, ""longjmp"": false, ""macro_density"": 0.0, ""macro_generated_declaration"": false, ""macro_use"": false, ""malloc"": false, ""memcpy"": false, ""memmove"": false, ""memset"": false, ""mutable_global"": false, ""parameter_count"": 0, ""platform_specific"": false, ""pointer_arithmetic"": false, ""pointer_count"": 0, ""pointer_to_pointer"": false, ""raw_pointer_parameter"": false, ""raw_pointer_return"": false, ""realloc"": false, ""setjmp"": false, ""static_local"": false, ""syscall"": false, ""third_party"": false, ""union"": false, ""va_list"": false, ""variadic"": false, ""void_pointer"": false}",TRIVIAL,no_significant_detected_blocker,[],medium
2,ecal-core,652e92f7cda2ab1f2d0056cb296b66c7a30c8fa8,ecal/core/src/serialization/ecal_struct_sample_registration.h,73,85,struct,OSInfo,13,"{""bitfield"": false, ""branch_complexity_proxy"": 0, ""c_array"": false, ""call_count"": 2, ""callback"": false, ""calloc"": false, ""conditional_compilation"": false, ""explicit_abi_boundary"": false, ""extern_declaration"": false, ""extern_or_abi_boundary"": false, ""flexible_array"": false, ""free"": false, ""function_pointer"": false, ""generated_source"": false, ""global_read"": false, ""global_write"": false, ""goto"": false, ""lexical_ambiguity"": false, ""longjmp"": false, ""macro_density"": 0.0, ""macro_generated_declaration"": false, ""macro_use"": false, ""malloc"": false, ""memcpy"": false, ""memmove"": false, ""memset"": false, ""mutable_global"": false, ""parameter_count"": 0, ""platform_specific"": false, ""pointer_arithmetic"": false, ""pointer_count"": 0, ""pointer_to_pointer"": false, ""raw_pointer_parameter"": false, ""raw_pointer_return"": false, ""realloc"": false, ""setjmp"": false, ""static_local"": false, ""syscall"": false, ""third_party"": false, ""union"": false, ""va_list"": false, ""variadic"": false, ""void_pointer"": false}",TRIVIAL,no_significant_detected_blocker,[],medium
2,ecal-core,652e92f7cda2ab1f2d0056cb296b66c7a30c8fa8,ecal/core/src/serialization/ecal_struct_sample_registration.h,81,84,function,clear,4,"{""bitfield"": false, ""branch_complexity_proxy"": 0, ""c_array"": false, ""call_count"": 2, ""callback"": false, ""calloc"": false, ""conditional_compilation"": false, ""explicit_abi_boundary"": false, ""extern_declaration"": false, ""extern_or_abi_boundary"": false, ""flexible_array"": false, ""free"": false, ""function_pointer"": false, ""generated_source"": false, ""global_read"": false, ""global_write"": false, ""goto"": false, ""lexical_ambiguity"": false, ""longjmp"": false, ""macro_density"": 0.0, ""macro_generated_declaration"": false, ""macro_use"": false, ""malloc"": false, ""memcpy"": false, ""memmove"": false, ""memset"": false, ""mutable_global"": false, ""parameter_count"": 0, ""platform_specific"": false, ""pointer_arithmetic"": false, ""pointer_count"": 0, ""pointer_to_pointer"": false, ""raw_pointer_parameter"": false, ""raw_pointer_return"": false, ""realloc"": false, ""setjmp"": false, ""static_local"": false, ""syscall"": false, ""third_party"": false, ""union"": false, ""va_list"": false, ""variadic"": false, ""void_pointer"": false}",TRIVIAL,no_significant_detected_blocker,[],medium
2,ecal-core,652e92f7cda2ab1f2d0056cb296b66c7a30c8fa8,ecal/core/src/serialization/ecal_struct_sample_registration.h,88,104,struct,ProcessState,17,"{""bitfield"": false, ""branch_complexity_proxy"": 0, ""c_array"": false, ""call_count"": 2, ""callback"": false, ""calloc"": false, ""conditional_compilation"": false, ""explicit_abi_boundary"": false, ""extern_declaration"": false, ""extern_or_abi_boundary"": false, ""flexible_array"": false, ""free"": false, ""function_pointer"": false, ""generated_source"": false, ""global_read"": false, ""global_write"": false, ""goto"": false, ""lexical_ambiguity"": false, ""longjmp"": false, ""macro_density"": 0.0, ""macro_generated_declaration"": false, ""macro_use"": false, ""malloc"": false, ""memcpy"": false, ""memmove"": false, ""memset"": false, ""mutable_global"": false, ""parameter_count"": 0, ""platform_specific"": false, ""pointer_arithmetic"": false, ""pointer_count"": 0, ""pointer_to_pointer"": false, ""raw_pointer_parameter"": false, ""raw_pointer_return"": false, ""realloc"": false, ""setjmp"": false, ""static_local"": false, ""syscall"": false, ""third_party"": false, ""union"": false, ""va_list"": false, ""variadic"": false, ""void_pointer"": false}",TRIVIAL,no_significant_detected_blocker,[],medium
2,ecal-core,652e92f7cda2ab1f2d0056cb296b66c7a30c8fa8,ecal/core/src/serialization/ecal_struct_sample_registration.h,98,103,function,clear,6,"{""bitfield"": false, ""branch_complexity_proxy"": 0, ""c_array"": false, ""call_count"": 2, ""callback"": false, ""calloc"": false, ""conditional_compilation"": false, ""explicit_abi_boundary"": false, ""extern_declaration"": false, ""extern_or_abi_boundary"": false, ""flexible_array"": false, ""free"": false, ""function_pointer"": false, ""generated_source"": false, ""global_read"": false, ""global_write"": false, ""goto"": false, ""lexical_ambiguity"": false, ""longjmp"": false, ""macro_density"": 0.0, ""macro_generated_declaration"": false, ""macro_use"": false, ""malloc"": false, ""memcpy"": false, ""memmove"": false, ""memset"": false, ""mutable_global"": false, ""parameter_count"": 0, ""platform_specific"": false, ""pointer_arithmetic"": false, ""pointer_count"": 0, ""pointer_to_pointer"": false, ""raw_pointer_parameter"": false, ""raw_pointer_return"": false, ""realloc"": false, ""setjmp"": false, ""static_local"": false, ""syscall"": false, ""third_party"": false, ""union"": false, ""va_list"": false, ""variadic"": false, ""void_pointer"": false}",TRIVIAL,no_significant_detected_blocker,[],medium
2,ecal-core,652e92f7cda2ab1f2d0056cb296b66c7a30c8fa8,ecal/core/src/serialization/ecal_struct_sample_registration.h,107,116,struct,LayerParUdpMC,10,"{""bitfield"": false, ""branch_complexity_proxy"": 0, ""c_array"": false, ""call_count"": 1, ""callback"": false, ""calloc"": false, ""conditional_compilation"": false, ""explicit_abi_boundary"": false, ""extern_declaration"": false, ""extern_or_abi_boundary"": false, ""flexible_array"": false, ""free"": false, ""function_pointer"": false, ""generated_source"": false, ""global_read"": false, ""global_write"": false, ""goto"": false, ""lexical_ambiguity"": false, ""longjmp"": false, ""macro_density"": 0.0, ""macro_generated_declaration"": false, ""macro_use"": false, ""malloc"": false, ""memcpy"": false, ""memmove"": false, ""memset"": false, ""mutable_global"": false, ""parameter_count"": 0, ""platform_specific"": false, ""pointer_arithmetic"": false, ""pointer_count"": 0, ""pointer_to_pointer"": false, ""raw_pointer_parameter"": false, ""raw_pointer_return"": false, ""realloc"": false, ""setjmp"": false, ""static_local"": false, ""syscall"": false, ""third_party"": false, ""union"": false, ""va_list"": false, ""variadic"": false, ""void_pointer"": false}",TRIVIAL,no_significant_detected_blocker,[],medium
2,ecal-core,652e92f7cda2ab1f2d0056cb296b66c7a30c8fa8,ecal/core/src/serialization/ecal_struct_sample_registration.h,114,115,function,clear,2,"{""bitfield"": false, ""branch_complexity_proxy"": 0, ""c_array"": false, ""call_count"": 1, ""callback"": false, ""calloc"": false, ""conditional_compilation"": false, ""explicit_abi_boundary"": false, ""extern_declaration"": false, ""extern_or_abi_boundary"": false, ""flexible_array"": false, ""free"": false, ""function_pointer"": false, ""generated_source"": false, ""global_read"": false, ""global_write"": false, ""goto"": false, ""lexical_ambiguity"": false, ""longjmp"": false, ""macro_density"": 0.0, ""macro_generated_declaration"": false, ""macro_use"": false, ""malloc"": false, ""memcpy"": false, ""memmove"": false, ""memset"": false, ""mutable_global"": false, ""parameter_count"": 0, ""platform_specific"": false, ""pointer_arithmetic"": false, ""pointer_count"": 0, ""pointer_to_pointer"": false, ""raw_pointer_parameter"": false, ""raw_pointer_return"": false, ""realloc"": false, ""setjmp"": false, ""static_local"": false, ""syscall"": false, ""third_party"": false, ""union"": false, ""va_list"": false, ""variadic"": false, ""void_pointer"": false}",TRIVIAL,no_significant_detected_blocker,[],medium
2,ecal-core,652e92f7cda2ab1f2d0056cb296b66c7a30c8fa8,ecal/core/src/serialization/ecal_struct_sample_registration.h,119,131,struct,LayerParTcp,13,"{""bitfield"": false, ""branch_complexity_proxy"": 0, ""c_array"": false, ""call_count"": 1, ""callback"": false, ""calloc"": false, ""conditional_compilation"": false, ""explicit_abi_boundary"": false, ""extern_declaration"": false, ""extern_or_abi_boundary"": false, ""flexible_array"": false, ""free"": false, ""function_pointer"": false, ""generated_source"": false, ""global_read"": false, ""global_write"": false, ""goto"": false, ""lexical_ambiguity"": false, ""longjmp"": false, ""macro_density"": 0.0, ""macro_generated_declaration"": false, ""macro_use"": false, ""malloc"": false, ""memcpy"": false, ""memmove"": false, ""memset"": false, ""mutable_global"": false, ""parameter_count"": 0, ""platform_specific"": false, ""pointer_arithmetic"": false, ""pointer_count"": 0, ""pointer_to_pointer"": false, ""raw_pointer_parameter"": false, ""raw_pointer_return"": false, ""realloc"": false, ""setjmp"": false, ""static_local"": false, ""syscall"": false, ""third_party"": false, ""union"": false, ""va_list"": false, ""variadic"": false, ""void_pointer"": false}",TRIVIAL,no_significant_detected_blocker,[],medium
2,ecal-core,652e92f7cda2ab1f2d0056cb296b66c7a30c8fa8,ecal/core/src/serialization/ecal_struct_sample_registration.h,127,130,function,clear,4,"{""bitfield"": false, ""branch_complexity_proxy"": 0, ""c_array"": false, ""call_count"": 1, ""callback"": false, ""calloc"": false, ""conditional_compilation"": false, ""explicit_abi_boundary"": false, ""extern_declaration"": false, ""extern_or_abi_boundary"": false, ""flexible_array"": false, ""free"": false, ""function_pointer"": false, ""generated_source"": false, ""global_read"": false, ""global_write"": false, ""goto"": false, ""lexical_ambiguity"": false, ""longjmp"": false, ""macro_density"": 0.0, ""macro_generated_declaration"": false, ""macro_use"": false, ""malloc"": false, ""memcpy"": false, ""memmove"": false, ""memset"": false, ""mutable_global"": false, ""parameter_count"": 0, ""platform_specific"": false, ""pointer_arithmetic"": false, ""pointer_count"": 0, ""pointer_to_pointer"": false, ""raw_pointer_parameter"": false, ""raw_pointer_return"": false, ""realloc"": false, ""setjmp"": false, ""static_local"": false, ""syscall"": false, ""third_party"": false, ""union"": false, ""va_list"": false, ""variadic"": false, ""void_pointer"": false}",TRIVIAL,no_significant_detected_blocker,[],medium
2,ecal-core,652e92f7cda2ab1f2d0056cb296b66c7a30c8fa8,ecal/core/src/serialization/ecal_struct_sample_registration.h,134,146,struct,LayerParShm,13,"{""bitfield"": false, ""branch_complexity_proxy"": 0, ""c_array"": false, ""call_count"": 2, ""callback"": false, ""calloc"": false, ""conditional_compilation"": false, ""explicit_abi_boundary"": false, ""extern_declaration"": false, ""extern_or_abi_boundary"": false, ""flexible_array"": false, ""free"": false, ""function_pointer"": false, ""generated_source"": false, ""global_read"": false, ""global_write"": false, ""goto"": false, ""lexical_ambiguity"": false, ""longjmp"": false, ""macro_density"": 0.0, ""macro_generated_declaration"": false, ""macro_use"": false, ""malloc"": false, ""memcpy"": false, ""memmove"": false, ""memset"": false, ""mutable_global"": false, ""parameter_count"": 0, ""platform_specific"": false, ""pointer_arithmetic"": false, ""pointer_count"": 0, ""pointer_to_pointer"": false, ""raw_pointer_parameter"": false, ""raw_pointer_return"": false, ""realloc"": false, ""setjmp"": false, ""static_local"": false, ""syscall"": false, ""third_party"": false, ""union"": false, ""va_list"": false, ""variadic"": false, ""void_pointer"": false}",TRIVIAL,no_significant_detected_blocker,[],medium
2,ecal-core,652e92f7cda2ab1f2d0056cb296b66c7a30c8fa8,ecal/core/src/serialization/ecal_struct_sample_registration.h,142,145,function,clear,4,"{""bitfield"": false, ""branch_complexity_proxy"": 0, ""c_array"": false, ""call_count"": 2, ""callback"": false, ""calloc"": false, ""conditional_compilation"": false, ""explicit_abi_boundary"": false, ""extern_declaration"": false, ""extern_or_abi_boundary"": false, ""flexible_array"": false, ""free"": false, ""function_pointer"": false, ""generated_source"": false, ""global_read"": false, ""global_write"": false, ""goto"": false, ""lexical_ambiguity"": false, ""longjmp"": false, ""macro_density"": 0.0, ""macro_generated_declaration"": false, ""macro_use"": false, ""malloc"": false, ""memcpy"": false, ""memmove"": false, ""memset"": false, ""mutable_global"": false, ""parameter_count"": 0, ""platform_specific"": false, ""pointer_arithmetic"": false, ""pointer_count"": 0, ""pointer_to_pointer"": false, ""raw_pointer_parameter"": false, ""raw_pointer_return"": false, ""realloc"": false, ""setjmp"": false, ""static_local"": false, ""syscall"": false, ""third_party"": false, ""union"": false, ""va_list"": false, ""variadic"": false, ""void_pointer"": false}",TRIVIAL,no_significant_detected_blocker,[],medium
2,ecal-core,652e92f7cda2ab1f2d0056cb296b66c7a30c8fa8,ecal/core/src/serialization/ecal_struct_sample_registration.h,149,167,struct,ConnectionPar,19,"{""bitfield"": false, ""branch_complexity_proxy"": 0, ""c_array"": false, ""call_count"": 4, ""callback"": false, ""calloc"": false, ""conditional_compilation"": false, ""explicit_abi_boundary"": false, ""extern_declaration"": false, ""extern_or_abi_boundary"": false, ""flexible_array"": false, ""free"": false, ""function_pointer"": false, ""generated_source"": false, ""global_read"": false, ""global_write"": false, ""goto"": false, ""lexical_ambiguity"": false, ""longjmp"": false, ""macro_density"": 0.0, ""macro_generated_declaration"": false, ""macro_use"": false, ""malloc"": false, ""memcpy"": false, ""memmove"": false, ""memset"": false, ""mutable_global"": false, ""parameter_count"": 0, ""platform_specific"": false, ""pointer_arithmetic"": false, ""pointer_count"": 0, ""pointer_to_pointer"": false, ""raw_pointer_parameter"": false, ""raw_pointer_return"": false, ""realloc"": false, ""setjmp"": false, ""static_local"": false, ""syscall"": false, ""third_party"": false, ""union"": false, ""va_list"": false, ""variadic"": false, ""void_pointer"": false}",TRIVIAL,no_significant_detected_blocker,[],medium
2,ecal-core,652e92f7cda2ab1f2d0056cb296b66c7a30c8fa8,ecal/core/src/serialization/ecal_struct_sample_registration.h,161,166,function,clear,6,"{""bitfield"": false, ""branch_complexity_proxy"": 0, ""c_array"": false, ""call_count"": 4, ""callback"": false, ""calloc"": false, ""conditional_compilation"": false, ""explicit_abi_boundary"": false, ""extern_declaration"": false, ""extern_or_abi_boundary"": false, ""flexible_array"": false, ""free"": false, ""function_pointer"": false, ""generated_source"": false, ""global_read"": false, ""global_write"": false, ""goto"": false, ""lexical_ambiguity"": false, ""longjmp"": false, ""macro_density"": 0.0, ""macro_generated_declaration"": false, ""macro_use"": false, ""malloc"": false, ""memcpy"": false, ""memmove"": false, ""memset"": false, ""mutable_global"": false, ""parameter_count"": 0, ""platform_specific"": false, ""pointer_arithmetic"": false, ""pointer_count"": 0, ""pointer_to_pointer"": false, ""raw_pointer_parameter"": false, ""raw_pointer_return"": false, ""realloc"": false, ""setjmp"": false, ""static_local"": false, ""syscall"": false, ""third_party"": false, ""union"": false, ""va_list"": false, ""variadic"": false, ""void_pointer"": false}",TRIVIAL,no_significant_detected_blocker,[],medium
2,ecal-core,652e92f7cda2ab1f2d0056cb296b66c7a30c8fa8,ecal/core/src/serialization/ecal_struct_sample_registration.h,170,194,struct,TLayer,25,"{""bitfield"": false, ""branch_complexity_proxy"": 0, ""c_array"": false, ""call_count"": 2, ""callback"": false, ""calloc"": false, ""conditional_compilation"": false, ""explicit_abi_boundary"": false, ""extern_declaration"": false, ""extern_or_abi_boundary"": false, ""flexible_array"": false, ""free"": false, ""function_pointer"": false, ""generated_source"": false, ""global_read"": false, ""global_write"": false, ""goto"": false, ""lexical_ambiguity"": false, ""longjmp"": false, ""macro_density"": 0.0, ""macro_generated_declaration"": false, ""macro_use"": false, ""malloc"": false, ""memcpy"": false, ""memmove"": false, ""memset"": false, ""mutable_global"": false, ""parameter_count"": 0, ""platform_specific"": false, ""pointer_arithmetic"": false, ""pointer_count"": 0, ""pointer_to_pointer"": false, ""raw_pointer_parameter"": false, ""raw_pointer_return"": false, ""realloc"": false, ""setjmp"": false, ""static_local"": false, ""syscall"": false, ""third_party"": false, ""union"": false, ""va_list"": false, ""variadic"": false, ""void_pointer"": false}",TRIVIAL,no_significant_detected_blocker,[],medium
2,ecal-core,652e92f7cda2ab1f2d0056cb296b66c7a30c8fa8,ecal/core/src/serialization/ecal_struct_sample_registration.h,186,193,function,clear,8,"{""bitfield"": false, ""branch_complexity_proxy"": 0, ""c_array"": false, ""call_count"": 2, ""callback"": false, ""calloc"": false, ""conditional_compilation"": false, ""explicit_abi_boundary"": false, ""extern_declaration"": false, ""extern_or_abi_boundary"": false, ""flexible_array"": false, ""free"": false, ""function_pointer"": false, ""generated_source"": false, ""global_read"": false, ""global_write"": false, ""goto"": false, ""lexical_ambiguity"": false, ""longjmp"": false, ""macro_density"": 0.0, ""macro_generated_declaration"": false, ""macro_use"": false, ""malloc"": false, ""memcpy"": false, ""memmove"": false, ""memset"": false, ""mutable_global"": false, ""parameter_count"": 0, ""platform_specific"": false, ""pointer_arithmetic"": false, ""pointer_count"": 0, ""pointer_to_pointer"": false, ""raw_pointer_parameter"": false, ""raw_pointer_return"": false, ""realloc"": false, ""setjmp"": false, ""static_local"": false, ""syscall"": false, ""third_party"": false, ""union"": false, ""va_list"": false, ""variadic"": false, ""void_pointer"": false}",TRIVIAL,no_significant_detected_blocker,[],medium
2,ecal-core,652e92f7cda2ab1f2d0056cb296b66c7a30c8fa8,ecal/core/src/serialization/ecal_struct_sample_registration.h,197,242,struct,Process,46,"{""bitfield"": false, ""branch_complexity_proxy"": 0, ""c_array"": false, ""call_count"": 10, ""callback"": false, ""calloc"": false, ""conditional_compilation"": false, ""explicit_abi_boundary"": false, ""extern_declaration"": false, ""extern_or_abi_boundary"": false, ""flexible_array"": false, ""free"": false, ""function_pointer"": false, ""generated_source"": false, ""global_read"": false, ""global_write"": false, ""goto"": false, ""lexical_ambiguity"": false, ""longjmp"": false, ""macro_density"": 0.0, ""macro_generated_declaration"": false, ""macro_use"": false, ""malloc"": false, ""memcpy"": false, ""memmove"": false, ""memset"": false, ""mutable_global"": false, ""parameter_count"": 0, ""platform_specific"": false, ""pointer_arithmetic"": false, ""pointer_count"": 0, ""pointer_to_pointer"": false, ""raw_pointer_parameter"": false, ""raw_pointer_return"": false, ""realloc"": false, ""setjmp"": false, ""static_local"": false, ""syscall"": false, ""third_party"": false, ""union"": false, ""va_list"": false, ""variadic"": false, ""void_pointer"": false}",TRIVIAL,no_significant_detected_blocker,[],medium
2,ecal-core,652e92f7cda2ab1f2d0056cb296b66c7a30c8fa8,ecal/core/src/serialization/ecal_struct_sample_registration.h,227,241,function,clear,15,"{""bitfield"": false, ""branch_complexity_proxy"": 0, ""c_array"": false, ""call_count"": 10, ""callback"": false, ""calloc"": false, ""conditional_compilation"": false, ""explicit_abi_boundary"": false, ""extern_declaration"": false, ""extern_or_abi_boundary"": false, ""flexible_array"": false, ""free"": false, ""function_pointer"": false, ""generated_source"": false, ""global_read"": false, ""global_write"": false, ""goto"": false, ""lexical_ambiguity"": false, ""longjmp"": false, ""macro_density"": 0.0, ""macro_generated_declaration"": false, ""macro_use"": false, ""malloc"": false, ""memcpy"": false, ""memmove"": false, ""memset"": false, ""mutable_global"": false, ""parameter_count"": 0, ""platform_specific"": false, ""pointer_arithmetic"": false, ""pointer_count"": 0, ""pointer_to_pointer"": false, ""raw_pointer_parameter"": false, ""raw_pointer_return"": false, ""realloc"": false, ""setjmp"": false, ""static_local"": false, ""syscall"": false, ""third_party"": false, ""union"": false, ""va_list"": false, ""variadic"": false, ""void_pointer"": false}",TRIVIAL,no_significant_detected_blocker,[],medium
2,ecal-core,652e92f7cda2ab1f2d0056cb296b66c7a30c8fa8,ecal/core/src/serialization/ecal_struct_sample_registration.h,245,272,struct,Statistics,28,"{""bitfield"": false, ""branch_complexity_proxy"": 0, ""c_array"": false, ""call_count"": 5, ""callback"": false, ""calloc"": false, ""conditional_compilation"": false, ""explicit_abi_boundary"": false, ""extern_declaration"": false, ""extern_or_abi_boundary"": false, ""flexible_array"": false, ""free"": false, ""function_pointer"": false, ""generated_source"": false, ""global_read"": false, ""global_write"": false, ""goto"": false, ""lexical_ambiguity"": false, ""longjmp"": false, ""macro_density"": 0.0, ""macro_generated_declaration"": false, ""macro_use"": false, ""malloc"": false, ""memcpy"": false, ""memmove"": false, ""memset"": false, ""mutable_global"": false, ""parameter_count"": 0, ""platform_specific"": false, ""pointer_arithmetic"": false, ""pointer_count"": 0, ""pointer_to_pointer"": false, ""raw_pointer_parameter"": false, ""raw_pointer_return"": false, ""realloc"": false, ""setjmp"": false, ""static_local"": false, ""syscall"": false, ""third_party"": false, ""union"": false, ""va_list"": false, ""variadic"": false, ""void_pointer"": false}",TRIVIAL,no_significant_detected_blocker,[],medium
2,ecal-core,652e92f7cda2ab1f2d0056cb296b66c7a30c8fa8,ecal/core/src/serialization/ecal_struct_sample_registration.h,263,271,function,clear,9,"{""bitfield"": false, ""branch_complexity_proxy"": 0, ""c_array"": false, ""call_count"": 3, ""callback"": false, ""calloc"": false, ""conditional_compilation"": false, ""explicit_abi_boundary"": false, ""extern_declaration"": false, ""extern_or_abi_boundary"": false, ""flexible_array"": false, ""free"": false, ""function_pointer"": false, ""generated_source"": false, ""global_read"": false, ""global_write"": false, ""goto"": false, ""lexical_ambiguity"": false, ""longjmp"": false, ""macro_density"": 0.0, ""macro_generated_declaration"": false, ""macro_use"": false, ""malloc"": false, ""memcpy"": false, ""memmove"": false, ""memset"": false, ""mutable_global"": false, ""parameter_count"": 0, ""platform_specific"": false, ""pointer_arithmetic"": false, ""pointer_count"": 0, ""pointer_to_pointer"": false, ""raw_pointer_parameter"": false, ""raw_pointer_return"": false, ""realloc"": false, ""setjmp"": false, ""static_local"": false, ""syscall"": false, ""third_party"": false, ""union"": false, ""va_list"": false, ""variadic"": false, ""void_pointer"": false}",TRIVIAL,no_significant_detected_blocker,[],medium
2,ecal-core,652e92f7cda2ab1f2d0056cb296b66c7a30c8fa8,ecal/core/src/serialization/ecal_struct_sample_registration.h,275,339,struct,Topic,65,"{""bitfield"": false, ""branch_complexity_proxy"": 0, ""c_array"": false, ""call_count"": 9, ""callback"": false, ""calloc"": false, ""conditional_compilation"": false, ""explicit_abi_boundary"": false, ""extern_declaration"": false, ""extern_or_abi_boundary"": false, ""flexible_array"": false, ""free"": false, ""function_pointer"": false, ""generated_source"": false, ""global_read"": false, ""global_write"": false, ""goto"": false, ""lexical_ambiguity"": false, ""longjmp"": false, ""macro_density"": 0.0, ""macro_generated_declaration"": false, ""macro_use"": false, ""malloc"": false, ""memcpy"": false, ""memmove"": false, ""memset"": false, ""mutable_global"": false, ""parameter_count"": 0, ""platform_specific"": false, ""pointer_arithmetic"": false, ""pointer_count"": 0, ""pointer_to_pointer"": false, ""raw_pointer_parameter"": false, ""raw_pointer_return"": false, ""realloc"": false, ""setjmp"": false, ""static_local"": false, ""syscall"": false, ""third_party"": false, ""union"": false, ""va_list"": false, ""variadic"": false, ""void_pointer"": false}",TRIVIAL,no_significant_detected_blocker,[],medium
2,ecal-core,652e92f7cda2ab1f2d0056cb296b66c7a30c8fa8,ecal/core/src/serialization/ecal_struct_sample_registration.h,316,338,function,clear,23,"{""bitfield"": false, ""branch_complexity_proxy"": 0, ""c_array"": false, ""call_count"": 9, ""callback"": false, ""calloc"": false, ""conditional_compilation"": false, ""explicit_abi_boundary"": false, ""extern_declaration"": false, ""extern_or_abi_boundary"": false, ""flexible_array"": false, ""free"": false, ""function_pointer"": false, ""generated_source"": false, ""global_read"": false, ""global_write"": false, ""goto"": false, ""lexical_ambiguity"": false, ""longjmp"": false, ""macro_density"": 0.0, ""macro_generated_declaration"": false, ""macro_use"": false, ""malloc"": false, ""memcpy"": false, ""memmove"": false, ""memset"": false, ""mutable_global"": false, ""parameter_count"": 0, ""platform_specific"": false, ""pointer_arithmetic"": false, ""pointer_count"": 0, ""pointer_to_pointer"": false, ""raw_pointer_parameter"": false, ""raw_pointer_return"": false, ""realloc"": false, ""setjmp"": false, ""static_local"": false, ""syscall"": false, ""third_party"": false, ""union"": false, ""va_list"": false, ""variadic"": false, ""void_pointer"": false}",TRIVIAL,no_significant_detected_blocker,[],medium
2,ecal-core,652e92f7cda2ab1f2d0056cb296b66c7a30c8fa8,ecal/core/src/serialization/ecal_struct_sample_registration.h,341,363,struct,SampleIdentifier,23,"{""bitfield"": false, ""branch_complexity_proxy"": 0, ""c_array"": false, ""call_count"": 2, ""callback"": false, ""calloc"": false, ""conditional_compilation"": false, ""explicit_abi_boundary"": false, ""extern_declaration"": false, ""extern_or_abi_boundary"": false, ""flexible_array"": false, ""free"": false, ""function_pointer"": false, ""generated_source"": false, ""global_read"": false, ""global_write"": false, ""goto"": false, ""lexical_ambiguity"": false, ""longjmp"": false, ""macro_density"": 0.0, ""macro_generated_declaration"": false, ""macro_use"": false, ""malloc"": false, ""memcpy"": false, ""memmove"": false, ""memset"": false, ""mutable_global"": false, ""parameter_count"": 0, ""platform_specific"": false, ""pointer_arithmetic"": false, ""pointer_count"": 0, ""pointer_to_pointer"": false, ""raw_pointer_parameter"": false, ""raw_pointer_return"": false, ""realloc"": false, ""setjmp"": false, ""static_local"": false, ""syscall"": false, ""third_party"": false, ""union"": false, ""va_list"": false, ""variadic"": false, ""void_pointer"": false}",TRIVIAL,no_significant_detected_blocker,[],medium
2,ecal-core,652e92f7cda2ab1f2d0056cb296b66c7a30c8fa8,ecal/core/src/serialization/ecal_struct_sample_registration.h,357,362,function,clear,6,"{""bitfield"": false, ""branch_complexity_proxy"": 0, ""c_array"": false, ""call_count"": 2, ""callback"": false, ""calloc"": false, ""conditional_compilation"": false, ""explicit_abi_boundary"": false, ""extern_declaration"": false, ""extern_or_abi_boundary"": false, ""flexible_array"": false, ""free"": false, ""function_pointer"": false, ""generated_source"": false, ""global_read"": false, ""global_write"": false, ""goto"": false, ""lexical_ambiguity"": false, ""longjmp"": false, ""macro_density"": 0.0, ""macro_generated_declaration"": false, ""macro_use"": false, ""malloc"": false, ""memcpy"": false, ""memmove"": false, ""memset"": false, ""mutable_global"": false, ""parameter_count"": 0, ""platform_specific"": false, ""pointer_arithmetic"": false, ""pointer_count"": 0, ""pointer_to_pointer"": false, ""raw_pointer_parameter"": false, ""raw_pointer_return"": false, ""realloc"": false, ""setjmp"": false, ""static_local"": false, ""syscall"": false, ""third_party"": false, ""union"": false, ""va_list"": false, ""variadic"": false, ""void_pointer"": false}",TRIVIAL,no_significant_detected_blocker,[],medium
2,ecal-core,652e92f7cda2ab1f2d0056cb296b66c7a30c8fa8,ecal/core/src/serialization/ecal_struct_sample_registration.h,366,393,struct,Sample,28,"{""bitfield"": false, ""branch_complexity_proxy"": 0, ""c_array"": false, ""call_count"": 6, ""callback"": false, ""calloc"": false, ""conditional_compilation"": false, ""explicit_abi_boundary"": false, ""extern_declaration"": false, ""extern_or_abi_boundary"": false, ""flexible_array"": false, ""free"": false, ""function_pointer"": false, ""generated_source"": false, ""global_read"": false, ""global_write"": false, ""goto"": false, ""lexical_ambiguity"": false, ""longjmp"": false, ""macro_density"": 0.0, ""macro_generated_declaration"": false, ""macro_use"": false, ""malloc"": false, ""memcpy"": false, ""memmove"": false, ""memset"": false, ""mutable_global"": false, ""parameter_count"": 0, ""platform_specific"": false, ""pointer_arithmetic"": false, ""pointer_count"": 0, ""pointer_to_pointer"": false, ""raw_pointer_parameter"": false, ""raw_pointer_return"": false, ""realloc"": false, ""setjmp"": false, ""static_local"": false, ""syscall"": false, ""third_party"": false, ""union"": false, ""va_list"": false, ""variadic"": false, ""void_pointer"": false}",TRIVIAL,no_significant_detected_blocker,[],medium
2,ecal-core,652e92f7cda2ab1f2d0056cb296b66c7a30c8fa8,ecal/core/src/serialization/ecal_struct_sample_registration.h,384,392,function,clear,9,"{""bitfield"": false, ""branch_complexity_proxy"": 0, ""c_array"": false, ""call_count"": 6, ""callback"": false, ""calloc"": false, ""conditional_compilation"": false, ""explicit_abi_boundary"": false, ""extern_declaration"": false, ""extern_or_abi_boundary"": false, ""flexible_array"": false, ""free"": false, ""function_pointer"": false, ""generated_source"": false, ""global_read"": false, ""global_write"": false, ""goto"": false, ""lexical_ambiguity"": false, ""longjmp"": false, ""macro_density"": 0.0, ""macro_generated_declaration"": false, ""macro_use"": false, ""malloc"": false, ""memcpy"": false, ""memmove"": false, ""memset"": false, ""mutable_global"": false, ""parameter_count"": 0, ""platform_specific"": false, ""pointer_arithmetic"": false, ""pointer_count"": 0, ""pointer_to_pointer"": false, ""raw_pointer_parameter"": false, ""raw_pointer_return"": false, ""realloc"": false, ""setjmp"": false, ""static_local"": false, ""syscall"": false, ""third_party"": false, ""union"": false, ""va_list"": false, ""variadic"": false, ""void_pointer"": false}",TRIVIAL,no_significant_detected_blocker,[],medium
2,ecal-core,652e92f7cda2ab1f2d0056cb296b66c7a30c8fa8,ecal/core/src/serialization/ecal_struct_service.h,40,45,enum,eMethodCallState,6,"{""bitfield"": false, ""branch_complexity_proxy"": 0, ""c_array"": false, ""call_count"": 0, ""callback"": false, ""calloc"": false, ""conditional_compilation"": false, ""explicit_abi_boundary"": false, ""extern_declaration"": false, ""extern_or_abi_boundary"": false, ""flexible_array"": false, ""free"": false, ""function_pointer"": false, ""generated_source"": false, ""global_read"": false, ""global_write"": false, ""goto"": false, ""lexical_ambiguity"": false, ""longjmp"": false, ""macro_density"": 0.0, ""macro_generated_declaration"": false, ""macro_use"": false, ""malloc"": false, ""memcpy"": false, ""memmove"": false, ""memset"": false, ""mutable_global"": false, ""parameter_count"": 0, ""platform_specific"": false, ""pointer_arithmetic"": false, ""pointer_count"": 0, ""pointer_to_pointer"": false, ""raw_pointer_parameter"": false, ""raw_pointer_return"": false, ""realloc"": false, ""setjmp"": false, ""static_local"": false, ""syscall"": false, ""third_party"": false, ""union"": false, ""va_list"": false, ""variadic"": false, ""void_pointer"": false}",TRIVIAL,no_significant_detected_blocker,[],medium
2,ecal-core,652e92f7cda2ab1f2d0056cb296b66c7a30c8fa8,ecal/core/src/serialization/ecal_struct_service.h,48,78,struct,ServiceHeader,31,"{""bitfield"": false, ""branch_complexity_proxy"": 0, ""c_array"": false, ""call_count"": 6, ""callback"": false, ""calloc"": false, ""conditional_compilation"": false, ""explicit_abi_boundary"": false, ""extern_declaration"": false, ""extern_or_abi_boundary"": false, ""flexible_array"": false, ""free"": false, ""function_pointer"": false, ""generated_source"": false, ""global_read"": false, ""global_write"": false, ""goto"": false, ""lexical_ambiguity"": false, ""longjmp"": false, ""macro_density"": 0.0, ""macro_generated_declaration"": false, ""macro_use"": false, ""malloc"": false, ""memcpy"": false, ""memmove"": false, ""memset"": false, ""mutable_global"": false, ""parameter_count"": 0, ""platform_specific"": false, ""pointer_arithmetic"": false, ""pointer_count"": 0, ""pointer_to_pointer"": false, ""raw_pointer_parameter"": false, ""raw_pointer_return"": false, ""realloc"": false, ""setjmp"": false, ""static_local"": false, ""syscall"": false, ""third_party"": false, ""union"": false, ""va_list"": false, ""variadic"": false, ""void_pointer"": false}",TRIVIAL,no_significant_detected_blocker,[],medium
2,ecal-core,652e92f7cda2ab1f2d0056cb296b66c7a30c8fa8,ecal/core/src/serialization/ecal_struct_service.h,68,77,function,clear,10,"{""bitfield"": false, ""branch_complexity_proxy"": 0, ""c_array"": false, ""call_count"": 6, ""callback"": false, ""calloc"": false, ""conditional_compilation"": false, ""explicit_abi_boundary"": false, ""extern_declaration"": false, ""extern_or_abi_boundary"": false, ""flexible_array"": false, ""free"": false, ""function_pointer"": false, ""generated_source"": false, ""global_read"": false, ""global_write"": false, ""goto"": false, ""lexical_ambiguity"": false, ""longjmp"": false, ""macro_density"": 0.0, ""macro_generated_declaration"": false, ""macro_use"": false, ""malloc"": false, ""memcpy"": false, ""memmove"": false, ""memset"": false, ""mutable_global"": false, ""parameter_count"": 0, ""platform_specific"": false, ""pointer_arithmetic"": false, ""pointer_count"": 0, ""pointer_to_pointer"": false, ""raw_pointer_parameter"": false, ""raw_pointer_return"": false, ""realloc"": false, ""setjmp"": false, ""static_local"": false, ""syscall"": false, ""third_party"": false, ""union"": false, ""va_list"": false, ""variadic"": false, ""void_pointer"": false}",TRIVIAL,no_significant_detected_blocker,[],medium
2,ecal-core,652e92f7cda2ab1f2d0056cb296b66c7a30c8fa8,ecal/core/src/serialization/ecal_struct_service.h,81,96,struct,Request,16,"{""bitfield"": false, ""branch_complexity_proxy"": 0, ""c_array"": false, ""call_count"": 3, ""callback"": false, ""calloc"": false, ""conditional_compilation"": false, ""explicit_abi_boundary"": false, ""extern_declaration"": false, ""extern_or_abi_boundary"": false, ""flexible_array"": false, ""free"": false, ""function_pointer"": false, ""generated_source"": false, ""global_read"": false, ""global_write"": false, ""goto"": false, ""lexical_ambiguity"": false, ""longjmp"": false, ""macro_density"": 0.0, ""macro_generated_declaration"": false, ""macro_use"": false, ""malloc"": false, ""memcpy"": false, ""memmove"": false, ""memset"": false, ""mutable_global"": false, ""parameter_count"": 0, ""platform_specific"": false, ""pointer_arithmetic"": false, ""pointer_count"": 0, ""pointer_to_pointer"": false, ""raw_pointer_parameter"": false, ""raw_pointer_return"": false, ""realloc"": false, ""setjmp"": false, ""static_local"": false, ""syscall"": false, ""third_party"": false, ""union"": false, ""va_list"": false, ""variadic"": false, ""void_pointer"": false}",TRIVIAL,no_significant_detected_blocker,[],medium
2,ecal-core,652e92f7cda2ab1f2d0056cb296b66c7a30c8fa8,ecal/core/src/serialization/ecal_struct_service.h,91,95,function,clear,5,"{""bitfield"": false, ""branch_complexity_proxy"": 0, ""c_array"": false, ""call_count"": 3, ""callback"": false, ""calloc"": false, ""conditional_compilation"": false, ""explicit_abi_boundary"": false, ""extern_declaration"": false, ""extern_or_abi_boundary"": false, ""flexible_array"": false, ""free"": false, ""function_pointer"": false, ""generated_source"": false, ""global_read"": false, ""global_write"": false, ""goto"": false, ""lexical_ambiguity"": false, ""longjmp"": false, ""macro_density"": 0.0, ""macro_generated_declaration"": false, ""macro_use"": false, ""malloc"": false, ""memcpy"": false, ""memmove"": false, ""memset"": false, ""mutable_global"": false, ""parameter_count"": 0, ""platform_specific"": false, ""pointer_arithmetic"": false, ""pointer_count"": 0, ""pointer_to_pointer"": false, ""raw_pointer_parameter"": false, ""raw_pointer_return"": false, ""realloc"": false, ""setjmp"": false, ""static_local"": false, ""syscall"": false, ""third_party"": false, ""union"": false, ""va_list"": false, ""variadic"": false, ""void_pointer"": false}",TRIVIAL,no_significant_detected_blocker,[],medium
2,ecal-core,652e92f7cda2ab1f2d0056cb296b66c7a30c8fa8,ecal/core/src/serialization/ecal_struct_service.h,99,117,struct,Response,19,"{""bitfield"": false, ""branch_complexity_proxy"": 0, ""c_array"": false, ""call_count"": 3, ""callback"": false, ""calloc"": false, ""conditional_compilation"": false, ""explicit_abi_boundary"": false, ""extern_declaration"": false, ""extern_or_abi_boundary"": false, ""flexible_array"": false, ""free"": false, ""function_pointer"": false, ""generated_source"": false, ""global_read"": false, ""global_write"": false, ""goto"": false, ""lexical_ambiguity"": false, ""longjmp"": false, ""macro_density"": 0.0, ""macro_generated_declaration"": false, ""macro_use"": false, ""malloc"": false, ""memcpy"": false, ""memmove"": false, ""memset"": false, ""mutable_global"": false, ""parameter_count"": 0, ""platform_specific"": false, ""pointer_arithmetic"": false, ""pointer_count"": 0, ""pointer_to_pointer"": false, ""raw_pointer_parameter"": false, ""raw_pointer_return"": false, ""realloc"": false, ""setjmp"": false, ""static_local"": false, ""syscall"": false, ""third_party"": false, ""union"": false, ""va_list"": false, ""variadic"": false, ""void_pointer"": false}",TRIVIAL,no_significant_detected_blocker,[],medium
2,ecal-core,652e92f7cda2ab1f2d0056cb296b66c7a30c8fa8,ecal/core/src/serialization/ecal_struct_service.h,111,116,function,clear,6,"{""bitfield"": false, ""branch_complexity_proxy"": 0, ""c_array"": false, ""call_count"": 3, ""callback"": false, ""calloc"": false, ""conditional_compilation"": false, ""explicit_abi_boundary"": false, ""extern_declaration"": false, ""extern_or_abi_boundary"": false, ""flexible_array"": false, ""free"": false, ""function_pointer"": false, ""generated_source"": false, ""global_read"": false, ""global_write"": false, ""goto"": false, ""lexical_ambiguity"": false, ""longjmp"": false, ""macro_density"": 0.0, ""macro_generated_declaration"": false, ""macro_use"": false, ""malloc"": false, ""memcpy"": false, ""memmove"": false, ""memset"": false, ""mutable_global"": false, ""parameter_count"": 0, ""platform_specific"": false, ""pointer_arithmetic"": false, ""pointer_count"": 0, ""pointer_to_pointer"": false, ""raw_pointer_parameter"": false, ""raw_pointer_return"": false, ""realloc"": false, ""setjmp"": false, ""static_local"": false, ""syscall"": false, ""third_party"": false, ""union"": false, ""va_list"": false, ""variadic"": false, ""void_pointer"": false}",TRIVIAL,no_significant_detected_blocker,[],medium
2,ecal-core,652e92f7cda2ab1f2d0056cb296b66c7a30c8fa8,ecal/core/src/serialization/ecal_struct_service.h,120,154,struct,Method,35,"{""bitfield"": false, ""branch_complexity_proxy"": 0, ""c_array"": false, ""call_count"": 6, ""callback"": false, ""calloc"": false, ""conditional_compilation"": false, ""explicit_abi_boundary"": false, ""extern_declaration"": false, ""extern_or_abi_boundary"": false, ""flexible_array"": false, ""free"": false, ""function_pointer"": false, ""generated_source"": false, ""global_read"": false, ""global_write"": false, ""goto"": false, ""lexical_ambiguity"": false, ""longjmp"": false, ""macro_density"": 0.0, ""macro_generated_declaration"": false, ""macro_use"": false, ""malloc"": false, ""memcpy"": false, ""memmove"": false, ""memset"": false, ""mutable_global"": false, ""parameter_count"": 0, ""platform_specific"": false, ""pointer_arithmetic"": false, ""pointer_count"": 0, ""pointer_to_pointer"": false, ""raw_pointer_parameter"": false, ""raw_pointer_return"": false, ""realloc"": false, ""setjmp"": false, ""static_local"": false, ""syscall"": false, ""third_party"": false, ""union"": false, ""va_list"": false, ""variadic"": false, ""void_pointer"": false}",TRIVIAL,no_significant_detected_blocker,[],medium
2,ecal-core,652e92f7cda2ab1f2d0056cb296b66c7a30c8fa8,ecal/core/src/serialization/ecal_struct_service.h,145,153,function,clear,9,"{""bitfield"": false, ""branch_complexity_proxy"": 0, ""c_array"": false, ""call_count"": 6, ""callback"": false, ""calloc"": false, ""conditional_compilation"": false, ""explicit_abi_boundary"": false, ""extern_declaration"": false, ""extern_or_abi_boundary"": false, ""flexible_array"": false, ""free"": false, ""function_pointer"": false, ""generated_source"": false, ""global_read"": false, ""global_write"": false, ""goto"": false, ""lexical_ambiguity"": false, ""longjmp"": false, ""macro_density"": 0.0, ""macro_generated_declaration"": false, ""macro_use"": false, ""malloc"": false, ""memcpy"": false, ""memmove"": false, ""memset"": false, ""mutable_global"": false, ""parameter_count"": 0, ""platform_specific"": false, ""pointer_arithmetic"": false, ""pointer_count"": 0, ""pointer_to_pointer"": false, ""raw_pointer_parameter"": false, ""raw_pointer_return"": false, ""realloc"": false, ""setjmp"": false, ""static_local"": false, ""syscall"": false, ""third_party"": false, ""union"": false, ""va_list"": false, ""variadic"": false, ""void_pointer"": false}",TRIVIAL,no_significant_detected_blocker,[],medium
2,ecal-core,652e92f7cda2ab1f2d0056cb296b66c7a30c8fa8,ecal/core/src/serialization/ecal_struct_service.h,158,191,struct,Service,34,"{""bitfield"": false, ""branch_complexity_proxy"": 0, ""c_array"": false, ""call_count"": 5, ""callback"": false, ""calloc"": false, ""conditional_compilation"": false, ""explicit_abi_boundary"": false, ""extern_declaration"": false, ""extern_or_abi_boundary"": false, ""flexible_array"": false, ""free"": false, ""function_pointer"": false, ""generated_source"": false, ""global_read"": false, ""global_write"": false, ""goto"": false, ""lexical_ambiguity"": false, ""longjmp"": false, ""macro_density"": 0.0, ""macro_generated_declaration"": false, ""macro_use"": false, ""malloc"": false, ""memcpy"": false, ""memmove"": false, ""memset"": false, ""mutable_global"": false, ""parameter_count"": 0, ""platform_specific"": false, ""pointer_arithmetic"": false, ""pointer_count"": 0, ""pointer_to_pointer"": false, ""raw_pointer_parameter"": false, ""raw_pointer_return"": false, ""realloc"": false, ""setjmp"": false, ""static_local"": false, ""syscall"": false, ""third_party"": false, ""union"": false, ""va_list"": false, ""variadic"": false, ""void_pointer"": false}",TRIVIAL,no_significant_detected_blocker,[],medium
2,ecal-core,652e92f7cda2ab1f2d0056cb296b66c7a30c8fa8,ecal/core/src/serialization/ecal_struct_service.h,180,190,function,clear,11,"{""bitfield"": false, ""branch_complexity_proxy"": 0, ""c_array"": false, ""call_count"": 5, ""callback"": false, ""calloc"": false, ""conditional_compilation"": false, ""explicit_abi_boundary"": false, ""extern_declaration"": false, ""extern_or_abi_boundary"": false, ""flexible_array"": false, ""free"": false, ""function_pointer"": false, ""generated_source"": false, ""global_read"": false, ""global_write"": false, ""goto"": false, ""lexical_ambiguity"": false, ""longjmp"": false, ""macro_density"": 0.0, ""macro_generated_declaration"": false, ""macro_use"": false, ""malloc"": false, ""memcpy"": false, ""memmove"": false, ""memset"": false, ""mutable_global"": false, ""parameter_count"": 0, ""platform_specific"": false, ""pointer_arithmetic"": false, ""pointer_count"": 0, ""pointer_to_pointer"": false, ""raw_pointer_parameter"": false, ""raw_pointer_return"": false, ""realloc"": false, ""setjmp"": false, ""static_local"": false, ""syscall"": false, ""third_party"": false, ""union"": false, ""va_list"": false, ""variadic"": false, ""void_pointer"": false}",TRIVIAL,no_significant_detected_blocker,[],medium
2,ecal-core,652e92f7cda2ab1f2d0056cb296b66c7a30c8fa8,ecal/core/src/serialization/ecal_struct_service.h,194,221,struct,Client,28,"{""bitfield"": false, ""branch_complexity_proxy"": 0, ""c_array"": false, ""call_count"": 5, ""callback"": false, ""calloc"": false, ""conditional_compilation"": false, ""explicit_abi_boundary"": false, ""extern_declaration"": false, ""extern_or_abi_boundary"": false, ""flexible_array"": false, ""free"": false, ""function_pointer"": false, ""generated_source"": false, ""global_read"": false, ""global_write"": false, ""goto"": false, ""lexical_ambiguity"": false, ""longjmp"": false, ""macro_density"": 0.0, ""macro_generated_declaration"": false, ""macro_use"": false, ""malloc"": false, ""memcpy"": false, ""memmove"": false, ""memset"": false, ""mutable_global"": false, ""parameter_count"": 0, ""platform_specific"": false, ""pointer_arithmetic"": false, ""pointer_count"": 0, ""pointer_to_pointer"": false, ""raw_pointer_parameter"": false, ""raw_pointer_return"": false, ""realloc"": false, ""setjmp"": false, ""static_local"": false, ""syscall"": false, ""third_party"": false, ""union"": false, ""va_list"": false, ""variadic"": false, ""void_pointer"": false}",TRIVIAL,no_significant_detected_blocker,[],medium
2,ecal-core,652e92f7cda2ab1f2d0056cb296b66c7a30c8fa8,ecal/core/src/serialization/ecal_struct_service.h,212,220,function,clear,9,"{""bitfield"": false, ""branch_complexity_proxy"": 0, ""c_array"": false, ""call_count"": 5, ""callback"": false, ""calloc"": false, ""conditional_compilation"": false, ""explicit_abi_boundary"": false, ""extern_declaration"": false, ""extern_or_abi_boundary"": false, ""flexible_array"": false, ""free"": false, ""function_pointer"": false, ""generated_source"": false, ""global_read"": false, ""global_write"": false, ""goto"": false, ""lexical_ambiguity"": false, ""longjmp"": false, ""macro_density"": 0.0, ""macro_generated_declaration"": false, ""macro_use"": false, ""malloc"": false, ""memcpy"": false, ""memmove"": false, ""memset"": false, ""mutable_global"": false, ""parameter_count"": 0, ""platform_specific"": false, ""pointer_arithmetic"": false, ""pointer_count"": 0, ""pointer_to_pointer"": false, ""raw_pointer_parameter"": false, ""raw_pointer_return"": false, ""realloc"": false, ""setjmp"": false, ""static_local"": false, ""syscall"": false, ""third_party"": false, ""union"": false, ""va_list"": false, ""variadic"": false, ""void_pointer"": false}",TRIVIAL,no_significant_detected_blocker,[],medium
2,ecal-core,652e92f7cda2ab1f2d0056cb296b66c7a30c8fa8,ecal/core/src/serialization/protozero/ecal/core/pb/datatype.pbftags.h,10,14,enum,class,5,"{""bitfield"": false, ""branch_complexity_proxy"": 0, ""c_array"": false, ""call_count"": 0, ""callback"": false, ""calloc"": false, ""conditional_compilation"": false, ""explicit_abi_boundary"": false, ""extern_declaration"": false, ""extern_or_abi_boundary"": false, ""flexible_array"": false, ""free"": false, ""function_pointer"": false, ""generated_source"": false, ""global_read"": false, ""global_write"": false, ""goto"": false, ""lexical_ambiguity"": false, ""longjmp"": false, ""macro_density"": 0.0, ""macro_generated_declaration"": false, ""macro_use"": false, ""malloc"": false, ""memcpy"": false, ""memmove"": false, ""memset"": false, ""mutable_global"": false, ""parameter_count"": 0, ""platform_specific"": false, ""pointer_arithmetic"": false, ""pointer_count"": 0, ""pointer_to_pointer"": false, ""raw_pointer_parameter"": false, ""raw_pointer_return"": false, ""realloc"": false, ""setjmp"": false, ""static_local"": false, ""syscall"": false, ""third_party"": false, ""union"": false, ""va_list"": false, ""variadic"": false, ""void_pointer"": false}",TRIVIAL,no_significant_detected_blocker,[],medium
2,ecal-core,652e92f7cda2ab1f2d0056cb296b66c7a30c8fa8,ecal/core/src/serialization/protozero/ecal/core/pb/ecal.pbftags.h,10,17,enum,class,8,"{""bitfield"": false, ""branch_complexity_proxy"": 0, ""c_array"": false, ""call_count"": 0, ""callback"": false, ""calloc"": false, ""conditional_compilation"": false, ""explicit_abi_boundary"": false, ""extern_declaration"": false, ""extern_or_abi_boundary"": false, ""flexible_array"": false, ""free"": false, ""function_pointer"": false, ""generated_source"": false, ""global_read"": false, ""global_write"": false, ""goto"": false, ""lexical_ambiguity"": false, ""longjmp"": false, ""macro_density"": 0.0, ""macro_generated_declaration"": false, ""macro_use"": false, ""malloc"": false, ""memcpy"": false, ""memmove"": false, ""memset"": false, ""mutable_global"": false, ""parameter_count"": 0, ""platform_specific"": false, ""pointer_arithmetic"": false, ""pointer_count"": 0, ""pointer_to_pointer"": false, ""raw_pointer_parameter"": false, ""raw_pointer_return"": false, ""realloc"": false, ""setjmp"": false, ""static_local"": false, ""syscall"": false, ""third_party"": false, ""union"": false, ""va_list"": false, ""variadic"": false, ""void_pointer"": false}",TRIVIAL,no_significant_detected_blocker,[],medium
2,ecal-core,652e92f7cda2ab1f2d0056cb296b66c7a30c8fa8,ecal/core/src/serialization/protozero/ecal/core/pb/ecal.pbftags.h,23,32,enum,class,10,"{""bitfield"": false, ""branch_complexity_proxy"": 0, ""c_array"": false, ""call_count"": 0, ""callback"": false, ""calloc"": false, ""conditional_compilation"": false, ""explicit_abi_boundary"": false, ""extern_declaration"": false, ""extern_or_abi_boundary"": false, ""flexible_array"": false, ""free"": false, ""function_pointer"": false, ""generated_source"": false, ""global_read"": false, ""global_write"": false, ""goto"": false, ""lexical_ambiguity"": false, ""longjmp"": false, ""macro_density"": 0.0, ""macro_generated_declaration"": false, ""macro_use"": false, ""malloc"": false, ""memcpy"": false, ""memmove"": false, ""memset"": false, ""mutable_global"": false, ""parameter_count"": 0, ""platform_specific"": false, ""pointer_arithmetic"": false, ""pointer_count"": 0, ""pointer_to_pointer"": false, ""raw_pointer_parameter"": false, ""raw_pointer_return"": false, ""realloc"": false, ""setjmp"": false, ""static_local"": false, ""syscall"": false, ""third_party"": false, ""union"": false, ""va_list"": false, ""variadic"": false, ""void_pointer"": false}",TRIVIAL,no_significant_detected_blocker,[],medium
2,ecal-core,652e92f7cda2ab1f2d0056cb296b66c7a30c8fa8,ecal/core/src/serialization/protozero/ecal/core/pb/ecal.pbftags.h,38,40,enum,class,3,"{""bitfield"": false, ""branch_complexity_proxy"": 0, ""c_array"": false, ""call_count"": 0, ""callback"": false, ""calloc"": false, ""conditional_compilation"": false, ""explicit_abi_boundary"": false, ""extern_declaration"": false, ""extern_or_abi_boundary"": false, ""flexible_array"": false, ""free"": false, ""function_pointer"": false, ""generated_source"": false, ""global_read"": false, ""global_write"": false, ""goto"": false, ""lexical_ambiguity"": false, ""longjmp"": false, ""macro_density"": 0.0, ""macro_generated_declaration"": false, ""macro_use"": false, ""malloc"": false, ""memcpy"": false, ""memmove"": false, ""memset"": false, ""mutable_global"": false, ""parameter_count"": 0, ""platform_specific"": false, ""pointer_arithmetic"": false, ""pointer_count"": 0, ""pointer_to_pointer"": false, ""raw_pointer_parameter"": false, ""raw_pointer_return"": false, ""realloc"": false, ""setjmp"": false, ""static_local"": false, ""syscall"": false, ""third_party"": false, ""union"": false, ""va_list"": false, ""variadic"": false, ""void_pointer"": false}",TRIVIAL,no_significant_detected_blocker,[],medium
2,ecal-core,652e92f7cda2ab1f2d0056cb296b66c7a30c8fa8,ecal/core/src/serialization/protozero/ecal/core/pb/ecal.pbftags.h,46,59,enum,class,14,"{""bitfield"": false, ""branch_complexity_proxy"": 0, ""c_array"": false, ""call_count"": 0, ""callback"": false, ""calloc"": false, ""conditional_compilation"": false, ""explicit_abi_boundary"": false, ""extern_declaration"": false, ""extern_or_abi_boundary"": false, ""flexible_array"": false, ""free"": false, ""function_pointer"": false, ""generated_source"": false, ""global_read"": false, ""global_write"": false, ""goto"": false, ""lexical_ambiguity"": false, ""longjmp"": false, ""macro_density"": 0.0, ""macro_generated_declaration"": false, ""macro_use"": false, ""malloc"": false, ""memcpy"": false, ""memmove"": false, ""memset"": false, ""mutable_global"": false, ""parameter_count"": 0, ""platform_specific"": false, ""pointer_arithmetic"": false, ""pointer_count"": 0, ""pointer_to_pointer"": false, ""raw_pointer_parameter"": false, ""raw_pointer_return"": false, ""realloc"": false, ""setjmp"": false, ""static_local"": false, ""syscall"": false, ""third_party"": false, ""union"": false, ""va_list"": false, ""variadic"": false, ""void_pointer"": false}",TRIVIAL,no_significant_detected_blocker,[],medium
2,ecal-core,652e92f7cda2ab1f2d0056cb296b66c7a30c8fa8,ecal/core/src/serialization/protozero/ecal/core/pb/host.pbftags.h,10,12,enum,class,3,"{""bitfield"": false, ""branch_complexity_proxy"": 0, ""c_array"": false, ""call_count"": 0, ""callback"": false, ""calloc"": false, ""conditional_compilation"": false, ""explicit_abi_boundary"": false, ""extern_declaration"": false, ""extern_or_abi_boundary"": false, ""flexible_array"": false, ""free"": false, ""function_pointer"": false, ""generated_source"": false, ""global_read"": false, ""global_write"": false, ""goto"": false, ""lexical_ambiguity"": false, ""longjmp"": false, ""macro_density"": 0.0, ""macro_generated_declaration"": false, ""macro_use"": false, ""malloc"": false, ""memcpy"": false, ""memmove"": false, ""memset"": false, ""mutable_global"": false, ""parameter_count"": 0, ""platform_specific"": false, ""pointer_arithmetic"": false, ""pointer_count"": 0, ""pointer_to_pointer"": false, ""raw_pointer_parameter"": false, ""raw_pointer_return"": false, ""realloc"": false, ""setjmp"": false, ""static_local"": false, ""syscall"": false, ""third_party"": false, ""union"": false, ""va_list"": false, ""variadic"": false, ""void_pointer"": false}",TRIVIAL,no_significant_detected_blocker,[],medium
2,ecal-core,652e92f7cda2ab1f2d0056cb296b66c7a30c8fa8,ecal/core/src/serialization/protozero/ecal/core/pb/host.pbftags.h,18,21,enum,class,4,"{""bitfield"": false, ""branch_complexity_proxy"": 0, ""c_array"": false, ""call_count"": 0, ""callback"": false, ""calloc"": false, ""conditional_compilation"": false, ""explicit_abi_boundary"": false, ""extern_declaration"": false, ""extern_or_abi_boundary"": false, ""flexible_array"": false, ""free"": false, ""function_pointer"": false, ""generated_source"": false, ""global_read"": false, ""global_write"": false, ""goto"": false, ""lexical_ambiguity"": false, ""longjmp"": false, ""macro_density"": 0.0, ""macro_generated_declaration"": false, ""macro_use"": false, ""malloc"": false, ""memcpy"": false, ""memmove"": false, ""memset"": false, ""mutable_global"": false, ""parameter_count"": 0, ""platform_specific"": false, ""pointer_arithmetic"": false, ""pointer_count"": 0, ""pointer_to_pointer"": false, ""raw_pointer_parameter"": false, ""raw_pointer_return"": false, ""realloc"": false, ""setjmp"": false, ""static_local"": false, ""syscall"": false, ""third_party"": false, ""union"": false, ""va_list"": false, ""variadic"": false, ""void_pointer"": false}",TRIVIAL,no_significant_detected_blocker,[],medium
2,ecal-core,652e92f7cda2ab1f2d0056cb296b66c7a30c8fa8,ecal/core/src/serialization/protozero/ecal/core/pb/layer.pbftags.h,10,11,enum,class,2,"{""bitfield"": false, ""branch_complexity_proxy"": 0, ""c_array"": false, ""call_count"": 0, ""callback"": false, ""calloc"": false, ""conditional_compilation"": false, ""explicit_abi_boundary"": false, ""extern_declaration"": false, ""extern_or_abi_boundary"": false, ""flexible_array"": false, ""free"": false, ""function_pointer"": false, ""generated_source"": false, ""global_read"": false, ""global_write"": false, ""goto"": false, ""lexical_ambiguity"": false, ""longjmp"": false, ""macro_density"": 0.0, ""macro_generated_declaration"": false, ""macro_use"": false, ""malloc"": false, ""memcpy"": false, ""memmove"": false, ""memset"": false, ""mutable_global"": false, ""parameter_count"": 0, ""platform_specific"": false, ""pointer_arithmetic"": false, ""pointer_count"": 0, ""pointer_to_pointer"": false, ""raw_pointer_parameter"": false, ""raw_pointer_return"": false, ""realloc"": false, ""setjmp"": false, ""static_local"": false, ""syscall"": false, ""third_party"": false, ""union"": false, ""va_list"": false, ""variadic"": false, ""void_pointer"": false}",TRIVIAL,no_significant_detected_blocker,[],medium
2,ecal-core,652e92f7cda2ab1f2d0056cb296b66c7a30c8fa8,ecal/core/src/serialization/protozero/ecal/core/pb/layer.pbftags.h,17,19,enum,class,3,"{""bitfield"": false, ""branch_complexity_proxy"": 0, ""c_array"": false, ""call_count"": 0, ""callback"": false, ""calloc"": false, ""conditional_compilation"": false, ""explicit_abi_boundary"": false, ""extern_declaration"": false, ""extern_or_abi_boundary"": false, ""flexible_array"": false, ""free"": false, ""function_pointer"": false, ""generated_source"": false, ""global_read"": false, ""global_write"": false, ""goto"": false, ""lexical_ambiguity"": false, ""longjmp"": false, ""macro_density"": 0.0, ""macro_generated_declaration"": false, ""macro_use"": false, ""malloc"": false, ""memcpy"": false, ""memmove"": false, ""memset"": false, ""mutable_global"": false, ""parameter_count"": 0, ""platform_specific"": false, ""pointer_arithmetic"": false, ""pointer_count"": 0, ""pointer_to_pointer"": false, ""raw_pointer_parameter"": false, ""raw_pointer_return"": false, ""realloc"": false, ""setjmp"": false, ""static_local"": false, ""syscall"": false, ""third_party"": false, ""union"": false, ""va_list"": false, ""variadic"": false, ""void_pointer"": false}",TRIVIAL,no_significant_detected_blocker,[],medium
2,ecal-core,652e92f7cda2ab1f2d0056cb296b66c7a30c8fa8,ecal/core/src/serialization/protozero/ecal/core/pb/layer.pbftags.h,25,27,enum,class,3,"{""bitfield"": false, ""branch_complexity_proxy"": 0, ""c_array"": false, ""call_count"": 0, ""callback"": false, ""calloc"": false, ""conditional_compilation"": false, ""explicit_abi_boundary"": false, ""extern_declaration"": false, ""extern_or_abi_boundary"": false, ""flexible_array"": false, ""free"": false, ""function_pointer"": false, ""generated_source"": false, ""global_read"": false, ""global_write"": false, ""goto"": false, ""lexical_ambiguity"": false, ""longjmp"": false, ""macro_density"": 0.0, ""macro_generated_declaration"": false, ""macro_use"": false, ""malloc"": false, ""memcpy"": false, ""memmove"": false, ""memset"": false, ""mutable_global"": false, ""parameter_count"": 0, ""platform_specific"": false, ""pointer_arithmetic"": false, ""pointer_count"": 0, ""pointer_to_pointer"": false, ""raw_pointer_parameter"": false, ""raw_pointer_return"": false, ""realloc"": false, ""setjmp"": false, ""static_local"": false, ""syscall"": false, ""third_party"": false, ""union"": false, ""va_list"": false, ""variadic"": false, ""void_pointer"": false}",TRIVIAL,no_significant_detected_blocker,[],medium
2,ecal-core,652e92f7cda2ab1f2d0056cb296b66c7a30c8fa8,ecal/core/src/serialization/protozero/ecal/core/pb/layer.pbftags.h,33,37,enum,class,5,"{""bitfield"": false, ""branch_complexity_proxy"": 0, ""c_array"": false, ""call_count"": 0, ""callback"": false, ""calloc"": false, ""conditional_compilation"": false, ""explicit_abi_boundary"": false, ""extern_declaration"": false, ""extern_or_abi_boundary"": false, ""flexible_array"": false, ""free"": false, ""function_pointer"": false, ""generated_source"": false, ""global_read"": false, ""global_write"": false, ""goto"": false, ""lexical_ambiguity"": false, ""longjmp"": false, ""macro_density"": 0.0, ""macro_generated_declaration"": false, ""macro_use"": false, ""malloc"": false, ""memcpy"": false, ""memmove"": false, ""memset"": false, ""mutable_global"": false, ""parameter_count"": 0, ""platform_specific"": false, ""pointer_arithmetic"": false, ""pointer_count"": 0, ""pointer_to_pointer"": false, ""raw_pointer_parameter"": false, ""raw_pointer_return"": false, ""realloc"": false, ""setjmp"": false, ""static_local"": false, ""syscall"": false, ""third_party"": false, ""union"": false, ""va_list"": false, ""variadic"": false, ""void_pointer"": false}",TRIVIAL,no_significant_detected_blocker,[],medium
2,ecal-core,652e92f7cda2ab1f2d0056cb296b66c7a30c8fa8,ecal/core/src/serialization/protozero/ecal/core/pb/layer.pbftags.h,43,49,enum,class,7,"{""bitfield"": false, ""branch_complexity_proxy"": 0, ""c_array"": false, ""call_count"": 0, ""callback"": false, ""calloc"": false, ""conditional_compilation"": false, ""explicit_abi_boundary"": false, ""extern_declaration"": false, ""extern_or_abi_boundary"": false, ""flexible_array"": false, ""free"": false, ""function_pointer"": false, ""generated_source"": false, ""global_read"": false, ""global_write"": false, ""goto"": false, ""lexical_ambiguity"": false, ""longjmp"": false, ""macro_density"": 0.0, ""macro_generated_declaration"": false, ""macro_use"": false, ""malloc"": false, ""memcpy"": false, ""memmove"": false, ""memset"": false, ""mutable_global"": false, ""parameter_count"": 0, ""platform_specific"": false, ""pointer_arithmetic"": false, ""pointer_count"": 0, ""pointer_to_pointer"": false, ""raw_pointer_parameter"": false, ""raw_pointer_return"": false, ""realloc"": false, ""setjmp"": false, ""static_local"": false, ""syscall"": false, ""third_party"": false, ""union"": false, ""va_list"": false, ""variadic"": false, ""void_pointer"": false}",TRIVIAL,no_significant_detected_blocker,[],medium
2,ecal-core,652e92f7cda2ab1f2d0056cb296b66c7a30c8fa8,ecal/core/src/serialization/protozero/ecal/core/pb/layer.pbftags.h,55,61,enum,class,7,"{""bitfield"": false, ""branch_complexity_proxy"": 0, ""c_array"": false, ""call_count"": 0, ""callback"": false, ""calloc"": false, ""conditional_compilation"": false, ""explicit_abi_boundary"": false, ""extern_declaration"": false, ""extern_or_abi_boundary"": false, ""flexible_array"": false, ""free"": false, ""function_pointer"": false, ""generated_source"": false, ""global_read"": false, ""global_write"": false, ""goto"": false, ""lexical_ambiguity"": false, ""longjmp"": false, ""macro_density"": 0.0, ""macro_generated_declaration"": false, ""macro_use"": false, ""malloc"": false, ""memcpy"": false, ""memmove"": false, ""memset"": false, ""mutable_global"": false, ""parameter_count"": 0, ""platform_specific"": false, ""pointer_arithmetic"": false, ""pointer_count"": 0, ""pointer_to_pointer"": false, ""raw_pointer_parameter"": false, ""raw_pointer_return"": false, ""realloc"": false, ""setjmp"": false, ""static_local"": false, ""syscall"": false, ""third_party"": false, ""union"": false, ""va_list"": false, ""variadic"": false, ""void_pointer"": false}",TRIVIAL,no_significant_detected_blocker,[],medium
2,ecal-core,652e92f7cda2ab1f2d0056cb296b66c7a30c8fa8,ecal/core/src/serialization/protozero/ecal/core/pb/logging.pbftags.h,10,18,enum,class,9,"{""bitfield"": false, ""branch_complexity_proxy"": 0, ""c_array"": false, ""call_count"": 0, ""callback"": false, ""calloc"": false, ""conditional_compilation"": false, ""explicit_abi_boundary"": false, ""extern_declaration"": false, ""extern_or_abi_boundary"": false, ""flexible_array"": false, ""free"": false, ""function_pointer"": false, ""generated_source"": false, ""global_read"": false, ""global_write"": false, ""goto"": false, ""lexical_ambiguity"": false, ""longjmp"": false, ""macro_density"": 0.0, ""macro_generated_declaration"": false, ""macro_use"": false, ""malloc"": false, ""memcpy"": false, ""memmove"": false, ""memset"": false, ""mutable_global"": false, ""parameter_count"": 0, ""platform_specific"": false, ""pointer_arithmetic"": false, ""pointer_count"": 0, ""pointer_to_pointer"": false, ""raw_pointer_parameter"": false, ""raw_pointer_return"": false, ""realloc"": false, ""setjmp"": false, ""static_local"": false, ""syscall"": false, ""third_party"": false, ""union"": false, ""va_list"": false, ""variadic"": false, ""void_pointer"": false}",TRIVIAL,no_significant_detected_blocker,[],medium
2,ecal-core,652e92f7cda2ab1f2d0056cb296b66c7a30c8fa8,ecal/core/src/serialization/protozero/ecal/core/pb/logging.pbftags.h,24,26,enum,class,3,"{""bitfield"": false, ""branch_complexity_proxy"": 0, ""c_array"": false, ""call_count"": 0, ""callback"": false, ""calloc"": false, ""conditional_compilation"": false, ""explicit_abi_boundary"": false, ""extern_declaration"": false, ""extern_or_abi_boundary"": false, ""flexible_array"": false, ""free"": false, ""function_pointer"": false, ""generated_source"": false, ""global_read"": false, ""global_write"": false, ""goto"": false, ""lexical_ambiguity"": false, ""longjmp"": false, ""macro_density"": 0.0, ""macro_generated_declaration"": false, ""macro_use"": false, ""malloc"": false, ""memcpy"": false, ""memmove"": false, ""memset"": false, ""mutable_global"": false, ""parameter_count"": 0, ""platform_specific"": false, ""pointer_arithmetic"": false, ""pointer_count"": 0, ""pointer_to_pointer"": false, ""raw_pointer_parameter"": false, ""raw_pointer_return"": false, ""realloc"": false, ""setjmp"": false, ""static_local"": false, ""syscall"": false, ""third_party"": false, ""union"": false, ""va_list"": false, ""variadic"": false, ""void_pointer"": false}",TRIVIAL,no_significant_detected_blocker,[],medium
2,ecal-core,652e92f7cda2ab1f2d0056cb296b66c7a30c8fa8,ecal/core/src/serialization/protozero/ecal/core/pb/monitoring.pbftags.h,10,16,enum,class,7,"{""bitfield"": false, ""branch_complexity_proxy"": 0, ""c_array"": false, ""call_count"": 0, ""callback"": false, ""calloc"": false, ""conditional_compilation"": false, ""explicit_abi_boundary"": false, ""extern_declaration"": false, ""extern_or_abi_boundary"": false, ""flexible_array"": false, ""free"": false, ""function_pointer"": false, ""generated_source"": false, ""global_read"": false, ""global_write"": false, ""goto"": false, ""lexical_ambiguity"": false, ""longjmp"": false, ""macro_density"": 0.0, ""macro_generated_declaration"": false, ""macro_use"": false, ""malloc"": false, ""memcpy"": false, ""memmove"": false, ""memset"": false, ""mutable_global"": false, ""parameter_count"": 0, ""platform_specific"": false, ""pointer_arithmetic"": false, ""pointer_count"": 0, ""pointer_to_pointer"": false, ""raw_pointer_parameter"": false, ""raw_pointer_return"": false, ""realloc"": false, ""setjmp"": false, ""static_local"": false, ""syscall"": false, ""third_party"": false, ""union"": false, ""va_list"": false, ""variadic"": false, ""void_pointer"": false}",TRIVIAL,no_significant_detected_blocker,[],medium
2,ecal-core,652e92f7cda2ab1f2d0056cb296b66c7a30c8fa8,ecal/core/src/serialization/protozero/ecal/core/pb/process.pbftags.h,10,14,enum,class,5,"{""bitfield"": false, ""branch_complexity_proxy"": 0, ""c_array"": false, ""call_count"": 0, ""callback"": false, ""calloc"": false, ""conditional_compilation"": false, ""explicit_abi_boundary"": false, ""extern_declaration"": false, ""extern_or_abi_boundary"": false, ""flexible_array"": false, ""free"": false, ""function_pointer"": false, ""generated_source"": false, ""global_read"": false, ""global_write"": false, ""goto"": false, ""lexical_ambiguity"": false, ""longjmp"": false, ""macro_density"": 0.0, ""macro_generated_declaration"": false, ""macro_use"": false, ""malloc"": false, ""memcpy"": false, ""memmove"": false, ""memset"": false, ""mutable_global"": false, ""parameter_count"": 0, ""platform_specific"": false, ""pointer_arithmetic"": false, ""pointer_count"": 0, ""pointer_to_pointer"": false, ""raw_pointer_parameter"": false, ""raw_pointer_return"": false, ""realloc"": false, ""setjmp"": false, ""static_local"": false, ""syscall"": false, ""third_party"": false, ""union"": false, ""va_list"": false, ""variadic"": false, ""void_pointer"": false}",TRIVIAL,no_significant_detected_blocker,[],medium
2,ecal-core,652e92f7cda2ab1f2d0056cb296b66c7a30c8fa8,ecal/core/src/serialization/protozero/ecal/core/pb/process.pbftags.h,20,35,enum,class,16,"{""bitfield"": false, ""branch_complexity_proxy"": 0, ""c_array"": false, ""call_count"": 0, ""callback"": false, ""calloc"": false, ""conditional_compilation"": false, ""explicit_abi_boundary"": false, ""extern_declaration"": false, ""extern_or_abi_boundary"": false, ""flexible_array"": false, ""free"": false, ""function_pointer"": false, ""generated_source"": false, ""global_read"": false, ""global_write"": false, ""goto"": false, ""lexical_ambiguity"": false, ""longjmp"": false, ""macro_density"": 0.0, ""macro_generated_declaration"": false, ""macro_use"": false, ""malloc"": false, ""memcpy"": false, ""memmove"": false, ""memset"": false, ""mutable_global"": false, ""parameter_count"": 0, ""platform_specific"": false, ""pointer_arithmetic"": false, ""pointer_count"": 0, ""pointer_to_pointer"": false, ""raw_pointer_parameter"": false, ""raw_pointer_return"": false, ""realloc"": false, ""setjmp"": false, ""static_local"": false, ""syscall"": false, ""third_party"": false, ""union"": false, ""va_list"": false, ""variadic"": false, ""void_pointer"": false}",TRIVIAL,no_significant_detected_blocker,[],medium
2,ecal-core,652e92f7cda2ab1f2d0056cb296b66c7a30c8fa8,ecal/core/src/serialization/protozero/ecal/core/pb/process.pbftags.h,41,47,enum,class,7,"{""bitfield"": false, ""branch_complexity_proxy"": 0, ""c_array"": false, ""call_count"": 0, ""callback"": false, ""calloc"": false, ""conditional_compilation"": false, ""explicit_abi_boundary"": false, ""extern_declaration"": false, ""extern_or_abi_boundary"": false, ""flexible_array"": false, ""free"": false, ""function_pointer"": false, ""generated_source"": false, ""global_read"": false, ""global_write"": false, ""goto"": false, ""lexical_ambiguity"": false, ""longjmp"": false, ""macro_density"": 0.0, ""macro_generated_declaration"": false, ""macro_use"": false, ""malloc"": false, ""memcpy"": false, ""memmove"": false, ""memset"": false, ""mutable_global"": false, ""parameter_count"": 0, ""platform_specific"": false, ""pointer_arithmetic"": false, ""pointer_count"": 0, ""pointer_to_pointer"": false, ""raw_pointer_parameter"": false, ""raw_pointer_return"": false, ""realloc"": false, ""setjmp"": false, ""static_local"": false, ""syscall"": false, ""third_party"": false, ""union"": false, ""va_list"": false, ""variadic"": false, ""void_pointer"": false}",TRIVIAL,no_significant_detected_blocker,[],medium
2,ecal-core,652e92f7cda2ab1f2d0056cb296b66c7a30c8fa8,ecal/core/src/serialization/protozero/ecal/core/pb/process.pbftags.h,53,60,enum,class,8,"{""bitfield"": false, ""branch_complexity_proxy"": 0, ""c_array"": false, ""call_count"": 0, ""callback"": false, ""calloc"": false, ""conditional_compilation"": false, ""explicit_abi_boundary"": false, ""extern_declaration"": false, ""extern_or_abi_boundary"": false, ""flexible_array"": false, ""free"": false, ""function_pointer"": false, ""generated_source"": false, ""global_read"": false, ""global_write"": false, ""goto"": false, ""lexical_ambiguity"": false, ""longjmp"": false, ""macro_density"": 0.0, ""macro_generated_declaration"": false, ""macro_use"": false, ""malloc"": false, ""memcpy"": false, ""memmove"": false, ""memset"": false, ""mutable_global"": false, ""parameter_count"": 0, ""platform_specific"": false, ""pointer_arithmetic"": false, ""pointer_count"": 0, ""pointer_to_pointer"": false, ""raw_pointer_parameter"": false, ""raw_pointer_return"": false, ""realloc"": false, ""setjmp"": false, ""static_local"": false, ""syscall"": false, ""third_party"": false, ""union"": false, ""va_list"": false, ""variadic"": false, ""void_pointer"": false}",TRIVIAL,no_significant_detected_blocker,[],medium
2,ecal-core,652e92f7cda2ab1f2d0056cb296b66c7a30c8fa8,ecal/core/src/serialization/protozero/ecal/core/pb/process.pbftags.h,66,70,enum,class,5,"{""bitfield"": false, ""branch_complexity_proxy"": 0, ""c_array"": false, ""call_count"": 0, ""callback"": false, ""calloc"": false, ""conditional_compilation"": false, ""explicit_abi_boundary"": false, ""extern_declaration"": false, ""extern_or_abi_boundary"": false, ""flexible_array"": false, ""free"": false, ""function_pointer"": false, ""generated_source"": false, ""global_read"": false, ""global_write"": false, ""goto"": false, ""lexical_ambiguity"": false, ""longjmp"": false, ""macro_density"": 0.0, ""macro_generated_declaration"": false, ""macro_use"": false, ""malloc"": false, ""memcpy"": false, ""memmove"": false, ""memset"": false, ""mutable_global"": false, ""parameter_count"": 0, ""platform_specific"": false, ""pointer_arithmetic"": false, ""pointer_count"": 0, ""pointer_to_pointer"": false, ""raw_pointer_parameter"": false, ""raw_pointer_return"": false, ""realloc"": false, ""setjmp"": false, ""static_local"": false, ""syscall"": false, ""third_party"": false, ""union"": false, ""va_list"": false, ""variadic"": false, ""void_pointer"": false}",TRIVIAL,no_significant_detected_blocker,[],medium
2,ecal-core,652e92f7cda2ab1f2d0056cb296b66c7a30c8fa8,ecal/core/src/serialization/protozero/ecal/core/pb/service.pbftags.h,10,18,enum,class,9,"{""bitfield"": false, ""branch_complexity_proxy"": 0, ""c_array"": false, ""call_count"": 0, ""callback"": false, ""calloc"": false, ""conditional_compilation"": false, ""explicit_abi_boundary"": false, ""extern_declaration"": false, ""extern_or_abi_boundary"": false, ""flexible_array"": false, ""free"": false, ""function_pointer"": false, ""generated_source"": false, ""global_read"": false, ""global_write"": false, ""goto"": false, ""lexical_ambiguity"": false, ""longjmp"": false, ""macro_density"": 0.0, ""macro_generated_declaration"": false, ""macro_use"": false, ""malloc"": false, ""memcpy"": false, ""memmove"": false, ""memset"": false, ""mutable_global"": false, ""parameter_count"": 0, ""platform_specific"": false, ""pointer_arithmetic"": false, ""pointer_count"": 0, ""pointer_to_pointer"": false, ""raw_pointer_parameter"": false, ""raw_pointer_return"": false, ""realloc"": false, ""setjmp"": false, ""static_local"": false, ""syscall"": false, ""third_party"": false, ""union"": false, ""va_list"": false, ""variadic"": false, ""void_pointer"": false}",TRIVIAL,no_significant_detected_blocker,[],medium
2,ecal-core,652e92f7cda2ab1f2d0056cb296b66c7a30c8fa8,ecal/core/src/serialization/protozero/ecal/core/pb/service.pbftags.h,24,28,enum,class,5,"{""bitfield"": false, ""branch_complexity_proxy"": 0, ""c_array"": false, ""call_count"": 0, ""callback"": false, ""calloc"": false, ""conditional_compilation"": false, ""explicit_abi_boundary"": false, ""extern_declaration"": false, ""extern_or_abi_boundary"": false, ""flexible_array"": false, ""free"": false, ""function_pointer"": false, ""generated_source"": false, ""global_read"": false, ""global_write"": false, ""goto"": false, ""lexical_ambiguity"": false, ""longjmp"": false, ""macro_density"": 0.0, ""macro_generated_declaration"": false, ""macro_use"": false, ""malloc"": false, ""memcpy"": false, ""memmove"": false, ""memset"": false, ""mutable_global"": false, ""parameter_count"": 0, ""platform_specific"": false, ""pointer_arithmetic"": false, ""pointer_count"": 0, ""pointer_to_pointer"": false, ""raw_pointer_parameter"": false, ""raw_pointer_return"": false, ""realloc"": false, ""setjmp"": false, ""static_local"": false, ""syscall"": false, ""third_party"": false, ""union"": false, ""va_list"": false, ""variadic"": false, ""void_pointer"": false}",TRIVIAL,no_significant_detected_blocker,[],medium
2,ecal-core,652e92f7cda2ab1f2d0056cb296b66c7a30c8fa8,ecal/core/src/serialization/protozero/ecal/core/pb/service.pbftags.h,34,37,enum,class,4,"{""bitfield"": false, ""branch_complexity_proxy"": 0, ""c_array"": false, ""call_count"": 0, ""callback"": false, ""calloc"": false, ""conditional_compilation"": false, ""explicit_abi_boundary"": false, ""extern_declaration"": false, ""extern_or_abi_boundary"": false, ""flexible_array"": false, ""free"": false, ""function_pointer"": false, ""generated_source"": false, ""global_read"": false, ""global_write"": false, ""goto"": false, ""lexical_ambiguity"": false, ""longjmp"": false, ""macro_density"": 0.0, ""macro_generated_declaration"": false, ""macro_use"": false, ""malloc"": false, ""memcpy"": false, ""memmove"": false, ""memset"": false, ""mutable_global"": false, ""parameter_count"": 0, ""platform_specific"": false, ""pointer_arithmetic"": false, ""pointer_count"": 0, ""pointer_to_pointer"": false, ""raw_pointer_parameter"": false, ""raw_pointer_return"": false, ""realloc"": false, ""setjmp"": false, ""static_local"": false, ""syscall"": false, ""third_party"": false, ""union"": false, ""va_list"": false, ""variadic"": false, ""void_pointer"": false}",TRIVIAL,no_significant_detected_blocker,[],medium
2,ecal-core,652e92f7cda2ab1f2d0056cb296b66c7a30c8fa8,ecal/core/src/serialization/protozero/ecal/core/pb/service.pbftags.h,43,47,enum,class,5,"{""bitfield"": false, ""branch_complexity_proxy"": 0, ""c_array"": false, ""call_count"": 0, ""callback"": false, ""calloc"": false, ""conditional_compilation"": false, ""explicit_abi_boundary"": false, ""extern_declaration"": false, ""extern_or_abi_boundary"": false, ""flexible_array"": false, ""free"": false, ""function_pointer"": false, ""generated_source"": false, ""global_read"": false, ""global_write"": false, ""goto"": false, ""lexical_ambiguity"": false, ""longjmp"": false, ""macro_density"": 0.0, ""macro_generated_declaration"": false, ""macro_use"": false, ""malloc"": false, ""memcpy"": false, ""memmove"": false, ""memset"": false, ""mutable_global"": false, ""parameter_count"": 0, ""platform_specific"": false, ""pointer_arithmetic"": false, ""pointer_count"": 0, ""pointer_to_pointer"": false, ""raw_pointer_parameter"": false, ""raw_pointer_return"": false, ""realloc"": false, ""setjmp"": false, ""static_local"": false, ""syscall"": false, ""third_party"": false, ""union"": false, ""va_list"": false, ""variadic"": false, ""void_pointer"": false}",TRIVIAL,no_significant_detected_blocker,[],medium
2,ecal-core,652e92f7cda2ab1f2d0056cb296b66c7a30c8fa8,ecal/core/src/serialization/protozero/ecal/core/pb/service.pbftags.h,53,62,enum,class,10,"{""bitfield"": false, ""branch_complexity_proxy"": 0, ""c_array"": false, ""call_count"": 0, ""callback"": false, ""calloc"": false, ""conditional_compilation"": false, ""explicit_abi_boundary"": false, ""extern_declaration"": false, ""extern_or_abi_boundary"": false, ""flexible_array"": false, ""free"": false, ""function_pointer"": false, ""generated_source"": false, ""global_read"": false, ""global_write"": false, ""goto"": false, ""lexical_ambiguity"": false, ""longjmp"": false, ""macro_density"": 0.0, ""macro_generated_declaration"": false, ""macro_use"": false, ""malloc"": false, ""memcpy"": false, ""memmove"": false, ""memset"": false, ""mutable_global"": false, ""parameter_count"": 0, ""platform_specific"": false, ""pointer_arithmetic"": false, ""pointer_count"": 0, ""pointer_to_pointer"": false, ""raw_pointer_parameter"": false, ""raw_pointer_return"": false, ""realloc"": false, ""setjmp"": false, ""static_local"": false, ""syscall"": false, ""third_party"": false, ""union"": false, ""va_list"": false, ""variadic"": false, ""void_pointer"": false}",TRIVIAL,no_significant_detected_blocker,[],medium
2,ecal-core,652e92f7cda2ab1f2d0056cb296b66c7a30c8fa8,ecal/core/src/serialization/protozero/ecal/core/pb/service.pbftags.h,68,80,enum,class,13,"{""bitfield"": false, ""branch_complexity_proxy"": 0, ""c_array"": false, ""call_count"": 0, ""callback"": false, ""calloc"": false, ""conditional_compilation"": false, ""explicit_abi_boundary"": false, ""extern_declaration"": false, ""extern_or_abi_boundary"": false, ""flexible_array"": false, ""free"": false, ""function_pointer"": false, ""generated_source"": false, ""global_read"": false, ""global_write"": false, ""goto"": false, ""lexical_ambiguity"": false, ""longjmp"": false, ""macro_density"": 0.0, ""macro_generated_declaration"": false, ""macro_use"": false, ""malloc"": false, ""memcpy"": false, ""memmove"": false, ""memset"": false, ""mutable_global"": false, ""parameter_count"": 0, ""platform_specific"": false, ""pointer_arithmetic"": false, ""pointer_count"": 0, ""pointer_to_pointer"": false, ""raw_pointer_parameter"": false, ""raw_pointer_return"": false, ""realloc"": false, ""setjmp"": false, ""static_local"": false, ""syscall"": false, ""third_party"": false, ""union"": false, ""va_list"": false, ""variadic"": false, ""void_pointer"": false}",TRIVIAL,no_significant_detected_blocker,[],medium
2,ecal-core,652e92f7cda2ab1f2d0056cb296b66c7a30c8fa8,ecal/core/src/serialization/protozero/ecal/core/pb/service.pbftags.h,86,96,enum,class,11,"{""bitfield"": false, ""branch_complexity_proxy"": 0, ""c_array"": false, ""call_count"": 0, ""callback"": false, ""calloc"": false, ""conditional_compilation"": false, ""explicit_abi_boundary"": false, ""extern_declaration"": false, ""extern_or_abi_boundary"": false, ""flexible_array"": false, ""free"": false, ""function_pointer"": false, ""generated_source"": false, ""global_read"": false, ""global_write"": false, ""goto"": false, ""lexical_ambiguity"": false, ""longjmp"": false, ""macro_density"": 0.0, ""macro_generated_declaration"": false, ""macro_use"": false, ""malloc"": false, ""memcpy"": false, ""memmove"": false, ""memset"": false, ""mutable_global"": false, ""parameter_count"": 0, ""platform_specific"": false, ""pointer_arithmetic"": false, ""pointer_count"": 0, ""pointer_to_pointer"": false, ""raw_pointer_parameter"": false, ""raw_pointer_return"": false, ""realloc"": false, ""setjmp"": false, ""static_local"": false, ""syscall"": false, ""third_party"": false, ""union"": false, ""va_list"": false, ""variadic"": false, ""void_pointer"": false}",TRIVIAL,no_significant_detected_blocker,[],medium
2,ecal-core,652e92f7cda2ab1f2d0056cb296b66c7a30c8fa8,ecal/core/src/serialization/protozero/ecal/core/pb/topic.pbftags.h,10,17,enum,class,8,"{""bitfield"": false, ""branch_complexity_proxy"": 0, ""c_array"": false, ""call_count"": 0, ""callback"": false, ""calloc"": false, ""conditional_compilation"": false, ""explicit_abi_boundary"": false, ""extern_declaration"": false, ""extern_or_abi_boundary"": false, ""flexible_array"": false, ""free"": false, ""function_pointer"": false, ""generated_source"": false, ""global_read"": false, ""global_write"": false, ""goto"": false, ""lexical_ambiguity"": false, ""longjmp"": false, ""macro_density"": 0.0, ""macro_generated_declaration"": false, ""macro_use"": false, ""malloc"": false, ""memcpy"": false, ""memmove"": false, ""memset"": false, ""mutable_global"": false, ""parameter_count"": 0, ""platform_specific"": false, ""pointer_arithmetic"": false, ""pointer_count"": 0, ""pointer_to_pointer"": false, ""raw_pointer_parameter"": false, ""raw_pointer_return"": false, ""realloc"": false, ""setjmp"": false, ""static_local"": false, ""syscall"": false, ""third_party"": false, ""union"": false, ""va_list"": false, ""variadic"": false, ""void_pointer"": false}",TRIVIAL,no_significant_detected_blocker,[],medium
2,ecal-core,652e92f7cda2ab1f2d0056cb296b66c7a30c8fa8,ecal/core/src/serialization/protozero/ecal/core/pb/topic.pbftags.h,23,43,enum,class,21,"{""bitfield"": false, ""branch_complexity_proxy"": 0, ""c_array"": false, ""call_count"": 0, ""callback"": false, ""calloc"": false, ""conditional_compilation"": false, ""explicit_abi_boundary"": false, ""extern_declaration"": false, ""extern_or_abi_boundary"": false, ""flexible_array"": false, ""free"": false, ""function_pointer"": false, ""generated_source"": false, ""global_read"": false, ""global_write"": false, ""goto"": false, ""lexical_ambiguity"": false, ""longjmp"": false, ""macro_density"": 0.0, ""macro_generated_declaration"": false, ""macro_use"": false, ""malloc"": false, ""memcpy"": false, ""memmove"": false, ""memset"": false, ""mutable_global"": false, ""parameter_count"": 0, ""platform_specific"": false, ""pointer_arithmetic"": false, ""pointer_count"": 0, ""pointer_to_pointer"": false, ""raw_pointer_parameter"": false, ""raw_pointer_return"": false, ""realloc"": false, ""setjmp"": false, ""static_local"": false, ""syscall"": false, ""third_party"": false, ""union"": false, ""va_list"": false, ""variadic"": false, ""void_pointer"": false}",TRIVIAL,no_significant_detected_blocker,[],medium
2,ecal-core,652e92f7cda2ab1f2d0056cb296b66c7a30c8fa8,ecal/core/src/serialization/protozero/ecal_helper.h,22,26,function,AssignString,5,"{""bitfield"": false, ""branch_complexity_proxy"": 0, ""c_array"": false, ""call_count"": 5, ""callback"": false, ""calloc"": false, ""conditional_compilation"": false, ""explicit_abi_boundary"": false, ""extern_declaration"": false, ""extern_or_abi_boundary"": false, ""flexible_array"": false, ""free"": false, ""function_pointer"": false, ""generated_source"": false, ""global_read"": false, ""global_write"": false, ""goto"": false, ""lexical_ambiguity"": false, ""longjmp"": false, ""macro_density"": 0.0, ""macro_generated_declaration"": false, ""macro_use"": false, ""malloc"": false, ""memcpy"": false, ""memmove"": false, ""memset"": false, ""mutable_global"": false, ""parameter_count"": 2, ""platform_specific"": false, ""pointer_arithmetic"": false, ""pointer_count"": 0, ""pointer_to_pointer"": false, ""raw_pointer_parameter"": false, ""raw_pointer_return"": false, ""realloc"": false, ""setjmp"": false, ""static_local"": false, ""syscall"": false, ""third_party"": false, ""union"": false, ""va_list"": false, ""variadic"": false, ""void_pointer"": false}",TRIVIAL,no_significant_detected_blocker,[],medium
2,ecal-core,652e92f7cda2ab1f2d0056cb296b66c7a30c8fa8,ecal/core/src/serialization/protozero/ecal_helper.h,28,31,function,AssignBytes,4,"{""bitfield"": false, ""branch_complexity_proxy"": 0, ""c_array"": false, ""call_count"": 2, ""callback"": false, ""calloc"": false, ""conditional_compilation"": false, ""explicit_abi_boundary"": false, ""extern_declaration"": false, ""extern_or_abi_boundary"": false, ""flexible_array"": false, ""free"": false, ""function_pointer"": false, ""generated_source"": false, ""global_read"": false, ""global_write"": false, ""goto"": false, ""lexical_ambiguity"": false, ""longjmp"": false, ""macro_density"": 0.0, ""macro_generated_declaration"": false, ""macro_use"": false, ""malloc"": false, ""memcpy"": false, ""memmove"": false, ""memset"": false, ""mutable_global"": false, ""parameter_count"": 2, ""platform_specific"": false, ""pointer_arithmetic"": false, ""pointer_count"": 0, ""pointer_to_pointer"": false, ""raw_pointer_parameter"": false, ""raw_pointer_return"": false, ""realloc"": false, ""setjmp"": false, ""static_local"": false, ""syscall"": false, ""third_party"": false, ""union"": false, ""va_list"": false, ""variadic"": false, ""void_pointer"": false}",TRIVIAL,no_significant_detected_blocker,[],medium
2,ecal-core,652e92f7cda2ab1f2d0056cb296b66c7a30c8fa8,ecal/core/src/serialization/protozero/ecal_helper.h,33,37,function,AssignBytes,5,"{""bitfield"": false, ""branch_complexity_proxy"": 0, ""c_array"": false, ""call_count"": 6, ""callback"": false, ""calloc"": false, ""conditional_compilation"": false, ""explicit_abi_boundary"": false, ""extern_declaration"": false, ""extern_or_abi_boundary"": false, ""flexible_array"": false, ""free"": false, ""function_pointer"": false, ""generated_source"": false, ""global_read"": false, ""global_write"": false, ""goto"": false, ""lexical_ambiguity"": false, ""longjmp"": false, ""macro_density"": 0.0, ""macro_generated_declaration"": false, ""macro_use"": false, ""malloc"": false, ""memcpy"": false, ""memmove"": false, ""memset"": false, ""mutable_global"": false, ""parameter_count"": 2, ""platform_specific"": false, ""pointer_arithmetic"": false, ""pointer_count"": 0, ""pointer_to_pointer"": false, ""raw_pointer_parameter"": false, ""raw_pointer_return"": false, ""realloc"": false, ""setjmp"": false, ""static_local"": false, ""syscall"": false, ""third_party"": false, ""union"": false, ""va_list"": false, ""variadic"": false, ""void_pointer"": false}",TRIVIAL,no_significant_detected_blocker,[],medium
2,ecal-core,652e92f7cda2ab1f2d0056cb296b66c7a30c8fa8,ecal/core/src/serialization/protozero/ecal_helper.h,40,43,function,AssignMessage,4,"{""bitfield"": false, ""branch_complexity_proxy"": 0, ""c_array"": false, ""call_count"": 3, ""callback"": false, ""calloc"": false, ""conditional_compilation"": false, ""explicit_abi_boundary"": false, ""extern_declaration"": false, ""extern_or_abi_boundary"": false, ""flexible_array"": false, ""free"": false, ""function_pointer"": false, ""generated_source"": false, ""global_read"": false, ""global_write"": false, ""goto"": false, ""lexical_ambiguity"": false, ""longjmp"": false, ""macro_density"": 0.0, ""macro_generated_declaration"": false, ""macro_use"": false, ""malloc"": false, ""memcpy"": false, ""memmove"": false, ""memset"": false, ""mutable_global"": false, ""parameter_count"": 3, ""platform_specific"": false, ""pointer_arithmetic"": false, ""pointer_count"": 0, ""pointer_to_pointer"": false, ""raw_pointer_parameter"": false, ""raw_pointer_return"": false, ""realloc"": false, ""setjmp"": false, ""static_local"": false, ""syscall"": false, ""third_party"": false, ""union"": false, ""va_list"": false, ""variadic"": false, ""void_pointer"": false}",TRIVIAL,no_significant_detected_blocker,[],medium
2,ecal-core,652e92f7cda2ab1f2d0056cb296b66c7a30c8fa8,ecal/core/src/serialization/protozero/ecal_helper.h,46,51,function,AddRepeatedMessage,6,"{""bitfield"": false, ""branch_complexity_proxy"": 0, ""c_array"": false, ""call_count"": 6, ""callback"": false, ""calloc"": false, ""conditional_compilation"": false, ""explicit_abi_boundary"": false, ""extern_declaration"": false, ""extern_or_abi_boundary"": false, ""flexible_array"": false, ""free"": false, ""function_pointer"": false, ""generated_source"": false, ""global_read"": false, ""global_write"": false, ""goto"": false, ""lexical_ambiguity"": false, ""longjmp"": false, ""macro_density"": 0.0, ""macro_generated_declaration"": false, ""macro_use"": false, ""malloc"": false, ""memcpy"": false, ""memmove"": false, ""memset"": false, ""mutable_global"": false, ""parameter_count"": 3, ""platform_specific"": false, ""pointer_arithmetic"": false, ""pointer_count"": 0, ""pointer_to_pointer"": false, ""raw_pointer_parameter"": false, ""raw_pointer_return"": false, ""realloc"": false, ""setjmp"": false, ""static_local"": false, ""syscall"": false, ""third_party"": false, ""union"": false, ""va_list"": false, ""variadic"": false, ""void_pointer"": false}",TRIVIAL,no_significant_detected_blocker,[],medium
2,ecal-core,652e92f7cda2ab1f2d0056cb296b66c7a30c8fa8,ecal/core/src/serialization/protozero/ecal_helper.h,54,58,function,AddRepeatedMessage,5,"{""bitfield"": false, ""branch_complexity_proxy"": 0, ""c_array"": false, ""call_count"": 4, ""callback"": false, ""calloc"": false, ""conditional_compilation"": false, ""explicit_abi_boundary"": false, ""extern_declaration"": false, ""extern_or_abi_boundary"": false, ""flexible_array"": false, ""free"": false, ""function_pointer"": false, ""generated_source"": false, ""global_read"": false, ""global_write"": false, ""goto"": false, ""lexical_ambiguity"": false, ""longjmp"": false, ""macro_density"": 0.0, ""macro_generated_declaration"": false, ""macro_use"": false, ""malloc"": false, ""memcpy"": false, ""memmove"": false, ""memset"": false, ""mutable_global"": false, ""parameter_count"": 3, ""platform_specific"": false, ""pointer_arithmetic"": false, ""pointer_count"": 0, ""pointer_to_pointer"": false, ""raw_pointer_parameter"": false, ""raw_pointer_return"": false, ""realloc"": false, ""setjmp"": false, ""static_local"": false, ""syscall"": false, ""third_party"": false, ""union"": false, ""va_list"": false, ""variadic"": false, ""void_pointer"": false}",TRIVIAL,no_significant_detected_blocker,[],medium
2,ecal-core,652e92f7cda2ab1f2d0056cb296b66c7a30c8fa8,ecal/core/src/service/ecal_service_client_impl.cpp,83,88,function,ResponseError,6,"{""bitfield"": false, ""branch_complexity_proxy"": 0, ""c_array"": false, ""call_count"": 4, ""callback"": false, ""calloc"": false, ""conditional_compilation"": false, ""explicit_abi_boundary"": false, ""extern_declaration"": false, ""extern_or_abi_boundary"": false, ""flexible_array"": false, ""free"": false, ""function_pointer"": false, ""generated_source"": false, ""global_read"": false, ""global_write"": false, ""goto"": false, ""lexical_ambiguity"": false, ""longjmp"": false, ""macro_density"": 0.0, ""macro_generated_declaration"": false, ""macro_use"": false, ""malloc"": false, ""memcpy"": false, ""memmove"": false, ""memset"": false, ""mutable_global"": false, ""parameter_count"": 5, ""platform_specific"": false, ""pointer_arithmetic"": false, ""pointer_count"": 0, ""pointer_to_pointer"": false, ""raw_pointer_parameter"": false, ""raw_pointer_return"": false, ""realloc"": false, ""setjmp"": false, ""static_local"": false, ""syscall"": false, ""third_party"": false, ""union"": false, ""va_list"": false, ""variadic"": false, ""void_pointer"": false}",TRIVIAL,no_significant_detected_blocker,[],medium
2,ecal-core,652e92f7cda2ab1f2d0056cb296b66c7a30c8fa8,ecal/core/src/service/ecal_service_client_impl.cpp,511,519,function,if,9,"{""bitfield"": false, ""branch_complexity_proxy"": 2, ""c_array"": false, ""call_count"": 4, ""callback"": false, ""calloc"": false, ""conditional_compilation"": false, ""explicit_abi_boundary"": false, ""extern_declaration"": false, ""extern_or_abi_boundary"": false, ""flexible_array"": false, ""free"": false, ""function_pointer"": false, ""generated_source"": false, ""global_read"": false, ""global_write"": false, ""goto"": false, ""lexical_ambiguity"": false, ""longjmp"": false, ""macro_density"": 0.0, ""macro_generated_declaration"": false, ""macro_use"": false, ""malloc"": false, ""memcpy"": false, ""memmove"": false, ""memset"": false, ""mutable_global"": false, ""parameter_count"": 1, ""platform_specific"": false, ""pointer_arithmetic"": false, ""pointer_count"": 0, ""pointer_to_pointer"": false, ""raw_pointer_parameter"": false, ""raw_pointer_return"": false, ""realloc"": false, ""setjmp"": false, ""static_local"": false, ""syscall"": false, ""third_party"": false, ""union"": false, ""va_list"": false, ""variadic"": false, ""void_pointer"": false}",TRIVIAL,no_significant_detected_blocker,[],medium
2,ecal-core,652e92f7cda2ab1f2d0056cb296b66c7a30c8fa8,ecal/core/src/service/ecal_service_client_impl.h,99,104,struct,SClient,6,"{""bitfield"": false, ""branch_complexity_proxy"": 0, ""c_array"": false, ""call_count"": 0, ""callback"": false, ""calloc"": false, ""conditional_compilation"": false, ""explicit_abi_boundary"": false, ""extern_declaration"": false, ""extern_or_abi_boundary"": false, ""flexible_array"": false, ""free"": false, ""function_pointer"": false, ""generated_source"": false, ""global_read"": false, ""global_write"": false, ""goto"": false, ""lexical_ambiguity"": false, ""longjmp"": false, ""macro_density"": 0.0, ""macro_generated_declaration"": false, ""macro_use"": false, ""malloc"": false, ""memcpy"": false, ""memmove"": false, ""memset"": false, ""mutable_global"": false, ""parameter_count"": 0, ""platform_specific"": false, ""pointer_arithmetic"": false, ""pointer_count"": 0, ""pointer_to_pointer"": false, ""raw_pointer_parameter"": false, ""raw_pointer_return"": false, ""realloc"": false, ""setjmp"": false, ""static_local"": false, ""syscall"": false, ""third_party"": false, ""union"": false, ""va_list"": false, ""variadic"": false, ""void_pointer"": false}",TRIVIAL,no_significant_detected_blocker,[],medium
2,ecal-core,652e92f7cda2ab1f2d0056cb296b66c7a30c8fa8,ecal/core/src/service/ecal_service_client_impl.h,123,138,struct,SResponseData,16,"{""bitfield"": false, ""branch_complexity_proxy"": 0, ""c_array"": false, ""call_count"": 7, ""callback"": false, ""calloc"": false, ""conditional_compilation"": false, ""explicit_abi_boundary"": false, ""extern_declaration"": false, ""extern_or_abi_boundary"": false, ""flexible_array"": false, ""free"": false, ""function_pointer"": false, ""generated_source"": false, ""global_read"": false, ""global_write"": false, ""goto"": false, ""lexical_ambiguity"": false, ""longjmp"": false, ""macro_density"": 0.0, ""macro_generated_declaration"": false, ""macro_use"": false, ""malloc"": false, ""memcpy"": false, ""memmove"": false, ""memset"": false, ""mutable_global"": false, ""parameter_count"": 0, ""platform_specific"": false, ""pointer_arithmetic"": false, ""pointer_count"": 0, ""pointer_to_pointer"": false, ""raw_pointer_parameter"": false, ""raw_pointer_return"": false, ""realloc"": false, ""setjmp"": false, ""static_local"": false, ""syscall"": false, ""third_party"": false, ""union"": false, ""va_list"": false, ""variadic"": false, ""void_pointer"": false}",TRIVIAL,no_significant_detected_blocker,[],medium
2,ecal-core,652e92f7cda2ab1f2d0056cb296b66c7a30c8fa8,ecal/core/src/service/ecal_service_server_impl.h,110,114,struct,SMethod,5,"{""bitfield"": false, ""branch_complexity_proxy"": 0, ""c_array"": false, ""call_count"": 0, ""callback"": true, ""calloc"": false, ""conditional_compilation"": false, ""explicit_abi_boundary"": false, ""extern_declaration"": false, ""extern_or_abi_boundary"": false, ""flexible_array"": false, ""free"": false, ""function_pointer"": false, ""generated_source"": false, ""global_read"": false, ""global_write"": false, ""goto"": false, ""lexical_ambiguity"": false, ""longjmp"": false, ""macro_density"": 0.0, ""macro_generated_declaration"": false, ""macro_use"": false, ""malloc"": false, ""memcpy"": false, ""memmove"": false, ""memset"": false, ""mutable_global"": false, ""parameter_count"": 0, ""platform_specific"": false, ""pointer_arithmetic"": false, ""pointer_count"": 0, ""pointer_to_pointer"": false, ""raw_pointer_parameter"": false, ""raw_pointer_return"": false, ""realloc"": false, ""setjmp"": false, ""static_local"": false, ""syscall"": false, ""third_party"": false, ""union"": false, ""va_list"": false, ""variadic"": false, ""void_pointer"": false}",NEEDS_TRANSPILER,callback,[],medium
2,ecal-core,652e92f7cda2ab1f2d0056cb296b66c7a30c8fa8,ecal/core/src/time/ecal_time.cpp,52,62,function,GetMicroSeconds,11,"{""bitfield"": false, ""branch_complexity_proxy"": 2, ""c_array"": false, ""call_count"": 5, ""callback"": false, ""calloc"": false, ""conditional_compilation"": false, ""explicit_abi_boundary"": false, ""extern_declaration"": false, ""extern_or_abi_boundary"": false, ""flexible_array"": false, ""free"": false, ""function_pointer"": false, ""generated_source"": false, ""global_read"": false, ""global_write"": false, ""goto"": false, ""lexical_ambiguity"": false, ""longjmp"": false, ""macro_density"": 0.181818, ""macro_generated_declaration"": false, ""macro_use"": false, ""malloc"": false, ""memcpy"": false, ""memmove"": false, ""memset"": false, ""mutable_global"": false, ""parameter_count"": 0, ""platform_specific"": false, ""pointer_arithmetic"": false, ""pointer_count"": 0, ""pointer_to_pointer"": false, ""raw_pointer_parameter"": false, ""raw_pointer_return"": false, ""realloc"": false, ""setjmp"": false, ""static_local"": false, ""syscall"": false, ""third_party"": false, ""union"": false, ""va_list"": false, ""variadic"": false, ""void_pointer"": false}",TRIVIAL,no_significant_detected_blocker,[],medium
2,ecal-core,652e92f7cda2ab1f2d0056cb296b66c7a30c8fa8,ecal/core/src/time/ecal_time.cpp,64,74,function,GetNanoSeconds,11,"{""bitfield"": false, ""branch_complexity_proxy"": 2, ""c_array"": false, ""call_count"": 5, ""callback"": false, ""calloc"": false, ""conditional_compilation"": false, ""explicit_abi_boundary"": false, ""extern_declaration"": false, ""extern_or_abi_boundary"": false, ""flexible_array"": false, ""free"": false, ""function_pointer"": false, ""generated_source"": false, ""global_read"": false, ""global_write"": false, ""goto"": false, ""lexical_ambiguity"": false, ""longjmp"": false, ""macro_density"": 0.181818, ""macro_generated_declaration"": false, ""macro_use"": false, ""malloc"": false, ""memcpy"": false, ""memmove"": false, ""memset"": false, ""mutable_global"": false, ""parameter_count"": 0, ""platform_specific"": false, ""pointer_arithmetic"": false, ""pointer_count"": 0, ""pointer_to_pointer"": false, ""raw_pointer_parameter"": false, ""raw_pointer_return"": false, ""realloc"": false, ""setjmp"": false, ""static_local"": false, ""syscall"": false, ""third_party"": false, ""union"": false, ""va_list"": false, ""variadic"": false, ""void_pointer"": false}",TRIVIAL,no_significant_detected_blocker,[],medium
2,ecal-core,652e92f7cda2ab1f2d0056cb296b66c7a30c8fa8,ecal/core/src/time/ecal_time.cpp,76,86,function,SetNanoSeconds,11,"{""bitfield"": false, ""branch_complexity_proxy"": 2, ""c_array"": false, ""call_count"": 5, ""callback"": false, ""calloc"": false, ""conditional_compilation"": false, ""explicit_abi_boundary"": false, ""extern_declaration"": false, ""extern_or_abi_boundary"": false, ""flexible_array"": false, ""free"": false, ""function_pointer"": false, ""generated_source"": false, ""global_read"": false, ""global_write"": false, ""goto"": false, ""lexical_ambiguity"": false, ""longjmp"": false, ""macro_density"": 0.181818, ""macro_generated_declaration"": false, ""macro_use"": false, ""malloc"": false, ""memcpy"": false, ""memmove"": false, ""memset"": false, ""mutable_global"": false, ""parameter_count"": 1, ""platform_specific"": false, ""pointer_arithmetic"": false, ""pointer_count"": 0, ""pointer_to_pointer"": false, ""raw_pointer_parameter"": false, ""raw_pointer_return"": false, ""realloc"": false, ""setjmp"": false, ""static_local"": false, ""syscall"": false, ""third_party"": false, ""union"": false, ""va_list"": false, ""variadic"": false, ""void_pointer"": false}",TRIVIAL,no_significant_detected_blocker,[],medium
2,ecal-core,652e92f7cda2ab1f2d0056cb296b66c7a30c8fa8,ecal/core/src/time/ecal_time.cpp,88,98,function,IsSynchronized,11,"{""bitfield"": false, ""branch_complexity_proxy"": 2, ""c_array"": false, ""call_count"": 5, ""callback"": false, ""calloc"": false, ""conditional_compilation"": false, ""explicit_abi_boundary"": false, ""extern_declaration"": false, ""extern_or_abi_boundary"": false, ""flexible_array"": false, ""free"": false, ""function_pointer"": false, ""generated_source"": false, ""global_read"": false, ""global_write"": false, ""goto"": false, ""lexical_ambiguity"": false, ""longjmp"": false, ""macro_density"": 0.181818, ""macro_generated_declaration"": false, ""macro_use"": false, ""malloc"": false, ""memcpy"": false, ""memmove"": false, ""memset"": false, ""mutable_global"": false, ""parameter_count"": 0, ""platform_specific"": false, ""pointer_arithmetic"": false, ""pointer_count"": 0, ""pointer_to_pointer"": false, ""raw_pointer_parameter"": false, ""raw_pointer_return"": false, ""realloc"": false, ""setjmp"": false, ""static_local"": false, ""syscall"": false, ""third_party"": false, ""union"": false, ""va_list"": false, ""variadic"": false, ""void_pointer"": false}",TRIVIAL,no_significant_detected_blocker,[],medium
2,ecal-core,652e92f7cda2ab1f2d0056cb296b66c7a30c8fa8,ecal/core/src/time/ecal_time.cpp,100,110,function,IsMaster,11,"{""bitfield"": false, ""branch_complexity_proxy"": 2, ""c_array"": false, ""call_count"": 5, ""callback"": false, ""calloc"": false, ""conditional_compilation"": false, ""explicit_abi_boundary"": false, ""extern_declaration"": false, ""extern_or_abi_boundary"": false, ""flexible_array"": false, ""free"": false, ""function_pointer"": false, ""generated_source"": false, ""global_read"": false, ""global_write"": false, ""goto"": false, ""lexical_ambiguity"": false, ""longjmp"": false, ""macro_density"": 0.181818, ""macro_generated_declaration"": false, ""macro_use"": false, ""malloc"": false, ""memcpy"": false, ""memmove"": false, ""memset"": false, ""mutable_global"": false, ""parameter_count"": 0, ""platform_specific"": false, ""pointer_arithmetic"": false, ""pointer_count"": 0, ""pointer_to_pointer"": false, ""raw_pointer_parameter"": false, ""raw_pointer_return"": false, ""realloc"": false, ""setjmp"": false, ""static_local"": false, ""syscall"": false, ""third_party"": false, ""union"": false, ""va_list"": false, ""variadic"": false, ""void_pointer"": false}",TRIVIAL,no_significant_detected_blocker,[],medium
2,ecal-core,652e92f7cda2ab1f2d0056cb296b66c7a30c8fa8,ecal/core/src/time/ecal_time.cpp,112,122,function,SleepForNanoseconds,11,"{""bitfield"": false, ""branch_complexity_proxy"": 2, ""c_array"": false, ""call_count"": 5, ""callback"": false, ""calloc"": false, ""conditional_compilation"": false, ""explicit_abi_boundary"": false, ""extern_declaration"": false, ""extern_or_abi_boundary"": false, ""flexible_array"": false, ""free"": false, ""function_pointer"": false, ""generated_source"": false, ""global_read"": false, ""global_write"": false, ""goto"": false, ""lexical_ambiguity"": false, ""longjmp"": false, ""macro_density"": 0.181818, ""macro_generated_declaration"": false, ""macro_use"": false, ""malloc"": false, ""memcpy"": false, ""memmove"": false, ""memset"": false, ""mutable_global"": false, ""parameter_count"": 1, ""platform_specific"": false, ""pointer_arithmetic"": false, ""pointer_count"": 0, ""pointer_to_pointer"": false, ""raw_pointer_parameter"": false, ""raw_pointer_return"": false, ""realloc"": false, ""setjmp"": false, ""static_local"": false, ""syscall"": false, ""third_party"": false, ""union"": false, ""va_list"": false, ""variadic"": false, ""void_pointer"": false}",TRIVIAL,no_significant_detected_blocker,[],medium
2,ecal-core,652e92f7cda2ab1f2d0056cb296b66c7a30c8fa8,ecal/core/src/time/ecal_time.cpp,124,137,function,GetStatus,14,"{""bitfield"": false, ""branch_complexity_proxy"": 2, ""c_array"": false, ""call_count"": 5, ""callback"": false, ""calloc"": false, ""conditional_compilation"": false, ""explicit_abi_boundary"": false, ""extern_declaration"": false, ""extern_or_abi_boundary"": false, ""flexible_array"": false, ""free"": false, ""function_pointer"": false, ""generated_source"": false, ""global_read"": false, ""global_write"": false, ""goto"": false, ""lexical_ambiguity"": false, ""longjmp"": false, ""macro_density"": 0.142857, ""macro_generated_declaration"": false, ""macro_use"": false, ""malloc"": false, ""memcpy"": false, ""memmove"": false, ""memset"": false, ""mutable_global"": false, ""parameter_count"": 2, ""platform_specific"": false, ""pointer_arithmetic"": false, ""pointer_count"": 1, ""pointer_to_pointer"": false, ""raw_pointer_parameter"": true, ""raw_pointer_return"": false, ""realloc"": false, ""setjmp"": false, ""static_local"": false, ""syscall"": false, ""third_party"": false, ""union"": false, ""va_list"": false, ""variadic"": false, ""void_pointer"": false}",TRIVIAL,no_significant_detected_blocker,"[""raw_pointer_parameter""]",medium
2,ecal-core,652e92f7cda2ab1f2d0056cb296b66c7a30c8fa8,ecal/core/src/time/ecal_time_localtime.h,39,44,function,GetNanoSeconds,6,"{""bitfield"": false, ""branch_complexity_proxy"": 0, ""c_array"": false, ""call_count"": 5, ""callback"": false, ""calloc"": false, ""conditional_compilation"": false, ""explicit_abi_boundary"": false, ""extern_declaration"": false, ""extern_or_abi_boundary"": false, ""flexible_array"": false, ""free"": false, ""function_pointer"": false, ""generated_source"": false, ""global_read"": false, ""global_write"": false, ""goto"": false, ""lexical_ambiguity"": false, ""longjmp"": false, ""macro_density"": 0.0, ""macro_generated_declaration"": false, ""macro_use"": false, ""malloc"": false, ""memcpy"": false, ""memmove"": false, ""memset"": false, ""mutable_global"": false, ""parameter_count"": 0, ""platform_specific"": false, ""pointer_arithmetic"": false, ""pointer_count"": 0, ""pointer_to_pointer"": false, ""raw_pointer_parameter"": false, ""raw_pointer_return"": false, ""realloc"": false, ""setjmp"": false, ""static_local"": false, ""syscall"": false, ""third_party"": false, ""union"": false, ""va_list"": false, ""variadic"": false, ""void_pointer"": false}",TRIVIAL,no_significant_detected_blocker,[],medium
2,ecal-core,652e92f7cda2ab1f2d0056cb296b66c7a30c8fa8,ecal/core/src/time/ecal_time_localtime.h,46,50,function,GetMicroseconds,5,"{""bitfield"": false, ""branch_complexity_proxy"": 0, ""c_array"": false, ""call_count"": 4, ""callback"": false, ""calloc"": false, ""conditional_compilation"": false, ""explicit_abi_boundary"": false, ""extern_declaration"": false, ""extern_or_abi_boundary"": false, ""flexible_array"": false, ""free"": false, ""function_pointer"": false, ""generated_source"": false, ""global_read"": false, ""global_write"": false, ""goto"": false, ""lexical_ambiguity"": false, ""longjmp"": false, ""macro_density"": 0.0, ""macro_generated_declaration"": false, ""macro_use"": false, ""malloc"": false, ""memcpy"": false, ""memmove"": false, ""memset"": false, ""mutable_global"": false, ""parameter_count"": 0, ""platform_specific"": false, ""pointer_arithmetic"": false, ""pointer_count"": 0, ""pointer_to_pointer"": false, ""raw_pointer_parameter"": false, ""raw_pointer_return"": false, ""realloc"": false, ""setjmp"": false, ""static_local"": false, ""syscall"": false, ""third_party"": false, ""union"": false, ""va_list"": false, ""variadic"": false, ""void_pointer"": false}",TRIVIAL,no_significant_detected_blocker,[],medium
2,ecal-core,652e92f7cda2ab1f2d0056cb296b66c7a30c8fa8,ecal/core/src/time/ecal_time_localtime.h,52,55,function,SetNanoSeconds,4,"{""bitfield"": false, ""branch_complexity_proxy"": 0, ""c_array"": false, ""call_count"": 1, ""callback"": false, ""calloc"": false, ""conditional_compilation"": false, ""explicit_abi_boundary"": false, ""extern_declaration"": false, ""extern_or_abi_boundary"": false, ""flexible_array"": false, ""free"": false, ""function_pointer"": false, ""generated_source"": false, ""global_read"": false, ""global_write"": false, ""goto"": false, ""lexical_ambiguity"": false, ""longjmp"": false, ""macro_density"": 0.0, ""macro_generated_declaration"": false, ""macro_use"": false, ""malloc"": false, ""memcpy"": false, ""memmove"": false, ""memset"": false, ""mutable_global"": false, ""parameter_count"": 1, ""platform_specific"": false, ""pointer_arithmetic"": false, ""pointer_count"": 0, ""pointer_to_pointer"": false, ""raw_pointer_parameter"": false, ""raw_pointer_return"": false, ""realloc"": false, ""setjmp"": false, ""static_local"": false, ""syscall"": false, ""third_party"": false, ""union"": false, ""va_list"": false, ""variadic"": false, ""void_pointer"": false}",TRIVIAL,no_significant_detected_blocker,[],medium
2,ecal-core,652e92f7cda2ab1f2d0056cb296b66c7a30c8fa8,ecal/core/src/time/ecal_time_localtime.h,57,61,function,IsSynchronized,5,"{""bitfield"": false, ""branch_complexity_proxy"": 0, ""c_array"": false, ""call_count"": 1, ""callback"": false, ""calloc"": false, ""conditional_compilation"": false, ""explicit_abi_boundary"": false, ""extern_declaration"": false, ""extern_or_abi_boundary"": false, ""flexible_array"": false, ""free"": false, ""function_pointer"": false, ""generated_source"": false, ""global_read"": false, ""global_write"": false, ""goto"": false, ""lexical_ambiguity"": false, ""longjmp"": false, ""macro_density"": 0.0, ""macro_generated_declaration"": false, ""macro_use"": false, ""malloc"": false, ""memcpy"": false, ""memmove"": false, ""memset"": false, ""mutable_global"": false, ""parameter_count"": 0, ""platform_specific"": false, ""pointer_arithmetic"": false, ""pointer_count"": 0, ""pointer_to_pointer"": false, ""raw_pointer_parameter"": false, ""raw_pointer_return"": false, ""realloc"": false, ""setjmp"": false, ""static_local"": false, ""syscall"": false, ""third_party"": false, ""union"": false, ""va_list"": false, ""variadic"": false, ""void_pointer"": false}",TRIVIAL,no_significant_detected_blocker,[],medium
2,ecal-core,652e92f7cda2ab1f2d0056cb296b66c7a30c8fa8,ecal/core/src/time/ecal_time_localtime.h,63,67,function,IsMaster,5,"{""bitfield"": false, ""branch_complexity_proxy"": 0, ""c_array"": false, ""call_count"": 1, ""callback"": false, ""calloc"": false, ""conditional_compilation"": false, ""explicit_abi_boundary"": false, ""extern_declaration"": false, ""extern_or_abi_boundary"": false, ""flexible_array"": false, ""free"": false, ""function_pointer"": false, ""generated_source"": false, ""global_read"": false, ""global_write"": false, ""goto"": false, ""lexical_ambiguity"": false, ""longjmp"": false, ""macro_density"": 0.0, ""macro_generated_declaration"": false, ""macro_use"": false, ""malloc"": false, ""memcpy"": false, ""memmove"": false, ""memset"": false, ""mutable_global"": false, ""parameter_count"": 0, ""platform_specific"": false, ""pointer_arithmetic"": false, ""pointer_count"": 0, ""pointer_to_pointer"": false, ""raw_pointer_parameter"": false, ""raw_pointer_return"": false, ""realloc"": false, ""setjmp"": false, ""static_local"": false, ""syscall"": false, ""third_party"": false, ""union"": false, ""va_list"": false, ""variadic"": false, ""void_pointer"": false}",TRIVIAL,no_significant_detected_blocker,[],medium
2,ecal-core,652e92f7cda2ab1f2d0056cb296b66c7a30c8fa8,ecal/core/src/time/ecal_time_localtime.h,69,72,function,SleepForNanoseconds,4,"{""bitfield"": false, ""branch_complexity_proxy"": 0, ""c_array"": false, ""call_count"": 2, ""callback"": false, ""calloc"": false, ""conditional_compilation"": false, ""explicit_abi_boundary"": false, ""extern_declaration"": false, ""extern_or_abi_boundary"": false, ""flexible_array"": false, ""free"": false, ""function_pointer"": false, ""generated_source"": false, ""global_read"": false, ""global_write"": false, ""goto"": false, ""lexical_ambiguity"": false, ""longjmp"": false, ""macro_density"": 0.0, ""macro_generated_declaration"": false, ""macro_use"": false, ""malloc"": false, ""memcpy"": false, ""memmove"": false, ""memset"": false, ""mutable_global"": false, ""parameter_count"": 1, ""platform_specific"": false, ""pointer_arithmetic"": false, ""pointer_count"": 0, ""pointer_to_pointer"": false, ""raw_pointer_parameter"": false, ""raw_pointer_return"": false, ""realloc"": false, ""setjmp"": false, ""static_local"": false, ""syscall"": false, ""third_party"": false, ""union"": false, ""va_list"": false, ""variadic"": false, ""void_pointer"": false}",TRIVIAL,no_significant_detected_blocker,[],medium
2,ecal-core,652e92f7cda2ab1f2d0056cb296b66c7a30c8fa8,ecal/core/src/time/ecal_time_localtime.h,74,81,function,GetStatus,8,"{""bitfield"": false, ""branch_complexity_proxy"": 1, ""c_array"": false, ""call_count"": 2, ""callback"": false, ""calloc"": false, ""conditional_compilation"": false, ""explicit_abi_boundary"": false, ""extern_declaration"": false, ""extern_or_abi_boundary"": false, ""flexible_array"": false, ""free"": false, ""function_pointer"": false, ""generated_source"": false, ""global_read"": false, ""global_write"": false, ""goto"": false, ""lexical_ambiguity"": false, ""longjmp"": false, ""macro_density"": 0.0, ""macro_generated_declaration"": false, ""macro_use"": false, ""malloc"": false, ""memcpy"": false, ""memmove"": false, ""memset"": false, ""mutable_global"": false, ""parameter_count"": 2, ""platform_specific"": false, ""pointer_arithmetic"": false, ""pointer_count"": 2, ""pointer_to_pointer"": false, ""raw_pointer_parameter"": true, ""raw_pointer_return"": false, ""realloc"": false, ""setjmp"": false, ""static_local"": false, ""syscall"": false, ""third_party"": false, ""union"": false, ""va_list"": false, ""variadic"": false, ""void_pointer"": false}",TRIVIAL,no_significant_detected_blocker,"[""raw_pointer_parameter""]",medium
2,ecal-core,652e92f7cda2ab1f2d0056cb296b66c7a30c8fa8,ecal/core/src/time/ecal_time_plugin.cpp,44,48,struct,MissingSymbol,5,"{""bitfield"": false, ""branch_complexity_proxy"": 0, ""c_array"": false, ""call_count"": 0, ""callback"": false, ""calloc"": false, ""conditional_compilation"": false, ""explicit_abi_boundary"": false, ""extern_declaration"": false, ""extern_or_abi_boundary"": false, ""flexible_array"": false, ""free"": false, ""function_pointer"": false, ""generated_source"": false, ""global_read"": false, ""global_write"": false, ""goto"": false, ""lexical_ambiguity"": false, ""longjmp"": false, ""macro_density"": 0.0, ""macro_generated_declaration"": false, ""macro_use"": false, ""malloc"": false, ""memcpy"": false, ""memmove"": false, ""memset"": false, ""mutable_global"": false, ""parameter_count"": 0, ""platform_specific"": false, ""pointer_arithmetic"": false, ""pointer_count"": 1, ""pointer_to_pointer"": false, ""raw_pointer_parameter"": false, ""raw_pointer_return"": false, ""realloc"": false, ""setjmp"": false, ""static_local"": false, ""syscall"": false, ""third_party"": false, ""union"": false, ""va_list"": false, ""variadic"": false, ""void_pointer"": false}",TRIVIAL,no_significant_detected_blocker,[],medium
2,ecal-core,652e92f7cda2ab1f2d0056cb296b66c7a30c8fa8,ecal/core/src/time/ecal_time_plugin.cpp,52,55,function,HasMissingSymbol,4,"{""bitfield"": false, ""branch_complexity_proxy"": 0, ""c_array"": false, ""call_count"": 2, ""callback"": false, ""calloc"": false, ""conditional_compilation"": false, ""explicit_abi_boundary"": false, ""extern_declaration"": false, ""extern_or_abi_boundary"": false, ""flexible_array"": false, ""free"": false, ""function_pointer"": false, ""generated_source"": false, ""global_read"": false, ""global_write"": false, ""goto"": false, ""lexical_ambiguity"": false, ""longjmp"": false, ""macro_density"": 0.0, ""macro_generated_declaration"": false, ""macro_use"": false, ""malloc"": false, ""memcpy"": false, ""memmove"": false, ""memset"": false, ""mutable_global"": false, ""parameter_count"": 1, ""platform_specific"": false, ""pointer_arithmetic"": false, ""pointer_count"": 0, ""pointer_to_pointer"": false, ""raw_pointer_parameter"": false, ""raw_pointer_return"": false, ""realloc"": false, ""setjmp"": false, ""static_local"": false, ""syscall"": false, ""third_party"": false, ""union"": false, ""va_list"": false, ""variadic"": false, ""void_pointer"": false}",TRIVIAL,no_significant_detected_blocker,[],medium
2,ecal-core,652e92f7cda2ab1f2d0056cb296b66c7a30c8fa8,ecal/core/src/time/ecal_time_plugin.h,37,50,struct,Error,14,"{""bitfield"": false, ""branch_complexity_proxy"": 0, ""c_array"": false, ""call_count"": 0, ""callback"": false, ""calloc"": false, ""conditional_compilation"": false, ""explicit_abi_boundary"": false, ""extern_declaration"": false, ""extern_or_abi_boundary"": false, ""flexible_array"": false, ""free"": false, ""function_pointer"": false, ""generated_source"": false, ""global_read"": false, ""global_write"": false, ""goto"": false, ""lexical_ambiguity"": false, ""longjmp"": false, ""macro_density"": 0.0, ""macro_generated_declaration"": false, ""macro_use"": false, ""malloc"": false, ""memcpy"": false, ""memmove"": false, ""memset"": false, ""mutable_global"": false, ""parameter_count"": 0, ""platform_specific"": false, ""pointer_arithmetic"": false, ""pointer_count"": 0, ""pointer_to_pointer"": false, ""raw_pointer_parameter"": false, ""raw_pointer_return"": false, ""realloc"": false, ""setjmp"": false, ""static_local"": false, ""syscall"": false, ""third_party"": false, ""union"": false, ""va_list"": false, ""variadic"": false, ""void_pointer"": false}",TRIVIAL,no_significant_detected_blocker,[],medium
2,ecal-core,652e92f7cda2ab1f2d0056cb296b66c7a30c8fa8,ecal/core/src/time/ecal_time_plugin.h,39,46,enum,class,8,"{""bitfield"": false, ""branch_complexity_proxy"": 0, ""c_array"": false, ""call_count"": 0, ""callback"": false, ""calloc"": false, ""conditional_compilation"": false, ""explicit_abi_boundary"": false, ""extern_declaration"": false, ""extern_or_abi_boundary"": false, ""flexible_array"": false, ""free"": false, ""function_pointer"": false, ""generated_source"": false, ""global_read"": false, ""global_write"": false, ""goto"": false, ""lexical_ambiguity"": false, ""longjmp"": false, ""macro_density"": 0.0, ""macro_generated_declaration"": false, ""macro_use"": false, ""malloc"": false, ""memcpy"": false, ""memmove"": false, ""memset"": false, ""mutable_global"": false, ""parameter_count"": 0, ""platform_specific"": false, ""pointer_arithmetic"": false, ""pointer_count"": 0, ""pointer_to_pointer"": false, ""raw_pointer_parameter"": false, ""raw_pointer_return"": false, ""realloc"": false, ""setjmp"": false, ""static_local"": false, ""syscall"": false, ""third_party"": false, ""union"": false, ""va_list"": false, ""variadic"": false, ""void_pointer"": false}",TRIVIAL,no_significant_detected_blocker,[],medium
2,ecal-core,652e92f7cda2ab1f2d0056cb296b66c7a30c8fa8,ecal/core/src/time/ecal_time_plugin.h,78,88,struct,Api,11,"{""bitfield"": false, ""branch_complexity_proxy"": 0, ""c_array"": false, ""call_count"": 8, ""callback"": false, ""calloc"": false, ""conditional_compilation"": false, ""explicit_abi_boundary"": false, ""extern_declaration"": false, ""extern_or_abi_boundary"": false, ""flexible_array"": false, ""free"": false, ""function_pointer"": false, ""generated_source"": false, ""global_read"": false, ""global_write"": false, ""goto"": false, ""lexical_ambiguity"": false, ""longjmp"": false, ""macro_density"": 0.0, ""macro_generated_declaration"": false, ""macro_use"": false, ""malloc"": false, ""memcpy"": false, ""memmove"": false, ""memset"": false, ""mutable_global"": false, ""parameter_count"": 0, ""platform_specific"": false, ""pointer_arithmetic"": false, ""pointer_count"": 0, ""pointer_to_pointer"": false, ""raw_pointer_parameter"": false, ""raw_pointer_return"": false, ""realloc"": false, ""setjmp"": false, ""static_local"": false, ""syscall"": false, ""third_party"": false, ""union"": false, ""va_list"": false, ""variadic"": false, ""void_pointer"": false}",TRIVIAL,no_significant_detected_blocker,[],medium
2,ecal-core,652e92f7cda2ab1f2d0056cb296b66c7a30c8fa8,ecal/core/src/time/ecal_timegate.cpp,143,147,function,if,5,"{""bitfield"": false, ""branch_complexity_proxy"": 1, ""c_array"": false, ""call_count"": 2, ""callback"": false, ""calloc"": false, ""conditional_compilation"": false, ""explicit_abi_boundary"": false, ""extern_declaration"": false, ""extern_or_abi_boundary"": false, ""flexible_array"": false, ""free"": false, ""function_pointer"": false, ""generated_source"": false, ""global_read"": false, ""global_write"": false, ""goto"": false, ""lexical_ambiguity"": false, ""longjmp"": false, ""macro_density"": 0.0, ""macro_generated_declaration"": false, ""macro_use"": false, ""malloc"": false, ""memcpy"": false, ""memmove"": false, ""memset"": false, ""mutable_global"": false, ""parameter_count"": 1, ""platform_specific"": false, ""pointer_arithmetic"": false, ""pointer_count"": 0, ""pointer_to_pointer"": false, ""raw_pointer_parameter"": false, ""raw_pointer_return"": false, ""realloc"": false, ""setjmp"": false, ""static_local"": false, ""syscall"": false, ""third_party"": false, ""union"": false, ""va_list"": false, ""variadic"": false, ""void_pointer"": false}",TRIVIAL,no_significant_detected_blocker,[],medium
2,ecal-core,652e92f7cda2ab1f2d0056cb296b66c7a30c8fa8,ecal/core/src/time/ecal_timegate.h,41,41,enum,eTimeSyncMode,1,"{""bitfield"": false, ""branch_complexity_proxy"": 0, ""c_array"": false, ""call_count"": 0, ""callback"": false, ""calloc"": false, ""conditional_compilation"": false, ""explicit_abi_boundary"": false, ""extern_declaration"": false, ""extern_or_abi_boundary"": false, ""flexible_array"": false, ""free"": false, ""function_pointer"": false, ""generated_source"": false, ""global_read"": false, ""global_write"": false, ""goto"": false, ""lexical_ambiguity"": false, ""longjmp"": false, ""macro_density"": 0.0, ""macro_generated_declaration"": false, ""macro_use"": false, ""malloc"": false, ""memcpy"": false, ""memmove"": false, ""memset"": false, ""mutable_global"": false, ""parameter_count"": 0, ""platform_specific"": false, ""pointer_arithmetic"": false, ""pointer_count"": 0, ""pointer_to_pointer"": false, ""raw_pointer_parameter"": false, ""raw_pointer_return"": false, ""realloc"": false, ""setjmp"": false, ""static_local"": false, ""syscall"": false, ""third_party"": false, ""union"": false, ""va_list"": false, ""variadic"": false, ""void_pointer"": false}",TRIVIAL,no_significant_detected_blocker,[],medium
2,ecal-core,652e92f7cda2ab1f2d0056cb296b66c7a30c8fa8,ecal/core/src/time/ecal_timegate.h,69,69,function,GetSyncMode,1,"{""bitfield"": false, ""branch_complexity_proxy"": 0, ""c_array"": false, ""call_count"": 2, ""callback"": false, ""calloc"": false, ""conditional_compilation"": false, ""explicit_abi_boundary"": false, ""extern_declaration"": false, ""extern_or_abi_boundary"": false, ""flexible_array"": false, ""free"": false, ""function_pointer"": false, ""generated_source"": false, ""global_read"": false, ""global_write"": false, ""goto"": false, ""lexical_ambiguity"": false, ""longjmp"": false, ""macro_density"": 0.0, ""macro_generated_declaration"": false, ""macro_use"": false, ""malloc"": false, ""memcpy"": false, ""memmove"": false, ""memset"": false, ""mutable_global"": false, ""parameter_count"": 0, ""platform_specific"": false, ""pointer_arithmetic"": false, ""pointer_count"": 0, ""pointer_to_pointer"": false, ""raw_pointer_parameter"": false, ""raw_pointer_return"": false, ""realloc"": false, ""setjmp"": false, ""static_local"": false, ""syscall"": false, ""third_party"": false, ""union"": false, ""va_list"": false, ""variadic"": false, ""void_pointer"": false}",TRIVIAL,no_significant_detected_blocker,[],medium
2,ecal-core,652e92f7cda2ab1f2d0056cb296b66c7a30c8fa8,ecal/core/src/time/ecal_timer.cpp,47,56,function,Start,10,"{""bitfield"": false, ""branch_complexity_proxy"": 2, ""c_array"": false, ""call_count"": 8, ""callback"": true, ""calloc"": false, ""conditional_compilation"": false, ""explicit_abi_boundary"": false, ""extern_declaration"": false, ""extern_or_abi_boundary"": false, ""flexible_array"": false, ""free"": false, ""function_pointer"": false, ""generated_source"": false, ""global_read"": false, ""global_write"": false, ""goto"": false, ""lexical_ambiguity"": false, ""longjmp"": false, ""macro_density"": 0.0, ""macro_generated_declaration"": false, ""macro_use"": false, ""malloc"": false, ""memcpy"": false, ""memmove"": false, ""memset"": false, ""mutable_global"": false, ""parameter_count"": 3, ""platform_specific"": false, ""pointer_arithmetic"": false, ""pointer_count"": 0, ""pointer_to_pointer"": false, ""raw_pointer_parameter"": false, ""raw_pointer_return"": false, ""realloc"": false, ""setjmp"": false, ""static_local"": false, ""syscall"": false, ""third_party"": false, ""union"": false, ""va_list"": false, ""variadic"": false, ""void_pointer"": false}",NEEDS_TRANSPILER,callback,[],medium
2,ecal-core,652e92f7cda2ab1f2d0056cb296b66c7a30c8fa8,ecal/core/src/time/ecal_timer.cpp,58,65,function,Stop,8,"{""bitfield"": false, ""branch_complexity_proxy"": 1, ""c_array"": false, ""call_count"": 5, ""callback"": false, ""calloc"": false, ""conditional_compilation"": false, ""explicit_abi_boundary"": false, ""extern_declaration"": false, ""extern_or_abi_boundary"": false, ""flexible_array"": false, ""free"": false, ""function_pointer"": false, ""generated_source"": false, ""global_read"": false, ""global_write"": false, ""goto"": false, ""lexical_ambiguity"": false, ""longjmp"": false, ""macro_density"": 0.0, ""macro_generated_declaration"": false, ""macro_use"": false, ""malloc"": false, ""memcpy"": false, ""memmove"": false, ""memset"": false, ""mutable_global"": false, ""parameter_count"": 0, ""platform_specific"": false, ""pointer_arithmetic"": false, ""pointer_count"": 0, ""pointer_to_pointer"": false, ""raw_pointer_parameter"": false, ""raw_pointer_return"": false, ""realloc"": false, ""setjmp"": false, ""static_local"": false, ""syscall"": false, ""third_party"": false, ""union"": false, ""va_list"": false, ""variadic"": false, ""void_pointer"": false}",TRIVIAL,no_significant_detected_blocker,[],medium
2,ecal-core,652e92f7cda2ab1f2d0056cb296b66c7a30c8fa8,ecal/core/src/time/ecal_timer.cpp,68,128,function,Thread,61,"{""bitfield"": false, ""branch_complexity_proxy"": 7, ""c_array"": false, ""call_count"": 22, ""callback"": true, ""calloc"": false, ""conditional_compilation"": false, ""explicit_abi_boundary"": false, ""extern_declaration"": false, ""extern_or_abi_boundary"": false, ""flexible_array"": false, ""free"": false, ""function_pointer"": false, ""generated_source"": false, ""global_read"": false, ""global_write"": false, ""goto"": false, ""lexical_ambiguity"": false, ""longjmp"": false, ""macro_density"": 0.04918, ""macro_generated_declaration"": false, ""macro_use"": false, ""malloc"": false, ""memcpy"": false, ""memmove"": false, ""memset"": false, ""mutable_global"": false, ""parameter_count"": 3, ""platform_specific"": false, ""pointer_arithmetic"": false, ""pointer_count"": 2, ""pointer_to_pointer"": false, ""raw_pointer_parameter"": false, ""raw_pointer_return"": false, ""realloc"": false, ""setjmp"": false, ""static_local"": false, ""syscall"": false, ""third_party"": false, ""union"": false, ""va_list"": false, ""variadic"": false, ""void_pointer"": false}",NEEDS_TRANSPILER,callback,[],medium
2,ecal-core,652e92f7cda2ab1f2d0056cb296b66c7a30c8fa8,ecal/core/src/util/counter_cache.h,61,64,function,Clear,4,"{""bitfield"": false, ""branch_complexity_proxy"": 0, ""c_array"": false, ""call_count"": 2, ""callback"": false, ""calloc"": false, ""conditional_compilation"": false, ""explicit_abi_boundary"": false, ""extern_declaration"": false, ""extern_or_abi_boundary"": false, ""flexible_array"": false, ""free"": false, ""function_pointer"": false, ""generated_source"": false, ""global_read"": false, ""global_write"": false, ""goto"": false, ""lexical_ambiguity"": false, ""longjmp"": false, ""macro_density"": 0.0, ""macro_generated_declaration"": false, ""macro_use"": false, ""malloc"": false, ""memcpy"": false, ""memmove"": false, ""memset"": false, ""mutable_global"": false, ""parameter_count"": 1, ""platform_specific"": false, ""pointer_arithmetic"": false, ""pointer_count"": 0, ""pointer_to_pointer"": false, ""raw_pointer_parameter"": false, ""raw_pointer_return"": false, ""realloc"": false, ""setjmp"": false, ""static_local"": false, ""syscall"": false, ""third_party"": false, ""union"": false, ""va_list"": false, ""variadic"": false, ""void_pointer"": false}",TRIVIAL,no_significant_detected_blocker,[],medium
2,ecal-core,652e92f7cda2ab1f2d0056cb296b66c7a30c8fa8,ecal/core/src/util/counter_cache.h,73,78,function,Set,6,"{""bitfield"": false, ""branch_complexity_proxy"": 1, ""c_array"": false, ""call_count"": 5, ""callback"": false, ""calloc"": false, ""conditional_compilation"": false, ""explicit_abi_boundary"": false, ""extern_declaration"": false, ""extern_or_abi_boundary"": false, ""flexible_array"": false, ""free"": false, ""function_pointer"": false, ""generated_source"": false, ""global_read"": false, ""global_write"": false, ""goto"": false, ""lexical_ambiguity"": false, ""longjmp"": false, ""macro_density"": 0.0, ""macro_generated_declaration"": false, ""macro_use"": false, ""malloc"": false, ""memcpy"": false, ""memmove"": false, ""memset"": false, ""mutable_global"": false, ""parameter_count"": 1, ""platform_specific"": false, ""pointer_arithmetic"": false, ""pointer_count"": 0, ""pointer_to_pointer"": false, ""raw_pointer_parameter"": false, ""raw_pointer_return"": false, ""realloc"": false, ""setjmp"": false, ""static_local"": false, ""syscall"": false, ""third_party"": false, ""union"": false, ""va_list"": false, ""variadic"": false, ""void_pointer"": false}",TRIVIAL,no_significant_detected_blocker,[],medium
2,ecal-core,652e92f7cda2ab1f2d0056cb296b66c7a30c8fa8,ecal/core/src/util/counter_cache.h,112,117,enum,class,6,"{""bitfield"": false, ""branch_complexity_proxy"": 0, ""c_array"": false, ""call_count"": 0, ""callback"": false, ""calloc"": false, ""conditional_compilation"": false, ""explicit_abi_boundary"": false, ""extern_declaration"": false, ""extern_or_abi_boundary"": false, ""flexible_array"": false, ""free"": false, ""function_pointer"": false, ""generated_source"": false, ""global_read"": false, ""global_write"": false, ""goto"": false, ""lexical_ambiguity"": false, ""longjmp"": false, ""macro_density"": 0.0, ""macro_generated_declaration"": false, ""macro_use"": false, ""malloc"": false, ""memcpy"": false, ""memmove"": false, ""memset"": false, ""mutable_global"": false, ""parameter_count"": 0, ""platform_specific"": false, ""pointer_arithmetic"": false, ""pointer_count"": 0, ""pointer_to_pointer"": false, ""raw_pointer_parameter"": false, ""raw_pointer_return"": false, ""realloc"": false, ""setjmp"": false, ""static_local"": false, ""syscall"": false, ""third_party"": false, ""union"": false, ""va_list"": false, ""variadic"": false, ""void_pointer"": false}",TRIVIAL,no_significant_detected_blocker,[],medium
2,ecal-core,652e92f7cda2ab1f2d0056cb296b66c7a30c8fa8,ecal/core/src/util/counter_cache.h,162,191,function,SetCounter,30,"{""bitfield"": false, ""branch_complexity_proxy"": 4, ""c_array"": false, ""call_count"": 13, ""callback"": false, ""calloc"": false, ""conditional_compilation"": false, ""explicit_abi_boundary"": false, ""extern_declaration"": false, ""extern_or_abi_boundary"": false, ""flexible_array"": false, ""free"": false, ""function_pointer"": false, ""generated_source"": false, ""global_read"": false, ""global_write"": false, ""goto"": false, ""lexical_ambiguity"": false, ""longjmp"": false, ""macro_density"": 0.0, ""macro_generated_declaration"": false, ""macro_use"": false, ""malloc"": false, ""memcpy"": false, ""memmove"": false, ""memset"": false, ""mutable_global"": false, ""parameter_count"": 1, ""platform_specific"": false, ""pointer_arithmetic"": false, ""pointer_count"": 0, ""pointer_to_pointer"": false, ""raw_pointer_parameter"": false, ""raw_pointer_return"": false, ""realloc"": false, ""setjmp"": false, ""static_local"": false, ""syscall"": false, ""third_party"": false, ""union"": false, ""va_list"": false, ""variadic"": false, ""void_pointer"": false}",TRIVIAL,no_significant_detected_blocker,[],medium
2,ecal-core,652e92f7cda2ab1f2d0056cb296b66c7a30c8fa8,ecal/core/src/util/counter_cache.h,194,201,function,ShiftOne,8,"{""bitfield"": false, ""branch_complexity_proxy"": 0, ""c_array"": false, ""call_count"": 3, ""callback"": false, ""calloc"": false, ""conditional_compilation"": false, ""explicit_abi_boundary"": false, ""extern_declaration"": false, ""extern_or_abi_boundary"": false, ""flexible_array"": false, ""free"": false, ""function_pointer"": false, ""generated_source"": false, ""global_read"": false, ""global_write"": false, ""goto"": false, ""lexical_ambiguity"": false, ""longjmp"": false, ""macro_density"": 0.0, ""macro_generated_declaration"": false, ""macro_use"": false, ""malloc"": false, ""memcpy"": false, ""memmove"": false, ""memset"": false, ""mutable_global"": false, ""parameter_count"": 1, ""platform_specific"": false, ""pointer_arithmetic"": false, ""pointer_count"": 0, ""pointer_to_pointer"": false, ""raw_pointer_parameter"": false, ""raw_pointer_return"": false, ""realloc"": false, ""setjmp"": false, ""static_local"": false, ""syscall"": false, ""third_party"": false, ""union"": false, ""va_list"": false, ""variadic"": false, ""void_pointer"": false}",TRIVIAL,no_significant_detected_blocker,[],medium
2,ecal-core,652e92f7cda2ab1f2d0056cb296b66c7a30c8fa8,ecal/core/src/util/counter_cache.h,203,210,function,Reset,8,"{""bitfield"": false, ""branch_complexity_proxy"": 0, ""c_array"": false, ""call_count"": 2, ""callback"": false, ""calloc"": false, ""conditional_compilation"": false, ""explicit_abi_boundary"": false, ""extern_declaration"": false, ""extern_or_abi_boundary"": false, ""flexible_array"": false, ""free"": false, ""function_pointer"": false, ""generated_source"": false, ""global_read"": false, ""global_write"": false, ""goto"": false, ""lexical_ambiguity"": false, ""longjmp"": false, ""macro_density"": 0.0, ""macro_generated_declaration"": false, ""macro_use"": false, ""malloc"": false, ""memcpy"": false, ""memmove"": false, ""memset"": false, ""mutable_global"": false, ""parameter_count"": 1, ""platform_specific"": false, ""pointer_arithmetic"": false, ""pointer_count"": 1, ""pointer_to_pointer"": false, ""raw_pointer_parameter"": false, ""raw_pointer_return"": false, ""realloc"": false, ""setjmp"": false, ""static_local"": false, ""syscall"": false, ""third_party"": false, ""union"": false, ""va_list"": false, ""variadic"": false, ""void_pointer"": false}",TRIVIAL,no_significant_detected_blocker,[],medium
2,ecal-core,652e92f7cda2ab1f2d0056cb296b66c7a30c8fa8,ecal/core/src/util/counter_cache.h,237,240,function,SetCounter,4,"{""bitfield"": false, ""branch_complexity_proxy"": 0, ""c_array"": false, ""call_count"": 2, ""callback"": false, ""calloc"": false, ""conditional_compilation"": false, ""explicit_abi_boundary"": false, ""extern_declaration"": false, ""extern_or_abi_boundary"": false, ""flexible_array"": false, ""free"": false, ""function_pointer"": false, ""generated_source"": false, ""global_read"": false, ""global_write"": false, ""goto"": false, ""lexical_ambiguity"": false, ""longjmp"": false, ""macro_density"": 0.0, ""macro_generated_declaration"": false, ""macro_use"": false, ""malloc"": false, ""memcpy"": false, ""memmove"": false, ""memset"": false, ""mutable_global"": false, ""parameter_count"": 2, ""platform_specific"": false, ""pointer_arithmetic"": false, ""pointer_count"": 0, ""pointer_to_pointer"": false, ""raw_pointer_parameter"": false, ""raw_pointer_return"": false, ""realloc"": false, ""setjmp"": false, ""static_local"": false, ""syscall"": false, ""third_party"": false, ""union"": false, ""va_list"": false, ""variadic"": false, ""void_pointer"": false}",TRIVIAL,no_significant_detected_blocker,[],medium
2,ecal-core,652e92f7cda2ab1f2d0056cb296b66c7a30c8fa8,ecal/core/src/util/ecal_expmap.h,68,72,struct,AccessTimestampListEntry,5,"{""bitfield"": false, ""branch_complexity_proxy"": 0, ""c_array"": false, ""call_count"": 0, ""callback"": false, ""calloc"": false, ""conditional_compilation"": false, ""explicit_abi_boundary"": false, ""extern_declaration"": false, ""extern_or_abi_boundary"": false, ""flexible_array"": false, ""free"": false, ""function_pointer"": false, ""generated_source"": false, ""global_read"": false, ""global_write"": false, ""goto"": false, ""lexical_ambiguity"": false, ""longjmp"": false, ""macro_density"": 0.0, ""macro_generated_declaration"": false, ""macro_use"": false, ""malloc"": false, ""memcpy"": false, ""memmove"": false, ""memset"": false, ""mutable_global"": false, ""parameter_count"": 0, ""platform_specific"": false, ""pointer_arithmetic"": false, ""pointer_count"": 0, ""pointer_to_pointer"": false, ""raw_pointer_parameter"": false, ""raw_pointer_return"": false, ""realloc"": false, ""setjmp"": false, ""static_local"": false, ""syscall"": false, ""third_party"": false, ""union"": false, ""va_list"": false, ""variadic"": false, ""void_pointer"": false}",TRIVIAL,no_significant_detected_blocker,[],medium
2,ecal-core,652e92f7cda2ab1f2d0056cb296b66c7a30c8fa8,ecal/core/src/util/ecal_expmap.h,77,81,struct,InternalMapEntry,5,"{""bitfield"": false, ""branch_complexity_proxy"": 0, ""c_array"": false, ""call_count"": 0, ""callback"": false, ""calloc"": false, ""conditional_compilation"": false, ""explicit_abi_boundary"": false, ""extern_declaration"": false, ""extern_or_abi_boundary"": false, ""flexible_array"": false, ""free"": false, ""function_pointer"": false, ""generated_source"": false, ""global_read"": false, ""global_write"": false, ""goto"": false, ""lexical_ambiguity"": false, ""longjmp"": false, ""macro_density"": 0.0, ""macro_generated_declaration"": false, ""macro_use"": false, ""malloc"": false, ""memcpy"": false, ""memmove"": false, ""memset"": false, ""mutable_global"": false, ""parameter_count"": 0, ""platform_specific"": false, ""pointer_arithmetic"": false, ""pointer_count"": 0, ""pointer_to_pointer"": false, ""raw_pointer_parameter"": false, ""raw_pointer_return"": false, ""realloc"": false, ""setjmp"": false, ""static_local"": false, ""syscall"": false, ""third_party"": false, ""union"": false, ""va_list"": false, ""variadic"": false, ""void_pointer"": false}",TRIVIAL,no_significant_detected_blocker,[],medium
2,ecal-core,652e92f7cda2ab1f2d0056cb296b66c7a30c8fa8,ecal/core/src/util/ecal_expmap.h,106,108,function,iterator,3,"{""bitfield"": false, ""branch_complexity_proxy"": 0, ""c_array"": false, ""call_count"": 2, ""callback"": false, ""calloc"": false, ""conditional_compilation"": false, ""explicit_abi_boundary"": false, ""extern_declaration"": false, ""extern_or_abi_boundary"": false, ""flexible_array"": false, ""free"": false, ""function_pointer"": false, ""generated_source"": false, ""global_read"": false, ""global_write"": false, ""goto"": false, ""lexical_ambiguity"": false, ""longjmp"": false, ""macro_density"": 0.0, ""macro_generated_declaration"": false, ""macro_use"": false, ""malloc"": false, ""memcpy"": false, ""memmove"": false, ""memset"": false, ""mutable_global"": false, ""parameter_count"": 1, ""platform_specific"": false, ""pointer_arithmetic"": false, ""pointer_count"": 0, ""pointer_to_pointer"": false, ""raw_pointer_parameter"": false, ""raw_pointer_return"": false, ""realloc"": false, ""setjmp"": false, ""static_local"": false, ""syscall"": false, ""third_party"": false, ""union"": false, ""va_list"": false, ""variadic"": false, ""void_pointer"": false}",TRIVIAL,no_significant_detected_blocker,[],medium
2,ecal-core,652e92f7cda2ab1f2d0056cb296b66c7a30c8fa8,ecal/core/src/util/ecal_expmap.h,149,151,function,const_iterator,3,"{""bitfield"": false, ""branch_complexity_proxy"": 0, ""c_array"": false, ""call_count"": 2, ""callback"": false, ""calloc"": false, ""conditional_compilation"": false, ""explicit_abi_boundary"": false, ""extern_declaration"": false, ""extern_or_abi_boundary"": false, ""flexible_array"": false, ""free"": false, ""function_pointer"": false, ""generated_source"": false, ""global_read"": false, ""global_write"": false, ""goto"": false, ""lexical_ambiguity"": false, ""longjmp"": false, ""macro_density"": 0.0, ""macro_generated_declaration"": false, ""macro_use"": false, ""malloc"": false, ""memcpy"": false, ""memmove"": false, ""memset"": false, ""mutable_global"": false, ""parameter_count"": 1, ""platform_specific"": false, ""pointer_arithmetic"": false, ""pointer_count"": 0, ""pointer_to_pointer"": false, ""raw_pointer_parameter"": false, ""raw_pointer_return"": false, ""realloc"": false, ""setjmp"": false, ""static_local"": false, ""syscall"": false, ""third_party"": false, ""union"": false, ""va_list"": false, ""variadic"": false, ""void_pointer"": false}",TRIVIAL,no_significant_detected_blocker,[],medium
2,ecal-core,652e92f7cda2ab1f2d0056cb296b66c7a30c8fa8,ecal/core/src/util/ecal_expmap.h,153,155,function,const_iterator,3,"{""bitfield"": false, ""branch_complexity_proxy"": 0, ""c_array"": false, ""call_count"": 2, ""callback"": false, ""calloc"": false, ""conditional_compilation"": false, ""explicit_abi_boundary"": false, ""extern_declaration"": false, ""extern_or_abi_boundary"": false, ""flexible_array"": false, ""free"": false, ""function_pointer"": false, ""generated_source"": false, ""global_read"": false, ""global_write"": false, ""goto"": false, ""lexical_ambiguity"": false, ""longjmp"": false, ""macro_density"": 0.0, ""macro_generated_declaration"": false, ""macro_use"": false, ""malloc"": false, ""memcpy"": false, ""memmove"": false, ""memset"": false, ""mutable_global"": false, ""parameter_count"": 1, ""platform_specific"": false, ""pointer_arithmetic"": false, ""pointer_count"": 0, ""pointer_to_pointer"": false, ""raw_pointer_parameter"": false, ""raw_pointer_return"": false, ""realloc"": false, ""setjmp"": false, ""static_local"": false, ""syscall"": false, ""third_party"": false, ""union"": false, ""va_list"": false, ""variadic"": false, ""void_pointer"": false}",TRIVIAL,no_significant_detected_blocker,[],medium
2,ecal-core,652e92f7cda2ab1f2d0056cb296b66c7a30c8fa8,ecal/core/src/util/ecal_expmap.h,186,186,function,CExpirationMap,1,"{""bitfield"": false, ""branch_complexity_proxy"": 0, ""c_array"": false, ""call_count"": 2, ""callback"": false, ""calloc"": false, ""conditional_compilation"": false, ""explicit_abi_boundary"": false, ""extern_declaration"": false, ""extern_or_abi_boundary"": false, ""flexible_array"": false, ""free"": false, ""function_pointer"": false, ""generated_source"": false, ""global_read"": false, ""global_write"": false, ""goto"": false, ""lexical_ambiguity"": false, ""longjmp"": false, ""macro_density"": 0.0, ""macro_generated_declaration"": false, ""macro_use"": false, ""malloc"": false, ""memcpy"": false, ""memmove"": false, ""memset"": false, ""mutable_global"": false, ""parameter_count"": 1, ""platform_specific"": false, ""pointer_arithmetic"": false, ""pointer_count"": 0, ""pointer_to_pointer"": false, ""raw_pointer_parameter"": false, ""raw_pointer_return"": false, ""realloc"": false, ""setjmp"": false, ""static_local"": false, ""syscall"": false, ""third_party"": false, ""union"": false, ""va_list"": false, ""variadic"": false, ""void_pointer"": false}",TRIVIAL,no_significant_detected_blocker,[],medium
2,ecal-core,652e92f7cda2ab1f2d0056cb296b66c7a30c8fa8,ecal/core/src/util/ecal_expmap.h,191,191,function,set_expiration,1,"{""bitfield"": false, ""branch_complexity_proxy"": 0, ""c_array"": false, ""call_count"": 1, ""callback"": false, ""calloc"": false, ""conditional_compilation"": false, ""explicit_abi_boundary"": false, ""extern_declaration"": false, ""extern_or_abi_boundary"": false, ""flexible_array"": false, ""free"": false, ""function_pointer"": false, ""generated_source"": false, ""global_read"": false, ""global_write"": false, ""goto"": false, ""lexical_ambiguity"": false, ""longjmp"": false, ""macro_density"": 0.0, ""macro_generated_declaration"": false, ""macro_use"": false, ""malloc"": false, ""memcpy"": false, ""memmove"": false, ""memset"": false, ""mutable_global"": false, ""parameter_count"": 1, ""platform_specific"": false, ""pointer_arithmetic"": false, ""pointer_count"": 0, ""pointer_to_pointer"": false, ""raw_pointer_parameter"": false, ""raw_pointer_return"": false, ""realloc"": false, ""setjmp"": false, ""static_local"": false, ""syscall"": false, ""third_party"": false, ""union"": false, ""va_list"": false, ""variadic"": false, ""void_pointer"": false}",TRIVIAL,no_significant_detected_blocker,[],medium
2,ecal-core,652e92f7cda2ab1f2d0056cb296b66c7a30c8fa8,ecal/core/src/util/ecal_expmap.h,290,293,function,find,4,"{""bitfield"": false, ""branch_complexity_proxy"": 0, ""c_array"": false, ""call_count"": 3, ""callback"": false, ""calloc"": false, ""conditional_compilation"": false, ""explicit_abi_boundary"": false, ""extern_declaration"": false, ""extern_or_abi_boundary"": false, ""flexible_array"": false, ""free"": false, ""function_pointer"": false, ""generated_source"": false, ""global_read"": false, ""global_write"": false, ""goto"": false, ""lexical_ambiguity"": false, ""longjmp"": false, ""macro_density"": 0.0, ""macro_generated_declaration"": false, ""macro_use"": false, ""malloc"": false, ""memcpy"": false, ""memmove"": false, ""memset"": false, ""mutable_global"": false, ""parameter_count"": 1, ""platform_specific"": false, ""pointer_arithmetic"": false, ""pointer_count"": 0, ""pointer_to_pointer"": false, ""raw_pointer_parameter"": false, ""raw_pointer_return"": false, ""realloc"": false, ""setjmp"": false, ""static_local"": false, ""syscall"": false, ""third_party"": false, ""union"": false, ""va_list"": false, ""variadic"": false, ""void_pointer"": false}",TRIVIAL,no_significant_detected_blocker,[],medium
2,ecal-core,652e92f7cda2ab1f2d0056cb296b66c7a30c8fa8,ecal/core/src/util/ecal_expmap.h,325,335,function,erase,11,"{""bitfield"": false, ""branch_complexity_proxy"": 1, ""c_array"": false, ""call_count"": 6, ""callback"": false, ""calloc"": false, ""conditional_compilation"": false, ""explicit_abi_boundary"": false, ""extern_declaration"": false, ""extern_or_abi_boundary"": false, ""flexible_array"": false, ""free"": false, ""function_pointer"": false, ""generated_source"": false, ""global_read"": false, ""global_write"": false, ""goto"": false, ""lexical_ambiguity"": false, ""longjmp"": false, ""macro_density"": 0.0, ""macro_generated_declaration"": false, ""macro_use"": false, ""malloc"": false, ""memcpy"": false, ""memmove"": false, ""memset"": false, ""mutable_global"": false, ""parameter_count"": 1, ""platform_specific"": false, ""pointer_arithmetic"": false, ""pointer_count"": 0, ""pointer_to_pointer"": false, ""raw_pointer_parameter"": false, ""raw_pointer_return"": false, ""realloc"": false, ""setjmp"": false, ""static_local"": false, ""syscall"": false, ""third_party"": false, ""union"": false, ""va_list"": false, ""variadic"": false, ""void_pointer"": false}",TRIVIAL,no_significant_detected_blocker,[],medium
2,ecal-core,652e92f7cda2ab1f2d0056cb296b66c7a30c8fa8,ecal/core/src/util/ecal_expmap.h,338,342,function,clear,5,"{""bitfield"": false, ""branch_complexity_proxy"": 0, ""c_array"": false, ""call_count"": 3, ""callback"": false, ""calloc"": false, ""conditional_compilation"": false, ""explicit_abi_boundary"": false, ""extern_declaration"": false, ""extern_or_abi_boundary"": false, ""flexible_array"": false, ""free"": false, ""function_pointer"": false, ""generated_source"": false, ""global_read"": false, ""global_write"": false, ""goto"": false, ""lexical_ambiguity"": false, ""longjmp"": false, ""macro_density"": 0.0, ""macro_generated_declaration"": false, ""macro_use"": false, ""malloc"": false, ""memcpy"": false, ""memmove"": false, ""memset"": false, ""mutable_global"": false, ""parameter_count"": 0, ""platform_specific"": false, ""pointer_arithmetic"": false, ""pointer_count"": 0, ""pointer_to_pointer"": false, ""raw_pointer_parameter"": false, ""raw_pointer_return"": false, ""realloc"": false, ""setjmp"": false, ""static_local"": false, ""syscall"": false, ""third_party"": false, ""union"": false, ""va_list"": false, ""variadic"": false, ""void_pointer"": false}",TRIVIAL,no_significant_detected_blocker,[],medium
2,ecal-core,652e92f7cda2ab1f2d0056cb296b66c7a30c8fa8,ecal/core/src/util/ecal_expmap.h,344,347,function,update,4,"{""bitfield"": false, ""branch_complexity_proxy"": 0, ""c_array"": false, ""call_count"": 2, ""callback"": false, ""calloc"": false, ""conditional_compilation"": false, ""explicit_abi_boundary"": false, ""extern_declaration"": false, ""extern_or_abi_boundary"": false, ""flexible_array"": false, ""free"": false, ""function_pointer"": false, ""generated_source"": false, ""global_read"": false, ""global_write"": false, ""goto"": false, ""lexical_ambiguity"": false, ""longjmp"": false, ""macro_density"": 0.0, ""macro_generated_declaration"": false, ""macro_use"": false, ""malloc"": false, ""memcpy"": false, ""memmove"": false, ""memset"": false, ""mutable_global"": false, ""parameter_count"": 1, ""platform_specific"": false, ""pointer_arithmetic"": false, ""pointer_count"": 0, ""pointer_to_pointer"": false, ""raw_pointer_parameter"": false, ""raw_pointer_return"": false, ""realloc"": false, ""setjmp"": false, ""static_local"": false, ""syscall"": false, ""third_party"": false, ""union"": false, ""va_list"": false, ""variadic"": false, ""void_pointer"": false}",TRIVIAL,no_significant_detected_blocker,[],medium
2,ecal-core,652e92f7cda2ab1f2d0056cb296b66c7a30c8fa8,ecal/core/src/util/ecal_expmap.h,352,361,function,update_timestamp,10,"{""bitfield"": false, ""branch_complexity_proxy"": 0, ""c_array"": false, ""call_count"": 4, ""callback"": false, ""calloc"": false, ""conditional_compilation"": false, ""explicit_abi_boundary"": false, ""extern_declaration"": false, ""extern_or_abi_boundary"": false, ""flexible_array"": false, ""free"": false, ""function_pointer"": false, ""generated_source"": false, ""global_read"": false, ""global_write"": false, ""goto"": false, ""lexical_ambiguity"": false, ""longjmp"": false, ""macro_density"": 0.0, ""macro_generated_declaration"": false, ""macro_use"": false, ""malloc"": false, ""memcpy"": false, ""memmove"": false, ""memset"": false, ""mutable_global"": false, ""parameter_count"": 1, ""platform_specific"": false, ""pointer_arithmetic"": false, ""pointer_count"": 0, ""pointer_to_pointer"": false, ""raw_pointer_parameter"": false, ""raw_pointer_return"": false, ""realloc"": false, ""setjmp"": false, ""static_local"": false, ""syscall"": false, ""third_party"": false, ""union"": false, ""va_list"": false, ""variadic"": false, ""void_pointer"": false}",TRIVIAL,no_significant_detected_blocker,[],medium
2,ecal-core,652e92f7cda2ab1f2d0056cb296b66c7a30c8fa8,ecal/core/src/util/ecal_thread.h,62,65,function,start,4,"{""bitfield"": false, ""branch_complexity_proxy"": 0, ""c_array"": false, ""call_count"": 2, ""callback"": true, ""calloc"": false, ""conditional_compilation"": false, ""explicit_abi_boundary"": false, ""extern_declaration"": false, ""extern_or_abi_boundary"": false, ""flexible_array"": false, ""free"": false, ""function_pointer"": false, ""generated_source"": false, ""global_read"": false, ""global_write"": false, ""goto"": false, ""lexical_ambiguity"": false, ""longjmp"": false, ""macro_density"": 0.0, ""macro_generated_declaration"": false, ""macro_use"": false, ""malloc"": false, ""memcpy"": false, ""memmove"": false, ""memset"": false, ""mutable_global"": false, ""parameter_count"": 1, ""platform_specific"": false, ""pointer_arithmetic"": false, ""pointer_count"": 0, ""pointer_to_pointer"": false, ""raw_pointer_parameter"": false, ""raw_pointer_return"": false, ""realloc"": false, ""setjmp"": false, ""static_local"": false, ""syscall"": false, ""third_party"": false, ""union"": false, ""va_list"": false, ""variadic"": false, ""void_pointer"": false}",NEEDS_TRANSPILER,callback,[],medium
2,ecal-core,652e92f7cda2ab1f2d0056cb296b66c7a30c8fa8,ecal/core/src/util/ecal_thread.h,71,85,function,stop,15,"{""bitfield"": false, ""branch_complexity_proxy"": 1, ""c_array"": false, ""call_count"": 6, ""callback"": true, ""calloc"": false, ""conditional_compilation"": false, ""explicit_abi_boundary"": false, ""extern_declaration"": false, ""extern_or_abi_boundary"": false, ""flexible_array"": false, ""free"": false, ""function_pointer"": false, ""generated_source"": false, ""global_read"": false, ""global_write"": false, ""goto"": false, ""lexical_ambiguity"": false, ""longjmp"": false, ""macro_density"": 0.0, ""macro_generated_declaration"": false, ""macro_use"": false, ""malloc"": false, ""memcpy"": false, ""memmove"": false, ""memset"": false, ""mutable_global"": false, ""parameter_count"": 0, ""platform_specific"": false, ""pointer_arithmetic"": false, ""pointer_count"": 0, ""pointer_to_pointer"": false, ""raw_pointer_parameter"": false, ""raw_pointer_return"": false, ""realloc"": false, ""setjmp"": false, ""static_local"": false, ""syscall"": false, ""third_party"": false, ""union"": false, ""va_list"": false, ""variadic"": false, ""void_pointer"": false}",NEEDS_TRANSPILER,callback,[],medium
2,ecal-core,652e92f7cda2ab1f2d0056cb296b66c7a30c8fa8,ecal/core/src/util/ecal_thread.h,91,100,function,trigger,10,"{""bitfield"": false, ""branch_complexity_proxy"": 0, ""c_array"": false, ""call_count"": 3, ""callback"": false, ""calloc"": false, ""conditional_compilation"": false, ""explicit_abi_boundary"": false, ""extern_declaration"": false, ""extern_or_abi_boundary"": false, ""flexible_array"": false, ""free"": false, ""function_pointer"": false, ""generated_source"": false, ""global_read"": false, ""global_write"": false, ""goto"": false, ""lexical_ambiguity"": false, ""longjmp"": false, ""macro_density"": 0.0, ""macro_generated_declaration"": false, ""macro_use"": false, ""malloc"": false, ""memcpy"": false, ""memmove"": false, ""memset"": false, ""mutable_global"": false, ""parameter_count"": 0, ""platform_specific"": false, ""pointer_arithmetic"": false, ""pointer_count"": 0, ""pointer_to_pointer"": false, ""raw_pointer_parameter"": false, ""raw_pointer_return"": false, ""realloc"": false, ""setjmp"": false, ""static_local"": false, ""syscall"": false, ""third_party"": false, ""union"": false, ""va_list"": false, ""variadic"": false, ""void_pointer"": false}",TRIVIAL,no_significant_detected_blocker,[],medium
2,ecal-core,652e92f7cda2ab1f2d0056cb296b66c7a30c8fa8,ecal/core/src/util/ecal_thread.h,117,144,function,callbackFunction,28,"{""bitfield"": false, ""branch_complexity_proxy"": 5, ""c_array"": false, ""call_count"": 9, ""callback"": true, ""calloc"": false, ""conditional_compilation"": false, ""explicit_abi_boundary"": false, ""extern_declaration"": false, ""extern_or_abi_boundary"": false, ""flexible_array"": false, ""free"": false, ""function_pointer"": false, ""generated_source"": false, ""global_read"": false, ""global_write"": false, ""goto"": false, ""lexical_ambiguity"": false, ""longjmp"": false, ""macro_density"": 0.0, ""macro_generated_declaration"": false, ""macro_use"": false, ""malloc"": false, ""memcpy"": false, ""memmove"": false, ""memset"": false, ""mutable_global"": false, ""parameter_count"": 1, ""platform_specific"": false, ""pointer_arithmetic"": false, ""pointer_count"": 0, ""pointer_to_pointer"": false, ""raw_pointer_parameter"": false, ""raw_pointer_return"": false, ""realloc"": false, ""setjmp"": false, ""static_local"": false, ""syscall"": false, ""third_party"": false, ""union"": false, ""va_list"": false, ""variadic"": false, ""void_pointer"": false}",NEEDS_TRANSPILER,callback,[],medium
2,ecal-core,652e92f7cda2ab1f2d0056cb296b66c7a30c8fa8,ecal/core/src/util/entity_id_generator.cpp,43,56,function,GenerateUniqueEntityId,14,"{""bitfield"": false, ""branch_complexity_proxy"": 0, ""c_array"": false, ""call_count"": 4, ""callback"": false, ""calloc"": false, ""conditional_compilation"": false, ""explicit_abi_boundary"": false, ""extern_declaration"": false, ""extern_or_abi_boundary"": false, ""flexible_array"": false, ""free"": false, ""function_pointer"": false, ""generated_source"": false, ""global_read"": false, ""global_write"": false, ""goto"": false, ""lexical_ambiguity"": false, ""longjmp"": false, ""macro_density"": 0.0, ""macro_generated_declaration"": false, ""macro_use"": false, ""malloc"": false, ""memcpy"": false, ""memmove"": false, ""memset"": false, ""mutable_global"": false, ""parameter_count"": 0, ""platform_specific"": false, ""pointer_arithmetic"": false, ""pointer_count"": 0, ""pointer_to_pointer"": false, ""raw_pointer_parameter"": false, ""raw_pointer_return"": false, ""realloc"": false, ""setjmp"": false, ""static_local"": true, ""syscall"": false, ""third_party"": false, ""union"": false, ""va_list"": false, ""variadic"": false, ""void_pointer"": false}",REFACTOR_THEN_DSL,static_local,[],medium
2,ecal-core,652e92f7cda2ab1f2d0056cb296b66c7a30c8fa8,ecal/core/src/util/expanding_vector.h,74,80,function,clear,7,"{""bitfield"": false, ""branch_complexity_proxy"": 1, ""c_array"": false, ""call_count"": 3, ""callback"": false, ""calloc"": false, ""conditional_compilation"": false, ""explicit_abi_boundary"": false, ""extern_declaration"": false, ""extern_or_abi_boundary"": false, ""flexible_array"": false, ""free"": false, ""function_pointer"": false, ""generated_source"": false, ""global_read"": false, ""global_write"": false, ""goto"": false, ""lexical_ambiguity"": false, ""longjmp"": false, ""macro_density"": 0.0, ""macro_generated_declaration"": false, ""macro_use"": false, ""malloc"": false, ""memcpy"": false, ""memmove"": false, ""memset"": false, ""mutable_global"": false, ""parameter_count"": 0, ""platform_specific"": false, ""pointer_arithmetic"": false, ""pointer_count"": 0, ""pointer_to_pointer"": false, ""raw_pointer_parameter"": false, ""raw_pointer_return"": false, ""realloc"": false, ""setjmp"": false, ""static_local"": false, ""syscall"": false, ""third_party"": false, ""union"": false, ""va_list"": false, ""variadic"": false, ""void_pointer"": false}",TRIVIAL,no_significant_detected_blocker,[],medium
2,ecal-core,652e92f7cda2ab1f2d0056cb296b66c7a30c8fa8,ecal/core/src/util/expanding_vector.h,83,90,function,push_back,8,"{""bitfield"": false, ""branch_complexity_proxy"": 1, ""c_array"": false, ""call_count"": 4, ""callback"": false, ""calloc"": false, ""conditional_compilation"": false, ""explicit_abi_boundary"": false, ""extern_declaration"": false, ""extern_or_abi_boundary"": false, ""flexible_array"": false, ""free"": false, ""function_pointer"": false, ""generated_source"": false, ""global_read"": false, ""global_write"": false, ""goto"": false, ""lexical_ambiguity"": false, ""longjmp"": false, ""macro_density"": 0.0, ""macro_generated_declaration"": false, ""macro_use"": false, ""malloc"": false, ""memcpy"": false, ""memmove"": false, ""memset"": false, ""mutable_global"": false, ""parameter_count"": 1, ""platform_specific"": false, ""pointer_arithmetic"": false, ""pointer_count"": 0, ""pointer_to_pointer"": false, ""raw_pointer_parameter"": false, ""raw_pointer_return"": false, ""realloc"": false, ""setjmp"": false, ""static_local"": false, ""syscall"": false, ""third_party"": false, ""union"": false, ""va_list"": false, ""variadic"": false, ""void_pointer"": false}",TRIVIAL,no_significant_detected_blocker,[],medium
2,ecal-core,652e92f7cda2ab1f2d0056cb296b66c7a30c8fa8,ecal/core/src/util/expanding_vector.h,93,101,function,push_back,9,"{""bitfield"": false, ""branch_complexity_proxy"": 1, ""c_array"": false, ""call_count"": 6, ""callback"": false, ""calloc"": false, ""conditional_compilation"": false, ""explicit_abi_boundary"": false, ""extern_declaration"": false, ""extern_or_abi_boundary"": false, ""flexible_array"": false, ""free"": false, ""function_pointer"": false, ""generated_source"": false, ""global_read"": false, ""global_write"": false, ""goto"": false, ""lexical_ambiguity"": false, ""longjmp"": false, ""macro_density"": 0.0, ""macro_generated_declaration"": false, ""macro_use"": false, ""malloc"": false, ""memcpy"": false, ""memmove"": false, ""memset"": false, ""mutable_global"": false, ""parameter_count"": 1, ""platform_specific"": false, ""pointer_arithmetic"": false, ""pointer_count"": 0, ""pointer_to_pointer"": false, ""raw_pointer_parameter"": false, ""raw_pointer_return"": false, ""realloc"": false, ""setjmp"": false, ""static_local"": false, ""syscall"": false, ""third_party"": false, ""union"": false, ""va_list"": false, ""variadic"": false, ""void_pointer"": false}",TRIVIAL,no_significant_detected_blocker,[],medium
2,ecal-core,652e92f7cda2ab1f2d0056cb296b66c7a30c8fa8,ecal/core/src/util/expanding_vector.h,145,150,function,resize,6,"{""bitfield"": false, ""branch_complexity_proxy"": 1, ""c_array"": false, ""call_count"": 4, ""callback"": false, ""calloc"": false, ""conditional_compilation"": false, ""explicit_abi_boundary"": false, ""extern_declaration"": false, ""extern_or_abi_boundary"": false, ""flexible_array"": false, ""free"": false, ""function_pointer"": false, ""generated_source"": false, ""global_read"": false, ""global_write"": false, ""goto"": false, ""lexical_ambiguity"": false, ""longjmp"": false, ""macro_density"": 0.0, ""macro_generated_declaration"": false, ""macro_use"": false, ""malloc"": false, ""memcpy"": false, ""memmove"": false, ""memset"": false, ""mutable_global"": false, ""parameter_count"": 1, ""platform_specific"": false, ""pointer_arithmetic"": false, ""pointer_count"": 0, ""pointer_to_pointer"": false, ""raw_pointer_parameter"": false, ""raw_pointer_return"": false, ""realloc"": false, ""setjmp"": false, ""static_local"": false, ""syscall"": false, ""third_party"": false, ""union"": false, ""va_list"": false, ""variadic"": false, ""void_pointer"": false}",TRIVIAL,no_significant_detected_blocker,[],medium
2,ecal-core,652e92f7cda2ab1f2d0056cb296b66c7a30c8fa8,ecal/core/src/util/expanding_vector.h,169,171,function,begin,3,"{""bitfield"": false, ""branch_complexity_proxy"": 0, ""c_array"": false, ""call_count"": 2, ""callback"": false, ""calloc"": false, ""conditional_compilation"": false, ""explicit_abi_boundary"": false, ""extern_declaration"": false, ""extern_or_abi_boundary"": false, ""flexible_array"": false, ""free"": false, ""function_pointer"": false, ""generated_source"": false, ""global_read"": false, ""global_write"": false, ""goto"": false, ""lexical_ambiguity"": false, ""longjmp"": false, ""macro_density"": 0.0, ""macro_generated_declaration"": false, ""macro_use"": false, ""malloc"": false, ""memcpy"": false, ""memmove"": false, ""memset"": false, ""mutable_global"": false, ""parameter_count"": 0, ""platform_specific"": false, ""pointer_arithmetic"": false, ""pointer_count"": 0, ""pointer_to_pointer"": false, ""raw_pointer_parameter"": false, ""raw_pointer_return"": false, ""realloc"": false, ""setjmp"": false, ""static_local"": false, ""syscall"": false, ""third_party"": false, ""union"": false, ""va_list"": false, ""variadic"": false, ""void_pointer"": false}",TRIVIAL,no_significant_detected_blocker,[],medium
2,ecal-core,652e92f7cda2ab1f2d0056cb296b66c7a30c8fa8,ecal/core/src/util/expanding_vector.h,177,179,function,end,3,"{""bitfield"": false, ""branch_complexity_proxy"": 0, ""c_array"": false, ""call_count"": 2, ""callback"": false, ""calloc"": false, ""conditional_compilation"": false, ""explicit_abi_boundary"": false, ""extern_declaration"": false, ""extern_or_abi_boundary"": false, ""flexible_array"": false, ""free"": false, ""function_pointer"": false, ""generated_source"": false, ""global_read"": false, ""global_write"": false, ""goto"": false, ""lexical_ambiguity"": false, ""longjmp"": false, ""macro_density"": 0.0, ""macro_generated_declaration"": false, ""macro_use"": false, ""malloc"": false, ""memcpy"": false, ""memmove"": false, ""memset"": false, ""mutable_global"": false, ""parameter_count"": 0, ""platform_specific"": false, ""pointer_arithmetic"": false, ""pointer_count"": 0, ""pointer_to_pointer"": false, ""raw_pointer_parameter"": false, ""raw_pointer_return"": false, ""realloc"": false, ""setjmp"": false, ""static_local"": false, ""syscall"": false, ""third_party"": false, ""union"": false, ""va_list"": false, ""variadic"": false, ""void_pointer"": false}",TRIVIAL,no_significant_detected_blocker,[],medium
2,ecal-core,652e92f7cda2ab1f2d0056cb296b66c7a30c8fa8,ecal/core/src/util/frequency_calculator.h,36,46,function,calculateFrequency,11,"{""bitfield"": false, ""branch_complexity_proxy"": 1, ""c_array"": false, ""call_count"": 7, ""callback"": false, ""calloc"": false, ""conditional_compilation"": false, ""explicit_abi_boundary"": false, ""extern_declaration"": false, ""extern_or_abi_boundary"": false, ""flexible_array"": false, ""free"": false, ""function_pointer"": false, ""generated_source"": false, ""global_read"": false, ""global_write"": false, ""goto"": false, ""lexical_ambiguity"": false, ""longjmp"": false, ""macro_density"": 0.0, ""macro_generated_declaration"": false, ""macro_use"": false, ""malloc"": false, ""memcpy"": false, ""memmove"": false, ""memset"": false, ""mutable_global"": false, ""parameter_count"": 3, ""platform_specific"": false, ""pointer_arithmetic"": false, ""pointer_count"": 2, ""pointer_to_pointer"": false, ""raw_pointer_parameter"": false, ""raw_pointer_return"": false, ""realloc"": false, ""setjmp"": false, ""static_local"": false, ""syscall"": false, ""third_party"": false, ""union"": false, ""va_list"": false, ""variadic"": false, ""void_pointer"": false}",TRIVIAL,no_significant_detected_blocker,[],medium
2,ecal-core,652e92f7cda2ab1f2d0056cb296b66c7a30c8fa8,ecal/core/src/util/frequency_calculator.h,62,66,function,addTick,5,"{""bitfield"": false, ""branch_complexity_proxy"": 0, ""c_array"": false, ""call_count"": 1, ""callback"": false, ""calloc"": false, ""conditional_compilation"": false, ""explicit_abi_boundary"": false, ""extern_declaration"": false, ""extern_or_abi_boundary"": false, ""flexible_array"": false, ""free"": false, ""function_pointer"": false, ""generated_source"": false, ""global_read"": false, ""global_write"": false, ""goto"": false, ""lexical_ambiguity"": false, ""longjmp"": false, ""macro_density"": 0.0, ""macro_generated_declaration"": false, ""macro_use"": false, ""malloc"": false, ""memcpy"": false, ""memmove"": false, ""memset"": false, ""mutable_global"": false, ""parameter_count"": 1, ""platform_specific"": false, ""pointer_arithmetic"": false, ""pointer_count"": 0, ""pointer_to_pointer"": false, ""raw_pointer_parameter"": false, ""raw_pointer_return"": false, ""realloc"": false, ""setjmp"": false, ""static_local"": false, ""syscall"": false, ""third_party"": false, ""union"": false, ""va_list"": false, ""variadic"": false, ""void_pointer"": false}",TRIVIAL,no_significant_detected_blocker,[],medium
2,ecal-core,652e92f7cda2ab1f2d0056cb296b66c7a30c8fa8,ecal/core/src/util/frequency_calculator.h,68,79,function,getFrequency,12,"{""bitfield"": false, ""branch_complexity_proxy"": 1, ""c_array"": false, ""call_count"": 2, ""callback"": false, ""calloc"": false, ""conditional_compilation"": false, ""explicit_abi_boundary"": false, ""extern_declaration"": false, ""extern_or_abi_boundary"": false, ""flexible_array"": false, ""free"": false, ""function_pointer"": false, ""generated_source"": false, ""global_read"": false, ""global_write"": false, ""goto"": false, ""lexical_ambiguity"": false, ""longjmp"": false, ""macro_density"": 0.0, ""macro_generated_declaration"": false, ""macro_use"": false, ""malloc"": false, ""memcpy"": false, ""memmove"": false, ""memset"": false, ""mutable_global"": false, ""parameter_count"": 0, ""platform_specific"": false, ""pointer_arithmetic"": false, ""pointer_count"": 0, ""pointer_to_pointer"": false, ""raw_pointer_parameter"": false, ""raw_pointer_return"": false, ""realloc"": false, ""setjmp"": false, ""static_local"": false, ""syscall"": false, ""third_party"": false, ""union"": false, ""va_list"": false, ""variadic"": false, ""void_pointer"": false}",TRIVIAL,no_significant_detected_blocker,[],medium
2,ecal-core,652e92f7cda2ab1f2d0056cb296b66c7a30c8fa8,ecal/core/src/util/frequency_calculator.h,99,111,function,addTick,13,"{""bitfield"": false, ""branch_complexity_proxy"": 1, ""c_array"": false, ""call_count"": 4, ""callback"": false, ""calloc"": false, ""conditional_compilation"": false, ""explicit_abi_boundary"": false, ""extern_declaration"": false, ""extern_or_abi_boundary"": false, ""flexible_array"": false, ""free"": false, ""function_pointer"": false, ""generated_source"": false, ""global_read"": false, ""global_write"": false, ""goto"": false, ""lexical_ambiguity"": false, ""longjmp"": false, ""macro_density"": 0.0, ""macro_generated_declaration"": false, ""macro_use"": false, ""malloc"": false, ""memcpy"": false, ""memmove"": false, ""memset"": false, ""mutable_global"": false, ""parameter_count"": 1, ""platform_specific"": false, ""pointer_arithmetic"": false, ""pointer_count"": 0, ""pointer_to_pointer"": false, ""raw_pointer_parameter"": false, ""raw_pointer_return"": false, ""realloc"": false, ""setjmp"": false, ""static_local"": false, ""syscall"": false, ""third_party"": false, ""union"": false, ""va_list"": false, ""variadic"": false, ""void_pointer"": false}",TRIVIAL,no_significant_detected_blocker,[],medium
2,ecal-core,652e92f7cda2ab1f2d0056cb296b66c7a30c8fa8,ecal/core/src/util/frequency_calculator.h,113,150,function,getFrequency,38,"{""bitfield"": false, ""branch_complexity_proxy"": 4, ""c_array"": false, ""call_count"": 6, ""callback"": false, ""calloc"": false, ""conditional_compilation"": false, ""explicit_abi_boundary"": false, ""extern_declaration"": false, ""extern_or_abi_boundary"": false, ""flexible_array"": false, ""free"": false, ""function_pointer"": false, ""generated_source"": false, ""global_read"": false, ""global_write"": false, ""goto"": false, ""lexical_ambiguity"": false, ""longjmp"": false, ""macro_density"": 0.0, ""macro_generated_declaration"": false, ""macro_use"": false, ""malloc"": false, ""memcpy"": false, ""memmove"": false, ""memset"": false, ""mutable_global"": false, ""parameter_count"": 1, ""platform_specific"": false, ""pointer_arithmetic"": false, ""pointer_count"": 1, ""pointer_to_pointer"": false, ""raw_pointer_parameter"": false, ""raw_pointer_return"": false, ""realloc"": false, ""setjmp"": false, ""static_local"": false, ""syscall"": false, ""third_party"": false, ""union"": false, ""va_list"": false, ""variadic"": false, ""void_pointer"": false}",TRIVIAL,no_significant_detected_blocker,[],medium
2,ecal-core,652e92f7cda2ab1f2d0056cb296b66c7a30c8fa8,ecal/core/src/util/message_drop_calculator.cpp,21,21,global,eCAL,1,"{""bitfield"": false, ""branch_complexity_proxy"": 0, ""c_array"": false, ""call_count"": 0, ""callback"": false, ""calloc"": false, ""conditional_compilation"": false, ""explicit_abi_boundary"": false, ""extern_declaration"": false, ""extern_or_abi_boundary"": false, ""flexible_array"": false, ""free"": false, ""function_pointer"": false, ""generated_source"": false, ""global_read"": false, ""global_write"": false, ""goto"": false, ""lexical_ambiguity"": false, ""longjmp"": false, ""macro_density"": 0.0, ""macro_generated_declaration"": false, ""macro_use"": false, ""malloc"": false, ""memcpy"": false, ""memmove"": false, ""memset"": false, ""mutable_global"": true, ""parameter_count"": 0, ""platform_specific"": false, ""pointer_arithmetic"": false, ""pointer_count"": 0, ""pointer_to_pointer"": false, ""raw_pointer_parameter"": false, ""raw_pointer_return"": false, ""realloc"": false, ""setjmp"": false, ""static_local"": false, ""syscall"": false, ""third_party"": false, ""union"": false, ""va_list"": false, ""variadic"": false, ""void_pointer"": false}",REFACTOR_THEN_DSL,mutable_global,[],medium
2,ecal-core,652e92f7cda2ab1f2d0056cb296b66c7a30c8fa8,ecal/core/src/util/message_drop_calculator.h,42,45,struct,Summary,4,"{""bitfield"": false, ""branch_complexity_proxy"": 0, ""c_array"": false, ""call_count"": 0, ""callback"": false, ""calloc"": false, ""conditional_compilation"": false, ""explicit_abi_boundary"": false, ""extern_declaration"": false, ""extern_or_abi_boundary"": false, ""flexible_array"": false, ""free"": false, ""function_pointer"": false, ""generated_source"": false, ""global_read"": false, ""global_write"": false, ""goto"": false, ""lexical_ambiguity"": false, ""longjmp"": false, ""macro_density"": 0.0, ""macro_generated_declaration"": false, ""macro_use"": false, ""malloc"": false, ""memcpy"": false, ""memmove"": false, ""memset"": false, ""mutable_global"": false, ""parameter_count"": 0, ""platform_specific"": false, ""pointer_arithmetic"": false, ""pointer_count"": 0, ""pointer_to_pointer"": false, ""raw_pointer_parameter"": false, ""raw_pointer_return"": false, ""realloc"": false, ""setjmp"": false, ""static_local"": false, ""syscall"": false, ""third_party"": false, ""union"": false, ""va_list"": false, ""variadic"": false, ""void_pointer"": false}",TRIVIAL,no_significant_detected_blocker,[],medium
2,ecal-core,652e92f7cda2ab1f2d0056cb296b66c7a30c8fa8,ecal/core/src/util/statistics_calculator.h,35,45,function,Update,11,"{""bitfield"": false, ""branch_complexity_proxy"": 0, ""c_array"": false, ""call_count"": 3, ""callback"": false, ""calloc"": false, ""conditional_compilation"": false, ""explicit_abi_boundary"": false, ""extern_declaration"": false, ""extern_or_abi_boundary"": false, ""flexible_array"": false, ""free"": false, ""function_pointer"": false, ""generated_source"": false, ""global_read"": false, ""global_write"": false, ""goto"": false, ""lexical_ambiguity"": false, ""longjmp"": false, ""macro_density"": 0.0, ""macro_generated_declaration"": false, ""macro_use"": false, ""malloc"": false, ""memcpy"": false, ""memmove"": false, ""memset"": false, ""mutable_global"": false, ""parameter_count"": 1, ""platform_specific"": false, ""pointer_arithmetic"": false, ""pointer_count"": 1, ""pointer_to_pointer"": false, ""raw_pointer_parameter"": false, ""raw_pointer_return"": false, ""realloc"": false, ""setjmp"": false, ""static_local"": false, ""syscall"": false, ""third_party"": false, ""union"": false, ""va_list"": false, ""variadic"": false, ""void_pointer"": false}",TRIVIAL,no_significant_detected_blocker,[],medium
2,ecal-core,652e92f7cda2ab1f2d0056cb296b66c7a30c8fa8,ecal/core/src/v5/pubsub/ecal_publisher.cpp,69,81,function,AddEventCallback,13,"{""bitfield"": false, ""branch_complexity_proxy"": 1, ""c_array"": false, ""call_count"": 4, ""callback"": true, ""calloc"": false, ""conditional_compilation"": false, ""explicit_abi_boundary"": false, ""extern_declaration"": false, ""extern_or_abi_boundary"": false, ""flexible_array"": false, ""free"": false, ""function_pointer"": false, ""generated_source"": false, ""global_read"": false, ""global_write"": false, ""goto"": false, ""lexical_ambiguity"": false, ""longjmp"": false, ""macro_density"": 0.0, ""macro_generated_declaration"": false, ""macro_use"": false, ""malloc"": false, ""memcpy"": false, ""memmove"": false, ""memset"": false, ""mutable_global"": false, ""parameter_count"": 2, ""platform_specific"": false, ""pointer_arithmetic"": false, ""pointer_count"": 0, ""pointer_to_pointer"": false, ""raw_pointer_parameter"": false, ""raw_pointer_return"": false, ""realloc"": false, ""setjmp"": false, ""static_local"": false, ""syscall"": false, ""third_party"": false, ""union"": false, ""va_list"": false, ""variadic"": false, ""void_pointer"": false}",NEEDS_TRANSPILER,callback,[],medium
2,ecal-core,652e92f7cda2ab1f2d0056cb296b66c7a30c8fa8,ecal/core/src/v5/pubsub/ecal_publisher.cpp,83,89,function,RemoveEventCallback,7,"{""bitfield"": false, ""branch_complexity_proxy"": 0, ""c_array"": false, ""call_count"": 2, ""callback"": false, ""calloc"": false, ""conditional_compilation"": false, ""explicit_abi_boundary"": false, ""extern_declaration"": false, ""extern_or_abi_boundary"": false, ""flexible_array"": false, ""free"": false, ""function_pointer"": false, ""generated_source"": false, ""global_read"": false, ""global_write"": false, ""goto"": false, ""lexical_ambiguity"": false, ""longjmp"": false, ""macro_density"": 0.0, ""macro_generated_declaration"": false, ""macro_use"": false, ""malloc"": false, ""memcpy"": false, ""memmove"": false, ""memset"": false, ""mutable_global"": false, ""parameter_count"": 1, ""platform_specific"": false, ""pointer_arithmetic"": false, ""pointer_count"": 0, ""pointer_to_pointer"": false, ""raw_pointer_parameter"": false, ""raw_pointer_return"": false, ""realloc"": false, ""setjmp"": false, ""static_local"": false, ""syscall"": false, ""third_party"": false, ""union"": false, ""va_list"": false, ""variadic"": false, ""void_pointer"": false}",TRIVIAL,no_significant_detected_blocker,[],medium
2,ecal-core,652e92f7cda2ab1f2d0056cb296b66c7a30c8fa8,ecal/core/src/v5/pubsub/ecal_publisher.cpp,92,111,function,RegisterCallbackWithPublisher,20,"{""bitfield"": false, ""branch_complexity_proxy"": 2, ""c_array"": false, ""call_count"": 11, ""callback"": true, ""calloc"": false, ""conditional_compilation"": false, ""explicit_abi_boundary"": false, ""extern_declaration"": false, ""extern_or_abi_boundary"": false, ""flexible_array"": false, ""free"": false, ""function_pointer"": false, ""generated_source"": false, ""global_read"": false, ""global_write"": false, ""goto"": false, ""lexical_ambiguity"": false, ""longjmp"": false, ""macro_density"": 0.0, ""macro_generated_declaration"": false, ""macro_use"": false, ""malloc"": false, ""memcpy"": false, ""memmove"": false, ""memset"": false, ""mutable_global"": false, ""parameter_count"": 0, ""platform_specific"": false, ""pointer_arithmetic"": false, ""pointer_count"": 0, ""pointer_to_pointer"": false, ""raw_pointer_parameter"": false, ""raw_pointer_return"": false, ""realloc"": false, ""setjmp"": false, ""static_local"": false, ""syscall"": false, ""third_party"": false, ""union"": false, ""va_list"": false, ""variadic"": false, ""void_pointer"": false}",NEEDS_TRANSPILER,callback,[],medium
2,ecal-core,652e92f7cda2ab1f2d0056cb296b66c7a30c8fa8,ecal/core/src/v5/pubsub/ecal_subscriber.cpp,70,82,function,AddEventCallback,13,"{""bitfield"": false, ""branch_complexity_proxy"": 1, ""c_array"": false, ""call_count"": 4, ""callback"": true, ""calloc"": false, ""conditional_compilation"": false, ""explicit_abi_boundary"": false, ""extern_declaration"": false, ""extern_or_abi_boundary"": false, ""flexible_array"": false, ""free"": false, ""function_pointer"": false, ""generated_source"": false, ""global_read"": false, ""global_write"": false, ""goto"": false, ""lexical_ambiguity"": false, ""longjmp"": false, ""macro_density"": 0.0, ""macro_generated_declaration"": false, ""macro_use"": false, ""malloc"": false, ""memcpy"": false, ""memmove"": false, ""memset"": false, ""mutable_global"": false, ""parameter_count"": 2, ""platform_specific"": false, ""pointer_arithmetic"": false, ""pointer_count"": 0, ""pointer_to_pointer"": false, ""raw_pointer_parameter"": false, ""raw_pointer_return"": false, ""realloc"": false, ""setjmp"": false, ""static_local"": false, ""syscall"": false, ""third_party"": false, ""union"": false, ""va_list"": false, ""variadic"": false, ""void_pointer"": false}",NEEDS_TRANSPILER,callback,[],medium
2,ecal-core,652e92f7cda2ab1f2d0056cb296b66c7a30c8fa8,ecal/core/src/v5/pubsub/ecal_subscriber.cpp,84,90,function,RemoveEventCallback,7,"{""bitfield"": false, ""branch_complexity_proxy"": 0, ""c_array"": false, ""call_count"": 2, ""callback"": false, ""calloc"": false, ""conditional_compilation"": false, ""explicit_abi_boundary"": false, ""extern_declaration"": false, ""extern_or_abi_boundary"": false, ""flexible_array"": false, ""free"": false, ""function_pointer"": false, ""generated_source"": false, ""global_read"": false, ""global_write"": false, ""goto"": false, ""lexical_ambiguity"": false, ""longjmp"": false, ""macro_density"": 0.0, ""macro_generated_declaration"": false, ""macro_use"": false, ""malloc"": false, ""memcpy"": false, ""memmove"": false, ""memset"": false, ""mutable_global"": false, ""parameter_count"": 1, ""platform_specific"": false, ""pointer_arithmetic"": false, ""pointer_count"": 0, ""pointer_to_pointer"": false, ""raw_pointer_parameter"": false, ""raw_pointer_return"": false, ""realloc"": false, ""setjmp"": false, ""static_local"": false, ""syscall"": false, ""third_party"": false, ""union"": false, ""va_list"": false, ""variadic"": false, ""void_pointer"": false}",TRIVIAL,no_significant_detected_blocker,[],medium
2,ecal-core,652e92f7cda2ab1f2d0056cb296b66c7a30c8fa8,ecal/core/src/v5/pubsub/ecal_subscriber.cpp,93,112,function,RegisterCallbackWithSubscriber,20,"{""bitfield"": false, ""branch_complexity_proxy"": 2, ""c_array"": false, ""call_count"": 11, ""callback"": true, ""calloc"": false, ""conditional_compilation"": false, ""explicit_abi_boundary"": false, ""extern_declaration"": false, ""extern_or_abi_boundary"": false, ""flexible_array"": false, ""free"": false, ""function_pointer"": false, ""generated_source"": false, ""global_read"": false, ""global_write"": false, ""goto"": false, ""lexical_ambiguity"": false, ""longjmp"": false, ""macro_density"": 0.0, ""macro_generated_declaration"": false, ""macro_use"": false, ""malloc"": false, ""memcpy"": false, ""memmove"": false, ""memset"": false, ""mutable_global"": false, ""parameter_count"": 0, ""platform_specific"": false, ""pointer_arithmetic"": false, ""pointer_count"": 0, ""pointer_to_pointer"": false, ""raw_pointer_parameter"": false, ""raw_pointer_return"": false, ""realloc"": false, ""setjmp"": false, ""static_local"": false, ""syscall"": false, ""third_party"": false, ""union"": false, ""va_list"": false, ""variadic"": false, ""void_pointer"": false}",NEEDS_TRANSPILER,callback,[],medium
2,ecal-core,652e92f7cda2ab1f2d0056cb296b66c7a30c8fa8,ecal/core/src/win32/dll/dllmain.cpp,7,21,function,DllMain,15,"{""bitfield"": false, ""branch_complexity_proxy"": 4, ""c_array"": false, ""call_count"": 2, ""callback"": false, ""calloc"": false, ""conditional_compilation"": false, ""explicit_abi_boundary"": false, ""extern_declaration"": false, ""extern_or_abi_boundary"": false, ""flexible_array"": false, ""free"": false, ""function_pointer"": false, ""generated_source"": false, ""global_read"": false, ""global_write"": false, ""goto"": false, ""lexical_ambiguity"": false, ""longjmp"": false, ""macro_density"": 0.0, ""macro_generated_declaration"": false, ""macro_use"": false, ""malloc"": false, ""memcpy"": false, ""memmove"": false, ""memset"": false, ""mutable_global"": false, ""parameter_count"": 3, ""platform_specific"": false, ""pointer_arithmetic"": false, ""pointer_count"": 0, ""pointer_to_pointer"": false, ""raw_pointer_parameter"": false, ""raw_pointer_return"": false, ""realloc"": false, ""setjmp"": false, ""static_local"": false, ""syscall"": false, ""third_party"": false, ""union"": false, ""va_list"": false, ""variadic"": false, ""void_pointer"": false}",TRIVIAL,no_significant_detected_blocker,[],medium
