file,qualified_name,start_line,end_line,source_kind,generated,rustycpp_status,migration_class,reason
src/masstree/btree_leaflink.hh,is_marked,39,39,HANDWRITTEN_CPP,False,CPP_UNVERIFIED,B_DIRECT_MIGRATION,ordinary C++ control/data-flow without detected boundary
src/masstree/btree_leaflink.hh,link_split,63,63,HANDWRITTEN_CPP,False,CPP_UNVERIFIED,B_DIRECT_MIGRATION,ordinary C++ control/data-flow without detected boundary
src/masstree/btree_leaflink.hh,link_split,67,68,HANDWRITTEN_CPP,False,CPP_UNVERIFIED,B_DIRECT_MIGRATION,ordinary C++ control/data-flow without detected boundary
src/masstree/btree_leaflink.hh,unlink,85,85,HANDWRITTEN_CPP,False,CPP_UNVERIFIED,B_DIRECT_MIGRATION,ordinary C++ control/data-flow without detected boundary
src/masstree/btree_leaflink.hh,unlink,89,90,HANDWRITTEN_CPP,False,CPP_UNVERIFIED,B_DIRECT_MIGRATION,ordinary C++ control/data-flow without detected boundary
src/masstree/btree_leaflink.hh,link_split,111,111,HANDWRITTEN_CPP,False,CPP_UNVERIFIED,B_DIRECT_MIGRATION,ordinary C++ control/data-flow without detected boundary
src/masstree/btree_leaflink.hh,link_split,114,115,HANDWRITTEN_CPP,False,CPP_UNVERIFIED,B_DIRECT_MIGRATION,ordinary C++ control/data-flow without detected boundary
src/masstree/btree_leaflink.hh,unlink,122,122,HANDWRITTEN_CPP,False,CPP_UNVERIFIED,B_DIRECT_MIGRATION,ordinary C++ control/data-flow without detected boundary
src/masstree/btree_leaflink.hh,unlink,125,126,HANDWRITTEN_CPP,False,CPP_UNVERIFIED,B_DIRECT_MIGRATION,ordinary C++ control/data-flow without detected boundary
src/masstree/checkpoint.hh,visit_leaf,37,37,HANDWRITTEN_CPP,False,CPP_UNVERIFIED,B_DIRECT_MIGRATION,ordinary C++ control/data-flow without detected boundary
src/masstree/circular_int.hh,v_,33,33,HANDWRITTEN_CPP,False,CPP_UNVERIFIED,B_DIRECT_MIGRATION,ordinary C++ control/data-flow without detected boundary
src/masstree/circular_int.hh,v_,37,37,HANDWRITTEN_CPP,False,CPP_UNVERIFIED,B_DIRECT_MIGRATION,ordinary C++ control/data-flow without detected boundary
src/masstree/circular_int.hh,cmpxchg,91,91,HANDWRITTEN_CPP,False,CPP_UNVERIFIED,B_DIRECT_MIGRATION,ordinary C++ control/data-flow without detected boundary
src/masstree/circular_int.hh,cmpxchg,95,95,HANDWRITTEN_CPP,False,CPP_UNVERIFIED,B_DIRECT_MIGRATION,ordinary C++ control/data-flow without detected boundary
src/masstree/circular_int.hh,next_nonzero,123,123,HANDWRITTEN_CPP,False,CPP_UNVERIFIED,B_DIRECT_MIGRATION,ordinary C++ control/data-flow without detected boundary
src/masstree/circular_int.hh,less,149,149,HANDWRITTEN_CPP,False,CPP_UNVERIFIED,B_DIRECT_MIGRATION,ordinary C++ control/data-flow without detected boundary
src/masstree/circular_int.hh,less_equal,153,153,HANDWRITTEN_CPP,False,CPP_UNVERIFIED,B_DIRECT_MIGRATION,ordinary C++ control/data-flow without detected boundary
src/masstree/circular_int.hh,cmpxchg,180,182,HANDWRITTEN_CPP,False,CPP_UNVERIFIED,B_DIRECT_MIGRATION,ordinary C++ control/data-flow without detected boundary
src/masstree/compiler.cc,fail_always_assert,29,30,HANDWRITTEN_CPP,False,CPP_UNVERIFIED,B_DIRECT_MIGRATION,ordinary C++ control/data-flow without detected boundary
src/masstree/compiler.cc,fail_masstree_invariant,41,42,HANDWRITTEN_CPP,False,CPP_UNVERIFIED,B_DIRECT_MIGRATION,ordinary C++ control/data-flow without detected boundary
src/masstree/compiler.cc,fail_masstree_precondition,53,54,HANDWRITTEN_CPP,False,CPP_UNVERIFIED,B_DIRECT_MIGRATION,ordinary C++ control/data-flow without detected boundary
src/masstree/compiler.hh,ffs_msb,77,77,HANDWRITTEN_CPP,False,CPP_UNVERIFIED,B_DIRECT_MIGRATION,ordinary C++ control/data-flow without detected boundary
src/masstree/compiler.hh,ffs_msb,81,81,HANDWRITTEN_CPP,False,CPP_UNVERIFIED,B_DIRECT_MIGRATION,ordinary C++ control/data-flow without detected boundary
src/masstree/compiler.hh,ffs_msb,85,85,HANDWRITTEN_CPP,False,CPP_UNVERIFIED,B_DIRECT_MIGRATION,ordinary C++ control/data-flow without detected boundary
src/masstree/compiler.hh,fence,94,94,HANDWRITTEN_CPP,False,CPP_UNVERIFIED,B_DIRECT_MIGRATION,ordinary C++ control/data-flow without detected boundary
src/masstree/compiler.hh,acquire_fence,99,99,HANDWRITTEN_CPP,False,CPP_UNVERIFIED,B_DIRECT_MIGRATION,ordinary C++ control/data-flow without detected boundary
src/masstree/compiler.hh,release_fence,104,104,HANDWRITTEN_CPP,False,CPP_UNVERIFIED,B_DIRECT_MIGRATION,ordinary C++ control/data-flow without detected boundary
src/masstree/compiler.hh,relax_fence,111,111,HANDWRITTEN_CPP,False,CPP_UNVERIFIED,B_DIRECT_MIGRATION,ordinary C++ control/data-flow without detected boundary
src/masstree/compiler.hh,memory_fence,122,122,HANDWRITTEN_CPP,False,CPP_UNVERIFIED,B_DIRECT_MIGRATION,ordinary C++ control/data-flow without detected boundary
src/masstree/compiler.hh,count_,159,159,HANDWRITTEN_CPP,False,CPP_UNVERIFIED,B_DIRECT_MIGRATION,ordinary C++ control/data-flow without detected boundary
src/masstree/compiler.hh,operator,161,161,HANDWRITTEN_CPP,False,CPP_UNVERIFIED,B_DIRECT_MIGRATION,ordinary C++ control/data-flow without detected boundary
src/masstree/compiler.hh,xchg,175,175,HANDWRITTEN_CPP,False,CPP_UNVERIFIED,B_DIRECT_MIGRATION,ordinary C++ control/data-flow without detected boundary
src/masstree/compiler.hh,val_cmpxchg,185,185,HANDWRITTEN_CPP,False,CPP_UNVERIFIED,B_DIRECT_MIGRATION,ordinary C++ control/data-flow without detected boundary
src/masstree/compiler.hh,bool_cmpxchg,196,196,HANDWRITTEN_CPP,False,CPP_UNVERIFIED,B_DIRECT_MIGRATION,ordinary C++ control/data-flow without detected boundary
src/masstree/compiler.hh,fetch_and_add,208,208,HANDWRITTEN_CPP,False,CPP_UNVERIFIED,B_DIRECT_MIGRATION,ordinary C++ control/data-flow without detected boundary
src/masstree/compiler.hh,atomic_or,218,218,HANDWRITTEN_CPP,False,CPP_UNVERIFIED,B_DIRECT_MIGRATION,ordinary C++ control/data-flow without detected boundary
src/masstree/compiler.hh,xchg,235,235,HANDWRITTEN_CPP,False,CPP_UNVERIFIED,B_DIRECT_MIGRATION,ordinary C++ control/data-flow without detected boundary
src/masstree/compiler.hh,val_cmpxchg,245,245,HANDWRITTEN_CPP,False,CPP_UNVERIFIED,B_DIRECT_MIGRATION,ordinary C++ control/data-flow without detected boundary
src/masstree/compiler.hh,bool_cmpxchg,256,256,HANDWRITTEN_CPP,False,CPP_UNVERIFIED,B_DIRECT_MIGRATION,ordinary C++ control/data-flow without detected boundary
src/masstree/compiler.hh,fetch_and_add,268,268,HANDWRITTEN_CPP,False,CPP_UNVERIFIED,B_DIRECT_MIGRATION,ordinary C++ control/data-flow without detected boundary
src/masstree/compiler.hh,atomic_or,278,278,HANDWRITTEN_CPP,False,CPP_UNVERIFIED,B_DIRECT_MIGRATION,ordinary C++ control/data-flow without detected boundary
src/masstree/compiler.hh,xchg,295,295,HANDWRITTEN_CPP,False,CPP_UNVERIFIED,B_DIRECT_MIGRATION,ordinary C++ control/data-flow without detected boundary
src/masstree/compiler.hh,val_cmpxchg,305,305,HANDWRITTEN_CPP,False,CPP_UNVERIFIED,B_DIRECT_MIGRATION,ordinary C++ control/data-flow without detected boundary
src/masstree/compiler.hh,bool_cmpxchg,316,316,HANDWRITTEN_CPP,False,CPP_UNVERIFIED,B_DIRECT_MIGRATION,ordinary C++ control/data-flow without detected boundary
src/masstree/compiler.hh,fetch_and_add,328,328,HANDWRITTEN_CPP,False,CPP_UNVERIFIED,B_DIRECT_MIGRATION,ordinary C++ control/data-flow without detected boundary
src/masstree/compiler.hh,atomic_or,338,338,HANDWRITTEN_CPP,False,CPP_UNVERIFIED,B_DIRECT_MIGRATION,ordinary C++ control/data-flow without detected boundary
src/masstree/compiler.hh,xchg,358,358,HANDWRITTEN_CPP,False,CPP_UNVERIFIED,B_DIRECT_MIGRATION,ordinary C++ control/data-flow without detected boundary
src/masstree/compiler.hh,xchg,365,365,HANDWRITTEN_CPP,False,CPP_UNVERIFIED,B_DIRECT_MIGRATION,ordinary C++ control/data-flow without detected boundary
src/masstree/compiler.hh,val_cmpxchg,371,371,HANDWRITTEN_CPP,False,CPP_UNVERIFIED,B_DIRECT_MIGRATION,ordinary C++ control/data-flow without detected boundary
src/masstree/compiler.hh,bool_cmpxchg,390,390,HANDWRITTEN_CPP,False,CPP_UNVERIFIED,B_DIRECT_MIGRATION,ordinary C++ control/data-flow without detected boundary
src/masstree/compiler.hh,fetch_and_add,413,413,HANDWRITTEN_CPP,False,CPP_UNVERIFIED,B_DIRECT_MIGRATION,ordinary C++ control/data-flow without detected boundary
src/masstree/compiler.hh,atomic_or,425,425,HANDWRITTEN_CPP,False,CPP_UNVERIFIED,B_DIRECT_MIGRATION,ordinary C++ control/data-flow without detected boundary
src/masstree/compiler.hh,xchg,436,438,HANDWRITTEN_CPP,False,CPP_UNVERIFIED,B_DIRECT_MIGRATION,ordinary C++ control/data-flow without detected boundary
src/masstree/compiler.hh,xchg,443,444,HANDWRITTEN_CPP,False,CPP_UNVERIFIED,B_DIRECT_MIGRATION,ordinary C++ control/data-flow without detected boundary
src/masstree/compiler.hh,xchg,447,447,HANDWRITTEN_CPP,False,CPP_UNVERIFIED,B_DIRECT_MIGRATION,ordinary C++ control/data-flow without detected boundary
src/masstree/compiler.hh,xchg,450,450,HANDWRITTEN_CPP,False,CPP_UNVERIFIED,B_DIRECT_MIGRATION,ordinary C++ control/data-flow without detected boundary
src/masstree/compiler.hh,xchg,453,453,HANDWRITTEN_CPP,False,CPP_UNVERIFIED,B_DIRECT_MIGRATION,ordinary C++ control/data-flow without detected boundary
src/masstree/compiler.hh,xchg,456,456,HANDWRITTEN_CPP,False,CPP_UNVERIFIED,B_DIRECT_MIGRATION,ordinary C++ control/data-flow without detected boundary
src/masstree/compiler.hh,cmpxchg,473,474,HANDWRITTEN_CPP,False,CPP_UNVERIFIED,B_DIRECT_MIGRATION,ordinary C++ control/data-flow without detected boundary
src/masstree/compiler.hh,cmpxchg,479,480,HANDWRITTEN_CPP,False,CPP_UNVERIFIED,B_DIRECT_MIGRATION,ordinary C++ control/data-flow without detected boundary
src/masstree/compiler.hh,bool_cmpxchg,499,500,HANDWRITTEN_CPP,False,CPP_UNVERIFIED,B_DIRECT_MIGRATION,ordinary C++ control/data-flow without detected boundary
src/masstree/compiler.hh,bool_cmpxchg,505,506,HANDWRITTEN_CPP,False,CPP_UNVERIFIED,B_DIRECT_MIGRATION,ordinary C++ control/data-flow without detected boundary
src/masstree/compiler.hh,bool_cmpxchg,509,509,HANDWRITTEN_CPP,False,CPP_UNVERIFIED,B_DIRECT_MIGRATION,ordinary C++ control/data-flow without detected boundary
src/masstree/compiler.hh,fetch_and_add,517,518,HANDWRITTEN_CPP,False,CPP_UNVERIFIED,B_DIRECT_MIGRATION,ordinary C++ control/data-flow without detected boundary
src/masstree/compiler.hh,fetch_and_add,530,531,HANDWRITTEN_CPP,False,CPP_UNVERIFIED,B_DIRECT_MIGRATION,ordinary C++ control/data-flow without detected boundary
src/masstree/compiler.hh,fetch_and_add,534,534,HANDWRITTEN_CPP,False,CPP_UNVERIFIED,B_DIRECT_MIGRATION,ordinary C++ control/data-flow without detected boundary
src/masstree/compiler.hh,fetch_and_add,537,537,HANDWRITTEN_CPP,False,CPP_UNVERIFIED,B_DIRECT_MIGRATION,ordinary C++ control/data-flow without detected boundary
src/masstree/compiler.hh,fetch_and_add,540,540,HANDWRITTEN_CPP,False,CPP_UNVERIFIED,B_DIRECT_MIGRATION,ordinary C++ control/data-flow without detected boundary
src/masstree/compiler.hh,fetch_and_add,543,543,HANDWRITTEN_CPP,False,CPP_UNVERIFIED,B_DIRECT_MIGRATION,ordinary C++ control/data-flow without detected boundary
src/masstree/compiler.hh,fetch_and_add,546,546,HANDWRITTEN_CPP,False,CPP_UNVERIFIED,B_DIRECT_MIGRATION,ordinary C++ control/data-flow without detected boundary
src/masstree/compiler.hh,test_and_set_acquire,552,553,HANDWRITTEN_CPP,False,CPP_UNVERIFIED,B_DIRECT_MIGRATION,ordinary C++ control/data-flow without detected boundary
src/masstree/compiler.hh,test_and_set_release,562,563,HANDWRITTEN_CPP,False,CPP_UNVERIFIED,B_DIRECT_MIGRATION,ordinary C++ control/data-flow without detected boundary
src/masstree/compiler.hh,atomic_or,572,573,HANDWRITTEN_CPP,False,CPP_UNVERIFIED,B_DIRECT_MIGRATION,ordinary C++ control/data-flow without detected boundary
src/masstree/compiler.hh,atomic_or,578,579,HANDWRITTEN_CPP,False,CPP_UNVERIFIED,B_DIRECT_MIGRATION,ordinary C++ control/data-flow without detected boundary
src/masstree/compiler.hh,atomic_or,582,582,HANDWRITTEN_CPP,False,CPP_UNVERIFIED,B_DIRECT_MIGRATION,ordinary C++ control/data-flow without detected boundary
src/masstree/compiler.hh,atomic_or,585,585,HANDWRITTEN_CPP,False,CPP_UNVERIFIED,B_DIRECT_MIGRATION,ordinary C++ control/data-flow without detected boundary
src/masstree/compiler.hh,atomic_or,588,588,HANDWRITTEN_CPP,False,CPP_UNVERIFIED,B_DIRECT_MIGRATION,ordinary C++ control/data-flow without detected boundary
src/masstree/compiler.hh,atomic_or,591,591,HANDWRITTEN_CPP,False,CPP_UNVERIFIED,B_DIRECT_MIGRATION,ordinary C++ control/data-flow without detected boundary
src/masstree/compiler.hh,atomic_or,594,594,HANDWRITTEN_CPP,False,CPP_UNVERIFIED,B_DIRECT_MIGRATION,ordinary C++ control/data-flow without detected boundary
src/masstree/compiler.hh,prefetch,601,601,HANDWRITTEN_CPP,False,CPP_UNVERIFIED,B_DIRECT_MIGRATION,ordinary C++ control/data-flow without detected boundary
src/masstree/compiler.hh,prefetchnta,614,615,HANDWRITTEN_CPP,False,CPP_UNVERIFIED,B_DIRECT_MIGRATION,ordinary C++ control/data-flow without detected boundary
src/masstree/compiler.hh,operator,631,631,HANDWRITTEN_CPP,False,CPP_UNVERIFIED,B_DIRECT_MIGRATION,ordinary C++ control/data-flow without detected boundary
src/masstree/compiler.hh,operator,637,637,HANDWRITTEN_CPP,False,CPP_UNVERIFIED,D_BOUNDARY,external/runtime/raw-pointer boundary
src/masstree/compiler.hh,ntohq,644,644,HANDWRITTEN_CPP,False,CPP_UNVERIFIED,B_DIRECT_MIGRATION,ordinary C++ control/data-flow without detected boundary
src/masstree/compiler.hh,htonq,664,665,HANDWRITTEN_CPP,False,CPP_UNVERIFIED,B_DIRECT_MIGRATION,ordinary C++ control/data-flow without detected boundary
src/masstree/compiler.hh,clz,677,677,HANDWRITTEN_CPP,False,CPP_UNVERIFIED,B_DIRECT_MIGRATION,ordinary C++ control/data-flow without detected boundary
src/masstree/compiler.hh,clz,680,680,HANDWRITTEN_CPP,False,CPP_UNVERIFIED,B_DIRECT_MIGRATION,ordinary C++ control/data-flow without detected boundary
src/masstree/compiler.hh,clz,686,686,HANDWRITTEN_CPP,False,CPP_UNVERIFIED,B_DIRECT_MIGRATION,ordinary C++ control/data-flow without detected boundary
src/masstree/compiler.hh,clz,689,689,HANDWRITTEN_CPP,False,CPP_UNVERIFIED,B_DIRECT_MIGRATION,ordinary C++ control/data-flow without detected boundary
src/masstree/compiler.hh,clz,695,695,HANDWRITTEN_CPP,False,CPP_UNVERIFIED,B_DIRECT_MIGRATION,ordinary C++ control/data-flow without detected boundary
src/masstree/compiler.hh,clz,698,698,HANDWRITTEN_CPP,False,CPP_UNVERIFIED,B_DIRECT_MIGRATION,ordinary C++ control/data-flow without detected boundary
src/masstree/compiler.hh,ctz,708,708,HANDWRITTEN_CPP,False,CPP_UNVERIFIED,B_DIRECT_MIGRATION,ordinary C++ control/data-flow without detected boundary
src/masstree/compiler.hh,ctz,711,711,HANDWRITTEN_CPP,False,CPP_UNVERIFIED,B_DIRECT_MIGRATION,ordinary C++ control/data-flow without detected boundary
src/masstree/compiler.hh,ctz,717,717,HANDWRITTEN_CPP,False,CPP_UNVERIFIED,B_DIRECT_MIGRATION,ordinary C++ control/data-flow without detected boundary
src/masstree/compiler.hh,ctz,720,720,HANDWRITTEN_CPP,False,CPP_UNVERIFIED,B_DIRECT_MIGRATION,ordinary C++ control/data-flow without detected boundary
src/masstree/compiler.hh,ctz,726,726,HANDWRITTEN_CPP,False,CPP_UNVERIFIED,B_DIRECT_MIGRATION,ordinary C++ control/data-flow without detected boundary
src/masstree/compiler.hh,ctz,729,729,HANDWRITTEN_CPP,False,CPP_UNVERIFIED,B_DIRECT_MIGRATION,ordinary C++ control/data-flow without detected boundary
src/masstree/compiler.hh,iceil,735,735,HANDWRITTEN_CPP,False,CPP_UNVERIFIED,B_DIRECT_MIGRATION,ordinary C++ control/data-flow without detected boundary
src/masstree/compiler.hh,iceil_log2,744,745,HANDWRITTEN_CPP,False,CPP_UNVERIFIED,B_DIRECT_MIGRATION,ordinary C++ control/data-flow without detected boundary
src/masstree/compiler.hh,ifloor_log2,751,752,HANDWRITTEN_CPP,False,CPP_UNVERIFIED,B_DIRECT_MIGRATION,ordinary C++ control/data-flow without detected boundary
src/masstree/compiler.hh,find_lowest_zero_nibble,759,760,HANDWRITTEN_CPP,False,CPP_UNVERIFIED,B_DIRECT_MIGRATION,ordinary C++ control/data-flow without detected boundary
src/masstree/compiler.hh,host_to_net_order,776,776,HANDWRITTEN_CPP,False,CPP_UNVERIFIED,B_DIRECT_MIGRATION,ordinary C++ control/data-flow without detected boundary
src/masstree/compiler.hh,host_to_net_order,780,780,HANDWRITTEN_CPP,False,CPP_UNVERIFIED,B_DIRECT_MIGRATION,ordinary C++ control/data-flow without detected boundary
src/masstree/compiler.hh,host_to_net_order,784,784,HANDWRITTEN_CPP,False,CPP_UNVERIFIED,B_DIRECT_MIGRATION,ordinary C++ control/data-flow without detected boundary
src/masstree/compiler.hh,host_to_net_order,788,788,HANDWRITTEN_CPP,False,CPP_UNVERIFIED,B_DIRECT_MIGRATION,ordinary C++ control/data-flow without detected boundary
src/masstree/compiler.hh,host_to_net_order,792,792,HANDWRITTEN_CPP,False,CPP_UNVERIFIED,B_DIRECT_MIGRATION,ordinary C++ control/data-flow without detected boundary
src/masstree/compiler.hh,host_to_net_order,796,796,HANDWRITTEN_CPP,False,CPP_UNVERIFIED,B_DIRECT_MIGRATION,ordinary C++ control/data-flow without detected boundary
src/masstree/compiler.hh,host_to_net_order,800,800,HANDWRITTEN_CPP,False,CPP_UNVERIFIED,B_DIRECT_MIGRATION,ordinary C++ control/data-flow without detected boundary
src/masstree/compiler.hh,host_to_net_order,805,805,HANDWRITTEN_CPP,False,CPP_UNVERIFIED,B_DIRECT_MIGRATION,ordinary C++ control/data-flow without detected boundary
src/masstree/compiler.hh,host_to_net_order,809,809,HANDWRITTEN_CPP,False,CPP_UNVERIFIED,B_DIRECT_MIGRATION,ordinary C++ control/data-flow without detected boundary
src/masstree/compiler.hh,host_to_net_order,814,814,HANDWRITTEN_CPP,False,CPP_UNVERIFIED,B_DIRECT_MIGRATION,ordinary C++ control/data-flow without detected boundary
src/masstree/compiler.hh,host_to_net_order,818,818,HANDWRITTEN_CPP,False,CPP_UNVERIFIED,B_DIRECT_MIGRATION,ordinary C++ control/data-flow without detected boundary
src/masstree/compiler.hh,host_to_net_order,824,824,HANDWRITTEN_CPP,False,CPP_UNVERIFIED,B_DIRECT_MIGRATION,ordinary C++ control/data-flow without detected boundary
src/masstree/compiler.hh,host_to_net_order,828,828,HANDWRITTEN_CPP,False,CPP_UNVERIFIED,B_DIRECT_MIGRATION,ordinary C++ control/data-flow without detected boundary
src/masstree/compiler.hh,host_to_net_order,834,834,HANDWRITTEN_CPP,False,CPP_UNVERIFIED,B_DIRECT_MIGRATION,ordinary C++ control/data-flow without detected boundary
src/masstree/compiler.hh,host_to_net_order,838,838,HANDWRITTEN_CPP,False,CPP_UNVERIFIED,B_DIRECT_MIGRATION,ordinary C++ control/data-flow without detected boundary
src/masstree/compiler.hh,host_to_net_order,843,843,HANDWRITTEN_CPP,False,CPP_UNVERIFIED,B_DIRECT_MIGRATION,ordinary C++ control/data-flow without detected boundary
src/masstree/compiler.hh,host_to_net_order,850,850,HANDWRITTEN_CPP,False,CPP_UNVERIFIED,B_DIRECT_MIGRATION,ordinary C++ control/data-flow without detected boundary
src/masstree/compiler.hh,net_to_host_order,862,862,HANDWRITTEN_CPP,False,CPP_UNVERIFIED,B_DIRECT_MIGRATION,ordinary C++ control/data-flow without detected boundary
src/masstree/compiler.hh,net_to_host_order,866,866,HANDWRITTEN_CPP,False,CPP_UNVERIFIED,B_DIRECT_MIGRATION,ordinary C++ control/data-flow without detected boundary
src/masstree/compiler.hh,net_to_host_order,870,870,HANDWRITTEN_CPP,False,CPP_UNVERIFIED,B_DIRECT_MIGRATION,ordinary C++ control/data-flow without detected boundary
src/masstree/compiler.hh,net_to_host_order,874,874,HANDWRITTEN_CPP,False,CPP_UNVERIFIED,B_DIRECT_MIGRATION,ordinary C++ control/data-flow without detected boundary
src/masstree/compiler.hh,net_to_host_order,878,878,HANDWRITTEN_CPP,False,CPP_UNVERIFIED,B_DIRECT_MIGRATION,ordinary C++ control/data-flow without detected boundary
src/masstree/compiler.hh,net_to_host_order,882,882,HANDWRITTEN_CPP,False,CPP_UNVERIFIED,B_DIRECT_MIGRATION,ordinary C++ control/data-flow without detected boundary
src/masstree/compiler.hh,net_to_host_order,886,886,HANDWRITTEN_CPP,False,CPP_UNVERIFIED,B_DIRECT_MIGRATION,ordinary C++ control/data-flow without detected boundary
src/masstree/compiler.hh,net_to_host_order,891,891,HANDWRITTEN_CPP,False,CPP_UNVERIFIED,B_DIRECT_MIGRATION,ordinary C++ control/data-flow without detected boundary
src/masstree/compiler.hh,net_to_host_order,895,895,HANDWRITTEN_CPP,False,CPP_UNVERIFIED,B_DIRECT_MIGRATION,ordinary C++ control/data-flow without detected boundary
src/masstree/compiler.hh,net_to_host_order,900,900,HANDWRITTEN_CPP,False,CPP_UNVERIFIED,B_DIRECT_MIGRATION,ordinary C++ control/data-flow without detected boundary
src/masstree/compiler.hh,net_to_host_order,904,904,HANDWRITTEN_CPP,False,CPP_UNVERIFIED,B_DIRECT_MIGRATION,ordinary C++ control/data-flow without detected boundary
src/masstree/compiler.hh,net_to_host_order,910,910,HANDWRITTEN_CPP,False,CPP_UNVERIFIED,B_DIRECT_MIGRATION,ordinary C++ control/data-flow without detected boundary
src/masstree/compiler.hh,net_to_host_order,914,914,HANDWRITTEN_CPP,False,CPP_UNVERIFIED,B_DIRECT_MIGRATION,ordinary C++ control/data-flow without detected boundary
src/masstree/compiler.hh,net_to_host_order,920,920,HANDWRITTEN_CPP,False,CPP_UNVERIFIED,B_DIRECT_MIGRATION,ordinary C++ control/data-flow without detected boundary
src/masstree/compiler.hh,net_to_host_order,924,924,HANDWRITTEN_CPP,False,CPP_UNVERIFIED,B_DIRECT_MIGRATION,ordinary C++ control/data-flow without detected boundary
src/masstree/compiler.hh,net_to_host_order,929,929,HANDWRITTEN_CPP,False,CPP_UNVERIFIED,B_DIRECT_MIGRATION,ordinary C++ control/data-flow without detected boundary
src/masstree/compiler.hh,net_to_host_order,933,933,HANDWRITTEN_CPP,False,CPP_UNVERIFIED,B_DIRECT_MIGRATION,ordinary C++ control/data-flow without detected boundary
src/masstree/compiler.hh,read_in_host_order,969,971,HANDWRITTEN_CPP,False,CPP_UNVERIFIED,D_BOUNDARY,external/runtime/raw-pointer boundary
src/masstree/compiler.hh,read_in_host_order,980,982,HANDWRITTEN_CPP,False,CPP_UNVERIFIED,D_BOUNDARY,external/runtime/raw-pointer boundary
src/masstree/compiler.hh,read_in_net_order,996,998,HANDWRITTEN_CPP,False,CPP_UNVERIFIED,B_DIRECT_MIGRATION,ordinary C++ control/data-flow without detected boundary
src/masstree/compiler.hh,read_in_net_order,1001,1003,HANDWRITTEN_CPP,False,CPP_UNVERIFIED,D_BOUNDARY,external/runtime/raw-pointer boundary
src/masstree/compiler.hh,read_pmc,1006,1008,HANDWRITTEN_CPP,False,CPP_UNVERIFIED,B_DIRECT_MIGRATION,ordinary C++ control/data-flow without detected boundary
src/masstree/compiler.hh,read_tsc,1018,1020,HANDWRITTEN_CPP,False,CPP_UNVERIFIED,B_DIRECT_MIGRATION,ordinary C++ control/data-flow without detected boundary
src/masstree/compiler.hh,compare,1035,1036,HANDWRITTEN_CPP,False,CPP_UNVERIFIED,B_DIRECT_MIGRATION,ordinary C++ control/data-flow without detected boundary
src/masstree/compiler.hh,int_multiply,1224,1225,HANDWRITTEN_CPP,False,CPP_UNVERIFIED,B_DIRECT_MIGRATION,ordinary C++ control/data-flow without detected boundary
src/masstree/compiler.hh,int_multiply,1231,1232,HANDWRITTEN_CPP,False,CPP_UNVERIFIED,B_DIRECT_MIGRATION,ordinary C++ control/data-flow without detected boundary
src/masstree/compiler.hh,int_multiply,1239,1240,HANDWRITTEN_CPP,False,CPP_UNVERIFIED,B_DIRECT_MIGRATION,ordinary C++ control/data-flow without detected boundary
src/masstree/compiler.hh,int_multiply,1246,1247,HANDWRITTEN_CPP,False,CPP_UNVERIFIED,B_DIRECT_MIGRATION,ordinary C++ control/data-flow without detected boundary
src/masstree/compiler.hh,int_multiply,1253,1255,HANDWRITTEN_CPP,False,CPP_UNVERIFIED,B_DIRECT_MIGRATION,ordinary C++ control/data-flow without detected boundary
src/masstree/compiler.hh,int_multiply,1261,1263,HANDWRITTEN_CPP,False,CPP_UNVERIFIED,B_DIRECT_MIGRATION,ordinary C++ control/data-flow without detected boundary
src/masstree/file.cc,read_file_contents,36,36,HANDWRITTEN_CPP,False,CPP_UNVERIFIED,D_BOUNDARY,external/runtime/raw-pointer boundary
src/masstree/file.cc,read_file_contents,59,59,HANDWRITTEN_CPP,False,CPP_UNVERIFIED,D_BOUNDARY,external/runtime/raw-pointer boundary
src/masstree/file.cc,sync_write_file_contents,76,78,HANDWRITTEN_CPP,False,CPP_UNVERIFIED,D_BOUNDARY,external/runtime/raw-pointer boundary
src/masstree/file.cc,atomic_write_file_contents,99,101,HANDWRITTEN_CPP,False,CPP_UNVERIFIED,B_DIRECT_MIGRATION,ordinary C++ control/data-flow without detected boundary
src/masstree/file.hh,safe_read,28,30,HANDWRITTEN_CPP,False,CPP_UNVERIFIED,D_BOUNDARY,external/runtime/raw-pointer boundary
src/masstree/file.hh,safe_write,48,50,HANDWRITTEN_CPP,False,CPP_UNVERIFIED,D_BOUNDARY,external/runtime/raw-pointer boundary
src/masstree/file.hh,checked_write,68,70,HANDWRITTEN_CPP,False,CPP_UNVERIFIED,B_DIRECT_MIGRATION,ordinary C++ control/data-flow without detected boundary
src/masstree/file.hh,checked_write,74,77,HANDWRITTEN_CPP,False,CPP_UNVERIFIED,D_BOUNDARY,external/runtime/raw-pointer boundary
src/masstree/hashcode.hh,hashcode,43,43,HANDWRITTEN_CPP,False,CPP_UNVERIFIED,B_DIRECT_MIGRATION,ordinary C++ control/data-flow without detected boundary
src/masstree/hashcode.hh,hashcode,46,48,HANDWRITTEN_CPP,False,CPP_UNVERIFIED,B_DIRECT_MIGRATION,ordinary C++ control/data-flow without detected boundary
src/masstree/hashcode.hh,hashcode,51,53,HANDWRITTEN_CPP,False,CPP_UNVERIFIED,B_DIRECT_MIGRATION,ordinary C++ control/data-flow without detected boundary
src/masstree/hashcode.hh,hashcode,56,58,HANDWRITTEN_CPP,False,CPP_UNVERIFIED,B_DIRECT_MIGRATION,ordinary C++ control/data-flow without detected boundary
src/masstree/hashcode.hh,hashcode,61,63,HANDWRITTEN_CPP,False,CPP_UNVERIFIED,B_DIRECT_MIGRATION,ordinary C++ control/data-flow without detected boundary
src/masstree/hashcode.hh,hashcode,66,68,HANDWRITTEN_CPP,False,CPP_UNVERIFIED,B_DIRECT_MIGRATION,ordinary C++ control/data-flow without detected boundary
src/masstree/hashcode.hh,hashcode,71,73,HANDWRITTEN_CPP,False,CPP_UNVERIFIED,B_DIRECT_MIGRATION,ordinary C++ control/data-flow without detected boundary
src/masstree/hashcode.hh,hashcode,76,78,HANDWRITTEN_CPP,False,CPP_UNVERIFIED,B_DIRECT_MIGRATION,ordinary C++ control/data-flow without detected boundary
src/masstree/hashcode.hh,hashcode,81,83,HANDWRITTEN_CPP,False,CPP_UNVERIFIED,B_DIRECT_MIGRATION,ordinary C++ control/data-flow without detected boundary
src/masstree/hashcode.hh,hashcode,86,88,HANDWRITTEN_CPP,False,CPP_UNVERIFIED,B_DIRECT_MIGRATION,ordinary C++ control/data-flow without detected boundary
src/masstree/hashcode.hh,hashcode,91,93,HANDWRITTEN_CPP,False,CPP_UNVERIFIED,B_DIRECT_MIGRATION,ordinary C++ control/data-flow without detected boundary
src/masstree/hashcode.hh,hashcode,96,98,HANDWRITTEN_CPP,False,CPP_UNVERIFIED,B_DIRECT_MIGRATION,ordinary C++ control/data-flow without detected boundary
src/masstree/hashcode.hh,hashcode,103,104,HANDWRITTEN_CPP,False,CPP_UNVERIFIED,B_DIRECT_MIGRATION,ordinary C++ control/data-flow without detected boundary
src/masstree/hashcode.hh,hashcode,107,109,HANDWRITTEN_CPP,False,CPP_UNVERIFIED,B_DIRECT_MIGRATION,ordinary C++ control/data-flow without detected boundary
src/masstree/hashcode.hh,hashcode,116,116,HANDWRITTEN_CPP,False,CPP_UNVERIFIED,B_DIRECT_MIGRATION,ordinary C++ control/data-flow without detected boundary
src/masstree/hashcode.hh,hashkey,119,121,HANDWRITTEN_CPP,False,CPP_UNVERIFIED,B_DIRECT_MIGRATION,ordinary C++ control/data-flow without detected boundary
src/masstree/json.cc,ComplexJson,95,97,HANDWRITTEN_CPP,False,CPP_UNVERIFIED,B_DIRECT_MIGRATION,ordinary C++ control/data-flow without detected boundary
src/masstree/json.cc,string_to_int_key,233,235,HANDWRITTEN_CPP,False,CPP_UNVERIFIED,B_DIRECT_MIGRATION,ordinary C++ control/data-flow without detected boundary
src/masstree/json.cc,if,632,632,HANDWRITTEN_CPP,False,CPP_UNVERIFIED,B_DIRECT_MIGRATION,ordinary C++ control/data-flow without detected boundary
src/masstree/json.cc,if,672,672,HANDWRITTEN_CPP,False,CPP_UNVERIFIED,B_DIRECT_MIGRATION,ordinary C++ control/data-flow without detected boundary
src/masstree/json.cc,in_range,708,708,HANDWRITTEN_CPP,False,CPP_UNVERIFIED,B_DIRECT_MIGRATION,ordinary C++ control/data-flow without detected boundary
src/masstree/json.cc,in_range,713,713,HANDWRITTEN_CPP,False,CPP_UNVERIFIED,B_DIRECT_MIGRATION,ordinary C++ control/data-flow without detected boundary
src/masstree/json.cc,if,901,903,HANDWRITTEN_CPP,False,CPP_UNVERIFIED,B_DIRECT_MIGRATION,ordinary C++ control/data-flow without detected boundary
src/masstree/json.cc,if,932,932,HANDWRITTEN_CPP,False,CPP_UNVERIFIED,B_DIRECT_MIGRATION,ordinary C++ control/data-flow without detected boundary
src/masstree/json.cc,if,1037,1037,HANDWRITTEN_CPP,False,CPP_UNVERIFIED,B_DIRECT_MIGRATION,ordinary C++ control/data-flow without detected boundary
src/masstree/json.cc,if,1136,1137,HANDWRITTEN_CPP,False,CPP_UNVERIFIED,B_DIRECT_MIGRATION,ordinary C++ control/data-flow without detected boundary
src/masstree/json.cc,if,1149,1150,HANDWRITTEN_CPP,False,CPP_UNVERIFIED,B_DIRECT_MIGRATION,ordinary C++ control/data-flow without detected boundary
src/masstree/json.cc,if,1154,1155,HANDWRITTEN_CPP,False,CPP_UNVERIFIED,B_DIRECT_MIGRATION,ordinary C++ control/data-flow without detected boundary
src/masstree/json.cc,if,1208,1208,HANDWRITTEN_CPP,False,CPP_UNVERIFIED,B_DIRECT_MIGRATION,ordinary C++ control/data-flow without detected boundary
src/masstree/json.hh,null_t,57,57,HANDWRITTEN_CPP,False,CPP_UNVERIFIED,B_DIRECT_MIGRATION,ordinary C++ control/data-flow without detected boundary
src/masstree/json.hh,refcount,363,363,HANDWRITTEN_CPP,False,CPP_UNVERIFIED,B_DIRECT_MIGRATION,ordinary C++ control/data-flow without detected boundary
src/masstree/json.hh,ArrayJson,431,433,HANDWRITTEN_CPP,False,CPP_UNVERIFIED,B_DIRECT_MIGRATION,ordinary C++ control/data-flow without detected boundary
src/masstree/json.hh,ObjectItem,443,444,HANDWRITTEN_CPP,False,CPP_UNVERIFIED,B_DIRECT_MIGRATION,ordinary C++ control/data-flow without detected boundary
src/masstree/json.hh,os_,454,454,HANDWRITTEN_CPP,False,CPP_UNVERIFIED,B_DIRECT_MIGRATION,ordinary C++ control/data-flow without detected boundary
src/masstree/json.hh,j_,567,567,HANDWRITTEN_CPP,False,CPP_UNVERIFIED,B_DIRECT_MIGRATION,ordinary C++ control/data-flow without detected boundary
src/masstree/json.hh,fix,571,571,HANDWRITTEN_CPP,False,CPP_UNVERIFIED,B_DIRECT_MIGRATION,ordinary C++ control/data-flow without detected boundary
src/masstree/json.hh,if,576,576,HANDWRITTEN_CPP,False,CPP_UNVERIFIED,B_DIRECT_MIGRATION,ordinary C++ control/data-flow without detected boundary
src/masstree/json.hh,object_iterator,601,603,HANDWRITTEN_CPP,False,CPP_UNVERIFIED,B_DIRECT_MIGRATION,ordinary C++ control/data-flow without detected boundary
src/masstree/json.hh,j_,671,671,HANDWRITTEN_CPP,False,CPP_UNVERIFIED,B_DIRECT_MIGRATION,ordinary C++ control/data-flow without detected boundary
src/masstree/json.hh,array_iterator,716,718,HANDWRITTEN_CPP,False,CPP_UNVERIFIED,B_DIRECT_MIGRATION,ordinary C++ control/data-flow without detected boundary
src/masstree/json.hh,value_,773,773,HANDWRITTEN_CPP,False,CPP_UNVERIFIED,B_DIRECT_MIGRATION,ordinary C++ control/data-flow without detected boundary
src/masstree/json.hh,j_,806,806,HANDWRITTEN_CPP,False,CPP_UNVERIFIED,B_DIRECT_MIGRATION,ordinary C++ control/data-flow without detected boundary
src/masstree/json.hh,fix,810,810,HANDWRITTEN_CPP,False,CPP_UNVERIFIED,B_DIRECT_MIGRATION,ordinary C++ control/data-flow without detected boundary
src/masstree/json.hh,if,816,816,HANDWRITTEN_CPP,False,CPP_UNVERIFIED,B_DIRECT_MIGRATION,ordinary C++ control/data-flow without detected boundary
src/masstree/json.hh,iterator,855,857,HANDWRITTEN_CPP,False,CPP_UNVERIFIED,B_DIRECT_MIGRATION,ordinary C++ control/data-flow without detected boundary
src/masstree/json.hh,insert,1131,1131,HANDWRITTEN_CPP,False,CPP_UNVERIFIED,B_DIRECT_MIGRATION,ordinary C++ control/data-flow without detected boundary
src/masstree/json.hh,erase,1134,1134,HANDWRITTEN_CPP,False,CPP_UNVERIFIED,B_DIRECT_MIGRATION,ordinary C++ control/data-flow without detected boundary
src/masstree/json.hh,erase,1137,1137,HANDWRITTEN_CPP,False,CPP_UNVERIFIED,B_DIRECT_MIGRATION,ordinary C++ control/data-flow without detected boundary
src/masstree/json.hh,pop_back,1176,1176,HANDWRITTEN_CPP,False,CPP_UNVERIFIED,B_DIRECT_MIGRATION,ordinary C++ control/data-flow without detected boundary
src/masstree/json.hh,insert,1182,1182,HANDWRITTEN_CPP,False,CPP_UNVERIFIED,B_DIRECT_MIGRATION,ordinary C++ control/data-flow without detected boundary
src/masstree/json.hh,insert,1185,1185,HANDWRITTEN_CPP,False,CPP_UNVERIFIED,B_DIRECT_MIGRATION,ordinary C++ control/data-flow without detected boundary
src/masstree/json.hh,erase,1188,1188,HANDWRITTEN_CPP,False,CPP_UNVERIFIED,B_DIRECT_MIGRATION,ordinary C++ control/data-flow without detected boundary
src/masstree/json.hh,erase,1191,1191,HANDWRITTEN_CPP,False,CPP_UNVERIFIED,B_DIRECT_MIGRATION,ordinary C++ control/data-flow without detected boundary
src/masstree/json.hh,resize,1194,1194,HANDWRITTEN_CPP,False,CPP_UNVERIFIED,B_DIRECT_MIGRATION,ordinary C++ control/data-flow without detected boundary
src/masstree/json.hh,assign_parse,1209,1209,HANDWRITTEN_CPP,False,CPP_UNVERIFIED,B_DIRECT_MIGRATION,ordinary C++ control/data-flow without detected boundary
src/masstree/json.hh,assign_parse,1212,1212,HANDWRITTEN_CPP,False,CPP_UNVERIFIED,B_DIRECT_MIGRATION,ordinary C++ control/data-flow without detected boundary
src/masstree/json.hh,swap,1215,1215,HANDWRITTEN_CPP,False,CPP_UNVERIFIED,B_DIRECT_MIGRATION,ordinary C++ control/data-flow without detected boundary
src/masstree/json.hh,obegin,1284,1284,HANDWRITTEN_CPP,False,CPP_UNVERIFIED,B_DIRECT_MIGRATION,ordinary C++ control/data-flow without detected boundary
src/masstree/json.hh,oend,1287,1287,HANDWRITTEN_CPP,False,CPP_UNVERIFIED,B_DIRECT_MIGRATION,ordinary C++ control/data-flow without detected boundary
src/masstree/json.hh,abegin,1302,1302,HANDWRITTEN_CPP,False,CPP_UNVERIFIED,B_DIRECT_MIGRATION,ordinary C++ control/data-flow without detected boundary
src/masstree/json.hh,aend,1305,1305,HANDWRITTEN_CPP,False,CPP_UNVERIFIED,B_DIRECT_MIGRATION,ordinary C++ control/data-flow without detected boundary
src/masstree/json.hh,begin,1320,1320,HANDWRITTEN_CPP,False,CPP_UNVERIFIED,B_DIRECT_MIGRATION,ordinary C++ control/data-flow without detected boundary
src/masstree/json.hh,end,1323,1323,HANDWRITTEN_CPP,False,CPP_UNVERIFIED,B_DIRECT_MIGRATION,ordinary C++ control/data-flow without detected boundary
src/masstree/json.hh,base_,1358,1358,HANDWRITTEN_CPP,False,CPP_UNVERIFIED,B_DIRECT_MIGRATION,ordinary C++ control/data-flow without detected boundary
src/masstree/json.hh,base_,1388,1388,HANDWRITTEN_CPP,False,CPP_UNVERIFIED,B_DIRECT_MIGRATION,ordinary C++ control/data-flow without detected boundary
src/masstree/json.hh,base_,1418,1418,HANDWRITTEN_CPP,False,CPP_UNVERIFIED,B_DIRECT_MIGRATION,ordinary C++ control/data-flow without detected boundary
src/masstree/json.hh,base_,1443,1443,HANDWRITTEN_CPP,False,CPP_UNVERIFIED,B_DIRECT_MIGRATION,ordinary C++ control/data-flow without detected boundary
src/masstree/json.hh,u_,1507,1507,HANDWRITTEN_CPP,False,CPP_UNVERIFIED,B_DIRECT_MIGRATION,ordinary C++ control/data-flow without detected boundary
src/masstree/json.hh,u_,1515,1515,HANDWRITTEN_CPP,False,CPP_UNVERIFIED,B_DIRECT_MIGRATION,ordinary C++ control/data-flow without detected boundary
src/masstree/json.hh,u_,1524,1524,HANDWRITTEN_CPP,False,CPP_UNVERIFIED,B_DIRECT_MIGRATION,ordinary C++ control/data-flow without detected boundary
src/masstree/json.hh,run,1593,1594,HANDWRITTEN_CPP,False,CPP_UNVERIFIED,B_DIRECT_MIGRATION,ordinary C++ control/data-flow without detected boundary
src/masstree/json.hh,run,1601,1602,HANDWRITTEN_CPP,False,CPP_UNVERIFIED,B_DIRECT_MIGRATION,ordinary C++ control/data-flow without detected boundary
src/masstree/json.hh,if,2081,2081,HANDWRITTEN_CPP,False,CPP_UNVERIFIED,B_DIRECT_MIGRATION,ordinary C++ control/data-flow without detected boundary
src/masstree/json.hh,get_insert,2272,2274,HANDWRITTEN_CPP,False,CPP_UNVERIFIED,B_DIRECT_MIGRATION,ordinary C++ control/data-flow without detected boundary
src/masstree/json.hh,unparse_manipulator,2715,2718,HANDWRITTEN_CPP,False,CPP_UNVERIFIED,B_DIRECT_MIGRATION,ordinary C++ control/data-flow without detected boundary
src/masstree/json.hh,state_,2860,2860,HANDWRITTEN_CPP,False,CPP_UNVERIFIED,B_DIRECT_MIGRATION,ordinary C++ control/data-flow without detected boundary
src/masstree/json.hh,swap,3208,3209,HANDWRITTEN_CPP,False,CPP_UNVERIFIED,B_DIRECT_MIGRATION,ordinary C++ control/data-flow without detected boundary
src/masstree/jsontest.cc,incr,39,40,HANDWRITTEN_CPP,False,CPP_UNVERIFIED,B_DIRECT_MIGRATION,ordinary C++ control/data-flow without detected boundary
src/masstree/jsontest.cc,benchmark_parse,44,45,HANDWRITTEN_CPP,False,CPP_UNVERIFIED,B_DIRECT_MIGRATION,ordinary C++ control/data-flow without detected boundary
src/masstree/jsontest.cc,main,68,69,HANDWRITTEN_CPP,False,CPP_UNVERIFIED,B_DIRECT_MIGRATION,ordinary C++ control/data-flow without detected boundary
src/masstree/kpermuter.hh,size_,29,29,HANDWRITTEN_CPP,False,CPP_UNVERIFIED,B_DIRECT_MIGRATION,ordinary C++ control/data-flow without detected boundary
src/masstree/kpermuter.hh,x_,83,83,HANDWRITTEN_CPP,False,CPP_UNVERIFIED,B_DIRECT_MIGRATION,ordinary C++ control/data-flow without detected boundary
src/masstree/kpermuter.hh,make_empty,90,90,HANDWRITTEN_CPP,False,CPP_UNVERIFIED,B_DIRECT_MIGRATION,ordinary C++ control/data-flow without detected boundary
src/masstree/kpermuter.hh,size,96,100,HANDWRITTEN_CPP,False,CPP_UNVERIFIED,B_DIRECT_MIGRATION,ordinary C++ control/data-flow without detected boundary
src/masstree/kpermuter.hh,set_size,132,132,HANDWRITTEN_CPP,False,CPP_UNVERIFIED,B_DIRECT_MIGRATION,ordinary C++ control/data-flow without detected boundary
src/masstree/kpermuter.hh,insert_from_back,154,154,HANDWRITTEN_CPP,False,CPP_UNVERIFIED,B_DIRECT_MIGRATION,ordinary C++ control/data-flow without detected boundary
src/masstree/kpermuter.hh,insert_selected,170,170,HANDWRITTEN_CPP,False,CPP_UNVERIFIED,B_DIRECT_MIGRATION,ordinary C++ control/data-flow without detected boundary
src/masstree/kpermuter.hh,remove,201,201,HANDWRITTEN_CPP,False,CPP_UNVERIFIED,B_DIRECT_MIGRATION,ordinary C++ control/data-flow without detected boundary
src/masstree/kpermuter.hh,remove_to_back,235,235,HANDWRITTEN_CPP,False,CPP_UNVERIFIED,B_DIRECT_MIGRATION,ordinary C++ control/data-flow without detected boundary
src/masstree/kpermuter.hh,rotate,262,262,HANDWRITTEN_CPP,False,CPP_UNVERIFIED,B_DIRECT_MIGRATION,ordinary C++ control/data-flow without detected boundary
src/masstree/kpermuter.hh,exchange,272,272,HANDWRITTEN_CPP,False,CPP_UNVERIFIED,B_DIRECT_MIGRATION,ordinary C++ control/data-flow without detected boundary
src/masstree/kpermuter.hh,exchange_values,278,278,HANDWRITTEN_CPP,False,CPP_UNVERIFIED,B_DIRECT_MIGRATION,ordinary C++ control/data-flow without detected boundary
src/masstree/kpermuter.hh,size,300,300,HANDWRITTEN_CPP,False,CPP_UNVERIFIED,B_DIRECT_MIGRATION,ordinary C++ control/data-flow without detected boundary
src/masstree/kpermuter.hh,permutation,345,345,HANDWRITTEN_CPP,False,CPP_UNVERIFIED,B_DIRECT_MIGRATION,ordinary C++ control/data-flow without detected boundary
src/masstree/kpermuter.hh,permutation,352,352,HANDWRITTEN_CPP,False,CPP_UNVERIFIED,B_DIRECT_MIGRATION,ordinary C++ control/data-flow without detected boundary
src/masstree/ksearch.hh,operator,27,27,HANDWRITTEN_CPP,False,CPP_UNVERIFIED,B_DIRECT_MIGRATION,ordinary C++ control/data-flow without detected boundary
src/masstree/ksearch.hh,key_indexed_position,36,36,HANDWRITTEN_CPP,False,CPP_UNVERIFIED,B_DIRECT_MIGRATION,ordinary C++ control/data-flow without detected boundary
src/masstree/ksearch.hh,key_indexed_position,39,40,HANDWRITTEN_CPP,False,CPP_UNVERIFIED,B_DIRECT_MIGRATION,ordinary C++ control/data-flow without detected boundary
src/masstree/ksearch.hh,key_upper_bound_by,47,48,HANDWRITTEN_CPP,False,CPP_UNVERIFIED,B_DIRECT_MIGRATION,ordinary C++ control/data-flow without detected boundary
src/masstree/ksearch.hh,key_upper_bound,67,68,HANDWRITTEN_CPP,False,CPP_UNVERIFIED,B_DIRECT_MIGRATION,ordinary C++ control/data-flow without detected boundary
src/masstree/ksearch.hh,key_lower_bound_by,74,75,HANDWRITTEN_CPP,False,CPP_UNVERIFIED,B_DIRECT_MIGRATION,ordinary C++ control/data-flow without detected boundary
src/masstree/ksearch.hh,key_lower_bound,94,95,HANDWRITTEN_CPP,False,CPP_UNVERIFIED,B_DIRECT_MIGRATION,ordinary C++ control/data-flow without detected boundary
src/masstree/ksearch.hh,key_find_upper_bound_by,102,103,HANDWRITTEN_CPP,False,CPP_UNVERIFIED,B_DIRECT_MIGRATION,ordinary C++ control/data-flow without detected boundary
src/masstree/ksearch.hh,key_find_lower_bound_by,119,120,HANDWRITTEN_CPP,False,CPP_UNVERIFIED,B_DIRECT_MIGRATION,ordinary C++ control/data-flow without detected boundary
src/masstree/ksearch.hh,upper,141,141,HANDWRITTEN_CPP,False,CPP_UNVERIFIED,B_DIRECT_MIGRATION,ordinary C++ control/data-flow without detected boundary
src/masstree/ksearch.hh,lower,146,146,HANDWRITTEN_CPP,False,CPP_UNVERIFIED,B_DIRECT_MIGRATION,ordinary C++ control/data-flow without detected boundary
src/masstree/ksearch.hh,lower_by,151,151,HANDWRITTEN_CPP,False,CPP_UNVERIFIED,B_DIRECT_MIGRATION,ordinary C++ control/data-flow without detected boundary
src/masstree/ksearch.hh,upper,160,160,HANDWRITTEN_CPP,False,CPP_UNVERIFIED,B_DIRECT_MIGRATION,ordinary C++ control/data-flow without detected boundary
src/masstree/ksearch.hh,lower,165,165,HANDWRITTEN_CPP,False,CPP_UNVERIFIED,B_DIRECT_MIGRATION,ordinary C++ control/data-flow without detected boundary
src/masstree/ksearch.hh,lower_by,170,170,HANDWRITTEN_CPP,False,CPP_UNVERIFIED,B_DIRECT_MIGRATION,ordinary C++ control/data-flow without detected boundary
src/masstree/kvio.cc,kvout_reset,64,64,HANDWRITTEN_CPP,False,CPP_UNVERIFIED,B_DIRECT_MIGRATION,ordinary C++ control/data-flow without detected boundary
src/masstree/kvio.cc,free_kvout,70,70,HANDWRITTEN_CPP,False,CPP_UNVERIFIED,B_DIRECT_MIGRATION,ordinary C++ control/data-flow without detected boundary
src/masstree/kvio.cc,kvflush,78,78,HANDWRITTEN_CPP,False,CPP_UNVERIFIED,D_BOUNDARY,external/runtime/raw-pointer boundary
src/masstree/kvio.cc,kvwrite,109,109,HANDWRITTEN_CPP,False,CPP_UNVERIFIED,D_BOUNDARY,external/runtime/raw-pointer boundary
src/masstree/kvproto.hh,row_is_marker,57,58,HANDWRITTEN_CPP,False,CPP_UNVERIFIED,B_DIRECT_MIGRATION,ordinary C++ control/data-flow without detected boundary
src/masstree/kvrandom.hh,seed_,31,31,HANDWRITTEN_CPP,False,CPP_UNVERIFIED,B_DIRECT_MIGRATION,ordinary C++ control/data-flow without detected boundary
src/masstree/kvrandom.hh,kvrandom_lcg_nr_simple,33,34,HANDWRITTEN_CPP,False,CPP_UNVERIFIED,B_DIRECT_MIGRATION,ordinary C++ control/data-flow without detected boundary
src/masstree/kvrandom.hh,reset,36,36,HANDWRITTEN_CPP,False,CPP_UNVERIFIED,B_DIRECT_MIGRATION,ordinary C++ control/data-flow without detected boundary
src/masstree/kvrandom.hh,next,39,39,HANDWRITTEN_CPP,False,CPP_UNVERIFIED,B_DIRECT_MIGRATION,ordinary C++ control/data-flow without detected boundary
src/masstree/kvrandom.hh,next,53,53,HANDWRITTEN_CPP,False,CPP_UNVERIFIED,B_DIRECT_MIGRATION,ordinary C++ control/data-flow without detected boundary
src/masstree/kvrandom.hh,kvrandom_psdes_nr,68,68,HANDWRITTEN_CPP,False,CPP_UNVERIFIED,B_DIRECT_MIGRATION,ordinary C++ control/data-flow without detected boundary
src/masstree/kvrandom.hh,reset,72,72,HANDWRITTEN_CPP,False,CPP_UNVERIFIED,B_DIRECT_MIGRATION,ordinary C++ control/data-flow without detected boundary
src/masstree/kvrandom.hh,next,77,77,HANDWRITTEN_CPP,False,CPP_UNVERIFIED,B_DIRECT_MIGRATION,ordinary C++ control/data-flow without detected boundary
src/masstree/kvrandom.hh,reset,97,97,HANDWRITTEN_CPP,False,CPP_UNVERIFIED,B_DIRECT_MIGRATION,ordinary C++ control/data-flow without detected boundary
src/masstree/kvrow.hh,snapshot,46,46,HANDWRITTEN_CPP,False,CPP_UNVERIFIED,B_DIRECT_MIGRATION,ordinary C++ control/data-flow without detected boundary
src/masstree/kvrow.hh,if,120,120,HANDWRITTEN_CPP,False,CPP_UNVERIFIED,B_DIRECT_MIGRATION,ordinary C++ control/data-flow without detected boundary
src/masstree/kvrow.hh,query_json_scanner,283,285,HANDWRITTEN_CPP,False,CPP_UNVERIFIED,B_DIRECT_MIGRATION,ordinary C++ control/data-flow without detected boundary
src/masstree/kvrow.hh,visit_leaf,294,294,HANDWRITTEN_CPP,False,CPP_UNVERIFIED,B_DIRECT_MIGRATION,ordinary C++ control/data-flow without detected boundary
src/masstree/kvrow.hh,visit_value,296,296,HANDWRITTEN_CPP,False,CPP_UNVERIFIED,B_DIRECT_MIGRATION,ordinary C++ control/data-flow without detected boundary
src/masstree/kvstats.hh,min,28,28,HANDWRITTEN_CPP,False,CPP_UNVERIFIED,B_DIRECT_MIGRATION,ordinary C++ control/data-flow without detected boundary
src/masstree/kvstats.hh,add,30,30,HANDWRITTEN_CPP,False,CPP_UNVERIFIED,B_DIRECT_MIGRATION,ordinary C++ control/data-flow without detected boundary
src/masstree/kvstats.hh,avg,50,50,HANDWRITTEN_CPP,False,CPP_UNVERIFIED,B_DIRECT_MIGRATION,ordinary C++ control/data-flow without detected boundary
src/masstree/kvtest.hh,kvtest_set_time,43,45,HANDWRITTEN_CPP,False,CPP_UNVERIFIED,B_DIRECT_MIGRATION,ordinary C++ control/data-flow without detected boundary
src/masstree/kvtest.hh,kvtest_sync_rw1_seed,52,54,HANDWRITTEN_CPP,False,CPP_UNVERIFIED,B_DIRECT_MIGRATION,ordinary C++ control/data-flow without detected boundary
src/masstree/kvtest.hh,kvtest_sync_rw1,89,92,HANDWRITTEN_CPP,False,CPP_UNVERIFIED,B_DIRECT_MIGRATION,ordinary C++ control/data-flow without detected boundary
src/masstree/kvtest.hh,kvtest_rw1puts_seed,95,97,HANDWRITTEN_CPP,False,CPP_UNVERIFIED,B_DIRECT_MIGRATION,ordinary C++ control/data-flow without detected boundary
src/masstree/kvtest.hh,kvtest_rw1_seed,117,119,HANDWRITTEN_CPP,False,CPP_UNVERIFIED,B_DIRECT_MIGRATION,ordinary C++ control/data-flow without detected boundary
src/masstree/kvtest.hh,kvtest_rw1puts,157,160,HANDWRITTEN_CPP,False,CPP_UNVERIFIED,B_DIRECT_MIGRATION,ordinary C++ control/data-flow without detected boundary
src/masstree/kvtest.hh,kvtest_rw1,163,166,HANDWRITTEN_CPP,False,CPP_UNVERIFIED,B_DIRECT_MIGRATION,ordinary C++ control/data-flow without detected boundary
src/masstree/kvtest.hh,kvtest_rw1long_seed,174,176,HANDWRITTEN_CPP,False,CPP_UNVERIFIED,D_BOUNDARY,external/runtime/raw-pointer boundary
src/masstree/kvtest.hh,kvtest_rw1long,223,226,HANDWRITTEN_CPP,False,CPP_UNVERIFIED,B_DIRECT_MIGRATION,ordinary C++ control/data-flow without detected boundary
src/masstree/kvtest.hh,kvtest_rw2_seed,231,233,HANDWRITTEN_CPP,False,CPP_UNVERIFIED,B_DIRECT_MIGRATION,ordinary C++ control/data-flow without detected boundary
src/masstree/kvtest.hh,kvtest_rw2,261,264,HANDWRITTEN_CPP,False,CPP_UNVERIFIED,B_DIRECT_MIGRATION,ordinary C++ control/data-flow without detected boundary
src/masstree/kvtest.hh,kvtest_rw2g90,267,270,HANDWRITTEN_CPP,False,CPP_UNVERIFIED,B_DIRECT_MIGRATION,ordinary C++ control/data-flow without detected boundary
src/masstree/kvtest.hh,kvtest_rw2g98,273,276,HANDWRITTEN_CPP,False,CPP_UNVERIFIED,B_DIRECT_MIGRATION,ordinary C++ control/data-flow without detected boundary
src/masstree/kvtest.hh,kvtest_rw2fixed_seed,281,283,HANDWRITTEN_CPP,False,CPP_UNVERIFIED,B_DIRECT_MIGRATION,ordinary C++ control/data-flow without detected boundary
src/masstree/kvtest.hh,kvtest_rw2fixed,313,316,HANDWRITTEN_CPP,False,CPP_UNVERIFIED,B_DIRECT_MIGRATION,ordinary C++ control/data-flow without detected boundary
src/masstree/kvtest.hh,kvtest_rw2fixedg90,319,322,HANDWRITTEN_CPP,False,CPP_UNVERIFIED,B_DIRECT_MIGRATION,ordinary C++ control/data-flow without detected boundary
src/masstree/kvtest.hh,kvtest_rw2fixedg98,325,328,HANDWRITTEN_CPP,False,CPP_UNVERIFIED,B_DIRECT_MIGRATION,ordinary C++ control/data-flow without detected boundary
src/masstree/kvtest.hh,kvtest_rw3,335,337,HANDWRITTEN_CPP,False,CPP_UNVERIFIED,B_DIRECT_MIGRATION,ordinary C++ control/data-flow without detected boundary
src/masstree/kvtest.hh,kvtest_rw4,364,366,HANDWRITTEN_CPP,False,CPP_UNVERIFIED,B_DIRECT_MIGRATION,ordinary C++ control/data-flow without detected boundary
src/masstree/kvtest.hh,kvtest_rw4fixed,395,397,HANDWRITTEN_CPP,False,CPP_UNVERIFIED,B_DIRECT_MIGRATION,ordinary C++ control/data-flow without detected boundary
src/masstree/kvtest.hh,kvtest_same_seed,425,427,HANDWRITTEN_CPP,False,CPP_UNVERIFIED,B_DIRECT_MIGRATION,ordinary C++ control/data-flow without detected boundary
src/masstree/kvtest.hh,kvtest_same,443,446,HANDWRITTEN_CPP,False,CPP_UNVERIFIED,B_DIRECT_MIGRATION,ordinary C++ control/data-flow without detected boundary
src/masstree/kvtest.hh,kvtest_rwsmall_seed,451,453,HANDWRITTEN_CPP,False,CPP_UNVERIFIED,B_DIRECT_MIGRATION,ordinary C++ control/data-flow without detected boundary
src/masstree/kvtest.hh,kvtest_rwsmall24,472,475,HANDWRITTEN_CPP,False,CPP_UNVERIFIED,B_DIRECT_MIGRATION,ordinary C++ control/data-flow without detected boundary
src/masstree/kvtest.hh,kvtest_rwsep_seed,481,483,HANDWRITTEN_CPP,False,CPP_UNVERIFIED,B_DIRECT_MIGRATION,ordinary C++ control/data-flow without detected boundary
src/masstree/kvtest.hh,kvtest_rwsep24,505,508,HANDWRITTEN_CPP,False,CPP_UNVERIFIED,B_DIRECT_MIGRATION,ordinary C++ control/data-flow without detected boundary
src/masstree/kvtest.hh,kvtest_rw1fixed_seed,513,515,HANDWRITTEN_CPP,False,CPP_UNVERIFIED,B_DIRECT_MIGRATION,ordinary C++ control/data-flow without detected boundary
src/masstree/kvtest.hh,kvtest_rw1fixed,565,568,HANDWRITTEN_CPP,False,CPP_UNVERIFIED,B_DIRECT_MIGRATION,ordinary C++ control/data-flow without detected boundary
src/masstree/kvtest.hh,kvtest_rw16_seed,573,575,HANDWRITTEN_CPP,False,CPP_UNVERIFIED,B_DIRECT_MIGRATION,ordinary C++ control/data-flow without detected boundary
src/masstree/kvtest.hh,kvtest_rw16,617,620,HANDWRITTEN_CPP,False,CPP_UNVERIFIED,B_DIRECT_MIGRATION,ordinary C++ control/data-flow without detected boundary
src/masstree/kvtest.hh,kvtest_wd1,626,628,HANDWRITTEN_CPP,False,CPP_UNVERIFIED,B_DIRECT_MIGRATION,ordinary C++ control/data-flow without detected boundary
src/masstree/kvtest.hh,kvtest_wd1_check,662,665,HANDWRITTEN_CPP,False,CPP_UNVERIFIED,B_DIRECT_MIGRATION,ordinary C++ control/data-flow without detected boundary
src/masstree/kvtest.hh,kvtest_wd2,718,721,HANDWRITTEN_CPP,False,CPP_UNVERIFIED,B_DIRECT_MIGRATION,ordinary C++ control/data-flow without detected boundary
src/masstree/kvtest.hh,kvtest_wd2_check,788,791,HANDWRITTEN_CPP,False,CPP_UNVERIFIED,B_DIRECT_MIGRATION,ordinary C++ control/data-flow without detected boundary
src/masstree/kvtest.hh,kvtest_tri1,821,823,HANDWRITTEN_CPP,False,CPP_UNVERIFIED,B_DIRECT_MIGRATION,ordinary C++ control/data-flow without detected boundary
src/masstree/kvtest.hh,kvtest_tri1_check,839,842,HANDWRITTEN_CPP,False,CPP_UNVERIFIED,B_DIRECT_MIGRATION,ordinary C++ control/data-flow without detected boundary
src/masstree/kvtest.hh,kvtest_palma,863,865,HANDWRITTEN_CPP,False,CPP_UNVERIFIED,B_DIRECT_MIGRATION,ordinary C++ control/data-flow without detected boundary
src/masstree/kvtest.hh,compare_int,877,879,HANDWRITTEN_CPP,False,CPP_UNVERIFIED,B_DIRECT_MIGRATION,ordinary C++ control/data-flow without detected boundary
src/masstree/kvtest.hh,kvtest_palmb_seed,882,885,HANDWRITTEN_CPP,False,CPP_UNVERIFIED,B_DIRECT_MIGRATION,ordinary C++ control/data-flow without detected boundary
src/masstree/kvtest.hh,kvtest_palmb,914,917,HANDWRITTEN_CPP,False,CPP_UNVERIFIED,B_DIRECT_MIGRATION,ordinary C++ control/data-flow without detected boundary
src/masstree/kvtest.hh,kvtest_ycsbk_seed,920,923,HANDWRITTEN_CPP,False,CPP_UNVERIFIED,B_DIRECT_MIGRATION,ordinary C++ control/data-flow without detected boundary
src/masstree/kvtest.hh,kvtest_ycsbk,965,968,HANDWRITTEN_CPP,False,CPP_UNVERIFIED,B_DIRECT_MIGRATION,ordinary C++ control/data-flow without detected boundary
src/masstree/kvtest.hh,kvtest_bdb,971,975,HANDWRITTEN_CPP,False,CPP_UNVERIFIED,B_DIRECT_MIGRATION,ordinary C++ control/data-flow without detected boundary
src/masstree/kvtest.hh,kvtest_long_init,1007,1011,HANDWRITTEN_CPP,False,CPP_UNVERIFIED,D_BOUNDARY,external/runtime/raw-pointer boundary
src/masstree/kvtest.hh,kvtest_long_go,1041,1045,HANDWRITTEN_CPP,False,CPP_UNVERIFIED,D_BOUNDARY,external/runtime/raw-pointer boundary
src/masstree/kvtest.hh,kvtest_wscale,1081,1085,HANDWRITTEN_CPP,False,CPP_UNVERIFIED,B_DIRECT_MIGRATION,ordinary C++ control/data-flow without detected boundary
src/masstree/kvtest.hh,kvtest_ruscale_init,1099,1103,HANDWRITTEN_CPP,False,CPP_UNVERIFIED,B_DIRECT_MIGRATION,ordinary C++ control/data-flow without detected boundary
src/masstree/kvtest.hh,kvtest_rscale,1126,1130,HANDWRITTEN_CPP,False,CPP_UNVERIFIED,B_DIRECT_MIGRATION,ordinary C++ control/data-flow without detected boundary
src/masstree/kvtest.hh,kvtest_uscale,1145,1149,HANDWRITTEN_CPP,False,CPP_UNVERIFIED,B_DIRECT_MIGRATION,ordinary C++ control/data-flow without detected boundary
src/masstree/kvtest.hh,kvtest_udp1_seed,1164,1167,HANDWRITTEN_CPP,False,CPP_UNVERIFIED,B_DIRECT_MIGRATION,ordinary C++ control/data-flow without detected boundary
src/masstree/kvtest.hh,kvtest_udp1,1200,1203,HANDWRITTEN_CPP,False,CPP_UNVERIFIED,B_DIRECT_MIGRATION,ordinary C++ control/data-flow without detected boundary
src/masstree/kvtest.hh,kvtest_w1_seed,1210,1212,HANDWRITTEN_CPP,False,CPP_UNVERIFIED,B_DIRECT_MIGRATION,ordinary C++ control/data-flow without detected boundary
src/masstree/kvtest.hh,kvtest_r1_seed,1238,1240,HANDWRITTEN_CPP,False,CPP_UNVERIFIED,B_DIRECT_MIGRATION,ordinary C++ control/data-flow without detected boundary
src/masstree/kvtest.hh,kvtest_wcol1at,1274,1276,HANDWRITTEN_CPP,False,CPP_UNVERIFIED,B_DIRECT_MIGRATION,ordinary C++ control/data-flow without detected boundary
src/masstree/kvtest.hh,kvtest_rcol1at,1302,1304,HANDWRITTEN_CPP,False,CPP_UNVERIFIED,B_DIRECT_MIGRATION,ordinary C++ control/data-flow without detected boundary
src/masstree/kvtest.hh,kvtest_scan1,1336,1338,HANDWRITTEN_CPP,False,CPP_UNVERIFIED,B_DIRECT_MIGRATION,ordinary C++ control/data-flow without detected boundary
src/masstree/kvtest.hh,kvtest_rscan1,1414,1416,HANDWRITTEN_CPP,False,CPP_UNVERIFIED,B_DIRECT_MIGRATION,ordinary C++ control/data-flow without detected boundary
src/masstree/kvtest.hh,kvtest_splitremove1,1497,1499,HANDWRITTEN_CPP,False,CPP_UNVERIFIED,B_DIRECT_MIGRATION,ordinary C++ control/data-flow without detected boundary
src/masstree/kvtest.hh,kvtest_url_seed,1577,1580,HANDWRITTEN_CPP,False,CPP_UNVERIFIED,B_DIRECT_MIGRATION,ordinary C++ control/data-flow without detected boundary
src/masstree/kvtest.hh,kvtest_url,1627,1630,HANDWRITTEN_CPP,False,CPP_UNVERIFIED,B_DIRECT_MIGRATION,ordinary C++ control/data-flow without detected boundary
src/masstree/kvthread.cc,if,85,85,HANDWRITTEN_CPP,False,CPP_UNVERIFIED,D_BOUNDARY,external/runtime/raw-pointer boundary
src/masstree/kvthread.cc,read_superpage_size,177,177,HANDWRITTEN_CPP,False,CPP_UNVERIFIED,B_DIRECT_MIGRATION,ordinary C++ control/data-flow without detected boundary
src/masstree/kvthread.cc,initialize_pool,197,197,HANDWRITTEN_CPP,False,CPP_UNVERIFIED,D_BOUNDARY,external/runtime/raw-pointer boundary
src/masstree/kvthread.hh,head_,58,58,HANDWRITTEN_CPP,False,CPP_UNVERIFIED,B_DIRECT_MIGRATION,ordinary C++ control/data-flow without detected boundary
src/masstree/kvthread.hh,push_back,60,60,HANDWRITTEN_CPP,False,CPP_UNVERIFIED,B_DIRECT_MIGRATION,ordinary C++ control/data-flow without detected boundary
src/masstree/kvthread.hh,test,70,70,HANDWRITTEN_CPP,False,CPP_UNVERIFIED,B_DIRECT_MIGRATION,ordinary C++ control/data-flow without detected boundary
src/masstree/kvthread.hh,test,75,75,HANDWRITTEN_CPP,False,CPP_UNVERIFIED,B_DIRECT_MIGRATION,ordinary C++ control/data-flow without detected boundary
src/masstree/kvthread.hh,~mrcu_callback,81,81,HANDWRITTEN_CPP,False,CPP_UNVERIFIED,B_DIRECT_MIGRATION,ordinary C++ control/data-flow without detected boundary
src/masstree/kvthread.hh,set_next,99,99,HANDWRITTEN_CPP,False,CPP_UNVERIFIED,B_DIRECT_MIGRATION,ordinary C++ control/data-flow without detected boundary
src/masstree/kvthread.hh,set_logger,125,125,HANDWRITTEN_CPP,False,CPP_UNVERIFIED,B_DIRECT_MIGRATION,ordinary C++ control/data-flow without detected boundary
src/masstree/kvthread.hh,observe_phantoms,147,147,HANDWRITTEN_CPP,False,CPP_UNVERIFIED,B_DIRECT_MIGRATION,ordinary C++ control/data-flow without detected boundary
src/masstree/kvthread.hh,mark,154,154,HANDWRITTEN_CPP,False,CPP_UNVERIFIED,B_DIRECT_MIGRATION,ordinary C++ control/data-flow without detected boundary
src/masstree/kvthread.hh,mark,159,159,HANDWRITTEN_CPP,False,CPP_UNVERIFIED,B_DIRECT_MIGRATION,ordinary C++ control/data-flow without detected boundary
src/masstree/kvthread.hh,ti_,176,176,HANDWRITTEN_CPP,False,CPP_UNVERIFIED,B_DIRECT_MIGRATION,ordinary C++ control/data-flow without detected boundary
src/masstree/kvthread.hh,operator,178,178,HANDWRITTEN_CPP,False,CPP_UNVERIFIED,B_DIRECT_MIGRATION,ordinary C++ control/data-flow without detected boundary
src/masstree/kvthread.hh,accounting_relax_fence,187,187,HANDWRITTEN_CPP,False,CPP_UNVERIFIED,B_DIRECT_MIGRATION,ordinary C++ control/data-flow without detected boundary
src/masstree/kvthread.hh,ti_,194,194,HANDWRITTEN_CPP,False,CPP_UNVERIFIED,B_DIRECT_MIGRATION,ordinary C++ control/data-flow without detected boundary
src/masstree/kvthread.hh,operator,196,197,HANDWRITTEN_CPP,False,CPP_UNVERIFIED,B_DIRECT_MIGRATION,ordinary C++ control/data-flow without detected boundary
src/masstree/kvthread.hh,stable_fence,206,206,HANDWRITTEN_CPP,False,CPP_UNVERIFIED,B_DIRECT_MIGRATION,ordinary C++ control/data-flow without detected boundary
src/masstree/kvthread.hh,lock_fence,209,210,HANDWRITTEN_CPP,False,CPP_UNVERIFIED,B_DIRECT_MIGRATION,ordinary C++ control/data-flow without detected boundary
src/masstree/kvthread.hh,deallocate,227,227,HANDWRITTEN_CPP,False,CPP_UNVERIFIED,B_DIRECT_MIGRATION,ordinary C++ control/data-flow without detected boundary
src/masstree/kvthread.hh,deallocate_rcu,235,235,HANDWRITTEN_CPP,False,CPP_UNVERIFIED,B_DIRECT_MIGRATION,ordinary C++ control/data-flow without detected boundary
src/masstree/kvthread.hh,pool_deallocate,261,261,HANDWRITTEN_CPP,False,CPP_UNVERIFIED,D_BOUNDARY,external/runtime/raw-pointer boundary
src/masstree/kvthread.hh,pool_deallocate_rcu,274,274,HANDWRITTEN_CPP,False,CPP_UNVERIFIED,B_DIRECT_MIGRATION,ordinary C++ control/data-flow without detected boundary
src/masstree/kvthread.hh,rcu_start,285,285,HANDWRITTEN_CPP,False,CPP_UNVERIFIED,B_DIRECT_MIGRATION,ordinary C++ control/data-flow without detected boundary
src/masstree/kvthread.hh,rcu_stop,291,291,HANDWRITTEN_CPP,False,CPP_UNVERIFIED,B_DIRECT_MIGRATION,ordinary C++ control/data-flow without detected boundary
src/masstree/kvthread.hh,rcu_quiesce,297,297,HANDWRITTEN_CPP,False,CPP_UNVERIFIED,B_DIRECT_MIGRATION,ordinary C++ control/data-flow without detected boundary
src/masstree/kvthread.hh,rcu_register,304,304,HANDWRITTEN_CPP,False,CPP_UNVERIFIED,B_DIRECT_MIGRATION,ordinary C++ control/data-flow without detected boundary
src/masstree/kvthread.hh,free_rcu,356,356,HANDWRITTEN_CPP,False,CPP_UNVERIFIED,B_DIRECT_MIGRATION,ordinary C++ control/data-flow without detected boundary
src/masstree/kvthread.hh,record_rcu,371,371,HANDWRITTEN_CPP,False,CPP_UNVERIFIED,B_DIRECT_MIGRATION,ordinary C++ control/data-flow without detected boundary
src/masstree/kvthread.hh,use_pool,382,382,HANDWRITTEN_CPP,False,CPP_UNVERIFIED,B_DIRECT_MIGRATION,ordinary C++ control/data-flow without detected boundary
src/masstree/kvthread.hh,use_pool,386,386,HANDWRITTEN_CPP,False,CPP_UNVERIFIED,B_DIRECT_MIGRATION,ordinary C++ control/data-flow without detected boundary
src/masstree/masstree_context.cc,context_id_,36,38,HANDWRITTEN_CPP,False,CPP_UNVERIFIED,B_DIRECT_MIGRATION,ordinary C++ control/data-flow without detected boundary
src/masstree/masstree_context.h,set_epoch,70,70,HANDWRITTEN_CPP,False,CPP_UNVERIFIED,B_DIRECT_MIGRATION,ordinary C++ control/data-flow without detected boundary
src/masstree/masstree_context.h,increment_epoch,75,75,HANDWRITTEN_CPP,False,CPP_UNVERIFIED,B_DIRECT_MIGRATION,ordinary C++ control/data-flow without detected boundary
src/masstree/masstree_key.hh,ikey0_,55,56,HANDWRITTEN_CPP,False,CPP_UNVERIFIED,B_DIRECT_MIGRATION,ordinary C++ control/data-flow without detected boundary
src/masstree/masstree_key.hh,ikey0_,62,63,HANDWRITTEN_CPP,False,CPP_UNVERIFIED,B_DIRECT_MIGRATION,ordinary C++ control/data-flow without detected boundary
src/masstree/masstree_key.hh,key,70,72,HANDWRITTEN_CPP,False,CPP_UNVERIFIED,B_DIRECT_MIGRATION,ordinary C++ control/data-flow without detected boundary
src/masstree/masstree_key.hh,ikey0_,79,80,HANDWRITTEN_CPP,False,CPP_UNVERIFIED,B_DIRECT_MIGRATION,ordinary C++ control/data-flow without detected boundary
src/masstree/masstree_key.hh,ikey0_,85,86,HANDWRITTEN_CPP,False,CPP_UNVERIFIED,B_DIRECT_MIGRATION,ordinary C++ control/data-flow without detected boundary
src/masstree/masstree_key.hh,shift,126,126,HANDWRITTEN_CPP,False,CPP_UNVERIFIED,B_DIRECT_MIGRATION,ordinary C++ control/data-flow without detected boundary
src/masstree/masstree_key.hh,shift_by,134,134,HANDWRITTEN_CPP,False,CPP_UNVERIFIED,B_DIRECT_MIGRATION,ordinary C++ control/data-flow without detected boundary
src/masstree/masstree_key.hh,unshift_all,146,146,HANDWRITTEN_CPP,False,CPP_UNVERIFIED,B_DIRECT_MIGRATION,ordinary C++ control/data-flow without detected boundary
src/masstree/masstree_key.hh,unparse_ikey,193,193,HANDWRITTEN_CPP,False,CPP_UNVERIFIED,B_DIRECT_MIGRATION,ordinary C++ control/data-flow without detected boundary
src/masstree/masstree_key.hh,increment,218,218,HANDWRITTEN_CPP,False,CPP_UNVERIFIED,B_DIRECT_MIGRATION,ordinary C++ control/data-flow without detected boundary
src/masstree/masstree_key.hh,assign_store_ikey,230,230,HANDWRITTEN_CPP,False,CPP_UNVERIFIED,D_BOUNDARY,external/runtime/raw-pointer boundary
src/masstree/masstree_key.hh,assign_store_suffix,235,235,HANDWRITTEN_CPP,False,CPP_UNVERIFIED,D_BOUNDARY,external/runtime/raw-pointer boundary
src/masstree/masstree_key.hh,assign_store_length,240,240,HANDWRITTEN_CPP,False,CPP_UNVERIFIED,B_DIRECT_MIGRATION,ordinary C++ control/data-flow without detected boundary
src/masstree/masstree_key.hh,unshift,244,244,HANDWRITTEN_CPP,False,CPP_UNVERIFIED,B_DIRECT_MIGRATION,ordinary C++ control/data-flow without detected boundary
src/masstree/masstree_key.hh,shift_clear,251,251,HANDWRITTEN_CPP,False,CPP_UNVERIFIED,B_DIRECT_MIGRATION,ordinary C++ control/data-flow without detected boundary
src/masstree/masstree_key.hh,shift_clear_reverse,257,257,HANDWRITTEN_CPP,False,CPP_UNVERIFIED,B_DIRECT_MIGRATION,ordinary C++ control/data-flow without detected boundary
src/masstree/masstree_print.hh,print,29,32,HANDWRITTEN_CPP,False,CPP_UNVERIFIED,B_DIRECT_MIGRATION,ordinary C++ control/data-flow without detected boundary
src/masstree/masstree_print.hh,print,39,42,HANDWRITTEN_CPP,False,CPP_UNVERIFIED,B_DIRECT_MIGRATION,ordinary C++ control/data-flow without detected boundary
src/masstree/masstree_print.hh,if,109,109,HANDWRITTEN_CPP,False,CPP_UNVERIFIED,B_DIRECT_MIGRATION,ordinary C++ control/data-flow without detected boundary
src/masstree/masstree_remove.hh,root_,115,115,HANDWRITTEN_CPP,False,CPP_UNVERIFIED,D_BOUNDARY,external/runtime/raw-pointer boundary
src/masstree/masstree_remove.hh,root_,302,302,HANDWRITTEN_CPP,False,CPP_UNVERIFIED,B_DIRECT_MIGRATION,ordinary C++ control/data-flow without detected boundary
src/masstree/masstree_scan.hh,operator,56,56,HANDWRITTEN_CPP,False,CPP_UNVERIFIED,B_DIRECT_MIGRATION,ordinary C++ control/data-flow without detected boundary
src/masstree/masstree_scan.hh,upper_bound_,138,138,HANDWRITTEN_CPP,False,CPP_UNVERIFIED,B_DIRECT_MIGRATION,ordinary C++ control/data-flow without detected boundary
src/masstree/masstree_scan.hh,if,288,288,HANDWRITTEN_CPP,False,CPP_UNVERIFIED,B_DIRECT_MIGRATION,ordinary C++ control/data-flow without detected boundary
src/masstree/masstree_struct.hh,nodeversion_type,61,61,HANDWRITTEN_CPP,False,CPP_UNVERIFIED,B_DIRECT_MIGRATION,ordinary C++ control/data-flow without detected boundary
src/masstree/masstree_struct.hh,set_parent,83,83,HANDWRITTEN_CPP,False,CPP_UNVERIFIED,B_DIRECT_MIGRATION,ordinary C++ control/data-flow without detected boundary
src/masstree/masstree_struct.hh,make_layer_root,90,90,HANDWRITTEN_CPP,False,CPP_UNVERIFIED,B_DIRECT_MIGRATION,ordinary C++ control/data-flow without detected boundary
src/masstree/masstree_struct.hh,deallocate,178,178,HANDWRITTEN_CPP,False,CPP_UNVERIFIED,B_DIRECT_MIGRATION,ordinary C++ control/data-flow without detected boundary
src/masstree/masstree_struct.hh,deallocate_rcu,182,182,HANDWRITTEN_CPP,False,CPP_UNVERIFIED,B_DIRECT_MIGRATION,ordinary C++ control/data-flow without detected boundary
src/masstree/masstree_struct.hh,assign,188,188,HANDWRITTEN_CPP,False,CPP_UNVERIFIED,B_DIRECT_MIGRATION,ordinary C++ control/data-flow without detected boundary
src/masstree/masstree_struct.hh,shift_from,195,195,HANDWRITTEN_CPP,False,CPP_UNVERIFIED,D_BOUNDARY,external/runtime/raw-pointer boundary
src/masstree/masstree_struct.hh,shift_up,203,203,HANDWRITTEN_CPP,False,CPP_UNVERIFIED,B_DIRECT_MIGRATION,ordinary C++ control/data-flow without detected boundary
src/masstree/masstree_struct.hh,shift_down,209,209,HANDWRITTEN_CPP,False,CPP_UNVERIFIED,B_DIRECT_MIGRATION,ordinary C++ control/data-flow without detected boundary
src/masstree/masstree_struct.hh,make_empty,241,241,HANDWRITTEN_CPP,False,CPP_UNVERIFIED,B_DIRECT_MIGRATION,ordinary C++ control/data-flow without detected boundary
src/masstree/masstree_struct.hh,min_allocated_size,354,354,HANDWRITTEN_CPP,False,CPP_UNVERIFIED,B_DIRECT_MIGRATION,ordinary C++ control/data-flow without detected boundary
src/masstree/masstree_struct.hh,keylenx_is_layer,425,425,HANDWRITTEN_CPP,False,CPP_UNVERIFIED,B_DIRECT_MIGRATION,ordinary C++ control/data-flow without detected boundary
src/masstree/masstree_struct.hh,keylenx_has_ksuf,429,429,HANDWRITTEN_CPP,False,CPP_UNVERIFIED,B_DIRECT_MIGRATION,ordinary C++ control/data-flow without detected boundary
src/masstree/masstree_struct.hh,if,535,535,HANDWRITTEN_CPP,False,CPP_UNVERIFIED,D_BOUNDARY,external/runtime/raw-pointer boundary
src/masstree/masstree_struct.hh,deallocate,549,549,HANDWRITTEN_CPP,False,CPP_UNVERIFIED,B_DIRECT_MIGRATION,ordinary C++ control/data-flow without detected boundary
src/masstree/masstree_struct.hh,deallocate_rcu,558,558,HANDWRITTEN_CPP,False,CPP_UNVERIFIED,B_DIRECT_MIGRATION,ordinary C++ control/data-flow without detected boundary
src/masstree/masstree_struct.hh,mark_deleted_layer,567,567,HANDWRITTEN_CPP,False,CPP_UNVERIFIED,B_DIRECT_MIGRATION,ordinary C++ control/data-flow without detected boundary
src/masstree/masstree_struct.hh,assign,572,572,HANDWRITTEN_CPP,False,CPP_UNVERIFIED,B_DIRECT_MIGRATION,ordinary C++ control/data-flow without detected boundary
src/masstree/masstree_struct.hh,assign_initialize,583,583,HANDWRITTEN_CPP,False,CPP_UNVERIFIED,B_DIRECT_MIGRATION,ordinary C++ control/data-flow without detected boundary
src/masstree/masstree_struct.hh,assign_initialize,594,594,HANDWRITTEN_CPP,False,CPP_UNVERIFIED,B_DIRECT_MIGRATION,ordinary C++ control/data-flow without detected boundary
src/masstree/masstree_struct.hh,assign_initialize_for_layer,602,602,HANDWRITTEN_CPP,False,CPP_UNVERIFIED,B_DIRECT_MIGRATION,ordinary C++ control/data-flow without detected boundary
src/masstree/masstree_struct.hh,root_,838,838,HANDWRITTEN_CPP,False,CPP_UNVERIFIED,B_DIRECT_MIGRATION,ordinary C++ control/data-flow without detected boundary
src/masstree/masstree_struct.hh,root_,844,844,HANDWRITTEN_CPP,False,CPP_UNVERIFIED,B_DIRECT_MIGRATION,ordinary C++ control/data-flow without detected boundary
src/masstree/masstree_tcursor.hh,unlocked_tcursor,38,41,HANDWRITTEN_CPP,False,CPP_UNVERIFIED,B_DIRECT_MIGRATION,ordinary C++ control/data-flow without detected boundary
src/masstree/masstree_tcursor.hh,unlocked_tcursor,43,45,HANDWRITTEN_CPP,False,CPP_UNVERIFIED,B_DIRECT_MIGRATION,ordinary C++ control/data-flow without detected boundary
src/masstree/masstree_tcursor.hh,unlocked_tcursor,47,50,HANDWRITTEN_CPP,False,CPP_UNVERIFIED,B_DIRECT_MIGRATION,ordinary C++ control/data-flow without detected boundary
src/masstree/masstree_tcursor.hh,unlocked_tcursor,52,55,HANDWRITTEN_CPP,False,CPP_UNVERIFIED,B_DIRECT_MIGRATION,ordinary C++ control/data-flow without detected boundary
src/masstree/masstree_tcursor.hh,unlocked_tcursor,57,60,HANDWRITTEN_CPP,False,CPP_UNVERIFIED,B_DIRECT_MIGRATION,ordinary C++ control/data-flow without detected boundary
src/masstree/masstree_tcursor.hh,unlocked_tcursor,62,65,HANDWRITTEN_CPP,False,CPP_UNVERIFIED,B_DIRECT_MIGRATION,ordinary C++ control/data-flow without detected boundary
src/masstree/masstree_tcursor.hh,ka_,118,118,HANDWRITTEN_CPP,False,CPP_UNVERIFIED,B_DIRECT_MIGRATION,ordinary C++ control/data-flow without detected boundary
src/masstree/masstree_tcursor.hh,ka_,121,121,HANDWRITTEN_CPP,False,CPP_UNVERIFIED,B_DIRECT_MIGRATION,ordinary C++ control/data-flow without detected boundary
src/masstree/masstree_tcursor.hh,ka_,124,124,HANDWRITTEN_CPP,False,CPP_UNVERIFIED,B_DIRECT_MIGRATION,ordinary C++ control/data-flow without detected boundary
src/masstree/masstree_tcursor.hh,ka_,127,127,HANDWRITTEN_CPP,False,CPP_UNVERIFIED,B_DIRECT_MIGRATION,ordinary C++ control/data-flow without detected boundary
src/masstree/masstree_tcursor.hh,ka_,130,130,HANDWRITTEN_CPP,False,CPP_UNVERIFIED,B_DIRECT_MIGRATION,ordinary C++ control/data-flow without detected boundary
src/masstree/masstree_tcursor.hh,reset_retry,191,191,HANDWRITTEN_CPP,False,CPP_UNVERIFIED,B_DIRECT_MIGRATION,ordinary C++ control/data-flow without detected boundary
src/masstree/memdebug.hh,free_checks,53,55,HANDWRITTEN_CPP,False,CPP_UNVERIFIED,B_DIRECT_MIGRATION,ordinary C++ control/data-flow without detected boundary
src/masstree/misc.cc,clp_parse_suffixdouble,29,31,HANDWRITTEN_CPP,False,CPP_UNVERIFIED,D_BOUNDARY,external/runtime/raw-pointer boundary
src/masstree/misc.hh,xalarm,32,32,HANDWRITTEN_CPP,False,CPP_UNVERIFIED,B_DIRECT_MIGRATION,ordinary C++ control/data-flow without detected boundary
src/masstree/misc.hh,set,65,65,HANDWRITTEN_CPP,False,CPP_UNVERIFIED,B_DIRECT_MIGRATION,ordinary C++ control/data-flow without detected boundary
src/masstree/msgpack.cc,if,97,98,HANDWRITTEN_CPP,False,CPP_UNVERIFIED,B_DIRECT_MIGRATION,ordinary C++ control/data-flow without detected boundary
src/masstree/msgpack.cc,if,180,181,HANDWRITTEN_CPP,False,CPP_UNVERIFIED,B_DIRECT_MIGRATION,ordinary C++ control/data-flow without detected boundary
src/masstree/msgpack.hh,in_range,38,39,HANDWRITTEN_CPP,False,CPP_UNVERIFIED,B_DIRECT_MIGRATION,ordinary C++ control/data-flow without detected boundary
src/masstree/msgpack.hh,in_wrapped_range,42,42,HANDWRITTEN_CPP,False,CPP_UNVERIFIED,B_DIRECT_MIGRATION,ordinary C++ control/data-flow without detected boundary
src/masstree/msgpack.hh,is_fixint,45,46,HANDWRITTEN_CPP,False,CPP_UNVERIFIED,B_DIRECT_MIGRATION,ordinary C++ control/data-flow without detected boundary
src/masstree/msgpack.hh,is_null_or_bool,49,49,HANDWRITTEN_CPP,False,CPP_UNVERIFIED,B_DIRECT_MIGRATION,ordinary C++ control/data-flow without detected boundary
src/masstree/msgpack.hh,is_bool,52,52,HANDWRITTEN_CPP,False,CPP_UNVERIFIED,B_DIRECT_MIGRATION,ordinary C++ control/data-flow without detected boundary
src/masstree/msgpack.hh,is_fixstr,55,55,HANDWRITTEN_CPP,False,CPP_UNVERIFIED,B_DIRECT_MIGRATION,ordinary C++ control/data-flow without detected boundary
src/masstree/msgpack.hh,is_fixarray,58,58,HANDWRITTEN_CPP,False,CPP_UNVERIFIED,B_DIRECT_MIGRATION,ordinary C++ control/data-flow without detected boundary
src/masstree/msgpack.hh,is_fixmap,61,61,HANDWRITTEN_CPP,False,CPP_UNVERIFIED,B_DIRECT_MIGRATION,ordinary C++ control/data-flow without detected boundary
src/masstree/msgpack.hh,if,80,80,HANDWRITTEN_CPP,False,CPP_UNVERIFIED,B_DIRECT_MIGRATION,ordinary C++ control/data-flow without detected boundary
src/masstree/msgpack.hh,if,95,95,HANDWRITTEN_CPP,False,CPP_UNVERIFIED,B_DIRECT_MIGRATION,ordinary C++ control/data-flow without detected boundary
src/masstree/msgpack.hh,if,166,166,HANDWRITTEN_CPP,False,CPP_UNVERIFIED,B_DIRECT_MIGRATION,ordinary C++ control/data-flow without detected boundary
src/masstree/msgpack.hh,size,215,215,HANDWRITTEN_CPP,False,CPP_UNVERIFIED,B_DIRECT_MIGRATION,ordinary C++ control/data-flow without detected boundary
src/masstree/msgpack.hh,array,218,219,HANDWRITTEN_CPP,False,CPP_UNVERIFIED,B_DIRECT_MIGRATION,ordinary C++ control/data-flow without detected boundary
src/masstree/msgpack.hh,size,226,226,HANDWRITTEN_CPP,False,CPP_UNVERIFIED,B_DIRECT_MIGRATION,ordinary C++ control/data-flow without detected boundary
src/masstree/msgpack.hh,object,229,230,HANDWRITTEN_CPP,False,CPP_UNVERIFIED,B_DIRECT_MIGRATION,ordinary C++ control/data-flow without detected boundary
src/masstree/msgpack.hh,unparser,237,239,HANDWRITTEN_CPP,False,CPP_UNVERIFIED,B_DIRECT_MIGRATION,ordinary C++ control/data-flow without detected boundary
src/masstree/msgpack.hh,unparser,241,243,HANDWRITTEN_CPP,False,CPP_UNVERIFIED,B_DIRECT_MIGRATION,ordinary C++ control/data-flow without detected boundary
src/masstree/msgpack.hh,clear,246,247,HANDWRITTEN_CPP,False,CPP_UNVERIFIED,B_DIRECT_MIGRATION,ordinary C++ control/data-flow without detected boundary
src/masstree/msgpack.hh,parser,385,387,HANDWRITTEN_CPP,False,CPP_UNVERIFIED,B_DIRECT_MIGRATION,ordinary C++ control/data-flow without detected boundary
src/masstree/msgpack.hh,parser,389,390,HANDWRITTEN_CPP,False,CPP_UNVERIFIED,B_DIRECT_MIGRATION,ordinary C++ control/data-flow without detected boundary
src/masstree/msgpack.hh,parser,392,393,HANDWRITTEN_CPP,False,CPP_UNVERIFIED,B_DIRECT_MIGRATION,ordinary C++ control/data-flow without detected boundary
src/masstree/msgpack.hh,try_read_null,398,399,HANDWRITTEN_CPP,False,CPP_UNVERIFIED,B_DIRECT_MIGRATION,ordinary C++ control/data-flow without detected boundary
src/masstree/msgpack.hh,read_tiny_int,406,406,HANDWRITTEN_CPP,False,CPP_UNVERIFIED,B_DIRECT_MIGRATION,ordinary C++ control/data-flow without detected boundary
src/masstree/msgpack.hh,if,560,560,HANDWRITTEN_CPP,False,CPP_UNVERIFIED,D_BOUNDARY,external/runtime/raw-pointer boundary
src/masstree/msgpack.hh,unparse,591,591,HANDWRITTEN_CPP,False,CPP_UNVERIFIED,B_DIRECT_MIGRATION,ordinary C++ control/data-flow without detected boundary
src/masstree/msgpack.hh,state_,631,631,HANDWRITTEN_CPP,False,CPP_UNVERIFIED,B_DIRECT_MIGRATION,ordinary C++ control/data-flow without detected boundary
src/masstree/msgpack.hh,parse,686,687,HANDWRITTEN_CPP,False,CPP_UNVERIFIED,B_DIRECT_MIGRATION,ordinary C++ control/data-flow without detected boundary
src/masstree/msgpack.hh,parse,694,695,HANDWRITTEN_CPP,False,CPP_UNVERIFIED,B_DIRECT_MIGRATION,ordinary C++ control/data-flow without detected boundary
src/masstree/msgpacktest.cc,test_error,15,17,HANDWRITTEN_CPP,False,CPP_UNVERIFIED,B_DIRECT_MIGRATION,ordinary C++ control/data-flow without detected boundary
src/masstree/msgpacktest.cc,onetest,24,29,HANDWRITTEN_CPP,False,CPP_UNVERIFIED,B_DIRECT_MIGRATION,ordinary C++ control/data-flow without detected boundary
src/masstree/msgpacktest.cc,test,43,46,HANDWRITTEN_CPP,False,CPP_UNVERIFIED,D_BOUNDARY,external/runtime/raw-pointer boundary
src/masstree/msgpacktest.cc,check_correctness,68,69,HANDWRITTEN_CPP,False,CPP_UNVERIFIED,B_DIRECT_MIGRATION,ordinary C++ control/data-flow without detected boundary
src/masstree/msgpacktest.cc,__attribute__,138,139,HANDWRITTEN_CPP,False,CPP_UNVERIFIED,B_DIRECT_MIGRATION,ordinary C++ control/data-flow without detected boundary
src/masstree/msgpacktest.cc,__attribute__,142,143,HANDWRITTEN_CPP,False,CPP_UNVERIFIED,B_DIRECT_MIGRATION,ordinary C++ control/data-flow without detected boundary
src/masstree/msgpacktest.cc,parse_json_loop_1,152,153,HANDWRITTEN_CPP,False,CPP_UNVERIFIED,D_BOUNDARY,external/runtime/raw-pointer boundary
src/masstree/msgpacktest.cc,parse_json_loop_2,162,163,HANDWRITTEN_CPP,False,CPP_UNVERIFIED,D_BOUNDARY,external/runtime/raw-pointer boundary
src/masstree/msgpacktest.cc,parse_json_loop_3,172,173,HANDWRITTEN_CPP,False,CPP_UNVERIFIED,B_DIRECT_MIGRATION,ordinary C++ control/data-flow without detected boundary
src/masstree/msgpacktest.cc,parse_msgpack_loop_1,182,183,HANDWRITTEN_CPP,False,CPP_UNVERIFIED,D_BOUNDARY,external/runtime/raw-pointer boundary
src/masstree/msgpacktest.cc,parse_msgpack_loop_2,192,193,HANDWRITTEN_CPP,False,CPP_UNVERIFIED,D_BOUNDARY,external/runtime/raw-pointer boundary
src/masstree/msgpacktest.cc,parse_msgpack_loop_3,202,203,HANDWRITTEN_CPP,False,CPP_UNVERIFIED,B_DIRECT_MIGRATION,ordinary C++ control/data-flow without detected boundary
src/masstree/msgpacktest.cc,main,212,213,HANDWRITTEN_CPP,False,CPP_UNVERIFIED,B_DIRECT_MIGRATION,ordinary C++ control/data-flow without detected boundary
src/masstree/mtclient.cc,c_,169,169,HANDWRITTEN_CPP,False,CPP_UNVERIFIED,B_DIRECT_MIGRATION,ordinary C++ control/data-flow without detected boundary
src/masstree/mtclient.cc,register_timeouts,186,186,HANDWRITTEN_CPP,False,CPP_UNVERIFIED,B_DIRECT_MIGRATION,ordinary C++ control/data-flow without detected boundary
src/masstree/mtclient.cc,get,211,212,HANDWRITTEN_CPP,False,CPP_UNVERIFIED,D_BOUNDARY,external/runtime/raw-pointer boundary
src/masstree/mtclient.cc,get,218,218,HANDWRITTEN_CPP,False,CPP_UNVERIFIED,D_BOUNDARY,external/runtime/raw-pointer boundary
src/masstree/mtclient.cc,get_sync,223,223,HANDWRITTEN_CPP,False,CPP_UNVERIFIED,B_DIRECT_MIGRATION,ordinary C++ control/data-flow without detected boundary
src/masstree/mtclient.cc,get_check,228,228,HANDWRITTEN_CPP,False,CPP_UNVERIFIED,B_DIRECT_MIGRATION,ordinary C++ control/data-flow without detected boundary
src/masstree/mtclient.cc,get_check,231,231,HANDWRITTEN_CPP,False,CPP_UNVERIFIED,B_DIRECT_MIGRATION,ordinary C++ control/data-flow without detected boundary
src/masstree/mtclient.cc,get_check,234,234,HANDWRITTEN_CPP,False,CPP_UNVERIFIED,B_DIRECT_MIGRATION,ordinary C++ control/data-flow without detected boundary
src/masstree/mtclient.cc,get_check_key8,237,237,HANDWRITTEN_CPP,False,CPP_UNVERIFIED,B_DIRECT_MIGRATION,ordinary C++ control/data-flow without detected boundary
src/masstree/mtclient.cc,get_check_key10,241,241,HANDWRITTEN_CPP,False,CPP_UNVERIFIED,B_DIRECT_MIGRATION,ordinary C++ control/data-flow without detected boundary
src/masstree/mtclient.cc,many_get_check,245,245,HANDWRITTEN_CPP,False,CPP_UNVERIFIED,B_DIRECT_MIGRATION,ordinary C++ control/data-flow without detected boundary
src/masstree/mtclient.cc,get_col_check,248,248,HANDWRITTEN_CPP,False,CPP_UNVERIFIED,B_DIRECT_MIGRATION,ordinary C++ control/data-flow without detected boundary
src/masstree/mtclient.cc,get_col_check,251,251,HANDWRITTEN_CPP,False,CPP_UNVERIFIED,B_DIRECT_MIGRATION,ordinary C++ control/data-flow without detected boundary
src/masstree/mtclient.cc,get_col_check_key10,255,255,HANDWRITTEN_CPP,False,CPP_UNVERIFIED,B_DIRECT_MIGRATION,ordinary C++ control/data-flow without detected boundary
src/masstree/mtclient.cc,get_check_sync,259,259,HANDWRITTEN_CPP,False,CPP_UNVERIFIED,B_DIRECT_MIGRATION,ordinary C++ control/data-flow without detected boundary
src/masstree/mtclient.cc,put,270,271,HANDWRITTEN_CPP,False,CPP_UNVERIFIED,B_DIRECT_MIGRATION,ordinary C++ control/data-flow without detected boundary
src/masstree/mtclient.cc,put,274,274,HANDWRITTEN_CPP,False,CPP_UNVERIFIED,D_BOUNDARY,external/runtime/raw-pointer boundary
src/masstree/mtclient.cc,put,279,279,HANDWRITTEN_CPP,False,CPP_UNVERIFIED,B_DIRECT_MIGRATION,ordinary C++ control/data-flow without detected boundary
src/masstree/mtclient.cc,put,282,282,HANDWRITTEN_CPP,False,CPP_UNVERIFIED,B_DIRECT_MIGRATION,ordinary C++ control/data-flow without detected boundary
src/masstree/mtclient.cc,put,286,286,HANDWRITTEN_CPP,False,CPP_UNVERIFIED,B_DIRECT_MIGRATION,ordinary C++ control/data-flow without detected boundary
src/masstree/mtclient.cc,put_key8,290,290,HANDWRITTEN_CPP,False,CPP_UNVERIFIED,B_DIRECT_MIGRATION,ordinary C++ control/data-flow without detected boundary
src/masstree/mtclient.cc,put_key10,294,294,HANDWRITTEN_CPP,False,CPP_UNVERIFIED,B_DIRECT_MIGRATION,ordinary C++ control/data-flow without detected boundary
src/masstree/mtclient.cc,put_col,298,298,HANDWRITTEN_CPP,False,CPP_UNVERIFIED,B_DIRECT_MIGRATION,ordinary C++ control/data-flow without detected boundary
src/masstree/mtclient.cc,put_col,301,301,HANDWRITTEN_CPP,False,CPP_UNVERIFIED,B_DIRECT_MIGRATION,ordinary C++ control/data-flow without detected boundary
src/masstree/mtclient.cc,put_col_key10,305,305,HANDWRITTEN_CPP,False,CPP_UNVERIFIED,B_DIRECT_MIGRATION,ordinary C++ control/data-flow without detected boundary
src/masstree/mtclient.cc,put_sync,309,309,HANDWRITTEN_CPP,False,CPP_UNVERIFIED,B_DIRECT_MIGRATION,ordinary C++ control/data-flow without detected boundary
src/masstree/mtclient.cc,remove,313,314,HANDWRITTEN_CPP,False,CPP_UNVERIFIED,B_DIRECT_MIGRATION,ordinary C++ control/data-flow without detected boundary
src/masstree/mtclient.cc,remove,317,317,HANDWRITTEN_CPP,False,CPP_UNVERIFIED,B_DIRECT_MIGRATION,ordinary C++ control/data-flow without detected boundary
src/masstree/mtclient.cc,remove_sync,321,321,HANDWRITTEN_CPP,False,CPP_UNVERIFIED,B_DIRECT_MIGRATION,ordinary C++ control/data-flow without detected boundary
src/masstree/mtclient.cc,wait_all,335,335,HANDWRITTEN_CPP,False,CPP_UNVERIFIED,B_DIRECT_MIGRATION,ordinary C++ control/data-flow without detected boundary
src/masstree/mtclient.cc,puts_done,338,338,HANDWRITTEN_CPP,False,CPP_UNVERIFIED,B_DIRECT_MIGRATION,ordinary C++ control/data-flow without detected boundary
src/masstree/mtclient.cc,rcu_quiesce,340,340,HANDWRITTEN_CPP,False,CPP_UNVERIFIED,B_DIRECT_MIGRATION,ordinary C++ control/data-flow without detected boundary
src/masstree/mtclient.cc,notice,342,342,HANDWRITTEN_CPP,False,CPP_UNVERIFIED,B_DIRECT_MIGRATION,ordinary C++ control/data-flow without detected boundary
src/masstree/mtclient.cc,notice,352,352,HANDWRITTEN_CPP,False,CPP_UNVERIFIED,B_DIRECT_MIGRATION,ordinary C++ control/data-flow without detected boundary
src/masstree/mtclient.cc,finish,368,368,HANDWRITTEN_CPP,False,CPP_UNVERIFIED,B_DIRECT_MIGRATION,ordinary C++ control/data-flow without detected boundary
src/masstree/mtclient.cc,usage,442,446,HANDWRITTEN_CPP,False,CPP_UNVERIFIED,B_DIRECT_MIGRATION,ordinary C++ control/data-flow without detected boundary
src/masstree/mtclient.cc,settimeout,453,456,HANDWRITTEN_CPP,False,CPP_UNVERIFIED,B_DIRECT_MIGRATION,ordinary C++ control/data-flow without detected boundary
src/masstree/mtclient.cc,main,501,504,HANDWRITTEN_CPP,False,CPP_UNVERIFIED,B_DIRECT_MIGRATION,ordinary C++ control/data-flow without detected boundary
src/masstree/mtclient.cc,if,670,670,HANDWRITTEN_CPP,False,CPP_UNVERIFIED,B_DIRECT_MIGRATION,ordinary C++ control/data-flow without detected boundary
src/masstree/mtclient.cc,run_child,700,703,HANDWRITTEN_CPP,False,CPP_UNVERIFIED,B_DIRECT_MIGRATION,ordinary C++ control/data-flow without detected boundary
src/masstree/mtclient.cc,get,781,784,HANDWRITTEN_CPP,False,CPP_UNVERIFIED,D_BOUNDARY,external/runtime/raw-pointer boundary
src/masstree/mtclient.cc,nocheck,806,808,HANDWRITTEN_CPP,False,CPP_UNVERIFIED,B_DIRECT_MIGRATION,ordinary C++ control/data-flow without detected boundary
src/masstree/mtclient.cc,asyncgetcb,812,814,HANDWRITTEN_CPP,False,CPP_UNVERIFIED,D_BOUNDARY,external/runtime/raw-pointer boundary
src/masstree/mtclient.cc,asyncgetcb_int,823,825,HANDWRITTEN_CPP,False,CPP_UNVERIFIED,D_BOUNDARY,external/runtime/raw-pointer boundary
src/masstree/mtclient.cc,defaultget,844,846,HANDWRITTEN_CPP,False,CPP_UNVERIFIED,B_DIRECT_MIGRATION,ordinary C++ control/data-flow without detected boundary
src/masstree/mtclient.cc,asyncputcb,861,863,HANDWRITTEN_CPP,False,CPP_UNVERIFIED,D_BOUNDARY,external/runtime/raw-pointer boundary
src/masstree/mtclient.cc,checkasync,874,876,HANDWRITTEN_CPP,False,CPP_UNVERIFIED,B_DIRECT_MIGRATION,ordinary C++ control/data-flow without detected boundary
src/masstree/mtclient.cc,aget,930,932,HANDWRITTEN_CPP,False,CPP_UNVERIFIED,D_BOUNDARY,external/runtime/raw-pointer boundary
src/masstree/mtclient.cc,aget_col,954,957,HANDWRITTEN_CPP,False,CPP_UNVERIFIED,D_BOUNDARY,external/runtime/raw-pointer boundary
src/masstree/mtclient.cc,aget,979,982,HANDWRITTEN_CPP,False,CPP_UNVERIFIED,B_DIRECT_MIGRATION,ordinary C++ control/data-flow without detected boundary
src/masstree/mtclient.cc,put,986,989,HANDWRITTEN_CPP,False,CPP_UNVERIFIED,B_DIRECT_MIGRATION,ordinary C++ control/data-flow without detected boundary
src/masstree/mtclient.cc,aput,1004,1008,HANDWRITTEN_CPP,False,CPP_UNVERIFIED,D_BOUNDARY,external/runtime/raw-pointer boundary
src/masstree/mtclient.cc,aput_col,1035,1038,HANDWRITTEN_CPP,False,CPP_UNVERIFIED,D_BOUNDARY,external/runtime/raw-pointer boundary
src/masstree/mtclient.cc,remove,1065,1067,HANDWRITTEN_CPP,False,CPP_UNVERIFIED,B_DIRECT_MIGRATION,ordinary C++ control/data-flow without detected boundary
src/masstree/mtclient.cc,aremove,1082,1085,HANDWRITTEN_CPP,False,CPP_UNVERIFIED,D_BOUNDARY,external/runtime/raw-pointer boundary
src/masstree/mtclient.cc,xcompar,1104,1107,HANDWRITTEN_CPP,False,CPP_UNVERIFIED,B_DIRECT_MIGRATION,ordinary C++ control/data-flow without detected boundary
src/masstree/mtclient.cc,w1b,1119,1121,HANDWRITTEN_CPP,False,CPP_UNVERIFIED,D_BOUNDARY,external/runtime/raw-pointer boundary
src/masstree/mtclient.cc,u1,1181,1183,HANDWRITTEN_CPP,False,CPP_UNVERIFIED,B_DIRECT_MIGRATION,ordinary C++ control/data-flow without detected boundary
src/masstree/mtclient.cc,cpa,1208,1211,HANDWRITTEN_CPP,False,CPP_UNVERIFIED,B_DIRECT_MIGRATION,ordinary C++ control/data-flow without detected boundary
src/masstree/mtclient.cc,cpc,1235,1238,HANDWRITTEN_CPP,False,CPP_UNVERIFIED,B_DIRECT_MIGRATION,ordinary C++ control/data-flow without detected boundary
src/masstree/mtclient.cc,cpd,1263,1266,HANDWRITTEN_CPP,False,CPP_UNVERIFIED,B_DIRECT_MIGRATION,ordinary C++ control/data-flow without detected boundary
src/masstree/mtclient.cc,over1,1295,1297,HANDWRITTEN_CPP,False,CPP_UNVERIFIED,B_DIRECT_MIGRATION,ordinary C++ control/data-flow without detected boundary
src/masstree/mtclient.cc,over2,1325,1327,HANDWRITTEN_CPP,False,CPP_UNVERIFIED,B_DIRECT_MIGRATION,ordinary C++ control/data-flow without detected boundary
src/masstree/mtclient.cc,rec1,1354,1356,HANDWRITTEN_CPP,False,CPP_UNVERIFIED,B_DIRECT_MIGRATION,ordinary C++ control/data-flow without detected boundary
src/masstree/mtclient.cc,rec2,1378,1381,HANDWRITTEN_CPP,False,CPP_UNVERIFIED,B_DIRECT_MIGRATION,ordinary C++ control/data-flow without detected boundary
src/masstree/mtclient.cc,cpb,1421,1423,HANDWRITTEN_CPP,False,CPP_UNVERIFIED,B_DIRECT_MIGRATION,ordinary C++ control/data-flow without detected boundary
src/masstree/mtclient.cc,volt1a,1439,1441,HANDWRITTEN_CPP,False,CPP_UNVERIFIED,D_BOUNDARY,external/runtime/raw-pointer boundary
src/masstree/mtclient.cc,volt1b,1496,1498,HANDWRITTEN_CPP,False,CPP_UNVERIFIED,D_BOUNDARY,external/runtime/raw-pointer boundary
src/masstree/mtclient.cc,volt2a,1544,1546,HANDWRITTEN_CPP,False,CPP_UNVERIFIED,B_DIRECT_MIGRATION,ordinary C++ control/data-flow without detected boundary
src/masstree/mtclient.cc,volt2b1,1597,1599,HANDWRITTEN_CPP,False,CPP_UNVERIFIED,B_DIRECT_MIGRATION,ordinary C++ control/data-flow without detected boundary
src/masstree/mtclient.cc,volt2b,1611,1614,HANDWRITTEN_CPP,False,CPP_UNVERIFIED,B_DIRECT_MIGRATION,ordinary C++ control/data-flow without detected boundary
src/masstree/mtclient.cc,scantest,1639,1642,HANDWRITTEN_CPP,False,CPP_UNVERIFIED,B_DIRECT_MIGRATION,ordinary C++ control/data-flow without detected boundary
src/masstree/mtclient.hh,inbuf_,46,47,HANDWRITTEN_CPP,False,CPP_UNVERIFIED,D_BOUNDARY,external/runtime/raw-pointer boundary
src/masstree/mtclient.hh,inbuf_,73,74,HANDWRITTEN_CPP,False,CPP_UNVERIFIED,B_DIRECT_MIGRATION,ordinary C++ control/data-flow without detected boundary
src/masstree/mtclient.hh,sendgetwhole,88,88,HANDWRITTEN_CPP,False,CPP_UNVERIFIED,B_DIRECT_MIGRATION,ordinary C++ control/data-flow without detected boundary
src/masstree/mtclient.hh,sendgetcol,95,95,HANDWRITTEN_CPP,False,CPP_UNVERIFIED,B_DIRECT_MIGRATION,ordinary C++ control/data-flow without detected boundary
src/masstree/mtclient.hh,sendget,103,103,HANDWRITTEN_CPP,False,CPP_UNVERIFIED,B_DIRECT_MIGRATION,ordinary C++ control/data-flow without detected boundary
src/masstree/mtclient.hh,sendputcol,111,112,HANDWRITTEN_CPP,False,CPP_UNVERIFIED,B_DIRECT_MIGRATION,ordinary C++ control/data-flow without detected boundary
src/masstree/mtclient.hh,sendputwhole,121,121,HANDWRITTEN_CPP,False,CPP_UNVERIFIED,B_DIRECT_MIGRATION,ordinary C++ control/data-flow without detected boundary
src/masstree/mtclient.hh,sendremove,129,129,HANDWRITTEN_CPP,False,CPP_UNVERIFIED,B_DIRECT_MIGRATION,ordinary C++ control/data-flow without detected boundary
src/masstree/mtclient.hh,sendscanwhole,136,137,HANDWRITTEN_CPP,False,CPP_UNVERIFIED,B_DIRECT_MIGRATION,ordinary C++ control/data-flow without detected boundary
src/masstree/mtclient.hh,sendscan,145,146,HANDWRITTEN_CPP,False,CPP_UNVERIFIED,B_DIRECT_MIGRATION,ordinary C++ control/data-flow without detected boundary
src/masstree/mtclient.hh,checkpoint,155,156,HANDWRITTEN_CPP,False,CPP_UNVERIFIED,B_DIRECT_MIGRATION,ordinary C++ control/data-flow without detected boundary
src/masstree/mtclient.hh,flush,168,169,HANDWRITTEN_CPP,False,CPP_UNVERIFIED,B_DIRECT_MIGRATION,ordinary C++ control/data-flow without detected boundary
src/masstree/mtclient.hh,check,172,173,HANDWRITTEN_CPP,False,CPP_UNVERIFIED,B_DIRECT_MIGRATION,ordinary C++ control/data-flow without detected boundary
src/masstree/mtclient.hh,handshake,206,207,HANDWRITTEN_CPP,False,CPP_UNVERIFIED,B_DIRECT_MIGRATION,ordinary C++ control/data-flow without detected boundary
src/masstree/mtclient.hh,send,225,225,HANDWRITTEN_CPP,False,CPP_UNVERIFIED,B_DIRECT_MIGRATION,ordinary C++ control/data-flow without detected boundary
src/masstree/mtd.cc,test_timeout,180,180,HANDWRITTEN_CPP,False,CPP_UNVERIFIED,B_DIRECT_MIGRATION,ordinary C++ control/data-flow without detected boundary
src/masstree/mtd.cc,checks_,193,193,HANDWRITTEN_CPP,False,CPP_UNVERIFIED,B_DIRECT_MIGRATION,ordinary C++ control/data-flow without detected boundary
src/masstree/mtd.cc,testname_,196,196,HANDWRITTEN_CPP,False,CPP_UNVERIFIED,B_DIRECT_MIGRATION,ordinary C++ control/data-flow without detected boundary
src/masstree/mtd.cc,set_thread,205,205,HANDWRITTEN_CPP,False,CPP_UNVERIFIED,B_DIRECT_MIGRATION,ordinary C++ control/data-flow without detected boundary
src/masstree/mtd.cc,register_timeouts,208,208,HANDWRITTEN_CPP,False,CPP_UNVERIFIED,B_DIRECT_MIGRATION,ordinary C++ control/data-flow without detected boundary
src/masstree/mtd.cc,get,229,229,HANDWRITTEN_CPP,False,CPP_UNVERIFIED,B_DIRECT_MIGRATION,ordinary C++ control/data-flow without detected boundary
src/masstree/mtd.cc,get_check,234,234,HANDWRITTEN_CPP,False,CPP_UNVERIFIED,B_DIRECT_MIGRATION,ordinary C++ control/data-flow without detected boundary
src/masstree/mtd.cc,get_check,237,237,HANDWRITTEN_CPP,False,CPP_UNVERIFIED,B_DIRECT_MIGRATION,ordinary C++ control/data-flow without detected boundary
src/masstree/mtd.cc,get_check_key8,241,241,HANDWRITTEN_CPP,False,CPP_UNVERIFIED,B_DIRECT_MIGRATION,ordinary C++ control/data-flow without detected boundary
src/masstree/mtd.cc,get_check_key10,245,245,HANDWRITTEN_CPP,False,CPP_UNVERIFIED,B_DIRECT_MIGRATION,ordinary C++ control/data-flow without detected boundary
src/masstree/mtd.cc,get_col_check_key10,250,250,HANDWRITTEN_CPP,False,CPP_UNVERIFIED,B_DIRECT_MIGRATION,ordinary C++ control/data-flow without detected boundary
src/masstree/mtd.cc,put,257,257,HANDWRITTEN_CPP,False,CPP_UNVERIFIED,B_DIRECT_MIGRATION,ordinary C++ control/data-flow without detected boundary
src/masstree/mtd.cc,put,260,260,HANDWRITTEN_CPP,False,CPP_UNVERIFIED,B_DIRECT_MIGRATION,ordinary C++ control/data-flow without detected boundary
src/masstree/mtd.cc,put_key8,264,264,HANDWRITTEN_CPP,False,CPP_UNVERIFIED,B_DIRECT_MIGRATION,ordinary C++ control/data-flow without detected boundary
src/masstree/mtd.cc,put_key10,268,268,HANDWRITTEN_CPP,False,CPP_UNVERIFIED,B_DIRECT_MIGRATION,ordinary C++ control/data-flow without detected boundary
src/masstree/mtd.cc,put_col_key10,273,273,HANDWRITTEN_CPP,False,CPP_UNVERIFIED,B_DIRECT_MIGRATION,ordinary C++ control/data-flow without detected boundary
src/masstree/mtd.cc,puts_done,279,280,HANDWRITTEN_CPP,False,CPP_UNVERIFIED,B_DIRECT_MIGRATION,ordinary C++ control/data-flow without detected boundary
src/masstree/mtd.cc,wait_all,282,282,HANDWRITTEN_CPP,False,CPP_UNVERIFIED,B_DIRECT_MIGRATION,ordinary C++ control/data-flow without detected boundary
src/masstree/mtd.cc,rcu_quiesce,284,284,HANDWRITTEN_CPP,False,CPP_UNVERIFIED,B_DIRECT_MIGRATION,ordinary C++ control/data-flow without detected boundary
src/masstree/mtd.cc,finish,292,292,HANDWRITTEN_CPP,False,CPP_UNVERIFIED,B_DIRECT_MIGRATION,ordinary C++ control/data-flow without detected boundary
src/masstree/mtd.cc,runtest,486,487,HANDWRITTEN_CPP,False,CPP_UNVERIFIED,D_BOUNDARY,external/runtime/raw-pointer boundary
src/masstree/mtd.cc,fd,518,520,HANDWRITTEN_CPP,False,CPP_UNVERIFIED,B_DIRECT_MIGRATION,ordinary C++ control/data-flow without detected boundary
src/masstree/mtd.cc,check,541,542,HANDWRITTEN_CPP,False,CPP_UNVERIFIED,B_DIRECT_MIGRATION,ordinary C++ control/data-flow without detected boundary
src/masstree/mtd.cc,main,644,647,HANDWRITTEN_CPP,False,CPP_UNVERIFIED,D_BOUNDARY,external/runtime/raw-pointer boundary
src/masstree/mtd.cc,if,705,706,HANDWRITTEN_CPP,False,CPP_UNVERIFIED,B_DIRECT_MIGRATION,ordinary C++ control/data-flow without detected boundary
src/masstree/mtd.cc,if,722,722,HANDWRITTEN_CPP,False,CPP_UNVERIFIED,B_DIRECT_MIGRATION,ordinary C++ control/data-flow without detected boundary
src/masstree/mtd.cc,catchint,917,920,HANDWRITTEN_CPP,False,CPP_UNVERIFIED,D_BOUNDARY,external/runtime/raw-pointer boundary
src/masstree/mtd.cc,epochinc,977,980,HANDWRITTEN_CPP,False,CPP_UNVERIFIED,B_DIRECT_MIGRATION,ordinary C++ control/data-flow without detected boundary
src/masstree/mtd.cc,handshake,985,985,HANDWRITTEN_CPP,False,CPP_UNVERIFIED,B_DIRECT_MIGRATION,ordinary C++ control/data-flow without detected boundary
src/masstree/mtd.cc,onego,1006,1006,HANDWRITTEN_CPP,False,CPP_UNVERIFIED,C_LOCAL_REFACTOR,"ownership, callback, threading, or template shape"
src/masstree/mtd.cc,wait,1074,1074,HANDWRITTEN_CPP,False,CPP_UNVERIFIED,B_DIRECT_MIGRATION,ordinary C++ control/data-flow without detected boundary
src/masstree/mtd.cc,add,1081,1082,HANDWRITTEN_CPP,False,CPP_UNVERIFIED,B_DIRECT_MIGRATION,ordinary C++ control/data-flow without detected boundary
src/masstree/mtd.cc,remove,1089,1090,HANDWRITTEN_CPP,False,CPP_UNVERIFIED,B_DIRECT_MIGRATION,ordinary C++ control/data-flow without detected boundary
src/masstree/mtd.cc,tcpfds,1100,1103,HANDWRITTEN_CPP,False,CPP_UNVERIFIED,B_DIRECT_MIGRATION,ordinary C++ control/data-flow without detected boundary
src/masstree/mtd.cc,wait,1112,1112,HANDWRITTEN_CPP,False,CPP_UNVERIFIED,B_DIRECT_MIGRATION,ordinary C++ control/data-flow without detected boundary
src/masstree/mtd.cc,add,1121,1122,HANDWRITTEN_CPP,False,CPP_UNVERIFIED,B_DIRECT_MIGRATION,ordinary C++ control/data-flow without detected boundary
src/masstree/mtd.cc,remove,1131,1132,HANDWRITTEN_CPP,False,CPP_UNVERIFIED,B_DIRECT_MIGRATION,ordinary C++ control/data-flow without detected boundary
src/masstree/mtd.cc,prepare_thread,1142,1143,HANDWRITTEN_CPP,False,CPP_UNVERIFIED,B_DIRECT_MIGRATION,ordinary C++ control/data-flow without detected boundary
src/masstree/mtd.cc,log_filename,1282,1283,HANDWRITTEN_CPP,False,CPP_UNVERIFIED,B_DIRECT_MIGRATION,ordinary C++ control/data-flow without detected boundary
src/masstree/mtd.cc,log_init,1298,1299,HANDWRITTEN_CPP,False,CPP_UNVERIFIED,D_BOUNDARY,external/runtime/raw-pointer boundary
src/masstree/mtd.cc,read_checkpoint,1322,1322,HANDWRITTEN_CPP,False,CPP_UNVERIFIED,D_BOUNDARY,external/runtime/raw-pointer boundary
src/masstree/mtd.cc,waituntilphase,1358,1361,HANDWRITTEN_CPP,False,CPP_UNVERIFIED,C_LOCAL_REFACTOR,"ownership, callback, threading, or template shape"
src/masstree/mtd.cc,inactive,1367,1370,HANDWRITTEN_CPP,False,CPP_UNVERIFIED,C_LOCAL_REFACTOR,"ownership, callback, threading, or template shape"
src/masstree/mtd.cc,recovercheckpoint,1376,1377,HANDWRITTEN_CPP,False,CPP_UNVERIFIED,B_DIRECT_MIGRATION,ordinary C++ control/data-flow without detected boundary
src/masstree/mtd.cc,recphase,1387,1390,HANDWRITTEN_CPP,False,CPP_UNVERIFIED,B_DIRECT_MIGRATION,ordinary C++ control/data-flow without detected boundary
src/masstree/mtd.cc,recover,1403,1405,HANDWRITTEN_CPP,False,CPP_UNVERIFIED,D_BOUNDARY,external/runtime/raw-pointer boundary
src/masstree/mtd.cc,writecheckpoint,1546,1549,HANDWRITTEN_CPP,False,CPP_UNVERIFIED,B_DIRECT_MIGRATION,ordinary C++ control/data-flow without detected boundary
src/masstree/mtd.cc,conc_filecheckpoint,1580,1583,HANDWRITTEN_CPP,False,CPP_UNVERIFIED,B_DIRECT_MIGRATION,ordinary C++ control/data-flow without detected boundary
src/masstree/mtd.cc,prepare_checkpoint,1596,1599,HANDWRITTEN_CPP,False,CPP_UNVERIFIED,B_DIRECT_MIGRATION,ordinary C++ control/data-flow without detected boundary
src/masstree/mtd.cc,commit_checkpoint,1614,1617,HANDWRITTEN_CPP,False,CPP_UNVERIFIED,B_DIRECT_MIGRATION,ordinary C++ control/data-flow without detected boundary
src/masstree/mtd.cc,max_flushed_epoch,1637,1640,HANDWRITTEN_CPP,False,CPP_UNVERIFIED,B_DIRECT_MIGRATION,ordinary C++ control/data-flow without detected boundary
src/masstree/mttest.cc,test_timeout,161,161,HANDWRITTEN_CPP,False,CPP_UNVERIFIED,B_DIRECT_MIGRATION,ordinary C++ control/data-flow without detected boundary
src/masstree/mttest.cc,limit_,175,175,HANDWRITTEN_CPP,False,CPP_UNVERIFIED,B_DIRECT_MIGRATION,ordinary C++ control/data-flow without detected boundary
src/masstree/mttest.cc,set_table,188,188,HANDWRITTEN_CPP,False,CPP_UNVERIFIED,B_DIRECT_MIGRATION,ordinary C++ control/data-flow without detected boundary
src/masstree/mttest.cc,reset,192,192,HANDWRITTEN_CPP,False,CPP_UNVERIFIED,B_DIRECT_MIGRATION,ordinary C++ control/data-flow without detected boundary
src/masstree/mttest.cc,start_timer,197,197,HANDWRITTEN_CPP,False,CPP_UNVERIFIED,B_DIRECT_MIGRATION,ordinary C++ control/data-flow without detected boundary
src/masstree/mttest.cc,get_sync,232,232,HANDWRITTEN_CPP,False,CPP_UNVERIFIED,B_DIRECT_MIGRATION,ordinary C++ control/data-flow without detected boundary
src/masstree/mttest.cc,get_sync_key16,236,236,HANDWRITTEN_CPP,False,CPP_UNVERIFIED,B_DIRECT_MIGRATION,ordinary C++ control/data-flow without detected boundary
src/masstree/mttest.cc,get_check,241,241,HANDWRITTEN_CPP,False,CPP_UNVERIFIED,B_DIRECT_MIGRATION,ordinary C++ control/data-flow without detected boundary
src/masstree/mttest.cc,get_check,244,244,HANDWRITTEN_CPP,False,CPP_UNVERIFIED,B_DIRECT_MIGRATION,ordinary C++ control/data-flow without detected boundary
src/masstree/mttest.cc,get_check,248,248,HANDWRITTEN_CPP,False,CPP_UNVERIFIED,B_DIRECT_MIGRATION,ordinary C++ control/data-flow without detected boundary
src/masstree/mttest.cc,get_check_key8,252,252,HANDWRITTEN_CPP,False,CPP_UNVERIFIED,B_DIRECT_MIGRATION,ordinary C++ control/data-flow without detected boundary
src/masstree/mttest.cc,get_col_check,257,257,HANDWRITTEN_CPP,False,CPP_UNVERIFIED,B_DIRECT_MIGRATION,ordinary C++ control/data-flow without detected boundary
src/masstree/mttest.cc,get_col_check_key10,261,261,HANDWRITTEN_CPP,False,CPP_UNVERIFIED,B_DIRECT_MIGRATION,ordinary C++ control/data-flow without detected boundary
src/masstree/mttest.cc,put,273,273,HANDWRITTEN_CPP,False,CPP_UNVERIFIED,B_DIRECT_MIGRATION,ordinary C++ control/data-flow without detected boundary
src/masstree/mttest.cc,put,276,276,HANDWRITTEN_CPP,False,CPP_UNVERIFIED,B_DIRECT_MIGRATION,ordinary C++ control/data-flow without detected boundary
src/masstree/mttest.cc,put,280,280,HANDWRITTEN_CPP,False,CPP_UNVERIFIED,B_DIRECT_MIGRATION,ordinary C++ control/data-flow without detected boundary
src/masstree/mttest.cc,put_key8,284,284,HANDWRITTEN_CPP,False,CPP_UNVERIFIED,B_DIRECT_MIGRATION,ordinary C++ control/data-flow without detected boundary
src/masstree/mttest.cc,put_key16,288,288,HANDWRITTEN_CPP,False,CPP_UNVERIFIED,B_DIRECT_MIGRATION,ordinary C++ control/data-flow without detected boundary
src/masstree/mttest.cc,put_col,293,293,HANDWRITTEN_CPP,False,CPP_UNVERIFIED,B_DIRECT_MIGRATION,ordinary C++ control/data-flow without detected boundary
src/masstree/mttest.cc,put_col_key10,297,297,HANDWRITTEN_CPP,False,CPP_UNVERIFIED,B_DIRECT_MIGRATION,ordinary C++ control/data-flow without detected boundary
src/masstree/mttest.cc,remove,303,303,HANDWRITTEN_CPP,False,CPP_UNVERIFIED,B_DIRECT_MIGRATION,ordinary C++ control/data-flow without detected boundary
src/masstree/mttest.cc,remove_key8,307,307,HANDWRITTEN_CPP,False,CPP_UNVERIFIED,B_DIRECT_MIGRATION,ordinary C++ control/data-flow without detected boundary
src/masstree/mttest.cc,remove_key16,311,311,HANDWRITTEN_CPP,False,CPP_UNVERIFIED,B_DIRECT_MIGRATION,ordinary C++ control/data-flow without detected boundary
src/masstree/mttest.cc,remove_sync,316,316,HANDWRITTEN_CPP,False,CPP_UNVERIFIED,B_DIRECT_MIGRATION,ordinary C++ control/data-flow without detected boundary
src/masstree/mttest.cc,puts_done,320,321,HANDWRITTEN_CPP,False,CPP_UNVERIFIED,B_DIRECT_MIGRATION,ordinary C++ control/data-flow without detected boundary
src/masstree/mttest.cc,wait_all,323,323,HANDWRITTEN_CPP,False,CPP_UNVERIFIED,B_DIRECT_MIGRATION,ordinary C++ control/data-flow without detected boundary
src/masstree/mttest.cc,rcu_quiesce,325,325,HANDWRITTEN_CPP,False,CPP_UNVERIFIED,B_DIRECT_MIGRATION,ordinary C++ control/data-flow without detected boundary
src/masstree/mttest.cc,finish,337,337,HANDWRITTEN_CPP,False,CPP_UNVERIFIED,B_DIRECT_MIGRATION,ordinary C++ control/data-flow without detected boundary
src/masstree/mttest.cc,kvtest_print,363,364,HANDWRITTEN_CPP,False,CPP_UNVERIFIED,B_DIRECT_MIGRATION,ordinary C++ control/data-flow without detected boundary
src/masstree/mttest.cc,kvtest_json_stats,370,371,HANDWRITTEN_CPP,False,CPP_UNVERIFIED,B_DIRECT_MIGRATION,ordinary C++ control/data-flow without detected boundary
src/masstree/mttest.cc,kvtest_remove,483,484,HANDWRITTEN_CPP,False,CPP_UNVERIFIED,B_DIRECT_MIGRATION,ordinary C++ control/data-flow without detected boundary
src/masstree/mttest.cc,setup,611,611,HANDWRITTEN_CPP,False,CPP_UNVERIFIED,B_DIRECT_MIGRATION,ordinary C++ control/data-flow without detected boundary
src/masstree/mttest.cc,ready_timeouts,685,685,HANDWRITTEN_CPP,False,CPP_UNVERIFIED,B_DIRECT_MIGRATION,ordinary C++ control/data-flow without detected boundary
src/masstree/mttest.cc,runtest,711,713,HANDWRITTEN_CPP,False,CPP_UNVERIFIED,D_BOUNDARY,external/runtime/raw-pointer boundary
src/masstree/mttest.cc,help,788,789,HANDWRITTEN_CPP,False,CPP_UNVERIFIED,B_DIRECT_MIGRATION,ordinary C++ control/data-flow without detected boundary
src/masstree/mttest.cc,abortable_signal_handler,826,827,HANDWRITTEN_CPP,False,CPP_UNVERIFIED,D_BOUNDARY,external/runtime/raw-pointer boundary
src/masstree/mttest.cc,main,840,843,HANDWRITTEN_CPP,False,CPP_UNVERIFIED,D_BOUNDARY,external/runtime/raw-pointer boundary
src/masstree/mttest.cc,if,937,938,HANDWRITTEN_CPP,False,CPP_UNVERIFIED,B_DIRECT_MIGRATION,ordinary C++ control/data-flow without detected boundary
src/masstree/mttest.cc,if,954,954,HANDWRITTEN_CPP,False,CPP_UNVERIFIED,B_DIRECT_MIGRATION,ordinary C++ control/data-flow without detected boundary
src/masstree/mttest.cc,run_one_test_body,1079,1080,HANDWRITTEN_CPP,False,CPP_UNVERIFIED,D_BOUNDARY,external/runtime/raw-pointer boundary
src/masstree/mttest.cc,run_one_test,1096,1098,HANDWRITTEN_CPP,False,CPP_UNVERIFIED,D_BOUNDARY,external/runtime/raw-pointer boundary
src/masstree/mttest.cc,level,1112,1113,HANDWRITTEN_CPP,False,CPP_UNVERIFIED,B_DIRECT_MIGRATION,ordinary C++ control/data-flow without detected boundary
src/masstree/mttest.cc,experiment_test_table_trial,1121,1122,HANDWRITTEN_CPP,False,CPP_UNVERIFIED,D_BOUNDARY,external/runtime/raw-pointer boundary
src/masstree/mttest.cc,experiment_run_test_table,1133,1134,HANDWRITTEN_CPP,False,CPP_UNVERIFIED,D_BOUNDARY,external/runtime/raw-pointer boundary
src/masstree/mttest.cc,experiment_test_table,1144,1145,HANDWRITTEN_CPP,False,CPP_UNVERIFIED,B_DIRECT_MIGRATION,ordinary C++ control/data-flow without detected boundary
src/masstree/mttest.cc,pos,1164,1165,HANDWRITTEN_CPP,False,CPP_UNVERIFIED,B_DIRECT_MIGRATION,ordinary C++ control/data-flow without detected boundary
src/masstree/mttest.cc,print_gnuplot,1267,1269,HANDWRITTEN_CPP,False,CPP_UNVERIFIED,B_DIRECT_MIGRATION,ordinary C++ control/data-flow without detected boundary
src/masstree/mttest.cc,read_file,1317,1320,HANDWRITTEN_CPP,False,CPP_UNVERIFIED,B_DIRECT_MIGRATION,ordinary C++ control/data-flow without detected boundary
src/masstree/mttest.cc,if,1326,1326,HANDWRITTEN_CPP,False,CPP_UNVERIFIED,B_DIRECT_MIGRATION,ordinary C++ control/data-flow without detected boundary
src/masstree/mttest.cc,update_labnotebook,1333,1336,HANDWRITTEN_CPP,False,CPP_UNVERIFIED,B_DIRECT_MIGRATION,ordinary C++ control/data-flow without detected boundary
src/masstree/nodeversion.hh,nodeversion,34,34,HANDWRITTEN_CPP,False,CPP_UNVERIFIED,B_DIRECT_MIGRATION,ordinary C++ control/data-flow without detected boundary
src/masstree/nodeversion.hh,lock,106,106,HANDWRITTEN_CPP,False,CPP_UNVERIFIED,B_DIRECT_MIGRATION,ordinary C++ control/data-flow without detected boundary
src/masstree/nodeversion.hh,lock,109,109,HANDWRITTEN_CPP,False,CPP_UNVERIFIED,B_DIRECT_MIGRATION,ordinary C++ control/data-flow without detected boundary
src/masstree/nodeversion.hh,lock,112,113,HANDWRITTEN_CPP,False,CPP_UNVERIFIED,B_DIRECT_MIGRATION,ordinary C++ control/data-flow without detected boundary
src/masstree/nodeversion.hh,unlock,130,130,HANDWRITTEN_CPP,False,CPP_UNVERIFIED,B_DIRECT_MIGRATION,ordinary C++ control/data-flow without detected boundary
src/masstree/nodeversion.hh,unlock,133,133,HANDWRITTEN_CPP,False,CPP_UNVERIFIED,B_DIRECT_MIGRATION,ordinary C++ control/data-flow without detected boundary
src/masstree/nodeversion.hh,mark_insert,145,145,HANDWRITTEN_CPP,False,CPP_UNVERIFIED,B_DIRECT_MIGRATION,ordinary C++ control/data-flow without detected boundary
src/masstree/nodeversion.hh,mark_insert,151,151,HANDWRITTEN_CPP,False,CPP_UNVERIFIED,B_DIRECT_MIGRATION,ordinary C++ control/data-flow without detected boundary
src/masstree/nodeversion.hh,mark_split,159,159,HANDWRITTEN_CPP,False,CPP_UNVERIFIED,B_DIRECT_MIGRATION,ordinary C++ control/data-flow without detected boundary
src/masstree/nodeversion.hh,mark_change,165,165,HANDWRITTEN_CPP,False,CPP_UNVERIFIED,B_DIRECT_MIGRATION,ordinary C++ control/data-flow without detected boundary
src/masstree/nodeversion.hh,mark_deleted,171,171,HANDWRITTEN_CPP,False,CPP_UNVERIFIED,B_DIRECT_MIGRATION,ordinary C++ control/data-flow without detected boundary
src/masstree/nodeversion.hh,mark_deleted_tree,178,178,HANDWRITTEN_CPP,False,CPP_UNVERIFIED,B_DIRECT_MIGRATION,ordinary C++ control/data-flow without detected boundary
src/masstree/nodeversion.hh,mark_root,184,184,HANDWRITTEN_CPP,False,CPP_UNVERIFIED,B_DIRECT_MIGRATION,ordinary C++ control/data-flow without detected boundary
src/masstree/nodeversion.hh,mark_nonroot,189,189,HANDWRITTEN_CPP,False,CPP_UNVERIFIED,B_DIRECT_MIGRATION,ordinary C++ control/data-flow without detected boundary
src/masstree/nodeversion.hh,assign_version,195,195,HANDWRITTEN_CPP,False,CPP_UNVERIFIED,B_DIRECT_MIGRATION,ordinary C++ control/data-flow without detected boundary
src/masstree/nodeversion.hh,v_,212,212,HANDWRITTEN_CPP,False,CPP_UNVERIFIED,B_DIRECT_MIGRATION,ordinary C++ control/data-flow without detected boundary
src/masstree/nodeversion.hh,singlethreaded_nodeversion,227,227,HANDWRITTEN_CPP,False,CPP_UNVERIFIED,B_DIRECT_MIGRATION,ordinary C++ control/data-flow without detected boundary
src/masstree/nodeversion.hh,lock,285,285,HANDWRITTEN_CPP,False,CPP_UNVERIFIED,B_DIRECT_MIGRATION,ordinary C++ control/data-flow without detected boundary
src/masstree/nodeversion.hh,lock,289,289,HANDWRITTEN_CPP,False,CPP_UNVERIFIED,B_DIRECT_MIGRATION,ordinary C++ control/data-flow without detected boundary
src/masstree/nodeversion.hh,lock,293,294,HANDWRITTEN_CPP,False,CPP_UNVERIFIED,B_DIRECT_MIGRATION,ordinary C++ control/data-flow without detected boundary
src/masstree/nodeversion.hh,unlock,299,299,HANDWRITTEN_CPP,False,CPP_UNVERIFIED,B_DIRECT_MIGRATION,ordinary C++ control/data-flow without detected boundary
src/masstree/nodeversion.hh,unlock,302,302,HANDWRITTEN_CPP,False,CPP_UNVERIFIED,B_DIRECT_MIGRATION,ordinary C++ control/data-flow without detected boundary
src/masstree/nodeversion.hh,mark_insert,306,306,HANDWRITTEN_CPP,False,CPP_UNVERIFIED,B_DIRECT_MIGRATION,ordinary C++ control/data-flow without detected boundary
src/masstree/nodeversion.hh,mark_insert,309,309,HANDWRITTEN_CPP,False,CPP_UNVERIFIED,B_DIRECT_MIGRATION,ordinary C++ control/data-flow without detected boundary
src/masstree/nodeversion.hh,mark_split,313,313,HANDWRITTEN_CPP,False,CPP_UNVERIFIED,B_DIRECT_MIGRATION,ordinary C++ control/data-flow without detected boundary
src/masstree/nodeversion.hh,mark_change,317,317,HANDWRITTEN_CPP,False,CPP_UNVERIFIED,B_DIRECT_MIGRATION,ordinary C++ control/data-flow without detected boundary
src/masstree/nodeversion.hh,mark_deleted,322,322,HANDWRITTEN_CPP,False,CPP_UNVERIFIED,B_DIRECT_MIGRATION,ordinary C++ control/data-flow without detected boundary
src/masstree/nodeversion.hh,mark_deleted_tree,326,326,HANDWRITTEN_CPP,False,CPP_UNVERIFIED,B_DIRECT_MIGRATION,ordinary C++ control/data-flow without detected boundary
src/masstree/nodeversion.hh,mark_root,330,330,HANDWRITTEN_CPP,False,CPP_UNVERIFIED,B_DIRECT_MIGRATION,ordinary C++ control/data-flow without detected boundary
src/masstree/nodeversion.hh,mark_nonroot,334,334,HANDWRITTEN_CPP,False,CPP_UNVERIFIED,B_DIRECT_MIGRATION,ordinary C++ control/data-flow without detected boundary
src/masstree/nodeversion.hh,assign_version,339,339,HANDWRITTEN_CPP,False,CPP_UNVERIFIED,B_DIRECT_MIGRATION,ordinary C++ control/data-flow without detected boundary
src/masstree/perfstat.cc,sum_all_cores,63,65,HANDWRITTEN_CPP,False,CPP_UNVERIFIED,D_BOUNDARY,external/runtime/raw-pointer boundary
src/masstree/perfstat.cc,sum_one_chip,77,79,HANDWRITTEN_CPP,False,CPP_UNVERIFIED,D_BOUNDARY,external/runtime/raw-pointer boundary
src/masstree/perfstat.cc,sum_all_per_chip,91,93,HANDWRITTEN_CPP,False,CPP_UNVERIFIED,D_BOUNDARY,external/runtime/raw-pointer boundary
src/masstree/perfstat.hh,initialize,36,36,HANDWRITTEN_CPP,False,CPP_UNVERIFIED,B_DIRECT_MIGRATION,ordinary C++ control/data-flow without detected boundary
src/masstree/query_masstree.cc,treestats1,74,76,HANDWRITTEN_CPP,False,CPP_UNVERIFIED,B_DIRECT_MIGRATION,ordinary C++ control/data-flow without detected boundary
src/masstree/query_masstree.cc,json_stats1,125,129,HANDWRITTEN_CPP,False,CPP_UNVERIFIED,B_DIRECT_MIGRATION,ordinary C++ control/data-flow without detected boundary
src/masstree/query_masstree.cc,if,132,132,HANDWRITTEN_CPP,False,CPP_UNVERIFIED,B_DIRECT_MIGRATION,ordinary C++ control/data-flow without detected boundary
src/masstree/query_masstree.cc,findpv,223,226,HANDWRITTEN_CPP,False,CPP_UNVERIFIED,B_DIRECT_MIGRATION,ordinary C++ control/data-flow without detected boundary
src/masstree/query_masstree.cc,vbegin_,304,305,HANDWRITTEN_CPP,False,CPP_UNVERIFIED,B_DIRECT_MIGRATION,ordinary C++ control/data-flow without detected boundary
src/masstree/query_masstree.cc,visit_leaf,312,312,HANDWRITTEN_CPP,False,CPP_UNVERIFIED,B_DIRECT_MIGRATION,ordinary C++ control/data-flow without detected boundary
src/masstree/query_masstree.cc,visit_value,314,314,HANDWRITTEN_CPP,False,CPP_UNVERIFIED,D_BOUNDARY,external/runtime/raw-pointer boundary
src/masstree/query_masstree.cc,scan,327,328,HANDWRITTEN_CPP,False,CPP_UNVERIFIED,B_DIRECT_MIGRATION,ordinary C++ control/data-flow without detected boundary
src/masstree/query_masstree.cc,rscan,331,332,HANDWRITTEN_CPP,False,CPP_UNVERIFIED,B_DIRECT_MIGRATION,ordinary C++ control/data-flow without detected boundary
src/masstree/query_masstree.hh,initialize,47,48,HANDWRITTEN_CPP,False,CPP_UNVERIFIED,B_DIRECT_MIGRATION,ordinary C++ control/data-flow without detected boundary
src/masstree/query_masstree.hh,destroy,51,51,HANDWRITTEN_CPP,False,CPP_UNVERIFIED,B_DIRECT_MIGRATION,ordinary C++ control/data-flow without detected boundary
src/masstree/query_masstree.hh,json_stats,60,60,HANDWRITTEN_CPP,False,CPP_UNVERIFIED,B_DIRECT_MIGRATION,ordinary C++ control/data-flow without detected boundary
src/masstree/scantest.cc,main,22,24,HANDWRITTEN_CPP,False,CPP_UNVERIFIED,B_DIRECT_MIGRATION,ordinary C++ control/data-flow without detected boundary
src/masstree/small_vector.hh,A,87,88,HANDWRITTEN_CPP,False,CPP_UNVERIFIED,B_DIRECT_MIGRATION,ordinary C++ control/data-flow without detected boundary
src/masstree/small_vector.hh,r_,93,93,HANDWRITTEN_CPP,False,CPP_UNVERIFIED,B_DIRECT_MIGRATION,ordinary C++ control/data-flow without detected boundary
src/masstree/small_vector.hh,r_,98,98,HANDWRITTEN_CPP,False,CPP_UNVERIFIED,B_DIRECT_MIGRATION,ordinary C++ control/data-flow without detected boundary
src/masstree/small_vector.hh,r_,106,106,HANDWRITTEN_CPP,False,CPP_UNVERIFIED,B_DIRECT_MIGRATION,ordinary C++ control/data-flow without detected boundary
src/masstree/str.hh,s,36,36,HANDWRITTEN_CPP,False,CPP_UNVERIFIED,B_DIRECT_MIGRATION,ordinary C++ control/data-flow without detected boundary
src/masstree/str.hh,Str,38,40,HANDWRITTEN_CPP,False,CPP_UNVERIFIED,B_DIRECT_MIGRATION,ordinary C++ control/data-flow without detected boundary
src/masstree/str.hh,s,43,43,HANDWRITTEN_CPP,False,CPP_UNVERIFIED,B_DIRECT_MIGRATION,ordinary C++ control/data-flow without detected boundary
src/masstree/str.hh,s,46,46,HANDWRITTEN_CPP,False,CPP_UNVERIFIED,B_DIRECT_MIGRATION,ordinary C++ control/data-flow without detected boundary
src/masstree/str.hh,s,49,49,HANDWRITTEN_CPP,False,CPP_UNVERIFIED,B_DIRECT_MIGRATION,ordinary C++ control/data-flow without detected boundary
src/masstree/str.hh,s,52,52,HANDWRITTEN_CPP,False,CPP_UNVERIFIED,B_DIRECT_MIGRATION,ordinary C++ control/data-flow without detected boundary
src/masstree/str.hh,s,56,56,HANDWRITTEN_CPP,False,CPP_UNVERIFIED,B_DIRECT_MIGRATION,ordinary C++ control/data-flow without detected boundary
src/masstree/str.hh,s,60,60,HANDWRITTEN_CPP,False,CPP_UNVERIFIED,B_DIRECT_MIGRATION,ordinary C++ control/data-flow without detected boundary
src/masstree/str.hh,assign,67,68,HANDWRITTEN_CPP,False,CPP_UNVERIFIED,B_DIRECT_MIGRATION,ordinary C++ control/data-flow without detected boundary
src/masstree/str.hh,assign,73,73,HANDWRITTEN_CPP,False,CPP_UNVERIFIED,B_DIRECT_MIGRATION,ordinary C++ control/data-flow without detected boundary
src/masstree/str.hh,assign,78,78,HANDWRITTEN_CPP,False,CPP_UNVERIFIED,B_DIRECT_MIGRATION,ordinary C++ control/data-flow without detected boundary
src/masstree/str.hh,assign,83,83,HANDWRITTEN_CPP,False,CPP_UNVERIFIED,B_DIRECT_MIGRATION,ordinary C++ control/data-flow without detected boundary
src/masstree/str.hh,snprintf,142,143,HANDWRITTEN_CPP,False,CPP_UNVERIFIED,B_DIRECT_MIGRATION,ordinary C++ control/data-flow without detected boundary
src/masstree/str.hh,size,166,166,HANDWRITTEN_CPP,False,CPP_UNVERIFIED,B_DIRECT_MIGRATION,ordinary C++ control/data-flow without detected boundary
src/masstree/straccum.hh,s,151,152,HANDWRITTEN_CPP,False,CPP_UNVERIFIED,B_DIRECT_MIGRATION,ordinary C++ control/data-flow without detected boundary
src/masstree/straccum.hh,rep_t,154,154,HANDWRITTEN_CPP,False,CPP_UNVERIFIED,B_DIRECT_MIGRATION,ordinary C++ control/data-flow without detected boundary
src/masstree/straccum.hh,large,194,196,HANDWRITTEN_CPP,False,CPP_UNVERIFIED,B_DIRECT_MIGRATION,ordinary C++ control/data-flow without detected boundary
src/masstree/straccum.hh,reserve,443,447,HANDWRITTEN_CPP,False,CPP_UNVERIFIED,D_BOUNDARY,external/runtime/raw-pointer boundary
src/masstree/straccum.hh,adjust_length,464,466,HANDWRITTEN_CPP,False,CPP_UNVERIFIED,B_DIRECT_MIGRATION,ordinary C++ control/data-flow without detected boundary
src/masstree/straccum.hh,if,536,536,HANDWRITTEN_CPP,False,CPP_UNVERIFIED,B_DIRECT_MIGRATION,ordinary C++ control/data-flow without detected boundary
src/masstree/straccum.hh,swap,733,734,HANDWRITTEN_CPP,False,CPP_UNVERIFIED,B_DIRECT_MIGRATION,ordinary C++ control/data-flow without detected boundary
src/masstree/string.cc,if,241,241,HANDWRITTEN_CPP,False,CPP_UNVERIFIED,B_DIRECT_MIGRATION,ordinary C++ control/data-flow without detected boundary
src/masstree/string.cc,switch,440,441,HANDWRITTEN_CPP,False,CPP_UNVERIFIED,D_BOUNDARY,external/runtime/raw-pointer boundary
src/masstree/string.cc,if,552,552,HANDWRITTEN_CPP,False,CPP_UNVERIFIED,B_DIRECT_MIGRATION,ordinary C++ control/data-flow without detected boundary
src/masstree/string.cc,if,812,812,HANDWRITTEN_CPP,False,CPP_UNVERIFIED,B_DIRECT_MIGRATION,ordinary C++ control/data-flow without detected boundary
src/masstree/string.cc,hard_lower,926,929,HANDWRITTEN_CPP,False,CPP_UNVERIFIED,D_BOUNDARY,external/runtime/raw-pointer boundary
src/masstree/string.cc,hard_upper,952,955,HANDWRITTEN_CPP,False,CPP_UNVERIFIED,D_BOUNDARY,external/runtime/raw-pointer boundary
src/masstree/string.cc,hard_printable,977,980,HANDWRITTEN_CPP,False,CPP_UNVERIFIED,D_BOUNDARY,external/runtime/raw-pointer boundary
src/masstree/string.cc,if,990,990,HANDWRITTEN_CPP,False,CPP_UNVERIFIED,D_BOUNDARY,external/runtime/raw-pointer boundary
src/masstree/string.cc,if,1078,1078,HANDWRITTEN_CPP,False,CPP_UNVERIFIED,B_DIRECT_MIGRATION,ordinary C++ control/data-flow without detected boundary
src/masstree/string.cc,if,1168,1169,HANDWRITTEN_CPP,False,CPP_UNVERIFIED,B_DIRECT_MIGRATION,ordinary C++ control/data-flow without detected boundary
src/masstree/string.cc,if,1195,1196,HANDWRITTEN_CPP,False,CPP_UNVERIFIED,B_DIRECT_MIGRATION,ordinary C++ control/data-flow without detected boundary
src/masstree/string.cc,if,1235,1235,HANDWRITTEN_CPP,False,CPP_UNVERIFIED,B_DIRECT_MIGRATION,ordinary C++ control/data-flow without detected boundary
src/masstree/string.cc,if,1314,1314,HANDWRITTEN_CPP,False,CPP_UNVERIFIED,B_DIRECT_MIGRATION,ordinary C++ control/data-flow without detected boundary
src/masstree/string.cc,while,1347,1349,HANDWRITTEN_CPP,False,CPP_UNVERIFIED,B_DIRECT_MIGRATION,ordinary C++ control/data-flow without detected boundary
src/masstree/string.hh,reset_ref,200,200,HANDWRITTEN_CPP,False,CPP_UNVERIFIED,B_DIRECT_MIGRATION,ordinary C++ control/data-flow without detected boundary
src/masstree/string.hh,assign,212,212,HANDWRITTEN_CPP,False,CPP_UNVERIFIED,D_BOUNDARY,external/runtime/raw-pointer boundary
src/masstree/string.hh,assign_noref,221,221,HANDWRITTEN_CPP,False,CPP_UNVERIFIED,D_BOUNDARY,external/runtime/raw-pointer boundary
src/masstree/string.hh,swap,238,238,HANDWRITTEN_CPP,False,CPP_UNVERIFIED,B_DIRECT_MIGRATION,ordinary C++ control/data-flow without detected boundary
src/masstree/string.hh,account_destroy,262,262,HANDWRITTEN_CPP,False,CPP_UNVERIFIED,B_DIRECT_MIGRATION,ordinary C++ control/data-flow without detected boundary
src/masstree/string.hh,profile_memo_size_bucket,284,285,HANDWRITTEN_CPP,False,CPP_UNVERIFIED,B_DIRECT_MIGRATION,ordinary C++ control/data-flow without detected boundary
src/masstree/string.hh,profile_update_memo_dirty,295,296,HANDWRITTEN_CPP,False,CPP_UNVERIFIED,B_DIRECT_MIGRATION,ordinary C++ control/data-flow without detected boundary
src/masstree/string.hh,String,318,319,HANDWRITTEN_CPP,False,CPP_UNVERIFIED,B_DIRECT_MIGRATION,ordinary C++ control/data-flow without detected boundary
src/masstree/string.hh,_r,373,373,HANDWRITTEN_CPP,False,CPP_UNVERIFIED,B_DIRECT_MIGRATION,ordinary C++ control/data-flow without detected boundary
src/masstree/string.hh,_r,380,380,HANDWRITTEN_CPP,False,CPP_UNVERIFIED,B_DIRECT_MIGRATION,ordinary C++ control/data-flow without detected boundary
src/masstree/string.hh,_r,463,463,HANDWRITTEN_CPP,False,CPP_UNVERIFIED,B_DIRECT_MIGRATION,ordinary C++ control/data-flow without detected boundary
src/masstree/string.hh,make_stable,496,502,HANDWRITTEN_CPP,False,CPP_UNVERIFIED,B_DIRECT_MIGRATION,ordinary C++ control/data-flow without detected boundary
src/masstree/string.hh,swap,892,893,HANDWRITTEN_CPP,False,CPP_UNVERIFIED,B_DIRECT_MIGRATION,ordinary C++ control/data-flow without detected boundary
src/masstree/string_base.hh,out_of_memory,42,42,HANDWRITTEN_CPP,False,CPP_UNVERIFIED,B_DIRECT_MIGRATION,ordinary C++ control/data-flow without detected boundary
src/masstree/string_base.hh,equals,47,47,HANDWRITTEN_CPP,False,CPP_UNVERIFIED,B_DIRECT_MIGRATION,ordinary C++ control/data-flow without detected boundary
src/masstree/string_base.hh,compare,52,53,HANDWRITTEN_CPP,False,CPP_UNVERIFIED,D_BOUNDARY,external/runtime/raw-pointer boundary
src/masstree/string_base.hh,natural_compare,59,60,HANDWRITTEN_CPP,False,CPP_UNVERIFIED,D_BOUNDARY,external/runtime/raw-pointer boundary
src/masstree/string_base.hh,starts_with,64,64,HANDWRITTEN_CPP,False,CPP_UNVERIFIED,B_DIRECT_MIGRATION,ordinary C++ control/data-flow without detected boundary
src/masstree/string_base.hh,hashcode,76,76,HANDWRITTEN_CPP,False,CPP_UNVERIFIED,B_DIRECT_MIGRATION,ordinary C++ control/data-flow without detected boundary
src/masstree/string_base.hh,upper_hex_nibble,80,80,HANDWRITTEN_CPP,False,CPP_UNVERIFIED,B_DIRECT_MIGRATION,ordinary C++ control/data-flow without detected boundary
src/masstree/string_base.hh,compare,231,231,HANDWRITTEN_CPP,False,CPP_UNVERIFIED,B_DIRECT_MIGRATION,ordinary C++ control/data-flow without detected boundary
src/masstree/string_base.hh,compare,237,237,HANDWRITTEN_CPP,False,CPP_UNVERIFIED,B_DIRECT_MIGRATION,ordinary C++ control/data-flow without detected boundary
src/masstree/string_base.hh,compare,243,243,HANDWRITTEN_CPP,False,CPP_UNVERIFIED,B_DIRECT_MIGRATION,ordinary C++ control/data-flow without detected boundary
src/masstree/string_base.hh,compare,248,248,HANDWRITTEN_CPP,False,CPP_UNVERIFIED,B_DIRECT_MIGRATION,ordinary C++ control/data-flow without detected boundary
src/masstree/string_base.hh,natural_compare,275,275,HANDWRITTEN_CPP,False,CPP_UNVERIFIED,B_DIRECT_MIGRATION,ordinary C++ control/data-flow without detected boundary
src/masstree/string_base.hh,natural_compare,279,280,HANDWRITTEN_CPP,False,CPP_UNVERIFIED,B_DIRECT_MIGRATION,ordinary C++ control/data-flow without detected boundary
src/masstree/string_base.hh,natural_compare,284,285,HANDWRITTEN_CPP,False,CPP_UNVERIFIED,B_DIRECT_MIGRATION,ordinary C++ control/data-flow without detected boundary
src/masstree/string_base.hh,natural_compare,289,289,HANDWRITTEN_CPP,False,CPP_UNVERIFIED,B_DIRECT_MIGRATION,ordinary C++ control/data-flow without detected boundary
src/masstree/string_base.hh,natural_compare,293,293,HANDWRITTEN_CPP,False,CPP_UNVERIFIED,B_DIRECT_MIGRATION,ordinary C++ control/data-flow without detected boundary
src/masstree/string_base.hh,hashcode,387,387,HANDWRITTEN_CPP,False,CPP_UNVERIFIED,B_DIRECT_MIGRATION,ordinary C++ control/data-flow without detected boundary
src/masstree/string_base.hh,hashcode,494,496,HANDWRITTEN_CPP,False,CPP_UNVERIFIED,B_DIRECT_MIGRATION,ordinary C++ control/data-flow without detected boundary
src/masstree/string_base.hh,hash_value,501,502,HANDWRITTEN_CPP,False,CPP_UNVERIFIED,B_DIRECT_MIGRATION,ordinary C++ control/data-flow without detected boundary
src/masstree/string_slice.hh,x,35,35,HANDWRITTEN_CPP,False,CPP_UNVERIFIED,B_DIRECT_MIGRATION,ordinary C++ control/data-flow without detected boundary
src/masstree/string_slice.hh,make,47,47,HANDWRITTEN_CPP,False,CPP_UNVERIFIED,D_BOUNDARY,external/runtime/raw-pointer boundary
src/masstree/string_slice.hh,string,63,66,HANDWRITTEN_CPP,False,CPP_UNVERIFIED,B_DIRECT_MIGRATION,ordinary C++ control/data-flow without detected boundary
src/masstree/string_slice.hh,make,73,78,HANDWRITTEN_CPP,False,CPP_UNVERIFIED,D_BOUNDARY,external/runtime/raw-pointer boundary
src/masstree/string_slice.hh,make_comparable,101,105,HANDWRITTEN_CPP,False,CPP_UNVERIFIED,B_DIRECT_MIGRATION,ordinary C++ control/data-flow without detected boundary
src/masstree/string_slice.hh,unparse_comparable,118,118,HANDWRITTEN_CPP,False,CPP_UNVERIFIED,D_BOUNDARY,external/runtime/raw-pointer boundary
src/masstree/string_slice.hh,unparse_comparable,135,135,HANDWRITTEN_CPP,False,CPP_UNVERIFIED,D_BOUNDARY,external/runtime/raw-pointer boundary
src/masstree/string_slice.hh,equals_sloppy,154,154,HANDWRITTEN_CPP,False,CPP_UNVERIFIED,B_DIRECT_MIGRATION,ordinary C++ control/data-flow without detected boundary
src/masstree/stringbag.hh,pos,57,57,HANDWRITTEN_CPP,False,CPP_UNVERIFIED,B_DIRECT_MIGRATION,ordinary C++ control/data-flow without detected boundary
src/masstree/stringbag.hh,max_size,63,63,HANDWRITTEN_CPP,False,CPP_UNVERIFIED,B_DIRECT_MIGRATION,ordinary C++ control/data-flow without detected boundary
src/masstree/stringbag.hh,overhead,69,69,HANDWRITTEN_CPP,False,CPP_UNVERIFIED,B_DIRECT_MIGRATION,ordinary C++ control/data-flow without detected boundary
src/masstree/stringbag.hh,safe_size,75,75,HANDWRITTEN_CPP,False,CPP_UNVERIFIED,B_DIRECT_MIGRATION,ordinary C++ control/data-flow without detected boundary
src/masstree/stringbag.hh,assign,130,130,HANDWRITTEN_CPP,False,CPP_UNVERIFIED,B_DIRECT_MIGRATION,ordinary C++ control/data-flow without detected boundary
src/masstree/stringbag.hh,if,134,135,HANDWRITTEN_CPP,False,CPP_UNVERIFIED,B_DIRECT_MIGRATION,ordinary C++ control/data-flow without detected boundary
src/masstree/stringbag.hh,assign,145,145,HANDWRITTEN_CPP,False,CPP_UNVERIFIED,B_DIRECT_MIGRATION,ordinary C++ control/data-flow without detected boundary
src/masstree/stringbag.hh,print,150,150,HANDWRITTEN_CPP,False,CPP_UNVERIFIED,B_DIRECT_MIGRATION,ordinary C++ control/data-flow without detected boundary
src/masstree/test_atomics.cc,deallocate,64,64,HANDWRITTEN_CPP,False,CPP_UNVERIFIED,D_BOUNDARY,external/runtime/raw-pointer boundary
src/masstree/test_atomics.cc,test_atomics,78,79,HANDWRITTEN_CPP,False,CPP_UNVERIFIED,B_DIRECT_MIGRATION,ordinary C++ control/data-flow without detected boundary
src/masstree/test_atomics.cc,test_psdes_nr,105,106,HANDWRITTEN_CPP,False,CPP_UNVERIFIED,B_DIRECT_MIGRATION,ordinary C++ control/data-flow without detected boundary
src/masstree/test_atomics.cc,time_random,125,127,HANDWRITTEN_CPP,False,CPP_UNVERIFIED,B_DIRECT_MIGRATION,ordinary C++ control/data-flow without detected boundary
src/masstree/test_atomics.cc,time_keyslice,137,137,HANDWRITTEN_CPP,False,CPP_UNVERIFIED,D_BOUNDARY,external/runtime/raw-pointer boundary
src/masstree/test_atomics.cc,test_kpermuter,150,151,HANDWRITTEN_CPP,False,CPP_UNVERIFIED,B_DIRECT_MIGRATION,ordinary C++ control/data-flow without detected boundary
src/masstree/test_atomics.cc,test_string_slice,202,203,HANDWRITTEN_CPP,False,CPP_UNVERIFIED,B_DIRECT_MIGRATION,ordinary C++ control/data-flow without detected boundary
src/masstree/test_atomics.cc,test_string_bag,219,220,HANDWRITTEN_CPP,False,CPP_UNVERIFIED,B_DIRECT_MIGRATION,ordinary C++ control/data-flow without detected boundary
src/masstree/test_atomics.cc,test_json,296,298,HANDWRITTEN_CPP,False,CPP_UNVERIFIED,B_DIRECT_MIGRATION,ordinary C++ control/data-flow without detected boundary
src/masstree/test_atomics.cc,test_value_updates,434,435,HANDWRITTEN_CPP,False,CPP_UNVERIFIED,B_DIRECT_MIGRATION,ordinary C++ control/data-flow without detected boundary
src/masstree/test_atomics.cc,main,473,475,HANDWRITTEN_CPP,False,CPP_UNVERIFIED,B_DIRECT_MIGRATION,ordinary C++ control/data-flow without detected boundary
src/masstree/test_string.cc,to_utf8,44,44,HANDWRITTEN_CPP,False,CPP_UNVERIFIED,B_DIRECT_MIGRATION,ordinary C++ control/data-flow without detected boundary
src/masstree/test_string.cc,to_utf8,51,51,HANDWRITTEN_CPP,False,CPP_UNVERIFIED,B_DIRECT_MIGRATION,ordinary C++ control/data-flow without detected boundary
src/masstree/test_string.cc,to_utf8,64,64,HANDWRITTEN_CPP,False,CPP_UNVERIFIED,B_DIRECT_MIGRATION,ordinary C++ control/data-flow without detected boundary
src/masstree/test_string.cc,to_utf8,68,70,HANDWRITTEN_CPP,False,CPP_UNVERIFIED,B_DIRECT_MIGRATION,ordinary C++ control/data-flow without detected boundary
src/masstree/test_string.cc,check_straccum_utf8,77,81,HANDWRITTEN_CPP,False,CPP_UNVERIFIED,B_DIRECT_MIGRATION,ordinary C++ control/data-flow without detected boundary
src/masstree/test_string.cc,check_straccum2_utf8,87,92,HANDWRITTEN_CPP,False,CPP_UNVERIFIED,B_DIRECT_MIGRATION,ordinary C++ control/data-flow without detected boundary
src/masstree/test_string.cc,main,98,101,HANDWRITTEN_CPP,False,CPP_UNVERIFIED,B_DIRECT_MIGRATION,ordinary C++ control/data-flow without detected boundary
src/masstree/test_string.cc,if,130,130,HANDWRITTEN_CPP,False,CPP_UNVERIFIED,B_DIRECT_MIGRATION,ordinary C++ control/data-flow without detected boundary
src/masstree/testrunner.hh,name_,14,14,HANDWRITTEN_CPP,False,CPP_UNVERIFIED,B_DIRECT_MIGRATION,ordinary C++ control/data-flow without detected boundary
src/masstree/testrunner.hh,~testrunner_base,18,18,HANDWRITTEN_CPP,False,CPP_UNVERIFIED,B_DIRECT_MIGRATION,ordinary C++ control/data-flow without detected boundary
src/masstree/testrunner.hh,testrunner,43,45,HANDWRITTEN_CPP,False,CPP_UNVERIFIED,B_DIRECT_MIGRATION,ordinary C++ control/data-flow without detected boundary
src/masstree/testrunner.hh,run,61,61,HANDWRITTEN_CPP,False,CPP_UNVERIFIED,B_DIRECT_MIGRATION,ordinary C++ control/data-flow without detected boundary
src/masstree/tests/fuzz_masstree.cc,vk,33,34,HANDWRITTEN_CPP,False,CPP_UNVERIFIED,D_BOUNDARY,external/runtime/raw-pointer boundary
src/masstree/tests/fuzz_masstree.cc,ByteStream,41,42,HANDWRITTEN_CPP,False,CPP_UNVERIFIED,B_DIRECT_MIGRATION,ordinary C++ control/data-flow without detected boundary
src/masstree/tests/fuzz_masstree.cc,byte,44,44,HANDWRITTEN_CPP,False,CPP_UNVERIFIED,B_DIRECT_MIGRATION,ordinary C++ control/data-flow without detected boundary
src/masstree/tests/fuzz_masstree.cc,u64,45,45,HANDWRITTEN_CPP,False,CPP_UNVERIFIED,B_DIRECT_MIGRATION,ordinary C++ control/data-flow without detected boundary
src/masstree/tests/fuzz_masstree.cc,take,50,50,HANDWRITTEN_CPP,False,CPP_UNVERIFIED,D_BOUNDARY,external/runtime/raw-pointer boundary
src/masstree/tests/masstree_perf.cc,CurrentTimestamp,45,46,HANDWRITTEN_CPP,False,CPP_UNVERIFIED,B_DIRECT_MIGRATION,ordinary C++ control/data-flow without detected boundary
src/masstree/tests/masstree_perf.cc,OpsPerSecond,54,55,HANDWRITTEN_CPP,False,CPP_UNVERIFIED,B_DIRECT_MIGRATION,ordinary C++ control/data-flow without detected boundary
src/masstree/tests/masstree_perf.cc,StorageBank,66,66,HANDWRITTEN_CPP,False,CPP_UNVERIFIED,B_DIRECT_MIGRATION,ordinary C++ control/data-flow without detected boundary
src/masstree/tests/masstree_perf.cc,ValueFor,69,70,HANDWRITTEN_CPP,False,CPP_UNVERIFIED,B_DIRECT_MIGRATION,ordinary C++ control/data-flow without detected boundary
src/masstree/tests/masstree_perf.cc,BenchmarkHarness,79,83,HANDWRITTEN_CPP,False,CPP_UNVERIFIED,B_DIRECT_MIGRATION,ordinary C++ control/data-flow without detected boundary
src/masstree/tests/masstree_perf.cc,RunAll,89,90,HANDWRITTEN_CPP,False,CPP_UNVERIFIED,B_DIRECT_MIGRATION,ordinary C++ control/data-flow without detected boundary
src/masstree/tests/masstree_perf.cc,BestOf,106,108,HANDWRITTEN_CPP,False,CPP_UNVERIFIED,B_DIRECT_MIGRATION,ordinary C++ control/data-flow without detected boundary
src/masstree/tests/masstree_perf.cc,RunSequentialInsert,118,120,HANDWRITTEN_CPP,False,CPP_UNVERIFIED,B_DIRECT_MIGRATION,ordinary C++ control/data-flow without detected boundary
src/masstree/tests/masstree_perf.cc,RunRandomInsert,130,131,HANDWRITTEN_CPP,False,CPP_UNVERIFIED,B_DIRECT_MIGRATION,ordinary C++ control/data-flow without detected boundary
src/masstree/tests/masstree_perf.cc,RunRandomLookup,143,144,HANDWRITTEN_CPP,False,CPP_UNVERIFIED,B_DIRECT_MIGRATION,ordinary C++ control/data-flow without detected boundary
src/masstree/tests/masstree_perf.cc,RunMixedReadWrite,166,167,HANDWRITTEN_CPP,False,CPP_UNVERIFIED,B_DIRECT_MIGRATION,ordinary C++ control/data-flow without detected boundary
src/masstree/tests/masstree_perf.cc,RunRangeScan,205,206,HANDWRITTEN_CPP,False,CPP_UNVERIFIED,B_DIRECT_MIGRATION,ordinary C++ control/data-flow without detected boundary
src/masstree/tests/masstree_perf.cc,RunSequentialRemove,232,233,HANDWRITTEN_CPP,False,CPP_UNVERIFIED,B_DIRECT_MIGRATION,ordinary C++ control/data-flow without detected boundary
src/masstree/tests/masstree_perf.cc,PopulateTree,246,248,HANDWRITTEN_CPP,False,CPP_UNVERIFIED,B_DIRECT_MIGRATION,ordinary C++ control/data-flow without detected boundary
src/masstree/tests/masstree_perf.cc,EncodeValue,260,261,HANDWRITTEN_CPP,False,CPP_UNVERIFIED,B_DIRECT_MIGRATION,ordinary C++ control/data-flow without detected boundary
src/masstree/tests/masstree_perf.cc,ScenarioName,264,265,HANDWRITTEN_CPP,False,CPP_UNVERIFIED,B_DIRECT_MIGRATION,ordinary C++ control/data-flow without detected boundary
src/masstree/tests/masstree_perf.cc,RunParallel,270,272,HANDWRITTEN_CPP,False,CPP_UNVERIFIED,B_DIRECT_MIGRATION,ordinary C++ control/data-flow without detected boundary
src/masstree/tests/masstree_perf.cc,RunParallelInsert,288,289,HANDWRITTEN_CPP,False,CPP_UNVERIFIED,B_DIRECT_MIGRATION,ordinary C++ control/data-flow without detected boundary
src/masstree/tests/masstree_perf.cc,RunParallelLookup,303,304,HANDWRITTEN_CPP,False,CPP_UNVERIFIED,B_DIRECT_MIGRATION,ordinary C++ control/data-flow without detected boundary
src/masstree/tests/masstree_perf.cc,RunParallelMixed,322,323,HANDWRITTEN_CPP,False,CPP_UNVERIFIED,B_DIRECT_MIGRATION,ordinary C++ control/data-flow without detected boundary
src/masstree/tests/masstree_perf.cc,WriteJson,354,355,HANDWRITTEN_CPP,False,CPP_UNVERIFIED,B_DIRECT_MIGRATION,ordinary C++ control/data-flow without detected boundary
src/masstree/tests/masstree_perf.cc,PrintComparison,430,431,HANDWRITTEN_CPP,False,CPP_UNVERIFIED,B_DIRECT_MIGRATION,ordinary C++ control/data-flow without detected boundary
src/masstree/tests/masstree_perf.cc,PrintUsage,454,455,HANDWRITTEN_CPP,False,CPP_UNVERIFIED,D_BOUNDARY,external/runtime/raw-pointer boundary
src/masstree/tests/masstree_perf.cc,ParseThreadList,469,470,HANDWRITTEN_CPP,False,CPP_UNVERIFIED,B_DIRECT_MIGRATION,ordinary C++ control/data-flow without detected boundary
src/masstree/tests/masstree_perf.cc,main,490,491,HANDWRITTEN_CPP,False,CPP_UNVERIFIED,B_DIRECT_MIGRATION,ordinary C++ control/data-flow without detected boundary
src/masstree/tests/test_masstree.cc,vk,18,19,HANDWRITTEN_CPP,False,CPP_UNVERIFIED,D_BOUNDARY,external/runtime/raw-pointer boundary
src/masstree/tests/test_masstree.cc,MakeValue,36,37,HANDWRITTEN_CPP,False,CPP_UNVERIFIED,B_DIRECT_MIGRATION,ordinary C++ control/data-flow without detected boundary
src/masstree/tests/test_masstree.cc,Decode,41,42,HANDWRITTEN_CPP,False,CPP_UNVERIFIED,B_DIRECT_MIGRATION,ordinary C++ control/data-flow without detected boundary
src/masstree/tests/test_masstree.cc,AllShapes,132,132,HANDWRITTEN_CPP,False,CPP_UNVERIFIED,B_DIRECT_MIGRATION,ordinary C++ control/data-flow without detected boundary
src/masstree/tests/test_masstree_concurrent.cc,K,34,35,HANDWRITTEN_CPP,False,CPP_UNVERIFIED,B_DIRECT_MIGRATION,ordinary C++ control/data-flow without detected boundary
src/masstree/tests/test_masstree_concurrent.cc,ToValue,36,37,HANDWRITTEN_CPP,False,CPP_UNVERIFIED,B_DIRECT_MIGRATION,ordinary C++ control/data-flow without detected boundary
src/masstree/tests/test_masstree_concurrent.cc,FromValue,43,44,HANDWRITTEN_CPP,False,CPP_UNVERIFIED,B_DIRECT_MIGRATION,ordinary C++ control/data-flow without detected boundary
src/masstree/tests/test_masstree_concurrent.cc,stop,55,55,HANDWRITTEN_CPP,False,CPP_UNVERIFIED,B_DIRECT_MIGRATION,ordinary C++ control/data-flow without detected boundary
src/masstree/tests/test_masstree_headers.cc,Instantiate,48,49,HANDWRITTEN_CPP,False,CPP_UNVERIFIED,B_DIRECT_MIGRATION,ordinary C++ control/data-flow without detected boundary
src/masstree/tests/test_masstree_headers.cc,main,57,58,HANDWRITTEN_CPP,False,CPP_UNVERIFIED,B_DIRECT_MIGRATION,ordinary C++ control/data-flow without detected boundary
src/masstree/tests/test_masstree_layered.cc,vk,36,37,HANDWRITTEN_CPP,False,CPP_UNVERIFIED,D_BOUNDARY,external/runtime/raw-pointer boundary
src/masstree/tests/test_masstree_layered.cc,Make,42,43,HANDWRITTEN_CPP,False,CPP_UNVERIFIED,B_DIRECT_MIGRATION,ordinary C++ control/data-flow without detected boundary
src/masstree/tests/test_masstree_layered.cc,Decode,47,47,HANDWRITTEN_CPP,False,CPP_UNVERIFIED,B_DIRECT_MIGRATION,ordinary C++ control/data-flow without detected boundary
src/masstree/tests/test_masstree_linearizability.cc,K,51,52,HANDWRITTEN_CPP,False,CPP_UNVERIFIED,B_DIRECT_MIGRATION,ordinary C++ control/data-flow without detected boundary
src/masstree/tests/test_masstree_linearizability.cc,ToValue,53,54,HANDWRITTEN_CPP,False,CPP_UNVERIFIED,B_DIRECT_MIGRATION,ordinary C++ control/data-flow without detected boundary
src/masstree/tests/test_masstree_linearizability.cc,FromValue,57,57,HANDWRITTEN_CPP,False,CPP_UNVERIFIED,B_DIRECT_MIGRATION,ordinary C++ control/data-flow without detected boundary
src/masstree/tests/test_masstree_linearizability.cc,Apply,85,86,HANDWRITTEN_CPP,False,CPP_UNVERIFIED,B_DIRECT_MIGRATION,ordinary C++ control/data-flow without detected boundary
src/masstree/tests/test_masstree_linearizability.cc,TryLinearize,123,124,HANDWRITTEN_CPP,False,CPP_UNVERIFIED,B_DIRECT_MIGRATION,ordinary C++ control/data-flow without detected boundary
src/masstree/tests/test_masstree_linearizability.cc,CheckPerKeyLinearizability,155,156,HANDWRITTEN_CPP,False,CPP_UNVERIFIED,B_DIRECT_MIGRATION,ordinary C++ control/data-flow without detected boundary
src/masstree/tests/test_masstree_linearizability.cc,DumpOps,174,175,HANDWRITTEN_CPP,False,CPP_UNVERIFIED,B_DIRECT_MIGRATION,ordinary C++ control/data-flow without detected boundary
src/masstree/tests/test_masstree_linearizability.cc,RunLinearizabilitySession,189,190,HANDWRITTEN_CPP,False,CPP_UNVERIFIED,B_DIRECT_MIGRATION,ordinary C++ control/data-flow without detected boundary
src/masstree/tests/test_masstree_memory.cc,K,36,37,HANDWRITTEN_CPP,False,CPP_UNVERIFIED,B_DIRECT_MIGRATION,ordinary C++ control/data-flow without detected boundary
src/masstree/tests/test_masstree_memory.cc,ToValue,38,38,HANDWRITTEN_CPP,False,CPP_UNVERIFIED,B_DIRECT_MIGRATION,ordinary C++ control/data-flow without detected boundary
src/masstree/tests/test_masstree_multi_instance.cc,be_u64,63,63,HANDWRITTEN_CPP,False,CPP_UNVERIFIED,B_DIRECT_MIGRATION,ordinary C++ control/data-flow without detected boundary
src/masstree/tests/test_masstree_multi_instance.cc,pure_insert,74,75,HANDWRITTEN_CPP,False,CPP_UNVERIFIED,B_DIRECT_MIGRATION,ordinary C++ control/data-flow without detected boundary
src/masstree/tests/test_masstree_multi_instance.cc,pure_search,86,87,HANDWRITTEN_CPP,False,CPP_UNVERIFIED,B_DIRECT_MIGRATION,ordinary C++ control/data-flow without detected boundary
src/masstree/tests/test_masstree_property.cc,vk,31,32,HANDWRITTEN_CPP,False,CPP_UNVERIFIED,D_BOUNDARY,external/runtime/raw-pointer boundary
src/masstree/tests/test_masstree_property.cc,BuildKeyPool,39,39,HANDWRITTEN_CPP,False,CPP_UNVERIFIED,B_DIRECT_MIGRATION,ordinary C++ control/data-flow without detected boundary
src/masstree/tests/test_masstree_property.cc,Make,74,75,HANDWRITTEN_CPP,False,CPP_UNVERIFIED,B_DIRECT_MIGRATION,ordinary C++ control/data-flow without detected boundary
src/masstree/tests/test_masstree_property.cc,Decode,79,80,HANDWRITTEN_CPP,False,CPP_UNVERIFIED,B_DIRECT_MIGRATION,ordinary C++ control/data-flow without detected boundary
src/masstree/tests/test_masstree_property.cc,RunPropertySession,120,121,HANDWRITTEN_CPP,False,CPP_UNVERIFIED,B_DIRECT_MIGRATION,ordinary C++ control/data-flow without detected boundary
src/masstree/tests/test_masstree_property.cc,FormatSeed,220,221,HANDWRITTEN_CPP,False,CPP_UNVERIFIED,B_DIRECT_MIGRATION,ordinary C++ control/data-flow without detected boundary
src/masstree/tests/test_masstree_soak.cc,K,50,51,HANDWRITTEN_CPP,False,CPP_UNVERIFIED,B_DIRECT_MIGRATION,ordinary C++ control/data-flow without detected boundary
src/masstree/tests/test_masstree_soak.cc,ToValue,52,52,HANDWRITTEN_CPP,False,CPP_UNVERIFIED,B_DIRECT_MIGRATION,ordinary C++ control/data-flow without detected boundary
src/masstree/tests/test_masstree_soak.cc,FromValue,55,55,HANDWRITTEN_CPP,False,CPP_UNVERIFIED,B_DIRECT_MIGRATION,ordinary C++ control/data-flow without detected boundary
src/masstree/tests/test_masstree_soak.cc,SoakDuration,60,60,HANDWRITTEN_CPP,False,CPP_UNVERIFIED,D_BOUNDARY,external/runtime/raw-pointer boundary
src/masstree/timestamp.hh,timestamp,40,40,HANDWRITTEN_CPP,False,CPP_UNVERIFIED,B_DIRECT_MIGRATION,ordinary C++ control/data-flow without detected boundary
src/masstree/timestamp.hh,timestamp_sub,47,47,HANDWRITTEN_CPP,False,CPP_UNVERIFIED,B_DIRECT_MIGRATION,ordinary C++ control/data-flow without detected boundary
src/masstree/timestamp.hh,now,57,57,HANDWRITTEN_CPP,False,CPP_UNVERIFIED,B_DIRECT_MIGRATION,ordinary C++ control/data-flow without detected boundary
src/masstree/value_array.hh,print,55,57,HANDWRITTEN_CPP,False,CPP_UNVERIFIED,B_DIRECT_MIGRATION,ordinary C++ control/data-flow without detected boundary
src/masstree/value_array.hh,ts_,78,78,HANDWRITTEN_CPP,False,CPP_UNVERIFIED,B_DIRECT_MIGRATION,ordinary C++ control/data-flow without detected boundary
src/masstree/value_bag.hh,ts_,91,91,HANDWRITTEN_CPP,False,CPP_UNVERIFIED,B_DIRECT_MIGRATION,ordinary C++ control/data-flow without detected boundary
src/masstree/value_string.hh,print,58,60,HANDWRITTEN_CPP,False,CPP_UNVERIFIED,B_DIRECT_MIGRATION,ordinary C++ control/data-flow without detected boundary
src/masstree/value_string.hh,ts_,94,94,HANDWRITTEN_CPP,False,CPP_UNVERIFIED,B_DIRECT_MIGRATION,ordinary C++ control/data-flow without detected boundary
src/masstree/value_versioned_array.hh,dirty,36,36,HANDWRITTEN_CPP,False,CPP_UNVERIFIED,B_DIRECT_MIGRATION,ordinary C++ control/data-flow without detected boundary
src/masstree/value_versioned_array.hh,setdirty,40,40,HANDWRITTEN_CPP,False,CPP_UNVERIFIED,B_DIRECT_MIGRATION,ordinary C++ control/data-flow without detected boundary
src/masstree/value_versioned_array.hh,clear,44,44,HANDWRITTEN_CPP,False,CPP_UNVERIFIED,B_DIRECT_MIGRATION,ordinary C++ control/data-flow without detected boundary
src/masstree/value_versioned_array.hh,clearandbump,48,48,HANDWRITTEN_CPP,False,CPP_UNVERIFIED,B_DIRECT_MIGRATION,ordinary C++ control/data-flow without detected boundary
src/masstree/value_versioned_array.hh,v_,77,77,HANDWRITTEN_CPP,False,CPP_UNVERIFIED,B_DIRECT_MIGRATION,ordinary C++ control/data-flow without detected boundary
src/masstree/value_versioned_array.hh,print,115,117,HANDWRITTEN_CPP,False,CPP_UNVERIFIED,B_DIRECT_MIGRATION,ordinary C++ control/data-flow without detected boundary
src/masstree/value_versioned_array.hh,snapshot_,142,142,HANDWRITTEN_CPP,False,CPP_UNVERIFIED,B_DIRECT_MIGRATION,ordinary C++ control/data-flow without detected boundary
src/masstree/value_versioned_array.hh,snapshot,145,147,HANDWRITTEN_CPP,False,CPP_UNVERIFIED,B_DIRECT_MIGRATION,ordinary C++ control/data-flow without detected boundary
src/masstree/value_versioned_array.hh,ts_,155,155,HANDWRITTEN_CPP,False,CPP_UNVERIFIED,B_DIRECT_MIGRATION,ordinary C++ control/data-flow without detected boundary
