file,qualified_name,start_line,end_line,source_kind,generated,rustycpp_status,migration_class,reason
benchmarks/db_bench.cc,CountComparator,138,139,HANDWRITTEN_CPP,False,CPP_UNVERIFIED,B_DIRECT_MIGRATION,ordinary C++ control/data-flow without detected boundary
benchmarks/db_bench.cc,reset,156,157,HANDWRITTEN_CPP,False,CPP_UNVERIFIED,B_DIRECT_MIGRATION,ordinary C++ control/data-flow without detected boundary
benchmarks/db_bench.cc,RandomGenerator,169,171,HANDWRITTEN_CPP,False,CPP_UNVERIFIED,D_BOUNDARY,external/runtime/raw-pointer boundary
benchmarks/db_bench.cc,Generate,185,186,HANDWRITTEN_CPP,False,CPP_UNVERIFIED,B_DIRECT_MIGRATION,ordinary C++ control/data-flow without detected boundary
benchmarks/db_bench.cc,KeyBuffer,197,198,HANDWRITTEN_CPP,False,CPP_UNVERIFIED,B_DIRECT_MIGRATION,ordinary C++ control/data-flow without detected boundary
benchmarks/db_bench.cc,Set,204,205,HANDWRITTEN_CPP,False,CPP_UNVERIFIED,B_DIRECT_MIGRATION,ordinary C++ control/data-flow without detected boundary
benchmarks/db_bench.cc,TrimSpace,217,217,HANDWRITTEN_CPP,False,CPP_UNVERIFIED,B_DIRECT_MIGRATION,ordinary C++ control/data-flow without detected boundary
benchmarks/db_bench.cc,AppendWithSpace,229,230,HANDWRITTEN_CPP,False,CPP_UNVERIFIED,B_DIRECT_MIGRATION,ordinary C++ control/data-flow without detected boundary
benchmarks/db_bench.cc,Stats,249,251,HANDWRITTEN_CPP,False,CPP_UNVERIFIED,B_DIRECT_MIGRATION,ordinary C++ control/data-flow without detected boundary
benchmarks/db_bench.cc,Start,252,253,HANDWRITTEN_CPP,False,CPP_UNVERIFIED,B_DIRECT_MIGRATION,ordinary C++ control/data-flow without detected boundary
benchmarks/db_bench.cc,Merge,262,263,HANDWRITTEN_CPP,False,CPP_UNVERIFIED,B_DIRECT_MIGRATION,ordinary C++ control/data-flow without detected boundary
benchmarks/db_bench.cc,Stop,274,275,HANDWRITTEN_CPP,False,CPP_UNVERIFIED,B_DIRECT_MIGRATION,ordinary C++ control/data-flow without detected boundary
benchmarks/db_bench.cc,AddMessage,279,280,HANDWRITTEN_CPP,False,CPP_UNVERIFIED,B_DIRECT_MIGRATION,ordinary C++ control/data-flow without detected boundary
benchmarks/db_bench.cc,FinishedSingleOp,281,282,HANDWRITTEN_CPP,False,CPP_UNVERIFIED,B_DIRECT_MIGRATION,ordinary C++ control/data-flow without detected boundary
benchmarks/db_bench.cc,AddBytes,314,315,HANDWRITTEN_CPP,False,CPP_UNVERIFIED,B_DIRECT_MIGRATION,ordinary C++ control/data-flow without detected boundary
benchmarks/db_bench.cc,Report,316,317,HANDWRITTEN_CPP,False,CPP_UNVERIFIED,B_DIRECT_MIGRATION,ordinary C++ control/data-flow without detected boundary
benchmarks/db_bench.cc,cv,362,362,HANDWRITTEN_CPP,False,CPP_UNVERIFIED,B_DIRECT_MIGRATION,ordinary C++ control/data-flow without detected boundary
benchmarks/db_bench.cc,Compress,374,377,HANDWRITTEN_CPP,False,CPP_UNVERIFIED,B_DIRECT_MIGRATION,ordinary C++ control/data-flow without detected boundary
benchmarks/db_bench.cc,Uncompress,401,405,HANDWRITTEN_CPP,False,CPP_UNVERIFIED,D_BOUNDARY,external/runtime/raw-pointer boundary
benchmarks/db_bench.cc,PrintHeader,441,442,HANDWRITTEN_CPP,False,CPP_UNVERIFIED,B_DIRECT_MIGRATION,ordinary C++ control/data-flow without detected boundary
benchmarks/db_bench.cc,PrintWarnings,461,462,HANDWRITTEN_CPP,False,CPP_UNVERIFIED,B_DIRECT_MIGRATION,ordinary C++ control/data-flow without detected boundary
benchmarks/db_bench.cc,PrintEnvironment,483,484,HANDWRITTEN_CPP,False,CPP_UNVERIFIED,D_BOUNDARY,external/runtime/raw-pointer boundary
benchmarks/db_bench.cc,Benchmark,519,533,HANDWRITTEN_CPP,False,CPP_UNVERIFIED,B_DIRECT_MIGRATION,ordinary C++ control/data-flow without detected boundary
benchmarks/db_bench.cc,Run,551,552,HANDWRITTEN_CPP,False,CPP_UNVERIFIED,D_BOUNDARY,external/runtime/raw-pointer boundary
benchmarks/db_bench.cc,ThreadBody,681,682,HANDWRITTEN_CPP,False,CPP_UNVERIFIED,B_DIRECT_MIGRATION,ordinary C++ control/data-flow without detected boundary
benchmarks/db_bench.cc,RunBenchmark,709,711,HANDWRITTEN_CPP,False,CPP_UNVERIFIED,B_DIRECT_MIGRATION,ordinary C++ control/data-flow without detected boundary
benchmarks/db_bench.cc,Crc32c,755,756,HANDWRITTEN_CPP,False,CPP_UNVERIFIED,D_BOUNDARY,external/runtime/raw-pointer boundary
benchmarks/db_bench.cc,SnappyCompress,774,775,HANDWRITTEN_CPP,False,CPP_UNVERIFIED,B_DIRECT_MIGRATION,ordinary C++ control/data-flow without detected boundary
benchmarks/db_bench.cc,SnappyUncompress,778,779,HANDWRITTEN_CPP,False,CPP_UNVERIFIED,B_DIRECT_MIGRATION,ordinary C++ control/data-flow without detected boundary
benchmarks/db_bench.cc,ZstdCompress,783,784,HANDWRITTEN_CPP,False,CPP_UNVERIFIED,D_BOUNDARY,external/runtime/raw-pointer boundary
benchmarks/db_bench.cc,ZstdUncompress,791,792,HANDWRITTEN_CPP,False,CPP_UNVERIFIED,D_BOUNDARY,external/runtime/raw-pointer boundary
benchmarks/db_bench.cc,Open,801,802,HANDWRITTEN_CPP,False,CPP_UNVERIFIED,B_DIRECT_MIGRATION,ordinary C++ control/data-flow without detected boundary
benchmarks/db_bench.cc,OpenBench,825,826,HANDWRITTEN_CPP,False,CPP_UNVERIFIED,B_DIRECT_MIGRATION,ordinary C++ control/data-flow without detected boundary
benchmarks/db_bench.cc,WriteSeq,833,834,HANDWRITTEN_CPP,False,CPP_UNVERIFIED,B_DIRECT_MIGRATION,ordinary C++ control/data-flow without detected boundary
benchmarks/db_bench.cc,WriteRandom,835,836,HANDWRITTEN_CPP,False,CPP_UNVERIFIED,B_DIRECT_MIGRATION,ordinary C++ control/data-flow without detected boundary
benchmarks/db_bench.cc,DoWrite,837,838,HANDWRITTEN_CPP,False,CPP_UNVERIFIED,B_DIRECT_MIGRATION,ordinary C++ control/data-flow without detected boundary
benchmarks/db_bench.cc,ReadSequential,867,868,HANDWRITTEN_CPP,False,CPP_UNVERIFIED,B_DIRECT_MIGRATION,ordinary C++ control/data-flow without detected boundary
benchmarks/db_bench.cc,ReadReverse,880,881,HANDWRITTEN_CPP,False,CPP_UNVERIFIED,B_DIRECT_MIGRATION,ordinary C++ control/data-flow without detected boundary
benchmarks/db_bench.cc,ReadRandom,893,894,HANDWRITTEN_CPP,False,CPP_UNVERIFIED,B_DIRECT_MIGRATION,ordinary C++ control/data-flow without detected boundary
benchmarks/db_bench.cc,ReadMissing,911,912,HANDWRITTEN_CPP,False,CPP_UNVERIFIED,B_DIRECT_MIGRATION,ordinary C++ control/data-flow without detected boundary
benchmarks/db_bench.cc,ReadHot,924,925,HANDWRITTEN_CPP,False,CPP_UNVERIFIED,B_DIRECT_MIGRATION,ordinary C++ control/data-flow without detected boundary
benchmarks/db_bench.cc,SeekRandom,937,938,HANDWRITTEN_CPP,False,CPP_UNVERIFIED,B_DIRECT_MIGRATION,ordinary C++ control/data-flow without detected boundary
benchmarks/db_bench.cc,SeekOrdered,955,956,HANDWRITTEN_CPP,False,CPP_UNVERIFIED,B_DIRECT_MIGRATION,ordinary C++ control/data-flow without detected boundary
benchmarks/db_bench.cc,DoDelete,974,975,HANDWRITTEN_CPP,False,CPP_UNVERIFIED,B_DIRECT_MIGRATION,ordinary C++ control/data-flow without detected boundary
benchmarks/db_bench.cc,DeleteSeq,995,996,HANDWRITTEN_CPP,False,CPP_UNVERIFIED,B_DIRECT_MIGRATION,ordinary C++ control/data-flow without detected boundary
benchmarks/db_bench.cc,DeleteRandom,997,998,HANDWRITTEN_CPP,False,CPP_UNVERIFIED,B_DIRECT_MIGRATION,ordinary C++ control/data-flow without detected boundary
benchmarks/db_bench.cc,ReadWhileWriting,999,1000,HANDWRITTEN_CPP,False,CPP_UNVERIFIED,B_DIRECT_MIGRATION,ordinary C++ control/data-flow without detected boundary
benchmarks/db_bench.cc,Compact,1030,1031,HANDWRITTEN_CPP,False,CPP_UNVERIFIED,B_DIRECT_MIGRATION,ordinary C++ control/data-flow without detected boundary
benchmarks/db_bench.cc,PrintStats,1032,1033,HANDWRITTEN_CPP,False,CPP_UNVERIFIED,B_DIRECT_MIGRATION,ordinary C++ control/data-flow without detected boundary
benchmarks/db_bench.cc,WriteToFile,1040,1041,HANDWRITTEN_CPP,False,CPP_UNVERIFIED,B_DIRECT_MIGRATION,ordinary C++ control/data-flow without detected boundary
benchmarks/db_bench.cc,HeapProfile,1044,1045,HANDWRITTEN_CPP,False,CPP_UNVERIFIED,B_DIRECT_MIGRATION,ordinary C++ control/data-flow without detected boundary
benchmarks/db_bench.cc,main,1065,1066,HANDWRITTEN_CPP,False,CPP_UNVERIFIED,B_DIRECT_MIGRATION,ordinary C++ control/data-flow without detected boundary
benchmarks/db_bench_log.cc,MakeKey,23,24,HANDWRITTEN_CPP,False,CPP_UNVERIFIED,B_DIRECT_MIGRATION,ordinary C++ control/data-flow without detected boundary
benchmarks/db_bench_log.cc,BM_LogAndApply,29,30,HANDWRITTEN_CPP,False,CPP_UNVERIFIED,B_DIRECT_MIGRATION,ordinary C++ control/data-flow without detected boundary
benchmarks/db_bench_sqlite3.cc,ExecErrorCheck,84,85,HANDWRITTEN_CPP,False,CPP_UNVERIFIED,B_DIRECT_MIGRATION,ordinary C++ control/data-flow without detected boundary
benchmarks/db_bench_sqlite3.cc,StepErrorCheck,92,93,HANDWRITTEN_CPP,False,CPP_UNVERIFIED,B_DIRECT_MIGRATION,ordinary C++ control/data-flow without detected boundary
benchmarks/db_bench_sqlite3.cc,ErrorCheck,99,100,HANDWRITTEN_CPP,False,CPP_UNVERIFIED,B_DIRECT_MIGRATION,ordinary C++ control/data-flow without detected boundary
benchmarks/db_bench_sqlite3.cc,WalCheckpoint,106,107,HANDWRITTEN_CPP,False,CPP_UNVERIFIED,B_DIRECT_MIGRATION,ordinary C++ control/data-flow without detected boundary
benchmarks/db_bench_sqlite3.cc,RandomGenerator,123,125,HANDWRITTEN_CPP,False,CPP_UNVERIFIED,D_BOUNDARY,external/runtime/raw-pointer boundary
benchmarks/db_bench_sqlite3.cc,Generate,139,140,HANDWRITTEN_CPP,False,CPP_UNVERIFIED,B_DIRECT_MIGRATION,ordinary C++ control/data-flow without detected boundary
benchmarks/db_bench_sqlite3.cc,TrimSpace,149,150,HANDWRITTEN_CPP,False,CPP_UNVERIFIED,B_DIRECT_MIGRATION,ordinary C++ control/data-flow without detected boundary
benchmarks/db_bench_sqlite3.cc,PrintHeader,181,182,HANDWRITTEN_CPP,False,CPP_UNVERIFIED,B_DIRECT_MIGRATION,ordinary C++ control/data-flow without detected boundary
benchmarks/db_bench_sqlite3.cc,PrintWarnings,194,195,HANDWRITTEN_CPP,False,CPP_UNVERIFIED,B_DIRECT_MIGRATION,ordinary C++ control/data-flow without detected boundary
benchmarks/db_bench_sqlite3.cc,PrintEnvironment,207,208,HANDWRITTEN_CPP,False,CPP_UNVERIFIED,D_BOUNDARY,external/runtime/raw-pointer boundary
benchmarks/db_bench_sqlite3.cc,Start,242,243,HANDWRITTEN_CPP,False,CPP_UNVERIFIED,B_DIRECT_MIGRATION,ordinary C++ control/data-flow without detected boundary
benchmarks/db_bench_sqlite3.cc,FinishedSingleOp,252,253,HANDWRITTEN_CPP,False,CPP_UNVERIFIED,B_DIRECT_MIGRATION,ordinary C++ control/data-flow without detected boundary
benchmarks/db_bench_sqlite3.cc,Stop,285,286,HANDWRITTEN_CPP,False,CPP_UNVERIFIED,B_DIRECT_MIGRATION,ordinary C++ control/data-flow without detected boundary
benchmarks/db_bench_sqlite3.cc,db_,319,324,HANDWRITTEN_CPP,False,CPP_UNVERIFIED,B_DIRECT_MIGRATION,ordinary C++ control/data-flow without detected boundary
benchmarks/db_bench_sqlite3.cc,Run,345,346,HANDWRITTEN_CPP,False,CPP_UNVERIFIED,D_BOUNDARY,external/runtime/raw-pointer boundary
benchmarks/db_bench_sqlite3.cc,Open,420,421,HANDWRITTEN_CPP,False,CPP_UNVERIFIED,D_BOUNDARY,external/runtime/raw-pointer boundary
benchmarks/db_bench_sqlite3.cc,Write,482,484,HANDWRITTEN_CPP,False,CPP_UNVERIFIED,B_DIRECT_MIGRATION,ordinary C++ control/data-flow without detected boundary
benchmarks/db_bench_sqlite3.cc,Read,585,586,HANDWRITTEN_CPP,False,CPP_UNVERIFIED,D_BOUNDARY,external/runtime/raw-pointer boundary
benchmarks/db_bench_sqlite3.cc,ReadSequential,654,655,HANDWRITTEN_CPP,False,CPP_UNVERIFIED,B_DIRECT_MIGRATION,ordinary C++ control/data-flow without detected boundary
benchmarks/db_bench_sqlite3.cc,main,673,674,HANDWRITTEN_CPP,False,CPP_UNVERIFIED,B_DIRECT_MIGRATION,ordinary C++ control/data-flow without detected boundary
benchmarks/db_bench_tree_db.cc,DBSynchronize,74,75,HANDWRITTEN_CPP,False,CPP_UNVERIFIED,B_DIRECT_MIGRATION,ordinary C++ control/data-flow without detected boundary
benchmarks/db_bench_tree_db.cc,RandomGenerator,90,92,HANDWRITTEN_CPP,False,CPP_UNVERIFIED,D_BOUNDARY,external/runtime/raw-pointer boundary
benchmarks/db_bench_tree_db.cc,Generate,106,107,HANDWRITTEN_CPP,False,CPP_UNVERIFIED,B_DIRECT_MIGRATION,ordinary C++ control/data-flow without detected boundary
benchmarks/db_bench_tree_db.cc,TrimSpace,116,117,HANDWRITTEN_CPP,False,CPP_UNVERIFIED,B_DIRECT_MIGRATION,ordinary C++ control/data-flow without detected boundary
benchmarks/db_bench_tree_db.cc,PrintHeader,149,150,HANDWRITTEN_CPP,False,CPP_UNVERIFIED,B_DIRECT_MIGRATION,ordinary C++ control/data-flow without detected boundary
benchmarks/db_bench_tree_db.cc,PrintWarnings,169,170,HANDWRITTEN_CPP,False,CPP_UNVERIFIED,B_DIRECT_MIGRATION,ordinary C++ control/data-flow without detected boundary
benchmarks/db_bench_tree_db.cc,PrintEnvironment,182,183,HANDWRITTEN_CPP,False,CPP_UNVERIFIED,D_BOUNDARY,external/runtime/raw-pointer boundary
benchmarks/db_bench_tree_db.cc,Start,220,221,HANDWRITTEN_CPP,False,CPP_UNVERIFIED,B_DIRECT_MIGRATION,ordinary C++ control/data-flow without detected boundary
benchmarks/db_bench_tree_db.cc,FinishedSingleOp,230,231,HANDWRITTEN_CPP,False,CPP_UNVERIFIED,B_DIRECT_MIGRATION,ordinary C++ control/data-flow without detected boundary
benchmarks/db_bench_tree_db.cc,Stop,263,264,HANDWRITTEN_CPP,False,CPP_UNVERIFIED,B_DIRECT_MIGRATION,ordinary C++ control/data-flow without detected boundary
benchmarks/db_bench_tree_db.cc,db_,297,301,HANDWRITTEN_CPP,False,CPP_UNVERIFIED,B_DIRECT_MIGRATION,ordinary C++ control/data-flow without detected boundary
benchmarks/db_bench_tree_db.cc,Run,323,324,HANDWRITTEN_CPP,False,CPP_UNVERIFIED,D_BOUNDARY,external/runtime/raw-pointer boundary
benchmarks/db_bench_tree_db.cc,Open,393,395,HANDWRITTEN_CPP,False,CPP_UNVERIFIED,D_BOUNDARY,external/runtime/raw-pointer boundary
benchmarks/db_bench_tree_db.cc,Write,427,429,HANDWRITTEN_CPP,False,CPP_UNVERIFIED,B_DIRECT_MIGRATION,ordinary C++ control/data-flow without detected boundary
benchmarks/db_bench_tree_db.cc,ReadSequential,461,462,HANDWRITTEN_CPP,False,CPP_UNVERIFIED,B_DIRECT_MIGRATION,ordinary C++ control/data-flow without detected boundary
benchmarks/db_bench_tree_db.cc,ReadRandom,472,473,HANDWRITTEN_CPP,False,CPP_UNVERIFIED,B_DIRECT_MIGRATION,ordinary C++ control/data-flow without detected boundary
benchmarks/db_bench_tree_db.cc,main,486,487,HANDWRITTEN_CPP,False,CPP_UNVERIFIED,B_DIRECT_MIGRATION,ordinary C++ control/data-flow without detected boundary
db/autocompact_test.cc,AutoCompactTest,14,15,HANDWRITTEN_CPP,False,CPP_UNVERIFIED,B_DIRECT_MIGRATION,ordinary C++ control/data-flow without detected boundary
db/autocompact_test.cc,Key,30,31,HANDWRITTEN_CPP,False,CPP_UNVERIFIED,B_DIRECT_MIGRATION,ordinary C++ control/data-flow without detected boundary
db/autocompact_test.cc,Size,36,37,HANDWRITTEN_CPP,False,CPP_UNVERIFIED,B_DIRECT_MIGRATION,ordinary C++ control/data-flow without detected boundary
db/builder.cc,BuildTable,16,18,HANDWRITTEN_CPP,False,CPP_UNVERIFIED,B_DIRECT_MIGRATION,ordinary C++ control/data-flow without detected boundary
db/c.cc,SaveError,146,147,HANDWRITTEN_CPP,False,CPP_UNVERIFIED,B_DIRECT_MIGRATION,ordinary C++ control/data-flow without detected boundary
db/c.cc,leveldb_close,178,179,HANDWRITTEN_CPP,False,CPP_UNVERIFIED,B_DIRECT_MIGRATION,ordinary C++ control/data-flow without detected boundary
db/c.cc,leveldb_put,183,186,HANDWRITTEN_CPP,False,CPP_UNVERIFIED,B_DIRECT_MIGRATION,ordinary C++ control/data-flow without detected boundary
db/c.cc,leveldb_delete,190,192,HANDWRITTEN_CPP,False,CPP_UNVERIFIED,B_DIRECT_MIGRATION,ordinary C++ control/data-flow without detected boundary
db/c.cc,leveldb_write,195,197,HANDWRITTEN_CPP,False,CPP_UNVERIFIED,B_DIRECT_MIGRATION,ordinary C++ control/data-flow without detected boundary
db/c.cc,leveldb_release_snapshot,231,233,HANDWRITTEN_CPP,False,CPP_UNVERIFIED,B_DIRECT_MIGRATION,ordinary C++ control/data-flow without detected boundary
db/c.cc,leveldb_approximate_sizes,247,253,HANDWRITTEN_CPP,False,CPP_UNVERIFIED,B_DIRECT_MIGRATION,ordinary C++ control/data-flow without detected boundary
db/c.cc,leveldb_compact_range,262,265,HANDWRITTEN_CPP,False,CPP_UNVERIFIED,D_BOUNDARY,external/runtime/raw-pointer boundary
db/c.cc,leveldb_destroy_db,272,274,HANDWRITTEN_CPP,False,CPP_UNVERIFIED,B_DIRECT_MIGRATION,ordinary C++ control/data-flow without detected boundary
db/c.cc,leveldb_repair_db,277,279,HANDWRITTEN_CPP,False,CPP_UNVERIFIED,B_DIRECT_MIGRATION,ordinary C++ control/data-flow without detected boundary
db/c.cc,leveldb_iter_destroy,282,283,HANDWRITTEN_CPP,False,CPP_UNVERIFIED,B_DIRECT_MIGRATION,ordinary C++ control/data-flow without detected boundary
db/c.cc,leveldb_iter_valid,287,288,HANDWRITTEN_CPP,False,CPP_UNVERIFIED,B_DIRECT_MIGRATION,ordinary C++ control/data-flow without detected boundary
db/c.cc,leveldb_iter_seek_to_first,291,292,HANDWRITTEN_CPP,False,CPP_UNVERIFIED,B_DIRECT_MIGRATION,ordinary C++ control/data-flow without detected boundary
db/c.cc,leveldb_iter_seek_to_last,295,296,HANDWRITTEN_CPP,False,CPP_UNVERIFIED,B_DIRECT_MIGRATION,ordinary C++ control/data-flow without detected boundary
db/c.cc,leveldb_iter_seek,299,300,HANDWRITTEN_CPP,False,CPP_UNVERIFIED,B_DIRECT_MIGRATION,ordinary C++ control/data-flow without detected boundary
db/c.cc,leveldb_iter_next,303,304,HANDWRITTEN_CPP,False,CPP_UNVERIFIED,B_DIRECT_MIGRATION,ordinary C++ control/data-flow without detected boundary
db/c.cc,leveldb_iter_prev,305,306,HANDWRITTEN_CPP,False,CPP_UNVERIFIED,B_DIRECT_MIGRATION,ordinary C++ control/data-flow without detected boundary
db/c.cc,leveldb_iter_get_error,319,320,HANDWRITTEN_CPP,False,CPP_UNVERIFIED,B_DIRECT_MIGRATION,ordinary C++ control/data-flow without detected boundary
db/c.cc,leveldb_writebatch_destroy,327,328,HANDWRITTEN_CPP,False,CPP_UNVERIFIED,B_DIRECT_MIGRATION,ordinary C++ control/data-flow without detected boundary
db/c.cc,leveldb_writebatch_clear,329,330,HANDWRITTEN_CPP,False,CPP_UNVERIFIED,B_DIRECT_MIGRATION,ordinary C++ control/data-flow without detected boundary
db/c.cc,leveldb_writebatch_put,331,333,HANDWRITTEN_CPP,False,CPP_UNVERIFIED,B_DIRECT_MIGRATION,ordinary C++ control/data-flow without detected boundary
db/c.cc,leveldb_writebatch_delete,336,338,HANDWRITTEN_CPP,False,CPP_UNVERIFIED,B_DIRECT_MIGRATION,ordinary C++ control/data-flow without detected boundary
db/c.cc,leveldb_writebatch_iterate,341,346,HANDWRITTEN_CPP,False,CPP_UNVERIFIED,D_BOUNDARY,external/runtime/raw-pointer boundary
db/c.cc,leveldb_writebatch_append,365,367,HANDWRITTEN_CPP,False,CPP_UNVERIFIED,B_DIRECT_MIGRATION,ordinary C++ control/data-flow without detected boundary
db/c.cc,leveldb_options_destroy,372,373,HANDWRITTEN_CPP,False,CPP_UNVERIFIED,B_DIRECT_MIGRATION,ordinary C++ control/data-flow without detected boundary
db/c.cc,leveldb_options_set_comparator,374,376,HANDWRITTEN_CPP,False,CPP_UNVERIFIED,B_DIRECT_MIGRATION,ordinary C++ control/data-flow without detected boundary
db/c.cc,leveldb_options_set_filter_policy,379,381,HANDWRITTEN_CPP,False,CPP_UNVERIFIED,B_DIRECT_MIGRATION,ordinary C++ control/data-flow without detected boundary
db/c.cc,leveldb_options_set_create_if_missing,384,385,HANDWRITTEN_CPP,False,CPP_UNVERIFIED,B_DIRECT_MIGRATION,ordinary C++ control/data-flow without detected boundary
db/c.cc,leveldb_options_set_error_if_exists,388,389,HANDWRITTEN_CPP,False,CPP_UNVERIFIED,B_DIRECT_MIGRATION,ordinary C++ control/data-flow without detected boundary
db/c.cc,leveldb_options_set_paranoid_checks,392,393,HANDWRITTEN_CPP,False,CPP_UNVERIFIED,B_DIRECT_MIGRATION,ordinary C++ control/data-flow without detected boundary
db/c.cc,leveldb_options_set_env,396,397,HANDWRITTEN_CPP,False,CPP_UNVERIFIED,B_DIRECT_MIGRATION,ordinary C++ control/data-flow without detected boundary
db/c.cc,leveldb_options_set_info_log,400,401,HANDWRITTEN_CPP,False,CPP_UNVERIFIED,B_DIRECT_MIGRATION,ordinary C++ control/data-flow without detected boundary
db/c.cc,leveldb_options_set_write_buffer_size,404,405,HANDWRITTEN_CPP,False,CPP_UNVERIFIED,B_DIRECT_MIGRATION,ordinary C++ control/data-flow without detected boundary
db/c.cc,leveldb_options_set_max_open_files,408,409,HANDWRITTEN_CPP,False,CPP_UNVERIFIED,B_DIRECT_MIGRATION,ordinary C++ control/data-flow without detected boundary
db/c.cc,leveldb_options_set_cache,412,413,HANDWRITTEN_CPP,False,CPP_UNVERIFIED,B_DIRECT_MIGRATION,ordinary C++ control/data-flow without detected boundary
db/c.cc,leveldb_options_set_block_size,416,417,HANDWRITTEN_CPP,False,CPP_UNVERIFIED,B_DIRECT_MIGRATION,ordinary C++ control/data-flow without detected boundary
db/c.cc,leveldb_options_set_block_restart_interval,420,421,HANDWRITTEN_CPP,False,CPP_UNVERIFIED,B_DIRECT_MIGRATION,ordinary C++ control/data-flow without detected boundary
db/c.cc,leveldb_options_set_max_file_size,424,425,HANDWRITTEN_CPP,False,CPP_UNVERIFIED,B_DIRECT_MIGRATION,ordinary C++ control/data-flow without detected boundary
db/c.cc,leveldb_options_set_compression,428,429,HANDWRITTEN_CPP,False,CPP_UNVERIFIED,B_DIRECT_MIGRATION,ordinary C++ control/data-flow without detected boundary
db/c.cc,leveldb_comparator_destroy,445,446,HANDWRITTEN_CPP,False,CPP_UNVERIFIED,B_DIRECT_MIGRATION,ordinary C++ control/data-flow without detected boundary
db/c.cc,leveldb_filterpolicy_destroy,464,465,HANDWRITTEN_CPP,False,CPP_UNVERIFIED,B_DIRECT_MIGRATION,ordinary C++ control/data-flow without detected boundary
db/c.cc,DoNothing,474,474,HANDWRITTEN_CPP,False,CPP_UNVERIFIED,B_DIRECT_MIGRATION,ordinary C++ control/data-flow without detected boundary
db/c.cc,leveldb_readoptions_destroy,497,498,HANDWRITTEN_CPP,False,CPP_UNVERIFIED,B_DIRECT_MIGRATION,ordinary C++ control/data-flow without detected boundary
db/c.cc,leveldb_readoptions_set_verify_checksums,499,501,HANDWRITTEN_CPP,False,CPP_UNVERIFIED,B_DIRECT_MIGRATION,ordinary C++ control/data-flow without detected boundary
db/c.cc,leveldb_readoptions_set_fill_cache,504,505,HANDWRITTEN_CPP,False,CPP_UNVERIFIED,B_DIRECT_MIGRATION,ordinary C++ control/data-flow without detected boundary
db/c.cc,leveldb_readoptions_set_snapshot,508,510,HANDWRITTEN_CPP,False,CPP_UNVERIFIED,B_DIRECT_MIGRATION,ordinary C++ control/data-flow without detected boundary
db/c.cc,leveldb_writeoptions_destroy,517,518,HANDWRITTEN_CPP,False,CPP_UNVERIFIED,B_DIRECT_MIGRATION,ordinary C++ control/data-flow without detected boundary
db/c.cc,leveldb_writeoptions_set_sync,519,520,HANDWRITTEN_CPP,False,CPP_UNVERIFIED,B_DIRECT_MIGRATION,ordinary C++ control/data-flow without detected boundary
db/c.cc,leveldb_cache_destroy,529,530,HANDWRITTEN_CPP,False,CPP_UNVERIFIED,B_DIRECT_MIGRATION,ordinary C++ control/data-flow without detected boundary
db/c.cc,leveldb_env_destroy,541,542,HANDWRITTEN_CPP,False,CPP_UNVERIFIED,B_DIRECT_MIGRATION,ordinary C++ control/data-flow without detected boundary
db/c.cc,leveldb_free,558,559,HANDWRITTEN_CPP,False,CPP_UNVERIFIED,B_DIRECT_MIGRATION,ordinary C++ control/data-flow without detected boundary
db/c.cc,leveldb_major_version,560,561,HANDWRITTEN_CPP,False,CPP_UNVERIFIED,B_DIRECT_MIGRATION,ordinary C++ control/data-flow without detected boundary
db/c.cc,leveldb_minor_version,562,563,HANDWRITTEN_CPP,False,CPP_UNVERIFIED,B_DIRECT_MIGRATION,ordinary C++ control/data-flow without detected boundary
db/corruption_test.cc,CorruptionTest,24,28,HANDWRITTEN_CPP,False,CPP_UNVERIFIED,B_DIRECT_MIGRATION,ordinary C++ control/data-flow without detected boundary
db/corruption_test.cc,TryReopen,42,43,HANDWRITTEN_CPP,False,CPP_UNVERIFIED,B_DIRECT_MIGRATION,ordinary C++ control/data-flow without detected boundary
db/corruption_test.cc,Reopen,48,49,HANDWRITTEN_CPP,False,CPP_UNVERIFIED,B_DIRECT_MIGRATION,ordinary C++ control/data-flow without detected boundary
db/corruption_test.cc,RepairDB,50,51,HANDWRITTEN_CPP,False,CPP_UNVERIFIED,B_DIRECT_MIGRATION,ordinary C++ control/data-flow without detected boundary
db/corruption_test.cc,Build,56,57,HANDWRITTEN_CPP,False,CPP_UNVERIFIED,B_DIRECT_MIGRATION,ordinary C++ control/data-flow without detected boundary
db/corruption_test.cc,Check,74,75,HANDWRITTEN_CPP,False,CPP_UNVERIFIED,B_DIRECT_MIGRATION,ordinary C++ control/data-flow without detected boundary
db/corruption_test.cc,Corrupt,112,113,HANDWRITTEN_CPP,False,CPP_UNVERIFIED,B_DIRECT_MIGRATION,ordinary C++ control/data-flow without detected boundary
db/corruption_test.cc,Property,158,159,HANDWRITTEN_CPP,False,CPP_UNVERIFIED,B_DIRECT_MIGRATION,ordinary C++ control/data-flow without detected boundary
db/corruption_test.cc,Key,171,171,HANDWRITTEN_CPP,False,CPP_UNVERIFIED,B_DIRECT_MIGRATION,ordinary C++ control/data-flow without detected boundary
db/corruption_test.cc,Value,179,179,HANDWRITTEN_CPP,False,CPP_UNVERIFIED,B_DIRECT_MIGRATION,ordinary C++ control/data-flow without detected boundary
db/db_impl.cc,Writer,44,45,HANDWRITTEN_CPP,False,CPP_UNVERIFIED,B_DIRECT_MIGRATION,ordinary C++ control/data-flow without detected boundary
db/db_impl.cc,CompactionState,63,69,HANDWRITTEN_CPP,False,CPP_UNVERIFIED,B_DIRECT_MIGRATION,ordinary C++ control/data-flow without detected boundary
db/db_impl.cc,ClipToRange,90,90,HANDWRITTEN_CPP,False,CPP_UNVERIFIED,B_DIRECT_MIGRATION,ordinary C++ control/data-flow without detected boundary
db/db_impl.cc,SanitizeOptions,94,97,HANDWRITTEN_CPP,False,CPP_UNVERIFIED,B_DIRECT_MIGRATION,ordinary C++ control/data-flow without detected boundary
db/db_impl.cc,TableCacheSize,120,121,HANDWRITTEN_CPP,False,CPP_UNVERIFIED,B_DIRECT_MIGRATION,ordinary C++ control/data-flow without detected boundary
db/db_impl.cc,env_,127,150,HANDWRITTEN_CPP,False,CPP_UNVERIFIED,B_DIRECT_MIGRATION,ordinary C++ control/data-flow without detected boundary
db/db_impl.cc,mu,1068,1068,HANDWRITTEN_CPP,False,CPP_UNVERIFIED,B_DIRECT_MIGRATION,ordinary C++ control/data-flow without detected boundary
db/db_impl.cc,CleanupIteratorState,1070,1071,HANDWRITTEN_CPP,False,CPP_UNVERIFIED,B_DIRECT_MIGRATION,ordinary C++ control/data-flow without detected boundary
db/db_impl.cc,DestroyDB,1547,1548,HANDWRITTEN_CPP,False,CPP_UNVERIFIED,B_DIRECT_MIGRATION,ordinary C++ control/data-flow without detected boundary
db/db_impl.h,Add,92,93,HANDWRITTEN_CPP,False,CPP_UNVERIFIED,B_DIRECT_MIGRATION,ordinary C++ control/data-flow without detected boundary
db/db_iter.cc,DumpInternalIter,20,20,HANDWRITTEN_CPP,False,CPP_UNVERIFIED,B_DIRECT_MIGRATION,ordinary C++ control/data-flow without detected boundary
db/db_iter.cc,db_,50,57,HANDWRITTEN_CPP,False,CPP_UNVERIFIED,B_DIRECT_MIGRATION,ordinary C++ control/data-flow without detected boundary
db/db_iter.cc,SaveKey,90,91,HANDWRITTEN_CPP,False,CPP_UNVERIFIED,B_DIRECT_MIGRATION,ordinary C++ control/data-flow without detected boundary
db/db_iter.cc,ClearSavedValue,94,95,HANDWRITTEN_CPP,False,CPP_UNVERIFIED,B_DIRECT_MIGRATION,ordinary C++ control/data-flow without detected boundary
db/db_iter.cc,RandomCompactionPeriod,105,105,HANDWRITTEN_CPP,False,CPP_UNVERIFIED,B_DIRECT_MIGRATION,ordinary C++ control/data-flow without detected boundary
db/db_iter.cc,if,191,193,HANDWRITTEN_CPP,False,CPP_UNVERIFIED,B_DIRECT_MIGRATION,ordinary C++ control/data-flow without detected boundary
db/db_test.cc,RandomString,28,29,HANDWRITTEN_CPP,False,CPP_UNVERIFIED,B_DIRECT_MIGRATION,ordinary C++ control/data-flow without detected boundary
db/db_test.cc,RandomKey,34,35,HANDWRITTEN_CPP,False,CPP_UNVERIFIED,B_DIRECT_MIGRATION,ordinary C++ control/data-flow without detected boundary
db/db_test.cc,AtomicCounter,44,45,HANDWRITTEN_CPP,False,CPP_UNVERIFIED,B_DIRECT_MIGRATION,ordinary C++ control/data-flow without detected boundary
db/db_test.cc,Increment,46,46,HANDWRITTEN_CPP,False,CPP_UNVERIFIED,B_DIRECT_MIGRATION,ordinary C++ control/data-flow without detected boundary
db/db_test.cc,IncrementBy,47,47,HANDWRITTEN_CPP,False,CPP_UNVERIFIED,B_DIRECT_MIGRATION,ordinary C++ control/data-flow without detected boundary
db/db_test.cc,Read,51,51,HANDWRITTEN_CPP,False,CPP_UNVERIFIED,B_DIRECT_MIGRATION,ordinary C++ control/data-flow without detected boundary
db/db_test.cc,Reset,55,55,HANDWRITTEN_CPP,False,CPP_UNVERIFIED,B_DIRECT_MIGRATION,ordinary C++ control/data-flow without detected boundary
db/db_test.cc,DelayMilliseconds,64,65,HANDWRITTEN_CPP,False,CPP_UNVERIFIED,B_DIRECT_MIGRATION,ordinary C++ control/data-flow without detected boundary
db/db_test.cc,IsLdbFile,68,69,HANDWRITTEN_CPP,False,CPP_UNVERIFIED,B_DIRECT_MIGRATION,ordinary C++ control/data-flow without detected boundary
db/db_test.cc,IsLogFile,72,73,HANDWRITTEN_CPP,False,CPP_UNVERIFIED,B_DIRECT_MIGRATION,ordinary C++ control/data-flow without detected boundary
db/db_test.cc,IsManifestFile,76,77,HANDWRITTEN_CPP,False,CPP_UNVERIFIED,B_DIRECT_MIGRATION,ordinary C++ control/data-flow without detected boundary
db/db_test.cc,TestEnv,85,86,HANDWRITTEN_CPP,False,CPP_UNVERIFIED,B_DIRECT_MIGRATION,ordinary C++ control/data-flow without detected boundary
db/db_test.cc,SetIgnoreDotFiles,87,88,HANDWRITTEN_CPP,False,CPP_UNVERIFIED,B_DIRECT_MIGRATION,ordinary C++ control/data-flow without detected boundary
db/db_test.cc,SpecialEnv,143,153,HANDWRITTEN_CPP,False,CPP_UNVERIFIED,B_DIRECT_MIGRATION,ordinary C++ control/data-flow without detected boundary
db/db_test.cc,NewWritableFile,154,155,HANDWRITTEN_CPP,False,CPP_UNVERIFIED,B_DIRECT_MIGRATION,ordinary C++ control/data-flow without detected boundary
db/db_test.cc,DataFile,161,164,HANDWRITTEN_CPP,False,CPP_UNVERIFIED,B_DIRECT_MIGRATION,ordinary C++ control/data-flow without detected boundary
db/db_test.cc,Append,167,167,HANDWRITTEN_CPP,False,CPP_UNVERIFIED,B_DIRECT_MIGRATION,ordinary C++ control/data-flow without detected boundary
db/db_test.cc,Close,175,175,HANDWRITTEN_CPP,False,CPP_UNVERIFIED,B_DIRECT_MIGRATION,ordinary C++ control/data-flow without detected boundary
db/db_test.cc,Flush,183,183,HANDWRITTEN_CPP,False,CPP_UNVERIFIED,B_DIRECT_MIGRATION,ordinary C++ control/data-flow without detected boundary
db/db_test.cc,Sync,184,184,HANDWRITTEN_CPP,False,CPP_UNVERIFIED,B_DIRECT_MIGRATION,ordinary C++ control/data-flow without detected boundary
db/db_test.cc,ManifestFile,198,200,HANDWRITTEN_CPP,False,CPP_UNVERIFIED,B_DIRECT_MIGRATION,ordinary C++ control/data-flow without detected boundary
db/db_test.cc,Append,202,202,HANDWRITTEN_CPP,False,CPP_UNVERIFIED,B_DIRECT_MIGRATION,ordinary C++ control/data-flow without detected boundary
db/db_test.cc,Close,209,209,HANDWRITTEN_CPP,False,CPP_UNVERIFIED,B_DIRECT_MIGRATION,ordinary C++ control/data-flow without detected boundary
db/db_test.cc,Flush,210,210,HANDWRITTEN_CPP,False,CPP_UNVERIFIED,B_DIRECT_MIGRATION,ordinary C++ control/data-flow without detected boundary
db/db_test.cc,Sync,211,211,HANDWRITTEN_CPP,False,CPP_UNVERIFIED,B_DIRECT_MIGRATION,ordinary C++ control/data-flow without detected boundary
db/db_test.cc,NewRandomAccessFile,234,235,HANDWRITTEN_CPP,False,CPP_UNVERIFIED,B_DIRECT_MIGRATION,ordinary C++ control/data-flow without detected boundary
db/db_test.cc,CountingFile,240,243,HANDWRITTEN_CPP,False,CPP_UNVERIFIED,B_DIRECT_MIGRATION,ordinary C++ control/data-flow without detected boundary
db/db_test.cc,ChangeOptions,285,285,HANDWRITTEN_CPP,False,CPP_UNVERIFIED,B_DIRECT_MIGRATION,ordinary C++ control/data-flow without detected boundary
db/db_test.cc,CurrentOptions,296,296,HANDWRITTEN_CPP,False,CPP_UNVERIFIED,B_DIRECT_MIGRATION,ordinary C++ control/data-flow without detected boundary
db/db_test.cc,Reopen,316,317,HANDWRITTEN_CPP,False,CPP_UNVERIFIED,B_DIRECT_MIGRATION,ordinary C++ control/data-flow without detected boundary
db/db_test.cc,Close,320,321,HANDWRITTEN_CPP,False,CPP_UNVERIFIED,B_DIRECT_MIGRATION,ordinary C++ control/data-flow without detected boundary
db/db_test.cc,DestroyAndReopen,325,326,HANDWRITTEN_CPP,False,CPP_UNVERIFIED,B_DIRECT_MIGRATION,ordinary C++ control/data-flow without detected boundary
db/db_test.cc,TryReopen,332,333,HANDWRITTEN_CPP,False,CPP_UNVERIFIED,B_DIRECT_MIGRATION,ordinary C++ control/data-flow without detected boundary
db/db_test.cc,Put,347,348,HANDWRITTEN_CPP,False,CPP_UNVERIFIED,B_DIRECT_MIGRATION,ordinary C++ control/data-flow without detected boundary
db/db_test.cc,Delete,351,352,HANDWRITTEN_CPP,False,CPP_UNVERIFIED,B_DIRECT_MIGRATION,ordinary C++ control/data-flow without detected boundary
db/db_test.cc,Get,353,354,HANDWRITTEN_CPP,False,CPP_UNVERIFIED,B_DIRECT_MIGRATION,ordinary C++ control/data-flow without detected boundary
db/db_test.cc,Contents,369,369,HANDWRITTEN_CPP,False,CPP_UNVERIFIED,B_DIRECT_MIGRATION,ordinary C++ control/data-flow without detected boundary
db/db_test.cc,AllEntriesFor,393,394,HANDWRITTEN_CPP,False,CPP_UNVERIFIED,B_DIRECT_MIGRATION,ordinary C++ control/data-flow without detected boundary
db/db_test.cc,NumTableFilesAtLevel,435,436,HANDWRITTEN_CPP,False,CPP_UNVERIFIED,B_DIRECT_MIGRATION,ordinary C++ control/data-flow without detected boundary
db/db_test.cc,TotalTableFiles,442,443,HANDWRITTEN_CPP,False,CPP_UNVERIFIED,B_DIRECT_MIGRATION,ordinary C++ control/data-flow without detected boundary
db/db_test.cc,FilesPerLevel,452,452,HANDWRITTEN_CPP,False,CPP_UNVERIFIED,B_DIRECT_MIGRATION,ordinary C++ control/data-flow without detected boundary
db/db_test.cc,CountFiles,467,468,HANDWRITTEN_CPP,False,CPP_UNVERIFIED,B_DIRECT_MIGRATION,ordinary C++ control/data-flow without detected boundary
db/db_test.cc,Size,473,474,HANDWRITTEN_CPP,False,CPP_UNVERIFIED,B_DIRECT_MIGRATION,ordinary C++ control/data-flow without detected boundary
db/db_test.cc,Compact,480,481,HANDWRITTEN_CPP,False,CPP_UNVERIFIED,B_DIRECT_MIGRATION,ordinary C++ control/data-flow without detected boundary
db/db_test.cc,MakeTables,487,488,HANDWRITTEN_CPP,False,CPP_UNVERIFIED,B_DIRECT_MIGRATION,ordinary C++ control/data-flow without detected boundary
db/db_test.cc,FillLevels,498,498,HANDWRITTEN_CPP,False,CPP_UNVERIFIED,B_DIRECT_MIGRATION,ordinary C++ control/data-flow without detected boundary
db/db_test.cc,DumpFileCounts,501,502,HANDWRITTEN_CPP,False,CPP_UNVERIFIED,B_DIRECT_MIGRATION,ordinary C++ control/data-flow without detected boundary
db/db_test.cc,DumpSSTableList,514,515,HANDWRITTEN_CPP,False,CPP_UNVERIFIED,B_DIRECT_MIGRATION,ordinary C++ control/data-flow without detected boundary
db/db_test.cc,IterStatus,520,521,HANDWRITTEN_CPP,False,CPP_UNVERIFIED,B_DIRECT_MIGRATION,ordinary C++ control/data-flow without detected boundary
db/db_test.cc,DeleteAnSSTFile,530,531,HANDWRITTEN_CPP,False,CPP_UNVERIFIED,B_DIRECT_MIGRATION,ordinary C++ control/data-flow without detected boundary
db/db_test.cc,RenameLDBToSST,546,546,HANDWRITTEN_CPP,False,CPP_UNVERIFIED,B_DIRECT_MIGRATION,ordinary C++ control/data-flow without detected boundary
db/db_test.cc,Key,1075,1076,HANDWRITTEN_CPP,False,CPP_UNVERIFIED,B_DIRECT_MIGRATION,ordinary C++ control/data-flow without detected boundary
db/db_test.cc,Between,1215,1216,HANDWRITTEN_CPP,False,CPP_UNVERIFIED,B_DIRECT_MIGRATION,ordinary C++ control/data-flow without detected boundary
db/db_test.cc,ToNumber,1597,1599,HANDWRITTEN_CPP,False,CPP_UNVERIFIED,B_DIRECT_MIGRATION,ordinary C++ control/data-flow without detected boundary
db/db_test.cc,MTThreadBody,2025,2026,HANDWRITTEN_CPP,False,CPP_UNVERIFIED,B_DIRECT_MIGRATION,ordinary C++ control/data-flow without detected boundary
db/db_test.cc,ModelDB,2114,2115,HANDWRITTEN_CPP,False,CPP_UNVERIFIED,B_DIRECT_MIGRATION,ordinary C++ control/data-flow without detected boundary
db/db_test.cc,ModelIter,2174,2176,HANDWRITTEN_CPP,False,CPP_UNVERIFIED,B_DIRECT_MIGRATION,ordinary C++ control/data-flow without detected boundary
db/db_test.cc,CompareIterators,2206,2209,HANDWRITTEN_CPP,False,CPP_UNVERIFIED,B_DIRECT_MIGRATION,ordinary C++ control/data-flow without detected boundary
db/dbformat.cc,PackSequenceAndType,14,15,HANDWRITTEN_CPP,False,CPP_UNVERIFIED,B_DIRECT_MIGRATION,ordinary C++ control/data-flow without detected boundary
db/dbformat.cc,AppendInternalKey,20,21,HANDWRITTEN_CPP,False,CPP_UNVERIFIED,B_DIRECT_MIGRATION,ordinary C++ control/data-flow without detected boundary
db/dbformat.h,user_key,76,76,HANDWRITTEN_CPP,False,CPP_UNVERIFIED,B_DIRECT_MIGRATION,ordinary C++ control/data-flow without detected boundary
db/dbformat.h,InternalKeyEncodingLength,81,81,HANDWRITTEN_CPP,False,CPP_UNVERIFIED,B_DIRECT_MIGRATION,ordinary C++ control/data-flow without detected boundary
db/dbformat.h,ExtractUserKey,95,95,HANDWRITTEN_CPP,False,CPP_UNVERIFIED,B_DIRECT_MIGRATION,ordinary C++ control/data-flow without detected boundary
db/dbformat.h,InternalKeyComparator,105,107,HANDWRITTEN_CPP,False,CPP_UNVERIFIED,B_DIRECT_MIGRATION,ordinary C++ control/data-flow without detected boundary
db/dbformat.h,InternalFilterPolicy,123,125,HANDWRITTEN_CPP,False,CPP_UNVERIFIED,B_DIRECT_MIGRATION,ordinary C++ control/data-flow without detected boundary
db/dbformat.h,InternalKey,137,139,HANDWRITTEN_CPP,False,CPP_UNVERIFIED,B_DIRECT_MIGRATION,ordinary C++ control/data-flow without detected boundary
db/dbformat.h,DecodeFrom,143,144,HANDWRITTEN_CPP,False,CPP_UNVERIFIED,B_DIRECT_MIGRATION,ordinary C++ control/data-flow without detected boundary
db/dbformat.h,SetFrom,155,156,HANDWRITTEN_CPP,False,CPP_UNVERIFIED,B_DIRECT_MIGRATION,ordinary C++ control/data-flow without detected boundary
db/dbformat.h,Clear,160,161,HANDWRITTEN_CPP,False,CPP_UNVERIFIED,B_DIRECT_MIGRATION,ordinary C++ control/data-flow without detected boundary
db/dbformat.h,ParseInternalKey,170,172,HANDWRITTEN_CPP,False,CPP_UNVERIFIED,B_DIRECT_MIGRATION,ordinary C++ control/data-flow without detected boundary
db/dbformat_test.cc,IKey,11,13,HANDWRITTEN_CPP,False,CPP_UNVERIFIED,B_DIRECT_MIGRATION,ordinary C++ control/data-flow without detected boundary
db/dbformat_test.cc,Shorten,18,19,HANDWRITTEN_CPP,False,CPP_UNVERIFIED,B_DIRECT_MIGRATION,ordinary C++ control/data-flow without detected boundary
db/dbformat_test.cc,ShortSuccessor,24,25,HANDWRITTEN_CPP,False,CPP_UNVERIFIED,B_DIRECT_MIGRATION,ordinary C++ control/data-flow without detected boundary
db/dbformat_test.cc,TestKey,30,31,HANDWRITTEN_CPP,False,CPP_UNVERIFIED,B_DIRECT_MIGRATION,ordinary C++ control/data-flow without detected boundary
db/dumpfile.cc,GuessType,25,26,HANDWRITTEN_CPP,False,CPP_UNVERIFIED,B_DIRECT_MIGRATION,ordinary C++ control/data-flow without detected boundary
db/dumpfile.cc,PrintLogContents,54,56,HANDWRITTEN_CPP,False,CPP_UNVERIFIED,B_DIRECT_MIGRATION,ordinary C++ control/data-flow without detected boundary
db/dumpfile.cc,WriteBatchPrinter,97,97,HANDWRITTEN_CPP,False,CPP_UNVERIFIED,B_DIRECT_MIGRATION,ordinary C++ control/data-flow without detected boundary
db/dumpfile.cc,DumpLog,121,122,HANDWRITTEN_CPP,False,CPP_UNVERIFIED,B_DIRECT_MIGRATION,ordinary C++ control/data-flow without detected boundary
db/dumpfile.cc,VersionEditPrinter,128,128,HANDWRITTEN_CPP,False,CPP_UNVERIFIED,B_DIRECT_MIGRATION,ordinary C++ control/data-flow without detected boundary
db/dumpfile.cc,DumpDescriptor,142,143,HANDWRITTEN_CPP,False,CPP_UNVERIFIED,B_DIRECT_MIGRATION,ordinary C++ control/data-flow without detected boundary
db/dumpfile.cc,DumpTable,146,147,HANDWRITTEN_CPP,False,CPP_UNVERIFIED,B_DIRECT_MIGRATION,ordinary C++ control/data-flow without detected boundary
db/dumpfile.cc,DumpFile,213,214,HANDWRITTEN_CPP,False,CPP_UNVERIFIED,B_DIRECT_MIGRATION,ordinary C++ control/data-flow without detected boundary
db/fault_injection_test.cc,GetDirName,39,39,HANDWRITTEN_CPP,False,CPP_UNVERIFIED,B_DIRECT_MIGRATION,ordinary C++ control/data-flow without detected boundary
db/fault_injection_test.cc,SyncDir,47,48,HANDWRITTEN_CPP,False,CPP_UNVERIFIED,B_DIRECT_MIGRATION,ordinary C++ control/data-flow without detected boundary
db/fault_injection_test.cc,Truncate,54,54,HANDWRITTEN_CPP,False,CPP_UNVERIFIED,D_BOUNDARY,external/runtime/raw-pointer boundary
db/fault_injection_test.cc,filename_,92,95,HANDWRITTEN_CPP,False,CPP_UNVERIFIED,B_DIRECT_MIGRATION,ordinary C++ control/data-flow without detected boundary
db/fault_injection_test.cc,FaultInjectionTestEnv,128,130,HANDWRITTEN_CPP,False,CPP_UNVERIFIED,B_DIRECT_MIGRATION,ordinary C++ control/data-flow without detected boundary
db/fault_injection_test.cc,IsFilesystemActive,150,150,HANDWRITTEN_CPP,False,CPP_UNVERIFIED,C_LOCAL_REFACTOR,"ownership, callback, threading, or template shape"
db/fault_injection_test.cc,SetFilesystemActive,154,154,HANDWRITTEN_CPP,False,CPP_UNVERIFIED,C_LOCAL_REFACTOR,"ownership, callback, threading, or template shape"
db/fault_injection_test.cc,state_,168,168,HANDWRITTEN_CPP,False,CPP_UNVERIFIED,B_DIRECT_MIGRATION,ordinary C++ control/data-flow without detected boundary
db/fault_injection_test.cc,env_,376,378,HANDWRITTEN_CPP,False,CPP_UNVERIFIED,B_DIRECT_MIGRATION,ordinary C++ control/data-flow without detected boundary
db/fault_injection_test.cc,ReuseLogs,394,395,HANDWRITTEN_CPP,False,CPP_UNVERIFIED,B_DIRECT_MIGRATION,ordinary C++ control/data-flow without detected boundary
db/fault_injection_test.cc,Build,396,397,HANDWRITTEN_CPP,False,CPP_UNVERIFIED,B_DIRECT_MIGRATION,ordinary C++ control/data-flow without detected boundary
db/fault_injection_test.cc,OpenDB,452,453,HANDWRITTEN_CPP,False,CPP_UNVERIFIED,B_DIRECT_MIGRATION,ordinary C++ control/data-flow without detected boundary
db/fault_injection_test.cc,CloseDB,459,460,HANDWRITTEN_CPP,False,CPP_UNVERIFIED,B_DIRECT_MIGRATION,ordinary C++ control/data-flow without detected boundary
db/fault_injection_test.cc,DeleteAllData,464,465,HANDWRITTEN_CPP,False,CPP_UNVERIFIED,B_DIRECT_MIGRATION,ordinary C++ control/data-flow without detected boundary
db/fault_injection_test.cc,ResetDBState,473,474,HANDWRITTEN_CPP,False,CPP_UNVERIFIED,B_DIRECT_MIGRATION,ordinary C++ control/data-flow without detected boundary
db/fault_injection_test.cc,PartialCompactTestPreFault,486,487,HANDWRITTEN_CPP,False,CPP_UNVERIFIED,B_DIRECT_MIGRATION,ordinary C++ control/data-flow without detected boundary
db/fault_injection_test.cc,PartialCompactTestReopenWithFault,493,495,HANDWRITTEN_CPP,False,CPP_UNVERIFIED,B_DIRECT_MIGRATION,ordinary C++ control/data-flow without detected boundary
db/fault_injection_test.cc,NoWriteTestPreFault,505,506,HANDWRITTEN_CPP,False,CPP_UNVERIFIED,B_DIRECT_MIGRATION,ordinary C++ control/data-flow without detected boundary
db/fault_injection_test.cc,NoWriteTestReopenWithFault,507,508,HANDWRITTEN_CPP,False,CPP_UNVERIFIED,B_DIRECT_MIGRATION,ordinary C++ control/data-flow without detected boundary
db/fault_injection_test.cc,DoTest,513,514,HANDWRITTEN_CPP,False,CPP_UNVERIFIED,B_DIRECT_MIGRATION,ordinary C++ control/data-flow without detected boundary
db/filename.cc,MakeFileName,19,21,HANDWRITTEN_CPP,False,CPP_UNVERIFIED,B_DIRECT_MIGRATION,ordinary C++ control/data-flow without detected boundary
db/filename.cc,LogFileName,27,28,HANDWRITTEN_CPP,False,CPP_UNVERIFIED,B_DIRECT_MIGRATION,ordinary C++ control/data-flow without detected boundary
db/filename.cc,TableFileName,32,33,HANDWRITTEN_CPP,False,CPP_UNVERIFIED,B_DIRECT_MIGRATION,ordinary C++ control/data-flow without detected boundary
db/filename.cc,SSTTableFileName,37,38,HANDWRITTEN_CPP,False,CPP_UNVERIFIED,B_DIRECT_MIGRATION,ordinary C++ control/data-flow without detected boundary
db/filename.cc,DescriptorFileName,42,43,HANDWRITTEN_CPP,False,CPP_UNVERIFIED,B_DIRECT_MIGRATION,ordinary C++ control/data-flow without detected boundary
db/filename.cc,CurrentFileName,50,51,HANDWRITTEN_CPP,False,CPP_UNVERIFIED,B_DIRECT_MIGRATION,ordinary C++ control/data-flow without detected boundary
db/filename.cc,LockFileName,54,55,HANDWRITTEN_CPP,False,CPP_UNVERIFIED,B_DIRECT_MIGRATION,ordinary C++ control/data-flow without detected boundary
db/filename.cc,TempFileName,56,57,HANDWRITTEN_CPP,False,CPP_UNVERIFIED,B_DIRECT_MIGRATION,ordinary C++ control/data-flow without detected boundary
db/filename.cc,InfoLogFileName,61,62,HANDWRITTEN_CPP,False,CPP_UNVERIFIED,B_DIRECT_MIGRATION,ordinary C++ control/data-flow without detected boundary
db/filename.cc,OldInfoLogFileName,67,67,HANDWRITTEN_CPP,False,CPP_UNVERIFIED,B_DIRECT_MIGRATION,ordinary C++ control/data-flow without detected boundary
db/filename.cc,ParseFileName,78,79,HANDWRITTEN_CPP,False,CPP_UNVERIFIED,B_DIRECT_MIGRATION,ordinary C++ control/data-flow without detected boundary
db/filename.cc,SetCurrentFile,122,124,HANDWRITTEN_CPP,False,CPP_UNVERIFIED,B_DIRECT_MIGRATION,ordinary C++ control/data-flow without detected boundary
db/leveldbutil.cc,HandleDumpCommand,24,25,HANDWRITTEN_CPP,False,CPP_UNVERIFIED,B_DIRECT_MIGRATION,ordinary C++ control/data-flow without detected boundary
db/leveldbutil.cc,Usage,40,41,HANDWRITTEN_CPP,False,CPP_UNVERIFIED,B_DIRECT_MIGRATION,ordinary C++ control/data-flow without detected boundary
db/leveldbutil.cc,main,47,48,HANDWRITTEN_CPP,False,CPP_UNVERIFIED,B_DIRECT_MIGRATION,ordinary C++ control/data-flow without detected boundary
db/log_reader.cc,file_,20,29,HANDWRITTEN_CPP,False,CPP_UNVERIFIED,B_DIRECT_MIGRATION,ordinary C++ control/data-flow without detected boundary
db/log_reader.cc,if,92,93,HANDWRITTEN_CPP,False,CPP_UNVERIFIED,B_DIRECT_MIGRATION,ordinary C++ control/data-flow without detected boundary
db/log_reader.cc,if,107,109,HANDWRITTEN_CPP,False,CPP_UNVERIFIED,B_DIRECT_MIGRATION,ordinary C++ control/data-flow without detected boundary
db/log_reader.cc,if,122,124,HANDWRITTEN_CPP,False,CPP_UNVERIFIED,B_DIRECT_MIGRATION,ordinary C++ control/data-flow without detected boundary
db/log_reader.cc,if,131,133,HANDWRITTEN_CPP,False,CPP_UNVERIFIED,B_DIRECT_MIGRATION,ordinary C++ control/data-flow without detected boundary
db/log_reader.cc,if,143,145,HANDWRITTEN_CPP,False,CPP_UNVERIFIED,B_DIRECT_MIGRATION,ordinary C++ control/data-flow without detected boundary
db/log_reader.cc,if,152,154,HANDWRITTEN_CPP,False,CPP_UNVERIFIED,B_DIRECT_MIGRATION,ordinary C++ control/data-flow without detected boundary
db/log_test.cc,BigString,18,18,HANDWRITTEN_CPP,False,CPP_UNVERIFIED,B_DIRECT_MIGRATION,ordinary C++ control/data-flow without detected boundary
db/log_test.cc,NumberString,28,28,HANDWRITTEN_CPP,False,CPP_UNVERIFIED,B_DIRECT_MIGRATION,ordinary C++ control/data-flow without detected boundary
db/log_test.cc,RandomSkewedString,35,35,HANDWRITTEN_CPP,False,CPP_UNVERIFIED,B_DIRECT_MIGRATION,ordinary C++ control/data-flow without detected boundary
db/log_test.cc,LogTest,40,45,HANDWRITTEN_CPP,False,CPP_UNVERIFIED,B_DIRECT_MIGRATION,ordinary C++ control/data-flow without detected boundary
db/log_test.cc,ReopenForAppend,51,52,HANDWRITTEN_CPP,False,CPP_UNVERIFIED,B_DIRECT_MIGRATION,ordinary C++ control/data-flow without detected boundary
db/log_test.cc,Write,56,57,HANDWRITTEN_CPP,False,CPP_UNVERIFIED,D_BOUNDARY,external/runtime/raw-pointer boundary
db/log_test.cc,Read,63,64,HANDWRITTEN_CPP,False,CPP_UNVERIFIED,B_DIRECT_MIGRATION,ordinary C++ control/data-flow without detected boundary
db/log_test.cc,IncrementByte,77,78,HANDWRITTEN_CPP,False,CPP_UNVERIFIED,B_DIRECT_MIGRATION,ordinary C++ control/data-flow without detected boundary
db/log_test.cc,SetByte,81,82,HANDWRITTEN_CPP,False,CPP_UNVERIFIED,B_DIRECT_MIGRATION,ordinary C++ control/data-flow without detected boundary
db/log_test.cc,ShrinkSize,85,86,HANDWRITTEN_CPP,False,CPP_UNVERIFIED,B_DIRECT_MIGRATION,ordinary C++ control/data-flow without detected boundary
db/log_test.cc,FixChecksum,89,90,HANDWRITTEN_CPP,False,CPP_UNVERIFIED,B_DIRECT_MIGRATION,ordinary C++ control/data-flow without detected boundary
db/log_test.cc,ForceError,96,97,HANDWRITTEN_CPP,False,CPP_UNVERIFIED,B_DIRECT_MIGRATION,ordinary C++ control/data-flow without detected boundary
db/log_test.cc,WriteInitialOffsetLog,111,112,HANDWRITTEN_CPP,False,CPP_UNVERIFIED,B_DIRECT_MIGRATION,ordinary C++ control/data-flow without detected boundary
db/log_test.cc,StartReadingAt,119,120,HANDWRITTEN_CPP,False,CPP_UNVERIFIED,B_DIRECT_MIGRATION,ordinary C++ control/data-flow without detected boundary
db/log_test.cc,CheckOffsetPastEndReturnsNoRecords,124,125,HANDWRITTEN_CPP,False,CPP_UNVERIFIED,B_DIRECT_MIGRATION,ordinary C++ control/data-flow without detected boundary
db/log_test.cc,CheckInitialOffsetRecord,136,138,HANDWRITTEN_CPP,False,CPP_UNVERIFIED,B_DIRECT_MIGRATION,ordinary C++ control/data-flow without detected boundary
db/log_test.cc,StringSource,176,177,HANDWRITTEN_CPP,False,CPP_UNVERIFIED,B_DIRECT_MIGRATION,ordinary C++ control/data-flow without detected boundary
db/log_test.cc,ReportCollector,214,215,HANDWRITTEN_CPP,False,CPP_UNVERIFIED,B_DIRECT_MIGRATION,ordinary C++ control/data-flow without detected boundary
db/log_writer.cc,InitTypeCrc,15,16,HANDWRITTEN_CPP,False,CPP_UNVERIFIED,B_DIRECT_MIGRATION,ordinary C++ control/data-flow without detected boundary
db/log_writer.cc,dest_,28,28,HANDWRITTEN_CPP,False,CPP_UNVERIFIED,B_DIRECT_MIGRATION,ordinary C++ control/data-flow without detected boundary
db/memtable.cc,GetLengthPrefixedSlice,13,14,HANDWRITTEN_CPP,False,CPP_UNVERIFIED,D_BOUNDARY,external/runtime/raw-pointer boundary
db/memtable.cc,comparator_,22,22,HANDWRITTEN_CPP,False,CPP_UNVERIFIED,B_DIRECT_MIGRATION,ordinary C++ control/data-flow without detected boundary
db/memtable.cc,MemTableIterator,47,48,HANDWRITTEN_CPP,False,CPP_UNVERIFIED,B_DIRECT_MIGRATION,ordinary C++ control/data-flow without detected boundary
db/memtable.h,Ref,30,30,HANDWRITTEN_CPP,False,CPP_UNVERIFIED,B_DIRECT_MIGRATION,ordinary C++ control/data-flow without detected boundary
db/memtable.h,Unref,33,33,HANDWRITTEN_CPP,False,CPP_UNVERIFIED,B_DIRECT_MIGRATION,ordinary C++ control/data-flow without detected boundary
db/memtable.h,KeyComparator,71,71,HANDWRITTEN_CPP,False,CPP_UNVERIFIED,B_DIRECT_MIGRATION,ordinary C++ control/data-flow without detected boundary
db/recovery_test.cc,RecoveryTest,19,20,HANDWRITTEN_CPP,False,CPP_UNVERIFIED,B_DIRECT_MIGRATION,ordinary C++ control/data-flow without detected boundary
db/recovery_test.cc,CanAppend,33,34,HANDWRITTEN_CPP,False,CPP_UNVERIFIED,B_DIRECT_MIGRATION,ordinary C++ control/data-flow without detected boundary
db/recovery_test.cc,Close,44,45,HANDWRITTEN_CPP,False,CPP_UNVERIFIED,B_DIRECT_MIGRATION,ordinary C++ control/data-flow without detected boundary
db/recovery_test.cc,OpenWithStatus,49,50,HANDWRITTEN_CPP,False,CPP_UNVERIFIED,B_DIRECT_MIGRATION,ordinary C++ control/data-flow without detected boundary
db/recovery_test.cc,Open,64,65,HANDWRITTEN_CPP,False,CPP_UNVERIFIED,B_DIRECT_MIGRATION,ordinary C++ control/data-flow without detected boundary
db/recovery_test.cc,Put,69,70,HANDWRITTEN_CPP,False,CPP_UNVERIFIED,B_DIRECT_MIGRATION,ordinary C++ control/data-flow without detected boundary
db/recovery_test.cc,Get,73,74,HANDWRITTEN_CPP,False,CPP_UNVERIFIED,B_DIRECT_MIGRATION,ordinary C++ control/data-flow without detected boundary
db/recovery_test.cc,ManifestFileName,84,85,HANDWRITTEN_CPP,False,CPP_UNVERIFIED,B_DIRECT_MIGRATION,ordinary C++ control/data-flow without detected boundary
db/recovery_test.cc,LogName,95,96,HANDWRITTEN_CPP,False,CPP_UNVERIFIED,B_DIRECT_MIGRATION,ordinary C++ control/data-flow without detected boundary
db/recovery_test.cc,RemoveLogFiles,97,98,HANDWRITTEN_CPP,False,CPP_UNVERIFIED,D_BOUNDARY,external/runtime/raw-pointer boundary
db/recovery_test.cc,RemoveManifestFile,108,109,HANDWRITTEN_CPP,False,CPP_UNVERIFIED,B_DIRECT_MIGRATION,ordinary C++ control/data-flow without detected boundary
db/recovery_test.cc,FirstLogFile,112,113,HANDWRITTEN_CPP,False,CPP_UNVERIFIED,B_DIRECT_MIGRATION,ordinary C++ control/data-flow without detected boundary
db/recovery_test.cc,GetFiles,114,115,HANDWRITTEN_CPP,False,CPP_UNVERIFIED,B_DIRECT_MIGRATION,ordinary C++ control/data-flow without detected boundary
db/recovery_test.cc,NumLogs,128,129,HANDWRITTEN_CPP,False,CPP_UNVERIFIED,B_DIRECT_MIGRATION,ordinary C++ control/data-flow without detected boundary
db/recovery_test.cc,NumTables,130,131,HANDWRITTEN_CPP,False,CPP_UNVERIFIED,B_DIRECT_MIGRATION,ordinary C++ control/data-flow without detected boundary
db/recovery_test.cc,FileSize,132,133,HANDWRITTEN_CPP,False,CPP_UNVERIFIED,B_DIRECT_MIGRATION,ordinary C++ control/data-flow without detected boundary
db/recovery_test.cc,CompactMemTable,138,139,HANDWRITTEN_CPP,False,CPP_UNVERIFIED,B_DIRECT_MIGRATION,ordinary C++ control/data-flow without detected boundary
db/recovery_test.cc,MakeLogFile,142,142,HANDWRITTEN_CPP,False,CPP_UNVERIFIED,B_DIRECT_MIGRATION,ordinary C++ control/data-flow without detected boundary
db/repair.cc,Repairer,46,55,HANDWRITTEN_CPP,False,CPP_UNVERIFIED,B_DIRECT_MIGRATION,ordinary C++ control/data-flow without detected boundary
db/repair.cc,Run,69,70,HANDWRITTEN_CPP,False,CPP_UNVERIFIED,B_DIRECT_MIGRATION,ordinary C++ control/data-flow without detected boundary
db/repair.cc,FindFiles,97,98,HANDWRITTEN_CPP,False,CPP_UNVERIFIED,B_DIRECT_MIGRATION,ordinary C++ control/data-flow without detected boundary
db/repair.cc,ConvertLogFilesToTables,130,131,HANDWRITTEN_CPP,False,CPP_UNVERIFIED,B_DIRECT_MIGRATION,ordinary C++ control/data-flow without detected boundary
db/repair.cc,ConvertLogToTable,142,143,HANDWRITTEN_CPP,False,CPP_UNVERIFIED,B_DIRECT_MIGRATION,ordinary C++ control/data-flow without detected boundary
db/repair.cc,ExtractMetaData,220,221,HANDWRITTEN_CPP,False,CPP_UNVERIFIED,B_DIRECT_MIGRATION,ordinary C++ control/data-flow without detected boundary
db/repair.cc,ScanTable,234,235,HANDWRITTEN_CPP,False,CPP_UNVERIFIED,B_DIRECT_MIGRATION,ordinary C++ control/data-flow without detected boundary
db/repair.cc,RepairTable,293,294,HANDWRITTEN_CPP,False,CPP_UNVERIFIED,B_DIRECT_MIGRATION,ordinary C++ control/data-flow without detected boundary
db/repair.cc,WriteDescriptor,347,348,HANDWRITTEN_CPP,False,CPP_UNVERIFIED,B_DIRECT_MIGRATION,ordinary C++ control/data-flow without detected boundary
db/repair.cc,ArchiveFile,407,408,HANDWRITTEN_CPP,False,CPP_UNVERIFIED,D_BOUNDARY,external/runtime/raw-pointer boundary
db/repair.cc,RepairDB,445,446,HANDWRITTEN_CPP,False,CPP_UNVERIFIED,B_DIRECT_MIGRATION,ordinary C++ control/data-flow without detected boundary
db/skiplist.h,Node,145,145,HANDWRITTEN_CPP,False,CPP_UNVERIFIED,B_DIRECT_MIGRATION,ordinary C++ control/data-flow without detected boundary
db/skiplist.h,SetNext,157,157,HANDWRITTEN_CPP,False,CPP_UNVERIFIED,B_DIRECT_MIGRATION,ordinary C++ control/data-flow without detected boundary
db/skiplist.h,NoBarrier_SetNext,169,169,HANDWRITTEN_CPP,False,CPP_UNVERIFIED,B_DIRECT_MIGRATION,ordinary C++ control/data-flow without detected boundary
db/skiplist.h,compare_,324,328,HANDWRITTEN_CPP,False,CPP_UNVERIFIED,B_DIRECT_MIGRATION,ordinary C++ control/data-flow without detected boundary
db/skiplist_test.cc,key,155,156,HANDWRITTEN_CPP,False,CPP_UNVERIFIED,B_DIRECT_MIGRATION,ordinary C++ control/data-flow without detected boundary
db/skiplist_test.cc,gen,157,157,HANDWRITTEN_CPP,False,CPP_UNVERIFIED,B_DIRECT_MIGRATION,ordinary C++ control/data-flow without detected boundary
db/skiplist_test.cc,hash,158,158,HANDWRITTEN_CPP,False,CPP_UNVERIFIED,B_DIRECT_MIGRATION,ordinary C++ control/data-flow without detected boundary
db/skiplist_test.cc,HashNumbers,159,160,HANDWRITTEN_CPP,False,CPP_UNVERIFIED,B_DIRECT_MIGRATION,ordinary C++ control/data-flow without detected boundary
db/skiplist_test.cc,MakeKey,164,165,HANDWRITTEN_CPP,False,CPP_UNVERIFIED,B_DIRECT_MIGRATION,ordinary C++ control/data-flow without detected boundary
db/skiplist_test.cc,IsValidKey,171,172,HANDWRITTEN_CPP,False,CPP_UNVERIFIED,B_DIRECT_MIGRATION,ordinary C++ control/data-flow without detected boundary
db/skiplist_test.cc,RandomTarget,175,176,HANDWRITTEN_CPP,False,CPP_UNVERIFIED,B_DIRECT_MIGRATION,ordinary C++ control/data-flow without detected boundary
db/skiplist_test.cc,Set,193,193,HANDWRITTEN_CPP,False,CPP_UNVERIFIED,B_DIRECT_MIGRATION,ordinary C++ control/data-flow without detected boundary
db/skiplist_test.cc,Get,196,196,HANDWRITTEN_CPP,False,CPP_UNVERIFIED,B_DIRECT_MIGRATION,ordinary C++ control/data-flow without detected boundary
db/skiplist_test.cc,ConcurrentTest,213,215,HANDWRITTEN_CPP,False,CPP_UNVERIFIED,B_DIRECT_MIGRATION,ordinary C++ control/data-flow without detected boundary
db/skiplist_test.cc,WriteStep,218,218,HANDWRITTEN_CPP,False,CPP_UNVERIFIED,B_DIRECT_MIGRATION,ordinary C++ control/data-flow without detected boundary
db/skiplist_test.cc,ReadStep,225,226,HANDWRITTEN_CPP,False,CPP_UNVERIFIED,B_DIRECT_MIGRATION,ordinary C++ control/data-flow without detected boundary
db/skiplist_test.cc,TestState,305,307,HANDWRITTEN_CPP,False,CPP_UNVERIFIED,B_DIRECT_MIGRATION,ordinary C++ control/data-flow without detected boundary
db/skiplist_test.cc,Wait,308,309,HANDWRITTEN_CPP,False,CPP_UNVERIFIED,B_DIRECT_MIGRATION,ordinary C++ control/data-flow without detected boundary
db/skiplist_test.cc,Change,316,317,HANDWRITTEN_CPP,False,CPP_UNVERIFIED,B_DIRECT_MIGRATION,ordinary C++ control/data-flow without detected boundary
db/skiplist_test.cc,ConcurrentReader,329,330,HANDWRITTEN_CPP,False,CPP_UNVERIFIED,B_DIRECT_MIGRATION,ordinary C++ control/data-flow without detected boundary
db/skiplist_test.cc,RunConcurrent,341,342,HANDWRITTEN_CPP,False,CPP_UNVERIFIED,B_DIRECT_MIGRATION,ordinary C++ control/data-flow without detected boundary
db/snapshot.h,SnapshotImpl,18,20,HANDWRITTEN_CPP,False,CPP_UNVERIFIED,B_DIRECT_MIGRATION,ordinary C++ control/data-flow without detected boundary
db/snapshot.h,SnapshotList,40,41,HANDWRITTEN_CPP,False,CPP_UNVERIFIED,B_DIRECT_MIGRATION,ordinary C++ control/data-flow without detected boundary
db/snapshot.h,Delete,79,79,HANDWRITTEN_CPP,False,CPP_UNVERIFIED,B_DIRECT_MIGRATION,ordinary C++ control/data-flow without detected boundary
db/table_cache.cc,DeleteEntry,18,19,HANDWRITTEN_CPP,False,CPP_UNVERIFIED,B_DIRECT_MIGRATION,ordinary C++ control/data-flow without detected boundary
db/table_cache.cc,UnrefEntry,25,26,HANDWRITTEN_CPP,False,CPP_UNVERIFIED,B_DIRECT_MIGRATION,ordinary C++ control/data-flow without detected boundary
db/table_cache.cc,env_,34,37,HANDWRITTEN_CPP,False,CPP_UNVERIFIED,B_DIRECT_MIGRATION,ordinary C++ control/data-flow without detected boundary
db/version_edit.cc,GetInternalKey,86,87,HANDWRITTEN_CPP,False,CPP_UNVERIFIED,B_DIRECT_MIGRATION,ordinary C++ control/data-flow without detected boundary
db/version_edit.cc,GetLevel,95,96,HANDWRITTEN_CPP,False,CPP_UNVERIFIED,B_DIRECT_MIGRATION,ordinary C++ control/data-flow without detected boundary
db/version_edit.cc,if,121,122,HANDWRITTEN_CPP,False,CPP_UNVERIFIED,B_DIRECT_MIGRATION,ordinary C++ control/data-flow without detected boundary
db/version_edit.cc,if,129,131,HANDWRITTEN_CPP,False,CPP_UNVERIFIED,B_DIRECT_MIGRATION,ordinary C++ control/data-flow without detected boundary
db/version_edit.cc,if,137,139,HANDWRITTEN_CPP,False,CPP_UNVERIFIED,B_DIRECT_MIGRATION,ordinary C++ control/data-flow without detected boundary
db/version_edit.cc,if,145,147,HANDWRITTEN_CPP,False,CPP_UNVERIFIED,B_DIRECT_MIGRATION,ordinary C++ control/data-flow without detected boundary
db/version_edit.cc,if,153,155,HANDWRITTEN_CPP,False,CPP_UNVERIFIED,B_DIRECT_MIGRATION,ordinary C++ control/data-flow without detected boundary
db/version_edit.cc,if,161,163,HANDWRITTEN_CPP,False,CPP_UNVERIFIED,B_DIRECT_MIGRATION,ordinary C++ control/data-flow without detected boundary
db/version_edit.cc,if,169,171,HANDWRITTEN_CPP,False,CPP_UNVERIFIED,B_DIRECT_MIGRATION,ordinary C++ control/data-flow without detected boundary
db/version_edit.cc,if,177,182,HANDWRITTEN_CPP,False,CPP_UNVERIFIED,B_DIRECT_MIGRATION,ordinary C++ control/data-flow without detected boundary
db/version_edit.h,VersionEdit,30,31,HANDWRITTEN_CPP,False,CPP_UNVERIFIED,B_DIRECT_MIGRATION,ordinary C++ control/data-flow without detected boundary
db/version_edit.h,SetComparatorName,35,36,HANDWRITTEN_CPP,False,CPP_UNVERIFIED,B_DIRECT_MIGRATION,ordinary C++ control/data-flow without detected boundary
db/version_edit.h,SetLogNumber,40,40,HANDWRITTEN_CPP,False,CPP_UNVERIFIED,B_DIRECT_MIGRATION,ordinary C++ control/data-flow without detected boundary
db/version_edit.h,SetPrevLogNumber,44,44,HANDWRITTEN_CPP,False,CPP_UNVERIFIED,B_DIRECT_MIGRATION,ordinary C++ control/data-flow without detected boundary
db/version_edit.h,SetNextFile,48,48,HANDWRITTEN_CPP,False,CPP_UNVERIFIED,B_DIRECT_MIGRATION,ordinary C++ control/data-flow without detected boundary
db/version_edit.h,SetLastSequence,52,52,HANDWRITTEN_CPP,False,CPP_UNVERIFIED,B_DIRECT_MIGRATION,ordinary C++ control/data-flow without detected boundary
db/version_edit.h,SetCompactPointer,56,56,HANDWRITTEN_CPP,False,CPP_UNVERIFIED,B_DIRECT_MIGRATION,ordinary C++ control/data-flow without detected boundary
db/version_edit.h,AddFile,63,64,HANDWRITTEN_CPP,False,CPP_UNVERIFIED,B_DIRECT_MIGRATION,ordinary C++ control/data-flow without detected boundary
db/version_edit.h,RemoveFile,74,74,HANDWRITTEN_CPP,False,CPP_UNVERIFIED,B_DIRECT_MIGRATION,ordinary C++ control/data-flow without detected boundary
db/version_edit_test.cc,TestEncodeDecode,10,11,HANDWRITTEN_CPP,False,CPP_UNVERIFIED,B_DIRECT_MIGRATION,ordinary C++ control/data-flow without detected boundary
db/version_set.cc,TargetFileSize,23,24,HANDWRITTEN_CPP,False,CPP_UNVERIFIED,B_DIRECT_MIGRATION,ordinary C++ control/data-flow without detected boundary
db/version_set.cc,MaxGrandParentOverlapBytes,30,30,HANDWRITTEN_CPP,False,CPP_UNVERIFIED,B_DIRECT_MIGRATION,ordinary C++ control/data-flow without detected boundary
db/version_set.cc,ExpandedCompactionByteSizeLimit,37,37,HANDWRITTEN_CPP,False,CPP_UNVERIFIED,B_DIRECT_MIGRATION,ordinary C++ control/data-flow without detected boundary
db/version_set.cc,MaxBytesForLevel,40,41,HANDWRITTEN_CPP,False,CPP_UNVERIFIED,B_DIRECT_MIGRATION,ordinary C++ control/data-flow without detected boundary
db/version_set.cc,MaxFileSizeForLevel,53,54,HANDWRITTEN_CPP,False,CPP_UNVERIFIED,B_DIRECT_MIGRATION,ordinary C++ control/data-flow without detected boundary
db/version_set.cc,TotalFileSize,58,59,HANDWRITTEN_CPP,False,CPP_UNVERIFIED,B_DIRECT_MIGRATION,ordinary C++ control/data-flow without detected boundary
db/version_set.cc,FindFile,86,88,HANDWRITTEN_CPP,False,CPP_UNVERIFIED,B_DIRECT_MIGRATION,ordinary C++ control/data-flow without detected boundary
db/version_set.cc,AfterFile,106,108,HANDWRITTEN_CPP,False,CPP_UNVERIFIED,B_DIRECT_MIGRATION,ordinary C++ control/data-flow without detected boundary
db/version_set.cc,BeforeFile,113,115,HANDWRITTEN_CPP,False,CPP_UNVERIFIED,B_DIRECT_MIGRATION,ordinary C++ control/data-flow without detected boundary
db/version_set.cc,SomeFileOverlapsRange,120,125,HANDWRITTEN_CPP,False,CPP_UNVERIFIED,B_DIRECT_MIGRATION,ordinary C++ control/data-flow without detected boundary
db/version_set.cc,LevelFileNumIterator,164,167,HANDWRITTEN_CPP,False,CPP_UNVERIFIED,B_DIRECT_MIGRATION,ordinary C++ control/data-flow without detected boundary
db/version_set.cc,SaveValue,262,262,HANDWRITTEN_CPP,False,CPP_UNVERIFIED,B_DIRECT_MIGRATION,ordinary C++ control/data-flow without detected boundary
db/version_set.cc,NewestFirst,276,277,HANDWRITTEN_CPP,False,CPP_UNVERIFIED,B_DIRECT_MIGRATION,ordinary C++ control/data-flow without detected boundary
db/version_set.cc,Match,340,341,HANDWRITTEN_CPP,False,CPP_UNVERIFIED,D_BOUNDARY,external/runtime/raw-pointer boundary
db/version_set.cc,Match,424,425,HANDWRITTEN_CPP,False,CPP_UNVERIFIED,B_DIRECT_MIGRATION,ordinary C++ control/data-flow without detected boundary
db/version_set.cc,Apply,629,629,HANDWRITTEN_CPP,False,CPP_UNVERIFIED,B_DIRECT_MIGRATION,ordinary C++ control/data-flow without detected boundary
db/version_set.cc,SaveTo,672,672,HANDWRITTEN_CPP,False,CPP_UNVERIFIED,B_DIRECT_MIGRATION,ordinary C++ control/data-flow without detected boundary
db/version_set.cc,MaybeAddFile,716,717,HANDWRITTEN_CPP,False,CPP_UNVERIFIED,B_DIRECT_MIGRATION,ordinary C++ control/data-flow without detected boundary
db/version_set.cc,env_,736,749,HANDWRITTEN_CPP,False,CPP_UNVERIFIED,B_DIRECT_MIGRATION,ordinary C++ control/data-flow without detected boundary
db/version_set.cc,FindLargestKey,1308,1310,HANDWRITTEN_CPP,False,CPP_UNVERIFIED,B_DIRECT_MIGRATION,ordinary C++ control/data-flow without detected boundary
db/version_set.cc,AddBoundaryInputs,1360,1362,HANDWRITTEN_CPP,False,CPP_UNVERIFIED,B_DIRECT_MIGRATION,ordinary C++ control/data-flow without detected boundary
db/version_set.cc,level_,1482,1487,HANDWRITTEN_CPP,False,CPP_UNVERIFIED,B_DIRECT_MIGRATION,ordinary C++ control/data-flow without detected boundary
db/version_set.h,Version,122,131,HANDWRITTEN_CPP,False,CPP_UNVERIFIED,B_DIRECT_MIGRATION,ordinary C++ control/data-flow without detected boundary
db/version_set.h,NewFileNumber,194,194,HANDWRITTEN_CPP,False,CPP_UNVERIFIED,B_DIRECT_MIGRATION,ordinary C++ control/data-flow without detected boundary
db/version_set.h,ReuseFileNumber,199,199,HANDWRITTEN_CPP,False,CPP_UNVERIFIED,B_DIRECT_MIGRATION,ordinary C++ control/data-flow without detected boundary
db/version_set.h,SetLastSequence,215,215,HANDWRITTEN_CPP,False,CPP_UNVERIFIED,B_DIRECT_MIGRATION,ordinary C++ control/data-flow without detected boundary
db/version_set_test.cc,FindFileTest,14,15,HANDWRITTEN_CPP,False,CPP_UNVERIFIED,B_DIRECT_MIGRATION,ordinary C++ control/data-flow without detected boundary
db/version_set_test.cc,Add,22,25,HANDWRITTEN_CPP,False,CPP_UNVERIFIED,B_DIRECT_MIGRATION,ordinary C++ control/data-flow without detected boundary
db/version_set_test.cc,Find,32,33,HANDWRITTEN_CPP,False,CPP_UNVERIFIED,B_DIRECT_MIGRATION,ordinary C++ control/data-flow without detected boundary
db/version_set_test.cc,Overlaps,38,39,HANDWRITTEN_CPP,False,CPP_UNVERIFIED,B_DIRECT_MIGRATION,ordinary C++ control/data-flow without detected boundary
db/write_batch.cc,if,56,58,HANDWRITTEN_CPP,False,CPP_UNVERIFIED,B_DIRECT_MIGRATION,ordinary C++ control/data-flow without detected boundary
db/write_batch.cc,if,64,65,HANDWRITTEN_CPP,False,CPP_UNVERIFIED,B_DIRECT_MIGRATION,ordinary C++ control/data-flow without detected boundary
db/write_batch_internal.h,Contents,31,32,HANDWRITTEN_CPP,False,CPP_UNVERIFIED,B_DIRECT_MIGRATION,ordinary C++ control/data-flow without detected boundary
db/write_batch_internal.h,ByteSize,33,34,HANDWRITTEN_CPP,False,CPP_UNVERIFIED,B_DIRECT_MIGRATION,ordinary C++ control/data-flow without detected boundary
db/write_batch_test.cc,PrintContents,13,14,HANDWRITTEN_CPP,False,CPP_UNVERIFIED,B_DIRECT_MIGRATION,ordinary C++ control/data-flow without detected boundary
helpers/memenv/memenv.cc,Ref,34,34,HANDWRITTEN_CPP,False,CPP_UNVERIFIED,C_LOCAL_REFACTOR,"ownership, callback, threading, or template shape"
helpers/memenv/memenv.cc,Unref,40,40,HANDWRITTEN_CPP,False,CPP_UNVERIFIED,C_LOCAL_REFACTOR,"ownership, callback, threading, or template shape"
helpers/memenv/memenv.cc,Truncate,61,62,HANDWRITTEN_CPP,False,CPP_UNVERIFIED,D_BOUNDARY,external/runtime/raw-pointer boundary
helpers/memenv/memenv.cc,Append,107,108,HANDWRITTEN_CPP,False,CPP_UNVERIFIED,D_BOUNDARY,external/runtime/raw-pointer boundary
helpers/memenv/memenv.cc,SequentialFileImpl,153,154,HANDWRITTEN_CPP,False,CPP_UNVERIFIED,B_DIRECT_MIGRATION,ordinary C++ control/data-flow without detected boundary
helpers/memenv/memenv.cc,RandomAccessFileImpl,186,187,HANDWRITTEN_CPP,False,CPP_UNVERIFIED,B_DIRECT_MIGRATION,ordinary C++ control/data-flow without detected boundary
helpers/memenv/memenv.cc,WritableFileImpl,201,202,HANDWRITTEN_CPP,False,CPP_UNVERIFIED,B_DIRECT_MIGRATION,ordinary C++ control/data-flow without detected boundary
helpers/memenv/memenv.cc,InMemoryEnv,222,223,HANDWRITTEN_CPP,False,CPP_UNVERIFIED,B_DIRECT_MIGRATION,ordinary C++ control/data-flow without detected boundary
helpers/memenv/memenv.cc,RemoveFileInternal,310,312,HANDWRITTEN_CPP,False,CPP_UNVERIFIED,B_DIRECT_MIGRATION,ordinary C++ control/data-flow without detected boundary
helpers/memenv/memenv_test.cc,MemEnvTest,19,20,HANDWRITTEN_CPP,False,CPP_UNVERIFIED,B_DIRECT_MIGRATION,ordinary C++ control/data-flow without detected boundary
include/leveldb/cache.h,Prune,94,94,HANDWRITTEN_CPP,False,CPP_UNVERIFIED,B_DIRECT_MIGRATION,ordinary C++ control/data-flow without detected boundary
include/leveldb/env.h,EnvWrapper,338,338,HANDWRITTEN_CPP,False,CPP_UNVERIFIED,B_DIRECT_MIGRATION,ordinary C++ control/data-flow without detected boundary
include/leveldb/iterator.h,Run,90,90,HANDWRITTEN_CPP,False,CPP_UNVERIFIED,B_DIRECT_MIGRATION,ordinary C++ control/data-flow without detected boundary
include/leveldb/slice.h,clear,65,65,HANDWRITTEN_CPP,False,CPP_UNVERIFIED,B_DIRECT_MIGRATION,ordinary C++ control/data-flow without detected boundary
include/leveldb/slice.h,remove_prefix,71,71,HANDWRITTEN_CPP,False,CPP_UNVERIFIED,B_DIRECT_MIGRATION,ordinary C++ control/data-flow without detected boundary
include/leveldb/status.h,OK,37,37,HANDWRITTEN_CPP,False,CPP_UNVERIFIED,B_DIRECT_MIGRATION,ordinary C++ control/data-flow without detected boundary
include/leveldb/status.h,NotFound,40,40,HANDWRITTEN_CPP,False,CPP_UNVERIFIED,B_DIRECT_MIGRATION,ordinary C++ control/data-flow without detected boundary
include/leveldb/status.h,Corruption,43,43,HANDWRITTEN_CPP,False,CPP_UNVERIFIED,B_DIRECT_MIGRATION,ordinary C++ control/data-flow without detected boundary
include/leveldb/status.h,NotSupported,46,46,HANDWRITTEN_CPP,False,CPP_UNVERIFIED,B_DIRECT_MIGRATION,ordinary C++ control/data-flow without detected boundary
include/leveldb/status.h,InvalidArgument,49,49,HANDWRITTEN_CPP,False,CPP_UNVERIFIED,B_DIRECT_MIGRATION,ordinary C++ control/data-flow without detected boundary
include/leveldb/status.h,IOError,52,52,HANDWRITTEN_CPP,False,CPP_UNVERIFIED,B_DIRECT_MIGRATION,ordinary C++ control/data-flow without detected boundary
include/leveldb/table.h,Table,66,67,HANDWRITTEN_CPP,False,CPP_UNVERIFIED,B_DIRECT_MIGRATION,ordinary C++ control/data-flow without detected boundary
issues/issue178_test.cc,Key1,18,19,HANDWRITTEN_CPP,False,CPP_UNVERIFIED,B_DIRECT_MIGRATION,ordinary C++ control/data-flow without detected boundary
issues/issue178_test.cc,Key2,24,25,HANDWRITTEN_CPP,False,CPP_UNVERIFIED,B_DIRECT_MIGRATION,ordinary C++ control/data-flow without detected boundary
issues/issue320_test.cc,GenerateRandomNumber,22,22,HANDWRITTEN_CPP,False,CPP_UNVERIFIED,B_DIRECT_MIGRATION,ordinary C++ control/data-flow without detected boundary
issues/issue320_test.cc,CreateRandomString,23,24,HANDWRITTEN_CPP,False,CPP_UNVERIFIED,B_DIRECT_MIGRATION,ordinary C++ control/data-flow without detected boundary
port/port_stdcxx.h,Lock,58,59,HANDWRITTEN_CPP,False,CPP_UNVERIFIED,B_DIRECT_MIGRATION,ordinary C++ control/data-flow without detected boundary
port/port_stdcxx.h,Unlock,60,60,HANDWRITTEN_CPP,False,CPP_UNVERIFIED,B_DIRECT_MIGRATION,ordinary C++ control/data-flow without detected boundary
port/port_stdcxx.h,AssertHeld,61,61,HANDWRITTEN_CPP,False,CPP_UNVERIFIED,B_DIRECT_MIGRATION,ordinary C++ control/data-flow without detected boundary
port/port_stdcxx.h,CondVar,70,71,HANDWRITTEN_CPP,False,CPP_UNVERIFIED,B_DIRECT_MIGRATION,ordinary C++ control/data-flow without detected boundary
port/port_stdcxx.h,Wait,76,77,HANDWRITTEN_CPP,False,CPP_UNVERIFIED,C_LOCAL_REFACTOR,"ownership, callback, threading, or template shape"
port/port_stdcxx.h,Signal,82,82,HANDWRITTEN_CPP,False,CPP_UNVERIFIED,B_DIRECT_MIGRATION,ordinary C++ control/data-flow without detected boundary
port/port_stdcxx.h,SignalAll,83,83,HANDWRITTEN_CPP,False,CPP_UNVERIFIED,B_DIRECT_MIGRATION,ordinary C++ control/data-flow without detected boundary
port/port_stdcxx.h,Snappy_Compress,89,91,HANDWRITTEN_CPP,False,CPP_UNVERIFIED,B_DIRECT_MIGRATION,ordinary C++ control/data-flow without detected boundary
port/port_stdcxx.h,Snappy_GetUncompressedLength,107,109,HANDWRITTEN_CPP,False,CPP_UNVERIFIED,B_DIRECT_MIGRATION,ordinary C++ control/data-flow without detected boundary
port/port_stdcxx.h,Snappy_Uncompress,120,121,HANDWRITTEN_CPP,False,CPP_UNVERIFIED,B_DIRECT_MIGRATION,ordinary C++ control/data-flow without detected boundary
port/port_stdcxx.h,Zstd_Compress,132,134,HANDWRITTEN_CPP,False,CPP_UNVERIFIED,B_DIRECT_MIGRATION,ordinary C++ control/data-flow without detected boundary
port/port_stdcxx.h,Zstd_GetUncompressedLength,162,164,HANDWRITTEN_CPP,False,CPP_UNVERIFIED,B_DIRECT_MIGRATION,ordinary C++ control/data-flow without detected boundary
port/port_stdcxx.h,Zstd_Uncompress,178,179,HANDWRITTEN_CPP,False,CPP_UNVERIFIED,B_DIRECT_MIGRATION,ordinary C++ control/data-flow without detected boundary
port/port_stdcxx.h,GetHeapProfile,200,201,HANDWRITTEN_CPP,False,CPP_UNVERIFIED,B_DIRECT_MIGRATION,ordinary C++ control/data-flow without detected boundary
port/port_stdcxx.h,AcceleratedCRC32C,207,208,HANDWRITTEN_CPP,False,CPP_UNVERIFIED,D_BOUNDARY,external/runtime/raw-pointer boundary
table/block.cc,data_,26,28,HANDWRITTEN_CPP,False,CPP_UNVERIFIED,B_DIRECT_MIGRATION,ordinary C++ control/data-flow without detected boundary
table/block.cc,GetRestartPoint,99,100,HANDWRITTEN_CPP,False,CPP_UNVERIFIED,B_DIRECT_MIGRATION,ordinary C++ control/data-flow without detected boundary
table/block.cc,SeekToRestartPoint,104,105,HANDWRITTEN_CPP,False,CPP_UNVERIFIED,B_DIRECT_MIGRATION,ordinary C++ control/data-flow without detected boundary
table/block.cc,Iter,114,123,HANDWRITTEN_CPP,False,CPP_UNVERIFIED,B_DIRECT_MIGRATION,ordinary C++ control/data-flow without detected boundary
table/block.cc,CorruptionError,240,242,HANDWRITTEN_CPP,False,CPP_UNVERIFIED,B_DIRECT_MIGRATION,ordinary C++ control/data-flow without detected boundary
table/block.cc,ParseNextKey,249,250,HANDWRITTEN_CPP,False,CPP_UNVERIFIED,D_BOUNDARY,external/runtime/raw-pointer boundary
table/block_builder.cc,options_,41,41,HANDWRITTEN_CPP,False,CPP_UNVERIFIED,B_DIRECT_MIGRATION,ordinary C++ control/data-flow without detected boundary
table/filter_block.cc,policy_,19,19,HANDWRITTEN_CPP,False,CPP_UNVERIFIED,B_DIRECT_MIGRATION,ordinary C++ control/data-flow without detected boundary
table/filter_block.cc,policy_,79,79,HANDWRITTEN_CPP,False,CPP_UNVERIFIED,B_DIRECT_MIGRATION,ordinary C++ control/data-flow without detected boundary
table/format.cc,ReadBlock,68,70,HANDWRITTEN_CPP,False,CPP_UNVERIFIED,D_BOUNDARY,external/runtime/raw-pointer boundary
table/format.cc,if,103,104,HANDWRITTEN_CPP,False,CPP_UNVERIFIED,D_BOUNDARY,external/runtime/raw-pointer boundary
table/format.h,set_offset,32,32,HANDWRITTEN_CPP,False,CPP_UNVERIFIED,B_DIRECT_MIGRATION,ordinary C++ control/data-flow without detected boundary
table/format.h,set_size,36,36,HANDWRITTEN_CPP,False,CPP_UNVERIFIED,B_DIRECT_MIGRATION,ordinary C++ control/data-flow without detected boundary
table/format.h,set_metaindex_handle,59,59,HANDWRITTEN_CPP,False,CPP_UNVERIFIED,B_DIRECT_MIGRATION,ordinary C++ control/data-flow without detected boundary
table/format.h,set_index_handle,63,63,HANDWRITTEN_CPP,False,CPP_UNVERIFIED,B_DIRECT_MIGRATION,ordinary C++ control/data-flow without detected boundary
table/format.h,offset_,95,95,HANDWRITTEN_CPP,False,CPP_UNVERIFIED,B_DIRECT_MIGRATION,ordinary C++ control/data-flow without detected boundary
table/iterator.cc,EmptyIterator,44,45,HANDWRITTEN_CPP,False,CPP_UNVERIFIED,B_DIRECT_MIGRATION,ordinary C++ control/data-flow without detected boundary
table/iterator_wrapper.h,IteratorWrapper,18,19,HANDWRITTEN_CPP,False,CPP_UNVERIFIED,B_DIRECT_MIGRATION,ordinary C++ control/data-flow without detected boundary
table/iterator_wrapper.h,IteratorWrapper,20,20,HANDWRITTEN_CPP,False,CPP_UNVERIFIED,B_DIRECT_MIGRATION,ordinary C++ control/data-flow without detected boundary
table/iterator_wrapper.h,Set,26,26,HANDWRITTEN_CPP,False,CPP_UNVERIFIED,B_DIRECT_MIGRATION,ordinary C++ control/data-flow without detected boundary
table/iterator_wrapper.h,Next,51,51,HANDWRITTEN_CPP,False,CPP_UNVERIFIED,B_DIRECT_MIGRATION,ordinary C++ control/data-flow without detected boundary
table/iterator_wrapper.h,Prev,56,56,HANDWRITTEN_CPP,False,CPP_UNVERIFIED,B_DIRECT_MIGRATION,ordinary C++ control/data-flow without detected boundary
table/iterator_wrapper.h,Seek,61,61,HANDWRITTEN_CPP,False,CPP_UNVERIFIED,B_DIRECT_MIGRATION,ordinary C++ control/data-flow without detected boundary
table/iterator_wrapper.h,SeekToFirst,66,66,HANDWRITTEN_CPP,False,CPP_UNVERIFIED,B_DIRECT_MIGRATION,ordinary C++ control/data-flow without detected boundary
table/iterator_wrapper.h,SeekToLast,71,71,HANDWRITTEN_CPP,False,CPP_UNVERIFIED,B_DIRECT_MIGRATION,ordinary C++ control/data-flow without detected boundary
table/iterator_wrapper.h,Update,76,78,HANDWRITTEN_CPP,False,CPP_UNVERIFIED,B_DIRECT_MIGRATION,ordinary C++ control/data-flow without detected boundary
table/merger.cc,MergingIterator,15,21,HANDWRITTEN_CPP,False,CPP_UNVERIFIED,B_DIRECT_MIGRATION,ordinary C++ control/data-flow without detected boundary
table/table.cc,DeleteBlock,135,136,HANDWRITTEN_CPP,False,CPP_UNVERIFIED,B_DIRECT_MIGRATION,ordinary C++ control/data-flow without detected boundary
table/table.cc,DeleteCachedBlock,139,140,HANDWRITTEN_CPP,False,CPP_UNVERIFIED,B_DIRECT_MIGRATION,ordinary C++ control/data-flow without detected boundary
table/table.cc,ReleaseBlock,144,145,HANDWRITTEN_CPP,False,CPP_UNVERIFIED,B_DIRECT_MIGRATION,ordinary C++ control/data-flow without detected boundary
table/table_builder.cc,options,23,34,HANDWRITTEN_CPP,False,CPP_UNVERIFIED,B_DIRECT_MIGRATION,ordinary C++ control/data-flow without detected boundary
table/table_builder.cc,rep_,66,66,HANDWRITTEN_CPP,False,CPP_UNVERIFIED,B_DIRECT_MIGRATION,ordinary C++ control/data-flow without detected boundary
table/table_test.cc,Reverse,29,29,HANDWRITTEN_CPP,False,CPP_UNVERIFIED,B_DIRECT_MIGRATION,ordinary C++ control/data-flow without detected boundary
table/table_test.cc,Increment,66,67,HANDWRITTEN_CPP,False,CPP_UNVERIFIED,B_DIRECT_MIGRATION,ordinary C++ control/data-flow without detected boundary
table/table_test.cc,StringSource,111,113,HANDWRITTEN_CPP,False,CPP_UNVERIFIED,B_DIRECT_MIGRATION,ordinary C++ control/data-flow without detected boundary
table/table_test.cc,Constructor,141,142,HANDWRITTEN_CPP,False,CPP_UNVERIFIED,B_DIRECT_MIGRATION,ordinary C++ control/data-flow without detected boundary
table/table_test.cc,Add,144,145,HANDWRITTEN_CPP,False,CPP_UNVERIFIED,B_DIRECT_MIGRATION,ordinary C++ control/data-flow without detected boundary
table/table_test.cc,Finish,152,153,HANDWRITTEN_CPP,False,CPP_UNVERIFIED,B_DIRECT_MIGRATION,ordinary C++ control/data-flow without detected boundary
table/table_test.cc,BlockConstructor,178,180,HANDWRITTEN_CPP,False,CPP_UNVERIFIED,B_DIRECT_MIGRATION,ordinary C++ control/data-flow without detected boundary
table/table_test.cc,TableConstructor,212,214,HANDWRITTEN_CPP,False,CPP_UNVERIFIED,B_DIRECT_MIGRATION,ordinary C++ control/data-flow without detected boundary
table/table_test.cc,Reset,244,246,HANDWRITTEN_CPP,False,CPP_UNVERIFIED,B_DIRECT_MIGRATION,ordinary C++ control/data-flow without detected boundary
table/table_test.cc,KeyConvertingIterator,261,262,HANDWRITTEN_CPP,False,CPP_UNVERIFIED,B_DIRECT_MIGRATION,ordinary C++ control/data-flow without detected boundary
table/table_test.cc,MemTableConstructor,302,304,HANDWRITTEN_CPP,False,CPP_UNVERIFIED,B_DIRECT_MIGRATION,ordinary C++ control/data-flow without detected boundary
table/table_test.cc,DBConstructor,330,332,HANDWRITTEN_CPP,False,CPP_UNVERIFIED,B_DIRECT_MIGRATION,ordinary C++ control/data-flow without detected boundary
table/table_test.cc,NewDB,353,355,HANDWRITTEN_CPP,False,CPP_UNVERIFIED,B_DIRECT_MIGRATION,ordinary C++ control/data-flow without detected boundary
table/table_test.cc,Harness,408,409,HANDWRITTEN_CPP,False,CPP_UNVERIFIED,B_DIRECT_MIGRATION,ordinary C++ control/data-flow without detected boundary
table/table_test.cc,Init,410,411,HANDWRITTEN_CPP,False,CPP_UNVERIFIED,B_DIRECT_MIGRATION,ordinary C++ control/data-flow without detected boundary
table/table_test.cc,Add,440,441,HANDWRITTEN_CPP,False,CPP_UNVERIFIED,B_DIRECT_MIGRATION,ordinary C++ control/data-flow without detected boundary
table/table_test.cc,Test,444,445,HANDWRITTEN_CPP,False,CPP_UNVERIFIED,B_DIRECT_MIGRATION,ordinary C++ control/data-flow without detected boundary
table/table_test.cc,TestForwardScan,454,456,HANDWRITTEN_CPP,False,CPP_UNVERIFIED,B_DIRECT_MIGRATION,ordinary C++ control/data-flow without detected boundary
table/table_test.cc,TestBackwardScan,468,470,HANDWRITTEN_CPP,False,CPP_UNVERIFIED,B_DIRECT_MIGRATION,ordinary C++ control/data-flow without detected boundary
table/table_test.cc,TestRandomAccess,482,484,HANDWRITTEN_CPP,False,CPP_UNVERIFIED,B_DIRECT_MIGRATION,ordinary C++ control/data-flow without detected boundary
table/table_test.cc,ToString,551,552,HANDWRITTEN_CPP,False,CPP_UNVERIFIED,B_DIRECT_MIGRATION,ordinary C++ control/data-flow without detected boundary
table/table_test.cc,ToString,559,561,HANDWRITTEN_CPP,False,CPP_UNVERIFIED,B_DIRECT_MIGRATION,ordinary C++ control/data-flow without detected boundary
table/table_test.cc,ToString,568,569,HANDWRITTEN_CPP,False,CPP_UNVERIFIED,B_DIRECT_MIGRATION,ordinary C++ control/data-flow without detected boundary
table/table_test.cc,PickRandomKey,576,577,HANDWRITTEN_CPP,False,CPP_UNVERIFIED,B_DIRECT_MIGRATION,ordinary C++ control/data-flow without detected boundary
table/table_test.cc,Between,748,749,HANDWRITTEN_CPP,False,CPP_UNVERIFIED,B_DIRECT_MIGRATION,ordinary C++ control/data-flow without detected boundary
table/table_test.cc,CompressionSupported,787,788,HANDWRITTEN_CPP,False,CPP_UNVERIFIED,B_DIRECT_MIGRATION,ordinary C++ control/data-flow without detected boundary
table/two_level_iterator.cc,SaveError,50,52,HANDWRITTEN_CPP,False,CPP_UNVERIFIED,B_DIRECT_MIGRATION,ordinary C++ control/data-flow without detected boundary
table/two_level_iterator.cc,block_function_,74,78,HANDWRITTEN_CPP,False,CPP_UNVERIFIED,B_DIRECT_MIGRATION,ordinary C++ control/data-flow without detected boundary
util/arena.cc,alloc_ptr_,12,12,HANDWRITTEN_CPP,False,CPP_UNVERIFIED,B_DIRECT_MIGRATION,ordinary C++ control/data-flow without detected boundary
util/bloom.cc,BloomHash,13,13,HANDWRITTEN_CPP,False,CPP_UNVERIFIED,B_DIRECT_MIGRATION,ordinary C++ control/data-flow without detected boundary
util/bloom.cc,BloomFilterPolicy,18,19,HANDWRITTEN_CPP,False,CPP_UNVERIFIED,B_DIRECT_MIGRATION,ordinary C++ control/data-flow without detected boundary
util/bloom_test.cc,Key,14,15,HANDWRITTEN_CPP,False,CPP_UNVERIFIED,B_DIRECT_MIGRATION,ordinary C++ control/data-flow without detected boundary
util/bloom_test.cc,BloomTest,21,22,HANDWRITTEN_CPP,False,CPP_UNVERIFIED,B_DIRECT_MIGRATION,ordinary C++ control/data-flow without detected boundary
util/bloom_test.cc,Reset,25,26,HANDWRITTEN_CPP,False,CPP_UNVERIFIED,B_DIRECT_MIGRATION,ordinary C++ control/data-flow without detected boundary
util/bloom_test.cc,Add,30,31,HANDWRITTEN_CPP,False,CPP_UNVERIFIED,B_DIRECT_MIGRATION,ordinary C++ control/data-flow without detected boundary
util/bloom_test.cc,Build,32,33,HANDWRITTEN_CPP,False,CPP_UNVERIFIED,B_DIRECT_MIGRATION,ordinary C++ control/data-flow without detected boundary
util/bloom_test.cc,DumpFilter,46,47,HANDWRITTEN_CPP,False,CPP_UNVERIFIED,B_DIRECT_MIGRATION,ordinary C++ control/data-flow without detected boundary
util/bloom_test.cc,Matches,57,58,HANDWRITTEN_CPP,False,CPP_UNVERIFIED,B_DIRECT_MIGRATION,ordinary C++ control/data-flow without detected boundary
util/bloom_test.cc,FalsePositiveRate,64,65,HANDWRITTEN_CPP,False,CPP_UNVERIFIED,B_DIRECT_MIGRATION,ordinary C++ control/data-flow without detected boundary
util/bloom_test.cc,NextLength,95,96,HANDWRITTEN_CPP,False,CPP_UNVERIFIED,B_DIRECT_MIGRATION,ordinary C++ control/data-flow without detected boundary
util/cache.cc,HandleTable,71,72,HANDWRITTEN_CPP,False,CPP_UNVERIFIED,B_DIRECT_MIGRATION,ordinary C++ control/data-flow without detected boundary
util/cache.cc,Resize,122,123,HANDWRITTEN_CPP,False,CPP_UNVERIFIED,B_DIRECT_MIGRATION,ordinary C++ control/data-flow without detected boundary
util/cache.cc,SetCapacity,157,157,HANDWRITTEN_CPP,False,CPP_UNVERIFIED,B_DIRECT_MIGRATION,ordinary C++ control/data-flow without detected boundary
util/cache.cc,HashSlice,344,345,HANDWRITTEN_CPP,False,CPP_UNVERIFIED,B_DIRECT_MIGRATION,ordinary C++ control/data-flow without detected boundary
util/cache.cc,Shard,348,349,HANDWRITTEN_CPP,False,CPP_UNVERIFIED,B_DIRECT_MIGRATION,ordinary C++ control/data-flow without detected boundary
util/cache.cc,ShardedLRUCache,350,352,HANDWRITTEN_CPP,False,CPP_UNVERIFIED,B_DIRECT_MIGRATION,ordinary C++ control/data-flow without detected boundary
util/cache_test.cc,EncodeKey,15,15,HANDWRITTEN_CPP,False,CPP_UNVERIFIED,B_DIRECT_MIGRATION,ordinary C++ control/data-flow without detected boundary
util/cache_test.cc,DecodeKey,20,20,HANDWRITTEN_CPP,False,CPP_UNVERIFIED,B_DIRECT_MIGRATION,ordinary C++ control/data-flow without detected boundary
util/cache_test.cc,DecodeValue,25,25,HANDWRITTEN_CPP,False,CPP_UNVERIFIED,B_DIRECT_MIGRATION,ordinary C++ control/data-flow without detected boundary
util/cache_test.cc,Deleter,28,29,HANDWRITTEN_CPP,False,CPP_UNVERIFIED,B_DIRECT_MIGRATION,ordinary C++ control/data-flow without detected boundary
util/cache_test.cc,Lookup,42,43,HANDWRITTEN_CPP,False,CPP_UNVERIFIED,B_DIRECT_MIGRATION,ordinary C++ control/data-flow without detected boundary
util/cache_test.cc,Insert,51,52,HANDWRITTEN_CPP,False,CPP_UNVERIFIED,B_DIRECT_MIGRATION,ordinary C++ control/data-flow without detected boundary
util/cache_test.cc,Erase,61,62,HANDWRITTEN_CPP,False,CPP_UNVERIFIED,B_DIRECT_MIGRATION,ordinary C++ control/data-flow without detected boundary
util/coding.cc,PutFixed32,8,9,HANDWRITTEN_CPP,False,CPP_UNVERIFIED,B_DIRECT_MIGRATION,ordinary C++ control/data-flow without detected boundary
util/coding.cc,PutFixed64,14,15,HANDWRITTEN_CPP,False,CPP_UNVERIFIED,B_DIRECT_MIGRATION,ordinary C++ control/data-flow without detected boundary
util/coding.cc,PutVarint32,48,49,HANDWRITTEN_CPP,False,CPP_UNVERIFIED,D_BOUNDARY,external/runtime/raw-pointer boundary
util/coding.cc,PutVarint64,65,66,HANDWRITTEN_CPP,False,CPP_UNVERIFIED,D_BOUNDARY,external/runtime/raw-pointer boundary
util/coding.cc,PutLengthPrefixedSlice,71,72,HANDWRITTEN_CPP,False,CPP_UNVERIFIED,B_DIRECT_MIGRATION,ordinary C++ control/data-flow without detected boundary
util/coding.cc,VarintLength,76,77,HANDWRITTEN_CPP,False,CPP_UNVERIFIED,B_DIRECT_MIGRATION,ordinary C++ control/data-flow without detected boundary
util/coding.cc,GetVarint32,103,104,HANDWRITTEN_CPP,False,CPP_UNVERIFIED,D_BOUNDARY,external/runtime/raw-pointer boundary
util/coding.cc,GetVarint64,132,133,HANDWRITTEN_CPP,False,CPP_UNVERIFIED,D_BOUNDARY,external/runtime/raw-pointer boundary
util/coding.cc,GetLengthPrefixedSlice,144,145,HANDWRITTEN_CPP,False,CPP_UNVERIFIED,B_DIRECT_MIGRATION,ordinary C++ control/data-flow without detected boundary
util/coding.h,EncodeFixed32,53,54,HANDWRITTEN_CPP,False,CPP_UNVERIFIED,D_BOUNDARY,external/runtime/raw-pointer boundary
util/coding.h,EncodeFixed64,63,64,HANDWRITTEN_CPP,False,CPP_UNVERIFIED,D_BOUNDARY,external/runtime/raw-pointer boundary
util/coding.h,DecodeFixed32,80,81,HANDWRITTEN_CPP,False,CPP_UNVERIFIED,D_BOUNDARY,external/runtime/raw-pointer boundary
util/coding.h,DecodeFixed64,90,91,HANDWRITTEN_CPP,False,CPP_UNVERIFIED,D_BOUNDARY,external/runtime/raw-pointer boundary
util/crc32c.cc,ReadUint32LE,249,249,HANDWRITTEN_CPP,False,CPP_UNVERIFIED,D_BOUNDARY,external/runtime/raw-pointer boundary
util/crc32c.cc,CanAccelerateCRC32C,267,267,HANDWRITTEN_CPP,False,CPP_UNVERIFIED,B_DIRECT_MIGRATION,ordinary C++ control/data-flow without detected boundary
util/crc32c.cc,Extend,275,276,HANDWRITTEN_CPP,False,CPP_UNVERIFIED,B_DIRECT_MIGRATION,ordinary C++ control/data-flow without detected boundary
util/crc32c.h,Value,20,20,HANDWRITTEN_CPP,False,CPP_UNVERIFIED,B_DIRECT_MIGRATION,ordinary C++ control/data-flow without detected boundary
util/crc32c.h,Mask,29,29,HANDWRITTEN_CPP,False,CPP_UNVERIFIED,B_DIRECT_MIGRATION,ordinary C++ control/data-flow without detected boundary
util/crc32c.h,Unmask,35,35,HANDWRITTEN_CPP,False,CPP_UNVERIFIED,B_DIRECT_MIGRATION,ordinary C++ control/data-flow without detected boundary
util/env.cc,Log,40,41,HANDWRITTEN_CPP,False,CPP_UNVERIFIED,B_DIRECT_MIGRATION,ordinary C++ control/data-flow without detected boundary
util/env.cc,DoWriteStringToFile,49,51,HANDWRITTEN_CPP,False,CPP_UNVERIFIED,B_DIRECT_MIGRATION,ordinary C++ control/data-flow without detected boundary
util/env.cc,WriteStringToFile,70,72,HANDWRITTEN_CPP,False,CPP_UNVERIFIED,B_DIRECT_MIGRATION,ordinary C++ control/data-flow without detected boundary
util/env.cc,WriteStringToFileSync,75,77,HANDWRITTEN_CPP,False,CPP_UNVERIFIED,B_DIRECT_MIGRATION,ordinary C++ control/data-flow without detected boundary
util/env.cc,ReadFileToString,80,81,HANDWRITTEN_CPP,False,CPP_UNVERIFIED,B_DIRECT_MIGRATION,ordinary C++ control/data-flow without detected boundary
util/env_posix.cc,PosixError,60,61,HANDWRITTEN_CPP,False,CPP_UNVERIFIED,B_DIRECT_MIGRATION,ordinary C++ control/data-flow without detected boundary
util/env_posix.cc,Acquire,90,90,HANDWRITTEN_CPP,False,CPP_UNVERIFIED,B_DIRECT_MIGRATION,ordinary C++ control/data-flow without detected boundary
util/env_posix.cc,Release,109,109,HANDWRITTEN_CPP,False,CPP_UNVERIFIED,B_DIRECT_MIGRATION,ordinary C++ control/data-flow without detected boundary
util/env_posix.cc,PosixSequentialFile,137,139,HANDWRITTEN_CPP,False,CPP_UNVERIFIED,B_DIRECT_MIGRATION,ordinary C++ control/data-flow without detected boundary
util/env_posix.cc,has_permanent_fd_,181,184,HANDWRITTEN_CPP,False,CPP_UNVERIFIED,D_BOUNDARY,external/runtime/raw-pointer boundary
util/env_posix.cc,mmap_base_,249,252,HANDWRITTEN_CPP,False,CPP_UNVERIFIED,B_DIRECT_MIGRATION,ordinary C++ control/data-flow without detected boundary
util/env_posix.cc,PosixWritableFile,278,284,HANDWRITTEN_CPP,False,CPP_UNVERIFIED,B_DIRECT_MIGRATION,ordinary C++ control/data-flow without detected boundary
util/env_posix.cc,FlushBuffer,352,354,HANDWRITTEN_CPP,False,CPP_UNVERIFIED,B_DIRECT_MIGRATION,ordinary C++ control/data-flow without detected boundary
util/env_posix.cc,WriteUnbuffered,359,360,HANDWRITTEN_CPP,False,CPP_UNVERIFIED,D_BOUNDARY,external/runtime/raw-pointer boundary
util/env_posix.cc,SyncDirIfManifest,374,375,HANDWRITTEN_CPP,False,CPP_UNVERIFIED,B_DIRECT_MIGRATION,ordinary C++ control/data-flow without detected boundary
util/env_posix.cc,SyncFd,397,397,HANDWRITTEN_CPP,False,CPP_UNVERIFIED,B_DIRECT_MIGRATION,ordinary C++ control/data-flow without detected boundary
util/env_posix.cc,Dirname,423,423,HANDWRITTEN_CPP,False,CPP_UNVERIFIED,B_DIRECT_MIGRATION,ordinary C++ control/data-flow without detected boundary
util/env_posix.cc,Basename,439,439,HANDWRITTEN_CPP,False,CPP_UNVERIFIED,B_DIRECT_MIGRATION,ordinary C++ control/data-flow without detected boundary
util/env_posix.cc,IsManifest,453,453,HANDWRITTEN_CPP,False,CPP_UNVERIFIED,B_DIRECT_MIGRATION,ordinary C++ control/data-flow without detected boundary
util/env_posix.cc,LockOrUnlock,466,467,HANDWRITTEN_CPP,False,CPP_UNVERIFIED,B_DIRECT_MIGRATION,ordinary C++ control/data-flow without detected boundary
util/env_posix.cc,PosixFileLock,480,482,HANDWRITTEN_CPP,False,CPP_UNVERIFIED,B_DIRECT_MIGRATION,ordinary C++ control/data-flow without detected boundary
util/env_posix.cc,Insert,500,501,HANDWRITTEN_CPP,False,CPP_UNVERIFIED,B_DIRECT_MIGRATION,ordinary C++ control/data-flow without detected boundary
util/env_posix.cc,Remove,507,507,HANDWRITTEN_CPP,False,CPP_UNVERIFIED,B_DIRECT_MIGRATION,ordinary C++ control/data-flow without detected boundary
util/env_posix.cc,BackgroundThreadEntryPoint,749,750,HANDWRITTEN_CPP,False,CPP_UNVERIFIED,B_DIRECT_MIGRATION,ordinary C++ control/data-flow without detected boundary
util/env_posix.cc,BackgroundWorkItem,761,762,HANDWRITTEN_CPP,False,CPP_UNVERIFIED,B_DIRECT_MIGRATION,ordinary C++ control/data-flow without detected boundary
util/env_posix.cc,MaxMmaps,781,781,HANDWRITTEN_CPP,False,CPP_UNVERIFIED,B_DIRECT_MIGRATION,ordinary C++ control/data-flow without detected boundary
util/env_posix.cc,MaxOpenFiles,784,784,HANDWRITTEN_CPP,False,CPP_UNVERIFIED,B_DIRECT_MIGRATION,ordinary C++ control/data-flow without detected boundary
util/env_posix.cc,background_work_cv_,809,812,HANDWRITTEN_CPP,False,CPP_UNVERIFIED,B_DIRECT_MIGRATION,ordinary C++ control/data-flow without detected boundary
util/env_posix.cc,SingletonEnv,870,871,HANDWRITTEN_CPP,False,CPP_UNVERIFIED,B_DIRECT_MIGRATION,ordinary C++ control/data-flow without detected boundary
util/env_posix.cc,AssertEnvNotInitialized,891,892,HANDWRITTEN_CPP,False,CPP_UNVERIFIED,B_DIRECT_MIGRATION,ordinary C++ control/data-flow without detected boundary
util/env_posix_test.cc,TestCloseOnExecHelperMain,59,59,HANDWRITTEN_CPP,False,CPP_UNVERIFIED,D_BOUNDARY,external/runtime/raw-pointer boundary
util/env_posix_test.cc,GetMaxFileDescriptor,79,79,HANDWRITTEN_CPP,False,CPP_UNVERIFIED,B_DIRECT_MIGRATION,ordinary C++ control/data-flow without detected boundary
util/env_posix_test.cc,GetOpenFileDescriptors,89,89,HANDWRITTEN_CPP,False,CPP_UNVERIFIED,D_BOUNDARY,external/runtime/raw-pointer boundary
util/env_posix_test.cc,GetNewlyOpenedFileDescriptor,113,114,HANDWRITTEN_CPP,False,CPP_UNVERIFIED,B_DIRECT_MIGRATION,ordinary C++ control/data-flow without detected boundary
util/env_posix_test.cc,CheckCloseOnExecDoesNotLeakFDs,128,129,HANDWRITTEN_CPP,False,CPP_UNVERIFIED,D_BOUNDARY,external/runtime/raw-pointer boundary
util/env_posix_test.cc,SetFileLimits,173,174,HANDWRITTEN_CPP,False,CPP_UNVERIFIED,B_DIRECT_MIGRATION,ordinary C++ control/data-flow without detected boundary
util/env_posix_test.cc,main,333,334,HANDWRITTEN_CPP,False,CPP_UNVERIFIED,B_DIRECT_MIGRATION,ordinary C++ control/data-flow without detected boundary
util/env_test.cc,EnvTest,18,19,HANDWRITTEN_CPP,False,CPP_UNVERIFIED,B_DIRECT_MIGRATION,ordinary C++ control/data-flow without detected boundary
util/env_test.cc,Run,76,77,HANDWRITTEN_CPP,False,CPP_UNVERIFIED,B_DIRECT_MIGRATION,ordinary C++ control/data-flow without detected boundary
util/env_test.cc,Run,107,108,HANDWRITTEN_CPP,False,CPP_UNVERIFIED,C_LOCAL_REFACTOR,"ownership, callback, threading, or template shape"
util/env_test.cc,ThreadBody,149,150,HANDWRITTEN_CPP,False,CPP_UNVERIFIED,B_DIRECT_MIGRATION,ordinary C++ control/data-flow without detected boundary
util/env_windows.cc,GetWindowsErrorMessage,47,48,HANDWRITTEN_CPP,False,CPP_UNVERIFIED,D_BOUNDARY,external/runtime/raw-pointer boundary
util/env_windows.cc,WindowsError,64,65,HANDWRITTEN_CPP,False,CPP_UNVERIFIED,B_DIRECT_MIGRATION,ordinary C++ control/data-flow without detected boundary
util/env_windows.cc,ScopedHandle,72,73,HANDWRITTEN_CPP,False,CPP_UNVERIFIED,B_DIRECT_MIGRATION,ordinary C++ control/data-flow without detected boundary
util/env_windows.cc,Close,84,85,HANDWRITTEN_CPP,False,CPP_UNVERIFIED,B_DIRECT_MIGRATION,ordinary C++ control/data-flow without detected boundary
util/env_windows.cc,Release,99,100,HANDWRITTEN_CPP,False,CPP_UNVERIFIED,B_DIRECT_MIGRATION,ordinary C++ control/data-flow without detected boundary
util/env_windows.cc,Acquire,131,131,HANDWRITTEN_CPP,False,CPP_UNVERIFIED,B_DIRECT_MIGRATION,ordinary C++ control/data-flow without detected boundary
util/env_windows.cc,Release,143,143,HANDWRITTEN_CPP,False,CPP_UNVERIFIED,B_DIRECT_MIGRATION,ordinary C++ control/data-flow without detected boundary
util/env_windows.cc,WindowsSequentialFile,167,169,HANDWRITTEN_CPP,False,CPP_UNVERIFIED,B_DIRECT_MIGRATION,ordinary C++ control/data-flow without detected boundary
util/env_windows.cc,WindowsRandomAccessFile,202,204,HANDWRITTEN_CPP,False,CPP_UNVERIFIED,B_DIRECT_MIGRATION,ordinary C++ control/data-flow without detected boundary
util/env_windows.cc,mmap_base_,238,241,HANDWRITTEN_CPP,False,CPP_UNVERIFIED,B_DIRECT_MIGRATION,ordinary C++ control/data-flow without detected boundary
util/env_windows.cc,WindowsWritableFile,267,269,HANDWRITTEN_CPP,False,CPP_UNVERIFIED,B_DIRECT_MIGRATION,ordinary C++ control/data-flow without detected boundary
util/env_windows.cc,FlushBuffer,327,329,HANDWRITTEN_CPP,False,CPP_UNVERIFIED,B_DIRECT_MIGRATION,ordinary C++ control/data-flow without detected boundary
util/env_windows.cc,WriteUnbuffered,334,335,HANDWRITTEN_CPP,False,CPP_UNVERIFIED,B_DIRECT_MIGRATION,ordinary C++ control/data-flow without detected boundary
util/env_windows.cc,LockOrUnlock,356,356,HANDWRITTEN_CPP,False,CPP_UNVERIFIED,B_DIRECT_MIGRATION,ordinary C++ control/data-flow without detected boundary
util/env_windows.cc,WindowsFileLock,371,373,HANDWRITTEN_CPP,False,CPP_UNVERIFIED,B_DIRECT_MIGRATION,ordinary C++ control/data-flow without detected boundary
util/env_windows.cc,BackgroundThreadEntryPoint,674,675,HANDWRITTEN_CPP,False,CPP_UNVERIFIED,B_DIRECT_MIGRATION,ordinary C++ control/data-flow without detected boundary
util/env_windows.cc,BackgroundWorkItem,686,687,HANDWRITTEN_CPP,False,CPP_UNVERIFIED,B_DIRECT_MIGRATION,ordinary C++ control/data-flow without detected boundary
util/env_windows.cc,MaxMmaps,704,704,HANDWRITTEN_CPP,False,CPP_UNVERIFIED,B_DIRECT_MIGRATION,ordinary C++ control/data-flow without detected boundary
util/env_windows.cc,background_work_cv_,707,709,HANDWRITTEN_CPP,False,CPP_UNVERIFIED,B_DIRECT_MIGRATION,ordinary C++ control/data-flow without detected boundary
util/env_windows.cc,SingletonEnv,765,766,HANDWRITTEN_CPP,False,CPP_UNVERIFIED,B_DIRECT_MIGRATION,ordinary C++ control/data-flow without detected boundary
util/env_windows.cc,AssertEnvNotInitialized,786,787,HANDWRITTEN_CPP,False,CPP_UNVERIFIED,B_DIRECT_MIGRATION,ordinary C++ control/data-flow without detected boundary
util/env_windows_test.cc,SetFileLimits,16,17,HANDWRITTEN_CPP,False,CPP_UNVERIFIED,B_DIRECT_MIGRATION,ordinary C++ control/data-flow without detected boundary
util/env_windows_test.cc,main,59,60,HANDWRITTEN_CPP,False,CPP_UNVERIFIED,D_BOUNDARY,external/runtime/raw-pointer boundary
util/hash.cc,Hash,21,22,HANDWRITTEN_CPP,False,CPP_UNVERIFIED,D_BOUNDARY,external/runtime/raw-pointer boundary
util/histogram.h,Histogram,13,14,HANDWRITTEN_CPP,False,CPP_UNVERIFIED,B_DIRECT_MIGRATION,ordinary C++ control/data-flow without detected boundary
util/logging.cc,AppendNumberTo,16,17,HANDWRITTEN_CPP,False,CPP_UNVERIFIED,B_DIRECT_MIGRATION,ordinary C++ control/data-flow without detected boundary
util/logging.cc,AppendEscapedStringTo,22,23,HANDWRITTEN_CPP,False,CPP_UNVERIFIED,B_DIRECT_MIGRATION,ordinary C++ control/data-flow without detected boundary
util/logging.cc,NumberToString,36,37,HANDWRITTEN_CPP,False,CPP_UNVERIFIED,B_DIRECT_MIGRATION,ordinary C++ control/data-flow without detected boundary
util/logging.cc,EscapeString,42,43,HANDWRITTEN_CPP,False,CPP_UNVERIFIED,B_DIRECT_MIGRATION,ordinary C++ control/data-flow without detected boundary
util/logging.cc,ConsumeDecimalNumber,48,49,HANDWRITTEN_CPP,False,CPP_UNVERIFIED,D_BOUNDARY,external/runtime/raw-pointer boundary
util/logging_test.cc,ConsumeDecimalNumberRoundtripTest,39,41,HANDWRITTEN_CPP,False,CPP_UNVERIFIED,B_DIRECT_MIGRATION,ordinary C++ control/data-flow without detected boundary
util/logging_test.cc,ConsumeDecimalNumberOverflowTest,92,93,HANDWRITTEN_CPP,False,CPP_UNVERIFIED,B_DIRECT_MIGRATION,ordinary C++ control/data-flow without detected boundary
util/logging_test.cc,ConsumeDecimalNumberNoDigitsTest,119,120,HANDWRITTEN_CPP,False,CPP_UNVERIFIED,B_DIRECT_MIGRATION,ordinary C++ control/data-flow without detected boundary
util/mutexlock.h,MutexLock,24,25,HANDWRITTEN_CPP,False,CPP_UNVERIFIED,B_DIRECT_MIGRATION,ordinary C++ control/data-flow without detected boundary
util/no_destructor.h,NoDestructor,21,21,HANDWRITTEN_CPP,False,CPP_UNVERIFIED,B_DIRECT_MIGRATION,ordinary C++ control/data-flow without detected boundary
util/no_destructor_test.cc,DoNotDestruct,18,19,HANDWRITTEN_CPP,False,CPP_UNVERIFIED,B_DIRECT_MIGRATION,ordinary C++ control/data-flow without detected boundary
util/posix_logger.h,PosixLogger,29,29,HANDWRITTEN_CPP,False,CPP_UNVERIFIED,B_DIRECT_MIGRATION,ordinary C++ control/data-flow without detected boundary
util/random.h,Random,18,20,HANDWRITTEN_CPP,False,CPP_UNVERIFIED,B_DIRECT_MIGRATION,ordinary C++ control/data-flow without detected boundary
util/random.h,Next,26,26,HANDWRITTEN_CPP,False,CPP_UNVERIFIED,B_DIRECT_MIGRATION,ordinary C++ control/data-flow without detected boundary
util/random.h,Uniform,49,49,HANDWRITTEN_CPP,False,CPP_UNVERIFIED,B_DIRECT_MIGRATION,ordinary C++ control/data-flow without detected boundary
util/random.h,OneIn,53,53,HANDWRITTEN_CPP,False,CPP_UNVERIFIED,B_DIRECT_MIGRATION,ordinary C++ control/data-flow without detected boundary
util/random.h,Skewed,58,58,HANDWRITTEN_CPP,False,CPP_UNVERIFIED,B_DIRECT_MIGRATION,ordinary C++ control/data-flow without detected boundary
util/testutil.cc,RandomString,13,14,HANDWRITTEN_CPP,False,CPP_UNVERIFIED,B_DIRECT_MIGRATION,ordinary C++ control/data-flow without detected boundary
util/testutil.cc,RandomKey,21,22,HANDWRITTEN_CPP,False,CPP_UNVERIFIED,B_DIRECT_MIGRATION,ordinary C++ control/data-flow without detected boundary
util/testutil.cc,CompressibleString,33,35,HANDWRITTEN_CPP,False,CPP_UNVERIFIED,B_DIRECT_MIGRATION,ordinary C++ control/data-flow without detected boundary
util/testutil.h,RandomSeed,28,28,HANDWRITTEN_CPP,False,CPP_UNVERIFIED,B_DIRECT_MIGRATION,ordinary C++ control/data-flow without detected boundary
util/testutil.h,EnvWrapper,53,55,HANDWRITTEN_CPP,False,CPP_UNVERIFIED,B_DIRECT_MIGRATION,ordinary C++ control/data-flow without detected boundary
util/windows_logger.h,WindowsLogger,26,26,HANDWRITTEN_CPP,False,CPP_UNVERIFIED,B_DIRECT_MIGRATION,ordinary C++ control/data-flow without detected boundary
