inventory_methodology_version,application,application_commit,file,line,end_line,kind,name,loc,features,bucket,primary_reason,secondary_reasons,confidence
2,redis-plus-plus,397f9c7be0eb82ce92545f259a7f66ab992bd7ee,src/sw/redis++/async_connection.cpp,34,65,function,hello_callback,32,"{""bitfield"": false, ""branch_complexity_proxy"": 2, ""c_array"": false, ""call_count"": 12, ""callback"": false, ""calloc"": false, ""conditional_compilation"": false, ""explicit_abi_boundary"": false, ""extern_declaration"": false, ""extern_or_abi_boundary"": false, ""flexible_array"": false, ""free"": false, ""function_pointer"": true, ""generated_source"": false, ""global_read"": false, ""global_write"": false, ""goto"": false, ""lexical_ambiguity"": false, ""longjmp"": false, ""macro_density"": 0.0, ""macro_generated_declaration"": false, ""macro_use"": false, ""malloc"": false, ""memcpy"": false, ""memmove"": false, ""memset"": false, ""mutable_global"": false, ""parameter_count"": 3, ""platform_specific"": false, ""pointer_arithmetic"": false, ""pointer_count"": 9, ""pointer_to_pointer"": false, ""raw_pointer_parameter"": true, ""raw_pointer_return"": false, ""realloc"": false, ""setjmp"": false, ""static_local"": false, ""syscall"": false, ""third_party"": false, ""union"": false, ""va_list"": false, ""variadic"": false, ""void_pointer"": true}",NEEDS_TRANSPILER,function_pointer,[],medium
2,redis-plus-plus,397f9c7be0eb82ce92545f259a7f66ab992bd7ee,src/sw/redis++/async_connection.cpp,67,97,function,set_options_callback,31,"{""bitfield"": false, ""branch_complexity_proxy"": 2, ""c_array"": false, ""call_count"": 12, ""callback"": false, ""calloc"": false, ""conditional_compilation"": false, ""explicit_abi_boundary"": false, ""extern_declaration"": false, ""extern_or_abi_boundary"": false, ""flexible_array"": false, ""free"": false, ""function_pointer"": true, ""generated_source"": false, ""global_read"": false, ""global_write"": false, ""goto"": false, ""lexical_ambiguity"": false, ""longjmp"": false, ""macro_density"": 0.0, ""macro_generated_declaration"": false, ""macro_use"": false, ""malloc"": false, ""memcpy"": false, ""memmove"": false, ""memset"": false, ""mutable_global"": false, ""parameter_count"": 3, ""platform_specific"": false, ""pointer_arithmetic"": false, ""pointer_count"": 10, ""pointer_to_pointer"": false, ""raw_pointer_parameter"": true, ""raw_pointer_return"": false, ""realloc"": false, ""setjmp"": false, ""static_local"": false, ""syscall"": false, ""third_party"": false, ""union"": false, ""va_list"": false, ""variadic"": false, ""void_pointer"": true}",NEEDS_TRANSPILER,function_pointer,[],medium
2,redis-plus-plus,397f9c7be0eb82ce92545f259a7f66ab992bd7ee,src/sw/redis++/async_connection.cpp,99,107,function,to_timeval,9,"{""bitfield"": false, ""branch_complexity_proxy"": 0, ""c_array"": false, ""call_count"": 3, ""callback"": false, ""calloc"": false, ""conditional_compilation"": false, ""explicit_abi_boundary"": false, ""extern_declaration"": false, ""extern_or_abi_boundary"": false, ""flexible_array"": false, ""free"": false, ""function_pointer"": false, ""generated_source"": false, ""global_read"": false, ""global_write"": false, ""goto"": false, ""lexical_ambiguity"": false, ""longjmp"": false, ""macro_density"": 0.0, ""macro_generated_declaration"": false, ""macro_use"": false, ""malloc"": false, ""memcpy"": false, ""memmove"": false, ""memset"": false, ""mutable_global"": false, ""parameter_count"": 1, ""platform_specific"": false, ""pointer_arithmetic"": false, ""pointer_count"": 0, ""pointer_to_pointer"": false, ""raw_pointer_parameter"": false, ""raw_pointer_return"": false, ""realloc"": false, ""setjmp"": false, ""static_local"": false, ""syscall"": false, ""third_party"": false, ""union"": false, ""va_list"": false, ""variadic"": false, ""void_pointer"": false}",TRIVIAL,no_significant_detected_blocker,[],medium
2,redis-plus-plus,397f9c7be0eb82ce92545f259a7f66ab992bd7ee,src/sw/redis++/async_connection.cpp,616,620,function,update_shards,5,"{""bitfield"": false, ""branch_complexity_proxy"": 0, ""c_array"": false, ""call_count"": 3, ""callback"": false, ""calloc"": false, ""conditional_compilation"": false, ""explicit_abi_boundary"": false, ""extern_declaration"": false, ""extern_or_abi_boundary"": false, ""flexible_array"": false, ""free"": false, ""function_pointer"": false, ""generated_source"": false, ""global_read"": false, ""global_write"": false, ""goto"": false, ""lexical_ambiguity"": false, ""longjmp"": false, ""macro_density"": 0.0, ""macro_generated_declaration"": false, ""macro_use"": false, ""malloc"": false, ""memcpy"": false, ""memmove"": false, ""memset"": false, ""mutable_global"": false, ""parameter_count"": 3, ""platform_specific"": false, ""pointer_arithmetic"": false, ""pointer_count"": 0, ""pointer_to_pointer"": false, ""raw_pointer_parameter"": false, ""raw_pointer_return"": false, ""realloc"": false, ""setjmp"": false, ""static_local"": false, ""syscall"": false, ""third_party"": false, ""union"": false, ""va_list"": false, ""variadic"": false, ""void_pointer"": false}",TRIVIAL,no_significant_detected_blocker,[],medium
2,redis-plus-plus,397f9c7be0eb82ce92545f259a7f66ab992bd7ee,src/sw/redis++/async_connection.h,42,46,struct,DefaultResultParser,5,"{""bitfield"": false, ""branch_complexity_proxy"": 0, ""c_array"": false, ""call_count"": 1, ""callback"": false, ""calloc"": false, ""conditional_compilation"": true, ""explicit_abi_boundary"": false, ""extern_declaration"": false, ""extern_or_abi_boundary"": false, ""flexible_array"": false, ""free"": false, ""function_pointer"": false, ""generated_source"": false, ""global_read"": false, ""global_write"": false, ""goto"": false, ""lexical_ambiguity"": false, ""longjmp"": false, ""macro_density"": 0.0, ""macro_generated_declaration"": false, ""macro_use"": false, ""malloc"": false, ""memcpy"": false, ""memmove"": false, ""memset"": false, ""mutable_global"": false, ""parameter_count"": 0, ""platform_specific"": false, ""pointer_arithmetic"": false, ""pointer_count"": 0, ""pointer_to_pointer"": false, ""raw_pointer_parameter"": false, ""raw_pointer_return"": false, ""realloc"": false, ""setjmp"": false, ""static_local"": false, ""syscall"": false, ""third_party"": false, ""union"": false, ""va_list"": false, ""variadic"": false, ""void_pointer"": false}",TRIVIAL,no_significant_detected_blocker,"[""conditional_compilation""]",medium
2,redis-plus-plus,397f9c7be0eb82ce92545f259a7f66ab992bd7ee,src/sw/redis++/async_connection.h,61,61,function,set_value,1,"{""bitfield"": false, ""branch_complexity_proxy"": 0, ""c_array"": false, ""call_count"": 1, ""callback"": false, ""calloc"": false, ""conditional_compilation"": true, ""explicit_abi_boundary"": false, ""extern_declaration"": false, ""extern_or_abi_boundary"": false, ""flexible_array"": false, ""free"": false, ""function_pointer"": false, ""generated_source"": false, ""global_read"": false, ""global_write"": false, ""goto"": false, ""lexical_ambiguity"": false, ""longjmp"": false, ""macro_density"": 0.0, ""macro_generated_declaration"": false, ""macro_use"": false, ""malloc"": false, ""memcpy"": false, ""memmove"": false, ""memset"": false, ""mutable_global"": false, ""parameter_count"": 1, ""platform_specific"": false, ""pointer_arithmetic"": false, ""pointer_count"": 0, ""pointer_to_pointer"": false, ""raw_pointer_parameter"": false, ""raw_pointer_return"": false, ""realloc"": false, ""setjmp"": false, ""static_local"": false, ""syscall"": false, ""third_party"": false, ""union"": false, ""va_list"": false, ""variadic"": false, ""void_pointer"": false}",TRIVIAL,no_significant_detected_blocker,"[""conditional_compilation""]",medium
2,redis-plus-plus,397f9c7be0eb82ce92545f259a7f66ab992bd7ee,src/sw/redis++/async_connection.h,85,89,enum,class,5,"{""bitfield"": false, ""branch_complexity_proxy"": 0, ""c_array"": false, ""call_count"": 0, ""callback"": false, ""calloc"": false, ""conditional_compilation"": true, ""explicit_abi_boundary"": false, ""extern_declaration"": false, ""extern_or_abi_boundary"": false, ""flexible_array"": false, ""free"": false, ""function_pointer"": false, ""generated_source"": false, ""global_read"": false, ""global_write"": false, ""goto"": false, ""lexical_ambiguity"": false, ""longjmp"": false, ""macro_density"": 0.0, ""macro_generated_declaration"": false, ""macro_use"": false, ""malloc"": false, ""memcpy"": false, ""memmove"": false, ""memset"": false, ""mutable_global"": false, ""parameter_count"": 0, ""platform_specific"": false, ""pointer_arithmetic"": false, ""pointer_count"": 0, ""pointer_to_pointer"": false, ""raw_pointer_parameter"": false, ""raw_pointer_return"": false, ""realloc"": false, ""setjmp"": false, ""static_local"": false, ""syscall"": false, ""third_party"": false, ""union"": false, ""va_list"": false, ""variadic"": false, ""void_pointer"": false}",TRIVIAL,no_significant_detected_blocker,"[""conditional_compilation""]",medium
2,redis-plus-plus,397f9c7be0eb82ce92545f259a7f66ab992bd7ee,src/sw/redis++/async_connection.h,150,152,function,set_subscriber_mode,3,"{""bitfield"": false, ""branch_complexity_proxy"": 0, ""c_array"": false, ""call_count"": 1, ""callback"": false, ""calloc"": false, ""conditional_compilation"": true, ""explicit_abi_boundary"": false, ""extern_declaration"": false, ""extern_or_abi_boundary"": false, ""flexible_array"": false, ""free"": false, ""function_pointer"": false, ""generated_source"": false, ""global_read"": false, ""global_write"": false, ""goto"": false, ""lexical_ambiguity"": false, ""longjmp"": false, ""macro_density"": 0.0, ""macro_generated_declaration"": false, ""macro_use"": false, ""malloc"": false, ""memcpy"": false, ""memmove"": false, ""memset"": false, ""mutable_global"": false, ""parameter_count"": 0, ""platform_specific"": false, ""pointer_arithmetic"": false, ""pointer_count"": 0, ""pointer_to_pointer"": false, ""raw_pointer_parameter"": false, ""raw_pointer_return"": false, ""realloc"": false, ""setjmp"": false, ""static_local"": false, ""syscall"": false, ""third_party"": false, ""union"": false, ""va_list"": false, ""variadic"": false, ""void_pointer"": false}",TRIVIAL,no_significant_detected_blocker,"[""conditional_compilation""]",medium
2,redis-plus-plus,397f9c7be0eb82ce92545f259a7f66ab992bd7ee,src/sw/redis++/async_connection.h,167,178,enum,class,12,"{""bitfield"": false, ""branch_complexity_proxy"": 0, ""c_array"": false, ""call_count"": 0, ""callback"": false, ""calloc"": false, ""conditional_compilation"": true, ""explicit_abi_boundary"": false, ""extern_declaration"": false, ""extern_or_abi_boundary"": false, ""flexible_array"": false, ""free"": false, ""function_pointer"": false, ""generated_source"": false, ""global_read"": false, ""global_write"": false, ""goto"": false, ""lexical_ambiguity"": false, ""longjmp"": false, ""macro_density"": 0.0, ""macro_generated_declaration"": false, ""macro_use"": false, ""malloc"": false, ""memcpy"": false, ""memmove"": false, ""memset"": false, ""mutable_global"": false, ""parameter_count"": 0, ""platform_specific"": false, ""pointer_arithmetic"": false, ""pointer_count"": 0, ""pointer_to_pointer"": false, ""raw_pointer_parameter"": false, ""raw_pointer_return"": false, ""realloc"": false, ""setjmp"": false, ""static_local"": false, ""syscall"": false, ""third_party"": false, ""union"": false, ""va_list"": false, ""variadic"": false, ""void_pointer"": false}",TRIVIAL,no_significant_detected_blocker,"[""conditional_compilation""]",medium
2,redis-plus-plus,397f9c7be0eb82ce92545f259a7f66ab992bd7ee,src/sw/redis++/async_connection.h,238,244,struct,AsyncContextDeleter,7,"{""bitfield"": false, ""branch_complexity_proxy"": 1, ""c_array"": false, ""call_count"": 3, ""callback"": false, ""calloc"": false, ""conditional_compilation"": true, ""explicit_abi_boundary"": false, ""extern_declaration"": false, ""extern_or_abi_boundary"": false, ""flexible_array"": false, ""free"": false, ""function_pointer"": false, ""generated_source"": false, ""global_read"": false, ""global_write"": false, ""goto"": false, ""lexical_ambiguity"": false, ""longjmp"": false, ""macro_density"": 0.0, ""macro_generated_declaration"": false, ""macro_use"": false, ""malloc"": false, ""memcpy"": false, ""memmove"": false, ""memset"": false, ""mutable_global"": false, ""parameter_count"": 0, ""platform_specific"": false, ""pointer_arithmetic"": false, ""pointer_count"": 1, ""pointer_to_pointer"": false, ""raw_pointer_parameter"": false, ""raw_pointer_return"": false, ""realloc"": false, ""setjmp"": false, ""static_local"": false, ""syscall"": false, ""third_party"": false, ""union"": false, ""va_list"": false, ""variadic"": false, ""void_pointer"": false}",TRIVIAL,no_significant_detected_blocker,"[""conditional_compilation""]",medium
2,redis-plus-plus,397f9c7be0eb82ce92545f259a7f66ab992bd7ee,src/sw/redis++/async_connection.h,280,286,struct,AsyncContext,7,"{""bitfield"": false, ""branch_complexity_proxy"": 0, ""c_array"": false, ""call_count"": 3, ""callback"": false, ""calloc"": false, ""conditional_compilation"": true, ""explicit_abi_boundary"": false, ""extern_declaration"": false, ""extern_or_abi_boundary"": false, ""flexible_array"": false, ""free"": false, ""function_pointer"": false, ""generated_source"": false, ""global_read"": false, ""global_write"": false, ""goto"": false, ""lexical_ambiguity"": false, ""longjmp"": false, ""macro_density"": 0.0, ""macro_generated_declaration"": false, ""macro_use"": false, ""malloc"": false, ""memcpy"": false, ""memmove"": false, ""memset"": false, ""mutable_global"": false, ""parameter_count"": 0, ""platform_specific"": false, ""pointer_arithmetic"": false, ""pointer_count"": 0, ""pointer_to_pointer"": false, ""raw_pointer_parameter"": false, ""raw_pointer_return"": false, ""realloc"": false, ""setjmp"": false, ""static_local"": false, ""syscall"": false, ""third_party"": false, ""union"": false, ""va_list"": false, ""variadic"": false, ""void_pointer"": false}",TRIVIAL,no_significant_detected_blocker,"[""conditional_compilation""]",medium
2,redis-plus-plus,397f9c7be0eb82ce92545f259a7f66ab992bd7ee,src/sw/redis++/async_connection.h,291,291,function,CommandEvent,1,"{""bitfield"": false, ""branch_complexity_proxy"": 0, ""c_array"": false, ""call_count"": 3, ""callback"": false, ""calloc"": false, ""conditional_compilation"": true, ""explicit_abi_boundary"": false, ""extern_declaration"": false, ""extern_or_abi_boundary"": false, ""flexible_array"": false, ""free"": false, ""function_pointer"": false, ""generated_source"": false, ""global_read"": false, ""global_write"": false, ""goto"": false, ""lexical_ambiguity"": false, ""longjmp"": false, ""macro_density"": 0.0, ""macro_generated_declaration"": false, ""macro_use"": false, ""malloc"": false, ""memcpy"": false, ""memmove"": false, ""memset"": false, ""mutable_global"": false, ""parameter_count"": 1, ""platform_specific"": false, ""pointer_arithmetic"": false, ""pointer_count"": 0, ""pointer_to_pointer"": false, ""raw_pointer_parameter"": false, ""raw_pointer_return"": false, ""realloc"": false, ""setjmp"": false, ""static_local"": false, ""syscall"": false, ""third_party"": false, ""union"": false, ""va_list"": false, ""variadic"": false, ""void_pointer"": false}",TRIVIAL,no_significant_detected_blocker,"[""conditional_compilation""]",medium
2,redis-plus-plus,397f9c7be0eb82ce92545f259a7f66ab992bd7ee,src/sw/redis++/async_connection.h,307,307,struct,ResultType,1,"{""bitfield"": false, ""branch_complexity_proxy"": 0, ""c_array"": false, ""call_count"": 0, ""callback"": false, ""calloc"": false, ""conditional_compilation"": true, ""explicit_abi_boundary"": false, ""extern_declaration"": false, ""extern_or_abi_boundary"": false, ""flexible_array"": false, ""free"": false, ""function_pointer"": false, ""generated_source"": false, ""global_read"": false, ""global_write"": false, ""goto"": false, ""lexical_ambiguity"": false, ""longjmp"": false, ""macro_density"": 0.0, ""macro_generated_declaration"": false, ""macro_use"": false, ""malloc"": false, ""memcpy"": false, ""memmove"": false, ""memset"": false, ""mutable_global"": false, ""parameter_count"": 0, ""platform_specific"": false, ""pointer_arithmetic"": false, ""pointer_count"": 0, ""pointer_to_pointer"": false, ""raw_pointer_parameter"": false, ""raw_pointer_return"": false, ""realloc"": false, ""setjmp"": false, ""static_local"": false, ""syscall"": false, ""third_party"": false, ""union"": false, ""va_list"": false, ""variadic"": false, ""void_pointer"": false}",TRIVIAL,no_significant_detected_blocker,"[""conditional_compilation""]",medium
2,redis-plus-plus,397f9c7be0eb82ce92545f259a7f66ab992bd7ee,src/sw/redis++/async_connection.h,316,321,function,_handle,6,"{""bitfield"": false, ""branch_complexity_proxy"": 1, ""c_array"": false, ""call_count"": 6, ""callback"": true, ""calloc"": false, ""conditional_compilation"": true, ""explicit_abi_boundary"": false, ""extern_declaration"": false, ""extern_or_abi_boundary"": false, ""flexible_array"": false, ""free"": false, ""function_pointer"": false, ""generated_source"": false, ""global_read"": false, ""global_write"": false, ""goto"": false, ""lexical_ambiguity"": false, ""longjmp"": false, ""macro_density"": 0.0, ""macro_generated_declaration"": false, ""macro_use"": false, ""malloc"": false, ""memcpy"": false, ""memmove"": false, ""memset"": false, ""mutable_global"": false, ""parameter_count"": 2, ""platform_specific"": false, ""pointer_arithmetic"": false, ""pointer_count"": 0, ""pointer_to_pointer"": false, ""raw_pointer_parameter"": false, ""raw_pointer_return"": false, ""realloc"": false, ""setjmp"": false, ""static_local"": false, ""syscall"": false, ""third_party"": false, ""union"": false, ""va_list"": false, ""variadic"": false, ""void_pointer"": false}",NEEDS_TRANSPILER,callback,[],medium
2,redis-plus-plus,397f9c7be0eb82ce92545f259a7f66ab992bd7ee,src/sw/redis++/async_connection.h,323,346,function,_reply_callback,24,"{""bitfield"": false, ""branch_complexity_proxy"": 2, ""c_array"": false, ""call_count"": 14, ""callback"": false, ""calloc"": false, ""conditional_compilation"": true, ""explicit_abi_boundary"": false, ""extern_declaration"": false, ""extern_or_abi_boundary"": false, ""flexible_array"": false, ""free"": false, ""function_pointer"": true, ""generated_source"": false, ""global_read"": false, ""global_write"": false, ""goto"": false, ""lexical_ambiguity"": false, ""longjmp"": false, ""macro_density"": 0.0, ""macro_generated_declaration"": false, ""macro_use"": false, ""malloc"": false, ""memcpy"": false, ""memmove"": false, ""memset"": false, ""mutable_global"": false, ""parameter_count"": 3, ""platform_specific"": false, ""pointer_arithmetic"": false, ""pointer_count"": 9, ""pointer_to_pointer"": false, ""raw_pointer_parameter"": true, ""raw_pointer_return"": false, ""realloc"": false, ""setjmp"": false, ""static_local"": false, ""syscall"": false, ""third_party"": false, ""union"": false, ""va_list"": false, ""variadic"": false, ""void_pointer"": true}",NEEDS_TRANSPILER,function_pointer,[],medium
2,redis-plus-plus,397f9c7be0eb82ce92545f259a7f66ab992bd7ee,src/sw/redis++/async_connection.h,349,352,function,_set_value,4,"{""bitfield"": false, ""branch_complexity_proxy"": 0, ""c_array"": false, ""call_count"": 3, ""callback"": false, ""calloc"": false, ""conditional_compilation"": true, ""explicit_abi_boundary"": false, ""extern_declaration"": false, ""extern_or_abi_boundary"": false, ""flexible_array"": false, ""free"": false, ""function_pointer"": false, ""generated_source"": false, ""global_read"": false, ""global_write"": false, ""goto"": false, ""lexical_ambiguity"": false, ""longjmp"": false, ""macro_density"": 0.0, ""macro_generated_declaration"": false, ""macro_use"": false, ""malloc"": false, ""memcpy"": false, ""memmove"": false, ""memset"": false, ""mutable_global"": false, ""parameter_count"": 2, ""platform_specific"": false, ""pointer_arithmetic"": false, ""pointer_count"": 0, ""pointer_to_pointer"": false, ""raw_pointer_parameter"": false, ""raw_pointer_return"": false, ""realloc"": false, ""setjmp"": false, ""static_local"": false, ""syscall"": false, ""third_party"": false, ""union"": false, ""va_list"": false, ""variadic"": false, ""void_pointer"": false}",TRIVIAL,no_significant_detected_blocker,"[""conditional_compilation""]",medium
2,redis-plus-plus,397f9c7be0eb82ce92545f259a7f66ab992bd7ee,src/sw/redis++/async_connection.h,354,359,function,_set_value,6,"{""bitfield"": false, ""branch_complexity_proxy"": 0, ""c_array"": false, ""call_count"": 3, ""callback"": false, ""calloc"": false, ""conditional_compilation"": true, ""explicit_abi_boundary"": false, ""extern_declaration"": false, ""extern_or_abi_boundary"": false, ""flexible_array"": false, ""free"": false, ""function_pointer"": false, ""generated_source"": false, ""global_read"": false, ""global_write"": false, ""goto"": false, ""lexical_ambiguity"": false, ""longjmp"": false, ""macro_density"": 0.0, ""macro_generated_declaration"": false, ""macro_use"": false, ""malloc"": false, ""memcpy"": false, ""memmove"": false, ""memset"": false, ""mutable_global"": false, ""parameter_count"": 2, ""platform_specific"": false, ""pointer_arithmetic"": false, ""pointer_count"": 0, ""pointer_to_pointer"": false, ""raw_pointer_parameter"": false, ""raw_pointer_return"": false, ""realloc"": false, ""setjmp"": false, ""static_local"": false, ""syscall"": false, ""third_party"": false, ""union"": false, ""va_list"": false, ""variadic"": false, ""void_pointer"": false}",TRIVIAL,no_significant_detected_blocker,"[""conditional_compilation""]",medium
2,redis-plus-plus,397f9c7be0eb82ce92545f259a7f66ab992bd7ee,src/sw/redis++/async_connection.h,386,392,function,_run_callback,7,"{""bitfield"": false, ""branch_complexity_proxy"": 0, ""c_array"": false, ""call_count"": 4, ""callback"": false, ""calloc"": false, ""conditional_compilation"": true, ""explicit_abi_boundary"": false, ""extern_declaration"": false, ""extern_or_abi_boundary"": false, ""flexible_array"": false, ""free"": false, ""function_pointer"": false, ""generated_source"": false, ""global_read"": false, ""global_write"": false, ""goto"": false, ""lexical_ambiguity"": false, ""longjmp"": false, ""macro_density"": 0.0, ""macro_generated_declaration"": false, ""macro_use"": false, ""malloc"": false, ""memcpy"": false, ""memmove"": false, ""memset"": false, ""mutable_global"": false, ""parameter_count"": 0, ""platform_specific"": false, ""pointer_arithmetic"": false, ""pointer_count"": 0, ""pointer_to_pointer"": false, ""raw_pointer_parameter"": false, ""raw_pointer_return"": false, ""realloc"": false, ""setjmp"": false, ""static_local"": false, ""syscall"": false, ""third_party"": false, ""union"": false, ""va_list"": false, ""variadic"": false, ""void_pointer"": false}",TRIVIAL,no_significant_detected_blocker,"[""conditional_compilation""]",medium
2,redis-plus-plus,397f9c7be0eb82ce92545f259a7f66ab992bd7ee,src/sw/redis++/async_connection.h,402,402,function,AskingEvent,1,"{""bitfield"": false, ""branch_complexity_proxy"": 0, ""c_array"": false, ""call_count"": 2, ""callback"": false, ""calloc"": false, ""conditional_compilation"": true, ""explicit_abi_boundary"": false, ""extern_declaration"": false, ""extern_or_abi_boundary"": false, ""flexible_array"": false, ""free"": false, ""function_pointer"": false, ""generated_source"": false, ""global_read"": false, ""global_write"": false, ""goto"": false, ""lexical_ambiguity"": false, ""longjmp"": false, ""macro_density"": 0.0, ""macro_generated_declaration"": false, ""macro_use"": false, ""malloc"": false, ""memcpy"": false, ""memmove"": false, ""memset"": false, ""mutable_global"": false, ""parameter_count"": 1, ""platform_specific"": false, ""pointer_arithmetic"": false, ""pointer_count"": 1, ""pointer_to_pointer"": false, ""raw_pointer_parameter"": true, ""raw_pointer_return"": false, ""realloc"": false, ""setjmp"": false, ""static_local"": false, ""syscall"": false, ""third_party"": false, ""union"": false, ""va_list"": false, ""variadic"": false, ""void_pointer"": false}",TRIVIAL,no_significant_detected_blocker,"[""conditional_compilation"", ""raw_pointer_parameter""]",medium
2,redis-plus-plus,397f9c7be0eb82ce92545f259a7f66ab992bd7ee,src/sw/redis++/async_connection.h,431,456,function,_asking_callback,26,"{""bitfield"": false, ""branch_complexity_proxy"": 2, ""c_array"": false, ""call_count"": 13, ""callback"": false, ""calloc"": false, ""conditional_compilation"": true, ""explicit_abi_boundary"": false, ""extern_declaration"": false, ""extern_or_abi_boundary"": false, ""flexible_array"": false, ""free"": false, ""function_pointer"": true, ""generated_source"": false, ""global_read"": false, ""global_write"": false, ""goto"": false, ""lexical_ambiguity"": false, ""longjmp"": false, ""macro_density"": 0.0, ""macro_generated_declaration"": false, ""macro_use"": false, ""malloc"": false, ""memcpy"": false, ""memmove"": false, ""memset"": false, ""mutable_global"": false, ""parameter_count"": 3, ""platform_specific"": false, ""pointer_arithmetic"": false, ""pointer_count"": 9, ""pointer_to_pointer"": false, ""raw_pointer_parameter"": true, ""raw_pointer_return"": false, ""realloc"": false, ""setjmp"": false, ""static_local"": false, ""syscall"": false, ""third_party"": false, ""union"": false, ""va_list"": false, ""variadic"": false, ""void_pointer"": true}",NEEDS_TRANSPILER,function_pointer,[],medium
2,redis-plus-plus,397f9c7be0eb82ce92545f259a7f66ab992bd7ee,src/sw/redis++/async_connection.h,527,531,enum,class,5,"{""bitfield"": false, ""branch_complexity_proxy"": 0, ""c_array"": false, ""call_count"": 0, ""callback"": false, ""calloc"": false, ""conditional_compilation"": true, ""explicit_abi_boundary"": false, ""extern_declaration"": false, ""extern_or_abi_boundary"": false, ""flexible_array"": false, ""free"": false, ""function_pointer"": false, ""generated_source"": false, ""global_read"": false, ""global_write"": false, ""goto"": false, ""lexical_ambiguity"": false, ""longjmp"": false, ""macro_density"": 0.0, ""macro_generated_declaration"": false, ""macro_use"": false, ""malloc"": false, ""memcpy"": false, ""memmove"": false, ""memset"": false, ""mutable_global"": false, ""parameter_count"": 0, ""platform_specific"": false, ""pointer_arithmetic"": false, ""pointer_count"": 0, ""pointer_to_pointer"": false, ""raw_pointer_parameter"": false, ""raw_pointer_return"": false, ""realloc"": false, ""setjmp"": false, ""static_local"": false, ""syscall"": false, ""third_party"": false, ""union"": false, ""va_list"": false, ""variadic"": false, ""void_pointer"": false}",TRIVIAL,no_significant_detected_blocker,"[""conditional_compilation""]",medium
2,redis-plus-plus,397f9c7be0eb82ce92545f259a7f66ab992bd7ee,src/sw/redis++/async_connection.h,533,585,function,_cluster_reply_callback,53,"{""bitfield"": false, ""branch_complexity_proxy"": 4, ""c_array"": false, ""call_count"": 35, ""callback"": false, ""calloc"": false, ""conditional_compilation"": true, ""explicit_abi_boundary"": false, ""extern_declaration"": false, ""extern_or_abi_boundary"": false, ""flexible_array"": false, ""free"": false, ""function_pointer"": true, ""generated_source"": false, ""global_read"": false, ""global_write"": false, ""goto"": false, ""lexical_ambiguity"": false, ""longjmp"": false, ""macro_density"": 0.0, ""macro_generated_declaration"": false, ""macro_use"": false, ""malloc"": false, ""memcpy"": false, ""memmove"": false, ""memset"": false, ""mutable_global"": false, ""parameter_count"": 3, ""platform_specific"": false, ""pointer_arithmetic"": false, ""pointer_count"": 9, ""pointer_to_pointer"": false, ""raw_pointer_parameter"": true, ""raw_pointer_return"": false, ""realloc"": false, ""setjmp"": false, ""static_local"": false, ""syscall"": false, ""third_party"": false, ""union"": false, ""va_list"": false, ""variadic"": false, ""void_pointer"": true}",NEEDS_TRANSPILER,function_pointer,[],medium
2,redis-plus-plus,397f9c7be0eb82ce92545f259a7f66ab992bd7ee,src/sw/redis++/async_connection.h,618,624,function,_run_callback,7,"{""bitfield"": false, ""branch_complexity_proxy"": 0, ""c_array"": false, ""call_count"": 4, ""callback"": false, ""calloc"": false, ""conditional_compilation"": true, ""explicit_abi_boundary"": false, ""extern_declaration"": false, ""extern_or_abi_boundary"": false, ""flexible_array"": false, ""free"": false, ""function_pointer"": false, ""generated_source"": false, ""global_read"": false, ""global_write"": false, ""goto"": false, ""lexical_ambiguity"": false, ""longjmp"": false, ""macro_density"": 0.0, ""macro_generated_declaration"": false, ""macro_use"": false, ""malloc"": false, ""memcpy"": false, ""memmove"": false, ""memset"": false, ""mutable_global"": false, ""parameter_count"": 0, ""platform_specific"": false, ""pointer_arithmetic"": false, ""pointer_count"": 0, ""pointer_to_pointer"": false, ""raw_pointer_parameter"": false, ""raw_pointer_return"": false, ""realloc"": false, ""setjmp"": false, ""static_local"": false, ""syscall"": false, ""third_party"": false, ""union"": false, ""va_list"": false, ""variadic"": false, ""void_pointer"": false}",TRIVIAL,no_significant_detected_blocker,"[""conditional_compilation""]",medium
2,redis-plus-plus,397f9c7be0eb82ce92545f259a7f66ab992bd7ee,src/sw/redis++/async_connection_pool.h,122,125,function,_update_connection_opts,4,"{""bitfield"": false, ""branch_complexity_proxy"": 0, ""c_array"": false, ""call_count"": 1, ""callback"": false, ""calloc"": false, ""conditional_compilation"": true, ""explicit_abi_boundary"": false, ""extern_declaration"": false, ""extern_or_abi_boundary"": false, ""flexible_array"": false, ""free"": false, ""function_pointer"": false, ""generated_source"": false, ""global_read"": false, ""global_write"": false, ""goto"": false, ""lexical_ambiguity"": false, ""longjmp"": false, ""macro_density"": 0.0, ""macro_generated_declaration"": false, ""macro_use"": false, ""malloc"": false, ""memcpy"": false, ""memmove"": false, ""memset"": false, ""mutable_global"": false, ""parameter_count"": 2, ""platform_specific"": false, ""pointer_arithmetic"": false, ""pointer_count"": 0, ""pointer_to_pointer"": false, ""raw_pointer_parameter"": false, ""raw_pointer_return"": false, ""realloc"": false, ""setjmp"": false, ""static_local"": false, ""syscall"": false, ""third_party"": false, ""union"": false, ""va_list"": false, ""variadic"": false, ""void_pointer"": false}",TRIVIAL,no_significant_detected_blocker,"[""conditional_compilation""]",medium
2,redis-plus-plus,397f9c7be0eb82ce92545f259a7f66ab992bd7ee,src/sw/redis++/async_connection_pool.h,152,154,function,SafeAsyncConnection,3,"{""bitfield"": false, ""branch_complexity_proxy"": 0, ""c_array"": false, ""call_count"": 5, ""callback"": false, ""calloc"": false, ""conditional_compilation"": true, ""explicit_abi_boundary"": false, ""extern_declaration"": false, ""extern_or_abi_boundary"": false, ""flexible_array"": false, ""free"": false, ""function_pointer"": false, ""generated_source"": false, ""global_read"": false, ""global_write"": false, ""goto"": false, ""lexical_ambiguity"": false, ""longjmp"": false, ""macro_density"": 0.0, ""macro_generated_declaration"": false, ""macro_use"": false, ""malloc"": false, ""memcpy"": false, ""memmove"": false, ""memset"": false, ""mutable_global"": false, ""parameter_count"": 2, ""platform_specific"": false, ""pointer_arithmetic"": false, ""pointer_count"": 0, ""pointer_to_pointer"": false, ""raw_pointer_parameter"": false, ""raw_pointer_return"": false, ""realloc"": false, ""setjmp"": false, ""static_local"": false, ""syscall"": false, ""third_party"": false, ""union"": false, ""va_list"": false, ""variadic"": false, ""void_pointer"": false}",TRIVIAL,no_significant_detected_blocker,"[""conditional_compilation""]",medium
2,redis-plus-plus,397f9c7be0eb82ce92545f259a7f66ab992bd7ee,src/sw/redis++/async_redis.h,42,42,function,AsyncRedis,1,"{""bitfield"": false, ""branch_complexity_proxy"": 0, ""c_array"": false, ""call_count"": 3, ""callback"": false, ""calloc"": false, ""conditional_compilation"": true, ""explicit_abi_boundary"": false, ""extern_declaration"": false, ""extern_or_abi_boundary"": false, ""flexible_array"": false, ""free"": false, ""function_pointer"": false, ""generated_source"": false, ""global_read"": false, ""global_write"": false, ""goto"": false, ""lexical_ambiguity"": false, ""longjmp"": false, ""macro_density"": 0.0, ""macro_generated_declaration"": false, ""macro_use"": false, ""malloc"": false, ""memcpy"": false, ""memmove"": false, ""memset"": false, ""mutable_global"": false, ""parameter_count"": 1, ""platform_specific"": false, ""pointer_arithmetic"": false, ""pointer_count"": 0, ""pointer_to_pointer"": false, ""raw_pointer_parameter"": false, ""raw_pointer_return"": false, ""realloc"": false, ""setjmp"": false, ""static_local"": false, ""syscall"": false, ""third_party"": false, ""union"": false, ""va_list"": false, ""variadic"": false, ""void_pointer"": false}",TRIVIAL,no_significant_detected_blocker,"[""conditional_compilation""]",medium
2,redis-plus-plus,397f9c7be0eb82ce92545f259a7f66ab992bd7ee,src/sw/redis++/async_redis.h,339,341,function,get,3,"{""bitfield"": false, ""branch_complexity_proxy"": 0, ""c_array"": false, ""call_count"": 1, ""callback"": true, ""calloc"": false, ""conditional_compilation"": true, ""explicit_abi_boundary"": false, ""extern_declaration"": false, ""extern_or_abi_boundary"": false, ""flexible_array"": false, ""free"": false, ""function_pointer"": false, ""generated_source"": false, ""global_read"": false, ""global_write"": false, ""goto"": false, ""lexical_ambiguity"": false, ""longjmp"": false, ""macro_density"": 0.0, ""macro_generated_declaration"": false, ""macro_use"": false, ""malloc"": false, ""memcpy"": false, ""memmove"": false, ""memset"": false, ""mutable_global"": false, ""parameter_count"": 2, ""platform_specific"": false, ""pointer_arithmetic"": false, ""pointer_count"": 0, ""pointer_to_pointer"": false, ""raw_pointer_parameter"": false, ""raw_pointer_return"": false, ""realloc"": false, ""setjmp"": false, ""static_local"": false, ""syscall"": false, ""third_party"": false, ""union"": false, ""va_list"": false, ""variadic"": false, ""void_pointer"": false}",NEEDS_TRANSPILER,callback,[],medium
2,redis-plus-plus,397f9c7be0eb82ce92545f259a7f66ab992bd7ee,src/sw/redis++/async_redis.h,907,910,function,lmove,4,"{""bitfield"": false, ""branch_complexity_proxy"": 0, ""c_array"": false, ""call_count"": 1, ""callback"": true, ""calloc"": false, ""conditional_compilation"": true, ""explicit_abi_boundary"": false, ""extern_declaration"": false, ""extern_or_abi_boundary"": false, ""flexible_array"": false, ""free"": false, ""function_pointer"": false, ""generated_source"": false, ""global_read"": false, ""global_write"": false, ""goto"": false, ""lexical_ambiguity"": false, ""longjmp"": false, ""macro_density"": 0.0, ""macro_generated_declaration"": false, ""macro_use"": false, ""malloc"": false, ""memcpy"": false, ""memmove"": false, ""memset"": false, ""mutable_global"": false, ""parameter_count"": 5, ""platform_specific"": false, ""pointer_arithmetic"": false, ""pointer_count"": 0, ""pointer_to_pointer"": false, ""raw_pointer_parameter"": false, ""raw_pointer_return"": false, ""realloc"": false, ""setjmp"": false, ""static_local"": false, ""syscall"": false, ""third_party"": false, ""union"": false, ""va_list"": false, ""variadic"": false, ""void_pointer"": false}",NEEDS_TRANSPILER,callback,[],medium
2,redis-plus-plus,397f9c7be0eb82ce92545f259a7f66ab992bd7ee,src/sw/redis++/async_redis.h,919,924,function,blmove,6,"{""bitfield"": false, ""branch_complexity_proxy"": 0, ""c_array"": false, ""call_count"": 2, ""callback"": true, ""calloc"": false, ""conditional_compilation"": true, ""explicit_abi_boundary"": false, ""extern_declaration"": false, ""extern_or_abi_boundary"": false, ""flexible_array"": false, ""free"": false, ""function_pointer"": false, ""generated_source"": false, ""global_read"": false, ""global_write"": false, ""goto"": false, ""lexical_ambiguity"": false, ""longjmp"": false, ""macro_density"": 0.0, ""macro_generated_declaration"": false, ""macro_use"": false, ""malloc"": false, ""memcpy"": false, ""memmove"": false, ""memset"": false, ""mutable_global"": false, ""parameter_count"": 6, ""platform_specific"": false, ""pointer_arithmetic"": false, ""pointer_count"": 0, ""pointer_to_pointer"": false, ""raw_pointer_parameter"": false, ""raw_pointer_return"": false, ""realloc"": false, ""setjmp"": false, ""static_local"": false, ""syscall"": false, ""third_party"": false, ""union"": false, ""va_list"": false, ""variadic"": false, ""void_pointer"": false}",NEEDS_TRANSPILER,callback,[],medium
2,redis-plus-plus,397f9c7be0eb82ce92545f259a7f66ab992bd7ee,src/sw/redis++/async_redis.h,986,988,function,hget,3,"{""bitfield"": false, ""branch_complexity_proxy"": 0, ""c_array"": false, ""call_count"": 1, ""callback"": true, ""calloc"": false, ""conditional_compilation"": true, ""explicit_abi_boundary"": false, ""extern_declaration"": false, ""extern_or_abi_boundary"": false, ""flexible_array"": false, ""free"": false, ""function_pointer"": false, ""generated_source"": false, ""global_read"": false, ""global_write"": false, ""goto"": false, ""lexical_ambiguity"": false, ""longjmp"": false, ""macro_density"": 0.0, ""macro_generated_declaration"": false, ""macro_use"": false, ""malloc"": false, ""memcpy"": false, ""memmove"": false, ""memset"": false, ""mutable_global"": false, ""parameter_count"": 3, ""platform_specific"": false, ""pointer_arithmetic"": false, ""pointer_count"": 0, ""pointer_to_pointer"": false, ""raw_pointer_parameter"": false, ""raw_pointer_return"": false, ""realloc"": false, ""setjmp"": false, ""static_local"": false, ""syscall"": false, ""third_party"": false, ""union"": false, ""va_list"": false, ""variadic"": false, ""void_pointer"": false}",NEEDS_TRANSPILER,callback,[],medium
2,redis-plus-plus,397f9c7be0eb82ce92545f259a7f66ab992bd7ee,src/sw/redis++/async_redis.h,996,998,function,hgetall,3,"{""bitfield"": false, ""branch_complexity_proxy"": 0, ""c_array"": false, ""call_count"": 1, ""callback"": true, ""calloc"": false, ""conditional_compilation"": true, ""explicit_abi_boundary"": false, ""extern_declaration"": false, ""extern_or_abi_boundary"": false, ""flexible_array"": false, ""free"": false, ""function_pointer"": false, ""generated_source"": false, ""global_read"": false, ""global_write"": false, ""goto"": false, ""lexical_ambiguity"": false, ""longjmp"": false, ""macro_density"": 0.0, ""macro_generated_declaration"": false, ""macro_use"": false, ""malloc"": false, ""memcpy"": false, ""memmove"": false, ""memset"": false, ""mutable_global"": false, ""parameter_count"": 2, ""platform_specific"": false, ""pointer_arithmetic"": false, ""pointer_count"": 0, ""pointer_to_pointer"": false, ""raw_pointer_parameter"": false, ""raw_pointer_return"": false, ""realloc"": false, ""setjmp"": false, ""static_local"": false, ""syscall"": false, ""third_party"": false, ""union"": false, ""va_list"": false, ""variadic"": false, ""void_pointer"": false}",NEEDS_TRANSPILER,callback,[],medium
2,redis-plus-plus,397f9c7be0eb82ce92545f259a7f66ab992bd7ee,src/sw/redis++/async_redis.h,1005,1007,function,hincrby,3,"{""bitfield"": false, ""branch_complexity_proxy"": 0, ""c_array"": false, ""call_count"": 1, ""callback"": true, ""calloc"": false, ""conditional_compilation"": true, ""explicit_abi_boundary"": false, ""extern_declaration"": false, ""extern_or_abi_boundary"": false, ""flexible_array"": false, ""free"": false, ""function_pointer"": false, ""generated_source"": false, ""global_read"": false, ""global_write"": false, ""goto"": false, ""lexical_ambiguity"": false, ""longjmp"": false, ""macro_density"": 0.0, ""macro_generated_declaration"": false, ""macro_use"": false, ""malloc"": false, ""memcpy"": false, ""memmove"": false, ""memset"": false, ""mutable_global"": false, ""parameter_count"": 4, ""platform_specific"": false, ""pointer_arithmetic"": false, ""pointer_count"": 0, ""pointer_to_pointer"": false, ""raw_pointer_parameter"": false, ""raw_pointer_return"": false, ""realloc"": false, ""setjmp"": false, ""static_local"": false, ""syscall"": false, ""third_party"": false, ""union"": false, ""va_list"": false, ""variadic"": false, ""void_pointer"": false}",NEEDS_TRANSPILER,callback,[],medium
2,redis-plus-plus,397f9c7be0eb82ce92545f259a7f66ab992bd7ee,src/sw/redis++/async_redis.h,1014,1016,function,hincrbyfloat,3,"{""bitfield"": false, ""branch_complexity_proxy"": 0, ""c_array"": false, ""call_count"": 1, ""callback"": true, ""calloc"": false, ""conditional_compilation"": true, ""explicit_abi_boundary"": false, ""extern_declaration"": false, ""extern_or_abi_boundary"": false, ""flexible_array"": false, ""free"": false, ""function_pointer"": false, ""generated_source"": false, ""global_read"": false, ""global_write"": false, ""goto"": false, ""lexical_ambiguity"": false, ""longjmp"": false, ""macro_density"": 0.0, ""macro_generated_declaration"": false, ""macro_use"": false, ""malloc"": false, ""memcpy"": false, ""memmove"": false, ""memset"": false, ""mutable_global"": false, ""parameter_count"": 4, ""platform_specific"": false, ""pointer_arithmetic"": false, ""pointer_count"": 0, ""pointer_to_pointer"": false, ""raw_pointer_parameter"": false, ""raw_pointer_return"": false, ""realloc"": false, ""setjmp"": false, ""static_local"": false, ""syscall"": false, ""third_party"": false, ""union"": false, ""va_list"": false, ""variadic"": false, ""void_pointer"": false}",NEEDS_TRANSPILER,callback,[],medium
2,redis-plus-plus,397f9c7be0eb82ce92545f259a7f66ab992bd7ee,src/sw/redis++/async_redis.h,1024,1026,function,hkeys,3,"{""bitfield"": false, ""branch_complexity_proxy"": 0, ""c_array"": false, ""call_count"": 1, ""callback"": true, ""calloc"": false, ""conditional_compilation"": true, ""explicit_abi_boundary"": false, ""extern_declaration"": false, ""extern_or_abi_boundary"": false, ""flexible_array"": false, ""free"": false, ""function_pointer"": false, ""generated_source"": false, ""global_read"": false, ""global_write"": false, ""goto"": false, ""lexical_ambiguity"": false, ""longjmp"": false, ""macro_density"": 0.0, ""macro_generated_declaration"": false, ""macro_use"": false, ""malloc"": false, ""memcpy"": false, ""memmove"": false, ""memset"": false, ""mutable_global"": false, ""parameter_count"": 2, ""platform_specific"": false, ""pointer_arithmetic"": false, ""pointer_count"": 0, ""pointer_to_pointer"": false, ""raw_pointer_parameter"": false, ""raw_pointer_return"": false, ""realloc"": false, ""setjmp"": false, ""static_local"": false, ""syscall"": false, ""third_party"": false, ""union"": false, ""va_list"": false, ""variadic"": false, ""void_pointer"": false}",NEEDS_TRANSPILER,callback,[],medium
2,redis-plus-plus,397f9c7be0eb82ce92545f259a7f66ab992bd7ee,src/sw/redis++/async_redis.h,1033,1035,function,hlen,3,"{""bitfield"": false, ""branch_complexity_proxy"": 0, ""c_array"": false, ""call_count"": 1, ""callback"": true, ""calloc"": false, ""conditional_compilation"": true, ""explicit_abi_boundary"": false, ""extern_declaration"": false, ""extern_or_abi_boundary"": false, ""flexible_array"": false, ""free"": false, ""function_pointer"": false, ""generated_source"": false, ""global_read"": false, ""global_write"": false, ""goto"": false, ""lexical_ambiguity"": false, ""longjmp"": false, ""macro_density"": 0.0, ""macro_generated_declaration"": false, ""macro_use"": false, ""malloc"": false, ""memcpy"": false, ""memmove"": false, ""memset"": false, ""mutable_global"": false, ""parameter_count"": 2, ""platform_specific"": false, ""pointer_arithmetic"": false, ""pointer_count"": 0, ""pointer_to_pointer"": false, ""raw_pointer_parameter"": false, ""raw_pointer_return"": false, ""realloc"": false, ""setjmp"": false, ""static_local"": false, ""syscall"": false, ""third_party"": false, ""union"": false, ""va_list"": false, ""variadic"": false, ""void_pointer"": false}",NEEDS_TRANSPILER,callback,[],medium
2,redis-plus-plus,397f9c7be0eb82ce92545f259a7f66ab992bd7ee,src/sw/redis++/async_redis.h,1187,1189,function,sismember,3,"{""bitfield"": false, ""branch_complexity_proxy"": 0, ""c_array"": false, ""call_count"": 1, ""callback"": true, ""calloc"": false, ""conditional_compilation"": true, ""explicit_abi_boundary"": false, ""extern_declaration"": false, ""extern_or_abi_boundary"": false, ""flexible_array"": false, ""free"": false, ""function_pointer"": false, ""generated_source"": false, ""global_read"": false, ""global_write"": false, ""goto"": false, ""lexical_ambiguity"": false, ""longjmp"": false, ""macro_density"": 0.0, ""macro_generated_declaration"": false, ""macro_use"": false, ""malloc"": false, ""memcpy"": false, ""memmove"": false, ""memset"": false, ""mutable_global"": false, ""parameter_count"": 3, ""platform_specific"": false, ""pointer_arithmetic"": false, ""pointer_count"": 0, ""pointer_to_pointer"": false, ""raw_pointer_parameter"": false, ""raw_pointer_return"": false, ""realloc"": false, ""setjmp"": false, ""static_local"": false, ""syscall"": false, ""third_party"": false, ""union"": false, ""va_list"": false, ""variadic"": false, ""void_pointer"": false}",NEEDS_TRANSPILER,callback,[],medium
2,redis-plus-plus,397f9c7be0eb82ce92545f259a7f66ab992bd7ee,src/sw/redis++/async_redis.h,1197,1199,function,smembers,3,"{""bitfield"": false, ""branch_complexity_proxy"": 0, ""c_array"": false, ""call_count"": 1, ""callback"": true, ""calloc"": false, ""conditional_compilation"": true, ""explicit_abi_boundary"": false, ""extern_declaration"": false, ""extern_or_abi_boundary"": false, ""flexible_array"": false, ""free"": false, ""function_pointer"": false, ""generated_source"": false, ""global_read"": false, ""global_write"": false, ""goto"": false, ""lexical_ambiguity"": false, ""longjmp"": false, ""macro_density"": 0.0, ""macro_generated_declaration"": false, ""macro_use"": false, ""malloc"": false, ""memcpy"": false, ""memmove"": false, ""memset"": false, ""mutable_global"": false, ""parameter_count"": 2, ""platform_specific"": false, ""pointer_arithmetic"": false, ""pointer_count"": 0, ""pointer_to_pointer"": false, ""raw_pointer_parameter"": false, ""raw_pointer_return"": false, ""realloc"": false, ""setjmp"": false, ""static_local"": false, ""syscall"": false, ""third_party"": false, ""union"": false, ""va_list"": false, ""variadic"": false, ""void_pointer"": false}",NEEDS_TRANSPILER,callback,[],medium
2,redis-plus-plus,397f9c7be0eb82ce92545f259a7f66ab992bd7ee,src/sw/redis++/async_redis.h,1207,1210,function,spop,4,"{""bitfield"": false, ""branch_complexity_proxy"": 0, ""c_array"": false, ""call_count"": 2, ""callback"": true, ""calloc"": false, ""conditional_compilation"": true, ""explicit_abi_boundary"": false, ""extern_declaration"": false, ""extern_or_abi_boundary"": false, ""flexible_array"": false, ""free"": false, ""function_pointer"": false, ""generated_source"": false, ""global_read"": false, ""global_write"": false, ""goto"": false, ""lexical_ambiguity"": false, ""longjmp"": false, ""macro_density"": 0.0, ""macro_generated_declaration"": false, ""macro_use"": false, ""malloc"": false, ""memcpy"": false, ""memmove"": false, ""memset"": false, ""mutable_global"": false, ""parameter_count"": 2, ""platform_specific"": false, ""pointer_arithmetic"": false, ""pointer_count"": 1, ""pointer_to_pointer"": false, ""raw_pointer_parameter"": false, ""raw_pointer_return"": false, ""realloc"": false, ""setjmp"": false, ""static_local"": false, ""syscall"": false, ""third_party"": false, ""union"": false, ""va_list"": false, ""variadic"": false, ""void_pointer"": false}",NEEDS_TRANSPILER,callback,[],medium
2,redis-plus-plus,397f9c7be0eb82ce92545f259a7f66ab992bd7ee,src/sw/redis++/async_redis.h,1219,1222,function,spop,4,"{""bitfield"": false, ""branch_complexity_proxy"": 0, ""c_array"": false, ""call_count"": 2, ""callback"": true, ""calloc"": false, ""conditional_compilation"": true, ""explicit_abi_boundary"": false, ""extern_declaration"": false, ""extern_or_abi_boundary"": false, ""flexible_array"": false, ""free"": false, ""function_pointer"": false, ""generated_source"": false, ""global_read"": false, ""global_write"": false, ""goto"": false, ""lexical_ambiguity"": false, ""longjmp"": false, ""macro_density"": 0.0, ""macro_generated_declaration"": false, ""macro_use"": false, ""malloc"": false, ""memcpy"": false, ""memmove"": false, ""memset"": false, ""mutable_global"": false, ""parameter_count"": 3, ""platform_specific"": false, ""pointer_arithmetic"": false, ""pointer_count"": 1, ""pointer_to_pointer"": false, ""raw_pointer_parameter"": false, ""raw_pointer_return"": false, ""realloc"": false, ""setjmp"": false, ""static_local"": false, ""syscall"": false, ""third_party"": false, ""union"": false, ""va_list"": false, ""variadic"": false, ""void_pointer"": false}",NEEDS_TRANSPILER,callback,[],medium
2,redis-plus-plus,397f9c7be0eb82ce92545f259a7f66ab992bd7ee,src/sw/redis++/async_redis.h,1856,1858,function,publish,3,"{""bitfield"": false, ""branch_complexity_proxy"": 0, ""c_array"": false, ""call_count"": 1, ""callback"": true, ""calloc"": false, ""conditional_compilation"": true, ""explicit_abi_boundary"": false, ""extern_declaration"": false, ""extern_or_abi_boundary"": false, ""flexible_array"": false, ""free"": false, ""function_pointer"": false, ""generated_source"": false, ""global_read"": false, ""global_write"": false, ""goto"": false, ""lexical_ambiguity"": false, ""longjmp"": false, ""macro_density"": 0.0, ""macro_generated_declaration"": false, ""macro_use"": false, ""malloc"": false, ""memcpy"": false, ""memmove"": false, ""memset"": false, ""mutable_global"": false, ""parameter_count"": 3, ""platform_specific"": false, ""pointer_arithmetic"": false, ""pointer_count"": 0, ""pointer_to_pointer"": false, ""raw_pointer_parameter"": false, ""raw_pointer_return"": false, ""realloc"": false, ""setjmp"": false, ""static_local"": false, ""syscall"": false, ""third_party"": false, ""union"": false, ""va_list"": false, ""variadic"": false, ""void_pointer"": false}",NEEDS_TRANSPILER,callback,[],medium
2,redis-plus-plus,397f9c7be0eb82ce92545f259a7f66ab992bd7ee,src/sw/redis++/async_redis.h,1865,1867,function,spublish,3,"{""bitfield"": false, ""branch_complexity_proxy"": 0, ""c_array"": false, ""call_count"": 1, ""callback"": true, ""calloc"": false, ""conditional_compilation"": true, ""explicit_abi_boundary"": false, ""extern_declaration"": false, ""extern_or_abi_boundary"": false, ""flexible_array"": false, ""free"": false, ""function_pointer"": false, ""generated_source"": false, ""global_read"": false, ""global_write"": false, ""goto"": false, ""lexical_ambiguity"": false, ""longjmp"": false, ""macro_density"": 0.0, ""macro_generated_declaration"": false, ""macro_use"": false, ""malloc"": false, ""memcpy"": false, ""memmove"": false, ""memset"": false, ""mutable_global"": false, ""parameter_count"": 3, ""platform_specific"": false, ""pointer_arithmetic"": false, ""pointer_count"": 0, ""pointer_to_pointer"": false, ""raw_pointer_parameter"": false, ""raw_pointer_return"": false, ""realloc"": false, ""setjmp"": false, ""static_local"": false, ""syscall"": false, ""third_party"": false, ""union"": false, ""va_list"": false, ""variadic"": false, ""void_pointer"": false}",NEEDS_TRANSPILER,callback,[],medium
2,redis-plus-plus,397f9c7be0eb82ce92545f259a7f66ab992bd7ee,src/sw/redis++/async_redis.h,1917,1920,function,co_command,4,"{""bitfield"": false, ""branch_complexity_proxy"": 0, ""c_array"": false, ""call_count"": 2, ""callback"": true, ""calloc"": false, ""conditional_compilation"": true, ""explicit_abi_boundary"": false, ""extern_declaration"": false, ""extern_or_abi_boundary"": false, ""flexible_array"": false, ""free"": false, ""function_pointer"": false, ""generated_source"": false, ""global_read"": false, ""global_write"": false, ""goto"": false, ""lexical_ambiguity"": false, ""longjmp"": false, ""macro_density"": 0.0, ""macro_generated_declaration"": false, ""macro_use"": false, ""malloc"": false, ""memcpy"": false, ""memmove"": false, ""memset"": false, ""mutable_global"": false, ""parameter_count"": 2, ""platform_specific"": false, ""pointer_arithmetic"": false, ""pointer_count"": 0, ""pointer_to_pointer"": false, ""raw_pointer_parameter"": false, ""raw_pointer_return"": false, ""realloc"": false, ""setjmp"": false, ""static_local"": false, ""syscall"": false, ""third_party"": false, ""union"": false, ""va_list"": false, ""variadic"": false, ""void_pointer"": false}",NEEDS_TRANSPILER,callback,[],medium
2,redis-plus-plus,397f9c7be0eb82ce92545f259a7f66ab992bd7ee,src/sw/redis++/async_redis.h,1923,1929,function,co_command_with_parser,7,"{""bitfield"": false, ""branch_complexity_proxy"": 0, ""c_array"": false, ""call_count"": 5, ""callback"": true, ""calloc"": false, ""conditional_compilation"": true, ""explicit_abi_boundary"": false, ""extern_declaration"": false, ""extern_or_abi_boundary"": false, ""flexible_array"": false, ""free"": false, ""function_pointer"": true, ""generated_source"": false, ""global_read"": false, ""global_write"": false, ""goto"": false, ""lexical_ambiguity"": false, ""longjmp"": false, ""macro_density"": 0.0, ""macro_generated_declaration"": false, ""macro_use"": false, ""malloc"": false, ""memcpy"": false, ""memmove"": false, ""memset"": false, ""mutable_global"": false, ""parameter_count"": 2, ""platform_specific"": false, ""pointer_arithmetic"": false, ""pointer_count"": 1, ""pointer_to_pointer"": false, ""raw_pointer_parameter"": false, ""raw_pointer_return"": false, ""realloc"": false, ""setjmp"": false, ""static_local"": false, ""syscall"": false, ""third_party"": false, ""union"": false, ""va_list"": false, ""variadic"": false, ""void_pointer"": false}",NEEDS_TRANSPILER,function_pointer,"[""callback""]",medium
2,redis-plus-plus,397f9c7be0eb82ce92545f259a7f66ab992bd7ee,src/sw/redis++/async_redis.h,1965,1969,function,_callback_idx_command,5,"{""bitfield"": false, ""branch_complexity_proxy"": 0, ""c_array"": false, ""call_count"": 1, ""callback"": true, ""calloc"": false, ""conditional_compilation"": true, ""explicit_abi_boundary"": false, ""extern_declaration"": false, ""extern_or_abi_boundary"": false, ""flexible_array"": false, ""free"": false, ""function_pointer"": false, ""generated_source"": false, ""global_read"": false, ""global_write"": false, ""goto"": false, ""lexical_ambiguity"": false, ""longjmp"": false, ""macro_density"": 0.0, ""macro_generated_declaration"": false, ""macro_use"": false, ""malloc"": false, ""memcpy"": false, ""memmove"": false, ""memset"": false, ""mutable_global"": false, ""parameter_count"": 4, ""platform_specific"": false, ""pointer_arithmetic"": false, ""pointer_count"": 0, ""pointer_to_pointer"": false, ""raw_pointer_parameter"": false, ""raw_pointer_return"": false, ""realloc"": false, ""setjmp"": false, ""static_local"": false, ""syscall"": false, ""third_party"": false, ""union"": false, ""va_list"": false, ""variadic"": true, ""void_pointer"": false}",NEEDS_TRANSPILER,callback,"[""variadic""]",medium
2,redis-plus-plus,397f9c7be0eb82ce92545f259a7f66ab992bd7ee,src/sw/redis++/async_redis.h,1972,1981,function,_callback_command,10,"{""bitfield"": false, ""branch_complexity_proxy"": 0, ""c_array"": false, ""call_count"": 3, ""callback"": true, ""calloc"": false, ""conditional_compilation"": true, ""explicit_abi_boundary"": false, ""extern_declaration"": false, ""extern_or_abi_boundary"": false, ""flexible_array"": false, ""free"": false, ""function_pointer"": false, ""generated_source"": false, ""global_read"": false, ""global_write"": false, ""goto"": false, ""lexical_ambiguity"": false, ""longjmp"": false, ""macro_density"": 0.0, ""macro_generated_declaration"": false, ""macro_use"": false, ""malloc"": false, ""memcpy"": false, ""memmove"": false, ""memset"": false, ""mutable_global"": false, ""parameter_count"": 3, ""platform_specific"": false, ""pointer_arithmetic"": false, ""pointer_count"": 0, ""pointer_to_pointer"": false, ""raw_pointer_parameter"": false, ""raw_pointer_return"": false, ""realloc"": false, ""setjmp"": false, ""static_local"": false, ""syscall"": false, ""third_party"": false, ""union"": false, ""va_list"": false, ""variadic"": true, ""void_pointer"": false}",NEEDS_TRANSPILER,callback,"[""variadic""]",medium
2,redis-plus-plus,397f9c7be0eb82ce92545f259a7f66ab992bd7ee,src/sw/redis++/async_redis.h,1984,1987,function,_callback_fmt_command,4,"{""bitfield"": false, ""branch_complexity_proxy"": 0, ""c_array"": false, ""call_count"": 1, ""callback"": true, ""calloc"": false, ""conditional_compilation"": true, ""explicit_abi_boundary"": false, ""extern_declaration"": false, ""extern_or_abi_boundary"": false, ""flexible_array"": false, ""free"": false, ""function_pointer"": false, ""generated_source"": false, ""global_read"": false, ""global_write"": false, ""goto"": false, ""lexical_ambiguity"": false, ""longjmp"": false, ""macro_density"": 0.0, ""macro_generated_declaration"": false, ""macro_use"": false, ""malloc"": false, ""memcpy"": false, ""memmove"": false, ""memset"": false, ""mutable_global"": false, ""parameter_count"": 3, ""platform_specific"": false, ""pointer_arithmetic"": false, ""pointer_count"": 0, ""pointer_to_pointer"": false, ""raw_pointer_parameter"": false, ""raw_pointer_return"": false, ""realloc"": false, ""setjmp"": false, ""static_local"": false, ""syscall"": false, ""third_party"": false, ""union"": false, ""va_list"": false, ""variadic"": true, ""void_pointer"": false}",NEEDS_TRANSPILER,callback,"[""variadic""]",medium
2,redis-plus-plus,397f9c7be0eb82ce92545f259a7f66ab992bd7ee,src/sw/redis++/async_redis.h,1991,2010,function,_callback_command_with_parser,20,"{""bitfield"": false, ""branch_complexity_proxy"": 2, ""c_array"": false, ""call_count"": 12, ""callback"": true, ""calloc"": false, ""conditional_compilation"": true, ""explicit_abi_boundary"": false, ""extern_declaration"": false, ""extern_or_abi_boundary"": false, ""flexible_array"": false, ""free"": false, ""function_pointer"": true, ""generated_source"": false, ""global_read"": false, ""global_write"": false, ""goto"": false, ""lexical_ambiguity"": false, ""longjmp"": false, ""macro_density"": 0.0, ""macro_generated_declaration"": false, ""macro_use"": false, ""malloc"": false, ""memcpy"": false, ""memmove"": false, ""memset"": false, ""mutable_global"": false, ""parameter_count"": 3, ""platform_specific"": false, ""pointer_arithmetic"": false, ""pointer_count"": 1, ""pointer_to_pointer"": false, ""raw_pointer_parameter"": false, ""raw_pointer_return"": false, ""realloc"": false, ""setjmp"": false, ""static_local"": false, ""syscall"": false, ""third_party"": false, ""union"": false, ""va_list"": false, ""variadic"": true, ""void_pointer"": false}",NEEDS_TRANSPILER,function_pointer,"[""callback"", ""variadic""]",medium
2,redis-plus-plus,397f9c7be0eb82ce92545f259a7f66ab992bd7ee,src/sw/redis++/async_redis.h,2029,2031,function,_callback_score_command,3,"{""bitfield"": false, ""branch_complexity_proxy"": 0, ""c_array"": false, ""call_count"": 1, ""callback"": true, ""calloc"": false, ""conditional_compilation"": true, ""explicit_abi_boundary"": false, ""extern_declaration"": false, ""extern_or_abi_boundary"": false, ""flexible_array"": false, ""free"": false, ""function_pointer"": false, ""generated_source"": false, ""global_read"": false, ""global_write"": false, ""goto"": false, ""lexical_ambiguity"": false, ""longjmp"": false, ""macro_density"": 0.0, ""macro_generated_declaration"": false, ""macro_use"": false, ""malloc"": false, ""memcpy"": false, ""memmove"": false, ""memset"": false, ""mutable_global"": false, ""parameter_count"": 4, ""platform_specific"": false, ""pointer_arithmetic"": false, ""pointer_count"": 0, ""pointer_to_pointer"": false, ""raw_pointer_parameter"": false, ""raw_pointer_return"": false, ""realloc"": false, ""setjmp"": false, ""static_local"": false, ""syscall"": false, ""third_party"": false, ""union"": false, ""va_list"": false, ""variadic"": true, ""void_pointer"": false}",NEEDS_TRANSPILER,callback,"[""variadic""]",medium
2,redis-plus-plus,397f9c7be0eb82ce92545f259a7f66ab992bd7ee,src/sw/redis++/async_redis.h,2034,2036,function,_callback_score_command,3,"{""bitfield"": false, ""branch_complexity_proxy"": 0, ""c_array"": false, ""call_count"": 1, ""callback"": true, ""calloc"": false, ""conditional_compilation"": true, ""explicit_abi_boundary"": false, ""extern_declaration"": false, ""extern_or_abi_boundary"": false, ""flexible_array"": false, ""free"": false, ""function_pointer"": false, ""generated_source"": false, ""global_read"": false, ""global_write"": false, ""goto"": false, ""lexical_ambiguity"": false, ""longjmp"": false, ""macro_density"": 0.0, ""macro_generated_declaration"": false, ""macro_use"": false, ""malloc"": false, ""memcpy"": false, ""memmove"": false, ""memset"": false, ""mutable_global"": false, ""parameter_count"": 4, ""platform_specific"": false, ""pointer_arithmetic"": false, ""pointer_count"": 0, ""pointer_to_pointer"": false, ""raw_pointer_parameter"": false, ""raw_pointer_return"": false, ""realloc"": false, ""setjmp"": false, ""static_local"": false, ""syscall"": false, ""third_party"": false, ""union"": false, ""va_list"": false, ""variadic"": true, ""void_pointer"": false}",NEEDS_TRANSPILER,callback,"[""variadic""]",medium
2,redis-plus-plus,397f9c7be0eb82ce92545f259a7f66ab992bd7ee,src/sw/redis++/async_redis.h,2039,2041,function,_callback_score_command,3,"{""bitfield"": false, ""branch_complexity_proxy"": 0, ""c_array"": false, ""call_count"": 2, ""callback"": true, ""calloc"": false, ""conditional_compilation"": true, ""explicit_abi_boundary"": false, ""extern_declaration"": false, ""extern_or_abi_boundary"": false, ""flexible_array"": false, ""free"": false, ""function_pointer"": false, ""generated_source"": false, ""global_read"": false, ""global_write"": false, ""goto"": false, ""lexical_ambiguity"": false, ""longjmp"": false, ""macro_density"": 0.0, ""macro_generated_declaration"": false, ""macro_use"": false, ""malloc"": false, ""memcpy"": false, ""memmove"": false, ""memset"": false, ""mutable_global"": false, ""parameter_count"": 3, ""platform_specific"": false, ""pointer_arithmetic"": false, ""pointer_count"": 0, ""pointer_to_pointer"": false, ""raw_pointer_parameter"": false, ""raw_pointer_return"": false, ""realloc"": false, ""setjmp"": false, ""static_local"": false, ""syscall"": false, ""third_party"": false, ""union"": false, ""va_list"": false, ""variadic"": true, ""void_pointer"": false}",NEEDS_TRANSPILER,callback,"[""variadic""]",medium
2,redis-plus-plus,397f9c7be0eb82ce92545f259a7f66ab992bd7ee,src/sw/redis++/async_redis_cluster.h,48,48,function,AsyncRedisCluster,1,"{""bitfield"": false, ""branch_complexity_proxy"": 0, ""c_array"": false, ""call_count"": 3, ""callback"": false, ""calloc"": false, ""conditional_compilation"": true, ""explicit_abi_boundary"": false, ""extern_declaration"": false, ""extern_or_abi_boundary"": false, ""flexible_array"": false, ""free"": false, ""function_pointer"": false, ""generated_source"": false, ""global_read"": false, ""global_write"": false, ""goto"": false, ""lexical_ambiguity"": false, ""longjmp"": false, ""macro_density"": 0.0, ""macro_generated_declaration"": false, ""macro_use"": false, ""malloc"": false, ""memcpy"": false, ""memmove"": false, ""memset"": false, ""mutable_global"": false, ""parameter_count"": 1, ""platform_specific"": false, ""pointer_arithmetic"": false, ""pointer_count"": 0, ""pointer_to_pointer"": false, ""raw_pointer_parameter"": false, ""raw_pointer_return"": false, ""realloc"": false, ""setjmp"": false, ""static_local"": false, ""syscall"": false, ""third_party"": false, ""union"": false, ""va_list"": false, ""variadic"": false, ""void_pointer"": false}",TRIVIAL,no_significant_detected_blocker,"[""conditional_compilation""]",medium
2,redis-plus-plus,397f9c7be0eb82ce92545f259a7f66ab992bd7ee,src/sw/redis++/async_redis_cluster.h,251,253,function,get,3,"{""bitfield"": false, ""branch_complexity_proxy"": 0, ""c_array"": false, ""call_count"": 1, ""callback"": true, ""calloc"": false, ""conditional_compilation"": true, ""explicit_abi_boundary"": false, ""extern_declaration"": false, ""extern_or_abi_boundary"": false, ""flexible_array"": false, ""free"": false, ""function_pointer"": false, ""generated_source"": false, ""global_read"": false, ""global_write"": false, ""goto"": false, ""lexical_ambiguity"": false, ""longjmp"": false, ""macro_density"": 0.0, ""macro_generated_declaration"": false, ""macro_use"": false, ""malloc"": false, ""memcpy"": false, ""memmove"": false, ""memset"": false, ""mutable_global"": false, ""parameter_count"": 2, ""platform_specific"": false, ""pointer_arithmetic"": false, ""pointer_count"": 0, ""pointer_to_pointer"": false, ""raw_pointer_parameter"": false, ""raw_pointer_return"": false, ""realloc"": false, ""setjmp"": false, ""static_local"": false, ""syscall"": false, ""third_party"": false, ""union"": false, ""va_list"": false, ""variadic"": false, ""void_pointer"": false}",NEEDS_TRANSPILER,callback,[],medium
2,redis-plus-plus,397f9c7be0eb82ce92545f259a7f66ab992bd7ee,src/sw/redis++/async_redis_cluster.h,524,527,function,lmove,4,"{""bitfield"": false, ""branch_complexity_proxy"": 0, ""c_array"": false, ""call_count"": 1, ""callback"": true, ""calloc"": false, ""conditional_compilation"": true, ""explicit_abi_boundary"": false, ""extern_declaration"": false, ""extern_or_abi_boundary"": false, ""flexible_array"": false, ""free"": false, ""function_pointer"": false, ""generated_source"": false, ""global_read"": false, ""global_write"": false, ""goto"": false, ""lexical_ambiguity"": false, ""longjmp"": false, ""macro_density"": 0.0, ""macro_generated_declaration"": false, ""macro_use"": false, ""malloc"": false, ""memcpy"": false, ""memmove"": false, ""memset"": false, ""mutable_global"": false, ""parameter_count"": 5, ""platform_specific"": false, ""pointer_arithmetic"": false, ""pointer_count"": 0, ""pointer_to_pointer"": false, ""raw_pointer_parameter"": false, ""raw_pointer_return"": false, ""realloc"": false, ""setjmp"": false, ""static_local"": false, ""syscall"": false, ""third_party"": false, ""union"": false, ""va_list"": false, ""variadic"": false, ""void_pointer"": false}",NEEDS_TRANSPILER,callback,[],medium
2,redis-plus-plus,397f9c7be0eb82ce92545f259a7f66ab992bd7ee,src/sw/redis++/async_redis_cluster.h,536,541,function,blmove,6,"{""bitfield"": false, ""branch_complexity_proxy"": 0, ""c_array"": false, ""call_count"": 2, ""callback"": true, ""calloc"": false, ""conditional_compilation"": true, ""explicit_abi_boundary"": false, ""extern_declaration"": false, ""extern_or_abi_boundary"": false, ""flexible_array"": false, ""free"": false, ""function_pointer"": false, ""generated_source"": false, ""global_read"": false, ""global_write"": false, ""goto"": false, ""lexical_ambiguity"": false, ""longjmp"": false, ""macro_density"": 0.0, ""macro_generated_declaration"": false, ""macro_use"": false, ""malloc"": false, ""memcpy"": false, ""memmove"": false, ""memset"": false, ""mutable_global"": false, ""parameter_count"": 6, ""platform_specific"": false, ""pointer_arithmetic"": false, ""pointer_count"": 0, ""pointer_to_pointer"": false, ""raw_pointer_parameter"": false, ""raw_pointer_return"": false, ""realloc"": false, ""setjmp"": false, ""static_local"": false, ""syscall"": false, ""third_party"": false, ""union"": false, ""va_list"": false, ""variadic"": false, ""void_pointer"": false}",NEEDS_TRANSPILER,callback,[],medium
2,redis-plus-plus,397f9c7be0eb82ce92545f259a7f66ab992bd7ee,src/sw/redis++/async_redis_cluster.h,597,599,function,hget,3,"{""bitfield"": false, ""branch_complexity_proxy"": 0, ""c_array"": false, ""call_count"": 1, ""callback"": true, ""calloc"": false, ""conditional_compilation"": true, ""explicit_abi_boundary"": false, ""extern_declaration"": false, ""extern_or_abi_boundary"": false, ""flexible_array"": false, ""free"": false, ""function_pointer"": false, ""generated_source"": false, ""global_read"": false, ""global_write"": false, ""goto"": false, ""lexical_ambiguity"": false, ""longjmp"": false, ""macro_density"": 0.0, ""macro_generated_declaration"": false, ""macro_use"": false, ""malloc"": false, ""memcpy"": false, ""memmove"": false, ""memset"": false, ""mutable_global"": false, ""parameter_count"": 3, ""platform_specific"": false, ""pointer_arithmetic"": false, ""pointer_count"": 0, ""pointer_to_pointer"": false, ""raw_pointer_parameter"": false, ""raw_pointer_return"": false, ""realloc"": false, ""setjmp"": false, ""static_local"": false, ""syscall"": false, ""third_party"": false, ""union"": false, ""va_list"": false, ""variadic"": false, ""void_pointer"": false}",NEEDS_TRANSPILER,callback,[],medium
2,redis-plus-plus,397f9c7be0eb82ce92545f259a7f66ab992bd7ee,src/sw/redis++/async_redis_cluster.h,607,609,function,hgetall,3,"{""bitfield"": false, ""branch_complexity_proxy"": 0, ""c_array"": false, ""call_count"": 1, ""callback"": true, ""calloc"": false, ""conditional_compilation"": true, ""explicit_abi_boundary"": false, ""extern_declaration"": false, ""extern_or_abi_boundary"": false, ""flexible_array"": false, ""free"": false, ""function_pointer"": false, ""generated_source"": false, ""global_read"": false, ""global_write"": false, ""goto"": false, ""lexical_ambiguity"": false, ""longjmp"": false, ""macro_density"": 0.0, ""macro_generated_declaration"": false, ""macro_use"": false, ""malloc"": false, ""memcpy"": false, ""memmove"": false, ""memset"": false, ""mutable_global"": false, ""parameter_count"": 2, ""platform_specific"": false, ""pointer_arithmetic"": false, ""pointer_count"": 0, ""pointer_to_pointer"": false, ""raw_pointer_parameter"": false, ""raw_pointer_return"": false, ""realloc"": false, ""setjmp"": false, ""static_local"": false, ""syscall"": false, ""third_party"": false, ""union"": false, ""va_list"": false, ""variadic"": false, ""void_pointer"": false}",NEEDS_TRANSPILER,callback,[],medium
2,redis-plus-plus,397f9c7be0eb82ce92545f259a7f66ab992bd7ee,src/sw/redis++/async_redis_cluster.h,752,754,function,sismember,3,"{""bitfield"": false, ""branch_complexity_proxy"": 0, ""c_array"": false, ""call_count"": 1, ""callback"": true, ""calloc"": false, ""conditional_compilation"": true, ""explicit_abi_boundary"": false, ""extern_declaration"": false, ""extern_or_abi_boundary"": false, ""flexible_array"": false, ""free"": false, ""function_pointer"": false, ""generated_source"": false, ""global_read"": false, ""global_write"": false, ""goto"": false, ""lexical_ambiguity"": false, ""longjmp"": false, ""macro_density"": 0.0, ""macro_generated_declaration"": false, ""macro_use"": false, ""malloc"": false, ""memcpy"": false, ""memmove"": false, ""memset"": false, ""mutable_global"": false, ""parameter_count"": 3, ""platform_specific"": false, ""pointer_arithmetic"": false, ""pointer_count"": 0, ""pointer_to_pointer"": false, ""raw_pointer_parameter"": false, ""raw_pointer_return"": false, ""realloc"": false, ""setjmp"": false, ""static_local"": false, ""syscall"": false, ""third_party"": false, ""union"": false, ""va_list"": false, ""variadic"": false, ""void_pointer"": false}",NEEDS_TRANSPILER,callback,[],medium
2,redis-plus-plus,397f9c7be0eb82ce92545f259a7f66ab992bd7ee,src/sw/redis++/async_redis_cluster.h,762,764,function,smembers,3,"{""bitfield"": false, ""branch_complexity_proxy"": 0, ""c_array"": false, ""call_count"": 1, ""callback"": true, ""calloc"": false, ""conditional_compilation"": true, ""explicit_abi_boundary"": false, ""extern_declaration"": false, ""extern_or_abi_boundary"": false, ""flexible_array"": false, ""free"": false, ""function_pointer"": false, ""generated_source"": false, ""global_read"": false, ""global_write"": false, ""goto"": false, ""lexical_ambiguity"": false, ""longjmp"": false, ""macro_density"": 0.0, ""macro_generated_declaration"": false, ""macro_use"": false, ""malloc"": false, ""memcpy"": false, ""memmove"": false, ""memset"": false, ""mutable_global"": false, ""parameter_count"": 2, ""platform_specific"": false, ""pointer_arithmetic"": false, ""pointer_count"": 0, ""pointer_to_pointer"": false, ""raw_pointer_parameter"": false, ""raw_pointer_return"": false, ""realloc"": false, ""setjmp"": false, ""static_local"": false, ""syscall"": false, ""third_party"": false, ""union"": false, ""va_list"": false, ""variadic"": false, ""void_pointer"": false}",NEEDS_TRANSPILER,callback,[],medium
2,redis-plus-plus,397f9c7be0eb82ce92545f259a7f66ab992bd7ee,src/sw/redis++/async_redis_cluster.h,1187,1189,function,publish,3,"{""bitfield"": false, ""branch_complexity_proxy"": 0, ""c_array"": false, ""call_count"": 1, ""callback"": true, ""calloc"": false, ""conditional_compilation"": true, ""explicit_abi_boundary"": false, ""extern_declaration"": false, ""extern_or_abi_boundary"": false, ""flexible_array"": false, ""free"": false, ""function_pointer"": false, ""generated_source"": false, ""global_read"": false, ""global_write"": false, ""goto"": false, ""lexical_ambiguity"": false, ""longjmp"": false, ""macro_density"": 0.0, ""macro_generated_declaration"": false, ""macro_use"": false, ""malloc"": false, ""memcpy"": false, ""memmove"": false, ""memset"": false, ""mutable_global"": false, ""parameter_count"": 3, ""platform_specific"": false, ""pointer_arithmetic"": false, ""pointer_count"": 0, ""pointer_to_pointer"": false, ""raw_pointer_parameter"": false, ""raw_pointer_return"": false, ""realloc"": false, ""setjmp"": false, ""static_local"": false, ""syscall"": false, ""third_party"": false, ""union"": false, ""va_list"": false, ""variadic"": false, ""void_pointer"": false}",NEEDS_TRANSPILER,callback,[],medium
2,redis-plus-plus,397f9c7be0eb82ce92545f259a7f66ab992bd7ee,src/sw/redis++/async_redis_cluster.h,1196,1198,function,spublish,3,"{""bitfield"": false, ""branch_complexity_proxy"": 0, ""c_array"": false, ""call_count"": 1, ""callback"": true, ""calloc"": false, ""conditional_compilation"": true, ""explicit_abi_boundary"": false, ""extern_declaration"": false, ""extern_or_abi_boundary"": false, ""flexible_array"": false, ""free"": false, ""function_pointer"": false, ""generated_source"": false, ""global_read"": false, ""global_write"": false, ""goto"": false, ""lexical_ambiguity"": false, ""longjmp"": false, ""macro_density"": 0.0, ""macro_generated_declaration"": false, ""macro_use"": false, ""malloc"": false, ""memcpy"": false, ""memmove"": false, ""memset"": false, ""mutable_global"": false, ""parameter_count"": 3, ""platform_specific"": false, ""pointer_arithmetic"": false, ""pointer_count"": 0, ""pointer_to_pointer"": false, ""raw_pointer_parameter"": false, ""raw_pointer_return"": false, ""realloc"": false, ""setjmp"": false, ""static_local"": false, ""syscall"": false, ""third_party"": false, ""union"": false, ""va_list"": false, ""variadic"": false, ""void_pointer"": false}",NEEDS_TRANSPILER,callback,[],medium
2,redis-plus-plus,397f9c7be0eb82ce92545f259a7f66ab992bd7ee,src/sw/redis++/async_redis_cluster.h,1248,1251,function,co_command,4,"{""bitfield"": false, ""branch_complexity_proxy"": 0, ""c_array"": false, ""call_count"": 2, ""callback"": true, ""calloc"": false, ""conditional_compilation"": true, ""explicit_abi_boundary"": false, ""extern_declaration"": false, ""extern_or_abi_boundary"": false, ""flexible_array"": false, ""free"": false, ""function_pointer"": false, ""generated_source"": false, ""global_read"": false, ""global_write"": false, ""goto"": false, ""lexical_ambiguity"": false, ""longjmp"": false, ""macro_density"": 0.0, ""macro_generated_declaration"": false, ""macro_use"": false, ""malloc"": false, ""memcpy"": false, ""memmove"": false, ""memset"": false, ""mutable_global"": false, ""parameter_count"": 3, ""platform_specific"": false, ""pointer_arithmetic"": false, ""pointer_count"": 0, ""pointer_to_pointer"": false, ""raw_pointer_parameter"": false, ""raw_pointer_return"": false, ""realloc"": false, ""setjmp"": false, ""static_local"": false, ""syscall"": false, ""third_party"": false, ""union"": false, ""va_list"": false, ""variadic"": false, ""void_pointer"": false}",NEEDS_TRANSPILER,callback,[],medium
2,redis-plus-plus,397f9c7be0eb82ce92545f259a7f66ab992bd7ee,src/sw/redis++/async_redis_cluster.h,1254,1264,function,co_command_with_parser,11,"{""bitfield"": false, ""branch_complexity_proxy"": 0, ""c_array"": false, ""call_count"": 7, ""callback"": true, ""calloc"": false, ""conditional_compilation"": true, ""explicit_abi_boundary"": false, ""extern_declaration"": false, ""extern_or_abi_boundary"": false, ""flexible_array"": false, ""free"": false, ""function_pointer"": false, ""generated_source"": false, ""global_read"": false, ""global_write"": false, ""goto"": false, ""lexical_ambiguity"": false, ""longjmp"": false, ""macro_density"": 0.0, ""macro_generated_declaration"": false, ""macro_use"": false, ""malloc"": false, ""memcpy"": false, ""memmove"": false, ""memset"": false, ""mutable_global"": false, ""parameter_count"": 3, ""platform_specific"": false, ""pointer_arithmetic"": false, ""pointer_count"": 0, ""pointer_to_pointer"": false, ""raw_pointer_parameter"": false, ""raw_pointer_return"": false, ""realloc"": false, ""setjmp"": false, ""static_local"": false, ""syscall"": false, ""third_party"": false, ""union"": false, ""va_list"": false, ""variadic"": false, ""void_pointer"": false}",NEEDS_TRANSPILER,callback,[],medium
2,redis-plus-plus,397f9c7be0eb82ce92545f259a7f66ab992bd7ee,src/sw/redis++/async_redis_cluster.h,1330,1334,function,_callback_idx_command,5,"{""bitfield"": false, ""branch_complexity_proxy"": 0, ""c_array"": false, ""call_count"": 1, ""callback"": true, ""calloc"": false, ""conditional_compilation"": true, ""explicit_abi_boundary"": false, ""extern_declaration"": false, ""extern_or_abi_boundary"": false, ""flexible_array"": false, ""free"": false, ""function_pointer"": false, ""generated_source"": false, ""global_read"": false, ""global_write"": false, ""goto"": false, ""lexical_ambiguity"": false, ""longjmp"": false, ""macro_density"": 0.0, ""macro_generated_declaration"": false, ""macro_use"": false, ""malloc"": false, ""memcpy"": false, ""memmove"": false, ""memset"": false, ""mutable_global"": false, ""parameter_count"": 5, ""platform_specific"": false, ""pointer_arithmetic"": false, ""pointer_count"": 0, ""pointer_to_pointer"": false, ""raw_pointer_parameter"": false, ""raw_pointer_return"": false, ""realloc"": false, ""setjmp"": false, ""static_local"": false, ""syscall"": false, ""third_party"": false, ""union"": false, ""va_list"": false, ""variadic"": true, ""void_pointer"": false}",NEEDS_TRANSPILER,callback,"[""variadic""]",medium
2,redis-plus-plus,397f9c7be0eb82ce92545f259a7f66ab992bd7ee,src/sw/redis++/async_redis_cluster.h,1337,1347,function,_callback_command,11,"{""bitfield"": false, ""branch_complexity_proxy"": 0, ""c_array"": false, ""call_count"": 3, ""callback"": true, ""calloc"": false, ""conditional_compilation"": true, ""explicit_abi_boundary"": false, ""extern_declaration"": false, ""extern_or_abi_boundary"": false, ""flexible_array"": false, ""free"": false, ""function_pointer"": false, ""generated_source"": false, ""global_read"": false, ""global_write"": false, ""goto"": false, ""lexical_ambiguity"": false, ""longjmp"": false, ""macro_density"": 0.0, ""macro_generated_declaration"": false, ""macro_use"": false, ""malloc"": false, ""memcpy"": false, ""memmove"": false, ""memset"": false, ""mutable_global"": false, ""parameter_count"": 4, ""platform_specific"": false, ""pointer_arithmetic"": false, ""pointer_count"": 0, ""pointer_to_pointer"": false, ""raw_pointer_parameter"": false, ""raw_pointer_return"": false, ""realloc"": false, ""setjmp"": false, ""static_local"": false, ""syscall"": false, ""third_party"": false, ""union"": false, ""va_list"": false, ""variadic"": true, ""void_pointer"": false}",NEEDS_TRANSPILER,callback,"[""variadic""]",medium
2,redis-plus-plus,397f9c7be0eb82ce92545f259a7f66ab992bd7ee,src/sw/redis++/async_redis_cluster.h,1350,1356,function,_callback_fmt_command,7,"{""bitfield"": false, ""branch_complexity_proxy"": 0, ""c_array"": false, ""call_count"": 1, ""callback"": true, ""calloc"": false, ""conditional_compilation"": true, ""explicit_abi_boundary"": false, ""extern_declaration"": false, ""extern_or_abi_boundary"": false, ""flexible_array"": false, ""free"": false, ""function_pointer"": false, ""generated_source"": false, ""global_read"": false, ""global_write"": false, ""goto"": false, ""lexical_ambiguity"": false, ""longjmp"": false, ""macro_density"": 0.0, ""macro_generated_declaration"": false, ""macro_use"": false, ""malloc"": false, ""memcpy"": false, ""memmove"": false, ""memset"": false, ""mutable_global"": false, ""parameter_count"": 4, ""platform_specific"": false, ""pointer_arithmetic"": false, ""pointer_count"": 0, ""pointer_to_pointer"": false, ""raw_pointer_parameter"": false, ""raw_pointer_return"": false, ""realloc"": false, ""setjmp"": false, ""static_local"": false, ""syscall"": false, ""third_party"": false, ""union"": false, ""va_list"": false, ""variadic"": true, ""void_pointer"": false}",NEEDS_TRANSPILER,callback,"[""variadic""]",medium
2,redis-plus-plus,397f9c7be0eb82ce92545f259a7f66ab992bd7ee,src/sw/redis++/async_redis_cluster.h,1359,1362,function,_callback_generic_command,4,"{""bitfield"": false, ""branch_complexity_proxy"": 0, ""c_array"": false, ""call_count"": 1, ""callback"": true, ""calloc"": false, ""conditional_compilation"": true, ""explicit_abi_boundary"": false, ""extern_declaration"": false, ""extern_or_abi_boundary"": false, ""flexible_array"": false, ""free"": false, ""function_pointer"": false, ""generated_source"": false, ""global_read"": false, ""global_write"": false, ""goto"": false, ""lexical_ambiguity"": false, ""longjmp"": false, ""macro_density"": 0.0, ""macro_generated_declaration"": false, ""macro_use"": false, ""malloc"": false, ""memcpy"": false, ""memmove"": false, ""memset"": false, ""mutable_global"": false, ""parameter_count"": 5, ""platform_specific"": false, ""pointer_arithmetic"": false, ""pointer_count"": 0, ""pointer_to_pointer"": false, ""raw_pointer_parameter"": false, ""raw_pointer_return"": false, ""realloc"": false, ""setjmp"": false, ""static_local"": false, ""syscall"": false, ""third_party"": false, ""union"": false, ""va_list"": false, ""variadic"": true, ""void_pointer"": false}",NEEDS_TRANSPILER,callback,"[""variadic""]",medium
2,redis-plus-plus,397f9c7be0eb82ce92545f259a7f66ab992bd7ee,src/sw/redis++/async_redis_cluster.h,1365,1372,function,_callback_generic_command,8,"{""bitfield"": false, ""branch_complexity_proxy"": 0, ""c_array"": false, ""call_count"": 2, ""callback"": true, ""calloc"": false, ""conditional_compilation"": true, ""explicit_abi_boundary"": false, ""extern_declaration"": false, ""extern_or_abi_boundary"": false, ""flexible_array"": false, ""free"": false, ""function_pointer"": false, ""generated_source"": false, ""global_read"": false, ""global_write"": false, ""goto"": false, ""lexical_ambiguity"": false, ""longjmp"": false, ""macro_density"": 0.0, ""macro_generated_declaration"": false, ""macro_use"": false, ""malloc"": false, ""memcpy"": false, ""memmove"": false, ""memset"": false, ""mutable_global"": false, ""parameter_count"": 5, ""platform_specific"": false, ""pointer_arithmetic"": false, ""pointer_count"": 1, ""pointer_to_pointer"": false, ""raw_pointer_parameter"": false, ""raw_pointer_return"": false, ""realloc"": false, ""setjmp"": false, ""static_local"": false, ""syscall"": false, ""third_party"": false, ""union"": false, ""va_list"": false, ""variadic"": true, ""void_pointer"": false}",NEEDS_TRANSPILER,callback,"[""variadic""]",medium
2,redis-plus-plus,397f9c7be0eb82ce92545f259a7f66ab992bd7ee,src/sw/redis++/async_redis_cluster.h,1375,1378,function,_callback_generic_command,4,"{""bitfield"": false, ""branch_complexity_proxy"": 0, ""c_array"": false, ""call_count"": 1, ""callback"": true, ""calloc"": false, ""conditional_compilation"": true, ""explicit_abi_boundary"": false, ""extern_declaration"": false, ""extern_or_abi_boundary"": false, ""flexible_array"": false, ""free"": false, ""function_pointer"": false, ""generated_source"": false, ""global_read"": false, ""global_write"": false, ""goto"": false, ""lexical_ambiguity"": false, ""longjmp"": false, ""macro_density"": 0.0, ""macro_generated_declaration"": false, ""macro_use"": false, ""malloc"": false, ""memcpy"": false, ""memmove"": false, ""memset"": false, ""mutable_global"": false, ""parameter_count"": 4, ""platform_specific"": false, ""pointer_arithmetic"": false, ""pointer_count"": 0, ""pointer_to_pointer"": false, ""raw_pointer_parameter"": false, ""raw_pointer_return"": false, ""realloc"": false, ""setjmp"": false, ""static_local"": false, ""syscall"": false, ""third_party"": false, ""union"": false, ""va_list"": false, ""variadic"": true, ""void_pointer"": false}",NEEDS_TRANSPILER,callback,"[""variadic""]",medium
2,redis-plus-plus,397f9c7be0eb82ce92545f259a7f66ab992bd7ee,src/sw/redis++/async_redis_cluster.h,1382,1395,function,_callback_command_with_parser,14,"{""bitfield"": false, ""branch_complexity_proxy"": 0, ""c_array"": false, ""call_count"": 8, ""callback"": true, ""calloc"": false, ""conditional_compilation"": true, ""explicit_abi_boundary"": false, ""extern_declaration"": false, ""extern_or_abi_boundary"": false, ""flexible_array"": false, ""free"": false, ""function_pointer"": false, ""generated_source"": false, ""global_read"": false, ""global_write"": false, ""goto"": false, ""lexical_ambiguity"": false, ""longjmp"": false, ""macro_density"": 0.0, ""macro_generated_declaration"": false, ""macro_use"": false, ""malloc"": false, ""memcpy"": false, ""memmove"": false, ""memset"": false, ""mutable_global"": false, ""parameter_count"": 4, ""platform_specific"": false, ""pointer_arithmetic"": false, ""pointer_count"": 0, ""pointer_to_pointer"": false, ""raw_pointer_parameter"": false, ""raw_pointer_return"": false, ""realloc"": false, ""setjmp"": false, ""static_local"": false, ""syscall"": false, ""third_party"": false, ""union"": false, ""va_list"": false, ""variadic"": true, ""void_pointer"": false}",NEEDS_TRANSPILER,callback,"[""variadic""]",medium
2,redis-plus-plus,397f9c7be0eb82ce92545f259a7f66ab992bd7ee,src/sw/redis++/async_redis_cluster.h,1398,1402,function,_callback_range_command,5,"{""bitfield"": false, ""branch_complexity_proxy"": 0, ""c_array"": false, ""call_count"": 1, ""callback"": true, ""calloc"": false, ""conditional_compilation"": true, ""explicit_abi_boundary"": false, ""extern_declaration"": false, ""extern_or_abi_boundary"": false, ""flexible_array"": false, ""free"": false, ""function_pointer"": false, ""generated_source"": false, ""global_read"": false, ""global_write"": false, ""goto"": false, ""lexical_ambiguity"": false, ""longjmp"": false, ""macro_density"": 0.0, ""macro_generated_declaration"": false, ""macro_use"": false, ""malloc"": false, ""memcpy"": false, ""memmove"": false, ""memset"": false, ""mutable_global"": false, ""parameter_count"": 5, ""platform_specific"": false, ""pointer_arithmetic"": false, ""pointer_count"": 1, ""pointer_to_pointer"": false, ""raw_pointer_parameter"": false, ""raw_pointer_return"": false, ""realloc"": false, ""setjmp"": false, ""static_local"": false, ""syscall"": false, ""third_party"": false, ""union"": false, ""va_list"": false, ""variadic"": true, ""void_pointer"": false}",NEEDS_TRANSPILER,callback,"[""variadic""]",medium
2,redis-plus-plus,397f9c7be0eb82ce92545f259a7f66ab992bd7ee,src/sw/redis++/async_redis_cluster.h,1405,1409,function,_callback_range_command,5,"{""bitfield"": false, ""branch_complexity_proxy"": 0, ""c_array"": false, ""call_count"": 1, ""callback"": true, ""calloc"": false, ""conditional_compilation"": true, ""explicit_abi_boundary"": false, ""extern_declaration"": false, ""extern_or_abi_boundary"": false, ""flexible_array"": false, ""free"": false, ""function_pointer"": true, ""generated_source"": false, ""global_read"": false, ""global_write"": false, ""goto"": false, ""lexical_ambiguity"": false, ""longjmp"": false, ""macro_density"": 0.0, ""macro_generated_declaration"": false, ""macro_use"": false, ""malloc"": false, ""memcpy"": false, ""memmove"": false, ""memset"": false, ""mutable_global"": false, ""parameter_count"": 5, ""platform_specific"": false, ""pointer_arithmetic"": false, ""pointer_count"": 1, ""pointer_to_pointer"": false, ""raw_pointer_parameter"": false, ""raw_pointer_return"": false, ""realloc"": false, ""setjmp"": false, ""static_local"": false, ""syscall"": false, ""third_party"": false, ""union"": false, ""va_list"": false, ""variadic"": true, ""void_pointer"": false}",NEEDS_TRANSPILER,function_pointer,"[""callback"", ""variadic""]",medium
2,redis-plus-plus,397f9c7be0eb82ce92545f259a7f66ab992bd7ee,src/sw/redis++/async_redis_cluster.h,1428,1430,function,_callback_score_command,3,"{""bitfield"": false, ""branch_complexity_proxy"": 0, ""c_array"": false, ""call_count"": 1, ""callback"": true, ""calloc"": false, ""conditional_compilation"": true, ""explicit_abi_boundary"": false, ""extern_declaration"": false, ""extern_or_abi_boundary"": false, ""flexible_array"": false, ""free"": false, ""function_pointer"": false, ""generated_source"": false, ""global_read"": false, ""global_write"": false, ""goto"": false, ""lexical_ambiguity"": false, ""longjmp"": false, ""macro_density"": 0.0, ""macro_generated_declaration"": false, ""macro_use"": false, ""malloc"": false, ""memcpy"": false, ""memmove"": false, ""memset"": false, ""mutable_global"": false, ""parameter_count"": 5, ""platform_specific"": false, ""pointer_arithmetic"": false, ""pointer_count"": 0, ""pointer_to_pointer"": false, ""raw_pointer_parameter"": false, ""raw_pointer_return"": false, ""realloc"": false, ""setjmp"": false, ""static_local"": false, ""syscall"": false, ""third_party"": false, ""union"": false, ""va_list"": false, ""variadic"": true, ""void_pointer"": false}",NEEDS_TRANSPILER,callback,"[""variadic""]",medium
2,redis-plus-plus,397f9c7be0eb82ce92545f259a7f66ab992bd7ee,src/sw/redis++/async_redis_cluster.h,1433,1435,function,_callback_score_command,3,"{""bitfield"": false, ""branch_complexity_proxy"": 0, ""c_array"": false, ""call_count"": 1, ""callback"": true, ""calloc"": false, ""conditional_compilation"": true, ""explicit_abi_boundary"": false, ""extern_declaration"": false, ""extern_or_abi_boundary"": false, ""flexible_array"": false, ""free"": false, ""function_pointer"": false, ""generated_source"": false, ""global_read"": false, ""global_write"": false, ""goto"": false, ""lexical_ambiguity"": false, ""longjmp"": false, ""macro_density"": 0.0, ""macro_generated_declaration"": false, ""macro_use"": false, ""malloc"": false, ""memcpy"": false, ""memmove"": false, ""memset"": false, ""mutable_global"": false, ""parameter_count"": 5, ""platform_specific"": false, ""pointer_arithmetic"": false, ""pointer_count"": 0, ""pointer_to_pointer"": false, ""raw_pointer_parameter"": false, ""raw_pointer_return"": false, ""realloc"": false, ""setjmp"": false, ""static_local"": false, ""syscall"": false, ""third_party"": false, ""union"": false, ""va_list"": false, ""variadic"": true, ""void_pointer"": false}",NEEDS_TRANSPILER,callback,"[""variadic""]",medium
2,redis-plus-plus,397f9c7be0eb82ce92545f259a7f66ab992bd7ee,src/sw/redis++/async_redis_cluster.h,1438,1441,function,_callback_score_command,4,"{""bitfield"": false, ""branch_complexity_proxy"": 0, ""c_array"": false, ""call_count"": 2, ""callback"": true, ""calloc"": false, ""conditional_compilation"": true, ""explicit_abi_boundary"": false, ""extern_declaration"": false, ""extern_or_abi_boundary"": false, ""flexible_array"": false, ""free"": false, ""function_pointer"": false, ""generated_source"": false, ""global_read"": false, ""global_write"": false, ""goto"": false, ""lexical_ambiguity"": false, ""longjmp"": false, ""macro_density"": 0.0, ""macro_generated_declaration"": false, ""macro_use"": false, ""malloc"": false, ""memcpy"": false, ""memmove"": false, ""memset"": false, ""mutable_global"": false, ""parameter_count"": 4, ""platform_specific"": false, ""pointer_arithmetic"": false, ""pointer_count"": 0, ""pointer_to_pointer"": false, ""raw_pointer_parameter"": false, ""raw_pointer_return"": false, ""realloc"": false, ""setjmp"": false, ""static_local"": false, ""syscall"": false, ""third_party"": false, ""union"": false, ""va_list"": false, ""variadic"": true, ""void_pointer"": false}",NEEDS_TRANSPILER,callback,"[""variadic""]",medium
2,redis-plus-plus,397f9c7be0eb82ce92545f259a7f66ab992bd7ee,src/sw/redis++/async_sentinel.h,48,60,struct,AsyncSentinelTask,13,"{""bitfield"": false, ""branch_complexity_proxy"": 0, ""c_array"": false, ""call_count"": 2, ""callback"": false, ""calloc"": false, ""conditional_compilation"": true, ""explicit_abi_boundary"": false, ""extern_declaration"": false, ""extern_or_abi_boundary"": false, ""flexible_array"": false, ""free"": false, ""function_pointer"": false, ""generated_source"": false, ""global_read"": false, ""global_write"": false, ""goto"": false, ""lexical_ambiguity"": false, ""longjmp"": false, ""macro_density"": 0.0, ""macro_generated_declaration"": false, ""macro_use"": false, ""malloc"": false, ""memcpy"": false, ""memmove"": false, ""memset"": false, ""mutable_global"": false, ""parameter_count"": 0, ""platform_specific"": false, ""pointer_arithmetic"": false, ""pointer_count"": 0, ""pointer_to_pointer"": false, ""raw_pointer_parameter"": false, ""raw_pointer_return"": false, ""realloc"": false, ""setjmp"": false, ""static_local"": false, ""syscall"": false, ""third_party"": false, ""union"": false, ""va_list"": false, ""variadic"": false, ""void_pointer"": false}",TRIVIAL,no_significant_detected_blocker,"[""conditional_compilation""]",medium
2,redis-plus-plus,397f9c7be0eb82ce92545f259a7f66ab992bd7ee,src/sw/redis++/async_shards_pool.h,64,67,struct,RedeliverEvent,4,"{""bitfield"": false, ""branch_complexity_proxy"": 0, ""c_array"": false, ""call_count"": 0, ""callback"": false, ""calloc"": false, ""conditional_compilation"": true, ""explicit_abi_boundary"": false, ""extern_declaration"": false, ""extern_or_abi_boundary"": false, ""flexible_array"": false, ""free"": false, ""function_pointer"": false, ""generated_source"": false, ""global_read"": false, ""global_write"": false, ""goto"": false, ""lexical_ambiguity"": false, ""longjmp"": false, ""macro_density"": 0.0, ""macro_generated_declaration"": false, ""macro_use"": false, ""malloc"": false, ""memcpy"": false, ""memmove"": false, ""memset"": false, ""mutable_global"": false, ""parameter_count"": 0, ""platform_specific"": false, ""pointer_arithmetic"": false, ""pointer_count"": 0, ""pointer_to_pointer"": false, ""raw_pointer_parameter"": false, ""raw_pointer_return"": false, ""realloc"": false, ""setjmp"": false, ""static_local"": false, ""syscall"": false, ""third_party"": false, ""union"": false, ""va_list"": false, ""variadic"": false, ""void_pointer"": false}",TRIVIAL,no_significant_detected_blocker,"[""conditional_compilation""]",medium
2,redis-plus-plus,397f9c7be0eb82ce92545f259a7f66ab992bd7ee,src/sw/redis++/async_subscriber.h,30,31,function,SubscribeEvent,2,"{""bitfield"": false, ""branch_complexity_proxy"": 0, ""c_array"": false, ""call_count"": 2, ""callback"": false, ""calloc"": false, ""conditional_compilation"": true, ""explicit_abi_boundary"": false, ""extern_declaration"": false, ""extern_or_abi_boundary"": false, ""flexible_array"": false, ""free"": false, ""function_pointer"": false, ""generated_source"": false, ""global_read"": false, ""global_write"": false, ""goto"": false, ""lexical_ambiguity"": false, ""longjmp"": false, ""macro_density"": 0.0, ""macro_generated_declaration"": false, ""macro_use"": false, ""malloc"": false, ""memcpy"": false, ""memmove"": false, ""memset"": false, ""mutable_global"": false, ""parameter_count"": 2, ""platform_specific"": false, ""pointer_arithmetic"": false, ""pointer_count"": 0, ""pointer_to_pointer"": false, ""raw_pointer_parameter"": false, ""raw_pointer_return"": false, ""realloc"": false, ""setjmp"": false, ""static_local"": false, ""syscall"": false, ""third_party"": false, ""union"": false, ""va_list"": false, ""variadic"": false, ""void_pointer"": false}",TRIVIAL,no_significant_detected_blocker,"[""conditional_compilation""]",medium
2,redis-plus-plus,397f9c7be0eb82ce92545f259a7f66ab992bd7ee,src/sw/redis++/async_subscriber_impl.h,34,36,function,on_message,3,"{""bitfield"": false, ""branch_complexity_proxy"": 0, ""c_array"": false, ""call_count"": 1, ""callback"": false, ""calloc"": false, ""conditional_compilation"": true, ""explicit_abi_boundary"": false, ""extern_declaration"": false, ""extern_or_abi_boundary"": false, ""flexible_array"": false, ""free"": false, ""function_pointer"": false, ""generated_source"": false, ""global_read"": false, ""global_write"": false, ""goto"": false, ""lexical_ambiguity"": false, ""longjmp"": false, ""macro_density"": 0.0, ""macro_generated_declaration"": false, ""macro_use"": false, ""malloc"": false, ""memcpy"": false, ""memmove"": false, ""memset"": false, ""mutable_global"": false, ""parameter_count"": 1, ""platform_specific"": false, ""pointer_arithmetic"": false, ""pointer_count"": 0, ""pointer_to_pointer"": false, ""raw_pointer_parameter"": false, ""raw_pointer_return"": false, ""realloc"": false, ""setjmp"": false, ""static_local"": false, ""syscall"": false, ""third_party"": false, ""union"": false, ""va_list"": false, ""variadic"": false, ""void_pointer"": false}",TRIVIAL,no_significant_detected_blocker,"[""conditional_compilation""]",medium
2,redis-plus-plus,397f9c7be0eb82ce92545f259a7f66ab992bd7ee,src/sw/redis++/async_subscriber_impl.h,39,41,function,on_pmessage,3,"{""bitfield"": false, ""branch_complexity_proxy"": 0, ""c_array"": false, ""call_count"": 1, ""callback"": false, ""calloc"": false, ""conditional_compilation"": true, ""explicit_abi_boundary"": false, ""extern_declaration"": false, ""extern_or_abi_boundary"": false, ""flexible_array"": false, ""free"": false, ""function_pointer"": false, ""generated_source"": false, ""global_read"": false, ""global_write"": false, ""goto"": false, ""lexical_ambiguity"": false, ""longjmp"": false, ""macro_density"": 0.0, ""macro_generated_declaration"": false, ""macro_use"": false, ""malloc"": false, ""memcpy"": false, ""memmove"": false, ""memset"": false, ""mutable_global"": false, ""parameter_count"": 1, ""platform_specific"": false, ""pointer_arithmetic"": false, ""pointer_count"": 0, ""pointer_to_pointer"": false, ""raw_pointer_parameter"": false, ""raw_pointer_return"": false, ""realloc"": false, ""setjmp"": false, ""static_local"": false, ""syscall"": false, ""third_party"": false, ""union"": false, ""va_list"": false, ""variadic"": false, ""void_pointer"": false}",TRIVIAL,no_significant_detected_blocker,"[""conditional_compilation""]",medium
2,redis-plus-plus,397f9c7be0eb82ce92545f259a7f66ab992bd7ee,src/sw/redis++/async_subscriber_impl.h,44,46,function,on_smessage,3,"{""bitfield"": false, ""branch_complexity_proxy"": 0, ""c_array"": false, ""call_count"": 1, ""callback"": false, ""calloc"": false, ""conditional_compilation"": true, ""explicit_abi_boundary"": false, ""extern_declaration"": false, ""extern_or_abi_boundary"": false, ""flexible_array"": false, ""free"": false, ""function_pointer"": false, ""generated_source"": false, ""global_read"": false, ""global_write"": false, ""goto"": false, ""lexical_ambiguity"": false, ""longjmp"": false, ""macro_density"": 0.0, ""macro_generated_declaration"": false, ""macro_use"": false, ""malloc"": false, ""memcpy"": false, ""memmove"": false, ""memset"": false, ""mutable_global"": false, ""parameter_count"": 1, ""platform_specific"": false, ""pointer_arithmetic"": false, ""pointer_count"": 0, ""pointer_to_pointer"": false, ""raw_pointer_parameter"": false, ""raw_pointer_return"": false, ""realloc"": false, ""setjmp"": false, ""static_local"": false, ""syscall"": false, ""third_party"": false, ""union"": false, ""va_list"": false, ""variadic"": false, ""void_pointer"": false}",TRIVIAL,no_significant_detected_blocker,"[""conditional_compilation""]",medium
2,redis-plus-plus,397f9c7be0eb82ce92545f259a7f66ab992bd7ee,src/sw/redis++/async_subscriber_impl.h,49,51,function,on_meta,3,"{""bitfield"": false, ""branch_complexity_proxy"": 0, ""c_array"": false, ""call_count"": 1, ""callback"": false, ""calloc"": false, ""conditional_compilation"": true, ""explicit_abi_boundary"": false, ""extern_declaration"": false, ""extern_or_abi_boundary"": false, ""flexible_array"": false, ""free"": false, ""function_pointer"": false, ""generated_source"": false, ""global_read"": false, ""global_write"": false, ""goto"": false, ""lexical_ambiguity"": false, ""longjmp"": false, ""macro_density"": 0.0, ""macro_generated_declaration"": false, ""macro_use"": false, ""malloc"": false, ""memcpy"": false, ""memmove"": false, ""memset"": false, ""mutable_global"": false, ""parameter_count"": 1, ""platform_specific"": false, ""pointer_arithmetic"": false, ""pointer_count"": 0, ""pointer_to_pointer"": false, ""raw_pointer_parameter"": false, ""raw_pointer_return"": false, ""realloc"": false, ""setjmp"": false, ""static_local"": false, ""syscall"": false, ""third_party"": false, ""union"": false, ""va_list"": false, ""variadic"": false, ""void_pointer"": false}",TRIVIAL,no_significant_detected_blocker,"[""conditional_compilation""]",medium
2,redis-plus-plus,397f9c7be0eb82ce92545f259a7f66ab992bd7ee,src/sw/redis++/async_subscriber_impl.h,54,56,function,on_error,3,"{""bitfield"": false, ""branch_complexity_proxy"": 0, ""c_array"": false, ""call_count"": 1, ""callback"": false, ""calloc"": false, ""conditional_compilation"": true, ""explicit_abi_boundary"": false, ""extern_declaration"": false, ""extern_or_abi_boundary"": false, ""flexible_array"": false, ""free"": false, ""function_pointer"": false, ""generated_source"": false, ""global_read"": false, ""global_write"": false, ""goto"": false, ""lexical_ambiguity"": false, ""longjmp"": false, ""macro_density"": 0.0, ""macro_generated_declaration"": false, ""macro_use"": false, ""malloc"": false, ""memcpy"": false, ""memmove"": false, ""memset"": false, ""mutable_global"": false, ""parameter_count"": 1, ""platform_specific"": false, ""pointer_arithmetic"": false, ""pointer_count"": 0, ""pointer_to_pointer"": false, ""raw_pointer_parameter"": false, ""raw_pointer_return"": false, ""realloc"": false, ""setjmp"": false, ""static_local"": false, ""syscall"": false, ""third_party"": false, ""union"": false, ""va_list"": false, ""variadic"": false, ""void_pointer"": false}",TRIVIAL,no_significant_detected_blocker,"[""conditional_compilation""]",medium
2,redis-plus-plus,397f9c7be0eb82ce92545f259a7f66ab992bd7ee,src/sw/redis++/cmd_formatter.h,82,87,function,format_cmd,6,"{""bitfield"": false, ""branch_complexity_proxy"": 0, ""c_array"": false, ""call_count"": 3, ""callback"": false, ""calloc"": false, ""conditional_compilation"": true, ""explicit_abi_boundary"": false, ""extern_declaration"": false, ""extern_or_abi_boundary"": false, ""flexible_array"": false, ""free"": false, ""function_pointer"": false, ""generated_source"": false, ""global_read"": false, ""global_write"": false, ""goto"": false, ""lexical_ambiguity"": false, ""longjmp"": false, ""macro_density"": 0.0, ""macro_generated_declaration"": false, ""macro_use"": false, ""malloc"": false, ""memcpy"": false, ""memmove"": false, ""memset"": false, ""mutable_global"": false, ""parameter_count"": 2, ""platform_specific"": false, ""pointer_arithmetic"": false, ""pointer_count"": 2, ""pointer_to_pointer"": false, ""raw_pointer_parameter"": true, ""raw_pointer_return"": false, ""realloc"": false, ""setjmp"": false, ""static_local"": false, ""syscall"": false, ""third_party"": false, ""union"": false, ""va_list"": false, ""variadic"": true, ""void_pointer"": false}",NEEDS_TRANSPILER,variadic,[],medium
2,redis-plus-plus,397f9c7be0eb82ce92545f259a7f66ab992bd7ee,src/sw/redis++/cmd_formatter.h,89,94,function,format_cmd,6,"{""bitfield"": false, ""branch_complexity_proxy"": 0, ""c_array"": false, ""call_count"": 3, ""callback"": false, ""calloc"": false, ""conditional_compilation"": true, ""explicit_abi_boundary"": false, ""extern_declaration"": false, ""extern_or_abi_boundary"": false, ""flexible_array"": false, ""free"": false, ""function_pointer"": false, ""generated_source"": false, ""global_read"": false, ""global_write"": false, ""goto"": false, ""lexical_ambiguity"": false, ""longjmp"": false, ""macro_density"": 0.0, ""macro_generated_declaration"": false, ""macro_use"": false, ""malloc"": false, ""memcpy"": false, ""memmove"": false, ""memset"": false, ""mutable_global"": false, ""parameter_count"": 3, ""platform_specific"": false, ""pointer_arithmetic"": false, ""pointer_count"": 4, ""pointer_to_pointer"": true, ""raw_pointer_parameter"": true, ""raw_pointer_return"": false, ""realloc"": false, ""setjmp"": false, ""static_local"": false, ""syscall"": false, ""third_party"": false, ""union"": false, ""va_list"": false, ""variadic"": false, ""void_pointer"": false}",TRIVIAL,no_significant_detected_blocker,"[""conditional_compilation"", ""pointer_to_pointer"", ""raw_pointer_parameter""]",medium
2,redis-plus-plus,397f9c7be0eb82ce92545f259a7f66ab992bd7ee,src/sw/redis++/cmd_formatter.h,96,101,function,format_cmd,6,"{""bitfield"": false, ""branch_complexity_proxy"": 0, ""c_array"": false, ""call_count"": 6, ""callback"": false, ""calloc"": false, ""conditional_compilation"": true, ""explicit_abi_boundary"": false, ""extern_declaration"": false, ""extern_or_abi_boundary"": false, ""flexible_array"": false, ""free"": false, ""function_pointer"": false, ""generated_source"": false, ""global_read"": false, ""global_write"": false, ""goto"": false, ""lexical_ambiguity"": false, ""longjmp"": false, ""macro_density"": 0.0, ""macro_generated_declaration"": false, ""macro_use"": false, ""malloc"": false, ""memcpy"": false, ""memmove"": false, ""memset"": false, ""mutable_global"": false, ""parameter_count"": 1, ""platform_specific"": false, ""pointer_arithmetic"": false, ""pointer_count"": 1, ""pointer_to_pointer"": false, ""raw_pointer_parameter"": false, ""raw_pointer_return"": false, ""realloc"": false, ""setjmp"": false, ""static_local"": false, ""syscall"": false, ""third_party"": false, ""union"": false, ""va_list"": false, ""variadic"": false, ""void_pointer"": false}",TRIVIAL,no_significant_detected_blocker,"[""conditional_compilation""]",medium
2,redis-plus-plus,397f9c7be0eb82ce92545f259a7f66ab992bd7ee,src/sw/redis++/cmd_formatter.h,103,107,struct,SetResultParser,5,"{""bitfield"": false, ""branch_complexity_proxy"": 0, ""c_array"": false, ""call_count"": 2, ""callback"": false, ""calloc"": false, ""conditional_compilation"": true, ""explicit_abi_boundary"": false, ""extern_declaration"": false, ""extern_or_abi_boundary"": false, ""flexible_array"": false, ""free"": false, ""function_pointer"": false, ""generated_source"": false, ""global_read"": false, ""global_write"": false, ""goto"": false, ""lexical_ambiguity"": false, ""longjmp"": false, ""macro_density"": 0.0, ""macro_generated_declaration"": false, ""macro_use"": false, ""malloc"": false, ""memcpy"": false, ""memmove"": false, ""memset"": false, ""mutable_global"": false, ""parameter_count"": 0, ""platform_specific"": false, ""pointer_arithmetic"": false, ""pointer_count"": 0, ""pointer_to_pointer"": false, ""raw_pointer_parameter"": false, ""raw_pointer_return"": false, ""realloc"": false, ""setjmp"": false, ""static_local"": false, ""syscall"": false, ""third_party"": false, ""union"": false, ""va_list"": false, ""variadic"": false, ""void_pointer"": false}",TRIVIAL,no_significant_detected_blocker,"[""conditional_compilation""]",medium
2,redis-plus-plus,397f9c7be0eb82ce92545f259a7f66ab992bd7ee,src/sw/redis++/cmd_formatter.h,111,113,function,echo,3,"{""bitfield"": false, ""branch_complexity_proxy"": 0, ""c_array"": false, ""call_count"": 4, ""callback"": false, ""calloc"": false, ""conditional_compilation"": true, ""explicit_abi_boundary"": false, ""extern_declaration"": false, ""extern_or_abi_boundary"": false, ""flexible_array"": false, ""free"": false, ""function_pointer"": false, ""generated_source"": false, ""global_read"": false, ""global_write"": false, ""goto"": false, ""lexical_ambiguity"": false, ""longjmp"": false, ""macro_density"": 0.0, ""macro_generated_declaration"": false, ""macro_use"": false, ""malloc"": false, ""memcpy"": false, ""memmove"": false, ""memset"": false, ""mutable_global"": false, ""parameter_count"": 1, ""platform_specific"": false, ""pointer_arithmetic"": false, ""pointer_count"": 0, ""pointer_to_pointer"": false, ""raw_pointer_parameter"": false, ""raw_pointer_return"": false, ""realloc"": false, ""setjmp"": false, ""static_local"": false, ""syscall"": false, ""third_party"": false, ""union"": false, ""va_list"": false, ""variadic"": false, ""void_pointer"": false}",TRIVIAL,no_significant_detected_blocker,"[""conditional_compilation""]",medium
2,redis-plus-plus,397f9c7be0eb82ce92545f259a7f66ab992bd7ee,src/sw/redis++/cmd_formatter.h,115,117,function,ping,3,"{""bitfield"": false, ""branch_complexity_proxy"": 0, ""c_array"": false, ""call_count"": 2, ""callback"": false, ""calloc"": false, ""conditional_compilation"": true, ""explicit_abi_boundary"": false, ""extern_declaration"": false, ""extern_or_abi_boundary"": false, ""flexible_array"": false, ""free"": false, ""function_pointer"": false, ""generated_source"": false, ""global_read"": false, ""global_write"": false, ""goto"": false, ""lexical_ambiguity"": false, ""longjmp"": false, ""macro_density"": 0.0, ""macro_generated_declaration"": false, ""macro_use"": false, ""malloc"": false, ""memcpy"": false, ""memmove"": false, ""memset"": false, ""mutable_global"": false, ""parameter_count"": 0, ""platform_specific"": false, ""pointer_arithmetic"": false, ""pointer_count"": 0, ""pointer_to_pointer"": false, ""raw_pointer_parameter"": false, ""raw_pointer_return"": false, ""realloc"": false, ""setjmp"": false, ""static_local"": false, ""syscall"": false, ""third_party"": false, ""union"": false, ""va_list"": false, ""variadic"": false, ""void_pointer"": false}",TRIVIAL,no_significant_detected_blocker,"[""conditional_compilation""]",medium
2,redis-plus-plus,397f9c7be0eb82ce92545f259a7f66ab992bd7ee,src/sw/redis++/cmd_formatter.h,119,121,function,ping,3,"{""bitfield"": false, ""branch_complexity_proxy"": 0, ""c_array"": false, ""call_count"": 4, ""callback"": false, ""calloc"": false, ""conditional_compilation"": true, ""explicit_abi_boundary"": false, ""extern_declaration"": false, ""extern_or_abi_boundary"": false, ""flexible_array"": false, ""free"": false, ""function_pointer"": false, ""generated_source"": false, ""global_read"": false, ""global_write"": false, ""goto"": false, ""lexical_ambiguity"": false, ""longjmp"": false, ""macro_density"": 0.0, ""macro_generated_declaration"": false, ""macro_use"": false, ""malloc"": false, ""memcpy"": false, ""memmove"": false, ""memset"": false, ""mutable_global"": false, ""parameter_count"": 1, ""platform_specific"": false, ""pointer_arithmetic"": false, ""pointer_count"": 0, ""pointer_to_pointer"": false, ""raw_pointer_parameter"": false, ""raw_pointer_return"": false, ""realloc"": false, ""setjmp"": false, ""static_local"": false, ""syscall"": false, ""third_party"": false, ""union"": false, ""va_list"": false, ""variadic"": false, ""void_pointer"": false}",TRIVIAL,no_significant_detected_blocker,"[""conditional_compilation""]",medium
2,redis-plus-plus,397f9c7be0eb82ce92545f259a7f66ab992bd7ee,src/sw/redis++/cmd_formatter.h,123,125,function,del,3,"{""bitfield"": false, ""branch_complexity_proxy"": 0, ""c_array"": false, ""call_count"": 4, ""callback"": false, ""calloc"": false, ""conditional_compilation"": true, ""explicit_abi_boundary"": false, ""extern_declaration"": false, ""extern_or_abi_boundary"": false, ""flexible_array"": false, ""free"": false, ""function_pointer"": false, ""generated_source"": false, ""global_read"": false, ""global_write"": false, ""goto"": false, ""lexical_ambiguity"": false, ""longjmp"": false, ""macro_density"": 0.0, ""macro_generated_declaration"": false, ""macro_use"": false, ""malloc"": false, ""memcpy"": false, ""memmove"": false, ""memset"": false, ""mutable_global"": false, ""parameter_count"": 1, ""platform_specific"": false, ""pointer_arithmetic"": false, ""pointer_count"": 0, ""pointer_to_pointer"": false, ""raw_pointer_parameter"": false, ""raw_pointer_return"": false, ""realloc"": false, ""setjmp"": false, ""static_local"": false, ""syscall"": false, ""third_party"": false, ""union"": false, ""va_list"": false, ""variadic"": false, ""void_pointer"": false}",TRIVIAL,no_significant_detected_blocker,"[""conditional_compilation""]",medium
2,redis-plus-plus,397f9c7be0eb82ce92545f259a7f66ab992bd7ee,src/sw/redis++/cmd_formatter.h,128,135,function,del_range,8,"{""bitfield"": false, ""branch_complexity_proxy"": 0, ""c_array"": false, ""call_count"": 4, ""callback"": false, ""calloc"": false, ""conditional_compilation"": true, ""explicit_abi_boundary"": false, ""extern_declaration"": false, ""extern_or_abi_boundary"": false, ""flexible_array"": false, ""free"": false, ""function_pointer"": false, ""generated_source"": false, ""global_read"": false, ""global_write"": false, ""goto"": false, ""lexical_ambiguity"": false, ""longjmp"": false, ""macro_density"": 0.0, ""macro_generated_declaration"": false, ""macro_use"": false, ""malloc"": false, ""memcpy"": false, ""memmove"": false, ""memset"": false, ""mutable_global"": false, ""parameter_count"": 2, ""platform_specific"": false, ""pointer_arithmetic"": false, ""pointer_count"": 0, ""pointer_to_pointer"": false, ""raw_pointer_parameter"": false, ""raw_pointer_return"": false, ""realloc"": false, ""setjmp"": false, ""static_local"": false, ""syscall"": false, ""third_party"": false, ""union"": false, ""va_list"": false, ""variadic"": false, ""void_pointer"": false}",TRIVIAL,no_significant_detected_blocker,"[""conditional_compilation""]",medium
2,redis-plus-plus,397f9c7be0eb82ce92545f259a7f66ab992bd7ee,src/sw/redis++/cmd_formatter.h,137,139,function,exists,3,"{""bitfield"": false, ""branch_complexity_proxy"": 0, ""c_array"": false, ""call_count"": 4, ""callback"": false, ""calloc"": false, ""conditional_compilation"": true, ""explicit_abi_boundary"": false, ""extern_declaration"": false, ""extern_or_abi_boundary"": false, ""flexible_array"": false, ""free"": false, ""function_pointer"": false, ""generated_source"": false, ""global_read"": false, ""global_write"": false, ""goto"": false, ""lexical_ambiguity"": false, ""longjmp"": false, ""macro_density"": 0.0, ""macro_generated_declaration"": false, ""macro_use"": false, ""malloc"": false, ""memcpy"": false, ""memmove"": false, ""memset"": false, ""mutable_global"": false, ""parameter_count"": 1, ""platform_specific"": false, ""pointer_arithmetic"": false, ""pointer_count"": 0, ""pointer_to_pointer"": false, ""raw_pointer_parameter"": false, ""raw_pointer_return"": false, ""realloc"": false, ""setjmp"": false, ""static_local"": false, ""syscall"": false, ""third_party"": false, ""union"": false, ""va_list"": false, ""variadic"": false, ""void_pointer"": false}",TRIVIAL,no_significant_detected_blocker,"[""conditional_compilation""]",medium
2,redis-plus-plus,397f9c7be0eb82ce92545f259a7f66ab992bd7ee,src/sw/redis++/cmd_formatter.h,142,149,function,exists_range,8,"{""bitfield"": false, ""branch_complexity_proxy"": 0, ""c_array"": false, ""call_count"": 4, ""callback"": false, ""calloc"": false, ""conditional_compilation"": true, ""explicit_abi_boundary"": false, ""extern_declaration"": false, ""extern_or_abi_boundary"": false, ""flexible_array"": false, ""free"": false, ""function_pointer"": false, ""generated_source"": false, ""global_read"": false, ""global_write"": false, ""goto"": false, ""lexical_ambiguity"": false, ""longjmp"": false, ""macro_density"": 0.0, ""macro_generated_declaration"": false, ""macro_use"": false, ""malloc"": false, ""memcpy"": false, ""memmove"": false, ""memset"": false, ""mutable_global"": false, ""parameter_count"": 2, ""platform_specific"": false, ""pointer_arithmetic"": false, ""pointer_count"": 0, ""pointer_to_pointer"": false, ""raw_pointer_parameter"": false, ""raw_pointer_return"": false, ""realloc"": false, ""setjmp"": false, ""static_local"": false, ""syscall"": false, ""third_party"": false, ""union"": false, ""va_list"": false, ""variadic"": false, ""void_pointer"": false}",TRIVIAL,no_significant_detected_blocker,"[""conditional_compilation""]",medium
2,redis-plus-plus,397f9c7be0eb82ce92545f259a7f66ab992bd7ee,src/sw/redis++/cmd_formatter.h,151,153,function,expire,3,"{""bitfield"": false, ""branch_complexity_proxy"": 0, ""c_array"": false, ""call_count"": 5, ""callback"": false, ""calloc"": false, ""conditional_compilation"": true, ""explicit_abi_boundary"": false, ""extern_declaration"": false, ""extern_or_abi_boundary"": false, ""flexible_array"": false, ""free"": false, ""function_pointer"": false, ""generated_source"": false, ""global_read"": false, ""global_write"": false, ""goto"": false, ""lexical_ambiguity"": false, ""longjmp"": false, ""macro_density"": 0.0, ""macro_generated_declaration"": false, ""macro_use"": false, ""malloc"": false, ""memcpy"": false, ""memmove"": false, ""memset"": false, ""mutable_global"": false, ""parameter_count"": 2, ""platform_specific"": false, ""pointer_arithmetic"": false, ""pointer_count"": 0, ""pointer_to_pointer"": false, ""raw_pointer_parameter"": false, ""raw_pointer_return"": false, ""realloc"": false, ""setjmp"": false, ""static_local"": false, ""syscall"": false, ""third_party"": false, ""union"": false, ""va_list"": false, ""variadic"": false, ""void_pointer"": false}",TRIVIAL,no_significant_detected_blocker,"[""conditional_compilation""]",medium
2,redis-plus-plus,397f9c7be0eb82ce92545f259a7f66ab992bd7ee,src/sw/redis++/cmd_formatter.h,155,159,function,expireat,5,"{""bitfield"": false, ""branch_complexity_proxy"": 0, ""c_array"": false, ""call_count"": 6, ""callback"": false, ""calloc"": false, ""conditional_compilation"": true, ""explicit_abi_boundary"": false, ""extern_declaration"": false, ""extern_or_abi_boundary"": false, ""flexible_array"": false, ""free"": false, ""function_pointer"": false, ""generated_source"": false, ""global_read"": false, ""global_write"": false, ""goto"": false, ""lexical_ambiguity"": false, ""longjmp"": false, ""macro_density"": 0.0, ""macro_generated_declaration"": false, ""macro_use"": false, ""malloc"": false, ""memcpy"": false, ""memmove"": false, ""memset"": false, ""mutable_global"": false, ""parameter_count"": 3, ""platform_specific"": false, ""pointer_arithmetic"": false, ""pointer_count"": 0, ""pointer_to_pointer"": false, ""raw_pointer_parameter"": false, ""raw_pointer_return"": false, ""realloc"": false, ""setjmp"": false, ""static_local"": false, ""syscall"": false, ""third_party"": false, ""union"": false, ""va_list"": false, ""variadic"": false, ""void_pointer"": false}",TRIVIAL,no_significant_detected_blocker,"[""conditional_compilation""]",medium
2,redis-plus-plus,397f9c7be0eb82ce92545f259a7f66ab992bd7ee,src/sw/redis++/cmd_formatter.h,161,164,function,pexpire,4,"{""bitfield"": false, ""branch_complexity_proxy"": 0, ""c_array"": false, ""call_count"": 5, ""callback"": false, ""calloc"": false, ""conditional_compilation"": true, ""explicit_abi_boundary"": false, ""extern_declaration"": false, ""extern_or_abi_boundary"": false, ""flexible_array"": false, ""free"": false, ""function_pointer"": false, ""generated_source"": false, ""global_read"": false, ""global_write"": false, ""goto"": false, ""lexical_ambiguity"": false, ""longjmp"": false, ""macro_density"": 0.0, ""macro_generated_declaration"": false, ""macro_use"": false, ""malloc"": false, ""memcpy"": false, ""memmove"": false, ""memset"": false, ""mutable_global"": false, ""parameter_count"": 2, ""platform_specific"": false, ""pointer_arithmetic"": false, ""pointer_count"": 0, ""pointer_to_pointer"": false, ""raw_pointer_parameter"": false, ""raw_pointer_return"": false, ""realloc"": false, ""setjmp"": false, ""static_local"": false, ""syscall"": false, ""third_party"": false, ""union"": false, ""va_list"": false, ""variadic"": false, ""void_pointer"": false}",TRIVIAL,no_significant_detected_blocker,"[""conditional_compilation""]",medium
2,redis-plus-plus,397f9c7be0eb82ce92545f259a7f66ab992bd7ee,src/sw/redis++/cmd_formatter.h,166,170,function,pexpireat,5,"{""bitfield"": false, ""branch_complexity_proxy"": 0, ""c_array"": false, ""call_count"": 6, ""callback"": false, ""calloc"": false, ""conditional_compilation"": true, ""explicit_abi_boundary"": false, ""extern_declaration"": false, ""extern_or_abi_boundary"": false, ""flexible_array"": false, ""free"": false, ""function_pointer"": false, ""generated_source"": false, ""global_read"": false, ""global_write"": false, ""goto"": false, ""lexical_ambiguity"": false, ""longjmp"": false, ""macro_density"": 0.0, ""macro_generated_declaration"": false, ""macro_use"": false, ""malloc"": false, ""memcpy"": false, ""memmove"": false, ""memset"": false, ""mutable_global"": false, ""parameter_count"": 3, ""platform_specific"": false, ""pointer_arithmetic"": false, ""pointer_count"": 0, ""pointer_to_pointer"": false, ""raw_pointer_parameter"": false, ""raw_pointer_return"": false, ""realloc"": false, ""setjmp"": false, ""static_local"": false, ""syscall"": false, ""third_party"": false, ""union"": false, ""va_list"": false, ""variadic"": false, ""void_pointer"": false}",TRIVIAL,no_significant_detected_blocker,"[""conditional_compilation""]",medium
2,redis-plus-plus,397f9c7be0eb82ce92545f259a7f66ab992bd7ee,src/sw/redis++/cmd_formatter.h,172,174,function,pttl,3,"{""bitfield"": false, ""branch_complexity_proxy"": 0, ""c_array"": false, ""call_count"": 4, ""callback"": false, ""calloc"": false, ""conditional_compilation"": true, ""explicit_abi_boundary"": false, ""extern_declaration"": false, ""extern_or_abi_boundary"": false, ""flexible_array"": false, ""free"": false, ""function_pointer"": false, ""generated_source"": false, ""global_read"": false, ""global_write"": false, ""goto"": false, ""lexical_ambiguity"": false, ""longjmp"": false, ""macro_density"": 0.0, ""macro_generated_declaration"": false, ""macro_use"": false, ""malloc"": false, ""memcpy"": false, ""memmove"": false, ""memset"": false, ""mutable_global"": false, ""parameter_count"": 1, ""platform_specific"": false, ""pointer_arithmetic"": false, ""pointer_count"": 0, ""pointer_to_pointer"": false, ""raw_pointer_parameter"": false, ""raw_pointer_return"": false, ""realloc"": false, ""setjmp"": false, ""static_local"": false, ""syscall"": false, ""third_party"": false, ""union"": false, ""va_list"": false, ""variadic"": false, ""void_pointer"": false}",TRIVIAL,no_significant_detected_blocker,"[""conditional_compilation""]",medium
2,redis-plus-plus,397f9c7be0eb82ce92545f259a7f66ab992bd7ee,src/sw/redis++/cmd_formatter.h,176,178,function,rename,3,"{""bitfield"": false, ""branch_complexity_proxy"": 0, ""c_array"": false, ""call_count"": 6, ""callback"": false, ""calloc"": false, ""conditional_compilation"": true, ""explicit_abi_boundary"": false, ""extern_declaration"": false, ""extern_or_abi_boundary"": false, ""flexible_array"": false, ""free"": false, ""function_pointer"": false, ""generated_source"": false, ""global_read"": false, ""global_write"": false, ""goto"": false, ""lexical_ambiguity"": false, ""longjmp"": false, ""macro_density"": 0.0, ""macro_generated_declaration"": false, ""macro_use"": false, ""malloc"": false, ""memcpy"": false, ""memmove"": false, ""memset"": false, ""mutable_global"": false, ""parameter_count"": 2, ""platform_specific"": false, ""pointer_arithmetic"": false, ""pointer_count"": 0, ""pointer_to_pointer"": false, ""raw_pointer_parameter"": false, ""raw_pointer_return"": false, ""realloc"": false, ""setjmp"": false, ""static_local"": false, ""syscall"": false, ""third_party"": false, ""union"": false, ""va_list"": false, ""variadic"": false, ""void_pointer"": false}",TRIVIAL,no_significant_detected_blocker,"[""conditional_compilation""]",medium
2,redis-plus-plus,397f9c7be0eb82ce92545f259a7f66ab992bd7ee,src/sw/redis++/cmd_formatter.h,180,182,function,renamenx,3,"{""bitfield"": false, ""branch_complexity_proxy"": 0, ""c_array"": false, ""call_count"": 6, ""callback"": false, ""calloc"": false, ""conditional_compilation"": true, ""explicit_abi_boundary"": false, ""extern_declaration"": false, ""extern_or_abi_boundary"": false, ""flexible_array"": false, ""free"": false, ""function_pointer"": false, ""generated_source"": false, ""global_read"": false, ""global_write"": false, ""goto"": false, ""lexical_ambiguity"": false, ""longjmp"": false, ""macro_density"": 0.0, ""macro_generated_declaration"": false, ""macro_use"": false, ""malloc"": false, ""memcpy"": false, ""memmove"": false, ""memset"": false, ""mutable_global"": false, ""parameter_count"": 2, ""platform_specific"": false, ""pointer_arithmetic"": false, ""pointer_count"": 0, ""pointer_to_pointer"": false, ""raw_pointer_parameter"": false, ""raw_pointer_return"": false, ""realloc"": false, ""setjmp"": false, ""static_local"": false, ""syscall"": false, ""third_party"": false, ""union"": false, ""va_list"": false, ""variadic"": false, ""void_pointer"": false}",TRIVIAL,no_significant_detected_blocker,"[""conditional_compilation""]",medium
2,redis-plus-plus,397f9c7be0eb82ce92545f259a7f66ab992bd7ee,src/sw/redis++/cmd_formatter.h,184,186,function,ttl,3,"{""bitfield"": false, ""branch_complexity_proxy"": 0, ""c_array"": false, ""call_count"": 4, ""callback"": false, ""calloc"": false, ""conditional_compilation"": true, ""explicit_abi_boundary"": false, ""extern_declaration"": false, ""extern_or_abi_boundary"": false, ""flexible_array"": false, ""free"": false, ""function_pointer"": false, ""generated_source"": false, ""global_read"": false, ""global_write"": false, ""goto"": false, ""lexical_ambiguity"": false, ""longjmp"": false, ""macro_density"": 0.0, ""macro_generated_declaration"": false, ""macro_use"": false, ""malloc"": false, ""memcpy"": false, ""memmove"": false, ""memset"": false, ""mutable_global"": false, ""parameter_count"": 1, ""platform_specific"": false, ""pointer_arithmetic"": false, ""pointer_count"": 0, ""pointer_to_pointer"": false, ""raw_pointer_parameter"": false, ""raw_pointer_return"": false, ""realloc"": false, ""setjmp"": false, ""static_local"": false, ""syscall"": false, ""third_party"": false, ""union"": false, ""va_list"": false, ""variadic"": false, ""void_pointer"": false}",TRIVIAL,no_significant_detected_blocker,"[""conditional_compilation""]",medium
2,redis-plus-plus,397f9c7be0eb82ce92545f259a7f66ab992bd7ee,src/sw/redis++/cmd_formatter.h,188,190,function,unlink,3,"{""bitfield"": false, ""branch_complexity_proxy"": 0, ""c_array"": false, ""call_count"": 4, ""callback"": false, ""calloc"": false, ""conditional_compilation"": true, ""explicit_abi_boundary"": false, ""extern_declaration"": false, ""extern_or_abi_boundary"": false, ""flexible_array"": false, ""free"": false, ""function_pointer"": false, ""generated_source"": false, ""global_read"": false, ""global_write"": false, ""goto"": false, ""lexical_ambiguity"": false, ""longjmp"": false, ""macro_density"": 0.0, ""macro_generated_declaration"": false, ""macro_use"": false, ""malloc"": false, ""memcpy"": false, ""memmove"": false, ""memset"": false, ""mutable_global"": false, ""parameter_count"": 1, ""platform_specific"": false, ""pointer_arithmetic"": false, ""pointer_count"": 0, ""pointer_to_pointer"": false, ""raw_pointer_parameter"": false, ""raw_pointer_return"": false, ""realloc"": false, ""setjmp"": false, ""static_local"": false, ""syscall"": false, ""third_party"": false, ""union"": false, ""va_list"": false, ""variadic"": false, ""void_pointer"": false}",TRIVIAL,no_significant_detected_blocker,"[""conditional_compilation""]",medium
2,redis-plus-plus,397f9c7be0eb82ce92545f259a7f66ab992bd7ee,src/sw/redis++/cmd_formatter.h,193,198,function,unlink_range,6,"{""bitfield"": false, ""branch_complexity_proxy"": 0, ""c_array"": false, ""call_count"": 3, ""callback"": false, ""calloc"": false, ""conditional_compilation"": true, ""explicit_abi_boundary"": false, ""extern_declaration"": false, ""extern_or_abi_boundary"": false, ""flexible_array"": false, ""free"": false, ""function_pointer"": false, ""generated_source"": false, ""global_read"": false, ""global_write"": false, ""goto"": false, ""lexical_ambiguity"": false, ""longjmp"": false, ""macro_density"": 0.0, ""macro_generated_declaration"": false, ""macro_use"": false, ""malloc"": false, ""memcpy"": false, ""memmove"": false, ""memset"": false, ""mutable_global"": false, ""parameter_count"": 2, ""platform_specific"": false, ""pointer_arithmetic"": false, ""pointer_count"": 0, ""pointer_to_pointer"": false, ""raw_pointer_parameter"": false, ""raw_pointer_return"": false, ""realloc"": false, ""setjmp"": false, ""static_local"": false, ""syscall"": false, ""third_party"": false, ""union"": false, ""va_list"": false, ""variadic"": false, ""void_pointer"": false}",TRIVIAL,no_significant_detected_blocker,"[""conditional_compilation""]",medium
2,redis-plus-plus,397f9c7be0eb82ce92545f259a7f66ab992bd7ee,src/sw/redis++/cmd_formatter.h,202,206,function,append,5,"{""bitfield"": false, ""branch_complexity_proxy"": 0, ""c_array"": false, ""call_count"": 6, ""callback"": false, ""calloc"": false, ""conditional_compilation"": true, ""explicit_abi_boundary"": false, ""extern_declaration"": false, ""extern_or_abi_boundary"": false, ""flexible_array"": false, ""free"": false, ""function_pointer"": false, ""generated_source"": false, ""global_read"": false, ""global_write"": false, ""goto"": false, ""lexical_ambiguity"": false, ""longjmp"": false, ""macro_density"": 0.0, ""macro_generated_declaration"": false, ""macro_use"": false, ""malloc"": false, ""memcpy"": false, ""memmove"": false, ""memset"": false, ""mutable_global"": false, ""parameter_count"": 2, ""platform_specific"": false, ""pointer_arithmetic"": false, ""pointer_count"": 0, ""pointer_to_pointer"": false, ""raw_pointer_parameter"": false, ""raw_pointer_return"": false, ""realloc"": false, ""setjmp"": false, ""static_local"": false, ""syscall"": false, ""third_party"": false, ""union"": false, ""va_list"": false, ""variadic"": false, ""void_pointer"": false}",TRIVIAL,no_significant_detected_blocker,"[""conditional_compilation""]",medium
2,redis-plus-plus,397f9c7be0eb82ce92545f259a7f66ab992bd7ee,src/sw/redis++/cmd_formatter.h,208,210,function,get,3,"{""bitfield"": false, ""branch_complexity_proxy"": 0, ""c_array"": false, ""call_count"": 4, ""callback"": false, ""calloc"": false, ""conditional_compilation"": true, ""explicit_abi_boundary"": false, ""extern_declaration"": false, ""extern_or_abi_boundary"": false, ""flexible_array"": false, ""free"": false, ""function_pointer"": false, ""generated_source"": false, ""global_read"": false, ""global_write"": false, ""goto"": false, ""lexical_ambiguity"": false, ""longjmp"": false, ""macro_density"": 0.0, ""macro_generated_declaration"": false, ""macro_use"": false, ""malloc"": false, ""memcpy"": false, ""memmove"": false, ""memset"": false, ""mutable_global"": false, ""parameter_count"": 1, ""platform_specific"": false, ""pointer_arithmetic"": false, ""pointer_count"": 0, ""pointer_to_pointer"": false, ""raw_pointer_parameter"": false, ""raw_pointer_return"": false, ""realloc"": false, ""setjmp"": false, ""static_local"": false, ""syscall"": false, ""third_party"": false, ""union"": false, ""va_list"": false, ""variadic"": false, ""void_pointer"": false}",TRIVIAL,no_significant_detected_blocker,"[""conditional_compilation""]",medium
2,redis-plus-plus,397f9c7be0eb82ce92545f259a7f66ab992bd7ee,src/sw/redis++/cmd_formatter.h,212,214,function,incr,3,"{""bitfield"": false, ""branch_complexity_proxy"": 0, ""c_array"": false, ""call_count"": 4, ""callback"": false, ""calloc"": false, ""conditional_compilation"": true, ""explicit_abi_boundary"": false, ""extern_declaration"": false, ""extern_or_abi_boundary"": false, ""flexible_array"": false, ""free"": false, ""function_pointer"": false, ""generated_source"": false, ""global_read"": false, ""global_write"": false, ""goto"": false, ""lexical_ambiguity"": false, ""longjmp"": false, ""macro_density"": 0.0, ""macro_generated_declaration"": false, ""macro_use"": false, ""malloc"": false, ""memcpy"": false, ""memmove"": false, ""memset"": false, ""mutable_global"": false, ""parameter_count"": 1, ""platform_specific"": false, ""pointer_arithmetic"": false, ""pointer_count"": 0, ""pointer_to_pointer"": false, ""raw_pointer_parameter"": false, ""raw_pointer_return"": false, ""realloc"": false, ""setjmp"": false, ""static_local"": false, ""syscall"": false, ""third_party"": false, ""union"": false, ""va_list"": false, ""variadic"": false, ""void_pointer"": false}",TRIVIAL,no_significant_detected_blocker,"[""conditional_compilation""]",medium
2,redis-plus-plus,397f9c7be0eb82ce92545f259a7f66ab992bd7ee,src/sw/redis++/cmd_formatter.h,216,218,function,incrby,3,"{""bitfield"": false, ""branch_complexity_proxy"": 0, ""c_array"": false, ""call_count"": 4, ""callback"": false, ""calloc"": false, ""conditional_compilation"": true, ""explicit_abi_boundary"": false, ""extern_declaration"": false, ""extern_or_abi_boundary"": false, ""flexible_array"": false, ""free"": false, ""function_pointer"": false, ""generated_source"": false, ""global_read"": false, ""global_write"": false, ""goto"": false, ""lexical_ambiguity"": false, ""longjmp"": false, ""macro_density"": 0.0, ""macro_generated_declaration"": false, ""macro_use"": false, ""malloc"": false, ""memcpy"": false, ""memmove"": false, ""memset"": false, ""mutable_global"": false, ""parameter_count"": 2, ""platform_specific"": false, ""pointer_arithmetic"": false, ""pointer_count"": 0, ""pointer_to_pointer"": false, ""raw_pointer_parameter"": false, ""raw_pointer_return"": false, ""realloc"": false, ""setjmp"": false, ""static_local"": false, ""syscall"": false, ""third_party"": false, ""union"": false, ""va_list"": false, ""variadic"": false, ""void_pointer"": false}",TRIVIAL,no_significant_detected_blocker,"[""conditional_compilation""]",medium
2,redis-plus-plus,397f9c7be0eb82ce92545f259a7f66ab992bd7ee,src/sw/redis++/cmd_formatter.h,220,222,function,incrbyfloat,3,"{""bitfield"": false, ""branch_complexity_proxy"": 0, ""c_array"": false, ""call_count"": 4, ""callback"": false, ""calloc"": false, ""conditional_compilation"": true, ""explicit_abi_boundary"": false, ""extern_declaration"": false, ""extern_or_abi_boundary"": false, ""flexible_array"": false, ""free"": false, ""function_pointer"": false, ""generated_source"": false, ""global_read"": false, ""global_write"": false, ""goto"": false, ""lexical_ambiguity"": false, ""longjmp"": false, ""macro_density"": 0.0, ""macro_generated_declaration"": false, ""macro_use"": false, ""malloc"": false, ""memcpy"": false, ""memmove"": false, ""memset"": false, ""mutable_global"": false, ""parameter_count"": 2, ""platform_specific"": false, ""pointer_arithmetic"": false, ""pointer_count"": 0, ""pointer_to_pointer"": false, ""raw_pointer_parameter"": false, ""raw_pointer_return"": false, ""realloc"": false, ""setjmp"": false, ""static_local"": false, ""syscall"": false, ""third_party"": false, ""union"": false, ""va_list"": false, ""variadic"": false, ""void_pointer"": false}",TRIVIAL,no_significant_detected_blocker,"[""conditional_compilation""]",medium
2,redis-plus-plus,397f9c7be0eb82ce92545f259a7f66ab992bd7ee,src/sw/redis++/cmd_formatter.h,225,230,function,mget,6,"{""bitfield"": false, ""branch_complexity_proxy"": 0, ""c_array"": false, ""call_count"": 3, ""callback"": false, ""calloc"": false, ""conditional_compilation"": true, ""explicit_abi_boundary"": false, ""extern_declaration"": false, ""extern_or_abi_boundary"": false, ""flexible_array"": false, ""free"": false, ""function_pointer"": false, ""generated_source"": false, ""global_read"": false, ""global_write"": false, ""goto"": false, ""lexical_ambiguity"": false, ""longjmp"": false, ""macro_density"": 0.0, ""macro_generated_declaration"": false, ""macro_use"": false, ""malloc"": false, ""memcpy"": false, ""memmove"": false, ""memset"": false, ""mutable_global"": false, ""parameter_count"": 2, ""platform_specific"": false, ""pointer_arithmetic"": false, ""pointer_count"": 0, ""pointer_to_pointer"": false, ""raw_pointer_parameter"": false, ""raw_pointer_return"": false, ""realloc"": false, ""setjmp"": false, ""static_local"": false, ""syscall"": false, ""third_party"": false, ""union"": false, ""va_list"": false, ""variadic"": false, ""void_pointer"": false}",TRIVIAL,no_significant_detected_blocker,"[""conditional_compilation""]",medium
2,redis-plus-plus,397f9c7be0eb82ce92545f259a7f66ab992bd7ee,src/sw/redis++/cmd_formatter.h,233,238,function,mset,6,"{""bitfield"": false, ""branch_complexity_proxy"": 0, ""c_array"": false, ""call_count"": 3, ""callback"": false, ""calloc"": false, ""conditional_compilation"": true, ""explicit_abi_boundary"": false, ""extern_declaration"": false, ""extern_or_abi_boundary"": false, ""flexible_array"": false, ""free"": false, ""function_pointer"": false, ""generated_source"": false, ""global_read"": false, ""global_write"": false, ""goto"": false, ""lexical_ambiguity"": false, ""longjmp"": false, ""macro_density"": 0.0, ""macro_generated_declaration"": false, ""macro_use"": false, ""malloc"": false, ""memcpy"": false, ""memmove"": false, ""memset"": false, ""mutable_global"": false, ""parameter_count"": 2, ""platform_specific"": false, ""pointer_arithmetic"": false, ""pointer_count"": 0, ""pointer_to_pointer"": false, ""raw_pointer_parameter"": false, ""raw_pointer_return"": false, ""realloc"": false, ""setjmp"": false, ""static_local"": false, ""syscall"": false, ""third_party"": false, ""union"": false, ""va_list"": false, ""variadic"": false, ""void_pointer"": false}",TRIVIAL,no_significant_detected_blocker,"[""conditional_compilation""]",medium
2,redis-plus-plus,397f9c7be0eb82ce92545f259a7f66ab992bd7ee,src/sw/redis++/cmd_formatter.h,241,246,function,msetnx,6,"{""bitfield"": false, ""branch_complexity_proxy"": 0, ""c_array"": false, ""call_count"": 3, ""callback"": false, ""calloc"": false, ""conditional_compilation"": true, ""explicit_abi_boundary"": false, ""extern_declaration"": false, ""extern_or_abi_boundary"": false, ""flexible_array"": false, ""free"": false, ""function_pointer"": false, ""generated_source"": false, ""global_read"": false, ""global_write"": false, ""goto"": false, ""lexical_ambiguity"": false, ""longjmp"": false, ""macro_density"": 0.0, ""macro_generated_declaration"": false, ""macro_use"": false, ""malloc"": false, ""memcpy"": false, ""memmove"": false, ""memset"": false, ""mutable_global"": false, ""parameter_count"": 2, ""platform_specific"": false, ""pointer_arithmetic"": false, ""pointer_count"": 0, ""pointer_to_pointer"": false, ""raw_pointer_parameter"": false, ""raw_pointer_return"": false, ""realloc"": false, ""setjmp"": false, ""static_local"": false, ""syscall"": false, ""third_party"": false, ""union"": false, ""va_list"": false, ""variadic"": false, ""void_pointer"": false}",TRIVIAL,no_significant_detected_blocker,"[""conditional_compilation""]",medium
2,redis-plus-plus,397f9c7be0eb82ce92545f259a7f66ab992bd7ee,src/sw/redis++/cmd_formatter.h,248,262,function,set,15,"{""bitfield"": false, ""branch_complexity_proxy"": 1, ""c_array"": false, ""call_count"": 6, ""callback"": false, ""calloc"": false, ""conditional_compilation"": true, ""explicit_abi_boundary"": false, ""extern_declaration"": false, ""extern_or_abi_boundary"": false, ""flexible_array"": false, ""free"": false, ""function_pointer"": false, ""generated_source"": false, ""global_read"": false, ""global_write"": false, ""goto"": false, ""lexical_ambiguity"": false, ""longjmp"": false, ""macro_density"": 0.0, ""macro_generated_declaration"": false, ""macro_use"": false, ""malloc"": false, ""memcpy"": false, ""memmove"": false, ""memset"": false, ""mutable_global"": false, ""parameter_count"": 4, ""platform_specific"": false, ""pointer_arithmetic"": false, ""pointer_count"": 0, ""pointer_to_pointer"": false, ""raw_pointer_parameter"": false, ""raw_pointer_return"": false, ""realloc"": false, ""setjmp"": false, ""static_local"": false, ""syscall"": false, ""third_party"": false, ""union"": false, ""va_list"": false, ""variadic"": false, ""void_pointer"": false}",TRIVIAL,no_significant_detected_blocker,"[""conditional_compilation""]",medium
2,redis-plus-plus,397f9c7be0eb82ce92545f259a7f66ab992bd7ee,src/sw/redis++/cmd_formatter.h,264,278,function,set_keepttl,15,"{""bitfield"": false, ""branch_complexity_proxy"": 1, ""c_array"": false, ""call_count"": 4, ""callback"": false, ""calloc"": false, ""conditional_compilation"": true, ""explicit_abi_boundary"": false, ""extern_declaration"": false, ""extern_or_abi_boundary"": false, ""flexible_array"": false, ""free"": false, ""function_pointer"": false, ""generated_source"": false, ""global_read"": false, ""global_write"": false, ""goto"": false, ""lexical_ambiguity"": false, ""longjmp"": false, ""macro_density"": 0.0, ""macro_generated_declaration"": false, ""macro_use"": false, ""malloc"": false, ""memcpy"": false, ""memmove"": false, ""memset"": false, ""mutable_global"": false, ""parameter_count"": 4, ""platform_specific"": false, ""pointer_arithmetic"": false, ""pointer_count"": 0, ""pointer_to_pointer"": false, ""raw_pointer_parameter"": false, ""raw_pointer_return"": false, ""realloc"": false, ""setjmp"": false, ""static_local"": false, ""syscall"": false, ""third_party"": false, ""union"": false, ""va_list"": false, ""variadic"": false, ""void_pointer"": false}",TRIVIAL,no_significant_detected_blocker,"[""conditional_compilation""]",medium
2,redis-plus-plus,397f9c7be0eb82ce92545f259a7f66ab992bd7ee,src/sw/redis++/cmd_formatter.h,280,294,function,set_with_get_option,15,"{""bitfield"": false, ""branch_complexity_proxy"": 1, ""c_array"": false, ""call_count"": 6, ""callback"": false, ""calloc"": false, ""conditional_compilation"": true, ""explicit_abi_boundary"": false, ""extern_declaration"": false, ""extern_or_abi_boundary"": false, ""flexible_array"": false, ""free"": false, ""function_pointer"": false, ""generated_source"": false, ""global_read"": false, ""global_write"": false, ""goto"": false, ""lexical_ambiguity"": false, ""longjmp"": false, ""macro_density"": 0.0, ""macro_generated_declaration"": false, ""macro_use"": false, ""malloc"": false, ""memcpy"": false, ""memmove"": false, ""memset"": false, ""mutable_global"": false, ""parameter_count"": 4, ""platform_specific"": false, ""pointer_arithmetic"": false, ""pointer_count"": 0, ""pointer_to_pointer"": false, ""raw_pointer_parameter"": false, ""raw_pointer_return"": false, ""realloc"": false, ""setjmp"": false, ""static_local"": false, ""syscall"": false, ""third_party"": false, ""union"": false, ""va_list"": false, ""variadic"": false, ""void_pointer"": false}",TRIVIAL,no_significant_detected_blocker,"[""conditional_compilation""]",medium
2,redis-plus-plus,397f9c7be0eb82ce92545f259a7f66ab992bd7ee,src/sw/redis++/cmd_formatter.h,296,310,function,set_with_get_keepttl_option,15,"{""bitfield"": false, ""branch_complexity_proxy"": 1, ""c_array"": false, ""call_count"": 4, ""callback"": false, ""calloc"": false, ""conditional_compilation"": true, ""explicit_abi_boundary"": false, ""extern_declaration"": false, ""extern_or_abi_boundary"": false, ""flexible_array"": false, ""free"": false, ""function_pointer"": false, ""generated_source"": false, ""global_read"": false, ""global_write"": false, ""goto"": false, ""lexical_ambiguity"": false, ""longjmp"": false, ""macro_density"": 0.0, ""macro_generated_declaration"": false, ""macro_use"": false, ""malloc"": false, ""memcpy"": false, ""memmove"": false, ""memset"": false, ""mutable_global"": false, ""parameter_count"": 4, ""platform_specific"": false, ""pointer_arithmetic"": false, ""pointer_count"": 0, ""pointer_to_pointer"": false, ""raw_pointer_parameter"": false, ""raw_pointer_return"": false, ""realloc"": false, ""setjmp"": false, ""static_local"": false, ""syscall"": false, ""third_party"": false, ""union"": false, ""va_list"": false, ""variadic"": false, ""void_pointer"": false}",TRIVIAL,no_significant_detected_blocker,"[""conditional_compilation""]",medium
2,redis-plus-plus,397f9c7be0eb82ce92545f259a7f66ab992bd7ee,src/sw/redis++/cmd_formatter.h,312,314,function,strlen,3,"{""bitfield"": false, ""branch_complexity_proxy"": 0, ""c_array"": false, ""call_count"": 4, ""callback"": false, ""calloc"": false, ""conditional_compilation"": true, ""explicit_abi_boundary"": false, ""extern_declaration"": false, ""extern_or_abi_boundary"": false, ""flexible_array"": false, ""free"": false, ""function_pointer"": false, ""generated_source"": false, ""global_read"": false, ""global_write"": false, ""goto"": false, ""lexical_ambiguity"": false, ""longjmp"": false, ""macro_density"": 0.0, ""macro_generated_declaration"": false, ""macro_use"": false, ""malloc"": false, ""memcpy"": false, ""memmove"": false, ""memset"": false, ""mutable_global"": false, ""parameter_count"": 1, ""platform_specific"": false, ""pointer_arithmetic"": false, ""pointer_count"": 0, ""pointer_to_pointer"": false, ""raw_pointer_parameter"": false, ""raw_pointer_return"": false, ""realloc"": false, ""setjmp"": false, ""static_local"": false, ""syscall"": false, ""third_party"": false, ""union"": false, ""va_list"": false, ""variadic"": false, ""void_pointer"": false}",TRIVIAL,no_significant_detected_blocker,"[""conditional_compilation""]",medium
2,redis-plus-plus,397f9c7be0eb82ce92545f259a7f66ab992bd7ee,src/sw/redis++/cmd_formatter.h,316,318,function,blpop,3,"{""bitfield"": false, ""branch_complexity_proxy"": 0, ""c_array"": false, ""call_count"": 5, ""callback"": false, ""calloc"": false, ""conditional_compilation"": true, ""explicit_abi_boundary"": false, ""extern_declaration"": false, ""extern_or_abi_boundary"": false, ""flexible_array"": false, ""free"": false, ""function_pointer"": false, ""generated_source"": false, ""global_read"": false, ""global_write"": false, ""goto"": false, ""lexical_ambiguity"": false, ""longjmp"": false, ""macro_density"": 0.0, ""macro_generated_declaration"": false, ""macro_use"": false, ""malloc"": false, ""memcpy"": false, ""memmove"": false, ""memset"": false, ""mutable_global"": false, ""parameter_count"": 2, ""platform_specific"": false, ""pointer_arithmetic"": false, ""pointer_count"": 0, ""pointer_to_pointer"": false, ""raw_pointer_parameter"": false, ""raw_pointer_return"": false, ""realloc"": false, ""setjmp"": false, ""static_local"": false, ""syscall"": false, ""third_party"": false, ""union"": false, ""va_list"": false, ""variadic"": false, ""void_pointer"": false}",TRIVIAL,no_significant_detected_blocker,"[""conditional_compilation""]",medium
2,redis-plus-plus,397f9c7be0eb82ce92545f259a7f66ab992bd7ee,src/sw/redis++/cmd_formatter.h,321,328,function,blpop_range,8,"{""bitfield"": false, ""branch_complexity_proxy"": 0, ""c_array"": false, ""call_count"": 5, ""callback"": false, ""calloc"": false, ""conditional_compilation"": true, ""explicit_abi_boundary"": false, ""extern_declaration"": false, ""extern_or_abi_boundary"": false, ""flexible_array"": false, ""free"": false, ""function_pointer"": false, ""generated_source"": false, ""global_read"": false, ""global_write"": false, ""goto"": false, ""lexical_ambiguity"": false, ""longjmp"": false, ""macro_density"": 0.0, ""macro_generated_declaration"": false, ""macro_use"": false, ""malloc"": false, ""memcpy"": false, ""memmove"": false, ""memset"": false, ""mutable_global"": false, ""parameter_count"": 3, ""platform_specific"": false, ""pointer_arithmetic"": false, ""pointer_count"": 0, ""pointer_to_pointer"": false, ""raw_pointer_parameter"": false, ""raw_pointer_return"": false, ""realloc"": false, ""setjmp"": false, ""static_local"": false, ""syscall"": false, ""third_party"": false, ""union"": false, ""va_list"": false, ""variadic"": false, ""void_pointer"": false}",TRIVIAL,no_significant_detected_blocker,"[""conditional_compilation""]",medium
2,redis-plus-plus,397f9c7be0eb82ce92545f259a7f66ab992bd7ee,src/sw/redis++/cmd_formatter.h,330,332,function,brpop,3,"{""bitfield"": false, ""branch_complexity_proxy"": 0, ""c_array"": false, ""call_count"": 5, ""callback"": false, ""calloc"": false, ""conditional_compilation"": true, ""explicit_abi_boundary"": false, ""extern_declaration"": false, ""extern_or_abi_boundary"": false, ""flexible_array"": false, ""free"": false, ""function_pointer"": false, ""generated_source"": false, ""global_read"": false, ""global_write"": false, ""goto"": false, ""lexical_ambiguity"": false, ""longjmp"": false, ""macro_density"": 0.0, ""macro_generated_declaration"": false, ""macro_use"": false, ""malloc"": false, ""memcpy"": false, ""memmove"": false, ""memset"": false, ""mutable_global"": false, ""parameter_count"": 2, ""platform_specific"": false, ""pointer_arithmetic"": false, ""pointer_count"": 0, ""pointer_to_pointer"": false, ""raw_pointer_parameter"": false, ""raw_pointer_return"": false, ""realloc"": false, ""setjmp"": false, ""static_local"": false, ""syscall"": false, ""third_party"": false, ""union"": false, ""va_list"": false, ""variadic"": false, ""void_pointer"": false}",TRIVIAL,no_significant_detected_blocker,"[""conditional_compilation""]",medium
2,redis-plus-plus,397f9c7be0eb82ce92545f259a7f66ab992bd7ee,src/sw/redis++/cmd_formatter.h,336,343,function,brpop_range,8,"{""bitfield"": false, ""branch_complexity_proxy"": 0, ""c_array"": false, ""call_count"": 5, ""callback"": false, ""calloc"": false, ""conditional_compilation"": true, ""explicit_abi_boundary"": false, ""extern_declaration"": false, ""extern_or_abi_boundary"": false, ""flexible_array"": false, ""free"": false, ""function_pointer"": false, ""generated_source"": false, ""global_read"": false, ""global_write"": false, ""goto"": false, ""lexical_ambiguity"": false, ""longjmp"": false, ""macro_density"": 0.0, ""macro_generated_declaration"": false, ""macro_use"": false, ""malloc"": false, ""memcpy"": false, ""memmove"": false, ""memset"": false, ""mutable_global"": false, ""parameter_count"": 3, ""platform_specific"": false, ""pointer_arithmetic"": false, ""pointer_count"": 0, ""pointer_to_pointer"": false, ""raw_pointer_parameter"": false, ""raw_pointer_return"": false, ""realloc"": false, ""setjmp"": false, ""static_local"": false, ""syscall"": false, ""third_party"": false, ""union"": false, ""va_list"": false, ""variadic"": false, ""void_pointer"": false}",TRIVIAL,no_significant_detected_blocker,"[""conditional_compilation""]",medium
2,redis-plus-plus,397f9c7be0eb82ce92545f259a7f66ab992bd7ee,src/sw/redis++/cmd_formatter.h,345,352,function,brpoplpush,8,"{""bitfield"": false, ""branch_complexity_proxy"": 0, ""c_array"": false, ""call_count"": 7, ""callback"": false, ""calloc"": false, ""conditional_compilation"": true, ""explicit_abi_boundary"": false, ""extern_declaration"": false, ""extern_or_abi_boundary"": false, ""flexible_array"": false, ""free"": false, ""function_pointer"": false, ""generated_source"": false, ""global_read"": false, ""global_write"": false, ""goto"": false, ""lexical_ambiguity"": false, ""longjmp"": false, ""macro_density"": 0.0, ""macro_generated_declaration"": false, ""macro_use"": false, ""malloc"": false, ""memcpy"": false, ""memmove"": false, ""memset"": false, ""mutable_global"": false, ""parameter_count"": 3, ""platform_specific"": false, ""pointer_arithmetic"": false, ""pointer_count"": 0, ""pointer_to_pointer"": false, ""raw_pointer_parameter"": false, ""raw_pointer_return"": false, ""realloc"": false, ""setjmp"": false, ""static_local"": false, ""syscall"": false, ""third_party"": false, ""union"": false, ""va_list"": false, ""variadic"": false, ""void_pointer"": false}",TRIVIAL,no_significant_detected_blocker,"[""conditional_compilation""]",medium
2,redis-plus-plus,397f9c7be0eb82ce92545f259a7f66ab992bd7ee,src/sw/redis++/cmd_formatter.h,354,356,function,llen,3,"{""bitfield"": false, ""branch_complexity_proxy"": 0, ""c_array"": false, ""call_count"": 4, ""callback"": false, ""calloc"": false, ""conditional_compilation"": true, ""explicit_abi_boundary"": false, ""extern_declaration"": false, ""extern_or_abi_boundary"": false, ""flexible_array"": false, ""free"": false, ""function_pointer"": false, ""generated_source"": false, ""global_read"": false, ""global_write"": false, ""goto"": false, ""lexical_ambiguity"": false, ""longjmp"": false, ""macro_density"": 0.0, ""macro_generated_declaration"": false, ""macro_use"": false, ""malloc"": false, ""memcpy"": false, ""memmove"": false, ""memset"": false, ""mutable_global"": false, ""parameter_count"": 1, ""platform_specific"": false, ""pointer_arithmetic"": false, ""pointer_count"": 0, ""pointer_to_pointer"": false, ""raw_pointer_parameter"": false, ""raw_pointer_return"": false, ""realloc"": false, ""setjmp"": false, ""static_local"": false, ""syscall"": false, ""third_party"": false, ""union"": false, ""va_list"": false, ""variadic"": false, ""void_pointer"": false}",TRIVIAL,no_significant_detected_blocker,"[""conditional_compilation""]",medium
2,redis-plus-plus,397f9c7be0eb82ce92545f259a7f66ab992bd7ee,src/sw/redis++/cmd_formatter.h,358,360,function,lpop,3,"{""bitfield"": false, ""branch_complexity_proxy"": 0, ""c_array"": false, ""call_count"": 4, ""callback"": false, ""calloc"": false, ""conditional_compilation"": true, ""explicit_abi_boundary"": false, ""extern_declaration"": false, ""extern_or_abi_boundary"": false, ""flexible_array"": false, ""free"": false, ""function_pointer"": false, ""generated_source"": false, ""global_read"": false, ""global_write"": false, ""goto"": false, ""lexical_ambiguity"": false, ""longjmp"": false, ""macro_density"": 0.0, ""macro_generated_declaration"": false, ""macro_use"": false, ""malloc"": false, ""memcpy"": false, ""memmove"": false, ""memset"": false, ""mutable_global"": false, ""parameter_count"": 1, ""platform_specific"": false, ""pointer_arithmetic"": false, ""pointer_count"": 0, ""pointer_to_pointer"": false, ""raw_pointer_parameter"": false, ""raw_pointer_return"": false, ""realloc"": false, ""setjmp"": false, ""static_local"": false, ""syscall"": false, ""third_party"": false, ""union"": false, ""va_list"": false, ""variadic"": false, ""void_pointer"": false}",TRIVIAL,no_significant_detected_blocker,"[""conditional_compilation""]",medium
2,redis-plus-plus,397f9c7be0eb82ce92545f259a7f66ab992bd7ee,src/sw/redis++/cmd_formatter.h,362,364,function,lpush,3,"{""bitfield"": false, ""branch_complexity_proxy"": 0, ""c_array"": false, ""call_count"": 6, ""callback"": false, ""calloc"": false, ""conditional_compilation"": true, ""explicit_abi_boundary"": false, ""extern_declaration"": false, ""extern_or_abi_boundary"": false, ""flexible_array"": false, ""free"": false, ""function_pointer"": false, ""generated_source"": false, ""global_read"": false, ""global_write"": false, ""goto"": false, ""lexical_ambiguity"": false, ""longjmp"": false, ""macro_density"": 0.0, ""macro_generated_declaration"": false, ""macro_use"": false, ""malloc"": false, ""memcpy"": false, ""memmove"": false, ""memset"": false, ""mutable_global"": false, ""parameter_count"": 2, ""platform_specific"": false, ""pointer_arithmetic"": false, ""pointer_count"": 0, ""pointer_to_pointer"": false, ""raw_pointer_parameter"": false, ""raw_pointer_return"": false, ""realloc"": false, ""setjmp"": false, ""static_local"": false, ""syscall"": false, ""third_party"": false, ""union"": false, ""va_list"": false, ""variadic"": false, ""void_pointer"": false}",TRIVIAL,no_significant_detected_blocker,"[""conditional_compilation""]",medium
2,redis-plus-plus,397f9c7be0eb82ce92545f259a7f66ab992bd7ee,src/sw/redis++/cmd_formatter.h,367,374,function,lpush_range,8,"{""bitfield"": false, ""branch_complexity_proxy"": 0, ""c_array"": false, ""call_count"": 4, ""callback"": false, ""calloc"": false, ""conditional_compilation"": true, ""explicit_abi_boundary"": false, ""extern_declaration"": false, ""extern_or_abi_boundary"": false, ""flexible_array"": false, ""free"": false, ""function_pointer"": false, ""generated_source"": false, ""global_read"": false, ""global_write"": false, ""goto"": false, ""lexical_ambiguity"": false, ""longjmp"": false, ""macro_density"": 0.0, ""macro_generated_declaration"": false, ""macro_use"": false, ""malloc"": false, ""memcpy"": false, ""memmove"": false, ""memset"": false, ""mutable_global"": false, ""parameter_count"": 3, ""platform_specific"": false, ""pointer_arithmetic"": false, ""pointer_count"": 0, ""pointer_to_pointer"": false, ""raw_pointer_parameter"": false, ""raw_pointer_return"": false, ""realloc"": false, ""setjmp"": false, ""static_local"": false, ""syscall"": false, ""third_party"": false, ""union"": false, ""va_list"": false, ""variadic"": false, ""void_pointer"": false}",TRIVIAL,no_significant_detected_blocker,"[""conditional_compilation""]",medium
2,redis-plus-plus,397f9c7be0eb82ce92545f259a7f66ab992bd7ee,src/sw/redis++/cmd_formatter.h,376,378,function,lrange,3,"{""bitfield"": false, ""branch_complexity_proxy"": 0, ""c_array"": false, ""call_count"": 4, ""callback"": false, ""calloc"": false, ""conditional_compilation"": true, ""explicit_abi_boundary"": false, ""extern_declaration"": false, ""extern_or_abi_boundary"": false, ""flexible_array"": false, ""free"": false, ""function_pointer"": false, ""generated_source"": false, ""global_read"": false, ""global_write"": false, ""goto"": false, ""lexical_ambiguity"": false, ""longjmp"": false, ""macro_density"": 0.0, ""macro_generated_declaration"": false, ""macro_use"": false, ""malloc"": false, ""memcpy"": false, ""memmove"": false, ""memset"": false, ""mutable_global"": false, ""parameter_count"": 3, ""platform_specific"": false, ""pointer_arithmetic"": false, ""pointer_count"": 0, ""pointer_to_pointer"": false, ""raw_pointer_parameter"": false, ""raw_pointer_return"": false, ""realloc"": false, ""setjmp"": false, ""static_local"": false, ""syscall"": false, ""third_party"": false, ""union"": false, ""va_list"": false, ""variadic"": false, ""void_pointer"": false}",TRIVIAL,no_significant_detected_blocker,"[""conditional_compilation""]",medium
2,redis-plus-plus,397f9c7be0eb82ce92545f259a7f66ab992bd7ee,src/sw/redis++/cmd_formatter.h,380,382,function,lrem,3,"{""bitfield"": false, ""branch_complexity_proxy"": 0, ""c_array"": false, ""call_count"": 6, ""callback"": false, ""calloc"": false, ""conditional_compilation"": true, ""explicit_abi_boundary"": false, ""extern_declaration"": false, ""extern_or_abi_boundary"": false, ""flexible_array"": false, ""free"": false, ""function_pointer"": false, ""generated_source"": false, ""global_read"": false, ""global_write"": false, ""goto"": false, ""lexical_ambiguity"": false, ""longjmp"": false, ""macro_density"": 0.0, ""macro_generated_declaration"": false, ""macro_use"": false, ""malloc"": false, ""memcpy"": false, ""memmove"": false, ""memset"": false, ""mutable_global"": false, ""parameter_count"": 3, ""platform_specific"": false, ""pointer_arithmetic"": false, ""pointer_count"": 0, ""pointer_to_pointer"": false, ""raw_pointer_parameter"": false, ""raw_pointer_return"": false, ""realloc"": false, ""setjmp"": false, ""static_local"": false, ""syscall"": false, ""third_party"": false, ""union"": false, ""va_list"": false, ""variadic"": false, ""void_pointer"": false}",TRIVIAL,no_significant_detected_blocker,"[""conditional_compilation""]",medium
2,redis-plus-plus,397f9c7be0eb82ce92545f259a7f66ab992bd7ee,src/sw/redis++/cmd_formatter.h,384,386,function,ltrim,3,"{""bitfield"": false, ""branch_complexity_proxy"": 0, ""c_array"": false, ""call_count"": 4, ""callback"": false, ""calloc"": false, ""conditional_compilation"": true, ""explicit_abi_boundary"": false, ""extern_declaration"": false, ""extern_or_abi_boundary"": false, ""flexible_array"": false, ""free"": false, ""function_pointer"": false, ""generated_source"": false, ""global_read"": false, ""global_write"": false, ""goto"": false, ""lexical_ambiguity"": false, ""longjmp"": false, ""macro_density"": 0.0, ""macro_generated_declaration"": false, ""macro_use"": false, ""malloc"": false, ""memcpy"": false, ""memmove"": false, ""memset"": false, ""mutable_global"": false, ""parameter_count"": 3, ""platform_specific"": false, ""pointer_arithmetic"": false, ""pointer_count"": 0, ""pointer_to_pointer"": false, ""raw_pointer_parameter"": false, ""raw_pointer_return"": false, ""realloc"": false, ""setjmp"": false, ""static_local"": false, ""syscall"": false, ""third_party"": false, ""union"": false, ""va_list"": false, ""variadic"": false, ""void_pointer"": false}",TRIVIAL,no_significant_detected_blocker,"[""conditional_compilation""]",medium
2,redis-plus-plus,397f9c7be0eb82ce92545f259a7f66ab992bd7ee,src/sw/redis++/cmd_formatter.h,388,390,function,rpop,3,"{""bitfield"": false, ""branch_complexity_proxy"": 0, ""c_array"": false, ""call_count"": 4, ""callback"": false, ""calloc"": false, ""conditional_compilation"": true, ""explicit_abi_boundary"": false, ""extern_declaration"": false, ""extern_or_abi_boundary"": false, ""flexible_array"": false, ""free"": false, ""function_pointer"": false, ""generated_source"": false, ""global_read"": false, ""global_write"": false, ""goto"": false, ""lexical_ambiguity"": false, ""longjmp"": false, ""macro_density"": 0.0, ""macro_generated_declaration"": false, ""macro_use"": false, ""malloc"": false, ""memcpy"": false, ""memmove"": false, ""memset"": false, ""mutable_global"": false, ""parameter_count"": 1, ""platform_specific"": false, ""pointer_arithmetic"": false, ""pointer_count"": 0, ""pointer_to_pointer"": false, ""raw_pointer_parameter"": false, ""raw_pointer_return"": false, ""realloc"": false, ""setjmp"": false, ""static_local"": false, ""syscall"": false, ""third_party"": false, ""union"": false, ""va_list"": false, ""variadic"": false, ""void_pointer"": false}",TRIVIAL,no_significant_detected_blocker,"[""conditional_compilation""]",medium
2,redis-plus-plus,397f9c7be0eb82ce92545f259a7f66ab992bd7ee,src/sw/redis++/cmd_formatter.h,392,396,function,rpoplpush,5,"{""bitfield"": false, ""branch_complexity_proxy"": 0, ""c_array"": false, ""call_count"": 6, ""callback"": false, ""calloc"": false, ""conditional_compilation"": true, ""explicit_abi_boundary"": false, ""extern_declaration"": false, ""extern_or_abi_boundary"": false, ""flexible_array"": false, ""free"": false, ""function_pointer"": false, ""generated_source"": false, ""global_read"": false, ""global_write"": false, ""goto"": false, ""lexical_ambiguity"": false, ""longjmp"": false, ""macro_density"": 0.0, ""macro_generated_declaration"": false, ""macro_use"": false, ""malloc"": false, ""memcpy"": false, ""memmove"": false, ""memset"": false, ""mutable_global"": false, ""parameter_count"": 2, ""platform_specific"": false, ""pointer_arithmetic"": false, ""pointer_count"": 0, ""pointer_to_pointer"": false, ""raw_pointer_parameter"": false, ""raw_pointer_return"": false, ""realloc"": false, ""setjmp"": false, ""static_local"": false, ""syscall"": false, ""third_party"": false, ""union"": false, ""va_list"": false, ""variadic"": false, ""void_pointer"": false}",TRIVIAL,no_significant_detected_blocker,"[""conditional_compilation""]",medium
2,redis-plus-plus,397f9c7be0eb82ce92545f259a7f66ab992bd7ee,src/sw/redis++/cmd_formatter.h,398,400,function,rpush,3,"{""bitfield"": false, ""branch_complexity_proxy"": 0, ""c_array"": false, ""call_count"": 6, ""callback"": false, ""calloc"": false, ""conditional_compilation"": true, ""explicit_abi_boundary"": false, ""extern_declaration"": false, ""extern_or_abi_boundary"": false, ""flexible_array"": false, ""free"": false, ""function_pointer"": false, ""generated_source"": false, ""global_read"": false, ""global_write"": false, ""goto"": false, ""lexical_ambiguity"": false, ""longjmp"": false, ""macro_density"": 0.0, ""macro_generated_declaration"": false, ""macro_use"": false, ""malloc"": false, ""memcpy"": false, ""memmove"": false, ""memset"": false, ""mutable_global"": false, ""parameter_count"": 2, ""platform_specific"": false, ""pointer_arithmetic"": false, ""pointer_count"": 0, ""pointer_to_pointer"": false, ""raw_pointer_parameter"": false, ""raw_pointer_return"": false, ""realloc"": false, ""setjmp"": false, ""static_local"": false, ""syscall"": false, ""third_party"": false, ""union"": false, ""va_list"": false, ""variadic"": false, ""void_pointer"": false}",TRIVIAL,no_significant_detected_blocker,"[""conditional_compilation""]",medium
2,redis-plus-plus,397f9c7be0eb82ce92545f259a7f66ab992bd7ee,src/sw/redis++/cmd_formatter.h,403,410,function,rpush_range,8,"{""bitfield"": false, ""branch_complexity_proxy"": 0, ""c_array"": false, ""call_count"": 4, ""callback"": false, ""calloc"": false, ""conditional_compilation"": true, ""explicit_abi_boundary"": false, ""extern_declaration"": false, ""extern_or_abi_boundary"": false, ""flexible_array"": false, ""free"": false, ""function_pointer"": false, ""generated_source"": false, ""global_read"": false, ""global_write"": false, ""goto"": false, ""lexical_ambiguity"": false, ""longjmp"": false, ""macro_density"": 0.0, ""macro_generated_declaration"": false, ""macro_use"": false, ""malloc"": false, ""memcpy"": false, ""memmove"": false, ""memset"": false, ""mutable_global"": false, ""parameter_count"": 3, ""platform_specific"": false, ""pointer_arithmetic"": false, ""pointer_count"": 0, ""pointer_to_pointer"": false, ""raw_pointer_parameter"": false, ""raw_pointer_return"": false, ""realloc"": false, ""setjmp"": false, ""static_local"": false, ""syscall"": false, ""third_party"": false, ""union"": false, ""va_list"": false, ""variadic"": false, ""void_pointer"": false}",TRIVIAL,no_significant_detected_blocker,"[""conditional_compilation""]",medium
2,redis-plus-plus,397f9c7be0eb82ce92545f259a7f66ab992bd7ee,src/sw/redis++/cmd_formatter.h,413,423,function,lmpop,11,"{""bitfield"": false, ""branch_complexity_proxy"": 0, ""c_array"": false, ""call_count"": 6, ""callback"": false, ""calloc"": false, ""conditional_compilation"": true, ""explicit_abi_boundary"": false, ""extern_declaration"": false, ""extern_or_abi_boundary"": false, ""flexible_array"": false, ""free"": false, ""function_pointer"": false, ""generated_source"": false, ""global_read"": false, ""global_write"": false, ""goto"": false, ""lexical_ambiguity"": false, ""longjmp"": false, ""macro_density"": 0.0, ""macro_generated_declaration"": false, ""macro_use"": false, ""malloc"": false, ""memcpy"": false, ""memmove"": false, ""memset"": false, ""mutable_global"": false, ""parameter_count"": 4, ""platform_specific"": false, ""pointer_arithmetic"": false, ""pointer_count"": 0, ""pointer_to_pointer"": false, ""raw_pointer_parameter"": false, ""raw_pointer_return"": false, ""realloc"": false, ""setjmp"": false, ""static_local"": false, ""syscall"": false, ""third_party"": false, ""union"": false, ""va_list"": false, ""variadic"": false, ""void_pointer"": false}",TRIVIAL,no_significant_detected_blocker,"[""conditional_compilation""]",medium
2,redis-plus-plus,397f9c7be0eb82ce92545f259a7f66ab992bd7ee,src/sw/redis++/cmd_formatter.h,425,433,function,lmove,9,"{""bitfield"": false, ""branch_complexity_proxy"": 0, ""c_array"": false, ""call_count"": 10, ""callback"": false, ""calloc"": false, ""conditional_compilation"": true, ""explicit_abi_boundary"": false, ""extern_declaration"": false, ""extern_or_abi_boundary"": false, ""flexible_array"": false, ""free"": false, ""function_pointer"": false, ""generated_source"": false, ""global_read"": false, ""global_write"": false, ""goto"": false, ""lexical_ambiguity"": false, ""longjmp"": false, ""macro_density"": 0.0, ""macro_generated_declaration"": false, ""macro_use"": false, ""malloc"": false, ""memcpy"": false, ""memmove"": false, ""memset"": false, ""mutable_global"": false, ""parameter_count"": 4, ""platform_specific"": false, ""pointer_arithmetic"": false, ""pointer_count"": 0, ""pointer_to_pointer"": false, ""raw_pointer_parameter"": false, ""raw_pointer_return"": false, ""realloc"": false, ""setjmp"": false, ""static_local"": false, ""syscall"": false, ""third_party"": false, ""union"": false, ""va_list"": false, ""variadic"": false, ""void_pointer"": false}",TRIVIAL,no_significant_detected_blocker,"[""conditional_compilation""]",medium
2,redis-plus-plus,397f9c7be0eb82ce92545f259a7f66ab992bd7ee,src/sw/redis++/cmd_formatter.h,435,443,function,blmove,9,"{""bitfield"": false, ""branch_complexity_proxy"": 0, ""c_array"": false, ""call_count"": 10, ""callback"": false, ""calloc"": false, ""conditional_compilation"": true, ""explicit_abi_boundary"": false, ""extern_declaration"": false, ""extern_or_abi_boundary"": false, ""flexible_array"": false, ""free"": false, ""function_pointer"": false, ""generated_source"": false, ""global_read"": false, ""global_write"": false, ""goto"": false, ""lexical_ambiguity"": false, ""longjmp"": false, ""macro_density"": 0.0, ""macro_generated_declaration"": false, ""macro_use"": false, ""malloc"": false, ""memcpy"": false, ""memmove"": false, ""memset"": false, ""mutable_global"": false, ""parameter_count"": 5, ""platform_specific"": false, ""pointer_arithmetic"": false, ""pointer_count"": 0, ""pointer_to_pointer"": false, ""raw_pointer_parameter"": false, ""raw_pointer_return"": false, ""realloc"": false, ""setjmp"": false, ""static_local"": false, ""syscall"": false, ""third_party"": false, ""union"": false, ""va_list"": false, ""variadic"": false, ""void_pointer"": false}",TRIVIAL,no_significant_detected_blocker,"[""conditional_compilation""]",medium
2,redis-plus-plus,397f9c7be0eb82ce92545f259a7f66ab992bd7ee,src/sw/redis++/cmd_formatter.h,447,449,function,hdel,3,"{""bitfield"": false, ""branch_complexity_proxy"": 0, ""c_array"": false, ""call_count"": 6, ""callback"": false, ""calloc"": false, ""conditional_compilation"": true, ""explicit_abi_boundary"": false, ""extern_declaration"": false, ""extern_or_abi_boundary"": false, ""flexible_array"": false, ""free"": false, ""function_pointer"": false, ""generated_source"": false, ""global_read"": false, ""global_write"": false, ""goto"": false, ""lexical_ambiguity"": false, ""longjmp"": false, ""macro_density"": 0.0, ""macro_generated_declaration"": false, ""macro_use"": false, ""malloc"": false, ""memcpy"": false, ""memmove"": false, ""memset"": false, ""mutable_global"": false, ""parameter_count"": 2, ""platform_specific"": false, ""pointer_arithmetic"": false, ""pointer_count"": 0, ""pointer_to_pointer"": false, ""raw_pointer_parameter"": false, ""raw_pointer_return"": false, ""realloc"": false, ""setjmp"": false, ""static_local"": false, ""syscall"": false, ""third_party"": false, ""union"": false, ""va_list"": false, ""variadic"": false, ""void_pointer"": false}",TRIVIAL,no_significant_detected_blocker,"[""conditional_compilation""]",medium
2,redis-plus-plus,397f9c7be0eb82ce92545f259a7f66ab992bd7ee,src/sw/redis++/cmd_formatter.h,452,459,function,hdel_range,8,"{""bitfield"": false, ""branch_complexity_proxy"": 0, ""c_array"": false, ""call_count"": 4, ""callback"": false, ""calloc"": false, ""conditional_compilation"": true, ""explicit_abi_boundary"": false, ""extern_declaration"": false, ""extern_or_abi_boundary"": false, ""flexible_array"": false, ""free"": false, ""function_pointer"": false, ""generated_source"": false, ""global_read"": false, ""global_write"": false, ""goto"": false, ""lexical_ambiguity"": false, ""longjmp"": false, ""macro_density"": 0.0, ""macro_generated_declaration"": false, ""macro_use"": false, ""malloc"": false, ""memcpy"": false, ""memmove"": false, ""memset"": false, ""mutable_global"": false, ""parameter_count"": 3, ""platform_specific"": false, ""pointer_arithmetic"": false, ""pointer_count"": 0, ""pointer_to_pointer"": false, ""raw_pointer_parameter"": false, ""raw_pointer_return"": false, ""realloc"": false, ""setjmp"": false, ""static_local"": false, ""syscall"": false, ""third_party"": false, ""union"": false, ""va_list"": false, ""variadic"": false, ""void_pointer"": false}",TRIVIAL,no_significant_detected_blocker,"[""conditional_compilation""]",medium
2,redis-plus-plus,397f9c7be0eb82ce92545f259a7f66ab992bd7ee,src/sw/redis++/cmd_formatter.h,461,463,function,hexists,3,"{""bitfield"": false, ""branch_complexity_proxy"": 0, ""c_array"": false, ""call_count"": 6, ""callback"": false, ""calloc"": false, ""conditional_compilation"": true, ""explicit_abi_boundary"": false, ""extern_declaration"": false, ""extern_or_abi_boundary"": false, ""flexible_array"": false, ""free"": false, ""function_pointer"": false, ""generated_source"": false, ""global_read"": false, ""global_write"": false, ""goto"": false, ""lexical_ambiguity"": false, ""longjmp"": false, ""macro_density"": 0.0, ""macro_generated_declaration"": false, ""macro_use"": false, ""malloc"": false, ""memcpy"": false, ""memmove"": false, ""memset"": false, ""mutable_global"": false, ""parameter_count"": 2, ""platform_specific"": false, ""pointer_arithmetic"": false, ""pointer_count"": 0, ""pointer_to_pointer"": false, ""raw_pointer_parameter"": false, ""raw_pointer_return"": false, ""realloc"": false, ""setjmp"": false, ""static_local"": false, ""syscall"": false, ""third_party"": false, ""union"": false, ""va_list"": false, ""variadic"": false, ""void_pointer"": false}",TRIVIAL,no_significant_detected_blocker,"[""conditional_compilation""]",medium
2,redis-plus-plus,397f9c7be0eb82ce92545f259a7f66ab992bd7ee,src/sw/redis++/cmd_formatter.h,465,467,function,hget,3,"{""bitfield"": false, ""branch_complexity_proxy"": 0, ""c_array"": false, ""call_count"": 6, ""callback"": false, ""calloc"": false, ""conditional_compilation"": true, ""explicit_abi_boundary"": false, ""extern_declaration"": false, ""extern_or_abi_boundary"": false, ""flexible_array"": false, ""free"": false, ""function_pointer"": false, ""generated_source"": false, ""global_read"": false, ""global_write"": false, ""goto"": false, ""lexical_ambiguity"": false, ""longjmp"": false, ""macro_density"": 0.0, ""macro_generated_declaration"": false, ""macro_use"": false, ""malloc"": false, ""memcpy"": false, ""memmove"": false, ""memset"": false, ""mutable_global"": false, ""parameter_count"": 2, ""platform_specific"": false, ""pointer_arithmetic"": false, ""pointer_count"": 0, ""pointer_to_pointer"": false, ""raw_pointer_parameter"": false, ""raw_pointer_return"": false, ""realloc"": false, ""setjmp"": false, ""static_local"": false, ""syscall"": false, ""third_party"": false, ""union"": false, ""va_list"": false, ""variadic"": false, ""void_pointer"": false}",TRIVIAL,no_significant_detected_blocker,"[""conditional_compilation""]",medium
2,redis-plus-plus,397f9c7be0eb82ce92545f259a7f66ab992bd7ee,src/sw/redis++/cmd_formatter.h,469,471,function,hgetall,3,"{""bitfield"": false, ""branch_complexity_proxy"": 0, ""c_array"": false, ""call_count"": 4, ""callback"": false, ""calloc"": false, ""conditional_compilation"": true, ""explicit_abi_boundary"": false, ""extern_declaration"": false, ""extern_or_abi_boundary"": false, ""flexible_array"": false, ""free"": false, ""function_pointer"": false, ""generated_source"": false, ""global_read"": false, ""global_write"": false, ""goto"": false, ""lexical_ambiguity"": false, ""longjmp"": false, ""macro_density"": 0.0, ""macro_generated_declaration"": false, ""macro_use"": false, ""malloc"": false, ""memcpy"": false, ""memmove"": false, ""memset"": false, ""mutable_global"": false, ""parameter_count"": 1, ""platform_specific"": false, ""pointer_arithmetic"": false, ""pointer_count"": 0, ""pointer_to_pointer"": false, ""raw_pointer_parameter"": false, ""raw_pointer_return"": false, ""realloc"": false, ""setjmp"": false, ""static_local"": false, ""syscall"": false, ""third_party"": false, ""union"": false, ""va_list"": false, ""variadic"": false, ""void_pointer"": false}",TRIVIAL,no_significant_detected_blocker,"[""conditional_compilation""]",medium
2,redis-plus-plus,397f9c7be0eb82ce92545f259a7f66ab992bd7ee,src/sw/redis++/cmd_formatter.h,473,480,function,hincrby,8,"{""bitfield"": false, ""branch_complexity_proxy"": 0, ""c_array"": false, ""call_count"": 6, ""callback"": false, ""calloc"": false, ""conditional_compilation"": true, ""explicit_abi_boundary"": false, ""extern_declaration"": false, ""extern_or_abi_boundary"": false, ""flexible_array"": false, ""free"": false, ""function_pointer"": false, ""generated_source"": false, ""global_read"": false, ""global_write"": false, ""goto"": false, ""lexical_ambiguity"": false, ""longjmp"": false, ""macro_density"": 0.0, ""macro_generated_declaration"": false, ""macro_use"": false, ""malloc"": false, ""memcpy"": false, ""memmove"": false, ""memset"": false, ""mutable_global"": false, ""parameter_count"": 3, ""platform_specific"": false, ""pointer_arithmetic"": false, ""pointer_count"": 0, ""pointer_to_pointer"": false, ""raw_pointer_parameter"": false, ""raw_pointer_return"": false, ""realloc"": false, ""setjmp"": false, ""static_local"": false, ""syscall"": false, ""third_party"": false, ""union"": false, ""va_list"": false, ""variadic"": false, ""void_pointer"": false}",TRIVIAL,no_significant_detected_blocker,"[""conditional_compilation""]",medium
2,redis-plus-plus,397f9c7be0eb82ce92545f259a7f66ab992bd7ee,src/sw/redis++/cmd_formatter.h,482,489,function,hincrbyfloat,8,"{""bitfield"": false, ""branch_complexity_proxy"": 0, ""c_array"": false, ""call_count"": 6, ""callback"": false, ""calloc"": false, ""conditional_compilation"": true, ""explicit_abi_boundary"": false, ""extern_declaration"": false, ""extern_or_abi_boundary"": false, ""flexible_array"": false, ""free"": false, ""function_pointer"": false, ""generated_source"": false, ""global_read"": false, ""global_write"": false, ""goto"": false, ""lexical_ambiguity"": false, ""longjmp"": false, ""macro_density"": 0.0, ""macro_generated_declaration"": false, ""macro_use"": false, ""malloc"": false, ""memcpy"": false, ""memmove"": false, ""memset"": false, ""mutable_global"": false, ""parameter_count"": 3, ""platform_specific"": false, ""pointer_arithmetic"": false, ""pointer_count"": 0, ""pointer_to_pointer"": false, ""raw_pointer_parameter"": false, ""raw_pointer_return"": false, ""realloc"": false, ""setjmp"": false, ""static_local"": false, ""syscall"": false, ""third_party"": false, ""union"": false, ""va_list"": false, ""variadic"": false, ""void_pointer"": false}",TRIVIAL,no_significant_detected_blocker,"[""conditional_compilation""]",medium
2,redis-plus-plus,397f9c7be0eb82ce92545f259a7f66ab992bd7ee,src/sw/redis++/cmd_formatter.h,491,493,function,hkeys,3,"{""bitfield"": false, ""branch_complexity_proxy"": 0, ""c_array"": false, ""call_count"": 4, ""callback"": false, ""calloc"": false, ""conditional_compilation"": true, ""explicit_abi_boundary"": false, ""extern_declaration"": false, ""extern_or_abi_boundary"": false, ""flexible_array"": false, ""free"": false, ""function_pointer"": false, ""generated_source"": false, ""global_read"": false, ""global_write"": false, ""goto"": false, ""lexical_ambiguity"": false, ""longjmp"": false, ""macro_density"": 0.0, ""macro_generated_declaration"": false, ""macro_use"": false, ""malloc"": false, ""memcpy"": false, ""memmove"": false, ""memset"": false, ""mutable_global"": false, ""parameter_count"": 1, ""platform_specific"": false, ""pointer_arithmetic"": false, ""pointer_count"": 0, ""pointer_to_pointer"": false, ""raw_pointer_parameter"": false, ""raw_pointer_return"": false, ""realloc"": false, ""setjmp"": false, ""static_local"": false, ""syscall"": false, ""third_party"": false, ""union"": false, ""va_list"": false, ""variadic"": false, ""void_pointer"": false}",TRIVIAL,no_significant_detected_blocker,"[""conditional_compilation""]",medium
2,redis-plus-plus,397f9c7be0eb82ce92545f259a7f66ab992bd7ee,src/sw/redis++/cmd_formatter.h,495,497,function,hlen,3,"{""bitfield"": false, ""branch_complexity_proxy"": 0, ""c_array"": false, ""call_count"": 4, ""callback"": false, ""calloc"": false, ""conditional_compilation"": true, ""explicit_abi_boundary"": false, ""extern_declaration"": false, ""extern_or_abi_boundary"": false, ""flexible_array"": false, ""free"": false, ""function_pointer"": false, ""generated_source"": false, ""global_read"": false, ""global_write"": false, ""goto"": false, ""lexical_ambiguity"": false, ""longjmp"": false, ""macro_density"": 0.0, ""macro_generated_declaration"": false, ""macro_use"": false, ""malloc"": false, ""memcpy"": false, ""memmove"": false, ""memset"": false, ""mutable_global"": false, ""parameter_count"": 1, ""platform_specific"": false, ""pointer_arithmetic"": false, ""pointer_count"": 0, ""pointer_to_pointer"": false, ""raw_pointer_parameter"": false, ""raw_pointer_return"": false, ""realloc"": false, ""setjmp"": false, ""static_local"": false, ""syscall"": false, ""third_party"": false, ""union"": false, ""va_list"": false, ""variadic"": false, ""void_pointer"": false}",TRIVIAL,no_significant_detected_blocker,"[""conditional_compilation""]",medium
2,redis-plus-plus,397f9c7be0eb82ce92545f259a7f66ab992bd7ee,src/sw/redis++/cmd_formatter.h,500,507,function,hmget,8,"{""bitfield"": false, ""branch_complexity_proxy"": 0, ""c_array"": false, ""call_count"": 4, ""callback"": false, ""calloc"": false, ""conditional_compilation"": true, ""explicit_abi_boundary"": false, ""extern_declaration"": false, ""extern_or_abi_boundary"": false, ""flexible_array"": false, ""free"": false, ""function_pointer"": false, ""generated_source"": false, ""global_read"": false, ""global_write"": false, ""goto"": false, ""lexical_ambiguity"": false, ""longjmp"": false, ""macro_density"": 0.0, ""macro_generated_declaration"": false, ""macro_use"": false, ""malloc"": false, ""memcpy"": false, ""memmove"": false, ""memset"": false, ""mutable_global"": false, ""parameter_count"": 3, ""platform_specific"": false, ""pointer_arithmetic"": false, ""pointer_count"": 0, ""pointer_to_pointer"": false, ""raw_pointer_parameter"": false, ""raw_pointer_return"": false, ""realloc"": false, ""setjmp"": false, ""static_local"": false, ""syscall"": false, ""third_party"": false, ""union"": false, ""va_list"": false, ""variadic"": false, ""void_pointer"": false}",TRIVIAL,no_significant_detected_blocker,"[""conditional_compilation""]",medium
2,redis-plus-plus,397f9c7be0eb82ce92545f259a7f66ab992bd7ee,src/sw/redis++/cmd_formatter.h,510,517,function,hmset,8,"{""bitfield"": false, ""branch_complexity_proxy"": 0, ""c_array"": false, ""call_count"": 4, ""callback"": false, ""calloc"": false, ""conditional_compilation"": true, ""explicit_abi_boundary"": false, ""extern_declaration"": false, ""extern_or_abi_boundary"": false, ""flexible_array"": false, ""free"": false, ""function_pointer"": false, ""generated_source"": false, ""global_read"": false, ""global_write"": false, ""goto"": false, ""lexical_ambiguity"": false, ""longjmp"": false, ""macro_density"": 0.0, ""macro_generated_declaration"": false, ""macro_use"": false, ""malloc"": false, ""memcpy"": false, ""memmove"": false, ""memset"": false, ""mutable_global"": false, ""parameter_count"": 3, ""platform_specific"": false, ""pointer_arithmetic"": false, ""pointer_count"": 0, ""pointer_to_pointer"": false, ""raw_pointer_parameter"": false, ""raw_pointer_return"": false, ""realloc"": false, ""setjmp"": false, ""static_local"": false, ""syscall"": false, ""third_party"": false, ""union"": false, ""va_list"": false, ""variadic"": false, ""void_pointer"": false}",TRIVIAL,no_significant_detected_blocker,"[""conditional_compilation""]",medium
2,redis-plus-plus,397f9c7be0eb82ce92545f259a7f66ab992bd7ee,src/sw/redis++/cmd_formatter.h,519,526,function,hset,8,"{""bitfield"": false, ""branch_complexity_proxy"": 0, ""c_array"": false, ""call_count"": 8, ""callback"": false, ""calloc"": false, ""conditional_compilation"": true, ""explicit_abi_boundary"": false, ""extern_declaration"": false, ""extern_or_abi_boundary"": false, ""flexible_array"": false, ""free"": false, ""function_pointer"": false, ""generated_source"": false, ""global_read"": false, ""global_write"": false, ""goto"": false, ""lexical_ambiguity"": false, ""longjmp"": false, ""macro_density"": 0.0, ""macro_generated_declaration"": false, ""macro_use"": false, ""malloc"": false, ""memcpy"": false, ""memmove"": false, ""memset"": false, ""mutable_global"": false, ""parameter_count"": 3, ""platform_specific"": false, ""pointer_arithmetic"": false, ""pointer_count"": 0, ""pointer_to_pointer"": false, ""raw_pointer_parameter"": false, ""raw_pointer_return"": false, ""realloc"": false, ""setjmp"": false, ""static_local"": false, ""syscall"": false, ""third_party"": false, ""union"": false, ""va_list"": false, ""variadic"": false, ""void_pointer"": false}",TRIVIAL,no_significant_detected_blocker,"[""conditional_compilation""]",medium
2,redis-plus-plus,397f9c7be0eb82ce92545f259a7f66ab992bd7ee,src/sw/redis++/cmd_formatter.h,542,544,function,hvals,3,"{""bitfield"": false, ""branch_complexity_proxy"": 0, ""c_array"": false, ""call_count"": 4, ""callback"": false, ""calloc"": false, ""conditional_compilation"": true, ""explicit_abi_boundary"": false, ""extern_declaration"": false, ""extern_or_abi_boundary"": false, ""flexible_array"": false, ""free"": false, ""function_pointer"": false, ""generated_source"": false, ""global_read"": false, ""global_write"": false, ""goto"": false, ""lexical_ambiguity"": false, ""longjmp"": false, ""macro_density"": 0.0, ""macro_generated_declaration"": false, ""macro_use"": false, ""malloc"": false, ""memcpy"": false, ""memmove"": false, ""memset"": false, ""mutable_global"": false, ""parameter_count"": 1, ""platform_specific"": false, ""pointer_arithmetic"": false, ""pointer_count"": 0, ""pointer_to_pointer"": false, ""raw_pointer_parameter"": false, ""raw_pointer_return"": false, ""realloc"": false, ""setjmp"": false, ""static_local"": false, ""syscall"": false, ""third_party"": false, ""union"": false, ""va_list"": false, ""variadic"": false, ""void_pointer"": false}",TRIVIAL,no_significant_detected_blocker,"[""conditional_compilation""]",medium
2,redis-plus-plus,397f9c7be0eb82ce92545f259a7f66ab992bd7ee,src/sw/redis++/cmd_formatter.h,548,550,function,sadd,3,"{""bitfield"": false, ""branch_complexity_proxy"": 0, ""c_array"": false, ""call_count"": 6, ""callback"": false, ""calloc"": false, ""conditional_compilation"": true, ""explicit_abi_boundary"": false, ""extern_declaration"": false, ""extern_or_abi_boundary"": false, ""flexible_array"": false, ""free"": false, ""function_pointer"": false, ""generated_source"": false, ""global_read"": false, ""global_write"": false, ""goto"": false, ""lexical_ambiguity"": false, ""longjmp"": false, ""macro_density"": 0.0, ""macro_generated_declaration"": false, ""macro_use"": false, ""malloc"": false, ""memcpy"": false, ""memmove"": false, ""memset"": false, ""mutable_global"": false, ""parameter_count"": 2, ""platform_specific"": false, ""pointer_arithmetic"": false, ""pointer_count"": 0, ""pointer_to_pointer"": false, ""raw_pointer_parameter"": false, ""raw_pointer_return"": false, ""realloc"": false, ""setjmp"": false, ""static_local"": false, ""syscall"": false, ""third_party"": false, ""union"": false, ""va_list"": false, ""variadic"": false, ""void_pointer"": false}",TRIVIAL,no_significant_detected_blocker,"[""conditional_compilation""]",medium
2,redis-plus-plus,397f9c7be0eb82ce92545f259a7f66ab992bd7ee,src/sw/redis++/cmd_formatter.h,553,560,function,sadd_range,8,"{""bitfield"": false, ""branch_complexity_proxy"": 0, ""c_array"": false, ""call_count"": 4, ""callback"": false, ""calloc"": false, ""conditional_compilation"": true, ""explicit_abi_boundary"": false, ""extern_declaration"": false, ""extern_or_abi_boundary"": false, ""flexible_array"": false, ""free"": false, ""function_pointer"": false, ""generated_source"": false, ""global_read"": false, ""global_write"": false, ""goto"": false, ""lexical_ambiguity"": false, ""longjmp"": false, ""macro_density"": 0.0, ""macro_generated_declaration"": false, ""macro_use"": false, ""malloc"": false, ""memcpy"": false, ""memmove"": false, ""memset"": false, ""mutable_global"": false, ""parameter_count"": 3, ""platform_specific"": false, ""pointer_arithmetic"": false, ""pointer_count"": 0, ""pointer_to_pointer"": false, ""raw_pointer_parameter"": false, ""raw_pointer_return"": false, ""realloc"": false, ""setjmp"": false, ""static_local"": false, ""syscall"": false, ""third_party"": false, ""union"": false, ""va_list"": false, ""variadic"": false, ""void_pointer"": false}",TRIVIAL,no_significant_detected_blocker,"[""conditional_compilation""]",medium
2,redis-plus-plus,397f9c7be0eb82ce92545f259a7f66ab992bd7ee,src/sw/redis++/cmd_formatter.h,562,564,function,scard,3,"{""bitfield"": false, ""branch_complexity_proxy"": 0, ""c_array"": false, ""call_count"": 4, ""callback"": false, ""calloc"": false, ""conditional_compilation"": true, ""explicit_abi_boundary"": false, ""extern_declaration"": false, ""extern_or_abi_boundary"": false, ""flexible_array"": false, ""free"": false, ""function_pointer"": false, ""generated_source"": false, ""global_read"": false, ""global_write"": false, ""goto"": false, ""lexical_ambiguity"": false, ""longjmp"": false, ""macro_density"": 0.0, ""macro_generated_declaration"": false, ""macro_use"": false, ""malloc"": false, ""memcpy"": false, ""memmove"": false, ""memset"": false, ""mutable_global"": false, ""parameter_count"": 1, ""platform_specific"": false, ""pointer_arithmetic"": false, ""pointer_count"": 0, ""pointer_to_pointer"": false, ""raw_pointer_parameter"": false, ""raw_pointer_return"": false, ""realloc"": false, ""setjmp"": false, ""static_local"": false, ""syscall"": false, ""third_party"": false, ""union"": false, ""va_list"": false, ""variadic"": false, ""void_pointer"": false}",TRIVIAL,no_significant_detected_blocker,"[""conditional_compilation""]",medium
2,redis-plus-plus,397f9c7be0eb82ce92545f259a7f66ab992bd7ee,src/sw/redis++/cmd_formatter.h,566,568,function,sismember,3,"{""bitfield"": false, ""branch_complexity_proxy"": 0, ""c_array"": false, ""call_count"": 6, ""callback"": false, ""calloc"": false, ""conditional_compilation"": true, ""explicit_abi_boundary"": false, ""extern_declaration"": false, ""extern_or_abi_boundary"": false, ""flexible_array"": false, ""free"": false, ""function_pointer"": false, ""generated_source"": false, ""global_read"": false, ""global_write"": false, ""goto"": false, ""lexical_ambiguity"": false, ""longjmp"": false, ""macro_density"": 0.0, ""macro_generated_declaration"": false, ""macro_use"": false, ""malloc"": false, ""memcpy"": false, ""memmove"": false, ""memset"": false, ""mutable_global"": false, ""parameter_count"": 2, ""platform_specific"": false, ""pointer_arithmetic"": false, ""pointer_count"": 0, ""pointer_to_pointer"": false, ""raw_pointer_parameter"": false, ""raw_pointer_return"": false, ""realloc"": false, ""setjmp"": false, ""static_local"": false, ""syscall"": false, ""third_party"": false, ""union"": false, ""va_list"": false, ""variadic"": false, ""void_pointer"": false}",TRIVIAL,no_significant_detected_blocker,"[""conditional_compilation""]",medium
2,redis-plus-plus,397f9c7be0eb82ce92545f259a7f66ab992bd7ee,src/sw/redis++/cmd_formatter.h,570,572,function,smembers,3,"{""bitfield"": false, ""branch_complexity_proxy"": 0, ""c_array"": false, ""call_count"": 4, ""callback"": false, ""calloc"": false, ""conditional_compilation"": true, ""explicit_abi_boundary"": false, ""extern_declaration"": false, ""extern_or_abi_boundary"": false, ""flexible_array"": false, ""free"": false, ""function_pointer"": false, ""generated_source"": false, ""global_read"": false, ""global_write"": false, ""goto"": false, ""lexical_ambiguity"": false, ""longjmp"": false, ""macro_density"": 0.0, ""macro_generated_declaration"": false, ""macro_use"": false, ""malloc"": false, ""memcpy"": false, ""memmove"": false, ""memset"": false, ""mutable_global"": false, ""parameter_count"": 1, ""platform_specific"": false, ""pointer_arithmetic"": false, ""pointer_count"": 0, ""pointer_to_pointer"": false, ""raw_pointer_parameter"": false, ""raw_pointer_return"": false, ""realloc"": false, ""setjmp"": false, ""static_local"": false, ""syscall"": false, ""third_party"": false, ""union"": false, ""va_list"": false, ""variadic"": false, ""void_pointer"": false}",TRIVIAL,no_significant_detected_blocker,"[""conditional_compilation""]",medium
2,redis-plus-plus,397f9c7be0eb82ce92545f259a7f66ab992bd7ee,src/sw/redis++/cmd_formatter.h,574,576,function,spop,3,"{""bitfield"": false, ""branch_complexity_proxy"": 0, ""c_array"": false, ""call_count"": 4, ""callback"": false, ""calloc"": false, ""conditional_compilation"": true, ""explicit_abi_boundary"": false, ""extern_declaration"": false, ""extern_or_abi_boundary"": false, ""flexible_array"": false, ""free"": false, ""function_pointer"": false, ""generated_source"": false, ""global_read"": false, ""global_write"": false, ""goto"": false, ""lexical_ambiguity"": false, ""longjmp"": false, ""macro_density"": 0.0, ""macro_generated_declaration"": false, ""macro_use"": false, ""malloc"": false, ""memcpy"": false, ""memmove"": false, ""memset"": false, ""mutable_global"": false, ""parameter_count"": 1, ""platform_specific"": false, ""pointer_arithmetic"": false, ""pointer_count"": 0, ""pointer_to_pointer"": false, ""raw_pointer_parameter"": false, ""raw_pointer_return"": false, ""realloc"": false, ""setjmp"": false, ""static_local"": false, ""syscall"": false, ""third_party"": false, ""union"": false, ""va_list"": false, ""variadic"": false, ""void_pointer"": false}",TRIVIAL,no_significant_detected_blocker,"[""conditional_compilation""]",medium
2,redis-plus-plus,397f9c7be0eb82ce92545f259a7f66ab992bd7ee,src/sw/redis++/cmd_formatter.h,578,580,function,spop,3,"{""bitfield"": false, ""branch_complexity_proxy"": 0, ""c_array"": false, ""call_count"": 4, ""callback"": false, ""calloc"": false, ""conditional_compilation"": true, ""explicit_abi_boundary"": false, ""extern_declaration"": false, ""extern_or_abi_boundary"": false, ""flexible_array"": false, ""free"": false, ""function_pointer"": false, ""generated_source"": false, ""global_read"": false, ""global_write"": false, ""goto"": false, ""lexical_ambiguity"": false, ""longjmp"": false, ""macro_density"": 0.0, ""macro_generated_declaration"": false, ""macro_use"": false, ""malloc"": false, ""memcpy"": false, ""memmove"": false, ""memset"": false, ""mutable_global"": false, ""parameter_count"": 2, ""platform_specific"": false, ""pointer_arithmetic"": false, ""pointer_count"": 0, ""pointer_to_pointer"": false, ""raw_pointer_parameter"": false, ""raw_pointer_return"": false, ""realloc"": false, ""setjmp"": false, ""static_local"": false, ""syscall"": false, ""third_party"": false, ""union"": false, ""va_list"": false, ""variadic"": false, ""void_pointer"": false}",TRIVIAL,no_significant_detected_blocker,"[""conditional_compilation""]",medium
2,redis-plus-plus,397f9c7be0eb82ce92545f259a7f66ab992bd7ee,src/sw/redis++/cmd_formatter.h,582,584,function,srem,3,"{""bitfield"": false, ""branch_complexity_proxy"": 0, ""c_array"": false, ""call_count"": 6, ""callback"": false, ""calloc"": false, ""conditional_compilation"": true, ""explicit_abi_boundary"": false, ""extern_declaration"": false, ""extern_or_abi_boundary"": false, ""flexible_array"": false, ""free"": false, ""function_pointer"": false, ""generated_source"": false, ""global_read"": false, ""global_write"": false, ""goto"": false, ""lexical_ambiguity"": false, ""longjmp"": false, ""macro_density"": 0.0, ""macro_generated_declaration"": false, ""macro_use"": false, ""malloc"": false, ""memcpy"": false, ""memmove"": false, ""memset"": false, ""mutable_global"": false, ""parameter_count"": 2, ""platform_specific"": false, ""pointer_arithmetic"": false, ""pointer_count"": 0, ""pointer_to_pointer"": false, ""raw_pointer_parameter"": false, ""raw_pointer_return"": false, ""realloc"": false, ""setjmp"": false, ""static_local"": false, ""syscall"": false, ""third_party"": false, ""union"": false, ""va_list"": false, ""variadic"": false, ""void_pointer"": false}",TRIVIAL,no_significant_detected_blocker,"[""conditional_compilation""]",medium
2,redis-plus-plus,397f9c7be0eb82ce92545f259a7f66ab992bd7ee,src/sw/redis++/cmd_formatter.h,587,594,function,srem_range,8,"{""bitfield"": false, ""branch_complexity_proxy"": 0, ""c_array"": false, ""call_count"": 4, ""callback"": false, ""calloc"": false, ""conditional_compilation"": true, ""explicit_abi_boundary"": false, ""extern_declaration"": false, ""extern_or_abi_boundary"": false, ""flexible_array"": false, ""free"": false, ""function_pointer"": false, ""generated_source"": false, ""global_read"": false, ""global_write"": false, ""goto"": false, ""lexical_ambiguity"": false, ""longjmp"": false, ""macro_density"": 0.0, ""macro_generated_declaration"": false, ""macro_use"": false, ""malloc"": false, ""memcpy"": false, ""memmove"": false, ""memset"": false, ""mutable_global"": false, ""parameter_count"": 3, ""platform_specific"": false, ""pointer_arithmetic"": false, ""pointer_count"": 0, ""pointer_to_pointer"": false, ""raw_pointer_parameter"": false, ""raw_pointer_return"": false, ""realloc"": false, ""setjmp"": false, ""static_local"": false, ""syscall"": false, ""third_party"": false, ""union"": false, ""va_list"": false, ""variadic"": false, ""void_pointer"": false}",TRIVIAL,no_significant_detected_blocker,"[""conditional_compilation""]",medium
2,redis-plus-plus,397f9c7be0eb82ce92545f259a7f66ab992bd7ee,src/sw/redis++/cmd_formatter.h,598,600,function,bzpopmax,3,"{""bitfield"": false, ""branch_complexity_proxy"": 0, ""c_array"": false, ""call_count"": 5, ""callback"": false, ""calloc"": false, ""conditional_compilation"": true, ""explicit_abi_boundary"": false, ""extern_declaration"": false, ""extern_or_abi_boundary"": false, ""flexible_array"": false, ""free"": false, ""function_pointer"": false, ""generated_source"": false, ""global_read"": false, ""global_write"": false, ""goto"": false, ""lexical_ambiguity"": false, ""longjmp"": false, ""macro_density"": 0.0, ""macro_generated_declaration"": false, ""macro_use"": false, ""malloc"": false, ""memcpy"": false, ""memmove"": false, ""memset"": false, ""mutable_global"": false, ""parameter_count"": 2, ""platform_specific"": false, ""pointer_arithmetic"": false, ""pointer_count"": 0, ""pointer_to_pointer"": false, ""raw_pointer_parameter"": false, ""raw_pointer_return"": false, ""realloc"": false, ""setjmp"": false, ""static_local"": false, ""syscall"": false, ""third_party"": false, ""union"": false, ""va_list"": false, ""variadic"": false, ""void_pointer"": false}",TRIVIAL,no_significant_detected_blocker,"[""conditional_compilation""]",medium
2,redis-plus-plus,397f9c7be0eb82ce92545f259a7f66ab992bd7ee,src/sw/redis++/cmd_formatter.h,603,612,function,bzpopmax_range,10,"{""bitfield"": false, ""branch_complexity_proxy"": 0, ""c_array"": false, ""call_count"": 5, ""callback"": false, ""calloc"": false, ""conditional_compilation"": true, ""explicit_abi_boundary"": false, ""extern_declaration"": false, ""extern_or_abi_boundary"": false, ""flexible_array"": false, ""free"": false, ""function_pointer"": false, ""generated_source"": false, ""global_read"": false, ""global_write"": false, ""goto"": false, ""lexical_ambiguity"": false, ""longjmp"": false, ""macro_density"": 0.0, ""macro_generated_declaration"": false, ""macro_use"": false, ""malloc"": false, ""memcpy"": false, ""memmove"": false, ""memset"": false, ""mutable_global"": false, ""parameter_count"": 3, ""platform_specific"": false, ""pointer_arithmetic"": false, ""pointer_count"": 0, ""pointer_to_pointer"": false, ""raw_pointer_parameter"": false, ""raw_pointer_return"": false, ""realloc"": false, ""setjmp"": false, ""static_local"": false, ""syscall"": false, ""third_party"": false, ""union"": false, ""va_list"": false, ""variadic"": false, ""void_pointer"": false}",TRIVIAL,no_significant_detected_blocker,"[""conditional_compilation""]",medium
2,redis-plus-plus,397f9c7be0eb82ce92545f259a7f66ab992bd7ee,src/sw/redis++/cmd_formatter.h,614,616,function,bzpopmin,3,"{""bitfield"": false, ""branch_complexity_proxy"": 0, ""c_array"": false, ""call_count"": 5, ""callback"": false, ""calloc"": false, ""conditional_compilation"": true, ""explicit_abi_boundary"": false, ""extern_declaration"": false, ""extern_or_abi_boundary"": false, ""flexible_array"": false, ""free"": false, ""function_pointer"": false, ""generated_source"": false, ""global_read"": false, ""global_write"": false, ""goto"": false, ""lexical_ambiguity"": false, ""longjmp"": false, ""macro_density"": 0.0, ""macro_generated_declaration"": false, ""macro_use"": false, ""malloc"": false, ""memcpy"": false, ""memmove"": false, ""memset"": false, ""mutable_global"": false, ""parameter_count"": 2, ""platform_specific"": false, ""pointer_arithmetic"": false, ""pointer_count"": 0, ""pointer_to_pointer"": false, ""raw_pointer_parameter"": false, ""raw_pointer_return"": false, ""realloc"": false, ""setjmp"": false, ""static_local"": false, ""syscall"": false, ""third_party"": false, ""union"": false, ""va_list"": false, ""variadic"": false, ""void_pointer"": false}",TRIVIAL,no_significant_detected_blocker,"[""conditional_compilation""]",medium
2,redis-plus-plus,397f9c7be0eb82ce92545f259a7f66ab992bd7ee,src/sw/redis++/cmd_formatter.h,619,626,function,bzpopmin_range,8,"{""bitfield"": false, ""branch_complexity_proxy"": 0, ""c_array"": false, ""call_count"": 5, ""callback"": false, ""calloc"": false, ""conditional_compilation"": true, ""explicit_abi_boundary"": false, ""extern_declaration"": false, ""extern_or_abi_boundary"": false, ""flexible_array"": false, ""free"": false, ""function_pointer"": false, ""generated_source"": false, ""global_read"": false, ""global_write"": false, ""goto"": false, ""lexical_ambiguity"": false, ""longjmp"": false, ""macro_density"": 0.0, ""macro_generated_declaration"": false, ""macro_use"": false, ""malloc"": false, ""memcpy"": false, ""memmove"": false, ""memset"": false, ""mutable_global"": false, ""parameter_count"": 3, ""platform_specific"": false, ""pointer_arithmetic"": false, ""pointer_count"": 0, ""pointer_to_pointer"": false, ""raw_pointer_parameter"": false, ""raw_pointer_return"": false, ""realloc"": false, ""setjmp"": false, ""static_local"": false, ""syscall"": false, ""third_party"": false, ""union"": false, ""va_list"": false, ""variadic"": false, ""void_pointer"": false}",TRIVIAL,no_significant_detected_blocker,"[""conditional_compilation""]",medium
2,redis-plus-plus,397f9c7be0eb82ce92545f259a7f66ab992bd7ee,src/sw/redis++/cmd_formatter.h,628,645,function,zadd,18,"{""bitfield"": false, ""branch_complexity_proxy"": 1, ""c_array"": false, ""call_count"": 4, ""callback"": false, ""calloc"": false, ""conditional_compilation"": true, ""explicit_abi_boundary"": false, ""extern_declaration"": false, ""extern_or_abi_boundary"": false, ""flexible_array"": false, ""free"": false, ""function_pointer"": false, ""generated_source"": false, ""global_read"": false, ""global_write"": false, ""goto"": false, ""lexical_ambiguity"": false, ""longjmp"": false, ""macro_density"": 0.0, ""macro_generated_declaration"": false, ""macro_use"": false, ""malloc"": false, ""memcpy"": false, ""memmove"": false, ""memset"": false, ""mutable_global"": false, ""parameter_count"": 5, ""platform_specific"": false, ""pointer_arithmetic"": false, ""pointer_count"": 0, ""pointer_to_pointer"": false, ""raw_pointer_parameter"": false, ""raw_pointer_return"": false, ""realloc"": false, ""setjmp"": false, ""static_local"": false, ""syscall"": false, ""third_party"": false, ""union"": false, ""va_list"": false, ""variadic"": false, ""void_pointer"": false}",TRIVIAL,no_significant_detected_blocker,"[""conditional_compilation""]",medium
2,redis-plus-plus,397f9c7be0eb82ce92545f259a7f66ab992bd7ee,src/sw/redis++/cmd_formatter.h,648,669,function,zadd_range,22,"{""bitfield"": false, ""branch_complexity_proxy"": 2, ""c_array"": false, ""call_count"": 5, ""callback"": false, ""calloc"": false, ""conditional_compilation"": true, ""explicit_abi_boundary"": false, ""extern_declaration"": false, ""extern_or_abi_boundary"": false, ""flexible_array"": false, ""free"": false, ""function_pointer"": false, ""generated_source"": false, ""global_read"": false, ""global_write"": false, ""goto"": false, ""lexical_ambiguity"": false, ""longjmp"": false, ""macro_density"": 0.0, ""macro_generated_declaration"": false, ""macro_use"": false, ""malloc"": false, ""memcpy"": false, ""memmove"": false, ""memset"": false, ""mutable_global"": false, ""parameter_count"": 5, ""platform_specific"": false, ""pointer_arithmetic"": false, ""pointer_count"": 0, ""pointer_to_pointer"": false, ""raw_pointer_parameter"": false, ""raw_pointer_return"": false, ""realloc"": false, ""setjmp"": false, ""static_local"": false, ""syscall"": false, ""third_party"": false, ""union"": false, ""va_list"": false, ""variadic"": false, ""void_pointer"": false}",TRIVIAL,no_significant_detected_blocker,"[""conditional_compilation""]",medium
2,redis-plus-plus,397f9c7be0eb82ce92545f259a7f66ab992bd7ee,src/sw/redis++/cmd_formatter.h,671,673,function,zcard,3,"{""bitfield"": false, ""branch_complexity_proxy"": 0, ""c_array"": false, ""call_count"": 4, ""callback"": false, ""calloc"": false, ""conditional_compilation"": true, ""explicit_abi_boundary"": false, ""extern_declaration"": false, ""extern_or_abi_boundary"": false, ""flexible_array"": false, ""free"": false, ""function_pointer"": false, ""generated_source"": false, ""global_read"": false, ""global_write"": false, ""goto"": false, ""lexical_ambiguity"": false, ""longjmp"": false, ""macro_density"": 0.0, ""macro_generated_declaration"": false, ""macro_use"": false, ""malloc"": false, ""memcpy"": false, ""memmove"": false, ""memset"": false, ""mutable_global"": false, ""parameter_count"": 1, ""platform_specific"": false, ""pointer_arithmetic"": false, ""pointer_count"": 0, ""pointer_to_pointer"": false, ""raw_pointer_parameter"": false, ""raw_pointer_return"": false, ""realloc"": false, ""setjmp"": false, ""static_local"": false, ""syscall"": false, ""third_party"": false, ""union"": false, ""va_list"": false, ""variadic"": false, ""void_pointer"": false}",TRIVIAL,no_significant_detected_blocker,"[""conditional_compilation""]",medium
2,redis-plus-plus,397f9c7be0eb82ce92545f259a7f66ab992bd7ee,src/sw/redis++/cmd_formatter.h,676,681,function,zcount,6,"{""bitfield"": false, ""branch_complexity_proxy"": 0, ""c_array"": false, ""call_count"": 8, ""callback"": false, ""calloc"": false, ""conditional_compilation"": true, ""explicit_abi_boundary"": false, ""extern_declaration"": false, ""extern_or_abi_boundary"": false, ""flexible_array"": false, ""free"": false, ""function_pointer"": false, ""generated_source"": false, ""global_read"": false, ""global_write"": false, ""goto"": false, ""lexical_ambiguity"": false, ""longjmp"": false, ""macro_density"": 0.0, ""macro_generated_declaration"": false, ""macro_use"": false, ""malloc"": false, ""memcpy"": false, ""memmove"": false, ""memset"": false, ""mutable_global"": false, ""parameter_count"": 2, ""platform_specific"": false, ""pointer_arithmetic"": false, ""pointer_count"": 0, ""pointer_to_pointer"": false, ""raw_pointer_parameter"": false, ""raw_pointer_return"": false, ""realloc"": false, ""setjmp"": false, ""static_local"": false, ""syscall"": false, ""third_party"": false, ""union"": false, ""va_list"": false, ""variadic"": false, ""void_pointer"": false}",TRIVIAL,no_significant_detected_blocker,"[""conditional_compilation""]",medium
2,redis-plus-plus,397f9c7be0eb82ce92545f259a7f66ab992bd7ee,src/sw/redis++/cmd_formatter.h,683,690,function,zincrby,8,"{""bitfield"": false, ""branch_complexity_proxy"": 0, ""c_array"": false, ""call_count"": 6, ""callback"": false, ""calloc"": false, ""conditional_compilation"": true, ""explicit_abi_boundary"": false, ""extern_declaration"": false, ""extern_or_abi_boundary"": false, ""flexible_array"": false, ""free"": false, ""function_pointer"": false, ""generated_source"": false, ""global_read"": false, ""global_write"": false, ""goto"": false, ""lexical_ambiguity"": false, ""longjmp"": false, ""macro_density"": 0.0, ""macro_generated_declaration"": false, ""macro_use"": false, ""malloc"": false, ""memcpy"": false, ""memmove"": false, ""memset"": false, ""mutable_global"": false, ""parameter_count"": 3, ""platform_specific"": false, ""pointer_arithmetic"": false, ""pointer_count"": 0, ""pointer_to_pointer"": false, ""raw_pointer_parameter"": false, ""raw_pointer_return"": false, ""realloc"": false, ""setjmp"": false, ""static_local"": false, ""syscall"": false, ""third_party"": false, ""union"": false, ""va_list"": false, ""variadic"": false, ""void_pointer"": false}",TRIVIAL,no_significant_detected_blocker,"[""conditional_compilation""]",medium
2,redis-plus-plus,397f9c7be0eb82ce92545f259a7f66ab992bd7ee,src/sw/redis++/cmd_formatter.h,693,702,function,zlexcount,10,"{""bitfield"": false, ""branch_complexity_proxy"": 0, ""c_array"": false, ""call_count"": 10, ""callback"": false, ""calloc"": false, ""conditional_compilation"": true, ""explicit_abi_boundary"": false, ""extern_declaration"": false, ""extern_or_abi_boundary"": false, ""flexible_array"": false, ""free"": false, ""function_pointer"": false, ""generated_source"": false, ""global_read"": false, ""global_write"": false, ""goto"": false, ""lexical_ambiguity"": false, ""longjmp"": false, ""macro_density"": 0.0, ""macro_generated_declaration"": false, ""macro_use"": false, ""malloc"": false, ""memcpy"": false, ""memmove"": false, ""memset"": false, ""mutable_global"": false, ""parameter_count"": 2, ""platform_specific"": false, ""pointer_arithmetic"": false, ""pointer_count"": 0, ""pointer_to_pointer"": false, ""raw_pointer_parameter"": false, ""raw_pointer_return"": false, ""realloc"": false, ""setjmp"": false, ""static_local"": false, ""syscall"": false, ""third_party"": false, ""union"": false, ""va_list"": false, ""variadic"": false, ""void_pointer"": false}",TRIVIAL,no_significant_detected_blocker,"[""conditional_compilation""]",medium
2,redis-plus-plus,397f9c7be0eb82ce92545f259a7f66ab992bd7ee,src/sw/redis++/cmd_formatter.h,704,706,function,zpopmax,3,"{""bitfield"": false, ""branch_complexity_proxy"": 0, ""c_array"": false, ""call_count"": 4, ""callback"": false, ""calloc"": false, ""conditional_compilation"": true, ""explicit_abi_boundary"": false, ""extern_declaration"": false, ""extern_or_abi_boundary"": false, ""flexible_array"": false, ""free"": false, ""function_pointer"": false, ""generated_source"": false, ""global_read"": false, ""global_write"": false, ""goto"": false, ""lexical_ambiguity"": false, ""longjmp"": false, ""macro_density"": 0.0, ""macro_generated_declaration"": false, ""macro_use"": false, ""malloc"": false, ""memcpy"": false, ""memmove"": false, ""memset"": false, ""mutable_global"": false, ""parameter_count"": 1, ""platform_specific"": false, ""pointer_arithmetic"": false, ""pointer_count"": 0, ""pointer_to_pointer"": false, ""raw_pointer_parameter"": false, ""raw_pointer_return"": false, ""realloc"": false, ""setjmp"": false, ""static_local"": false, ""syscall"": false, ""third_party"": false, ""union"": false, ""va_list"": false, ""variadic"": false, ""void_pointer"": false}",TRIVIAL,no_significant_detected_blocker,"[""conditional_compilation""]",medium
2,redis-plus-plus,397f9c7be0eb82ce92545f259a7f66ab992bd7ee,src/sw/redis++/cmd_formatter.h,708,710,function,zpopmax,3,"{""bitfield"": false, ""branch_complexity_proxy"": 0, ""c_array"": false, ""call_count"": 4, ""callback"": false, ""calloc"": false, ""conditional_compilation"": true, ""explicit_abi_boundary"": false, ""extern_declaration"": false, ""extern_or_abi_boundary"": false, ""flexible_array"": false, ""free"": false, ""function_pointer"": false, ""generated_source"": false, ""global_read"": false, ""global_write"": false, ""goto"": false, ""lexical_ambiguity"": false, ""longjmp"": false, ""macro_density"": 0.0, ""macro_generated_declaration"": false, ""macro_use"": false, ""malloc"": false, ""memcpy"": false, ""memmove"": false, ""memset"": false, ""mutable_global"": false, ""parameter_count"": 2, ""platform_specific"": false, ""pointer_arithmetic"": false, ""pointer_count"": 0, ""pointer_to_pointer"": false, ""raw_pointer_parameter"": false, ""raw_pointer_return"": false, ""realloc"": false, ""setjmp"": false, ""static_local"": false, ""syscall"": false, ""third_party"": false, ""union"": false, ""va_list"": false, ""variadic"": false, ""void_pointer"": false}",TRIVIAL,no_significant_detected_blocker,"[""conditional_compilation""]",medium
2,redis-plus-plus,397f9c7be0eb82ce92545f259a7f66ab992bd7ee,src/sw/redis++/cmd_formatter.h,712,714,function,zpopmin,3,"{""bitfield"": false, ""branch_complexity_proxy"": 0, ""c_array"": false, ""call_count"": 4, ""callback"": false, ""calloc"": false, ""conditional_compilation"": true, ""explicit_abi_boundary"": false, ""extern_declaration"": false, ""extern_or_abi_boundary"": false, ""flexible_array"": false, ""free"": false, ""function_pointer"": false, ""generated_source"": false, ""global_read"": false, ""global_write"": false, ""goto"": false, ""lexical_ambiguity"": false, ""longjmp"": false, ""macro_density"": 0.0, ""macro_generated_declaration"": false, ""macro_use"": false, ""malloc"": false, ""memcpy"": false, ""memmove"": false, ""memset"": false, ""mutable_global"": false, ""parameter_count"": 1, ""platform_specific"": false, ""pointer_arithmetic"": false, ""pointer_count"": 0, ""pointer_to_pointer"": false, ""raw_pointer_parameter"": false, ""raw_pointer_return"": false, ""realloc"": false, ""setjmp"": false, ""static_local"": false, ""syscall"": false, ""third_party"": false, ""union"": false, ""va_list"": false, ""variadic"": false, ""void_pointer"": false}",TRIVIAL,no_significant_detected_blocker,"[""conditional_compilation""]",medium
2,redis-plus-plus,397f9c7be0eb82ce92545f259a7f66ab992bd7ee,src/sw/redis++/cmd_formatter.h,716,718,function,zpopmin_count,3,"{""bitfield"": false, ""branch_complexity_proxy"": 0, ""c_array"": false, ""call_count"": 4, ""callback"": false, ""calloc"": false, ""conditional_compilation"": true, ""explicit_abi_boundary"": false, ""extern_declaration"": false, ""extern_or_abi_boundary"": false, ""flexible_array"": false, ""free"": false, ""function_pointer"": false, ""generated_source"": false, ""global_read"": false, ""global_write"": false, ""goto"": false, ""lexical_ambiguity"": false, ""longjmp"": false, ""macro_density"": 0.0, ""macro_generated_declaration"": false, ""macro_use"": false, ""malloc"": false, ""memcpy"": false, ""memmove"": false, ""memset"": false, ""mutable_global"": false, ""parameter_count"": 2, ""platform_specific"": false, ""pointer_arithmetic"": false, ""pointer_count"": 0, ""pointer_to_pointer"": false, ""raw_pointer_parameter"": false, ""raw_pointer_return"": false, ""realloc"": false, ""setjmp"": false, ""static_local"": false, ""syscall"": false, ""third_party"": false, ""union"": false, ""va_list"": false, ""variadic"": false, ""void_pointer"": false}",TRIVIAL,no_significant_detected_blocker,"[""conditional_compilation""]",medium
2,redis-plus-plus,397f9c7be0eb82ce92545f259a7f66ab992bd7ee,src/sw/redis++/cmd_formatter.h,720,726,function,zrange,7,"{""bitfield"": false, ""branch_complexity_proxy"": 1, ""c_array"": false, ""call_count"": 8, ""callback"": false, ""calloc"": false, ""conditional_compilation"": true, ""explicit_abi_boundary"": false, ""extern_declaration"": false, ""extern_or_abi_boundary"": false, ""flexible_array"": false, ""free"": false, ""function_pointer"": false, ""generated_source"": false, ""global_read"": false, ""global_write"": false, ""goto"": false, ""lexical_ambiguity"": false, ""longjmp"": false, ""macro_density"": 0.0, ""macro_generated_declaration"": false, ""macro_use"": false, ""malloc"": false, ""memcpy"": false, ""memmove"": false, ""memset"": false, ""mutable_global"": false, ""parameter_count"": 4, ""platform_specific"": false, ""pointer_arithmetic"": false, ""pointer_count"": 0, ""pointer_to_pointer"": false, ""raw_pointer_parameter"": false, ""raw_pointer_return"": false, ""realloc"": false, ""setjmp"": false, ""static_local"": false, ""syscall"": false, ""third_party"": false, ""union"": false, ""va_list"": false, ""variadic"": false, ""void_pointer"": false}",TRIVIAL,no_significant_detected_blocker,"[""conditional_compilation""]",medium
2,redis-plus-plus,397f9c7be0eb82ce92545f259a7f66ab992bd7ee,src/sw/redis++/cmd_formatter.h,729,741,function,zrangebylex,13,"{""bitfield"": false, ""branch_complexity_proxy"": 0, ""c_array"": false, ""call_count"": 10, ""callback"": false, ""calloc"": false, ""conditional_compilation"": true, ""explicit_abi_boundary"": false, ""extern_declaration"": false, ""extern_or_abi_boundary"": false, ""flexible_array"": false, ""free"": false, ""function_pointer"": false, ""generated_source"": false, ""global_read"": false, ""global_write"": false, ""goto"": false, ""lexical_ambiguity"": false, ""longjmp"": false, ""macro_density"": 0.0, ""macro_generated_declaration"": false, ""macro_use"": false, ""malloc"": false, ""memcpy"": false, ""memmove"": false, ""memset"": false, ""mutable_global"": false, ""parameter_count"": 3, ""platform_specific"": false, ""pointer_arithmetic"": false, ""pointer_count"": 0, ""pointer_to_pointer"": false, ""raw_pointer_parameter"": false, ""raw_pointer_return"": false, ""realloc"": false, ""setjmp"": false, ""static_local"": false, ""syscall"": false, ""third_party"": false, ""union"": false, ""va_list"": false, ""variadic"": false, ""void_pointer"": false}",TRIVIAL,no_significant_detected_blocker,"[""conditional_compilation""]",medium
2,redis-plus-plus,397f9c7be0eb82ce92545f259a7f66ab992bd7ee,src/sw/redis++/cmd_formatter.h,744,756,function,zrangebyscore,13,"{""bitfield"": false, ""branch_complexity_proxy"": 0, ""c_array"": false, ""call_count"": 10, ""callback"": false, ""calloc"": false, ""conditional_compilation"": true, ""explicit_abi_boundary"": false, ""extern_declaration"": false, ""extern_or_abi_boundary"": false, ""flexible_array"": false, ""free"": false, ""function_pointer"": false, ""generated_source"": false, ""global_read"": false, ""global_write"": false, ""goto"": false, ""lexical_ambiguity"": false, ""longjmp"": false, ""macro_density"": 0.0, ""macro_generated_declaration"": false, ""macro_use"": false, ""malloc"": false, ""memcpy"": false, ""memmove"": false, ""memset"": false, ""mutable_global"": false, ""parameter_count"": 3, ""platform_specific"": false, ""pointer_arithmetic"": false, ""pointer_count"": 0, ""pointer_to_pointer"": false, ""raw_pointer_parameter"": false, ""raw_pointer_return"": false, ""realloc"": false, ""setjmp"": false, ""static_local"": false, ""syscall"": false, ""third_party"": false, ""union"": false, ""va_list"": false, ""variadic"": false, ""void_pointer"": false}",TRIVIAL,no_significant_detected_blocker,"[""conditional_compilation""]",medium
2,redis-plus-plus,397f9c7be0eb82ce92545f259a7f66ab992bd7ee,src/sw/redis++/cmd_formatter.h,758,760,function,zrank,3,"{""bitfield"": false, ""branch_complexity_proxy"": 0, ""c_array"": false, ""call_count"": 6, ""callback"": false, ""calloc"": false, ""conditional_compilation"": true, ""explicit_abi_boundary"": false, ""extern_declaration"": false, ""extern_or_abi_boundary"": false, ""flexible_array"": false, ""free"": false, ""function_pointer"": false, ""generated_source"": false, ""global_read"": false, ""global_write"": false, ""goto"": false, ""lexical_ambiguity"": false, ""longjmp"": false, ""macro_density"": 0.0, ""macro_generated_declaration"": false, ""macro_use"": false, ""malloc"": false, ""memcpy"": false, ""memmove"": false, ""memset"": false, ""mutable_global"": false, ""parameter_count"": 2, ""platform_specific"": false, ""pointer_arithmetic"": false, ""pointer_count"": 0, ""pointer_to_pointer"": false, ""raw_pointer_parameter"": false, ""raw_pointer_return"": false, ""realloc"": false, ""setjmp"": false, ""static_local"": false, ""syscall"": false, ""third_party"": false, ""union"": false, ""va_list"": false, ""variadic"": false, ""void_pointer"": false}",TRIVIAL,no_significant_detected_blocker,"[""conditional_compilation""]",medium
2,redis-plus-plus,397f9c7be0eb82ce92545f259a7f66ab992bd7ee,src/sw/redis++/cmd_formatter.h,762,764,function,zrem,3,"{""bitfield"": false, ""branch_complexity_proxy"": 0, ""c_array"": false, ""call_count"": 6, ""callback"": false, ""calloc"": false, ""conditional_compilation"": true, ""explicit_abi_boundary"": false, ""extern_declaration"": false, ""extern_or_abi_boundary"": false, ""flexible_array"": false, ""free"": false, ""function_pointer"": false, ""generated_source"": false, ""global_read"": false, ""global_write"": false, ""goto"": false, ""lexical_ambiguity"": false, ""longjmp"": false, ""macro_density"": 0.0, ""macro_generated_declaration"": false, ""macro_use"": false, ""malloc"": false, ""memcpy"": false, ""memmove"": false, ""memset"": false, ""mutable_global"": false, ""parameter_count"": 2, ""platform_specific"": false, ""pointer_arithmetic"": false, ""pointer_count"": 0, ""pointer_to_pointer"": false, ""raw_pointer_parameter"": false, ""raw_pointer_return"": false, ""realloc"": false, ""setjmp"": false, ""static_local"": false, ""syscall"": false, ""third_party"": false, ""union"": false, ""va_list"": false, ""variadic"": false, ""void_pointer"": false}",TRIVIAL,no_significant_detected_blocker,"[""conditional_compilation""]",medium
2,redis-plus-plus,397f9c7be0eb82ce92545f259a7f66ab992bd7ee,src/sw/redis++/cmd_formatter.h,767,774,function,zrem_range,8,"{""bitfield"": false, ""branch_complexity_proxy"": 0, ""c_array"": false, ""call_count"": 4, ""callback"": false, ""calloc"": false, ""conditional_compilation"": true, ""explicit_abi_boundary"": false, ""extern_declaration"": false, ""extern_or_abi_boundary"": false, ""flexible_array"": false, ""free"": false, ""function_pointer"": false, ""generated_source"": false, ""global_read"": false, ""global_write"": false, ""goto"": false, ""lexical_ambiguity"": false, ""longjmp"": false, ""macro_density"": 0.0, ""macro_generated_declaration"": false, ""macro_use"": false, ""malloc"": false, ""memcpy"": false, ""memmove"": false, ""memset"": false, ""mutable_global"": false, ""parameter_count"": 3, ""platform_specific"": false, ""pointer_arithmetic"": false, ""pointer_count"": 0, ""pointer_to_pointer"": false, ""raw_pointer_parameter"": false, ""raw_pointer_return"": false, ""realloc"": false, ""setjmp"": false, ""static_local"": false, ""syscall"": false, ""third_party"": false, ""union"": false, ""va_list"": false, ""variadic"": false, ""void_pointer"": false}",TRIVIAL,no_significant_detected_blocker,"[""conditional_compilation""]",medium
2,redis-plus-plus,397f9c7be0eb82ce92545f259a7f66ab992bd7ee,src/sw/redis++/cmd_formatter.h,777,785,function,zremrangebylex,9,"{""bitfield"": false, ""branch_complexity_proxy"": 0, ""c_array"": false, ""call_count"": 10, ""callback"": false, ""calloc"": false, ""conditional_compilation"": true, ""explicit_abi_boundary"": false, ""extern_declaration"": false, ""extern_or_abi_boundary"": false, ""flexible_array"": false, ""free"": false, ""function_pointer"": false, ""generated_source"": false, ""global_read"": false, ""global_write"": false, ""goto"": false, ""lexical_ambiguity"": false, ""longjmp"": false, ""macro_density"": 0.0, ""macro_generated_declaration"": false, ""macro_use"": false, ""malloc"": false, ""memcpy"": false, ""memmove"": false, ""memset"": false, ""mutable_global"": false, ""parameter_count"": 2, ""platform_specific"": false, ""pointer_arithmetic"": false, ""pointer_count"": 0, ""pointer_to_pointer"": false, ""raw_pointer_parameter"": false, ""raw_pointer_return"": false, ""realloc"": false, ""setjmp"": false, ""static_local"": false, ""syscall"": false, ""third_party"": false, ""union"": false, ""va_list"": false, ""variadic"": false, ""void_pointer"": false}",TRIVIAL,no_significant_detected_blocker,"[""conditional_compilation""]",medium
2,redis-plus-plus,397f9c7be0eb82ce92545f259a7f66ab992bd7ee,src/sw/redis++/cmd_formatter.h,787,789,function,zremrangebyrank,3,"{""bitfield"": false, ""branch_complexity_proxy"": 0, ""c_array"": false, ""call_count"": 4, ""callback"": false, ""calloc"": false, ""conditional_compilation"": true, ""explicit_abi_boundary"": false, ""extern_declaration"": false, ""extern_or_abi_boundary"": false, ""flexible_array"": false, ""free"": false, ""function_pointer"": false, ""generated_source"": false, ""global_read"": false, ""global_write"": false, ""goto"": false, ""lexical_ambiguity"": false, ""longjmp"": false, ""macro_density"": 0.0, ""macro_generated_declaration"": false, ""macro_use"": false, ""malloc"": false, ""memcpy"": false, ""memmove"": false, ""memset"": false, ""mutable_global"": false, ""parameter_count"": 3, ""platform_specific"": false, ""pointer_arithmetic"": false, ""pointer_count"": 0, ""pointer_to_pointer"": false, ""raw_pointer_parameter"": false, ""raw_pointer_return"": false, ""realloc"": false, ""setjmp"": false, ""static_local"": false, ""syscall"": false, ""third_party"": false, ""union"": false, ""va_list"": false, ""variadic"": false, ""void_pointer"": false}",TRIVIAL,no_significant_detected_blocker,"[""conditional_compilation""]",medium
2,redis-plus-plus,397f9c7be0eb82ce92545f259a7f66ab992bd7ee,src/sw/redis++/cmd_formatter.h,792,801,function,zremrangebyscore,10,"{""bitfield"": false, ""branch_complexity_proxy"": 0, ""c_array"": false, ""call_count"": 10, ""callback"": false, ""calloc"": false, ""conditional_compilation"": true, ""explicit_abi_boundary"": false, ""extern_declaration"": false, ""extern_or_abi_boundary"": false, ""flexible_array"": false, ""free"": false, ""function_pointer"": false, ""generated_source"": false, ""global_read"": false, ""global_write"": false, ""goto"": false, ""lexical_ambiguity"": false, ""longjmp"": false, ""macro_density"": 0.0, ""macro_generated_declaration"": false, ""macro_use"": false, ""malloc"": false, ""memcpy"": false, ""memmove"": false, ""memset"": false, ""mutable_global"": false, ""parameter_count"": 2, ""platform_specific"": false, ""pointer_arithmetic"": false, ""pointer_count"": 0, ""pointer_to_pointer"": false, ""raw_pointer_parameter"": false, ""raw_pointer_return"": false, ""realloc"": false, ""setjmp"": false, ""static_local"": false, ""syscall"": false, ""third_party"": false, ""union"": false, ""va_list"": false, ""variadic"": false, ""void_pointer"": false}",TRIVIAL,no_significant_detected_blocker,"[""conditional_compilation""]",medium
2,redis-plus-plus,397f9c7be0eb82ce92545f259a7f66ab992bd7ee,src/sw/redis++/cmd_formatter.h,804,816,function,zrevrangebylex,13,"{""bitfield"": false, ""branch_complexity_proxy"": 0, ""c_array"": false, ""call_count"": 10, ""callback"": false, ""calloc"": false, ""conditional_compilation"": true, ""explicit_abi_boundary"": false, ""extern_declaration"": false, ""extern_or_abi_boundary"": false, ""flexible_array"": false, ""free"": false, ""function_pointer"": false, ""generated_source"": false, ""global_read"": false, ""global_write"": false, ""goto"": false, ""lexical_ambiguity"": false, ""longjmp"": false, ""macro_density"": 0.0, ""macro_generated_declaration"": false, ""macro_use"": false, ""malloc"": false, ""memcpy"": false, ""memmove"": false, ""memset"": false, ""mutable_global"": false, ""parameter_count"": 3, ""platform_specific"": false, ""pointer_arithmetic"": false, ""pointer_count"": 0, ""pointer_to_pointer"": false, ""raw_pointer_parameter"": false, ""raw_pointer_return"": false, ""realloc"": false, ""setjmp"": false, ""static_local"": false, ""syscall"": false, ""third_party"": false, ""union"": false, ""va_list"": false, ""variadic"": false, ""void_pointer"": false}",TRIVIAL,no_significant_detected_blocker,"[""conditional_compilation""]",medium
2,redis-plus-plus,397f9c7be0eb82ce92545f259a7f66ab992bd7ee,src/sw/redis++/cmd_formatter.h,819,831,function,zrevrangebyscore,13,"{""bitfield"": false, ""branch_complexity_proxy"": 0, ""c_array"": false, ""call_count"": 10, ""callback"": false, ""calloc"": false, ""conditional_compilation"": true, ""explicit_abi_boundary"": false, ""extern_declaration"": false, ""extern_or_abi_boundary"": false, ""flexible_array"": false, ""free"": false, ""function_pointer"": false, ""generated_source"": false, ""global_read"": false, ""global_write"": false, ""goto"": false, ""lexical_ambiguity"": false, ""longjmp"": false, ""macro_density"": 0.0, ""macro_generated_declaration"": false, ""macro_use"": false, ""malloc"": false, ""memcpy"": false, ""memmove"": false, ""memset"": false, ""mutable_global"": false, ""parameter_count"": 3, ""platform_specific"": false, ""pointer_arithmetic"": false, ""pointer_count"": 0, ""pointer_to_pointer"": false, ""raw_pointer_parameter"": false, ""raw_pointer_return"": false, ""realloc"": false, ""setjmp"": false, ""static_local"": false, ""syscall"": false, ""third_party"": false, ""union"": false, ""va_list"": false, ""variadic"": false, ""void_pointer"": false}",TRIVIAL,no_significant_detected_blocker,"[""conditional_compilation""]",medium
2,redis-plus-plus,397f9c7be0eb82ce92545f259a7f66ab992bd7ee,src/sw/redis++/cmd_formatter.h,833,835,function,zrevrank,3,"{""bitfield"": false, ""branch_complexity_proxy"": 0, ""c_array"": false, ""call_count"": 6, ""callback"": false, ""calloc"": false, ""conditional_compilation"": true, ""explicit_abi_boundary"": false, ""extern_declaration"": false, ""extern_or_abi_boundary"": false, ""flexible_array"": false, ""free"": false, ""function_pointer"": false, ""generated_source"": false, ""global_read"": false, ""global_write"": false, ""goto"": false, ""lexical_ambiguity"": false, ""longjmp"": false, ""macro_density"": 0.0, ""macro_generated_declaration"": false, ""macro_use"": false, ""malloc"": false, ""memcpy"": false, ""memmove"": false, ""memset"": false, ""mutable_global"": false, ""parameter_count"": 2, ""platform_specific"": false, ""pointer_arithmetic"": false, ""pointer_count"": 0, ""pointer_to_pointer"": false, ""raw_pointer_parameter"": false, ""raw_pointer_return"": false, ""realloc"": false, ""setjmp"": false, ""static_local"": false, ""syscall"": false, ""third_party"": false, ""union"": false, ""va_list"": false, ""variadic"": false, ""void_pointer"": false}",TRIVIAL,no_significant_detected_blocker,"[""conditional_compilation""]",medium
2,redis-plus-plus,397f9c7be0eb82ce92545f259a7f66ab992bd7ee,src/sw/redis++/cmd_formatter.h,837,839,function,zscore,3,"{""bitfield"": false, ""branch_complexity_proxy"": 0, ""c_array"": false, ""call_count"": 6, ""callback"": false, ""calloc"": false, ""conditional_compilation"": true, ""explicit_abi_boundary"": false, ""extern_declaration"": false, ""extern_or_abi_boundary"": false, ""flexible_array"": false, ""free"": false, ""function_pointer"": false, ""generated_source"": false, ""global_read"": false, ""global_write"": false, ""goto"": false, ""lexical_ambiguity"": false, ""longjmp"": false, ""macro_density"": 0.0, ""macro_generated_declaration"": false, ""macro_use"": false, ""malloc"": false, ""memcpy"": false, ""memmove"": false, ""memset"": false, ""mutable_global"": false, ""parameter_count"": 2, ""platform_specific"": false, ""pointer_arithmetic"": false, ""pointer_count"": 0, ""pointer_to_pointer"": false, ""raw_pointer_parameter"": false, ""raw_pointer_return"": false, ""realloc"": false, ""setjmp"": false, ""static_local"": false, ""syscall"": false, ""third_party"": false, ""union"": false, ""va_list"": false, ""variadic"": false, ""void_pointer"": false}",TRIVIAL,no_significant_detected_blocker,"[""conditional_compilation""]",medium
2,redis-plus-plus,397f9c7be0eb82ce92545f259a7f66ab992bd7ee,src/sw/redis++/cmd_formatter.h,843,856,function,eval,14,"{""bitfield"": false, ""branch_complexity_proxy"": 0, ""c_array"": false, ""call_count"": 5, ""callback"": false, ""calloc"": false, ""conditional_compilation"": true, ""explicit_abi_boundary"": false, ""extern_declaration"": false, ""extern_or_abi_boundary"": false, ""flexible_array"": false, ""free"": false, ""function_pointer"": false, ""generated_source"": false, ""global_read"": false, ""global_write"": false, ""goto"": false, ""lexical_ambiguity"": false, ""longjmp"": false, ""macro_density"": 0.0, ""macro_generated_declaration"": false, ""macro_use"": false, ""malloc"": false, ""memcpy"": false, ""memmove"": false, ""memset"": false, ""mutable_global"": false, ""parameter_count"": 5, ""platform_specific"": false, ""pointer_arithmetic"": false, ""pointer_count"": 0, ""pointer_to_pointer"": false, ""raw_pointer_parameter"": false, ""raw_pointer_return"": false, ""realloc"": false, ""setjmp"": false, ""static_local"": false, ""syscall"": false, ""third_party"": false, ""union"": false, ""va_list"": false, ""variadic"": false, ""void_pointer"": false}",TRIVIAL,no_significant_detected_blocker,"[""conditional_compilation""]",medium
2,redis-plus-plus,397f9c7be0eb82ce92545f259a7f66ab992bd7ee,src/sw/redis++/cmd_formatter.h,859,872,function,evalsha,14,"{""bitfield"": false, ""branch_complexity_proxy"": 0, ""c_array"": false, ""call_count"": 5, ""callback"": false, ""calloc"": false, ""conditional_compilation"": true, ""explicit_abi_boundary"": false, ""extern_declaration"": false, ""extern_or_abi_boundary"": false, ""flexible_array"": false, ""free"": false, ""function_pointer"": false, ""generated_source"": false, ""global_read"": false, ""global_write"": false, ""goto"": false, ""lexical_ambiguity"": false, ""longjmp"": false, ""macro_density"": 0.0, ""macro_generated_declaration"": false, ""macro_use"": false, ""malloc"": false, ""memcpy"": false, ""memmove"": false, ""memset"": false, ""mutable_global"": false, ""parameter_count"": 5, ""platform_specific"": false, ""pointer_arithmetic"": false, ""pointer_count"": 0, ""pointer_to_pointer"": false, ""raw_pointer_parameter"": false, ""raw_pointer_return"": false, ""realloc"": false, ""setjmp"": false, ""static_local"": false, ""syscall"": false, ""third_party"": false, ""union"": false, ""va_list"": false, ""variadic"": false, ""void_pointer"": false}",TRIVIAL,no_significant_detected_blocker,"[""conditional_compilation""]",medium
2,redis-plus-plus,397f9c7be0eb82ce92545f259a7f66ab992bd7ee,src/sw/redis++/cmd_formatter.h,875,888,function,fcall,14,"{""bitfield"": false, ""branch_complexity_proxy"": 0, ""c_array"": false, ""call_count"": 5, ""callback"": false, ""calloc"": false, ""conditional_compilation"": true, ""explicit_abi_boundary"": false, ""extern_declaration"": false, ""extern_or_abi_boundary"": false, ""flexible_array"": false, ""free"": false, ""function_pointer"": false, ""generated_source"": false, ""global_read"": false, ""global_write"": false, ""goto"": false, ""lexical_ambiguity"": false, ""longjmp"": false, ""macro_density"": 0.0, ""macro_generated_declaration"": false, ""macro_use"": false, ""malloc"": false, ""memcpy"": false, ""memmove"": false, ""memset"": false, ""mutable_global"": false, ""parameter_count"": 5, ""platform_specific"": false, ""pointer_arithmetic"": false, ""pointer_count"": 0, ""pointer_to_pointer"": false, ""raw_pointer_parameter"": false, ""raw_pointer_return"": false, ""realloc"": false, ""setjmp"": false, ""static_local"": false, ""syscall"": false, ""third_party"": false, ""union"": false, ""va_list"": false, ""variadic"": false, ""void_pointer"": false}",TRIVIAL,no_significant_detected_blocker,"[""conditional_compilation""]",medium
2,redis-plus-plus,397f9c7be0eb82ce92545f259a7f66ab992bd7ee,src/sw/redis++/cmd_formatter.h,891,904,function,fcall_ro,14,"{""bitfield"": false, ""branch_complexity_proxy"": 0, ""c_array"": false, ""call_count"": 5, ""callback"": false, ""calloc"": false, ""conditional_compilation"": true, ""explicit_abi_boundary"": false, ""extern_declaration"": false, ""extern_or_abi_boundary"": false, ""flexible_array"": false, ""free"": false, ""function_pointer"": false, ""generated_source"": false, ""global_read"": false, ""global_write"": false, ""goto"": false, ""lexical_ambiguity"": false, ""longjmp"": false, ""macro_density"": 0.0, ""macro_generated_declaration"": false, ""macro_use"": false, ""malloc"": false, ""memcpy"": false, ""memmove"": false, ""memset"": false, ""mutable_global"": false, ""parameter_count"": 5, ""platform_specific"": false, ""pointer_arithmetic"": false, ""pointer_count"": 0, ""pointer_to_pointer"": false, ""raw_pointer_parameter"": false, ""raw_pointer_return"": false, ""realloc"": false, ""setjmp"": false, ""static_local"": false, ""syscall"": false, ""third_party"": false, ""union"": false, ""va_list"": false, ""variadic"": false, ""void_pointer"": false}",TRIVIAL,no_significant_detected_blocker,"[""conditional_compilation""]",medium
2,redis-plus-plus,397f9c7be0eb82ce92545f259a7f66ab992bd7ee,src/sw/redis++/cmd_formatter.h,906,918,function,function_load,13,"{""bitfield"": false, ""branch_complexity_proxy"": 1, ""c_array"": false, ""call_count"": 3, ""callback"": false, ""calloc"": false, ""conditional_compilation"": true, ""explicit_abi_boundary"": false, ""extern_declaration"": false, ""extern_or_abi_boundary"": false, ""flexible_array"": false, ""free"": false, ""function_pointer"": false, ""generated_source"": false, ""global_read"": false, ""global_write"": false, ""goto"": false, ""lexical_ambiguity"": false, ""longjmp"": false, ""macro_density"": 0.0, ""macro_generated_declaration"": false, ""macro_use"": false, ""malloc"": false, ""memcpy"": false, ""memmove"": false, ""memset"": false, ""mutable_global"": false, ""parameter_count"": 2, ""platform_specific"": false, ""pointer_arithmetic"": false, ""pointer_count"": 0, ""pointer_to_pointer"": false, ""raw_pointer_parameter"": false, ""raw_pointer_return"": false, ""realloc"": false, ""setjmp"": false, ""static_local"": false, ""syscall"": false, ""third_party"": false, ""union"": false, ""va_list"": false, ""variadic"": false, ""void_pointer"": false}",TRIVIAL,no_significant_detected_blocker,"[""conditional_compilation""]",medium
2,redis-plus-plus,397f9c7be0eb82ce92545f259a7f66ab992bd7ee,src/sw/redis++/cmd_formatter.h,920,922,function,function_delete,3,"{""bitfield"": false, ""branch_complexity_proxy"": 0, ""c_array"": false, ""call_count"": 4, ""callback"": false, ""calloc"": false, ""conditional_compilation"": true, ""explicit_abi_boundary"": false, ""extern_declaration"": false, ""extern_or_abi_boundary"": false, ""flexible_array"": false, ""free"": false, ""function_pointer"": false, ""generated_source"": false, ""global_read"": false, ""global_write"": false, ""goto"": false, ""lexical_ambiguity"": false, ""longjmp"": false, ""macro_density"": 0.0, ""macro_generated_declaration"": false, ""macro_use"": false, ""malloc"": false, ""memcpy"": false, ""memmove"": false, ""memset"": false, ""mutable_global"": false, ""parameter_count"": 1, ""platform_specific"": false, ""pointer_arithmetic"": false, ""pointer_count"": 0, ""pointer_to_pointer"": false, ""raw_pointer_parameter"": false, ""raw_pointer_return"": false, ""realloc"": false, ""setjmp"": false, ""static_local"": false, ""syscall"": false, ""third_party"": false, ""union"": false, ""va_list"": false, ""variadic"": false, ""void_pointer"": false}",TRIVIAL,no_significant_detected_blocker,"[""conditional_compilation""]",medium
2,redis-plus-plus,397f9c7be0eb82ce92545f259a7f66ab992bd7ee,src/sw/redis++/cmd_formatter.h,926,928,function,psubscribe,3,"{""bitfield"": false, ""branch_complexity_proxy"": 0, ""c_array"": false, ""call_count"": 4, ""callback"": false, ""calloc"": false, ""conditional_compilation"": true, ""explicit_abi_boundary"": false, ""extern_declaration"": false, ""extern_or_abi_boundary"": false, ""flexible_array"": false, ""free"": false, ""function_pointer"": false, ""generated_source"": false, ""global_read"": false, ""global_write"": false, ""goto"": false, ""lexical_ambiguity"": false, ""longjmp"": false, ""macro_density"": 0.0, ""macro_generated_declaration"": false, ""macro_use"": false, ""malloc"": false, ""memcpy"": false, ""memmove"": false, ""memset"": false, ""mutable_global"": false, ""parameter_count"": 1, ""platform_specific"": false, ""pointer_arithmetic"": false, ""pointer_count"": 0, ""pointer_to_pointer"": false, ""raw_pointer_parameter"": false, ""raw_pointer_return"": false, ""realloc"": false, ""setjmp"": false, ""static_local"": false, ""syscall"": false, ""third_party"": false, ""union"": false, ""va_list"": false, ""variadic"": false, ""void_pointer"": false}",TRIVIAL,no_significant_detected_blocker,"[""conditional_compilation""]",medium
2,redis-plus-plus,397f9c7be0eb82ce92545f259a7f66ab992bd7ee,src/sw/redis++/cmd_formatter.h,931,938,function,psubscribe_range,8,"{""bitfield"": false, ""branch_complexity_proxy"": 0, ""c_array"": false, ""call_count"": 4, ""callback"": false, ""calloc"": false, ""conditional_compilation"": true, ""explicit_abi_boundary"": false, ""extern_declaration"": false, ""extern_or_abi_boundary"": false, ""flexible_array"": false, ""free"": false, ""function_pointer"": false, ""generated_source"": false, ""global_read"": false, ""global_write"": false, ""goto"": false, ""lexical_ambiguity"": false, ""longjmp"": false, ""macro_density"": 0.0, ""macro_generated_declaration"": false, ""macro_use"": false, ""malloc"": false, ""memcpy"": false, ""memmove"": false, ""memset"": false, ""mutable_global"": false, ""parameter_count"": 2, ""platform_specific"": false, ""pointer_arithmetic"": false, ""pointer_count"": 0, ""pointer_to_pointer"": false, ""raw_pointer_parameter"": false, ""raw_pointer_return"": false, ""realloc"": false, ""setjmp"": false, ""static_local"": false, ""syscall"": false, ""third_party"": false, ""union"": false, ""va_list"": false, ""variadic"": false, ""void_pointer"": false}",TRIVIAL,no_significant_detected_blocker,"[""conditional_compilation""]",medium
2,redis-plus-plus,397f9c7be0eb82ce92545f259a7f66ab992bd7ee,src/sw/redis++/cmd_formatter.h,940,944,function,publish,5,"{""bitfield"": false, ""branch_complexity_proxy"": 0, ""c_array"": false, ""call_count"": 6, ""callback"": false, ""calloc"": false, ""conditional_compilation"": true, ""explicit_abi_boundary"": false, ""extern_declaration"": false, ""extern_or_abi_boundary"": false, ""flexible_array"": false, ""free"": false, ""function_pointer"": false, ""generated_source"": false, ""global_read"": false, ""global_write"": false, ""goto"": false, ""lexical_ambiguity"": false, ""longjmp"": false, ""macro_density"": 0.0, ""macro_generated_declaration"": false, ""macro_use"": false, ""malloc"": false, ""memcpy"": false, ""memmove"": false, ""memset"": false, ""mutable_global"": false, ""parameter_count"": 2, ""platform_specific"": false, ""pointer_arithmetic"": false, ""pointer_count"": 0, ""pointer_to_pointer"": false, ""raw_pointer_parameter"": false, ""raw_pointer_return"": false, ""realloc"": false, ""setjmp"": false, ""static_local"": false, ""syscall"": false, ""third_party"": false, ""union"": false, ""va_list"": false, ""variadic"": false, ""void_pointer"": false}",TRIVIAL,no_significant_detected_blocker,"[""conditional_compilation""]",medium
2,redis-plus-plus,397f9c7be0eb82ce92545f259a7f66ab992bd7ee,src/sw/redis++/cmd_formatter.h,946,950,function,spublish,5,"{""bitfield"": false, ""branch_complexity_proxy"": 0, ""c_array"": false, ""call_count"": 6, ""callback"": false, ""calloc"": false, ""conditional_compilation"": true, ""explicit_abi_boundary"": false, ""extern_declaration"": false, ""extern_or_abi_boundary"": false, ""flexible_array"": false, ""free"": false, ""function_pointer"": false, ""generated_source"": false, ""global_read"": false, ""global_write"": false, ""goto"": false, ""lexical_ambiguity"": false, ""longjmp"": false, ""macro_density"": 0.0, ""macro_generated_declaration"": false, ""macro_use"": false, ""malloc"": false, ""memcpy"": false, ""memmove"": false, ""memset"": false, ""mutable_global"": false, ""parameter_count"": 2, ""platform_specific"": false, ""pointer_arithmetic"": false, ""pointer_count"": 0, ""pointer_to_pointer"": false, ""raw_pointer_parameter"": false, ""raw_pointer_return"": false, ""realloc"": false, ""setjmp"": false, ""static_local"": false, ""syscall"": false, ""third_party"": false, ""union"": false, ""va_list"": false, ""variadic"": false, ""void_pointer"": false}",TRIVIAL,no_significant_detected_blocker,"[""conditional_compilation""]",medium
2,redis-plus-plus,397f9c7be0eb82ce92545f259a7f66ab992bd7ee,src/sw/redis++/cmd_formatter.h,952,954,function,punsubscribe,3,"{""bitfield"": false, ""branch_complexity_proxy"": 0, ""c_array"": false, ""call_count"": 2, ""callback"": false, ""calloc"": false, ""conditional_compilation"": true, ""explicit_abi_boundary"": false, ""extern_declaration"": false, ""extern_or_abi_boundary"": false, ""flexible_array"": false, ""free"": false, ""function_pointer"": false, ""generated_source"": false, ""global_read"": false, ""global_write"": false, ""goto"": false, ""lexical_ambiguity"": false, ""longjmp"": false, ""macro_density"": 0.0, ""macro_generated_declaration"": false, ""macro_use"": false, ""malloc"": false, ""memcpy"": false, ""memmove"": false, ""memset"": false, ""mutable_global"": false, ""parameter_count"": 0, ""platform_specific"": false, ""pointer_arithmetic"": false, ""pointer_count"": 0, ""pointer_to_pointer"": false, ""raw_pointer_parameter"": false, ""raw_pointer_return"": false, ""realloc"": false, ""setjmp"": false, ""static_local"": false, ""syscall"": false, ""third_party"": false, ""union"": false, ""va_list"": false, ""variadic"": false, ""void_pointer"": false}",TRIVIAL,no_significant_detected_blocker,"[""conditional_compilation""]",medium
2,redis-plus-plus,397f9c7be0eb82ce92545f259a7f66ab992bd7ee,src/sw/redis++/cmd_formatter.h,956,958,function,punsubscribe,3,"{""bitfield"": false, ""branch_complexity_proxy"": 0, ""c_array"": false, ""call_count"": 4, ""callback"": false, ""calloc"": false, ""conditional_compilation"": true, ""explicit_abi_boundary"": false, ""extern_declaration"": false, ""extern_or_abi_boundary"": false, ""flexible_array"": false, ""free"": false, ""function_pointer"": false, ""generated_source"": false, ""global_read"": false, ""global_write"": false, ""goto"": false, ""lexical_ambiguity"": false, ""longjmp"": false, ""macro_density"": 0.0, ""macro_generated_declaration"": false, ""macro_use"": false, ""malloc"": false, ""memcpy"": false, ""memmove"": false, ""memset"": false, ""mutable_global"": false, ""parameter_count"": 1, ""platform_specific"": false, ""pointer_arithmetic"": false, ""pointer_count"": 0, ""pointer_to_pointer"": false, ""raw_pointer_parameter"": false, ""raw_pointer_return"": false, ""realloc"": false, ""setjmp"": false, ""static_local"": false, ""syscall"": false, ""third_party"": false, ""union"": false, ""va_list"": false, ""variadic"": false, ""void_pointer"": false}",TRIVIAL,no_significant_detected_blocker,"[""conditional_compilation""]",medium
2,redis-plus-plus,397f9c7be0eb82ce92545f259a7f66ab992bd7ee,src/sw/redis++/cmd_formatter.h,961,968,function,punsubscribe_range,8,"{""bitfield"": false, ""branch_complexity_proxy"": 0, ""c_array"": false, ""call_count"": 4, ""callback"": false, ""calloc"": false, ""conditional_compilation"": true, ""explicit_abi_boundary"": false, ""extern_declaration"": false, ""extern_or_abi_boundary"": false, ""flexible_array"": false, ""free"": false, ""function_pointer"": false, ""generated_source"": false, ""global_read"": false, ""global_write"": false, ""goto"": false, ""lexical_ambiguity"": false, ""longjmp"": false, ""macro_density"": 0.0, ""macro_generated_declaration"": false, ""macro_use"": false, ""malloc"": false, ""memcpy"": false, ""memmove"": false, ""memset"": false, ""mutable_global"": false, ""parameter_count"": 2, ""platform_specific"": false, ""pointer_arithmetic"": false, ""pointer_count"": 0, ""pointer_to_pointer"": false, ""raw_pointer_parameter"": false, ""raw_pointer_return"": false, ""realloc"": false, ""setjmp"": false, ""static_local"": false, ""syscall"": false, ""third_party"": false, ""union"": false, ""va_list"": false, ""variadic"": false, ""void_pointer"": false}",TRIVIAL,no_significant_detected_blocker,"[""conditional_compilation""]",medium
2,redis-plus-plus,397f9c7be0eb82ce92545f259a7f66ab992bd7ee,src/sw/redis++/cmd_formatter.h,970,972,function,subscribe,3,"{""bitfield"": false, ""branch_complexity_proxy"": 0, ""c_array"": false, ""call_count"": 4, ""callback"": false, ""calloc"": false, ""conditional_compilation"": true, ""explicit_abi_boundary"": false, ""extern_declaration"": false, ""extern_or_abi_boundary"": false, ""flexible_array"": false, ""free"": false, ""function_pointer"": false, ""generated_source"": false, ""global_read"": false, ""global_write"": false, ""goto"": false, ""lexical_ambiguity"": false, ""longjmp"": false, ""macro_density"": 0.0, ""macro_generated_declaration"": false, ""macro_use"": false, ""malloc"": false, ""memcpy"": false, ""memmove"": false, ""memset"": false, ""mutable_global"": false, ""parameter_count"": 1, ""platform_specific"": false, ""pointer_arithmetic"": false, ""pointer_count"": 0, ""pointer_to_pointer"": false, ""raw_pointer_parameter"": false, ""raw_pointer_return"": false, ""realloc"": false, ""setjmp"": false, ""static_local"": false, ""syscall"": false, ""third_party"": false, ""union"": false, ""va_list"": false, ""variadic"": false, ""void_pointer"": false}",TRIVIAL,no_significant_detected_blocker,"[""conditional_compilation""]",medium
2,redis-plus-plus,397f9c7be0eb82ce92545f259a7f66ab992bd7ee,src/sw/redis++/cmd_formatter.h,975,982,function,subscribe_range,8,"{""bitfield"": false, ""branch_complexity_proxy"": 0, ""c_array"": false, ""call_count"": 4, ""callback"": false, ""calloc"": false, ""conditional_compilation"": true, ""explicit_abi_boundary"": false, ""extern_declaration"": false, ""extern_or_abi_boundary"": false, ""flexible_array"": false, ""free"": false, ""function_pointer"": false, ""generated_source"": false, ""global_read"": false, ""global_write"": false, ""goto"": false, ""lexical_ambiguity"": false, ""longjmp"": false, ""macro_density"": 0.0, ""macro_generated_declaration"": false, ""macro_use"": false, ""malloc"": false, ""memcpy"": false, ""memmove"": false, ""memset"": false, ""mutable_global"": false, ""parameter_count"": 2, ""platform_specific"": false, ""pointer_arithmetic"": false, ""pointer_count"": 0, ""pointer_to_pointer"": false, ""raw_pointer_parameter"": false, ""raw_pointer_return"": false, ""realloc"": false, ""setjmp"": false, ""static_local"": false, ""syscall"": false, ""third_party"": false, ""union"": false, ""va_list"": false, ""variadic"": false, ""void_pointer"": false}",TRIVIAL,no_significant_detected_blocker,"[""conditional_compilation""]",medium
2,redis-plus-plus,397f9c7be0eb82ce92545f259a7f66ab992bd7ee,src/sw/redis++/cmd_formatter.h,984,986,function,unsubscribe,3,"{""bitfield"": false, ""branch_complexity_proxy"": 0, ""c_array"": false, ""call_count"": 2, ""callback"": false, ""calloc"": false, ""conditional_compilation"": true, ""explicit_abi_boundary"": false, ""extern_declaration"": false, ""extern_or_abi_boundary"": false, ""flexible_array"": false, ""free"": false, ""function_pointer"": false, ""generated_source"": false, ""global_read"": false, ""global_write"": false, ""goto"": false, ""lexical_ambiguity"": false, ""longjmp"": false, ""macro_density"": 0.0, ""macro_generated_declaration"": false, ""macro_use"": false, ""malloc"": false, ""memcpy"": false, ""memmove"": false, ""memset"": false, ""mutable_global"": false, ""parameter_count"": 0, ""platform_specific"": false, ""pointer_arithmetic"": false, ""pointer_count"": 0, ""pointer_to_pointer"": false, ""raw_pointer_parameter"": false, ""raw_pointer_return"": false, ""realloc"": false, ""setjmp"": false, ""static_local"": false, ""syscall"": false, ""third_party"": false, ""union"": false, ""va_list"": false, ""variadic"": false, ""void_pointer"": false}",TRIVIAL,no_significant_detected_blocker,"[""conditional_compilation""]",medium
2,redis-plus-plus,397f9c7be0eb82ce92545f259a7f66ab992bd7ee,src/sw/redis++/cmd_formatter.h,988,990,function,unsubscribe,3,"{""bitfield"": false, ""branch_complexity_proxy"": 0, ""c_array"": false, ""call_count"": 4, ""callback"": false, ""calloc"": false, ""conditional_compilation"": true, ""explicit_abi_boundary"": false, ""extern_declaration"": false, ""extern_or_abi_boundary"": false, ""flexible_array"": false, ""free"": false, ""function_pointer"": false, ""generated_source"": false, ""global_read"": false, ""global_write"": false, ""goto"": false, ""lexical_ambiguity"": false, ""longjmp"": false, ""macro_density"": 0.0, ""macro_generated_declaration"": false, ""macro_use"": false, ""malloc"": false, ""memcpy"": false, ""memmove"": false, ""memset"": false, ""mutable_global"": false, ""parameter_count"": 1, ""platform_specific"": false, ""pointer_arithmetic"": false, ""pointer_count"": 0, ""pointer_to_pointer"": false, ""raw_pointer_parameter"": false, ""raw_pointer_return"": false, ""realloc"": false, ""setjmp"": false, ""static_local"": false, ""syscall"": false, ""third_party"": false, ""union"": false, ""va_list"": false, ""variadic"": false, ""void_pointer"": false}",TRIVIAL,no_significant_detected_blocker,"[""conditional_compilation""]",medium
2,redis-plus-plus,397f9c7be0eb82ce92545f259a7f66ab992bd7ee,src/sw/redis++/cmd_formatter.h,993,1000,function,unsubscribe_range,8,"{""bitfield"": false, ""branch_complexity_proxy"": 0, ""c_array"": false, ""call_count"": 4, ""callback"": false, ""calloc"": false, ""conditional_compilation"": true, ""explicit_abi_boundary"": false, ""extern_declaration"": false, ""extern_or_abi_boundary"": false, ""flexible_array"": false, ""free"": false, ""function_pointer"": false, ""generated_source"": false, ""global_read"": false, ""global_write"": false, ""goto"": false, ""lexical_ambiguity"": false, ""longjmp"": false, ""macro_density"": 0.0, ""macro_generated_declaration"": false, ""macro_use"": false, ""malloc"": false, ""memcpy"": false, ""memmove"": false, ""memset"": false, ""mutable_global"": false, ""parameter_count"": 2, ""platform_specific"": false, ""pointer_arithmetic"": false, ""pointer_count"": 0, ""pointer_to_pointer"": false, ""raw_pointer_parameter"": false, ""raw_pointer_return"": false, ""realloc"": false, ""setjmp"": false, ""static_local"": false, ""syscall"": false, ""third_party"": false, ""union"": false, ""va_list"": false, ""variadic"": false, ""void_pointer"": false}",TRIVIAL,no_significant_detected_blocker,"[""conditional_compilation""]",medium
2,redis-plus-plus,397f9c7be0eb82ce92545f259a7f66ab992bd7ee,src/sw/redis++/cmd_formatter.h,1002,1004,function,ssubscribe,3,"{""bitfield"": false, ""branch_complexity_proxy"": 0, ""c_array"": false, ""call_count"": 4, ""callback"": false, ""calloc"": false, ""conditional_compilation"": true, ""explicit_abi_boundary"": false, ""extern_declaration"": false, ""extern_or_abi_boundary"": false, ""flexible_array"": false, ""free"": false, ""function_pointer"": false, ""generated_source"": false, ""global_read"": false, ""global_write"": false, ""goto"": false, ""lexical_ambiguity"": false, ""longjmp"": false, ""macro_density"": 0.0, ""macro_generated_declaration"": false, ""macro_use"": false, ""malloc"": false, ""memcpy"": false, ""memmove"": false, ""memset"": false, ""mutable_global"": false, ""parameter_count"": 1, ""platform_specific"": false, ""pointer_arithmetic"": false, ""pointer_count"": 0, ""pointer_to_pointer"": false, ""raw_pointer_parameter"": false, ""raw_pointer_return"": false, ""realloc"": false, ""setjmp"": false, ""static_local"": false, ""syscall"": false, ""third_party"": false, ""union"": false, ""va_list"": false, ""variadic"": false, ""void_pointer"": false}",TRIVIAL,no_significant_detected_blocker,"[""conditional_compilation""]",medium
2,redis-plus-plus,397f9c7be0eb82ce92545f259a7f66ab992bd7ee,src/sw/redis++/cmd_formatter.h,1007,1014,function,ssubscribe_range,8,"{""bitfield"": false, ""branch_complexity_proxy"": 0, ""c_array"": false, ""call_count"": 4, ""callback"": false, ""calloc"": false, ""conditional_compilation"": true, ""explicit_abi_boundary"": false, ""extern_declaration"": false, ""extern_or_abi_boundary"": false, ""flexible_array"": false, ""free"": false, ""function_pointer"": false, ""generated_source"": false, ""global_read"": false, ""global_write"": false, ""goto"": false, ""lexical_ambiguity"": false, ""longjmp"": false, ""macro_density"": 0.0, ""macro_generated_declaration"": false, ""macro_use"": false, ""malloc"": false, ""memcpy"": false, ""memmove"": false, ""memset"": false, ""mutable_global"": false, ""parameter_count"": 2, ""platform_specific"": false, ""pointer_arithmetic"": false, ""pointer_count"": 0, ""pointer_to_pointer"": false, ""raw_pointer_parameter"": false, ""raw_pointer_return"": false, ""realloc"": false, ""setjmp"": false, ""static_local"": false, ""syscall"": false, ""third_party"": false, ""union"": false, ""va_list"": false, ""variadic"": false, ""void_pointer"": false}",TRIVIAL,no_significant_detected_blocker,"[""conditional_compilation""]",medium
2,redis-plus-plus,397f9c7be0eb82ce92545f259a7f66ab992bd7ee,src/sw/redis++/cmd_formatter.h,1016,1018,function,sunsubscribe,3,"{""bitfield"": false, ""branch_complexity_proxy"": 0, ""c_array"": false, ""call_count"": 2, ""callback"": false, ""calloc"": false, ""conditional_compilation"": true, ""explicit_abi_boundary"": false, ""extern_declaration"": false, ""extern_or_abi_boundary"": false, ""flexible_array"": false, ""free"": false, ""function_pointer"": false, ""generated_source"": false, ""global_read"": false, ""global_write"": false, ""goto"": false, ""lexical_ambiguity"": false, ""longjmp"": false, ""macro_density"": 0.0, ""macro_generated_declaration"": false, ""macro_use"": false, ""malloc"": false, ""memcpy"": false, ""memmove"": false, ""memset"": false, ""mutable_global"": false, ""parameter_count"": 0, ""platform_specific"": false, ""pointer_arithmetic"": false, ""pointer_count"": 0, ""pointer_to_pointer"": false, ""raw_pointer_parameter"": false, ""raw_pointer_return"": false, ""realloc"": false, ""setjmp"": false, ""static_local"": false, ""syscall"": false, ""third_party"": false, ""union"": false, ""va_list"": false, ""variadic"": false, ""void_pointer"": false}",TRIVIAL,no_significant_detected_blocker,"[""conditional_compilation""]",medium
2,redis-plus-plus,397f9c7be0eb82ce92545f259a7f66ab992bd7ee,src/sw/redis++/cmd_formatter.h,1020,1022,function,sunsubscribe,3,"{""bitfield"": false, ""branch_complexity_proxy"": 0, ""c_array"": false, ""call_count"": 4, ""callback"": false, ""calloc"": false, ""conditional_compilation"": true, ""explicit_abi_boundary"": false, ""extern_declaration"": false, ""extern_or_abi_boundary"": false, ""flexible_array"": false, ""free"": false, ""function_pointer"": false, ""generated_source"": false, ""global_read"": false, ""global_write"": false, ""goto"": false, ""lexical_ambiguity"": false, ""longjmp"": false, ""macro_density"": 0.0, ""macro_generated_declaration"": false, ""macro_use"": false, ""malloc"": false, ""memcpy"": false, ""memmove"": false, ""memset"": false, ""mutable_global"": false, ""parameter_count"": 1, ""platform_specific"": false, ""pointer_arithmetic"": false, ""pointer_count"": 0, ""pointer_to_pointer"": false, ""raw_pointer_parameter"": false, ""raw_pointer_return"": false, ""realloc"": false, ""setjmp"": false, ""static_local"": false, ""syscall"": false, ""third_party"": false, ""union"": false, ""va_list"": false, ""variadic"": false, ""void_pointer"": false}",TRIVIAL,no_significant_detected_blocker,"[""conditional_compilation""]",medium
2,redis-plus-plus,397f9c7be0eb82ce92545f259a7f66ab992bd7ee,src/sw/redis++/cmd_formatter.h,1025,1032,function,sunsubscribe_range,8,"{""bitfield"": false, ""branch_complexity_proxy"": 0, ""c_array"": false, ""call_count"": 4, ""callback"": false, ""calloc"": false, ""conditional_compilation"": true, ""explicit_abi_boundary"": false, ""extern_declaration"": false, ""extern_or_abi_boundary"": false, ""flexible_array"": false, ""free"": false, ""function_pointer"": false, ""generated_source"": false, ""global_read"": false, ""global_write"": false, ""goto"": false, ""lexical_ambiguity"": false, ""longjmp"": false, ""macro_density"": 0.0, ""macro_generated_declaration"": false, ""macro_use"": false, ""malloc"": false, ""memcpy"": false, ""memmove"": false, ""memset"": false, ""mutable_global"": false, ""parameter_count"": 2, ""platform_specific"": false, ""pointer_arithmetic"": false, ""pointer_count"": 0, ""pointer_to_pointer"": false, ""raw_pointer_parameter"": false, ""raw_pointer_return"": false, ""realloc"": false, ""setjmp"": false, ""static_local"": false, ""syscall"": false, ""third_party"": false, ""union"": false, ""va_list"": false, ""variadic"": false, ""void_pointer"": false}",TRIVIAL,no_significant_detected_blocker,"[""conditional_compilation""]",medium
2,redis-plus-plus,397f9c7be0eb82ce92545f259a7f66ab992bd7ee,src/sw/redis++/cmd_formatter.h,1036,1049,function,xread,14,"{""bitfield"": false, ""branch_complexity_proxy"": 1, ""c_array"": false, ""call_count"": 12, ""callback"": false, ""calloc"": false, ""conditional_compilation"": true, ""explicit_abi_boundary"": false, ""extern_declaration"": false, ""extern_or_abi_boundary"": false, ""flexible_array"": false, ""free"": false, ""function_pointer"": false, ""generated_source"": false, ""global_read"": false, ""global_write"": false, ""goto"": false, ""lexical_ambiguity"": false, ""longjmp"": false, ""macro_density"": 0.0, ""macro_generated_declaration"": false, ""macro_use"": false, ""malloc"": false, ""memcpy"": false, ""memmove"": false, ""memset"": false, ""mutable_global"": false, ""parameter_count"": 4, ""platform_specific"": false, ""pointer_arithmetic"": false, ""pointer_count"": 0, ""pointer_to_pointer"": false, ""raw_pointer_parameter"": false, ""raw_pointer_return"": false, ""realloc"": false, ""setjmp"": false, ""static_local"": false, ""syscall"": false, ""third_party"": false, ""union"": false, ""va_list"": false, ""variadic"": false, ""void_pointer"": false}",TRIVIAL,no_significant_detected_blocker,"[""conditional_compilation""]",medium
2,redis-plus-plus,397f9c7be0eb82ce92545f259a7f66ab992bd7ee,src/sw/redis++/cmd_formatter.h,1052,1065,function,xread_range,14,"{""bitfield"": false, ""branch_complexity_proxy"": 2, ""c_array"": false, ""call_count"": 4, ""callback"": false, ""calloc"": false, ""conditional_compilation"": true, ""explicit_abi_boundary"": false, ""extern_declaration"": false, ""extern_or_abi_boundary"": false, ""flexible_array"": false, ""free"": false, ""function_pointer"": false, ""generated_source"": false, ""global_read"": false, ""global_write"": false, ""goto"": false, ""lexical_ambiguity"": false, ""longjmp"": false, ""macro_density"": 0.0, ""macro_generated_declaration"": false, ""macro_use"": false, ""malloc"": false, ""memcpy"": false, ""memmove"": false, ""memset"": false, ""mutable_global"": false, ""parameter_count"": 3, ""platform_specific"": false, ""pointer_arithmetic"": false, ""pointer_count"": 0, ""pointer_to_pointer"": false, ""raw_pointer_parameter"": false, ""raw_pointer_return"": false, ""realloc"": false, ""setjmp"": false, ""static_local"": false, ""syscall"": false, ""third_party"": false, ""union"": false, ""va_list"": false, ""variadic"": false, ""void_pointer"": false}",TRIVIAL,no_significant_detected_blocker,"[""conditional_compilation""]",medium
2,redis-plus-plus,397f9c7be0eb82ce92545f259a7f66ab992bd7ee,src/sw/redis++/co_redis.h,50,50,function,CoRedis,1,"{""bitfield"": false, ""branch_complexity_proxy"": 0, ""c_array"": false, ""call_count"": 3, ""callback"": false, ""calloc"": false, ""conditional_compilation"": true, ""explicit_abi_boundary"": false, ""extern_declaration"": false, ""extern_or_abi_boundary"": false, ""flexible_array"": false, ""free"": false, ""function_pointer"": false, ""generated_source"": false, ""global_read"": false, ""global_write"": false, ""goto"": false, ""lexical_ambiguity"": false, ""longjmp"": false, ""macro_density"": 0.0, ""macro_generated_declaration"": false, ""macro_use"": false, ""malloc"": false, ""memcpy"": false, ""memmove"": false, ""memset"": false, ""mutable_global"": false, ""parameter_count"": 1, ""platform_specific"": false, ""pointer_arithmetic"": false, ""pointer_count"": 0, ""pointer_to_pointer"": false, ""raw_pointer_parameter"": false, ""raw_pointer_return"": false, ""realloc"": false, ""setjmp"": false, ""static_local"": false, ""syscall"": false, ""third_party"": false, ""union"": false, ""va_list"": false, ""variadic"": false, ""void_pointer"": false}",TRIVIAL,no_significant_detected_blocker,"[""conditional_compilation""]",medium
2,redis-plus-plus,397f9c7be0eb82ce92545f259a7f66ab992bd7ee,src/sw/redis++/co_redis.h,74,81,function,await_suspend,8,"{""bitfield"": false, ""branch_complexity_proxy"": 0, ""c_array"": false, ""call_count"": 4, ""callback"": false, ""calloc"": false, ""conditional_compilation"": true, ""explicit_abi_boundary"": false, ""extern_declaration"": false, ""extern_or_abi_boundary"": false, ""flexible_array"": false, ""free"": false, ""function_pointer"": false, ""generated_source"": false, ""global_read"": false, ""global_write"": false, ""goto"": false, ""lexical_ambiguity"": false, ""longjmp"": false, ""macro_density"": 0.0, ""macro_generated_declaration"": false, ""macro_use"": false, ""malloc"": false, ""memcpy"": false, ""memmove"": false, ""memset"": false, ""mutable_global"": false, ""parameter_count"": 1, ""platform_specific"": false, ""pointer_arithmetic"": false, ""pointer_count"": 0, ""pointer_to_pointer"": false, ""raw_pointer_parameter"": false, ""raw_pointer_return"": false, ""realloc"": false, ""setjmp"": false, ""static_local"": false, ""syscall"": false, ""third_party"": false, ""union"": false, ""va_list"": false, ""variadic"": false, ""void_pointer"": false}",TRIVIAL,no_significant_detected_blocker,"[""conditional_compilation""]",medium
2,redis-plus-plus,397f9c7be0eb82ce92545f259a7f66ab992bd7ee,src/sw/redis++/co_redis.h,83,85,function,await_resume,3,"{""bitfield"": false, ""branch_complexity_proxy"": 0, ""c_array"": false, ""call_count"": 2, ""callback"": false, ""calloc"": false, ""conditional_compilation"": true, ""explicit_abi_boundary"": false, ""extern_declaration"": false, ""extern_or_abi_boundary"": false, ""flexible_array"": false, ""free"": false, ""function_pointer"": false, ""generated_source"": false, ""global_read"": false, ""global_write"": false, ""goto"": false, ""lexical_ambiguity"": false, ""longjmp"": false, ""macro_density"": 0.0, ""macro_generated_declaration"": false, ""macro_use"": false, ""malloc"": false, ""memcpy"": false, ""memmove"": false, ""memset"": false, ""mutable_global"": false, ""parameter_count"": 0, ""platform_specific"": false, ""pointer_arithmetic"": false, ""pointer_count"": 0, ""pointer_to_pointer"": false, ""raw_pointer_parameter"": false, ""raw_pointer_return"": false, ""realloc"": false, ""setjmp"": false, ""static_local"": false, ""syscall"": false, ""third_party"": false, ""union"": false, ""va_list"": false, ""variadic"": false, ""void_pointer"": false}",TRIVIAL,no_significant_detected_blocker,"[""conditional_compilation""]",medium
2,redis-plus-plus,397f9c7be0eb82ce92545f259a7f66ab992bd7ee,src/sw/redis++/co_redis.h,107,114,function,await_suspend,8,"{""bitfield"": false, ""branch_complexity_proxy"": 0, ""c_array"": false, ""call_count"": 4, ""callback"": false, ""calloc"": false, ""conditional_compilation"": true, ""explicit_abi_boundary"": false, ""extern_declaration"": false, ""extern_or_abi_boundary"": false, ""flexible_array"": false, ""free"": false, ""function_pointer"": false, ""generated_source"": false, ""global_read"": false, ""global_write"": false, ""goto"": false, ""lexical_ambiguity"": false, ""longjmp"": false, ""macro_density"": 0.0, ""macro_generated_declaration"": false, ""macro_use"": false, ""malloc"": false, ""memcpy"": false, ""memmove"": false, ""memset"": false, ""mutable_global"": false, ""parameter_count"": 1, ""platform_specific"": false, ""pointer_arithmetic"": false, ""pointer_count"": 0, ""pointer_to_pointer"": false, ""raw_pointer_parameter"": false, ""raw_pointer_return"": false, ""realloc"": false, ""setjmp"": false, ""static_local"": false, ""syscall"": false, ""third_party"": false, ""union"": false, ""va_list"": false, ""variadic"": false, ""void_pointer"": false}",TRIVIAL,no_significant_detected_blocker,"[""conditional_compilation""]",medium
2,redis-plus-plus,397f9c7be0eb82ce92545f259a7f66ab992bd7ee,src/sw/redis++/co_redis.h,116,118,function,await_resume,3,"{""bitfield"": false, ""branch_complexity_proxy"": 0, ""c_array"": false, ""call_count"": 2, ""callback"": false, ""calloc"": false, ""conditional_compilation"": true, ""explicit_abi_boundary"": false, ""extern_declaration"": false, ""extern_or_abi_boundary"": false, ""flexible_array"": false, ""free"": false, ""function_pointer"": false, ""generated_source"": false, ""global_read"": false, ""global_write"": false, ""goto"": false, ""lexical_ambiguity"": false, ""longjmp"": false, ""macro_density"": 0.0, ""macro_generated_declaration"": false, ""macro_use"": false, ""malloc"": false, ""memcpy"": false, ""memmove"": false, ""memset"": false, ""mutable_global"": false, ""parameter_count"": 0, ""platform_specific"": false, ""pointer_arithmetic"": false, ""pointer_count"": 0, ""pointer_to_pointer"": false, ""raw_pointer_parameter"": false, ""raw_pointer_return"": false, ""realloc"": false, ""setjmp"": false, ""static_local"": false, ""syscall"": false, ""third_party"": false, ""union"": false, ""va_list"": false, ""variadic"": false, ""void_pointer"": false}",TRIVIAL,no_significant_detected_blocker,"[""conditional_compilation""]",medium
2,redis-plus-plus,397f9c7be0eb82ce92545f259a7f66ab992bd7ee,src/sw/redis++/co_redis.h,284,285,function,CoRedis,2,"{""bitfield"": false, ""branch_complexity_proxy"": 0, ""c_array"": false, ""call_count"": 4, ""callback"": false, ""calloc"": false, ""conditional_compilation"": true, ""explicit_abi_boundary"": false, ""extern_declaration"": false, ""extern_or_abi_boundary"": false, ""flexible_array"": false, ""free"": false, ""function_pointer"": false, ""generated_source"": false, ""global_read"": false, ""global_write"": false, ""goto"": false, ""lexical_ambiguity"": false, ""longjmp"": false, ""macro_density"": 0.0, ""macro_generated_declaration"": false, ""macro_use"": false, ""malloc"": false, ""memcpy"": false, ""memmove"": false, ""memset"": false, ""mutable_global"": false, ""parameter_count"": 2, ""platform_specific"": false, ""pointer_arithmetic"": false, ""pointer_count"": 0, ""pointer_to_pointer"": false, ""raw_pointer_parameter"": false, ""raw_pointer_return"": false, ""realloc"": false, ""setjmp"": false, ""static_local"": false, ""syscall"": false, ""third_party"": false, ""union"": false, ""va_list"": false, ""variadic"": false, ""void_pointer"": false}",TRIVIAL,no_significant_detected_blocker,"[""conditional_compilation""]",medium
2,redis-plus-plus,397f9c7be0eb82ce92545f259a7f66ab992bd7ee,src/sw/redis++/co_redis_cluster.h,47,47,function,CoRedisCluster,1,"{""bitfield"": false, ""branch_complexity_proxy"": 0, ""c_array"": false, ""call_count"": 3, ""callback"": false, ""calloc"": false, ""conditional_compilation"": true, ""explicit_abi_boundary"": false, ""extern_declaration"": false, ""extern_or_abi_boundary"": false, ""flexible_array"": false, ""free"": false, ""function_pointer"": false, ""generated_source"": false, ""global_read"": false, ""global_write"": false, ""goto"": false, ""lexical_ambiguity"": false, ""longjmp"": false, ""macro_density"": 0.0, ""macro_generated_declaration"": false, ""macro_use"": false, ""malloc"": false, ""memcpy"": false, ""memmove"": false, ""memset"": false, ""mutable_global"": false, ""parameter_count"": 1, ""platform_specific"": false, ""pointer_arithmetic"": false, ""pointer_count"": 0, ""pointer_to_pointer"": false, ""raw_pointer_parameter"": false, ""raw_pointer_return"": false, ""realloc"": false, ""setjmp"": false, ""static_local"": false, ""syscall"": false, ""third_party"": false, ""union"": false, ""va_list"": false, ""variadic"": false, ""void_pointer"": false}",TRIVIAL,no_significant_detected_blocker,"[""conditional_compilation""]",medium
2,redis-plus-plus,397f9c7be0eb82ce92545f259a7f66ab992bd7ee,src/sw/redis++/co_redis_cluster.h,64,71,function,await_suspend,8,"{""bitfield"": false, ""branch_complexity_proxy"": 0, ""c_array"": false, ""call_count"": 4, ""callback"": false, ""calloc"": false, ""conditional_compilation"": true, ""explicit_abi_boundary"": false, ""extern_declaration"": false, ""extern_or_abi_boundary"": false, ""flexible_array"": false, ""free"": false, ""function_pointer"": false, ""generated_source"": false, ""global_read"": false, ""global_write"": false, ""goto"": false, ""lexical_ambiguity"": false, ""longjmp"": false, ""macro_density"": 0.0, ""macro_generated_declaration"": false, ""macro_use"": false, ""malloc"": false, ""memcpy"": false, ""memmove"": false, ""memset"": false, ""mutable_global"": false, ""parameter_count"": 1, ""platform_specific"": false, ""pointer_arithmetic"": false, ""pointer_count"": 0, ""pointer_to_pointer"": false, ""raw_pointer_parameter"": false, ""raw_pointer_return"": false, ""realloc"": false, ""setjmp"": false, ""static_local"": false, ""syscall"": false, ""third_party"": false, ""union"": false, ""va_list"": false, ""variadic"": false, ""void_pointer"": false}",TRIVIAL,no_significant_detected_blocker,"[""conditional_compilation""]",medium
2,redis-plus-plus,397f9c7be0eb82ce92545f259a7f66ab992bd7ee,src/sw/redis++/co_redis_cluster.h,73,75,function,await_resume,3,"{""bitfield"": false, ""branch_complexity_proxy"": 0, ""c_array"": false, ""call_count"": 2, ""callback"": false, ""calloc"": false, ""conditional_compilation"": true, ""explicit_abi_boundary"": false, ""extern_declaration"": false, ""extern_or_abi_boundary"": false, ""flexible_array"": false, ""free"": false, ""function_pointer"": false, ""generated_source"": false, ""global_read"": false, ""global_write"": false, ""goto"": false, ""lexical_ambiguity"": false, ""longjmp"": false, ""macro_density"": 0.0, ""macro_generated_declaration"": false, ""macro_use"": false, ""malloc"": false, ""memcpy"": false, ""memmove"": false, ""memset"": false, ""mutable_global"": false, ""parameter_count"": 0, ""platform_specific"": false, ""pointer_arithmetic"": false, ""pointer_count"": 0, ""pointer_to_pointer"": false, ""raw_pointer_parameter"": false, ""raw_pointer_return"": false, ""realloc"": false, ""setjmp"": false, ""static_local"": false, ""syscall"": false, ""third_party"": false, ""union"": false, ""va_list"": false, ""variadic"": false, ""void_pointer"": false}",TRIVIAL,no_significant_detected_blocker,"[""conditional_compilation""]",medium
2,redis-plus-plus,397f9c7be0eb82ce92545f259a7f66ab992bd7ee,src/sw/redis++/co_redis_cluster.h,100,107,function,await_suspend,8,"{""bitfield"": false, ""branch_complexity_proxy"": 0, ""c_array"": false, ""call_count"": 4, ""callback"": false, ""calloc"": false, ""conditional_compilation"": true, ""explicit_abi_boundary"": false, ""extern_declaration"": false, ""extern_or_abi_boundary"": false, ""flexible_array"": false, ""free"": false, ""function_pointer"": false, ""generated_source"": false, ""global_read"": false, ""global_write"": false, ""goto"": false, ""lexical_ambiguity"": false, ""longjmp"": false, ""macro_density"": 0.0, ""macro_generated_declaration"": false, ""macro_use"": false, ""malloc"": false, ""memcpy"": false, ""memmove"": false, ""memset"": false, ""mutable_global"": false, ""parameter_count"": 1, ""platform_specific"": false, ""pointer_arithmetic"": false, ""pointer_count"": 0, ""pointer_to_pointer"": false, ""raw_pointer_parameter"": false, ""raw_pointer_return"": false, ""realloc"": false, ""setjmp"": false, ""static_local"": false, ""syscall"": false, ""third_party"": false, ""union"": false, ""va_list"": false, ""variadic"": false, ""void_pointer"": false}",TRIVIAL,no_significant_detected_blocker,"[""conditional_compilation""]",medium
2,redis-plus-plus,397f9c7be0eb82ce92545f259a7f66ab992bd7ee,src/sw/redis++/co_redis_cluster.h,109,111,function,await_resume,3,"{""bitfield"": false, ""branch_complexity_proxy"": 0, ""c_array"": false, ""call_count"": 2, ""callback"": false, ""calloc"": false, ""conditional_compilation"": true, ""explicit_abi_boundary"": false, ""extern_declaration"": false, ""extern_or_abi_boundary"": false, ""flexible_array"": false, ""free"": false, ""function_pointer"": false, ""generated_source"": false, ""global_read"": false, ""global_write"": false, ""goto"": false, ""lexical_ambiguity"": false, ""longjmp"": false, ""macro_density"": 0.0, ""macro_generated_declaration"": false, ""macro_use"": false, ""malloc"": false, ""memcpy"": false, ""memmove"": false, ""memset"": false, ""mutable_global"": false, ""parameter_count"": 0, ""platform_specific"": false, ""pointer_arithmetic"": false, ""pointer_count"": 0, ""pointer_to_pointer"": false, ""raw_pointer_parameter"": false, ""raw_pointer_return"": false, ""realloc"": false, ""setjmp"": false, ""static_local"": false, ""syscall"": false, ""third_party"": false, ""union"": false, ""va_list"": false, ""variadic"": false, ""void_pointer"": false}",TRIVIAL,no_significant_detected_blocker,"[""conditional_compilation""]",medium
2,redis-plus-plus,397f9c7be0eb82ce92545f259a7f66ab992bd7ee,src/sw/redis++/co_redis_cluster.h,289,290,function,CoRedisCluster,2,"{""bitfield"": false, ""branch_complexity_proxy"": 0, ""c_array"": false, ""call_count"": 4, ""callback"": false, ""calloc"": false, ""conditional_compilation"": true, ""explicit_abi_boundary"": false, ""extern_declaration"": false, ""extern_or_abi_boundary"": false, ""flexible_array"": false, ""free"": false, ""function_pointer"": false, ""generated_source"": false, ""global_read"": false, ""global_write"": false, ""goto"": false, ""lexical_ambiguity"": false, ""longjmp"": false, ""macro_density"": 0.0, ""macro_generated_declaration"": false, ""macro_use"": false, ""malloc"": false, ""memcpy"": false, ""memmove"": false, ""memset"": false, ""mutable_global"": false, ""parameter_count"": 2, ""platform_specific"": false, ""pointer_arithmetic"": false, ""pointer_count"": 0, ""pointer_to_pointer"": false, ""raw_pointer_parameter"": false, ""raw_pointer_return"": false, ""realloc"": false, ""setjmp"": false, ""static_local"": false, ""syscall"": false, ""third_party"": false, ""union"": false, ""va_list"": false, ""variadic"": false, ""void_pointer"": false}",TRIVIAL,no_significant_detected_blocker,"[""conditional_compilation""]",medium
2,redis-plus-plus,397f9c7be0eb82ce92545f259a7f66ab992bd7ee,src/sw/redis++/command.cpp,28,41,function,restore,14,"{""bitfield"": false, ""branch_complexity_proxy"": 1, ""c_array"": false, ""call_count"": 3, ""callback"": false, ""calloc"": false, ""conditional_compilation"": false, ""explicit_abi_boundary"": false, ""extern_declaration"": false, ""extern_or_abi_boundary"": false, ""flexible_array"": false, ""free"": false, ""function_pointer"": false, ""generated_source"": false, ""global_read"": false, ""global_write"": false, ""goto"": false, ""lexical_ambiguity"": false, ""longjmp"": false, ""macro_density"": 0.0, ""macro_generated_declaration"": false, ""macro_use"": false, ""malloc"": false, ""memcpy"": false, ""memmove"": false, ""memset"": false, ""mutable_global"": false, ""parameter_count"": 5, ""platform_specific"": false, ""pointer_arithmetic"": false, ""pointer_count"": 0, ""pointer_to_pointer"": false, ""raw_pointer_parameter"": false, ""raw_pointer_return"": false, ""realloc"": false, ""setjmp"": false, ""static_local"": false, ""syscall"": false, ""third_party"": false, ""union"": false, ""va_list"": false, ""variadic"": false, ""void_pointer"": false}",TRIVIAL,no_significant_detected_blocker,[],medium
2,redis-plus-plus,397f9c7be0eb82ce92545f259a7f66ab992bd7ee,src/sw/redis++/command.cpp,45,56,function,bitop,12,"{""bitfield"": false, ""branch_complexity_proxy"": 0, ""c_array"": false, ""call_count"": 3, ""callback"": false, ""calloc"": false, ""conditional_compilation"": false, ""explicit_abi_boundary"": false, ""extern_declaration"": false, ""extern_or_abi_boundary"": false, ""flexible_array"": false, ""free"": false, ""function_pointer"": false, ""generated_source"": false, ""global_read"": false, ""global_write"": false, ""goto"": false, ""lexical_ambiguity"": false, ""longjmp"": false, ""macro_density"": 0.0, ""macro_generated_declaration"": false, ""macro_use"": false, ""malloc"": false, ""memcpy"": false, ""memmove"": false, ""memset"": false, ""mutable_global"": false, ""parameter_count"": 4, ""platform_specific"": false, ""pointer_arithmetic"": false, ""pointer_count"": 0, ""pointer_to_pointer"": false, ""raw_pointer_parameter"": false, ""raw_pointer_return"": false, ""realloc"": false, ""setjmp"": false, ""static_local"": false, ""syscall"": false, ""third_party"": false, ""union"": false, ""va_list"": false, ""variadic"": false, ""void_pointer"": false}",TRIVIAL,no_significant_detected_blocker,[],medium
2,redis-plus-plus,397f9c7be0eb82ce92545f259a7f66ab992bd7ee,src/sw/redis++/command.cpp,58,73,function,set,16,"{""bitfield"": false, ""branch_complexity_proxy"": 1, ""c_array"": false, ""call_count"": 4, ""callback"": false, ""calloc"": false, ""conditional_compilation"": false, ""explicit_abi_boundary"": false, ""extern_declaration"": false, ""extern_or_abi_boundary"": false, ""flexible_array"": false, ""free"": false, ""function_pointer"": false, ""generated_source"": false, ""global_read"": false, ""global_write"": false, ""goto"": false, ""lexical_ambiguity"": false, ""longjmp"": false, ""macro_density"": 0.0, ""macro_generated_declaration"": false, ""macro_use"": false, ""malloc"": false, ""memcpy"": false, ""memmove"": false, ""memset"": false, ""mutable_global"": false, ""parameter_count"": 5, ""platform_specific"": false, ""pointer_arithmetic"": false, ""pointer_count"": 0, ""pointer_to_pointer"": false, ""raw_pointer_parameter"": false, ""raw_pointer_return"": false, ""realloc"": false, ""setjmp"": false, ""static_local"": false, ""syscall"": false, ""third_party"": false, ""union"": false, ""va_list"": false, ""variadic"": false, ""void_pointer"": false}",TRIVIAL,no_significant_detected_blocker,[],medium
2,redis-plus-plus,397f9c7be0eb82ce92545f259a7f66ab992bd7ee,src/sw/redis++/command.cpp,75,90,function,set_keepttl,16,"{""bitfield"": false, ""branch_complexity_proxy"": 1, ""c_array"": false, ""call_count"": 4, ""callback"": false, ""calloc"": false, ""conditional_compilation"": false, ""explicit_abi_boundary"": false, ""extern_declaration"": false, ""extern_or_abi_boundary"": false, ""flexible_array"": false, ""free"": false, ""function_pointer"": false, ""generated_source"": false, ""global_read"": false, ""global_write"": false, ""goto"": false, ""lexical_ambiguity"": false, ""longjmp"": false, ""macro_density"": 0.0, ""macro_generated_declaration"": false, ""macro_use"": false, ""malloc"": false, ""memcpy"": false, ""memmove"": false, ""memset"": false, ""mutable_global"": false, ""parameter_count"": 5, ""platform_specific"": false, ""pointer_arithmetic"": false, ""pointer_count"": 0, ""pointer_to_pointer"": false, ""raw_pointer_parameter"": false, ""raw_pointer_return"": false, ""realloc"": false, ""setjmp"": false, ""static_local"": false, ""syscall"": false, ""third_party"": false, ""union"": false, ""va_list"": false, ""variadic"": false, ""void_pointer"": false}",TRIVIAL,no_significant_detected_blocker,[],medium
2,redis-plus-plus,397f9c7be0eb82ce92545f259a7f66ab992bd7ee,src/sw/redis++/command.cpp,92,107,function,set_with_get_option,16,"{""bitfield"": false, ""branch_complexity_proxy"": 1, ""c_array"": false, ""call_count"": 4, ""callback"": false, ""calloc"": false, ""conditional_compilation"": false, ""explicit_abi_boundary"": false, ""extern_declaration"": false, ""extern_or_abi_boundary"": false, ""flexible_array"": false, ""free"": false, ""function_pointer"": false, ""generated_source"": false, ""global_read"": false, ""global_write"": false, ""goto"": false, ""lexical_ambiguity"": false, ""longjmp"": false, ""macro_density"": 0.0, ""macro_generated_declaration"": false, ""macro_use"": false, ""malloc"": false, ""memcpy"": false, ""memmove"": false, ""memset"": false, ""mutable_global"": false, ""parameter_count"": 5, ""platform_specific"": false, ""pointer_arithmetic"": false, ""pointer_count"": 0, ""pointer_to_pointer"": false, ""raw_pointer_parameter"": false, ""raw_pointer_return"": false, ""realloc"": false, ""setjmp"": false, ""static_local"": false, ""syscall"": false, ""third_party"": false, ""union"": false, ""va_list"": false, ""variadic"": false, ""void_pointer"": false}",TRIVIAL,no_significant_detected_blocker,[],medium
2,redis-plus-plus,397f9c7be0eb82ce92545f259a7f66ab992bd7ee,src/sw/redis++/command.cpp,109,124,function,set_with_get_keepttl_option,16,"{""bitfield"": false, ""branch_complexity_proxy"": 1, ""c_array"": false, ""call_count"": 4, ""callback"": false, ""calloc"": false, ""conditional_compilation"": false, ""explicit_abi_boundary"": false, ""extern_declaration"": false, ""extern_or_abi_boundary"": false, ""flexible_array"": false, ""free"": false, ""function_pointer"": false, ""generated_source"": false, ""global_read"": false, ""global_write"": false, ""goto"": false, ""lexical_ambiguity"": false, ""longjmp"": false, ""macro_density"": 0.0, ""macro_generated_declaration"": false, ""macro_use"": false, ""malloc"": false, ""memcpy"": false, ""memmove"": false, ""memset"": false, ""mutable_global"": false, ""parameter_count"": 5, ""platform_specific"": false, ""pointer_arithmetic"": false, ""pointer_count"": 0, ""pointer_to_pointer"": false, ""raw_pointer_parameter"": false, ""raw_pointer_return"": false, ""realloc"": false, ""setjmp"": false, ""static_local"": false, ""syscall"": false, ""third_party"": false, ""union"": false, ""va_list"": false, ""variadic"": false, ""void_pointer"": false}",TRIVIAL,no_significant_detected_blocker,[],medium
2,redis-plus-plus,397f9c7be0eb82ce92545f259a7f66ab992bd7ee,src/sw/redis++/command.cpp,128,152,function,linsert,25,"{""bitfield"": false, ""branch_complexity_proxy"": 2, ""c_array"": false, ""call_count"": 11, ""callback"": false, ""calloc"": false, ""conditional_compilation"": false, ""explicit_abi_boundary"": false, ""extern_declaration"": false, ""extern_or_abi_boundary"": false, ""flexible_array"": false, ""free"": false, ""function_pointer"": false, ""generated_source"": false, ""global_read"": false, ""global_write"": false, ""goto"": false, ""lexical_ambiguity"": false, ""longjmp"": false, ""macro_density"": 0.0, ""macro_generated_declaration"": false, ""macro_use"": false, ""malloc"": false, ""memcpy"": false, ""memmove"": false, ""memset"": false, ""mutable_global"": false, ""parameter_count"": 5, ""platform_specific"": false, ""pointer_arithmetic"": false, ""pointer_count"": 0, ""pointer_to_pointer"": false, ""raw_pointer_parameter"": false, ""raw_pointer_return"": false, ""realloc"": false, ""setjmp"": false, ""static_local"": false, ""syscall"": false, ""third_party"": false, ""union"": false, ""va_list"": false, ""variadic"": false, ""void_pointer"": false}",TRIVIAL,no_significant_detected_blocker,[],medium
2,redis-plus-plus,397f9c7be0eb82ce92545f259a7f66ab992bd7ee,src/sw/redis++/command.cpp,156,167,function,geodist,12,"{""bitfield"": false, ""branch_complexity_proxy"": 0, ""c_array"": false, ""call_count"": 3, ""callback"": false, ""calloc"": false, ""conditional_compilation"": false, ""explicit_abi_boundary"": false, ""extern_declaration"": false, ""extern_or_abi_boundary"": false, ""flexible_array"": false, ""free"": false, ""function_pointer"": false, ""generated_source"": false, ""global_read"": false, ""global_write"": false, ""goto"": false, ""lexical_ambiguity"": false, ""longjmp"": false, ""macro_density"": 0.0, ""macro_generated_declaration"": false, ""macro_use"": false, ""malloc"": false, ""memcpy"": false, ""memmove"": false, ""memset"": false, ""mutable_global"": false, ""parameter_count"": 5, ""platform_specific"": false, ""pointer_arithmetic"": false, ""pointer_count"": 0, ""pointer_to_pointer"": false, ""raw_pointer_parameter"": false, ""raw_pointer_return"": false, ""realloc"": false, ""setjmp"": false, ""static_local"": false, ""syscall"": false, ""third_party"": false, ""union"": false, ""va_list"": false, ""variadic"": false, ""void_pointer"": false}",TRIVIAL,no_significant_detected_blocker,[],medium
2,redis-plus-plus,397f9c7be0eb82ce92545f259a7f66ab992bd7ee,src/sw/redis++/command.cpp,169,188,function,georadius_store,20,"{""bitfield"": false, ""branch_complexity_proxy"": 0, ""c_array"": false, ""call_count"": 3, ""callback"": false, ""calloc"": false, ""conditional_compilation"": false, ""explicit_abi_boundary"": false, ""extern_declaration"": false, ""extern_or_abi_boundary"": false, ""flexible_array"": false, ""free"": false, ""function_pointer"": false, ""generated_source"": false, ""global_read"": false, ""global_write"": false, ""goto"": false, ""lexical_ambiguity"": false, ""longjmp"": false, ""macro_density"": 0.0, ""macro_generated_declaration"": false, ""macro_use"": false, ""malloc"": false, ""memcpy"": false, ""memmove"": false, ""memset"": false, ""mutable_global"": false, ""parameter_count"": 9, ""platform_specific"": false, ""pointer_arithmetic"": false, ""pointer_count"": 0, ""pointer_to_pointer"": false, ""raw_pointer_parameter"": false, ""raw_pointer_return"": false, ""realloc"": false, ""setjmp"": false, ""static_local"": false, ""syscall"": false, ""third_party"": false, ""union"": false, ""va_list"": false, ""variadic"": false, ""void_pointer"": false}",TRIVIAL,no_significant_detected_blocker,[],medium
2,redis-plus-plus,397f9c7be0eb82ce92545f259a7f66ab992bd7ee,src/sw/redis++/command.cpp,190,213,function,georadius,24,"{""bitfield"": false, ""branch_complexity_proxy"": 0, ""c_array"": false, ""call_count"": 3, ""callback"": false, ""calloc"": false, ""conditional_compilation"": false, ""explicit_abi_boundary"": false, ""extern_declaration"": false, ""extern_or_abi_boundary"": false, ""flexible_array"": false, ""free"": false, ""function_pointer"": false, ""generated_source"": false, ""global_read"": false, ""global_write"": false, ""goto"": false, ""lexical_ambiguity"": false, ""longjmp"": false, ""macro_density"": 0.0, ""macro_generated_declaration"": false, ""macro_use"": false, ""malloc"": false, ""memcpy"": false, ""memmove"": false, ""memset"": false, ""mutable_global"": false, ""parameter_count"": 11, ""platform_specific"": false, ""pointer_arithmetic"": false, ""pointer_count"": 0, ""pointer_to_pointer"": false, ""raw_pointer_parameter"": false, ""raw_pointer_return"": false, ""realloc"": false, ""setjmp"": false, ""static_local"": false, ""syscall"": false, ""third_party"": false, ""union"": false, ""va_list"": false, ""variadic"": false, ""void_pointer"": false}",TRIVIAL,no_significant_detected_blocker,[],medium
2,redis-plus-plus,397f9c7be0eb82ce92545f259a7f66ab992bd7ee,src/sw/redis++/command.cpp,215,238,function,georadiusbymember,24,"{""bitfield"": false, ""branch_complexity_proxy"": 0, ""c_array"": false, ""call_count"": 3, ""callback"": false, ""calloc"": false, ""conditional_compilation"": false, ""explicit_abi_boundary"": false, ""extern_declaration"": false, ""extern_or_abi_boundary"": false, ""flexible_array"": false, ""free"": false, ""function_pointer"": false, ""generated_source"": false, ""global_read"": false, ""global_write"": false, ""goto"": false, ""lexical_ambiguity"": false, ""longjmp"": false, ""macro_density"": 0.0, ""macro_generated_declaration"": false, ""macro_use"": false, ""malloc"": false, ""memcpy"": false, ""memmove"": false, ""memset"": false, ""mutable_global"": false, ""parameter_count"": 10, ""platform_specific"": false, ""pointer_arithmetic"": false, ""pointer_count"": 0, ""pointer_to_pointer"": false, ""raw_pointer_parameter"": false, ""raw_pointer_return"": false, ""realloc"": false, ""setjmp"": false, ""static_local"": false, ""syscall"": false, ""third_party"": false, ""union"": false, ""va_list"": false, ""variadic"": false, ""void_pointer"": false}",TRIVIAL,no_significant_detected_blocker,[],medium
2,redis-plus-plus,397f9c7be0eb82ce92545f259a7f66ab992bd7ee,src/sw/redis++/command.cpp,240,259,function,georadiusbymember_store,20,"{""bitfield"": false, ""branch_complexity_proxy"": 0, ""c_array"": false, ""call_count"": 3, ""callback"": false, ""calloc"": false, ""conditional_compilation"": false, ""explicit_abi_boundary"": false, ""extern_declaration"": false, ""extern_or_abi_boundary"": false, ""flexible_array"": false, ""free"": false, ""function_pointer"": false, ""generated_source"": false, ""global_read"": false, ""global_write"": false, ""goto"": false, ""lexical_ambiguity"": false, ""longjmp"": false, ""macro_density"": 0.0, ""macro_generated_declaration"": false, ""macro_use"": false, ""malloc"": false, ""memcpy"": false, ""memmove"": false, ""memset"": false, ""mutable_global"": false, ""parameter_count"": 8, ""platform_specific"": false, ""pointer_arithmetic"": false, ""pointer_count"": 0, ""pointer_to_pointer"": false, ""raw_pointer_parameter"": false, ""raw_pointer_return"": false, ""realloc"": false, ""setjmp"": false, ""static_local"": false, ""syscall"": false, ""third_party"": false, ""union"": false, ""va_list"": false, ""variadic"": false, ""void_pointer"": false}",TRIVIAL,no_significant_detected_blocker,[],medium
2,redis-plus-plus,397f9c7be0eb82ce92545f259a7f66ab992bd7ee,src/sw/redis++/command.cpp,263,268,function,xtrim,6,"{""bitfield"": false, ""branch_complexity_proxy"": 0, ""c_array"": false, ""call_count"": 3, ""callback"": false, ""calloc"": false, ""conditional_compilation"": false, ""explicit_abi_boundary"": false, ""extern_declaration"": false, ""extern_or_abi_boundary"": false, ""flexible_array"": false, ""free"": false, ""function_pointer"": false, ""generated_source"": false, ""global_read"": false, ""global_write"": false, ""goto"": false, ""lexical_ambiguity"": false, ""longjmp"": false, ""macro_density"": 0.0, ""macro_generated_declaration"": false, ""macro_use"": false, ""malloc"": false, ""memcpy"": false, ""memmove"": false, ""memset"": false, ""mutable_global"": false, ""parameter_count"": 5, ""platform_specific"": false, ""pointer_arithmetic"": false, ""pointer_count"": 0, ""pointer_to_pointer"": false, ""raw_pointer_parameter"": false, ""raw_pointer_return"": false, ""realloc"": false, ""setjmp"": false, ""static_local"": false, ""syscall"": false, ""third_party"": false, ""union"": false, ""va_list"": false, ""variadic"": false, ""void_pointer"": false}",TRIVIAL,no_significant_detected_blocker,[],medium
2,redis-plus-plus,397f9c7be0eb82ce92545f259a7f66ab992bd7ee,src/sw/redis++/command.cpp,270,275,function,xtrim_limit,6,"{""bitfield"": false, ""branch_complexity_proxy"": 0, ""c_array"": false, ""call_count"": 3, ""callback"": false, ""calloc"": false, ""conditional_compilation"": false, ""explicit_abi_boundary"": false, ""extern_declaration"": false, ""extern_or_abi_boundary"": false, ""flexible_array"": false, ""free"": false, ""function_pointer"": false, ""generated_source"": false, ""global_read"": false, ""global_write"": false, ""goto"": false, ""lexical_ambiguity"": false, ""longjmp"": false, ""macro_density"": 0.0, ""macro_generated_declaration"": false, ""macro_use"": false, ""malloc"": false, ""memcpy"": false, ""memmove"": false, ""memset"": false, ""mutable_global"": false, ""parameter_count"": 5, ""platform_specific"": false, ""pointer_arithmetic"": false, ""pointer_count"": 0, ""pointer_to_pointer"": false, ""raw_pointer_parameter"": false, ""raw_pointer_return"": false, ""realloc"": false, ""setjmp"": false, ""static_local"": false, ""syscall"": false, ""third_party"": false, ""union"": false, ""va_list"": false, ""variadic"": false, ""void_pointer"": false}",TRIVIAL,no_significant_detected_blocker,[],medium
2,redis-plus-plus,397f9c7be0eb82ce92545f259a7f66ab992bd7ee,src/sw/redis++/command.cpp,277,285,function,xtrim_string_threshold,9,"{""bitfield"": false, ""branch_complexity_proxy"": 0, ""c_array"": false, ""call_count"": 3, ""callback"": false, ""calloc"": false, ""conditional_compilation"": false, ""explicit_abi_boundary"": false, ""extern_declaration"": false, ""extern_or_abi_boundary"": false, ""flexible_array"": false, ""free"": false, ""function_pointer"": false, ""generated_source"": false, ""global_read"": false, ""global_write"": false, ""goto"": false, ""lexical_ambiguity"": false, ""longjmp"": false, ""macro_density"": 0.0, ""macro_generated_declaration"": false, ""macro_use"": false, ""malloc"": false, ""memcpy"": false, ""memmove"": false, ""memset"": false, ""mutable_global"": false, ""parameter_count"": 5, ""platform_specific"": false, ""pointer_arithmetic"": false, ""pointer_count"": 0, ""pointer_to_pointer"": false, ""raw_pointer_parameter"": false, ""raw_pointer_return"": false, ""realloc"": false, ""setjmp"": false, ""static_local"": false, ""syscall"": false, ""third_party"": false, ""union"": false, ""va_list"": false, ""variadic"": false, ""void_pointer"": false}",TRIVIAL,no_significant_detected_blocker,[],medium
2,redis-plus-plus,397f9c7be0eb82ce92545f259a7f66ab992bd7ee,src/sw/redis++/command.cpp,287,295,function,xtrim_string_threshold_limit,9,"{""bitfield"": false, ""branch_complexity_proxy"": 0, ""c_array"": false, ""call_count"": 3, ""callback"": false, ""calloc"": false, ""conditional_compilation"": false, ""explicit_abi_boundary"": false, ""extern_declaration"": false, ""extern_or_abi_boundary"": false, ""flexible_array"": false, ""free"": false, ""function_pointer"": false, ""generated_source"": false, ""global_read"": false, ""global_write"": false, ""goto"": false, ""lexical_ambiguity"": false, ""longjmp"": false, ""macro_density"": 0.0, ""macro_generated_declaration"": false, ""macro_use"": false, ""malloc"": false, ""memcpy"": false, ""memmove"": false, ""memset"": false, ""mutable_global"": false, ""parameter_count"": 5, ""platform_specific"": false, ""pointer_arithmetic"": false, ""pointer_count"": 0, ""pointer_to_pointer"": false, ""raw_pointer_parameter"": false, ""raw_pointer_return"": false, ""realloc"": false, ""setjmp"": false, ""static_local"": false, ""syscall"": false, ""third_party"": false, ""union"": false, ""va_list"": false, ""variadic"": false, ""void_pointer"": false}",TRIVIAL,no_significant_detected_blocker,[],medium
2,redis-plus-plus,397f9c7be0eb82ce92545f259a7f66ab992bd7ee,src/sw/redis++/command.cpp,299,322,function,set_bitop,24,"{""bitfield"": false, ""branch_complexity_proxy"": 4, ""c_array"": false, ""call_count"": 3, ""callback"": false, ""calloc"": false, ""conditional_compilation"": false, ""explicit_abi_boundary"": false, ""extern_declaration"": false, ""extern_or_abi_boundary"": false, ""flexible_array"": false, ""free"": false, ""function_pointer"": false, ""generated_source"": false, ""global_read"": false, ""global_write"": false, ""goto"": false, ""lexical_ambiguity"": false, ""longjmp"": false, ""macro_density"": 0.0, ""macro_generated_declaration"": false, ""macro_use"": false, ""malloc"": false, ""memcpy"": false, ""memmove"": false, ""memset"": false, ""mutable_global"": false, ""parameter_count"": 2, ""platform_specific"": false, ""pointer_arithmetic"": false, ""pointer_count"": 0, ""pointer_to_pointer"": false, ""raw_pointer_parameter"": false, ""raw_pointer_return"": false, ""realloc"": false, ""setjmp"": false, ""static_local"": false, ""syscall"": false, ""third_party"": false, ""union"": false, ""va_list"": false, ""variadic"": false, ""void_pointer"": false}",TRIVIAL,no_significant_detected_blocker,[],medium
2,redis-plus-plus,397f9c7be0eb82ce92545f259a7f66ab992bd7ee,src/sw/redis++/command.cpp,324,341,function,set_update_type,18,"{""bitfield"": false, ""branch_complexity_proxy"": 3, ""c_array"": false, ""call_count"": 3, ""callback"": false, ""calloc"": false, ""conditional_compilation"": false, ""explicit_abi_boundary"": false, ""extern_declaration"": false, ""extern_or_abi_boundary"": false, ""flexible_array"": false, ""free"": false, ""function_pointer"": false, ""generated_source"": false, ""global_read"": false, ""global_write"": false, ""goto"": false, ""lexical_ambiguity"": false, ""longjmp"": false, ""macro_density"": 0.0, ""macro_generated_declaration"": false, ""macro_use"": false, ""malloc"": false, ""memcpy"": false, ""memmove"": false, ""memset"": false, ""mutable_global"": false, ""parameter_count"": 2, ""platform_specific"": false, ""pointer_arithmetic"": false, ""pointer_count"": 0, ""pointer_to_pointer"": false, ""raw_pointer_parameter"": false, ""raw_pointer_return"": false, ""realloc"": false, ""setjmp"": false, ""static_local"": false, ""syscall"": false, ""third_party"": false, ""union"": false, ""va_list"": false, ""variadic"": false, ""void_pointer"": false}",TRIVIAL,no_significant_detected_blocker,[],medium
2,redis-plus-plus,397f9c7be0eb82ce92545f259a7f66ab992bd7ee,src/sw/redis++/command.cpp,343,362,function,set_aggregation_type,20,"{""bitfield"": false, ""branch_complexity_proxy"": 3, ""c_array"": false, ""call_count"": 3, ""callback"": false, ""calloc"": false, ""conditional_compilation"": false, ""explicit_abi_boundary"": false, ""extern_declaration"": false, ""extern_or_abi_boundary"": false, ""flexible_array"": false, ""free"": false, ""function_pointer"": false, ""generated_source"": false, ""global_read"": false, ""global_write"": false, ""goto"": false, ""lexical_ambiguity"": false, ""longjmp"": false, ""macro_density"": 0.0, ""macro_generated_declaration"": false, ""macro_use"": false, ""malloc"": false, ""memcpy"": false, ""memmove"": false, ""memset"": false, ""mutable_global"": false, ""parameter_count"": 2, ""platform_specific"": false, ""pointer_arithmetic"": false, ""pointer_count"": 0, ""pointer_to_pointer"": false, ""raw_pointer_parameter"": false, ""raw_pointer_return"": false, ""realloc"": false, ""setjmp"": false, ""static_local"": false, ""syscall"": false, ""third_party"": false, ""union"": false, ""va_list"": false, ""variadic"": false, ""void_pointer"": false}",TRIVIAL,no_significant_detected_blocker,[],medium
2,redis-plus-plus,397f9c7be0eb82ce92545f259a7f66ab992bd7ee,src/sw/redis++/command.cpp,364,385,function,set_geo_unit,22,"{""bitfield"": false, ""branch_complexity_proxy"": 4, ""c_array"": false, ""call_count"": 3, ""callback"": false, ""calloc"": false, ""conditional_compilation"": false, ""explicit_abi_boundary"": false, ""extern_declaration"": false, ""extern_or_abi_boundary"": false, ""flexible_array"": false, ""free"": false, ""function_pointer"": false, ""generated_source"": false, ""global_read"": false, ""global_write"": false, ""goto"": false, ""lexical_ambiguity"": false, ""longjmp"": false, ""macro_density"": 0.0, ""macro_generated_declaration"": false, ""macro_use"": false, ""malloc"": false, ""memcpy"": false, ""memmove"": false, ""memset"": false, ""mutable_global"": false, ""parameter_count"": 2, ""platform_specific"": false, ""pointer_arithmetic"": false, ""pointer_count"": 0, ""pointer_to_pointer"": false, ""raw_pointer_parameter"": false, ""raw_pointer_return"": false, ""realloc"": false, ""setjmp"": false, ""static_local"": false, ""syscall"": false, ""third_party"": false, ""union"": false, ""va_list"": false, ""variadic"": false, ""void_pointer"": false}",TRIVIAL,no_significant_detected_blocker,[],medium
2,redis-plus-plus,397f9c7be0eb82ce92545f259a7f66ab992bd7ee,src/sw/redis++/command.cpp,387,406,function,set_georadius_store_parameters,20,"{""bitfield"": false, ""branch_complexity_proxy"": 1, ""c_array"": false, ""call_count"": 3, ""callback"": false, ""calloc"": false, ""conditional_compilation"": false, ""explicit_abi_boundary"": false, ""extern_declaration"": false, ""extern_or_abi_boundary"": false, ""flexible_array"": false, ""free"": false, ""function_pointer"": false, ""generated_source"": false, ""global_read"": false, ""global_write"": false, ""goto"": false, ""lexical_ambiguity"": false, ""longjmp"": false, ""macro_density"": 0.0, ""macro_generated_declaration"": false, ""macro_use"": false, ""malloc"": false, ""memcpy"": false, ""memmove"": false, ""memset"": false, ""mutable_global"": false, ""parameter_count"": 6, ""platform_specific"": false, ""pointer_arithmetic"": false, ""pointer_count"": 0, ""pointer_to_pointer"": false, ""raw_pointer_parameter"": false, ""raw_pointer_return"": false, ""realloc"": false, ""setjmp"": false, ""static_local"": false, ""syscall"": false, ""third_party"": false, ""union"": false, ""va_list"": false, ""variadic"": false, ""void_pointer"": false}",TRIVIAL,no_significant_detected_blocker,[],medium
2,redis-plus-plus,397f9c7be0eb82ce92545f259a7f66ab992bd7ee,src/sw/redis++/command.cpp,408,439,function,set_georadius_parameters,32,"{""bitfield"": false, ""branch_complexity_proxy"": 4, ""c_array"": false, ""call_count"": 6, ""callback"": false, ""calloc"": false, ""conditional_compilation"": false, ""explicit_abi_boundary"": false, ""extern_declaration"": false, ""extern_or_abi_boundary"": false, ""flexible_array"": false, ""free"": false, ""function_pointer"": false, ""generated_source"": false, ""global_read"": false, ""global_write"": false, ""goto"": false, ""lexical_ambiguity"": false, ""longjmp"": false, ""macro_density"": 0.0, ""macro_generated_declaration"": false, ""macro_use"": false, ""malloc"": false, ""memcpy"": false, ""memmove"": false, ""memset"": false, ""mutable_global"": false, ""parameter_count"": 8, ""platform_specific"": false, ""pointer_arithmetic"": false, ""pointer_count"": 0, ""pointer_to_pointer"": false, ""raw_pointer_parameter"": false, ""raw_pointer_return"": false, ""realloc"": false, ""setjmp"": false, ""static_local"": false, ""syscall"": false, ""third_party"": false, ""union"": false, ""va_list"": false, ""variadic"": false, ""void_pointer"": false}",TRIVIAL,no_significant_detected_blocker,[],medium
2,redis-plus-plus,397f9c7be0eb82ce92545f259a7f66ab992bd7ee,src/sw/redis++/command.cpp,441,463,function,set_xtrim_parameters,23,"{""bitfield"": false, ""branch_complexity_proxy"": 3, ""c_array"": false, ""call_count"": 4, ""callback"": false, ""calloc"": false, ""conditional_compilation"": false, ""explicit_abi_boundary"": false, ""extern_declaration"": false, ""extern_or_abi_boundary"": false, ""flexible_array"": false, ""free"": false, ""function_pointer"": false, ""generated_source"": false, ""global_read"": false, ""global_write"": false, ""goto"": false, ""lexical_ambiguity"": false, ""longjmp"": false, ""macro_density"": 0.0, ""macro_generated_declaration"": false, ""macro_use"": false, ""malloc"": false, ""memcpy"": false, ""memmove"": false, ""memset"": false, ""mutable_global"": false, ""parameter_count"": 4, ""platform_specific"": false, ""pointer_arithmetic"": false, ""pointer_count"": 0, ""pointer_to_pointer"": false, ""raw_pointer_parameter"": false, ""raw_pointer_return"": false, ""realloc"": false, ""setjmp"": false, ""static_local"": false, ""syscall"": false, ""third_party"": false, ""union"": false, ""va_list"": false, ""variadic"": false, ""void_pointer"": false}",TRIVIAL,no_significant_detected_blocker,[],medium
2,redis-plus-plus,397f9c7be0eb82ce92545f259a7f66ab992bd7ee,src/sw/redis++/command.cpp,465,473,function,set_xtrim_parameters,9,"{""bitfield"": false, ""branch_complexity_proxy"": 0, ""c_array"": false, ""call_count"": 2, ""callback"": false, ""calloc"": false, ""conditional_compilation"": false, ""explicit_abi_boundary"": false, ""extern_declaration"": false, ""extern_or_abi_boundary"": false, ""flexible_array"": false, ""free"": false, ""function_pointer"": false, ""generated_source"": false, ""global_read"": false, ""global_write"": false, ""goto"": false, ""lexical_ambiguity"": false, ""longjmp"": false, ""macro_density"": 0.0, ""macro_generated_declaration"": false, ""macro_use"": false, ""malloc"": false, ""memcpy"": false, ""memmove"": false, ""memset"": false, ""mutable_global"": false, ""parameter_count"": 5, ""platform_specific"": false, ""pointer_arithmetic"": false, ""pointer_count"": 0, ""pointer_to_pointer"": false, ""raw_pointer_parameter"": false, ""raw_pointer_return"": false, ""realloc"": false, ""setjmp"": false, ""static_local"": false, ""syscall"": false, ""third_party"": false, ""union"": false, ""va_list"": false, ""variadic"": false, ""void_pointer"": false}",TRIVIAL,no_significant_detected_blocker,[],medium
2,redis-plus-plus,397f9c7be0eb82ce92545f259a7f66ab992bd7ee,src/sw/redis++/command.h,36,38,function,auth,3,"{""bitfield"": false, ""branch_complexity_proxy"": 0, ""c_array"": false, ""call_count"": 4, ""callback"": false, ""calloc"": false, ""conditional_compilation"": true, ""explicit_abi_boundary"": false, ""extern_declaration"": false, ""extern_or_abi_boundary"": false, ""flexible_array"": false, ""free"": false, ""function_pointer"": false, ""generated_source"": false, ""global_read"": false, ""global_write"": false, ""goto"": false, ""lexical_ambiguity"": false, ""longjmp"": false, ""macro_density"": 0.0, ""macro_generated_declaration"": false, ""macro_use"": false, ""malloc"": false, ""memcpy"": false, ""memmove"": false, ""memset"": false, ""mutable_global"": false, ""parameter_count"": 2, ""platform_specific"": false, ""pointer_arithmetic"": false, ""pointer_count"": 0, ""pointer_to_pointer"": false, ""raw_pointer_parameter"": false, ""raw_pointer_return"": false, ""realloc"": false, ""setjmp"": false, ""static_local"": false, ""syscall"": false, ""third_party"": false, ""union"": false, ""va_list"": false, ""variadic"": false, ""void_pointer"": false}",TRIVIAL,no_significant_detected_blocker,"[""conditional_compilation""]",medium
2,redis-plus-plus,397f9c7be0eb82ce92545f259a7f66ab992bd7ee,src/sw/redis++/command.h,40,44,function,auth,5,"{""bitfield"": false, ""branch_complexity_proxy"": 0, ""c_array"": false, ""call_count"": 6, ""callback"": false, ""calloc"": false, ""conditional_compilation"": true, ""explicit_abi_boundary"": false, ""extern_declaration"": false, ""extern_or_abi_boundary"": false, ""flexible_array"": false, ""free"": false, ""function_pointer"": false, ""generated_source"": false, ""global_read"": false, ""global_write"": false, ""goto"": false, ""lexical_ambiguity"": false, ""longjmp"": false, ""macro_density"": 0.0, ""macro_generated_declaration"": false, ""macro_use"": false, ""malloc"": false, ""memcpy"": false, ""memmove"": false, ""memset"": false, ""mutable_global"": false, ""parameter_count"": 3, ""platform_specific"": false, ""pointer_arithmetic"": false, ""pointer_count"": 0, ""pointer_to_pointer"": false, ""raw_pointer_parameter"": false, ""raw_pointer_return"": false, ""realloc"": false, ""setjmp"": false, ""static_local"": false, ""syscall"": false, ""third_party"": false, ""union"": false, ""va_list"": false, ""variadic"": false, ""void_pointer"": false}",TRIVIAL,no_significant_detected_blocker,"[""conditional_compilation""]",medium
2,redis-plus-plus,397f9c7be0eb82ce92545f259a7f66ab992bd7ee,src/sw/redis++/command.h,46,48,function,client_setname,3,"{""bitfield"": false, ""branch_complexity_proxy"": 0, ""c_array"": false, ""call_count"": 4, ""callback"": false, ""calloc"": false, ""conditional_compilation"": true, ""explicit_abi_boundary"": false, ""extern_declaration"": false, ""extern_or_abi_boundary"": false, ""flexible_array"": false, ""free"": false, ""function_pointer"": false, ""generated_source"": false, ""global_read"": false, ""global_write"": false, ""goto"": false, ""lexical_ambiguity"": false, ""longjmp"": false, ""macro_density"": 0.0, ""macro_generated_declaration"": false, ""macro_use"": false, ""malloc"": false, ""memcpy"": false, ""memmove"": false, ""memset"": false, ""mutable_global"": false, ""parameter_count"": 2, ""platform_specific"": false, ""pointer_arithmetic"": false, ""pointer_count"": 0, ""pointer_to_pointer"": false, ""raw_pointer_parameter"": false, ""raw_pointer_return"": false, ""realloc"": false, ""setjmp"": false, ""static_local"": false, ""syscall"": false, ""third_party"": false, ""union"": false, ""va_list"": false, ""variadic"": false, ""void_pointer"": false}",TRIVIAL,no_significant_detected_blocker,"[""conditional_compilation""]",medium
2,redis-plus-plus,397f9c7be0eb82ce92545f259a7f66ab992bd7ee,src/sw/redis++/command.h,50,52,function,hello,3,"{""bitfield"": false, ""branch_complexity_proxy"": 0, ""c_array"": false, ""call_count"": 2, ""callback"": false, ""calloc"": false, ""conditional_compilation"": true, ""explicit_abi_boundary"": false, ""extern_declaration"": false, ""extern_or_abi_boundary"": false, ""flexible_array"": false, ""free"": false, ""function_pointer"": false, ""generated_source"": false, ""global_read"": false, ""global_write"": false, ""goto"": false, ""lexical_ambiguity"": false, ""longjmp"": false, ""macro_density"": 0.0, ""macro_generated_declaration"": false, ""macro_use"": false, ""malloc"": false, ""memcpy"": false, ""memmove"": false, ""memset"": false, ""mutable_global"": false, ""parameter_count"": 2, ""platform_specific"": false, ""pointer_arithmetic"": false, ""pointer_count"": 0, ""pointer_to_pointer"": false, ""raw_pointer_parameter"": false, ""raw_pointer_return"": false, ""realloc"": false, ""setjmp"": false, ""static_local"": false, ""syscall"": false, ""third_party"": false, ""union"": false, ""va_list"": false, ""variadic"": false, ""void_pointer"": false}",TRIVIAL,no_significant_detected_blocker,"[""conditional_compilation""]",medium
2,redis-plus-plus,397f9c7be0eb82ce92545f259a7f66ab992bd7ee,src/sw/redis++/command.h,54,56,function,echo,3,"{""bitfield"": false, ""branch_complexity_proxy"": 0, ""c_array"": false, ""call_count"": 4, ""callback"": false, ""calloc"": false, ""conditional_compilation"": true, ""explicit_abi_boundary"": false, ""extern_declaration"": false, ""extern_or_abi_boundary"": false, ""flexible_array"": false, ""free"": false, ""function_pointer"": false, ""generated_source"": false, ""global_read"": false, ""global_write"": false, ""goto"": false, ""lexical_ambiguity"": false, ""longjmp"": false, ""macro_density"": 0.0, ""macro_generated_declaration"": false, ""macro_use"": false, ""malloc"": false, ""memcpy"": false, ""memmove"": false, ""memset"": false, ""mutable_global"": false, ""parameter_count"": 2, ""platform_specific"": false, ""pointer_arithmetic"": false, ""pointer_count"": 0, ""pointer_to_pointer"": false, ""raw_pointer_parameter"": false, ""raw_pointer_return"": false, ""realloc"": false, ""setjmp"": false, ""static_local"": false, ""syscall"": false, ""third_party"": false, ""union"": false, ""va_list"": false, ""variadic"": false, ""void_pointer"": false}",TRIVIAL,no_significant_detected_blocker,"[""conditional_compilation""]",medium
2,redis-plus-plus,397f9c7be0eb82ce92545f259a7f66ab992bd7ee,src/sw/redis++/command.h,58,60,function,ping,3,"{""bitfield"": false, ""branch_complexity_proxy"": 0, ""c_array"": false, ""call_count"": 2, ""callback"": false, ""calloc"": false, ""conditional_compilation"": true, ""explicit_abi_boundary"": false, ""extern_declaration"": false, ""extern_or_abi_boundary"": false, ""flexible_array"": false, ""free"": false, ""function_pointer"": false, ""generated_source"": false, ""global_read"": false, ""global_write"": false, ""goto"": false, ""lexical_ambiguity"": false, ""longjmp"": false, ""macro_density"": 0.0, ""macro_generated_declaration"": false, ""macro_use"": false, ""malloc"": false, ""memcpy"": false, ""memmove"": false, ""memset"": false, ""mutable_global"": false, ""parameter_count"": 1, ""platform_specific"": false, ""pointer_arithmetic"": false, ""pointer_count"": 0, ""pointer_to_pointer"": false, ""raw_pointer_parameter"": false, ""raw_pointer_return"": false, ""realloc"": false, ""setjmp"": false, ""static_local"": false, ""syscall"": false, ""third_party"": false, ""union"": false, ""va_list"": false, ""variadic"": false, ""void_pointer"": false}",TRIVIAL,no_significant_detected_blocker,"[""conditional_compilation""]",medium
2,redis-plus-plus,397f9c7be0eb82ce92545f259a7f66ab992bd7ee,src/sw/redis++/command.h,62,64,function,quit,3,"{""bitfield"": false, ""branch_complexity_proxy"": 0, ""c_array"": false, ""call_count"": 2, ""callback"": false, ""calloc"": false, ""conditional_compilation"": true, ""explicit_abi_boundary"": false, ""extern_declaration"": false, ""extern_or_abi_boundary"": false, ""flexible_array"": false, ""free"": false, ""function_pointer"": false, ""generated_source"": false, ""global_read"": false, ""global_write"": false, ""goto"": false, ""lexical_ambiguity"": false, ""longjmp"": false, ""macro_density"": 0.0, ""macro_generated_declaration"": false, ""macro_use"": false, ""malloc"": false, ""memcpy"": false, ""memmove"": false, ""memset"": false, ""mutable_global"": false, ""parameter_count"": 1, ""platform_specific"": false, ""pointer_arithmetic"": false, ""pointer_count"": 0, ""pointer_to_pointer"": false, ""raw_pointer_parameter"": false, ""raw_pointer_return"": false, ""realloc"": false, ""setjmp"": false, ""static_local"": false, ""syscall"": false, ""third_party"": false, ""union"": false, ""va_list"": false, ""variadic"": false, ""void_pointer"": false}",TRIVIAL,no_significant_detected_blocker,"[""conditional_compilation""]",medium
2,redis-plus-plus,397f9c7be0eb82ce92545f259a7f66ab992bd7ee,src/sw/redis++/command.h,66,69,function,ping,4,"{""bitfield"": false, ""branch_complexity_proxy"": 0, ""c_array"": false, ""call_count"": 4, ""callback"": false, ""calloc"": false, ""conditional_compilation"": true, ""explicit_abi_boundary"": false, ""extern_declaration"": false, ""extern_or_abi_boundary"": false, ""flexible_array"": false, ""free"": false, ""function_pointer"": false, ""generated_source"": false, ""global_read"": false, ""global_write"": false, ""goto"": false, ""lexical_ambiguity"": false, ""longjmp"": false, ""macro_density"": 0.0, ""macro_generated_declaration"": false, ""macro_use"": false, ""malloc"": false, ""memcpy"": false, ""memmove"": false, ""memset"": false, ""mutable_global"": false, ""parameter_count"": 2, ""platform_specific"": false, ""pointer_arithmetic"": false, ""pointer_count"": 0, ""pointer_to_pointer"": false, ""raw_pointer_parameter"": false, ""raw_pointer_return"": false, ""realloc"": false, ""setjmp"": false, ""static_local"": false, ""syscall"": false, ""third_party"": false, ""union"": false, ""va_list"": false, ""variadic"": false, ""void_pointer"": false}",TRIVIAL,no_significant_detected_blocker,"[""conditional_compilation""]",medium
2,redis-plus-plus,397f9c7be0eb82ce92545f259a7f66ab992bd7ee,src/sw/redis++/command.h,71,73,function,select,3,"{""bitfield"": false, ""branch_complexity_proxy"": 0, ""c_array"": false, ""call_count"": 2, ""callback"": false, ""calloc"": false, ""conditional_compilation"": true, ""explicit_abi_boundary"": false, ""extern_declaration"": false, ""extern_or_abi_boundary"": false, ""flexible_array"": false, ""free"": false, ""function_pointer"": false, ""generated_source"": false, ""global_read"": false, ""global_write"": false, ""goto"": false, ""lexical_ambiguity"": false, ""longjmp"": false, ""macro_density"": 0.0, ""macro_generated_declaration"": false, ""macro_use"": false, ""malloc"": false, ""memcpy"": false, ""memmove"": false, ""memset"": false, ""mutable_global"": false, ""parameter_count"": 2, ""platform_specific"": false, ""pointer_arithmetic"": false, ""pointer_count"": 0, ""pointer_to_pointer"": false, ""raw_pointer_parameter"": false, ""raw_pointer_return"": false, ""realloc"": false, ""setjmp"": false, ""static_local"": false, ""syscall"": false, ""third_party"": false, ""union"": false, ""va_list"": false, ""variadic"": false, ""void_pointer"": false}",TRIVIAL,no_significant_detected_blocker,"[""conditional_compilation""]",medium
2,redis-plus-plus,397f9c7be0eb82ce92545f259a7f66ab992bd7ee,src/sw/redis++/command.h,75,77,function,swapdb,3,"{""bitfield"": false, ""branch_complexity_proxy"": 0, ""c_array"": false, ""call_count"": 2, ""callback"": false, ""calloc"": false, ""conditional_compilation"": true, ""explicit_abi_boundary"": false, ""extern_declaration"": false, ""extern_or_abi_boundary"": false, ""flexible_array"": false, ""free"": false, ""function_pointer"": false, ""generated_source"": false, ""global_read"": false, ""global_write"": false, ""goto"": false, ""lexical_ambiguity"": false, ""longjmp"": false, ""macro_density"": 0.0, ""macro_generated_declaration"": false, ""macro_use"": false, ""malloc"": false, ""memcpy"": false, ""memmove"": false, ""memset"": false, ""mutable_global"": false, ""parameter_count"": 3, ""platform_specific"": false, ""pointer_arithmetic"": false, ""pointer_count"": 0, ""pointer_to_pointer"": false, ""raw_pointer_parameter"": false, ""raw_pointer_return"": false, ""realloc"": false, ""setjmp"": false, ""static_local"": false, ""syscall"": false, ""third_party"": false, ""union"": false, ""va_list"": false, ""variadic"": false, ""void_pointer"": false}",TRIVIAL,no_significant_detected_blocker,"[""conditional_compilation""]",medium
2,redis-plus-plus,397f9c7be0eb82ce92545f259a7f66ab992bd7ee,src/sw/redis++/command.h,81,83,function,bgrewriteaof,3,"{""bitfield"": false, ""branch_complexity_proxy"": 0, ""c_array"": false, ""call_count"": 2, ""callback"": false, ""calloc"": false, ""conditional_compilation"": true, ""explicit_abi_boundary"": false, ""extern_declaration"": false, ""extern_or_abi_boundary"": false, ""flexible_array"": false, ""free"": false, ""function_pointer"": false, ""generated_source"": false, ""global_read"": false, ""global_write"": false, ""goto"": false, ""lexical_ambiguity"": false, ""longjmp"": false, ""macro_density"": 0.0, ""macro_generated_declaration"": false, ""macro_use"": false, ""malloc"": false, ""memcpy"": false, ""memmove"": false, ""memset"": false, ""mutable_global"": false, ""parameter_count"": 1, ""platform_specific"": false, ""pointer_arithmetic"": false, ""pointer_count"": 0, ""pointer_to_pointer"": false, ""raw_pointer_parameter"": false, ""raw_pointer_return"": false, ""realloc"": false, ""setjmp"": false, ""static_local"": false, ""syscall"": false, ""third_party"": false, ""union"": false, ""va_list"": false, ""variadic"": false, ""void_pointer"": false}",TRIVIAL,no_significant_detected_blocker,"[""conditional_compilation""]",medium
2,redis-plus-plus,397f9c7be0eb82ce92545f259a7f66ab992bd7ee,src/sw/redis++/command.h,85,87,function,bgsave,3,"{""bitfield"": false, ""branch_complexity_proxy"": 0, ""c_array"": false, ""call_count"": 2, ""callback"": false, ""calloc"": false, ""conditional_compilation"": true, ""explicit_abi_boundary"": false, ""extern_declaration"": false, ""extern_or_abi_boundary"": false, ""flexible_array"": false, ""free"": false, ""function_pointer"": false, ""generated_source"": false, ""global_read"": false, ""global_write"": false, ""goto"": false, ""lexical_ambiguity"": false, ""longjmp"": false, ""macro_density"": 0.0, ""macro_generated_declaration"": false, ""macro_use"": false, ""malloc"": false, ""memcpy"": false, ""memmove"": false, ""memset"": false, ""mutable_global"": false, ""parameter_count"": 1, ""platform_specific"": false, ""pointer_arithmetic"": false, ""pointer_count"": 0, ""pointer_to_pointer"": false, ""raw_pointer_parameter"": false, ""raw_pointer_return"": false, ""realloc"": false, ""setjmp"": false, ""static_local"": false, ""syscall"": false, ""third_party"": false, ""union"": false, ""va_list"": false, ""variadic"": false, ""void_pointer"": false}",TRIVIAL,no_significant_detected_blocker,"[""conditional_compilation""]",medium
2,redis-plus-plus,397f9c7be0eb82ce92545f259a7f66ab992bd7ee,src/sw/redis++/command.h,89,91,function,dbsize,3,"{""bitfield"": false, ""branch_complexity_proxy"": 0, ""c_array"": false, ""call_count"": 2, ""callback"": false, ""calloc"": false, ""conditional_compilation"": true, ""explicit_abi_boundary"": false, ""extern_declaration"": false, ""extern_or_abi_boundary"": false, ""flexible_array"": false, ""free"": false, ""function_pointer"": false, ""generated_source"": false, ""global_read"": false, ""global_write"": false, ""goto"": false, ""lexical_ambiguity"": false, ""longjmp"": false, ""macro_density"": 0.0, ""macro_generated_declaration"": false, ""macro_use"": false, ""malloc"": false, ""memcpy"": false, ""memmove"": false, ""memset"": false, ""mutable_global"": false, ""parameter_count"": 1, ""platform_specific"": false, ""pointer_arithmetic"": false, ""pointer_count"": 0, ""pointer_to_pointer"": false, ""raw_pointer_parameter"": false, ""raw_pointer_return"": false, ""realloc"": false, ""setjmp"": false, ""static_local"": false, ""syscall"": false, ""third_party"": false, ""union"": false, ""va_list"": false, ""variadic"": false, ""void_pointer"": false}",TRIVIAL,no_significant_detected_blocker,"[""conditional_compilation""]",medium
2,redis-plus-plus,397f9c7be0eb82ce92545f259a7f66ab992bd7ee,src/sw/redis++/command.h,93,99,function,flushall,7,"{""bitfield"": false, ""branch_complexity_proxy"": 1, ""c_array"": false, ""call_count"": 4, ""callback"": false, ""calloc"": false, ""conditional_compilation"": true, ""explicit_abi_boundary"": false, ""extern_declaration"": false, ""extern_or_abi_boundary"": false, ""flexible_array"": false, ""free"": false, ""function_pointer"": false, ""generated_source"": false, ""global_read"": false, ""global_write"": false, ""goto"": false, ""lexical_ambiguity"": false, ""longjmp"": false, ""macro_density"": 0.0, ""macro_generated_declaration"": false, ""macro_use"": false, ""malloc"": false, ""memcpy"": false, ""memmove"": false, ""memset"": false, ""mutable_global"": false, ""parameter_count"": 2, ""platform_specific"": false, ""pointer_arithmetic"": false, ""pointer_count"": 0, ""pointer_to_pointer"": false, ""raw_pointer_parameter"": false, ""raw_pointer_return"": false, ""realloc"": false, ""setjmp"": false, ""static_local"": false, ""syscall"": false, ""third_party"": false, ""union"": false, ""va_list"": false, ""variadic"": false, ""void_pointer"": false}",TRIVIAL,no_significant_detected_blocker,"[""conditional_compilation""]",medium
2,redis-plus-plus,397f9c7be0eb82ce92545f259a7f66ab992bd7ee,src/sw/redis++/command.h,101,107,function,flushdb,7,"{""bitfield"": false, ""branch_complexity_proxy"": 1, ""c_array"": false, ""call_count"": 4, ""callback"": false, ""calloc"": false, ""conditional_compilation"": true, ""explicit_abi_boundary"": false, ""extern_declaration"": false, ""extern_or_abi_boundary"": false, ""flexible_array"": false, ""free"": false, ""function_pointer"": false, ""generated_source"": false, ""global_read"": false, ""global_write"": false, ""goto"": false, ""lexical_ambiguity"": false, ""longjmp"": false, ""macro_density"": 0.0, ""macro_generated_declaration"": false, ""macro_use"": false, ""malloc"": false, ""memcpy"": false, ""memmove"": false, ""memset"": false, ""mutable_global"": false, ""parameter_count"": 2, ""platform_specific"": false, ""pointer_arithmetic"": false, ""pointer_count"": 0, ""pointer_to_pointer"": false, ""raw_pointer_parameter"": false, ""raw_pointer_return"": false, ""realloc"": false, ""setjmp"": false, ""static_local"": false, ""syscall"": false, ""third_party"": false, ""union"": false, ""va_list"": false, ""variadic"": false, ""void_pointer"": false}",TRIVIAL,no_significant_detected_blocker,"[""conditional_compilation""]",medium
2,redis-plus-plus,397f9c7be0eb82ce92545f259a7f66ab992bd7ee,src/sw/redis++/command.h,109,111,function,info,3,"{""bitfield"": false, ""branch_complexity_proxy"": 0, ""c_array"": false, ""call_count"": 2, ""callback"": false, ""calloc"": false, ""conditional_compilation"": true, ""explicit_abi_boundary"": false, ""extern_declaration"": false, ""extern_or_abi_boundary"": false, ""flexible_array"": false, ""free"": false, ""function_pointer"": false, ""generated_source"": false, ""global_read"": false, ""global_write"": false, ""goto"": false, ""lexical_ambiguity"": false, ""longjmp"": false, ""macro_density"": 0.0, ""macro_generated_declaration"": false, ""macro_use"": false, ""malloc"": false, ""memcpy"": false, ""memmove"": false, ""memset"": false, ""mutable_global"": false, ""parameter_count"": 1, ""platform_specific"": false, ""pointer_arithmetic"": false, ""pointer_count"": 0, ""pointer_to_pointer"": false, ""raw_pointer_parameter"": false, ""raw_pointer_return"": false, ""realloc"": false, ""setjmp"": false, ""static_local"": false, ""syscall"": false, ""third_party"": false, ""union"": false, ""va_list"": false, ""variadic"": false, ""void_pointer"": false}",TRIVIAL,no_significant_detected_blocker,"[""conditional_compilation""]",medium
2,redis-plus-plus,397f9c7be0eb82ce92545f259a7f66ab992bd7ee,src/sw/redis++/command.h,113,115,function,info,3,"{""bitfield"": false, ""branch_complexity_proxy"": 0, ""c_array"": false, ""call_count"": 4, ""callback"": false, ""calloc"": false, ""conditional_compilation"": true, ""explicit_abi_boundary"": false, ""extern_declaration"": false, ""extern_or_abi_boundary"": false, ""flexible_array"": false, ""free"": false, ""function_pointer"": false, ""generated_source"": false, ""global_read"": false, ""global_write"": false, ""goto"": false, ""lexical_ambiguity"": false, ""longjmp"": false, ""macro_density"": 0.0, ""macro_generated_declaration"": false, ""macro_use"": false, ""malloc"": false, ""memcpy"": false, ""memmove"": false, ""memset"": false, ""mutable_global"": false, ""parameter_count"": 2, ""platform_specific"": false, ""pointer_arithmetic"": false, ""pointer_count"": 0, ""pointer_to_pointer"": false, ""raw_pointer_parameter"": false, ""raw_pointer_return"": false, ""realloc"": false, ""setjmp"": false, ""static_local"": false, ""syscall"": false, ""third_party"": false, ""union"": false, ""va_list"": false, ""variadic"": false, ""void_pointer"": false}",TRIVIAL,no_significant_detected_blocker,"[""conditional_compilation""]",medium
2,redis-plus-plus,397f9c7be0eb82ce92545f259a7f66ab992bd7ee,src/sw/redis++/command.h,117,119,function,lastsave,3,"{""bitfield"": false, ""branch_complexity_proxy"": 0, ""c_array"": false, ""call_count"": 2, ""callback"": false, ""calloc"": false, ""conditional_compilation"": true, ""explicit_abi_boundary"": false, ""extern_declaration"": false, ""extern_or_abi_boundary"": false, ""flexible_array"": false, ""free"": false, ""function_pointer"": false, ""generated_source"": false, ""global_read"": false, ""global_write"": false, ""goto"": false, ""lexical_ambiguity"": false, ""longjmp"": false, ""macro_density"": 0.0, ""macro_generated_declaration"": false, ""macro_use"": false, ""malloc"": false, ""memcpy"": false, ""memmove"": false, ""memset"": false, ""mutable_global"": false, ""parameter_count"": 1, ""platform_specific"": false, ""pointer_arithmetic"": false, ""pointer_count"": 0, ""pointer_to_pointer"": false, ""raw_pointer_parameter"": false, ""raw_pointer_return"": false, ""realloc"": false, ""setjmp"": false, ""static_local"": false, ""syscall"": false, ""third_party"": false, ""union"": false, ""va_list"": false, ""variadic"": false, ""void_pointer"": false}",TRIVIAL,no_significant_detected_blocker,"[""conditional_compilation""]",medium
2,redis-plus-plus,397f9c7be0eb82ce92545f259a7f66ab992bd7ee,src/sw/redis++/command.h,121,123,function,save,3,"{""bitfield"": false, ""branch_complexity_proxy"": 0, ""c_array"": false, ""call_count"": 2, ""callback"": false, ""calloc"": false, ""conditional_compilation"": true, ""explicit_abi_boundary"": false, ""extern_declaration"": false, ""extern_or_abi_boundary"": false, ""flexible_array"": false, ""free"": false, ""function_pointer"": false, ""generated_source"": false, ""global_read"": false, ""global_write"": false, ""goto"": false, ""lexical_ambiguity"": false, ""longjmp"": false, ""macro_density"": 0.0, ""macro_generated_declaration"": false, ""macro_use"": false, ""malloc"": false, ""memcpy"": false, ""memmove"": false, ""memset"": false, ""mutable_global"": false, ""parameter_count"": 1, ""platform_specific"": false, ""pointer_arithmetic"": false, ""pointer_count"": 0, ""pointer_to_pointer"": false, ""raw_pointer_parameter"": false, ""raw_pointer_return"": false, ""realloc"": false, ""setjmp"": false, ""static_local"": false, ""syscall"": false, ""third_party"": false, ""union"": false, ""va_list"": false, ""variadic"": false, ""void_pointer"": false}",TRIVIAL,no_significant_detected_blocker,"[""conditional_compilation""]",medium
2,redis-plus-plus,397f9c7be0eb82ce92545f259a7f66ab992bd7ee,src/sw/redis++/command.h,127,129,function,del,3,"{""bitfield"": false, ""branch_complexity_proxy"": 0, ""c_array"": false, ""call_count"": 4, ""callback"": false, ""calloc"": false, ""conditional_compilation"": true, ""explicit_abi_boundary"": false, ""extern_declaration"": false, ""extern_or_abi_boundary"": false, ""flexible_array"": false, ""free"": false, ""function_pointer"": false, ""generated_source"": false, ""global_read"": false, ""global_write"": false, ""goto"": false, ""lexical_ambiguity"": false, ""longjmp"": false, ""macro_density"": 0.0, ""macro_generated_declaration"": false, ""macro_use"": false, ""malloc"": false, ""memcpy"": false, ""memmove"": false, ""memset"": false, ""mutable_global"": false, ""parameter_count"": 2, ""platform_specific"": false, ""pointer_arithmetic"": false, ""pointer_count"": 0, ""pointer_to_pointer"": false, ""raw_pointer_parameter"": false, ""raw_pointer_return"": false, ""realloc"": false, ""setjmp"": false, ""static_local"": false, ""syscall"": false, ""third_party"": false, ""union"": false, ""va_list"": false, ""variadic"": false, ""void_pointer"": false}",TRIVIAL,no_significant_detected_blocker,"[""conditional_compilation""]",medium
2,redis-plus-plus,397f9c7be0eb82ce92545f259a7f66ab992bd7ee,src/sw/redis++/command.h,132,139,function,del_range,8,"{""bitfield"": false, ""branch_complexity_proxy"": 0, ""c_array"": false, ""call_count"": 4, ""callback"": false, ""calloc"": false, ""conditional_compilation"": true, ""explicit_abi_boundary"": false, ""extern_declaration"": false, ""extern_or_abi_boundary"": false, ""flexible_array"": false, ""free"": false, ""function_pointer"": false, ""generated_source"": false, ""global_read"": false, ""global_write"": false, ""goto"": false, ""lexical_ambiguity"": false, ""longjmp"": false, ""macro_density"": 0.0, ""macro_generated_declaration"": false, ""macro_use"": false, ""malloc"": false, ""memcpy"": false, ""memmove"": false, ""memset"": false, ""mutable_global"": false, ""parameter_count"": 3, ""platform_specific"": false, ""pointer_arithmetic"": false, ""pointer_count"": 0, ""pointer_to_pointer"": false, ""raw_pointer_parameter"": false, ""raw_pointer_return"": false, ""realloc"": false, ""setjmp"": false, ""static_local"": false, ""syscall"": false, ""third_party"": false, ""union"": false, ""va_list"": false, ""variadic"": false, ""void_pointer"": false}",TRIVIAL,no_significant_detected_blocker,"[""conditional_compilation""]",medium
2,redis-plus-plus,397f9c7be0eb82ce92545f259a7f66ab992bd7ee,src/sw/redis++/command.h,141,143,function,dump,3,"{""bitfield"": false, ""branch_complexity_proxy"": 0, ""c_array"": false, ""call_count"": 4, ""callback"": false, ""calloc"": false, ""conditional_compilation"": true, ""explicit_abi_boundary"": false, ""extern_declaration"": false, ""extern_or_abi_boundary"": false, ""flexible_array"": false, ""free"": false, ""function_pointer"": false, ""generated_source"": false, ""global_read"": false, ""global_write"": false, ""goto"": false, ""lexical_ambiguity"": false, ""longjmp"": false, ""macro_density"": 0.0, ""macro_generated_declaration"": false, ""macro_use"": false, ""malloc"": false, ""memcpy"": false, ""memmove"": false, ""memset"": false, ""mutable_global"": false, ""parameter_count"": 2, ""platform_specific"": false, ""pointer_arithmetic"": false, ""pointer_count"": 0, ""pointer_to_pointer"": false, ""raw_pointer_parameter"": false, ""raw_pointer_return"": false, ""realloc"": false, ""setjmp"": false, ""static_local"": false, ""syscall"": false, ""third_party"": false, ""union"": false, ""va_list"": false, ""variadic"": false, ""void_pointer"": false}",TRIVIAL,no_significant_detected_blocker,"[""conditional_compilation""]",medium
2,redis-plus-plus,397f9c7be0eb82ce92545f259a7f66ab992bd7ee,src/sw/redis++/command.h,145,147,function,exists,3,"{""bitfield"": false, ""branch_complexity_proxy"": 0, ""c_array"": false, ""call_count"": 4, ""callback"": false, ""calloc"": false, ""conditional_compilation"": true, ""explicit_abi_boundary"": false, ""extern_declaration"": false, ""extern_or_abi_boundary"": false, ""flexible_array"": false, ""free"": false, ""function_pointer"": false, ""generated_source"": false, ""global_read"": false, ""global_write"": false, ""goto"": false, ""lexical_ambiguity"": false, ""longjmp"": false, ""macro_density"": 0.0, ""macro_generated_declaration"": false, ""macro_use"": false, ""malloc"": false, ""memcpy"": false, ""memmove"": false, ""memset"": false, ""mutable_global"": false, ""parameter_count"": 2, ""platform_specific"": false, ""pointer_arithmetic"": false, ""pointer_count"": 0, ""pointer_to_pointer"": false, ""raw_pointer_parameter"": false, ""raw_pointer_return"": false, ""realloc"": false, ""setjmp"": false, ""static_local"": false, ""syscall"": false, ""third_party"": false, ""union"": false, ""va_list"": false, ""variadic"": false, ""void_pointer"": false}",TRIVIAL,no_significant_detected_blocker,"[""conditional_compilation""]",medium
2,redis-plus-plus,397f9c7be0eb82ce92545f259a7f66ab992bd7ee,src/sw/redis++/command.h,150,157,function,exists_range,8,"{""bitfield"": false, ""branch_complexity_proxy"": 0, ""c_array"": false, ""call_count"": 4, ""callback"": false, ""calloc"": false, ""conditional_compilation"": true, ""explicit_abi_boundary"": false, ""extern_declaration"": false, ""extern_or_abi_boundary"": false, ""flexible_array"": false, ""free"": false, ""function_pointer"": false, ""generated_source"": false, ""global_read"": false, ""global_write"": false, ""goto"": false, ""lexical_ambiguity"": false, ""longjmp"": false, ""macro_density"": 0.0, ""macro_generated_declaration"": false, ""macro_use"": false, ""malloc"": false, ""memcpy"": false, ""memmove"": false, ""memset"": false, ""mutable_global"": false, ""parameter_count"": 3, ""platform_specific"": false, ""pointer_arithmetic"": false, ""pointer_count"": 0, ""pointer_to_pointer"": false, ""raw_pointer_parameter"": false, ""raw_pointer_return"": false, ""realloc"": false, ""setjmp"": false, ""static_local"": false, ""syscall"": false, ""third_party"": false, ""union"": false, ""va_list"": false, ""variadic"": false, ""void_pointer"": false}",TRIVIAL,no_significant_detected_blocker,"[""conditional_compilation""]",medium
2,redis-plus-plus,397f9c7be0eb82ce92545f259a7f66ab992bd7ee,src/sw/redis++/command.h,159,165,function,expire,7,"{""bitfield"": false, ""branch_complexity_proxy"": 0, ""c_array"": false, ""call_count"": 4, ""callback"": false, ""calloc"": false, ""conditional_compilation"": true, ""explicit_abi_boundary"": false, ""extern_declaration"": false, ""extern_or_abi_boundary"": false, ""flexible_array"": false, ""free"": false, ""function_pointer"": false, ""generated_source"": false, ""global_read"": false, ""global_write"": false, ""goto"": false, ""lexical_ambiguity"": false, ""longjmp"": false, ""macro_density"": 0.0, ""macro_generated_declaration"": false, ""macro_use"": false, ""malloc"": false, ""memcpy"": false, ""memmove"": false, ""memset"": false, ""mutable_global"": false, ""parameter_count"": 3, ""platform_specific"": false, ""pointer_arithmetic"": false, ""pointer_count"": 0, ""pointer_to_pointer"": false, ""raw_pointer_parameter"": false, ""raw_pointer_return"": false, ""realloc"": false, ""setjmp"": false, ""static_local"": false, ""syscall"": false, ""third_party"": false, ""union"": false, ""va_list"": false, ""variadic"": false, ""void_pointer"": false}",TRIVIAL,no_significant_detected_blocker,"[""conditional_compilation""]",medium
2,redis-plus-plus,397f9c7be0eb82ce92545f259a7f66ab992bd7ee,src/sw/redis++/command.h,167,173,function,expireat,7,"{""bitfield"": false, ""branch_complexity_proxy"": 0, ""c_array"": false, ""call_count"": 4, ""callback"": false, ""calloc"": false, ""conditional_compilation"": true, ""explicit_abi_boundary"": false, ""extern_declaration"": false, ""extern_or_abi_boundary"": false, ""flexible_array"": false, ""free"": false, ""function_pointer"": false, ""generated_source"": false, ""global_read"": false, ""global_write"": false, ""goto"": false, ""lexical_ambiguity"": false, ""longjmp"": false, ""macro_density"": 0.0, ""macro_generated_declaration"": false, ""macro_use"": false, ""malloc"": false, ""memcpy"": false, ""memmove"": false, ""memset"": false, ""mutable_global"": false, ""parameter_count"": 3, ""platform_specific"": false, ""pointer_arithmetic"": false, ""pointer_count"": 0, ""pointer_to_pointer"": false, ""raw_pointer_parameter"": false, ""raw_pointer_return"": false, ""realloc"": false, ""setjmp"": false, ""static_local"": false, ""syscall"": false, ""third_party"": false, ""union"": false, ""va_list"": false, ""variadic"": false, ""void_pointer"": false}",TRIVIAL,no_significant_detected_blocker,"[""conditional_compilation""]",medium
2,redis-plus-plus,397f9c7be0eb82ce92545f259a7f66ab992bd7ee,src/sw/redis++/command.h,175,177,function,keys,3,"{""bitfield"": false, ""branch_complexity_proxy"": 0, ""c_array"": false, ""call_count"": 4, ""callback"": false, ""calloc"": false, ""conditional_compilation"": true, ""explicit_abi_boundary"": false, ""extern_declaration"": false, ""extern_or_abi_boundary"": false, ""flexible_array"": false, ""free"": false, ""function_pointer"": false, ""generated_source"": false, ""global_read"": false, ""global_write"": false, ""goto"": false, ""lexical_ambiguity"": false, ""longjmp"": false, ""macro_density"": 0.0, ""macro_generated_declaration"": false, ""macro_use"": false, ""malloc"": false, ""memcpy"": false, ""memmove"": false, ""memset"": false, ""mutable_global"": false, ""parameter_count"": 2, ""platform_specific"": false, ""pointer_arithmetic"": false, ""pointer_count"": 0, ""pointer_to_pointer"": false, ""raw_pointer_parameter"": false, ""raw_pointer_return"": false, ""realloc"": false, ""setjmp"": false, ""static_local"": false, ""syscall"": false, ""third_party"": false, ""union"": false, ""va_list"": false, ""variadic"": false, ""void_pointer"": false}",TRIVIAL,no_significant_detected_blocker,"[""conditional_compilation""]",medium
2,redis-plus-plus,397f9c7be0eb82ce92545f259a7f66ab992bd7ee,src/sw/redis++/command.h,179,183,function,move,5,"{""bitfield"": false, ""branch_complexity_proxy"": 0, ""c_array"": false, ""call_count"": 4, ""callback"": false, ""calloc"": false, ""conditional_compilation"": true, ""explicit_abi_boundary"": false, ""extern_declaration"": false, ""extern_or_abi_boundary"": false, ""flexible_array"": false, ""free"": false, ""function_pointer"": false, ""generated_source"": false, ""global_read"": false, ""global_write"": false, ""goto"": false, ""lexical_ambiguity"": false, ""longjmp"": false, ""macro_density"": 0.0, ""macro_generated_declaration"": false, ""macro_use"": false, ""malloc"": false, ""memcpy"": false, ""memmove"": false, ""memset"": false, ""mutable_global"": false, ""parameter_count"": 3, ""platform_specific"": false, ""pointer_arithmetic"": false, ""pointer_count"": 0, ""pointer_to_pointer"": false, ""raw_pointer_parameter"": false, ""raw_pointer_return"": false, ""realloc"": false, ""setjmp"": false, ""static_local"": false, ""syscall"": false, ""third_party"": false, ""union"": false, ""va_list"": false, ""variadic"": false, ""void_pointer"": false}",TRIVIAL,no_significant_detected_blocker,"[""conditional_compilation""]",medium
2,redis-plus-plus,397f9c7be0eb82ce92545f259a7f66ab992bd7ee,src/sw/redis++/command.h,185,187,function,persist,3,"{""bitfield"": false, ""branch_complexity_proxy"": 0, ""c_array"": false, ""call_count"": 4, ""callback"": false, ""calloc"": false, ""conditional_compilation"": true, ""explicit_abi_boundary"": false, ""extern_declaration"": false, ""extern_or_abi_boundary"": false, ""flexible_array"": false, ""free"": false, ""function_pointer"": false, ""generated_source"": false, ""global_read"": false, ""global_write"": false, ""goto"": false, ""lexical_ambiguity"": false, ""longjmp"": false, ""macro_density"": 0.0, ""macro_generated_declaration"": false, ""macro_use"": false, ""malloc"": false, ""memcpy"": false, ""memmove"": false, ""memset"": false, ""mutable_global"": false, ""parameter_count"": 2, ""platform_specific"": false, ""pointer_arithmetic"": false, ""pointer_count"": 0, ""pointer_to_pointer"": false, ""raw_pointer_parameter"": false, ""raw_pointer_return"": false, ""realloc"": false, ""setjmp"": false, ""static_local"": false, ""syscall"": false, ""third_party"": false, ""union"": false, ""va_list"": false, ""variadic"": false, ""void_pointer"": false}",TRIVIAL,no_significant_detected_blocker,"[""conditional_compilation""]",medium
2,redis-plus-plus,397f9c7be0eb82ce92545f259a7f66ab992bd7ee,src/sw/redis++/command.h,189,195,function,pexpire,7,"{""bitfield"": false, ""branch_complexity_proxy"": 0, ""c_array"": false, ""call_count"": 4, ""callback"": false, ""calloc"": false, ""conditional_compilation"": true, ""explicit_abi_boundary"": false, ""extern_declaration"": false, ""extern_or_abi_boundary"": false, ""flexible_array"": false, ""free"": false, ""function_pointer"": false, ""generated_source"": false, ""global_read"": false, ""global_write"": false, ""goto"": false, ""lexical_ambiguity"": false, ""longjmp"": false, ""macro_density"": 0.0, ""macro_generated_declaration"": false, ""macro_use"": false, ""malloc"": false, ""memcpy"": false, ""memmove"": false, ""memset"": false, ""mutable_global"": false, ""parameter_count"": 3, ""platform_specific"": false, ""pointer_arithmetic"": false, ""pointer_count"": 0, ""pointer_to_pointer"": false, ""raw_pointer_parameter"": false, ""raw_pointer_return"": false, ""realloc"": false, ""setjmp"": false, ""static_local"": false, ""syscall"": false, ""third_party"": false, ""union"": false, ""va_list"": false, ""variadic"": false, ""void_pointer"": false}",TRIVIAL,no_significant_detected_blocker,"[""conditional_compilation""]",medium
2,redis-plus-plus,397f9c7be0eb82ce92545f259a7f66ab992bd7ee,src/sw/redis++/command.h,197,203,function,pexpireat,7,"{""bitfield"": false, ""branch_complexity_proxy"": 0, ""c_array"": false, ""call_count"": 4, ""callback"": false, ""calloc"": false, ""conditional_compilation"": true, ""explicit_abi_boundary"": false, ""extern_declaration"": false, ""extern_or_abi_boundary"": false, ""flexible_array"": false, ""free"": false, ""function_pointer"": false, ""generated_source"": false, ""global_read"": false, ""global_write"": false, ""goto"": false, ""lexical_ambiguity"": false, ""longjmp"": false, ""macro_density"": 0.0, ""macro_generated_declaration"": false, ""macro_use"": false, ""malloc"": false, ""memcpy"": false, ""memmove"": false, ""memset"": false, ""mutable_global"": false, ""parameter_count"": 3, ""platform_specific"": false, ""pointer_arithmetic"": false, ""pointer_count"": 0, ""pointer_to_pointer"": false, ""raw_pointer_parameter"": false, ""raw_pointer_return"": false, ""realloc"": false, ""setjmp"": false, ""static_local"": false, ""syscall"": false, ""third_party"": false, ""union"": false, ""va_list"": false, ""variadic"": false, ""void_pointer"": false}",TRIVIAL,no_significant_detected_blocker,"[""conditional_compilation""]",medium
2,redis-plus-plus,397f9c7be0eb82ce92545f259a7f66ab992bd7ee,src/sw/redis++/command.h,205,207,function,pttl,3,"{""bitfield"": false, ""branch_complexity_proxy"": 0, ""c_array"": false, ""call_count"": 4, ""callback"": false, ""calloc"": false, ""conditional_compilation"": true, ""explicit_abi_boundary"": false, ""extern_declaration"": false, ""extern_or_abi_boundary"": false, ""flexible_array"": false, ""free"": false, ""function_pointer"": false, ""generated_source"": false, ""global_read"": false, ""global_write"": false, ""goto"": false, ""lexical_ambiguity"": false, ""longjmp"": false, ""macro_density"": 0.0, ""macro_generated_declaration"": false, ""macro_use"": false, ""malloc"": false, ""memcpy"": false, ""memmove"": false, ""memset"": false, ""mutable_global"": false, ""parameter_count"": 2, ""platform_specific"": false, ""pointer_arithmetic"": false, ""pointer_count"": 0, ""pointer_to_pointer"": false, ""raw_pointer_parameter"": false, ""raw_pointer_return"": false, ""realloc"": false, ""setjmp"": false, ""static_local"": false, ""syscall"": false, ""third_party"": false, ""union"": false, ""va_list"": false, ""variadic"": false, ""void_pointer"": false}",TRIVIAL,no_significant_detected_blocker,"[""conditional_compilation""]",medium
2,redis-plus-plus,397f9c7be0eb82ce92545f259a7f66ab992bd7ee,src/sw/redis++/command.h,209,211,function,randomkey,3,"{""bitfield"": false, ""branch_complexity_proxy"": 0, ""c_array"": false, ""call_count"": 2, ""callback"": false, ""calloc"": false, ""conditional_compilation"": true, ""explicit_abi_boundary"": false, ""extern_declaration"": false, ""extern_or_abi_boundary"": false, ""flexible_array"": false, ""free"": false, ""function_pointer"": false, ""generated_source"": false, ""global_read"": false, ""global_write"": false, ""goto"": false, ""lexical_ambiguity"": false, ""longjmp"": false, ""macro_density"": 0.0, ""macro_generated_declaration"": false, ""macro_use"": false, ""malloc"": false, ""memcpy"": false, ""memmove"": false, ""memset"": false, ""mutable_global"": false, ""parameter_count"": 1, ""platform_specific"": false, ""pointer_arithmetic"": false, ""pointer_count"": 0, ""pointer_to_pointer"": false, ""raw_pointer_parameter"": false, ""raw_pointer_return"": false, ""realloc"": false, ""setjmp"": false, ""static_local"": false, ""syscall"": false, ""third_party"": false, ""union"": false, ""va_list"": false, ""variadic"": false, ""void_pointer"": false}",TRIVIAL,no_significant_detected_blocker,"[""conditional_compilation""]",medium
2,redis-plus-plus,397f9c7be0eb82ce92545f259a7f66ab992bd7ee,src/sw/redis++/command.h,213,219,function,rename,7,"{""bitfield"": false, ""branch_complexity_proxy"": 0, ""c_array"": false, ""call_count"": 6, ""callback"": false, ""calloc"": false, ""conditional_compilation"": true, ""explicit_abi_boundary"": false, ""extern_declaration"": false, ""extern_or_abi_boundary"": false, ""flexible_array"": false, ""free"": false, ""function_pointer"": false, ""generated_source"": false, ""global_read"": false, ""global_write"": false, ""goto"": false, ""lexical_ambiguity"": false, ""longjmp"": false, ""macro_density"": 0.0, ""macro_generated_declaration"": false, ""macro_use"": false, ""malloc"": false, ""memcpy"": false, ""memmove"": false, ""memset"": false, ""mutable_global"": false, ""parameter_count"": 3, ""platform_specific"": false, ""pointer_arithmetic"": false, ""pointer_count"": 0, ""pointer_to_pointer"": false, ""raw_pointer_parameter"": false, ""raw_pointer_return"": false, ""realloc"": false, ""setjmp"": false, ""static_local"": false, ""syscall"": false, ""third_party"": false, ""union"": false, ""va_list"": false, ""variadic"": false, ""void_pointer"": false}",TRIVIAL,no_significant_detected_blocker,"[""conditional_compilation""]",medium
2,redis-plus-plus,397f9c7be0eb82ce92545f259a7f66ab992bd7ee,src/sw/redis++/command.h,221,227,function,renamenx,7,"{""bitfield"": false, ""branch_complexity_proxy"": 0, ""c_array"": false, ""call_count"": 6, ""callback"": false, ""calloc"": false, ""conditional_compilation"": true, ""explicit_abi_boundary"": false, ""extern_declaration"": false, ""extern_or_abi_boundary"": false, ""flexible_array"": false, ""free"": false, ""function_pointer"": false, ""generated_source"": false, ""global_read"": false, ""global_write"": false, ""goto"": false, ""lexical_ambiguity"": false, ""longjmp"": false, ""macro_density"": 0.0, ""macro_generated_declaration"": false, ""macro_use"": false, ""malloc"": false, ""memcpy"": false, ""memmove"": false, ""memset"": false, ""mutable_global"": false, ""parameter_count"": 3, ""platform_specific"": false, ""pointer_arithmetic"": false, ""pointer_count"": 0, ""pointer_to_pointer"": false, ""raw_pointer_parameter"": false, ""raw_pointer_return"": false, ""realloc"": false, ""setjmp"": false, ""static_local"": false, ""syscall"": false, ""third_party"": false, ""union"": false, ""va_list"": false, ""variadic"": false, ""void_pointer"": false}",TRIVIAL,no_significant_detected_blocker,"[""conditional_compilation""]",medium
2,redis-plus-plus,397f9c7be0eb82ce92545f259a7f66ab992bd7ee,src/sw/redis++/command.h,235,243,function,scan,9,"{""bitfield"": false, ""branch_complexity_proxy"": 0, ""c_array"": false, ""call_count"": 4, ""callback"": false, ""calloc"": false, ""conditional_compilation"": true, ""explicit_abi_boundary"": false, ""extern_declaration"": false, ""extern_or_abi_boundary"": false, ""flexible_array"": false, ""free"": false, ""function_pointer"": false, ""generated_source"": false, ""global_read"": false, ""global_write"": false, ""goto"": false, ""lexical_ambiguity"": false, ""longjmp"": false, ""macro_density"": 0.0, ""macro_generated_declaration"": false, ""macro_use"": false, ""malloc"": false, ""memcpy"": false, ""memmove"": false, ""memset"": false, ""mutable_global"": false, ""parameter_count"": 4, ""platform_specific"": false, ""pointer_arithmetic"": false, ""pointer_count"": 0, ""pointer_to_pointer"": false, ""raw_pointer_parameter"": false, ""raw_pointer_return"": false, ""realloc"": false, ""setjmp"": false, ""static_local"": false, ""syscall"": false, ""third_party"": false, ""union"": false, ""va_list"": false, ""variadic"": false, ""void_pointer"": false}",TRIVIAL,no_significant_detected_blocker,"[""conditional_compilation""]",medium
2,redis-plus-plus,397f9c7be0eb82ce92545f259a7f66ab992bd7ee,src/sw/redis++/command.h,245,247,function,touch,3,"{""bitfield"": false, ""branch_complexity_proxy"": 0, ""c_array"": false, ""call_count"": 4, ""callback"": false, ""calloc"": false, ""conditional_compilation"": true, ""explicit_abi_boundary"": false, ""extern_declaration"": false, ""extern_or_abi_boundary"": false, ""flexible_array"": false, ""free"": false, ""function_pointer"": false, ""generated_source"": false, ""global_read"": false, ""global_write"": false, ""goto"": false, ""lexical_ambiguity"": false, ""longjmp"": false, ""macro_density"": 0.0, ""macro_generated_declaration"": false, ""macro_use"": false, ""malloc"": false, ""memcpy"": false, ""memmove"": false, ""memset"": false, ""mutable_global"": false, ""parameter_count"": 2, ""platform_specific"": false, ""pointer_arithmetic"": false, ""pointer_count"": 0, ""pointer_to_pointer"": false, ""raw_pointer_parameter"": false, ""raw_pointer_return"": false, ""realloc"": false, ""setjmp"": false, ""static_local"": false, ""syscall"": false, ""third_party"": false, ""union"": false, ""va_list"": false, ""variadic"": false, ""void_pointer"": false}",TRIVIAL,no_significant_detected_blocker,"[""conditional_compilation""]",medium
2,redis-plus-plus,397f9c7be0eb82ce92545f259a7f66ab992bd7ee,src/sw/redis++/command.h,250,257,function,touch_range,8,"{""bitfield"": false, ""branch_complexity_proxy"": 0, ""c_array"": false, ""call_count"": 4, ""callback"": false, ""calloc"": false, ""conditional_compilation"": true, ""explicit_abi_boundary"": false, ""extern_declaration"": false, ""extern_or_abi_boundary"": false, ""flexible_array"": false, ""free"": false, ""function_pointer"": false, ""generated_source"": false, ""global_read"": false, ""global_write"": false, ""goto"": false, ""lexical_ambiguity"": false, ""longjmp"": false, ""macro_density"": 0.0, ""macro_generated_declaration"": false, ""macro_use"": false, ""malloc"": false, ""memcpy"": false, ""memmove"": false, ""memset"": false, ""mutable_global"": false, ""parameter_count"": 3, ""platform_specific"": false, ""pointer_arithmetic"": false, ""pointer_count"": 0, ""pointer_to_pointer"": false, ""raw_pointer_parameter"": false, ""raw_pointer_return"": false, ""realloc"": false, ""setjmp"": false, ""static_local"": false, ""syscall"": false, ""third_party"": false, ""union"": false, ""va_list"": false, ""variadic"": false, ""void_pointer"": false}",TRIVIAL,no_significant_detected_blocker,"[""conditional_compilation""]",medium
2,redis-plus-plus,397f9c7be0eb82ce92545f259a7f66ab992bd7ee,src/sw/redis++/command.h,259,261,function,ttl,3,"{""bitfield"": false, ""branch_complexity_proxy"": 0, ""c_array"": false, ""call_count"": 4, ""callback"": false, ""calloc"": false, ""conditional_compilation"": true, ""explicit_abi_boundary"": false, ""extern_declaration"": false, ""extern_or_abi_boundary"": false, ""flexible_array"": false, ""free"": false, ""function_pointer"": false, ""generated_source"": false, ""global_read"": false, ""global_write"": false, ""goto"": false, ""lexical_ambiguity"": false, ""longjmp"": false, ""macro_density"": 0.0, ""macro_generated_declaration"": false, ""macro_use"": false, ""malloc"": false, ""memcpy"": false, ""memmove"": false, ""memset"": false, ""mutable_global"": false, ""parameter_count"": 2, ""platform_specific"": false, ""pointer_arithmetic"": false, ""pointer_count"": 0, ""pointer_to_pointer"": false, ""raw_pointer_parameter"": false, ""raw_pointer_return"": false, ""realloc"": false, ""setjmp"": false, ""static_local"": false, ""syscall"": false, ""third_party"": false, ""union"": false, ""va_list"": false, ""variadic"": false, ""void_pointer"": false}",TRIVIAL,no_significant_detected_blocker,"[""conditional_compilation""]",medium
2,redis-plus-plus,397f9c7be0eb82ce92545f259a7f66ab992bd7ee,src/sw/redis++/command.h,263,265,function,type,3,"{""bitfield"": false, ""branch_complexity_proxy"": 0, ""c_array"": false, ""call_count"": 4, ""callback"": false, ""calloc"": false, ""conditional_compilation"": true, ""explicit_abi_boundary"": false, ""extern_declaration"": false, ""extern_or_abi_boundary"": false, ""flexible_array"": false, ""free"": false, ""function_pointer"": false, ""generated_source"": false, ""global_read"": false, ""global_write"": false, ""goto"": false, ""lexical_ambiguity"": false, ""longjmp"": false, ""macro_density"": 0.0, ""macro_generated_declaration"": false, ""macro_use"": false, ""malloc"": false, ""memcpy"": false, ""memmove"": false, ""memset"": false, ""mutable_global"": false, ""parameter_count"": 2, ""platform_specific"": false, ""pointer_arithmetic"": false, ""pointer_count"": 0, ""pointer_to_pointer"": false, ""raw_pointer_parameter"": false, ""raw_pointer_return"": false, ""realloc"": false, ""setjmp"": false, ""static_local"": false, ""syscall"": false, ""third_party"": false, ""union"": false, ""va_list"": false, ""variadic"": false, ""void_pointer"": false}",TRIVIAL,no_significant_detected_blocker,"[""conditional_compilation""]",medium
2,redis-plus-plus,397f9c7be0eb82ce92545f259a7f66ab992bd7ee,src/sw/redis++/command.h,267,269,function,unlink,3,"{""bitfield"": false, ""branch_complexity_proxy"": 0, ""c_array"": false, ""call_count"": 4, ""callback"": false, ""calloc"": false, ""conditional_compilation"": true, ""explicit_abi_boundary"": false, ""extern_declaration"": false, ""extern_or_abi_boundary"": false, ""flexible_array"": false, ""free"": false, ""function_pointer"": false, ""generated_source"": false, ""global_read"": false, ""global_write"": false, ""goto"": false, ""lexical_ambiguity"": false, ""longjmp"": false, ""macro_density"": 0.0, ""macro_generated_declaration"": false, ""macro_use"": false, ""malloc"": false, ""memcpy"": false, ""memmove"": false, ""memset"": false, ""mutable_global"": false, ""parameter_count"": 2, ""platform_specific"": false, ""pointer_arithmetic"": false, ""pointer_count"": 0, ""pointer_to_pointer"": false, ""raw_pointer_parameter"": false, ""raw_pointer_return"": false, ""realloc"": false, ""setjmp"": false, ""static_local"": false, ""syscall"": false, ""third_party"": false, ""union"": false, ""va_list"": false, ""variadic"": false, ""void_pointer"": false}",TRIVIAL,no_significant_detected_blocker,"[""conditional_compilation""]",medium
2,redis-plus-plus,397f9c7be0eb82ce92545f259a7f66ab992bd7ee,src/sw/redis++/command.h,272,279,function,unlink_range,8,"{""bitfield"": false, ""branch_complexity_proxy"": 0, ""c_array"": false, ""call_count"": 4, ""callback"": false, ""calloc"": false, ""conditional_compilation"": true, ""explicit_abi_boundary"": false, ""extern_declaration"": false, ""extern_or_abi_boundary"": false, ""flexible_array"": false, ""free"": false, ""function_pointer"": false, ""generated_source"": false, ""global_read"": false, ""global_write"": false, ""goto"": false, ""lexical_ambiguity"": false, ""longjmp"": false, ""macro_density"": 0.0, ""macro_generated_declaration"": false, ""macro_use"": false, ""malloc"": false, ""memcpy"": false, ""memmove"": false, ""memset"": false, ""mutable_global"": false, ""parameter_count"": 3, ""platform_specific"": false, ""pointer_arithmetic"": false, ""pointer_count"": 0, ""pointer_to_pointer"": false, ""raw_pointer_parameter"": false, ""raw_pointer_return"": false, ""realloc"": false, ""setjmp"": false, ""static_local"": false, ""syscall"": false, ""third_party"": false, ""union"": false, ""va_list"": false, ""variadic"": false, ""void_pointer"": false}",TRIVIAL,no_significant_detected_blocker,"[""conditional_compilation""]",medium
2,redis-plus-plus,397f9c7be0eb82ce92545f259a7f66ab992bd7ee,src/sw/redis++/command.h,281,283,function,wait,3,"{""bitfield"": false, ""branch_complexity_proxy"": 0, ""c_array"": false, ""call_count"": 2, ""callback"": false, ""calloc"": false, ""conditional_compilation"": true, ""explicit_abi_boundary"": false, ""extern_declaration"": false, ""extern_or_abi_boundary"": false, ""flexible_array"": false, ""free"": false, ""function_pointer"": false, ""generated_source"": false, ""global_read"": false, ""global_write"": false, ""goto"": false, ""lexical_ambiguity"": false, ""longjmp"": false, ""macro_density"": 0.0, ""macro_generated_declaration"": false, ""macro_use"": false, ""malloc"": false, ""memcpy"": false, ""memmove"": false, ""memset"": false, ""mutable_global"": false, ""parameter_count"": 3, ""platform_specific"": false, ""pointer_arithmetic"": false, ""pointer_count"": 0, ""pointer_to_pointer"": false, ""raw_pointer_parameter"": false, ""raw_pointer_return"": false, ""realloc"": false, ""setjmp"": false, ""static_local"": false, ""syscall"": false, ""third_party"": false, ""union"": false, ""va_list"": false, ""variadic"": false, ""void_pointer"": false}",TRIVIAL,no_significant_detected_blocker,"[""conditional_compilation""]",medium
2,redis-plus-plus,397f9c7be0eb82ce92545f259a7f66ab992bd7ee,src/sw/redis++/command.h,287,291,function,append,5,"{""bitfield"": false, ""branch_complexity_proxy"": 0, ""c_array"": false, ""call_count"": 6, ""callback"": false, ""calloc"": false, ""conditional_compilation"": true, ""explicit_abi_boundary"": false, ""extern_declaration"": false, ""extern_or_abi_boundary"": false, ""flexible_array"": false, ""free"": false, ""function_pointer"": false, ""generated_source"": false, ""global_read"": false, ""global_write"": false, ""goto"": false, ""lexical_ambiguity"": false, ""longjmp"": false, ""macro_density"": 0.0, ""macro_generated_declaration"": false, ""macro_use"": false, ""malloc"": false, ""memcpy"": false, ""memmove"": false, ""memset"": false, ""mutable_global"": false, ""parameter_count"": 3, ""platform_specific"": false, ""pointer_arithmetic"": false, ""pointer_count"": 0, ""pointer_to_pointer"": false, ""raw_pointer_parameter"": false, ""raw_pointer_return"": false, ""realloc"": false, ""setjmp"": false, ""static_local"": false, ""syscall"": false, ""third_party"": false, ""union"": false, ""va_list"": false, ""variadic"": false, ""void_pointer"": false}",TRIVIAL,no_significant_detected_blocker,"[""conditional_compilation""]",medium
2,redis-plus-plus,397f9c7be0eb82ce92545f259a7f66ab992bd7ee,src/sw/redis++/command.h,293,300,function,bitcount,8,"{""bitfield"": false, ""branch_complexity_proxy"": 0, ""c_array"": false, ""call_count"": 4, ""callback"": false, ""calloc"": false, ""conditional_compilation"": true, ""explicit_abi_boundary"": false, ""extern_declaration"": false, ""extern_or_abi_boundary"": false, ""flexible_array"": false, ""free"": false, ""function_pointer"": false, ""generated_source"": false, ""global_read"": false, ""global_write"": false, ""goto"": false, ""lexical_ambiguity"": false, ""longjmp"": false, ""macro_density"": 0.0, ""macro_generated_declaration"": false, ""macro_use"": false, ""malloc"": false, ""memcpy"": false, ""memmove"": false, ""memset"": false, ""mutable_global"": false, ""parameter_count"": 4, ""platform_specific"": false, ""pointer_arithmetic"": false, ""pointer_count"": 0, ""pointer_to_pointer"": false, ""raw_pointer_parameter"": false, ""raw_pointer_return"": false, ""realloc"": false, ""setjmp"": false, ""static_local"": false, ""syscall"": false, ""third_party"": false, ""union"": false, ""va_list"": false, ""variadic"": false, ""void_pointer"": false}",TRIVIAL,no_significant_detected_blocker,"[""conditional_compilation""]",medium
2,redis-plus-plus,397f9c7be0eb82ce92545f259a7f66ab992bd7ee,src/sw/redis++/command.h,314,324,function,bitpos,11,"{""bitfield"": false, ""branch_complexity_proxy"": 0, ""c_array"": false, ""call_count"": 4, ""callback"": false, ""calloc"": false, ""conditional_compilation"": true, ""explicit_abi_boundary"": false, ""extern_declaration"": false, ""extern_or_abi_boundary"": false, ""flexible_array"": false, ""free"": false, ""function_pointer"": false, ""generated_source"": false, ""global_read"": false, ""global_write"": false, ""goto"": false, ""lexical_ambiguity"": false, ""longjmp"": false, ""macro_density"": 0.0, ""macro_generated_declaration"": false, ""macro_use"": false, ""malloc"": false, ""memcpy"": false, ""memmove"": false, ""memset"": false, ""mutable_global"": false, ""parameter_count"": 5, ""platform_specific"": false, ""pointer_arithmetic"": false, ""pointer_count"": 0, ""pointer_to_pointer"": false, ""raw_pointer_parameter"": false, ""raw_pointer_return"": false, ""realloc"": false, ""setjmp"": false, ""static_local"": false, ""syscall"": false, ""third_party"": false, ""union"": false, ""va_list"": false, ""variadic"": false, ""void_pointer"": false}",TRIVIAL,no_significant_detected_blocker,"[""conditional_compilation""]",medium
2,redis-plus-plus,397f9c7be0eb82ce92545f259a7f66ab992bd7ee,src/sw/redis++/command.h,326,328,function,decr,3,"{""bitfield"": false, ""branch_complexity_proxy"": 0, ""c_array"": false, ""call_count"": 4, ""callback"": false, ""calloc"": false, ""conditional_compilation"": true, ""explicit_abi_boundary"": false, ""extern_declaration"": false, ""extern_or_abi_boundary"": false, ""flexible_array"": false, ""free"": false, ""function_pointer"": false, ""generated_source"": false, ""global_read"": false, ""global_write"": false, ""goto"": false, ""lexical_ambiguity"": false, ""longjmp"": false, ""macro_density"": 0.0, ""macro_generated_declaration"": false, ""macro_use"": false, ""malloc"": false, ""memcpy"": false, ""memmove"": false, ""memset"": false, ""mutable_global"": false, ""parameter_count"": 2, ""platform_specific"": false, ""pointer_arithmetic"": false, ""pointer_count"": 0, ""pointer_to_pointer"": false, ""raw_pointer_parameter"": false, ""raw_pointer_return"": false, ""realloc"": false, ""setjmp"": false, ""static_local"": false, ""syscall"": false, ""third_party"": false, ""union"": false, ""va_list"": false, ""variadic"": false, ""void_pointer"": false}",TRIVIAL,no_significant_detected_blocker,"[""conditional_compilation""]",medium
2,redis-plus-plus,397f9c7be0eb82ce92545f259a7f66ab992bd7ee,src/sw/redis++/command.h,330,334,function,decrby,5,"{""bitfield"": false, ""branch_complexity_proxy"": 0, ""c_array"": false, ""call_count"": 4, ""callback"": false, ""calloc"": false, ""conditional_compilation"": true, ""explicit_abi_boundary"": false, ""extern_declaration"": false, ""extern_or_abi_boundary"": false, ""flexible_array"": false, ""free"": false, ""function_pointer"": false, ""generated_source"": false, ""global_read"": false, ""global_write"": false, ""goto"": false, ""lexical_ambiguity"": false, ""longjmp"": false, ""macro_density"": 0.0, ""macro_generated_declaration"": false, ""macro_use"": false, ""malloc"": false, ""memcpy"": false, ""memmove"": false, ""memset"": false, ""mutable_global"": false, ""parameter_count"": 3, ""platform_specific"": false, ""pointer_arithmetic"": false, ""pointer_count"": 0, ""pointer_to_pointer"": false, ""raw_pointer_parameter"": false, ""raw_pointer_return"": false, ""realloc"": false, ""setjmp"": false, ""static_local"": false, ""syscall"": false, ""third_party"": false, ""union"": false, ""va_list"": false, ""variadic"": false, ""void_pointer"": false}",TRIVIAL,no_significant_detected_blocker,"[""conditional_compilation""]",medium
2,redis-plus-plus,397f9c7be0eb82ce92545f259a7f66ab992bd7ee,src/sw/redis++/command.h,336,339,function,get,4,"{""bitfield"": false, ""branch_complexity_proxy"": 0, ""c_array"": false, ""call_count"": 4, ""callback"": false, ""calloc"": false, ""conditional_compilation"": true, ""explicit_abi_boundary"": false, ""extern_declaration"": false, ""extern_or_abi_boundary"": false, ""flexible_array"": false, ""free"": false, ""function_pointer"": false, ""generated_source"": false, ""global_read"": false, ""global_write"": false, ""goto"": false, ""lexical_ambiguity"": false, ""longjmp"": false, ""macro_density"": 0.0, ""macro_generated_declaration"": false, ""macro_use"": false, ""malloc"": false, ""memcpy"": false, ""memmove"": false, ""memset"": false, ""mutable_global"": false, ""parameter_count"": 2, ""platform_specific"": false, ""pointer_arithmetic"": false, ""pointer_count"": 0, ""pointer_to_pointer"": false, ""raw_pointer_parameter"": false, ""raw_pointer_return"": false, ""realloc"": false, ""setjmp"": false, ""static_local"": false, ""syscall"": false, ""third_party"": false, ""union"": false, ""va_list"": false, ""variadic"": false, ""void_pointer"": false}",TRIVIAL,no_significant_detected_blocker,"[""conditional_compilation""]",medium
2,redis-plus-plus,397f9c7be0eb82ce92545f259a7f66ab992bd7ee,src/sw/redis++/command.h,341,345,function,getbit,5,"{""bitfield"": false, ""branch_complexity_proxy"": 0, ""c_array"": false, ""call_count"": 4, ""callback"": false, ""calloc"": false, ""conditional_compilation"": true, ""explicit_abi_boundary"": false, ""extern_declaration"": false, ""extern_or_abi_boundary"": false, ""flexible_array"": false, ""free"": false, ""function_pointer"": false, ""generated_source"": false, ""global_read"": false, ""global_write"": false, ""goto"": false, ""lexical_ambiguity"": false, ""longjmp"": false, ""macro_density"": 0.0, ""macro_generated_declaration"": false, ""macro_use"": false, ""malloc"": false, ""memcpy"": false, ""memmove"": false, ""memset"": false, ""mutable_global"": false, ""parameter_count"": 3, ""platform_specific"": false, ""pointer_arithmetic"": false, ""pointer_count"": 0, ""pointer_to_pointer"": false, ""raw_pointer_parameter"": false, ""raw_pointer_return"": false, ""realloc"": false, ""setjmp"": false, ""static_local"": false, ""syscall"": false, ""third_party"": false, ""union"": false, ""va_list"": false, ""variadic"": false, ""void_pointer"": false}",TRIVIAL,no_significant_detected_blocker,"[""conditional_compilation""]",medium
2,redis-plus-plus,397f9c7be0eb82ce92545f259a7f66ab992bd7ee,src/sw/redis++/command.h,347,355,function,getrange,9,"{""bitfield"": false, ""branch_complexity_proxy"": 0, ""c_array"": false, ""call_count"": 4, ""callback"": false, ""calloc"": false, ""conditional_compilation"": true, ""explicit_abi_boundary"": false, ""extern_declaration"": false, ""extern_or_abi_boundary"": false, ""flexible_array"": false, ""free"": false, ""function_pointer"": false, ""generated_source"": false, ""global_read"": false, ""global_write"": false, ""goto"": false, ""lexical_ambiguity"": false, ""longjmp"": false, ""macro_density"": 0.0, ""macro_generated_declaration"": false, ""macro_use"": false, ""malloc"": false, ""memcpy"": false, ""memmove"": false, ""memset"": false, ""mutable_global"": false, ""parameter_count"": 4, ""platform_specific"": false, ""pointer_arithmetic"": false, ""pointer_count"": 0, ""pointer_to_pointer"": false, ""raw_pointer_parameter"": false, ""raw_pointer_return"": false, ""realloc"": false, ""setjmp"": false, ""static_local"": false, ""syscall"": false, ""third_party"": false, ""union"": false, ""va_list"": false, ""variadic"": false, ""void_pointer"": false}",TRIVIAL,no_significant_detected_blocker,"[""conditional_compilation""]",medium
2,redis-plus-plus,397f9c7be0eb82ce92545f259a7f66ab992bd7ee,src/sw/redis++/command.h,357,363,function,getset,7,"{""bitfield"": false, ""branch_complexity_proxy"": 0, ""c_array"": false, ""call_count"": 6, ""callback"": false, ""calloc"": false, ""conditional_compilation"": true, ""explicit_abi_boundary"": false, ""extern_declaration"": false, ""extern_or_abi_boundary"": false, ""flexible_array"": false, ""free"": false, ""function_pointer"": false, ""generated_source"": false, ""global_read"": false, ""global_write"": false, ""goto"": false, ""lexical_ambiguity"": false, ""longjmp"": false, ""macro_density"": 0.0, ""macro_generated_declaration"": false, ""macro_use"": false, ""malloc"": false, ""memcpy"": false, ""memmove"": false, ""memset"": false, ""mutable_global"": false, ""parameter_count"": 3, ""platform_specific"": false, ""pointer_arithmetic"": false, ""pointer_count"": 0, ""pointer_to_pointer"": false, ""raw_pointer_parameter"": false, ""raw_pointer_return"": false, ""realloc"": false, ""setjmp"": false, ""static_local"": false, ""syscall"": false, ""third_party"": false, ""union"": false, ""va_list"": false, ""variadic"": false, ""void_pointer"": false}",TRIVIAL,no_significant_detected_blocker,"[""conditional_compilation""]",medium
2,redis-plus-plus,397f9c7be0eb82ce92545f259a7f66ab992bd7ee,src/sw/redis++/command.h,365,367,function,incr,3,"{""bitfield"": false, ""branch_complexity_proxy"": 0, ""c_array"": false, ""call_count"": 4, ""callback"": false, ""calloc"": false, ""conditional_compilation"": true, ""explicit_abi_boundary"": false, ""extern_declaration"": false, ""extern_or_abi_boundary"": false, ""flexible_array"": false, ""free"": false, ""function_pointer"": false, ""generated_source"": false, ""global_read"": false, ""global_write"": false, ""goto"": false, ""lexical_ambiguity"": false, ""longjmp"": false, ""macro_density"": 0.0, ""macro_generated_declaration"": false, ""macro_use"": false, ""malloc"": false, ""memcpy"": false, ""memmove"": false, ""memset"": false, ""mutable_global"": false, ""parameter_count"": 2, ""platform_specific"": false, ""pointer_arithmetic"": false, ""pointer_count"": 0, ""pointer_to_pointer"": false, ""raw_pointer_parameter"": false, ""raw_pointer_return"": false, ""realloc"": false, ""setjmp"": false, ""static_local"": false, ""syscall"": false, ""third_party"": false, ""union"": false, ""va_list"": false, ""variadic"": false, ""void_pointer"": false}",TRIVIAL,no_significant_detected_blocker,"[""conditional_compilation""]",medium
2,redis-plus-plus,397f9c7be0eb82ce92545f259a7f66ab992bd7ee,src/sw/redis++/command.h,369,373,function,incrby,5,"{""bitfield"": false, ""branch_complexity_proxy"": 0, ""c_array"": false, ""call_count"": 4, ""callback"": false, ""calloc"": false, ""conditional_compilation"": true, ""explicit_abi_boundary"": false, ""extern_declaration"": false, ""extern_or_abi_boundary"": false, ""flexible_array"": false, ""free"": false, ""function_pointer"": false, ""generated_source"": false, ""global_read"": false, ""global_write"": false, ""goto"": false, ""lexical_ambiguity"": false, ""longjmp"": false, ""macro_density"": 0.0, ""macro_generated_declaration"": false, ""macro_use"": false, ""malloc"": false, ""memcpy"": false, ""memmove"": false, ""memset"": false, ""mutable_global"": false, ""parameter_count"": 3, ""platform_specific"": false, ""pointer_arithmetic"": false, ""pointer_count"": 0, ""pointer_to_pointer"": false, ""raw_pointer_parameter"": false, ""raw_pointer_return"": false, ""realloc"": false, ""setjmp"": false, ""static_local"": false, ""syscall"": false, ""third_party"": false, ""union"": false, ""va_list"": false, ""variadic"": false, ""void_pointer"": false}",TRIVIAL,no_significant_detected_blocker,"[""conditional_compilation""]",medium
2,redis-plus-plus,397f9c7be0eb82ce92545f259a7f66ab992bd7ee,src/sw/redis++/command.h,375,379,function,incrbyfloat,5,"{""bitfield"": false, ""branch_complexity_proxy"": 0, ""c_array"": false, ""call_count"": 4, ""callback"": false, ""calloc"": false, ""conditional_compilation"": true, ""explicit_abi_boundary"": false, ""extern_declaration"": false, ""extern_or_abi_boundary"": false, ""flexible_array"": false, ""free"": false, ""function_pointer"": false, ""generated_source"": false, ""global_read"": false, ""global_write"": false, ""goto"": false, ""lexical_ambiguity"": false, ""longjmp"": false, ""macro_density"": 0.0, ""macro_generated_declaration"": false, ""macro_use"": false, ""malloc"": false, ""memcpy"": false, ""memmove"": false, ""memset"": false, ""mutable_global"": false, ""parameter_count"": 3, ""platform_specific"": false, ""pointer_arithmetic"": false, ""pointer_count"": 0, ""pointer_to_pointer"": false, ""raw_pointer_parameter"": false, ""raw_pointer_return"": false, ""realloc"": false, ""setjmp"": false, ""static_local"": false, ""syscall"": false, ""third_party"": false, ""union"": false, ""va_list"": false, ""variadic"": false, ""void_pointer"": false}",TRIVIAL,no_significant_detected_blocker,"[""conditional_compilation""]",medium
2,redis-plus-plus,397f9c7be0eb82ce92545f259a7f66ab992bd7ee,src/sw/redis++/command.h,382,389,function,mget,8,"{""bitfield"": false, ""branch_complexity_proxy"": 0, ""c_array"": false, ""call_count"": 4, ""callback"": false, ""calloc"": false, ""conditional_compilation"": true, ""explicit_abi_boundary"": false, ""extern_declaration"": false, ""extern_or_abi_boundary"": false, ""flexible_array"": false, ""free"": false, ""function_pointer"": false, ""generated_source"": false, ""global_read"": false, ""global_write"": false, ""goto"": false, ""lexical_ambiguity"": false, ""longjmp"": false, ""macro_density"": 0.0, ""macro_generated_declaration"": false, ""macro_use"": false, ""malloc"": false, ""memcpy"": false, ""memmove"": false, ""memset"": false, ""mutable_global"": false, ""parameter_count"": 3, ""platform_specific"": false, ""pointer_arithmetic"": false, ""pointer_count"": 0, ""pointer_to_pointer"": false, ""raw_pointer_parameter"": false, ""raw_pointer_return"": false, ""realloc"": false, ""setjmp"": false, ""static_local"": false, ""syscall"": false, ""third_party"": false, ""union"": false, ""va_list"": false, ""variadic"": false, ""void_pointer"": false}",TRIVIAL,no_significant_detected_blocker,"[""conditional_compilation""]",medium
2,redis-plus-plus,397f9c7be0eb82ce92545f259a7f66ab992bd7ee,src/sw/redis++/command.h,392,399,function,mset,8,"{""bitfield"": false, ""branch_complexity_proxy"": 0, ""c_array"": false, ""call_count"": 4, ""callback"": false, ""calloc"": false, ""conditional_compilation"": true, ""explicit_abi_boundary"": false, ""extern_declaration"": false, ""extern_or_abi_boundary"": false, ""flexible_array"": false, ""free"": false, ""function_pointer"": false, ""generated_source"": false, ""global_read"": false, ""global_write"": false, ""goto"": false, ""lexical_ambiguity"": false, ""longjmp"": false, ""macro_density"": 0.0, ""macro_generated_declaration"": false, ""macro_use"": false, ""malloc"": false, ""memcpy"": false, ""memmove"": false, ""memset"": false, ""mutable_global"": false, ""parameter_count"": 3, ""platform_specific"": false, ""pointer_arithmetic"": false, ""pointer_count"": 0, ""pointer_to_pointer"": false, ""raw_pointer_parameter"": false, ""raw_pointer_return"": false, ""realloc"": false, ""setjmp"": false, ""static_local"": false, ""syscall"": false, ""third_party"": false, ""union"": false, ""va_list"": false, ""variadic"": false, ""void_pointer"": false}",TRIVIAL,no_significant_detected_blocker,"[""conditional_compilation""]",medium
2,redis-plus-plus,397f9c7be0eb82ce92545f259a7f66ab992bd7ee,src/sw/redis++/command.h,402,409,function,msetnx,8,"{""bitfield"": false, ""branch_complexity_proxy"": 0, ""c_array"": false, ""call_count"": 4, ""callback"": false, ""calloc"": false, ""conditional_compilation"": true, ""explicit_abi_boundary"": false, ""extern_declaration"": false, ""extern_or_abi_boundary"": false, ""flexible_array"": false, ""free"": false, ""function_pointer"": false, ""generated_source"": false, ""global_read"": false, ""global_write"": false, ""goto"": false, ""lexical_ambiguity"": false, ""longjmp"": false, ""macro_density"": 0.0, ""macro_generated_declaration"": false, ""macro_use"": false, ""malloc"": false, ""memcpy"": false, ""memmove"": false, ""memset"": false, ""mutable_global"": false, ""parameter_count"": 3, ""platform_specific"": false, ""pointer_arithmetic"": false, ""pointer_count"": 0, ""pointer_to_pointer"": false, ""raw_pointer_parameter"": false, ""raw_pointer_return"": false, ""realloc"": false, ""setjmp"": false, ""static_local"": false, ""syscall"": false, ""third_party"": false, ""union"": false, ""va_list"": false, ""variadic"": false, ""void_pointer"": false}",TRIVIAL,no_significant_detected_blocker,"[""conditional_compilation""]",medium
2,redis-plus-plus,397f9c7be0eb82ce92545f259a7f66ab992bd7ee,src/sw/redis++/command.h,411,419,function,psetex,9,"{""bitfield"": false, ""branch_complexity_proxy"": 0, ""c_array"": false, ""call_count"": 6, ""callback"": false, ""calloc"": false, ""conditional_compilation"": true, ""explicit_abi_boundary"": false, ""extern_declaration"": false, ""extern_or_abi_boundary"": false, ""flexible_array"": false, ""free"": false, ""function_pointer"": false, ""generated_source"": false, ""global_read"": false, ""global_write"": false, ""goto"": false, ""lexical_ambiguity"": false, ""longjmp"": false, ""macro_density"": 0.0, ""macro_generated_declaration"": false, ""macro_use"": false, ""malloc"": false, ""memcpy"": false, ""memmove"": false, ""memset"": false, ""mutable_global"": false, ""parameter_count"": 4, ""platform_specific"": false, ""pointer_arithmetic"": false, ""pointer_count"": 0, ""pointer_to_pointer"": false, ""raw_pointer_parameter"": false, ""raw_pointer_return"": false, ""realloc"": false, ""setjmp"": false, ""static_local"": false, ""syscall"": false, ""third_party"": false, ""union"": false, ""va_list"": false, ""variadic"": false, ""void_pointer"": false}",TRIVIAL,no_significant_detected_blocker,"[""conditional_compilation""]",medium
2,redis-plus-plus,397f9c7be0eb82ce92545f259a7f66ab992bd7ee,src/sw/redis++/command.h,445,453,function,setex,9,"{""bitfield"": false, ""branch_complexity_proxy"": 0, ""c_array"": false, ""call_count"": 6, ""callback"": false, ""calloc"": false, ""conditional_compilation"": true, ""explicit_abi_boundary"": false, ""extern_declaration"": false, ""extern_or_abi_boundary"": false, ""flexible_array"": false, ""free"": false, ""function_pointer"": false, ""generated_source"": false, ""global_read"": false, ""global_write"": false, ""goto"": false, ""lexical_ambiguity"": false, ""longjmp"": false, ""macro_density"": 0.0, ""macro_generated_declaration"": false, ""macro_use"": false, ""malloc"": false, ""memcpy"": false, ""memmove"": false, ""memset"": false, ""mutable_global"": false, ""parameter_count"": 4, ""platform_specific"": false, ""pointer_arithmetic"": false, ""pointer_count"": 0, ""pointer_to_pointer"": false, ""raw_pointer_parameter"": false, ""raw_pointer_return"": false, ""realloc"": false, ""setjmp"": false, ""static_local"": false, ""syscall"": false, ""third_party"": false, ""union"": false, ""va_list"": false, ""variadic"": false, ""void_pointer"": false}",TRIVIAL,no_significant_detected_blocker,"[""conditional_compilation""]",medium
2,redis-plus-plus,397f9c7be0eb82ce92545f259a7f66ab992bd7ee,src/sw/redis++/command.h,455,461,function,setnx,7,"{""bitfield"": false, ""branch_complexity_proxy"": 0, ""c_array"": false, ""call_count"": 6, ""callback"": false, ""calloc"": false, ""conditional_compilation"": true, ""explicit_abi_boundary"": false, ""extern_declaration"": false, ""extern_or_abi_boundary"": false, ""flexible_array"": false, ""free"": false, ""function_pointer"": false, ""generated_source"": false, ""global_read"": false, ""global_write"": false, ""goto"": false, ""lexical_ambiguity"": false, ""longjmp"": false, ""macro_density"": 0.0, ""macro_generated_declaration"": false, ""macro_use"": false, ""malloc"": false, ""memcpy"": false, ""memmove"": false, ""memset"": false, ""mutable_global"": false, ""parameter_count"": 3, ""platform_specific"": false, ""pointer_arithmetic"": false, ""pointer_count"": 0, ""pointer_to_pointer"": false, ""raw_pointer_parameter"": false, ""raw_pointer_return"": false, ""realloc"": false, ""setjmp"": false, ""static_local"": false, ""syscall"": false, ""third_party"": false, ""union"": false, ""va_list"": false, ""variadic"": false, ""void_pointer"": false}",TRIVIAL,no_significant_detected_blocker,"[""conditional_compilation""]",medium
2,redis-plus-plus,397f9c7be0eb82ce92545f259a7f66ab992bd7ee,src/sw/redis++/command.h,463,471,function,setrange,9,"{""bitfield"": false, ""branch_complexity_proxy"": 0, ""c_array"": false, ""call_count"": 6, ""callback"": false, ""calloc"": false, ""conditional_compilation"": true, ""explicit_abi_boundary"": false, ""extern_declaration"": false, ""extern_or_abi_boundary"": false, ""flexible_array"": false, ""free"": false, ""function_pointer"": false, ""generated_source"": false, ""global_read"": false, ""global_write"": false, ""goto"": false, ""lexical_ambiguity"": false, ""longjmp"": false, ""macro_density"": 0.0, ""macro_generated_declaration"": false, ""macro_use"": false, ""malloc"": false, ""memcpy"": false, ""memmove"": false, ""memset"": false, ""mutable_global"": false, ""parameter_count"": 4, ""platform_specific"": false, ""pointer_arithmetic"": false, ""pointer_count"": 0, ""pointer_to_pointer"": false, ""raw_pointer_parameter"": false, ""raw_pointer_return"": false, ""realloc"": false, ""setjmp"": false, ""static_local"": false, ""syscall"": false, ""third_party"": false, ""union"": false, ""va_list"": false, ""variadic"": false, ""void_pointer"": false}",TRIVIAL,no_significant_detected_blocker,"[""conditional_compilation""]",medium
2,redis-plus-plus,397f9c7be0eb82ce92545f259a7f66ab992bd7ee,src/sw/redis++/command.h,473,475,function,strlen,3,"{""bitfield"": false, ""branch_complexity_proxy"": 0, ""c_array"": false, ""call_count"": 4, ""callback"": false, ""calloc"": false, ""conditional_compilation"": true, ""explicit_abi_boundary"": false, ""extern_declaration"": false, ""extern_or_abi_boundary"": false, ""flexible_array"": false, ""free"": false, ""function_pointer"": false, ""generated_source"": false, ""global_read"": false, ""global_write"": false, ""goto"": false, ""lexical_ambiguity"": false, ""longjmp"": false, ""macro_density"": 0.0, ""macro_generated_declaration"": false, ""macro_use"": false, ""malloc"": false, ""memcpy"": false, ""memmove"": false, ""memset"": false, ""mutable_global"": false, ""parameter_count"": 2, ""platform_specific"": false, ""pointer_arithmetic"": false, ""pointer_count"": 0, ""pointer_to_pointer"": false, ""raw_pointer_parameter"": false, ""raw_pointer_return"": false, ""realloc"": false, ""setjmp"": false, ""static_local"": false, ""syscall"": false, ""third_party"": false, ""union"": false, ""va_list"": false, ""variadic"": false, ""void_pointer"": false}",TRIVIAL,no_significant_detected_blocker,"[""conditional_compilation""]",medium
2,redis-plus-plus,397f9c7be0eb82ce92545f259a7f66ab992bd7ee,src/sw/redis++/command.h,479,483,function,blpop,5,"{""bitfield"": false, ""branch_complexity_proxy"": 0, ""c_array"": false, ""call_count"": 4, ""callback"": false, ""calloc"": false, ""conditional_compilation"": true, ""explicit_abi_boundary"": false, ""extern_declaration"": false, ""extern_or_abi_boundary"": false, ""flexible_array"": false, ""free"": false, ""function_pointer"": false, ""generated_source"": false, ""global_read"": false, ""global_write"": false, ""goto"": false, ""lexical_ambiguity"": false, ""longjmp"": false, ""macro_density"": 0.0, ""macro_generated_declaration"": false, ""macro_use"": false, ""malloc"": false, ""memcpy"": false, ""memmove"": false, ""memset"": false, ""mutable_global"": false, ""parameter_count"": 3, ""platform_specific"": false, ""pointer_arithmetic"": false, ""pointer_count"": 0, ""pointer_to_pointer"": false, ""raw_pointer_parameter"": false, ""raw_pointer_return"": false, ""realloc"": false, ""setjmp"": false, ""static_local"": false, ""syscall"": false, ""third_party"": false, ""union"": false, ""va_list"": false, ""variadic"": false, ""void_pointer"": false}",TRIVIAL,no_significant_detected_blocker,"[""conditional_compilation""]",medium
2,redis-plus-plus,397f9c7be0eb82ce92545f259a7f66ab992bd7ee,src/sw/redis++/command.h,486,496,function,blpop_range,11,"{""bitfield"": false, ""branch_complexity_proxy"": 0, ""c_array"": false, ""call_count"": 4, ""callback"": false, ""calloc"": false, ""conditional_compilation"": true, ""explicit_abi_boundary"": false, ""extern_declaration"": false, ""extern_or_abi_boundary"": false, ""flexible_array"": false, ""free"": false, ""function_pointer"": false, ""generated_source"": false, ""global_read"": false, ""global_write"": false, ""goto"": false, ""lexical_ambiguity"": false, ""longjmp"": false, ""macro_density"": 0.0, ""macro_generated_declaration"": false, ""macro_use"": false, ""malloc"": false, ""memcpy"": false, ""memmove"": false, ""memset"": false, ""mutable_global"": false, ""parameter_count"": 4, ""platform_specific"": false, ""pointer_arithmetic"": false, ""pointer_count"": 0, ""pointer_to_pointer"": false, ""raw_pointer_parameter"": false, ""raw_pointer_return"": false, ""realloc"": false, ""setjmp"": false, ""static_local"": false, ""syscall"": false, ""third_party"": false, ""union"": false, ""va_list"": false, ""variadic"": false, ""void_pointer"": false}",TRIVIAL,no_significant_detected_blocker,"[""conditional_compilation""]",medium
2,redis-plus-plus,397f9c7be0eb82ce92545f259a7f66ab992bd7ee,src/sw/redis++/command.h,498,502,function,brpop,5,"{""bitfield"": false, ""branch_complexity_proxy"": 0, ""c_array"": false, ""call_count"": 4, ""callback"": false, ""calloc"": false, ""conditional_compilation"": true, ""explicit_abi_boundary"": false, ""extern_declaration"": false, ""extern_or_abi_boundary"": false, ""flexible_array"": false, ""free"": false, ""function_pointer"": false, ""generated_source"": false, ""global_read"": false, ""global_write"": false, ""goto"": false, ""lexical_ambiguity"": false, ""longjmp"": false, ""macro_density"": 0.0, ""macro_generated_declaration"": false, ""macro_use"": false, ""malloc"": false, ""memcpy"": false, ""memmove"": false, ""memset"": false, ""mutable_global"": false, ""parameter_count"": 3, ""platform_specific"": false, ""pointer_arithmetic"": false, ""pointer_count"": 0, ""pointer_to_pointer"": false, ""raw_pointer_parameter"": false, ""raw_pointer_return"": false, ""realloc"": false, ""setjmp"": false, ""static_local"": false, ""syscall"": false, ""third_party"": false, ""union"": false, ""va_list"": false, ""variadic"": false, ""void_pointer"": false}",TRIVIAL,no_significant_detected_blocker,"[""conditional_compilation""]",medium
2,redis-plus-plus,397f9c7be0eb82ce92545f259a7f66ab992bd7ee,src/sw/redis++/command.h,505,515,function,brpop_range,11,"{""bitfield"": false, ""branch_complexity_proxy"": 0, ""c_array"": false, ""call_count"": 4, ""callback"": false, ""calloc"": false, ""conditional_compilation"": true, ""explicit_abi_boundary"": false, ""extern_declaration"": false, ""extern_or_abi_boundary"": false, ""flexible_array"": false, ""free"": false, ""function_pointer"": false, ""generated_source"": false, ""global_read"": false, ""global_write"": false, ""goto"": false, ""lexical_ambiguity"": false, ""longjmp"": false, ""macro_density"": 0.0, ""macro_generated_declaration"": false, ""macro_use"": false, ""malloc"": false, ""memcpy"": false, ""memmove"": false, ""memset"": false, ""mutable_global"": false, ""parameter_count"": 4, ""platform_specific"": false, ""pointer_arithmetic"": false, ""pointer_count"": 0, ""pointer_to_pointer"": false, ""raw_pointer_parameter"": false, ""raw_pointer_return"": false, ""realloc"": false, ""setjmp"": false, ""static_local"": false, ""syscall"": false, ""third_party"": false, ""union"": false, ""va_list"": false, ""variadic"": false, ""void_pointer"": false}",TRIVIAL,no_significant_detected_blocker,"[""conditional_compilation""]",medium
2,redis-plus-plus,397f9c7be0eb82ce92545f259a7f66ab992bd7ee,src/sw/redis++/command.h,517,525,function,brpoplpush,9,"{""bitfield"": false, ""branch_complexity_proxy"": 0, ""c_array"": false, ""call_count"": 6, ""callback"": false, ""calloc"": false, ""conditional_compilation"": true, ""explicit_abi_boundary"": false, ""extern_declaration"": false, ""extern_or_abi_boundary"": false, ""flexible_array"": false, ""free"": false, ""function_pointer"": false, ""generated_source"": false, ""global_read"": false, ""global_write"": false, ""goto"": false, ""lexical_ambiguity"": false, ""longjmp"": false, ""macro_density"": 0.0, ""macro_generated_declaration"": false, ""macro_use"": false, ""malloc"": false, ""memcpy"": false, ""memmove"": false, ""memset"": false, ""mutable_global"": false, ""parameter_count"": 4, ""platform_specific"": false, ""pointer_arithmetic"": false, ""pointer_count"": 0, ""pointer_to_pointer"": false, ""raw_pointer_parameter"": false, ""raw_pointer_return"": false, ""realloc"": false, ""setjmp"": false, ""static_local"": false, ""syscall"": false, ""third_party"": false, ""union"": false, ""va_list"": false, ""variadic"": false, ""void_pointer"": false}",TRIVIAL,no_significant_detected_blocker,"[""conditional_compilation""]",medium
2,redis-plus-plus,397f9c7be0eb82ce92545f259a7f66ab992bd7ee,src/sw/redis++/command.h,527,531,function,lindex,5,"{""bitfield"": false, ""branch_complexity_proxy"": 0, ""c_array"": false, ""call_count"": 4, ""callback"": false, ""calloc"": false, ""conditional_compilation"": true, ""explicit_abi_boundary"": false, ""extern_declaration"": false, ""extern_or_abi_boundary"": false, ""flexible_array"": false, ""free"": false, ""function_pointer"": false, ""generated_source"": false, ""global_read"": false, ""global_write"": false, ""goto"": false, ""lexical_ambiguity"": false, ""longjmp"": false, ""macro_density"": 0.0, ""macro_generated_declaration"": false, ""macro_use"": false, ""malloc"": false, ""memcpy"": false, ""memmove"": false, ""memset"": false, ""mutable_global"": false, ""parameter_count"": 3, ""platform_specific"": false, ""pointer_arithmetic"": false, ""pointer_count"": 0, ""pointer_to_pointer"": false, ""raw_pointer_parameter"": false, ""raw_pointer_return"": false, ""realloc"": false, ""setjmp"": false, ""static_local"": false, ""syscall"": false, ""third_party"": false, ""union"": false, ""va_list"": false, ""variadic"": false, ""void_pointer"": false}",TRIVIAL,no_significant_detected_blocker,"[""conditional_compilation""]",medium
2,redis-plus-plus,397f9c7be0eb82ce92545f259a7f66ab992bd7ee,src/sw/redis++/command.h,539,542,function,llen,4,"{""bitfield"": false, ""branch_complexity_proxy"": 0, ""c_array"": false, ""call_count"": 4, ""callback"": false, ""calloc"": false, ""conditional_compilation"": true, ""explicit_abi_boundary"": false, ""extern_declaration"": false, ""extern_or_abi_boundary"": false, ""flexible_array"": false, ""free"": false, ""function_pointer"": false, ""generated_source"": false, ""global_read"": false, ""global_write"": false, ""goto"": false, ""lexical_ambiguity"": false, ""longjmp"": false, ""macro_density"": 0.0, ""macro_generated_declaration"": false, ""macro_use"": false, ""malloc"": false, ""memcpy"": false, ""memmove"": false, ""memset"": false, ""mutable_global"": false, ""parameter_count"": 2, ""platform_specific"": false, ""pointer_arithmetic"": false, ""pointer_count"": 0, ""pointer_to_pointer"": false, ""raw_pointer_parameter"": false, ""raw_pointer_return"": false, ""realloc"": false, ""setjmp"": false, ""static_local"": false, ""syscall"": false, ""third_party"": false, ""union"": false, ""va_list"": false, ""variadic"": false, ""void_pointer"": false}",TRIVIAL,no_significant_detected_blocker,"[""conditional_compilation""]",medium
2,redis-plus-plus,397f9c7be0eb82ce92545f259a7f66ab992bd7ee,src/sw/redis++/command.h,544,547,function,lpop,4,"{""bitfield"": false, ""branch_complexity_proxy"": 0, ""c_array"": false, ""call_count"": 4, ""callback"": false, ""calloc"": false, ""conditional_compilation"": true, ""explicit_abi_boundary"": false, ""extern_declaration"": false, ""extern_or_abi_boundary"": false, ""flexible_array"": false, ""free"": false, ""function_pointer"": false, ""generated_source"": false, ""global_read"": false, ""global_write"": false, ""goto"": false, ""lexical_ambiguity"": false, ""longjmp"": false, ""macro_density"": 0.0, ""macro_generated_declaration"": false, ""macro_use"": false, ""malloc"": false, ""memcpy"": false, ""memmove"": false, ""memset"": false, ""mutable_global"": false, ""parameter_count"": 2, ""platform_specific"": false, ""pointer_arithmetic"": false, ""pointer_count"": 0, ""pointer_to_pointer"": false, ""raw_pointer_parameter"": false, ""raw_pointer_return"": false, ""realloc"": false, ""setjmp"": false, ""static_local"": false, ""syscall"": false, ""third_party"": false, ""union"": false, ""va_list"": false, ""variadic"": false, ""void_pointer"": false}",TRIVIAL,no_significant_detected_blocker,"[""conditional_compilation""]",medium
2,redis-plus-plus,397f9c7be0eb82ce92545f259a7f66ab992bd7ee,src/sw/redis++/command.h,549,553,function,lpush,5,"{""bitfield"": false, ""branch_complexity_proxy"": 0, ""c_array"": false, ""call_count"": 6, ""callback"": false, ""calloc"": false, ""conditional_compilation"": true, ""explicit_abi_boundary"": false, ""extern_declaration"": false, ""extern_or_abi_boundary"": false, ""flexible_array"": false, ""free"": false, ""function_pointer"": false, ""generated_source"": false, ""global_read"": false, ""global_write"": false, ""goto"": false, ""lexical_ambiguity"": false, ""longjmp"": false, ""macro_density"": 0.0, ""macro_generated_declaration"": false, ""macro_use"": false, ""malloc"": false, ""memcpy"": false, ""memmove"": false, ""memset"": false, ""mutable_global"": false, ""parameter_count"": 3, ""platform_specific"": false, ""pointer_arithmetic"": false, ""pointer_count"": 0, ""pointer_to_pointer"": false, ""raw_pointer_parameter"": false, ""raw_pointer_return"": false, ""realloc"": false, ""setjmp"": false, ""static_local"": false, ""syscall"": false, ""third_party"": false, ""union"": false, ""va_list"": false, ""variadic"": false, ""void_pointer"": false}",TRIVIAL,no_significant_detected_blocker,"[""conditional_compilation""]",medium
2,redis-plus-plus,397f9c7be0eb82ce92545f259a7f66ab992bd7ee,src/sw/redis++/command.h,556,566,function,lpush_range,11,"{""bitfield"": false, ""branch_complexity_proxy"": 0, ""c_array"": false, ""call_count"": 4, ""callback"": false, ""calloc"": false, ""conditional_compilation"": true, ""explicit_abi_boundary"": false, ""extern_declaration"": false, ""extern_or_abi_boundary"": false, ""flexible_array"": false, ""free"": false, ""function_pointer"": false, ""generated_source"": false, ""global_read"": false, ""global_write"": false, ""goto"": false, ""lexical_ambiguity"": false, ""longjmp"": false, ""macro_density"": 0.0, ""macro_generated_declaration"": false, ""macro_use"": false, ""malloc"": false, ""memcpy"": false, ""memmove"": false, ""memset"": false, ""mutable_global"": false, ""parameter_count"": 4, ""platform_specific"": false, ""pointer_arithmetic"": false, ""pointer_count"": 0, ""pointer_to_pointer"": false, ""raw_pointer_parameter"": false, ""raw_pointer_return"": false, ""realloc"": false, ""setjmp"": false, ""static_local"": false, ""syscall"": false, ""third_party"": false, ""union"": false, ""va_list"": false, ""variadic"": false, ""void_pointer"": false}",TRIVIAL,no_significant_detected_blocker,"[""conditional_compilation""]",medium
2,redis-plus-plus,397f9c7be0eb82ce92545f259a7f66ab992bd7ee,src/sw/redis++/command.h,568,572,function,lpushx,5,"{""bitfield"": false, ""branch_complexity_proxy"": 0, ""c_array"": false, ""call_count"": 6, ""callback"": false, ""calloc"": false, ""conditional_compilation"": true, ""explicit_abi_boundary"": false, ""extern_declaration"": false, ""extern_or_abi_boundary"": false, ""flexible_array"": false, ""free"": false, ""function_pointer"": false, ""generated_source"": false, ""global_read"": false, ""global_write"": false, ""goto"": false, ""lexical_ambiguity"": false, ""longjmp"": false, ""macro_density"": 0.0, ""macro_generated_declaration"": false, ""macro_use"": false, ""malloc"": false, ""memcpy"": false, ""memmove"": false, ""memset"": false, ""mutable_global"": false, ""parameter_count"": 3, ""platform_specific"": false, ""pointer_arithmetic"": false, ""pointer_count"": 0, ""pointer_to_pointer"": false, ""raw_pointer_parameter"": false, ""raw_pointer_return"": false, ""realloc"": false, ""setjmp"": false, ""static_local"": false, ""syscall"": false, ""third_party"": false, ""union"": false, ""va_list"": false, ""variadic"": false, ""void_pointer"": false}",TRIVIAL,no_significant_detected_blocker,"[""conditional_compilation""]",medium
2,redis-plus-plus,397f9c7be0eb82ce92545f259a7f66ab992bd7ee,src/sw/redis++/command.h,574,582,function,lrange,9,"{""bitfield"": false, ""branch_complexity_proxy"": 0, ""c_array"": false, ""call_count"": 4, ""callback"": false, ""calloc"": false, ""conditional_compilation"": true, ""explicit_abi_boundary"": false, ""extern_declaration"": false, ""extern_or_abi_boundary"": false, ""flexible_array"": false, ""free"": false, ""function_pointer"": false, ""generated_source"": false, ""global_read"": false, ""global_write"": false, ""goto"": false, ""lexical_ambiguity"": false, ""longjmp"": false, ""macro_density"": 0.0, ""macro_generated_declaration"": false, ""macro_use"": false, ""malloc"": false, ""memcpy"": false, ""memmove"": false, ""memset"": false, ""mutable_global"": false, ""parameter_count"": 4, ""platform_specific"": false, ""pointer_arithmetic"": false, ""pointer_count"": 0, ""pointer_to_pointer"": false, ""raw_pointer_parameter"": false, ""raw_pointer_return"": false, ""realloc"": false, ""setjmp"": false, ""static_local"": false, ""syscall"": false, ""third_party"": false, ""union"": false, ""va_list"": false, ""variadic"": false, ""void_pointer"": false}",TRIVIAL,no_significant_detected_blocker,"[""conditional_compilation""]",medium
2,redis-plus-plus,397f9c7be0eb82ce92545f259a7f66ab992bd7ee,src/sw/redis++/command.h,584,592,function,lrem,9,"{""bitfield"": false, ""branch_complexity_proxy"": 0, ""c_array"": false, ""call_count"": 6, ""callback"": false, ""calloc"": false, ""conditional_compilation"": true, ""explicit_abi_boundary"": false, ""extern_declaration"": false, ""extern_or_abi_boundary"": false, ""flexible_array"": false, ""free"": false, ""function_pointer"": false, ""generated_source"": false, ""global_read"": false, ""global_write"": false, ""goto"": false, ""lexical_ambiguity"": false, ""longjmp"": false, ""macro_density"": 0.0, ""macro_generated_declaration"": false, ""macro_use"": false, ""malloc"": false, ""memcpy"": false, ""memmove"": false, ""memset"": false, ""mutable_global"": false, ""parameter_count"": 4, ""platform_specific"": false, ""pointer_arithmetic"": false, ""pointer_count"": 0, ""pointer_to_pointer"": false, ""raw_pointer_parameter"": false, ""raw_pointer_return"": false, ""realloc"": false, ""setjmp"": false, ""static_local"": false, ""syscall"": false, ""third_party"": false, ""union"": false, ""va_list"": false, ""variadic"": false, ""void_pointer"": false}",TRIVIAL,no_significant_detected_blocker,"[""conditional_compilation""]",medium
2,redis-plus-plus,397f9c7be0eb82ce92545f259a7f66ab992bd7ee,src/sw/redis++/command.h,594,602,function,lset,9,"{""bitfield"": false, ""branch_complexity_proxy"": 0, ""c_array"": false, ""call_count"": 6, ""callback"": false, ""calloc"": false, ""conditional_compilation"": true, ""explicit_abi_boundary"": false, ""extern_declaration"": false, ""extern_or_abi_boundary"": false, ""flexible_array"": false, ""free"": false, ""function_pointer"": false, ""generated_source"": false, ""global_read"": false, ""global_write"": false, ""goto"": false, ""lexical_ambiguity"": false, ""longjmp"": false, ""macro_density"": 0.0, ""macro_generated_declaration"": false, ""macro_use"": false, ""malloc"": false, ""memcpy"": false, ""memmove"": false, ""memset"": false, ""mutable_global"": false, ""parameter_count"": 4, ""platform_specific"": false, ""pointer_arithmetic"": false, ""pointer_count"": 0, ""pointer_to_pointer"": false, ""raw_pointer_parameter"": false, ""raw_pointer_return"": false, ""realloc"": false, ""setjmp"": false, ""static_local"": false, ""syscall"": false, ""third_party"": false, ""union"": false, ""va_list"": false, ""variadic"": false, ""void_pointer"": false}",TRIVIAL,no_significant_detected_blocker,"[""conditional_compilation""]",medium
2,redis-plus-plus,397f9c7be0eb82ce92545f259a7f66ab992bd7ee,src/sw/redis++/command.h,604,612,function,ltrim,9,"{""bitfield"": false, ""branch_complexity_proxy"": 0, ""c_array"": false, ""call_count"": 4, ""callback"": false, ""calloc"": false, ""conditional_compilation"": true, ""explicit_abi_boundary"": false, ""extern_declaration"": false, ""extern_or_abi_boundary"": false, ""flexible_array"": false, ""free"": false, ""function_pointer"": false, ""generated_source"": false, ""global_read"": false, ""global_write"": false, ""goto"": false, ""lexical_ambiguity"": false, ""longjmp"": false, ""macro_density"": 0.0, ""macro_generated_declaration"": false, ""macro_use"": false, ""malloc"": false, ""memcpy"": false, ""memmove"": false, ""memset"": false, ""mutable_global"": false, ""parameter_count"": 4, ""platform_specific"": false, ""pointer_arithmetic"": false, ""pointer_count"": 0, ""pointer_to_pointer"": false, ""raw_pointer_parameter"": false, ""raw_pointer_return"": false, ""realloc"": false, ""setjmp"": false, ""static_local"": false, ""syscall"": false, ""third_party"": false, ""union"": false, ""va_list"": false, ""variadic"": false, ""void_pointer"": false}",TRIVIAL,no_significant_detected_blocker,"[""conditional_compilation""]",medium
2,redis-plus-plus,397f9c7be0eb82ce92545f259a7f66ab992bd7ee,src/sw/redis++/command.h,614,616,function,rpop,3,"{""bitfield"": false, ""branch_complexity_proxy"": 0, ""c_array"": false, ""call_count"": 4, ""callback"": false, ""calloc"": false, ""conditional_compilation"": true, ""explicit_abi_boundary"": false, ""extern_declaration"": false, ""extern_or_abi_boundary"": false, ""flexible_array"": false, ""free"": false, ""function_pointer"": false, ""generated_source"": false, ""global_read"": false, ""global_write"": false, ""goto"": false, ""lexical_ambiguity"": false, ""longjmp"": false, ""macro_density"": 0.0, ""macro_generated_declaration"": false, ""macro_use"": false, ""malloc"": false, ""memcpy"": false, ""memmove"": false, ""memset"": false, ""mutable_global"": false, ""parameter_count"": 2, ""platform_specific"": false, ""pointer_arithmetic"": false, ""pointer_count"": 0, ""pointer_to_pointer"": false, ""raw_pointer_parameter"": false, ""raw_pointer_return"": false, ""realloc"": false, ""setjmp"": false, ""static_local"": false, ""syscall"": false, ""third_party"": false, ""union"": false, ""va_list"": false, ""variadic"": false, ""void_pointer"": false}",TRIVIAL,no_significant_detected_blocker,"[""conditional_compilation""]",medium
2,redis-plus-plus,397f9c7be0eb82ce92545f259a7f66ab992bd7ee,src/sw/redis++/command.h,618,624,function,rpoplpush,7,"{""bitfield"": false, ""branch_complexity_proxy"": 0, ""c_array"": false, ""call_count"": 6, ""callback"": false, ""calloc"": false, ""conditional_compilation"": true, ""explicit_abi_boundary"": false, ""extern_declaration"": false, ""extern_or_abi_boundary"": false, ""flexible_array"": false, ""free"": false, ""function_pointer"": false, ""generated_source"": false, ""global_read"": false, ""global_write"": false, ""goto"": false, ""lexical_ambiguity"": false, ""longjmp"": false, ""macro_density"": 0.0, ""macro_generated_declaration"": false, ""macro_use"": false, ""malloc"": false, ""memcpy"": false, ""memmove"": false, ""memset"": false, ""mutable_global"": false, ""parameter_count"": 3, ""platform_specific"": false, ""pointer_arithmetic"": false, ""pointer_count"": 0, ""pointer_to_pointer"": false, ""raw_pointer_parameter"": false, ""raw_pointer_return"": false, ""realloc"": false, ""setjmp"": false, ""static_local"": false, ""syscall"": false, ""third_party"": false, ""union"": false, ""va_list"": false, ""variadic"": false, ""void_pointer"": false}",TRIVIAL,no_significant_detected_blocker,"[""conditional_compilation""]",medium
2,redis-plus-plus,397f9c7be0eb82ce92545f259a7f66ab992bd7ee,src/sw/redis++/command.h,626,630,function,rpush,5,"{""bitfield"": false, ""branch_complexity_proxy"": 0, ""c_array"": false, ""call_count"": 6, ""callback"": false, ""calloc"": false, ""conditional_compilation"": true, ""explicit_abi_boundary"": false, ""extern_declaration"": false, ""extern_or_abi_boundary"": false, ""flexible_array"": false, ""free"": false, ""function_pointer"": false, ""generated_source"": false, ""global_read"": false, ""global_write"": false, ""goto"": false, ""lexical_ambiguity"": false, ""longjmp"": false, ""macro_density"": 0.0, ""macro_generated_declaration"": false, ""macro_use"": false, ""malloc"": false, ""memcpy"": false, ""memmove"": false, ""memset"": false, ""mutable_global"": false, ""parameter_count"": 3, ""platform_specific"": false, ""pointer_arithmetic"": false, ""pointer_count"": 0, ""pointer_to_pointer"": false, ""raw_pointer_parameter"": false, ""raw_pointer_return"": false, ""realloc"": false, ""setjmp"": false, ""static_local"": false, ""syscall"": false, ""third_party"": false, ""union"": false, ""va_list"": false, ""variadic"": false, ""void_pointer"": false}",TRIVIAL,no_significant_detected_blocker,"[""conditional_compilation""]",medium
2,redis-plus-plus,397f9c7be0eb82ce92545f259a7f66ab992bd7ee,src/sw/redis++/command.h,633,643,function,rpush_range,11,"{""bitfield"": false, ""branch_complexity_proxy"": 0, ""c_array"": false, ""call_count"": 4, ""callback"": false, ""calloc"": false, ""conditional_compilation"": true, ""explicit_abi_boundary"": false, ""extern_declaration"": false, ""extern_or_abi_boundary"": false, ""flexible_array"": false, ""free"": false, ""function_pointer"": false, ""generated_source"": false, ""global_read"": false, ""global_write"": false, ""goto"": false, ""lexical_ambiguity"": false, ""longjmp"": false, ""macro_density"": 0.0, ""macro_generated_declaration"": false, ""macro_use"": false, ""malloc"": false, ""memcpy"": false, ""memmove"": false, ""memset"": false, ""mutable_global"": false, ""parameter_count"": 4, ""platform_specific"": false, ""pointer_arithmetic"": false, ""pointer_count"": 0, ""pointer_to_pointer"": false, ""raw_pointer_parameter"": false, ""raw_pointer_return"": false, ""realloc"": false, ""setjmp"": false, ""static_local"": false, ""syscall"": false, ""third_party"": false, ""union"": false, ""va_list"": false, ""variadic"": false, ""void_pointer"": false}",TRIVIAL,no_significant_detected_blocker,"[""conditional_compilation""]",medium
2,redis-plus-plus,397f9c7be0eb82ce92545f259a7f66ab992bd7ee,src/sw/redis++/command.h,645,649,function,rpushx,5,"{""bitfield"": false, ""branch_complexity_proxy"": 0, ""c_array"": false, ""call_count"": 6, ""callback"": false, ""calloc"": false, ""conditional_compilation"": true, ""explicit_abi_boundary"": false, ""extern_declaration"": false, ""extern_or_abi_boundary"": false, ""flexible_array"": false, ""free"": false, ""function_pointer"": false, ""generated_source"": false, ""global_read"": false, ""global_write"": false, ""goto"": false, ""lexical_ambiguity"": false, ""longjmp"": false, ""macro_density"": 0.0, ""macro_generated_declaration"": false, ""macro_use"": false, ""malloc"": false, ""memcpy"": false, ""memmove"": false, ""memset"": false, ""mutable_global"": false, ""parameter_count"": 3, ""platform_specific"": false, ""pointer_arithmetic"": false, ""pointer_count"": 0, ""pointer_to_pointer"": false, ""raw_pointer_parameter"": false, ""raw_pointer_return"": false, ""realloc"": false, ""setjmp"": false, ""static_local"": false, ""syscall"": false, ""third_party"": false, ""union"": false, ""va_list"": false, ""variadic"": false, ""void_pointer"": false}",TRIVIAL,no_significant_detected_blocker,"[""conditional_compilation""]",medium
2,redis-plus-plus,397f9c7be0eb82ce92545f259a7f66ab992bd7ee,src/sw/redis++/command.h,652,662,function,lmpop,11,"{""bitfield"": false, ""branch_complexity_proxy"": 0, ""c_array"": false, ""call_count"": 6, ""callback"": false, ""calloc"": false, ""conditional_compilation"": true, ""explicit_abi_boundary"": false, ""extern_declaration"": false, ""extern_or_abi_boundary"": false, ""flexible_array"": false, ""free"": false, ""function_pointer"": false, ""generated_source"": false, ""global_read"": false, ""global_write"": false, ""goto"": false, ""lexical_ambiguity"": false, ""longjmp"": false, ""macro_density"": 0.0, ""macro_generated_declaration"": false, ""macro_use"": false, ""malloc"": false, ""memcpy"": false, ""memmove"": false, ""memset"": false, ""mutable_global"": false, ""parameter_count"": 5, ""platform_specific"": false, ""pointer_arithmetic"": false, ""pointer_count"": 0, ""pointer_to_pointer"": false, ""raw_pointer_parameter"": false, ""raw_pointer_return"": false, ""realloc"": false, ""setjmp"": false, ""static_local"": false, ""syscall"": false, ""third_party"": false, ""union"": false, ""va_list"": false, ""variadic"": false, ""void_pointer"": false}",TRIVIAL,no_significant_detected_blocker,"[""conditional_compilation""]",medium
2,redis-plus-plus,397f9c7be0eb82ce92545f259a7f66ab992bd7ee,src/sw/redis++/command.h,664,672,function,lmove,9,"{""bitfield"": false, ""branch_complexity_proxy"": 0, ""c_array"": false, ""call_count"": 10, ""callback"": false, ""calloc"": false, ""conditional_compilation"": true, ""explicit_abi_boundary"": false, ""extern_declaration"": false, ""extern_or_abi_boundary"": false, ""flexible_array"": false, ""free"": false, ""function_pointer"": false, ""generated_source"": false, ""global_read"": false, ""global_write"": false, ""goto"": false, ""lexical_ambiguity"": false, ""longjmp"": false, ""macro_density"": 0.0, ""macro_generated_declaration"": false, ""macro_use"": false, ""malloc"": false, ""memcpy"": false, ""memmove"": false, ""memset"": false, ""mutable_global"": false, ""parameter_count"": 5, ""platform_specific"": false, ""pointer_arithmetic"": false, ""pointer_count"": 0, ""pointer_to_pointer"": false, ""raw_pointer_parameter"": false, ""raw_pointer_return"": false, ""realloc"": false, ""setjmp"": false, ""static_local"": false, ""syscall"": false, ""third_party"": false, ""union"": false, ""va_list"": false, ""variadic"": false, ""void_pointer"": false}",TRIVIAL,no_significant_detected_blocker,"[""conditional_compilation""]",medium
2,redis-plus-plus,397f9c7be0eb82ce92545f259a7f66ab992bd7ee,src/sw/redis++/command.h,674,682,function,blmove,9,"{""bitfield"": false, ""branch_complexity_proxy"": 0, ""c_array"": false, ""call_count"": 10, ""callback"": false, ""calloc"": false, ""conditional_compilation"": true, ""explicit_abi_boundary"": false, ""extern_declaration"": false, ""extern_or_abi_boundary"": false, ""flexible_array"": false, ""free"": false, ""function_pointer"": false, ""generated_source"": false, ""global_read"": false, ""global_write"": false, ""goto"": false, ""lexical_ambiguity"": false, ""longjmp"": false, ""macro_density"": 0.0, ""macro_generated_declaration"": false, ""macro_use"": false, ""malloc"": false, ""memcpy"": false, ""memmove"": false, ""memset"": false, ""mutable_global"": false, ""parameter_count"": 6, ""platform_specific"": false, ""pointer_arithmetic"": false, ""pointer_count"": 0, ""pointer_to_pointer"": false, ""raw_pointer_parameter"": false, ""raw_pointer_return"": false, ""realloc"": false, ""setjmp"": false, ""static_local"": false, ""syscall"": false, ""third_party"": false, ""union"": false, ""va_list"": false, ""variadic"": false, ""void_pointer"": false}",TRIVIAL,no_significant_detected_blocker,"[""conditional_compilation""]",medium
2,redis-plus-plus,397f9c7be0eb82ce92545f259a7f66ab992bd7ee,src/sw/redis++/command.h,686,690,function,hdel,5,"{""bitfield"": false, ""branch_complexity_proxy"": 0, ""c_array"": false, ""call_count"": 6, ""callback"": false, ""calloc"": false, ""conditional_compilation"": true, ""explicit_abi_boundary"": false, ""extern_declaration"": false, ""extern_or_abi_boundary"": false, ""flexible_array"": false, ""free"": false, ""function_pointer"": false, ""generated_source"": false, ""global_read"": false, ""global_write"": false, ""goto"": false, ""lexical_ambiguity"": false, ""longjmp"": false, ""macro_density"": 0.0, ""macro_generated_declaration"": false, ""macro_use"": false, ""malloc"": false, ""memcpy"": false, ""memmove"": false, ""memset"": false, ""mutable_global"": false, ""parameter_count"": 3, ""platform_specific"": false, ""pointer_arithmetic"": false, ""pointer_count"": 0, ""pointer_to_pointer"": false, ""raw_pointer_parameter"": false, ""raw_pointer_return"": false, ""realloc"": false, ""setjmp"": false, ""static_local"": false, ""syscall"": false, ""third_party"": false, ""union"": false, ""va_list"": false, ""variadic"": false, ""void_pointer"": false}",TRIVIAL,no_significant_detected_blocker,"[""conditional_compilation""]",medium
2,redis-plus-plus,397f9c7be0eb82ce92545f259a7f66ab992bd7ee,src/sw/redis++/command.h,693,703,function,hdel_range,11,"{""bitfield"": false, ""branch_complexity_proxy"": 0, ""c_array"": false, ""call_count"": 4, ""callback"": false, ""calloc"": false, ""conditional_compilation"": true, ""explicit_abi_boundary"": false, ""extern_declaration"": false, ""extern_or_abi_boundary"": false, ""flexible_array"": false, ""free"": false, ""function_pointer"": false, ""generated_source"": false, ""global_read"": false, ""global_write"": false, ""goto"": false, ""lexical_ambiguity"": false, ""longjmp"": false, ""macro_density"": 0.0, ""macro_generated_declaration"": false, ""macro_use"": false, ""malloc"": false, ""memcpy"": false, ""memmove"": false, ""memset"": false, ""mutable_global"": false, ""parameter_count"": 4, ""platform_specific"": false, ""pointer_arithmetic"": false, ""pointer_count"": 0, ""pointer_to_pointer"": false, ""raw_pointer_parameter"": false, ""raw_pointer_return"": false, ""realloc"": false, ""setjmp"": false, ""static_local"": false, ""syscall"": false, ""third_party"": false, ""union"": false, ""va_list"": false, ""variadic"": false, ""void_pointer"": false}",TRIVIAL,no_significant_detected_blocker,"[""conditional_compilation""]",medium
2,redis-plus-plus,397f9c7be0eb82ce92545f259a7f66ab992bd7ee,src/sw/redis++/command.h,705,709,function,hexists,5,"{""bitfield"": false, ""branch_complexity_proxy"": 0, ""c_array"": false, ""call_count"": 6, ""callback"": false, ""calloc"": false, ""conditional_compilation"": true, ""explicit_abi_boundary"": false, ""extern_declaration"": false, ""extern_or_abi_boundary"": false, ""flexible_array"": false, ""free"": false, ""function_pointer"": false, ""generated_source"": false, ""global_read"": false, ""global_write"": false, ""goto"": false, ""lexical_ambiguity"": false, ""longjmp"": false, ""macro_density"": 0.0, ""macro_generated_declaration"": false, ""macro_use"": false, ""malloc"": false, ""memcpy"": false, ""memmove"": false, ""memset"": false, ""mutable_global"": false, ""parameter_count"": 3, ""platform_specific"": false, ""pointer_arithmetic"": false, ""pointer_count"": 0, ""pointer_to_pointer"": false, ""raw_pointer_parameter"": false, ""raw_pointer_return"": false, ""realloc"": false, ""setjmp"": false, ""static_local"": false, ""syscall"": false, ""third_party"": false, ""union"": false, ""va_list"": false, ""variadic"": false, ""void_pointer"": false}",TRIVIAL,no_significant_detected_blocker,"[""conditional_compilation""]",medium
2,redis-plus-plus,397f9c7be0eb82ce92545f259a7f66ab992bd7ee,src/sw/redis++/command.h,711,715,function,hget,5,"{""bitfield"": false, ""branch_complexity_proxy"": 0, ""c_array"": false, ""call_count"": 6, ""callback"": false, ""calloc"": false, ""conditional_compilation"": true, ""explicit_abi_boundary"": false, ""extern_declaration"": false, ""extern_or_abi_boundary"": false, ""flexible_array"": false, ""free"": false, ""function_pointer"": false, ""generated_source"": false, ""global_read"": false, ""global_write"": false, ""goto"": false, ""lexical_ambiguity"": false, ""longjmp"": false, ""macro_density"": 0.0, ""macro_generated_declaration"": false, ""macro_use"": false, ""malloc"": false, ""memcpy"": false, ""memmove"": false, ""memset"": false, ""mutable_global"": false, ""parameter_count"": 3, ""platform_specific"": false, ""pointer_arithmetic"": false, ""pointer_count"": 0, ""pointer_to_pointer"": false, ""raw_pointer_parameter"": false, ""raw_pointer_return"": false, ""realloc"": false, ""setjmp"": false, ""static_local"": false, ""syscall"": false, ""third_party"": false, ""union"": false, ""va_list"": false, ""variadic"": false, ""void_pointer"": false}",TRIVIAL,no_significant_detected_blocker,"[""conditional_compilation""]",medium
2,redis-plus-plus,397f9c7be0eb82ce92545f259a7f66ab992bd7ee,src/sw/redis++/command.h,717,719,function,hgetall,3,"{""bitfield"": false, ""branch_complexity_proxy"": 0, ""c_array"": false, ""call_count"": 4, ""callback"": false, ""calloc"": false, ""conditional_compilation"": true, ""explicit_abi_boundary"": false, ""extern_declaration"": false, ""extern_or_abi_boundary"": false, ""flexible_array"": false, ""free"": false, ""function_pointer"": false, ""generated_source"": false, ""global_read"": false, ""global_write"": false, ""goto"": false, ""lexical_ambiguity"": false, ""longjmp"": false, ""macro_density"": 0.0, ""macro_generated_declaration"": false, ""macro_use"": false, ""malloc"": false, ""memcpy"": false, ""memmove"": false, ""memset"": false, ""mutable_global"": false, ""parameter_count"": 2, ""platform_specific"": false, ""pointer_arithmetic"": false, ""pointer_count"": 0, ""pointer_to_pointer"": false, ""raw_pointer_parameter"": false, ""raw_pointer_return"": false, ""realloc"": false, ""setjmp"": false, ""static_local"": false, ""syscall"": false, ""third_party"": false, ""union"": false, ""va_list"": false, ""variadic"": false, ""void_pointer"": false}",TRIVIAL,no_significant_detected_blocker,"[""conditional_compilation""]",medium
2,redis-plus-plus,397f9c7be0eb82ce92545f259a7f66ab992bd7ee,src/sw/redis++/command.h,721,729,function,hincrby,9,"{""bitfield"": false, ""branch_complexity_proxy"": 0, ""c_array"": false, ""call_count"": 6, ""callback"": false, ""calloc"": false, ""conditional_compilation"": true, ""explicit_abi_boundary"": false, ""extern_declaration"": false, ""extern_or_abi_boundary"": false, ""flexible_array"": false, ""free"": false, ""function_pointer"": false, ""generated_source"": false, ""global_read"": false, ""global_write"": false, ""goto"": false, ""lexical_ambiguity"": false, ""longjmp"": false, ""macro_density"": 0.0, ""macro_generated_declaration"": false, ""macro_use"": false, ""malloc"": false, ""memcpy"": false, ""memmove"": false, ""memset"": false, ""mutable_global"": false, ""parameter_count"": 4, ""platform_specific"": false, ""pointer_arithmetic"": false, ""pointer_count"": 0, ""pointer_to_pointer"": false, ""raw_pointer_parameter"": false, ""raw_pointer_return"": false, ""realloc"": false, ""setjmp"": false, ""static_local"": false, ""syscall"": false, ""third_party"": false, ""union"": false, ""va_list"": false, ""variadic"": false, ""void_pointer"": false}",TRIVIAL,no_significant_detected_blocker,"[""conditional_compilation""]",medium
2,redis-plus-plus,397f9c7be0eb82ce92545f259a7f66ab992bd7ee,src/sw/redis++/command.h,731,739,function,hincrbyfloat,9,"{""bitfield"": false, ""branch_complexity_proxy"": 0, ""c_array"": false, ""call_count"": 6, ""callback"": false, ""calloc"": false, ""conditional_compilation"": true, ""explicit_abi_boundary"": false, ""extern_declaration"": false, ""extern_or_abi_boundary"": false, ""flexible_array"": false, ""free"": false, ""function_pointer"": false, ""generated_source"": false, ""global_read"": false, ""global_write"": false, ""goto"": false, ""lexical_ambiguity"": false, ""longjmp"": false, ""macro_density"": 0.0, ""macro_generated_declaration"": false, ""macro_use"": false, ""malloc"": false, ""memcpy"": false, ""memmove"": false, ""memset"": false, ""mutable_global"": false, ""parameter_count"": 4, ""platform_specific"": false, ""pointer_arithmetic"": false, ""pointer_count"": 0, ""pointer_to_pointer"": false, ""raw_pointer_parameter"": false, ""raw_pointer_return"": false, ""realloc"": false, ""setjmp"": false, ""static_local"": false, ""syscall"": false, ""third_party"": false, ""union"": false, ""va_list"": false, ""variadic"": false, ""void_pointer"": false}",TRIVIAL,no_significant_detected_blocker,"[""conditional_compilation""]",medium
2,redis-plus-plus,397f9c7be0eb82ce92545f259a7f66ab992bd7ee,src/sw/redis++/command.h,741,743,function,hkeys,3,"{""bitfield"": false, ""branch_complexity_proxy"": 0, ""c_array"": false, ""call_count"": 4, ""callback"": false, ""calloc"": false, ""conditional_compilation"": true, ""explicit_abi_boundary"": false, ""extern_declaration"": false, ""extern_or_abi_boundary"": false, ""flexible_array"": false, ""free"": false, ""function_pointer"": false, ""generated_source"": false, ""global_read"": false, ""global_write"": false, ""goto"": false, ""lexical_ambiguity"": false, ""longjmp"": false, ""macro_density"": 0.0, ""macro_generated_declaration"": false, ""macro_use"": false, ""malloc"": false, ""memcpy"": false, ""memmove"": false, ""memset"": false, ""mutable_global"": false, ""parameter_count"": 2, ""platform_specific"": false, ""pointer_arithmetic"": false, ""pointer_count"": 0, ""pointer_to_pointer"": false, ""raw_pointer_parameter"": false, ""raw_pointer_return"": false, ""realloc"": false, ""setjmp"": false, ""static_local"": false, ""syscall"": false, ""third_party"": false, ""union"": false, ""va_list"": false, ""variadic"": false, ""void_pointer"": false}",TRIVIAL,no_significant_detected_blocker,"[""conditional_compilation""]",medium
2,redis-plus-plus,397f9c7be0eb82ce92545f259a7f66ab992bd7ee,src/sw/redis++/command.h,745,747,function,hlen,3,"{""bitfield"": false, ""branch_complexity_proxy"": 0, ""c_array"": false, ""call_count"": 4, ""callback"": false, ""calloc"": false, ""conditional_compilation"": true, ""explicit_abi_boundary"": false, ""extern_declaration"": false, ""extern_or_abi_boundary"": false, ""flexible_array"": false, ""free"": false, ""function_pointer"": false, ""generated_source"": false, ""global_read"": false, ""global_write"": false, ""goto"": false, ""lexical_ambiguity"": false, ""longjmp"": false, ""macro_density"": 0.0, ""macro_generated_declaration"": false, ""macro_use"": false, ""malloc"": false, ""memcpy"": false, ""memmove"": false, ""memset"": false, ""mutable_global"": false, ""parameter_count"": 2, ""platform_specific"": false, ""pointer_arithmetic"": false, ""pointer_count"": 0, ""pointer_to_pointer"": false, ""raw_pointer_parameter"": false, ""raw_pointer_return"": false, ""realloc"": false, ""setjmp"": false, ""static_local"": false, ""syscall"": false, ""third_party"": false, ""union"": false, ""va_list"": false, ""variadic"": false, ""void_pointer"": false}",TRIVIAL,no_significant_detected_blocker,"[""conditional_compilation""]",medium
2,redis-plus-plus,397f9c7be0eb82ce92545f259a7f66ab992bd7ee,src/sw/redis++/command.h,750,760,function,hmget,11,"{""bitfield"": false, ""branch_complexity_proxy"": 0, ""c_array"": false, ""call_count"": 4, ""callback"": false, ""calloc"": false, ""conditional_compilation"": true, ""explicit_abi_boundary"": false, ""extern_declaration"": false, ""extern_or_abi_boundary"": false, ""flexible_array"": false, ""free"": false, ""function_pointer"": false, ""generated_source"": false, ""global_read"": false, ""global_write"": false, ""goto"": false, ""lexical_ambiguity"": false, ""longjmp"": false, ""macro_density"": 0.0, ""macro_generated_declaration"": false, ""macro_use"": false, ""malloc"": false, ""memcpy"": false, ""memmove"": false, ""memset"": false, ""mutable_global"": false, ""parameter_count"": 4, ""platform_specific"": false, ""pointer_arithmetic"": false, ""pointer_count"": 0, ""pointer_to_pointer"": false, ""raw_pointer_parameter"": false, ""raw_pointer_return"": false, ""realloc"": false, ""setjmp"": false, ""static_local"": false, ""syscall"": false, ""third_party"": false, ""union"": false, ""va_list"": false, ""variadic"": false, ""void_pointer"": false}",TRIVIAL,no_significant_detected_blocker,"[""conditional_compilation""]",medium
2,redis-plus-plus,397f9c7be0eb82ce92545f259a7f66ab992bd7ee,src/sw/redis++/command.h,763,773,function,hmset,11,"{""bitfield"": false, ""branch_complexity_proxy"": 0, ""c_array"": false, ""call_count"": 4, ""callback"": false, ""calloc"": false, ""conditional_compilation"": true, ""explicit_abi_boundary"": false, ""extern_declaration"": false, ""extern_or_abi_boundary"": false, ""flexible_array"": false, ""free"": false, ""function_pointer"": false, ""generated_source"": false, ""global_read"": false, ""global_write"": false, ""goto"": false, ""lexical_ambiguity"": false, ""longjmp"": false, ""macro_density"": 0.0, ""macro_generated_declaration"": false, ""macro_use"": false, ""malloc"": false, ""memcpy"": false, ""memmove"": false, ""memset"": false, ""mutable_global"": false, ""parameter_count"": 4, ""platform_specific"": false, ""pointer_arithmetic"": false, ""pointer_count"": 0, ""pointer_to_pointer"": false, ""raw_pointer_parameter"": false, ""raw_pointer_return"": false, ""realloc"": false, ""setjmp"": false, ""static_local"": false, ""syscall"": false, ""third_party"": false, ""union"": false, ""va_list"": false, ""variadic"": false, ""void_pointer"": false}",TRIVIAL,no_significant_detected_blocker,"[""conditional_compilation""]",medium
2,redis-plus-plus,397f9c7be0eb82ce92545f259a7f66ab992bd7ee,src/sw/redis++/command.h,775,785,function,hscan,11,"{""bitfield"": false, ""branch_complexity_proxy"": 0, ""c_array"": false, ""call_count"": 6, ""callback"": false, ""calloc"": false, ""conditional_compilation"": true, ""explicit_abi_boundary"": false, ""extern_declaration"": false, ""extern_or_abi_boundary"": false, ""flexible_array"": false, ""free"": false, ""function_pointer"": false, ""generated_source"": false, ""global_read"": false, ""global_write"": false, ""goto"": false, ""lexical_ambiguity"": false, ""longjmp"": false, ""macro_density"": 0.0, ""macro_generated_declaration"": false, ""macro_use"": false, ""malloc"": false, ""memcpy"": false, ""memmove"": false, ""memset"": false, ""mutable_global"": false, ""parameter_count"": 5, ""platform_specific"": false, ""pointer_arithmetic"": false, ""pointer_count"": 0, ""pointer_to_pointer"": false, ""raw_pointer_parameter"": false, ""raw_pointer_return"": false, ""realloc"": false, ""setjmp"": false, ""static_local"": false, ""syscall"": false, ""third_party"": false, ""union"": false, ""va_list"": false, ""variadic"": false, ""void_pointer"": false}",TRIVIAL,no_significant_detected_blocker,"[""conditional_compilation""]",medium
2,redis-plus-plus,397f9c7be0eb82ce92545f259a7f66ab992bd7ee,src/sw/redis++/command.h,787,795,function,hset,9,"{""bitfield"": false, ""branch_complexity_proxy"": 0, ""c_array"": false, ""call_count"": 8, ""callback"": false, ""calloc"": false, ""conditional_compilation"": true, ""explicit_abi_boundary"": false, ""extern_declaration"": false, ""extern_or_abi_boundary"": false, ""flexible_array"": false, ""free"": false, ""function_pointer"": false, ""generated_source"": false, ""global_read"": false, ""global_write"": false, ""goto"": false, ""lexical_ambiguity"": false, ""longjmp"": false, ""macro_density"": 0.0, ""macro_generated_declaration"": false, ""macro_use"": false, ""malloc"": false, ""memcpy"": false, ""memmove"": false, ""memset"": false, ""mutable_global"": false, ""parameter_count"": 4, ""platform_specific"": false, ""pointer_arithmetic"": false, ""pointer_count"": 0, ""pointer_to_pointer"": false, ""raw_pointer_parameter"": false, ""raw_pointer_return"": false, ""realloc"": false, ""setjmp"": false, ""static_local"": false, ""syscall"": false, ""third_party"": false, ""union"": false, ""va_list"": false, ""variadic"": false, ""void_pointer"": false}",TRIVIAL,no_significant_detected_blocker,"[""conditional_compilation""]",medium
2,redis-plus-plus,397f9c7be0eb82ce92545f259a7f66ab992bd7ee,src/sw/redis++/command.h,798,805,function,hset_range,8,"{""bitfield"": false, ""branch_complexity_proxy"": 0, ""c_array"": false, ""call_count"": 4, ""callback"": false, ""calloc"": false, ""conditional_compilation"": true, ""explicit_abi_boundary"": false, ""extern_declaration"": false, ""extern_or_abi_boundary"": false, ""flexible_array"": false, ""free"": false, ""function_pointer"": false, ""generated_source"": false, ""global_read"": false, ""global_write"": false, ""goto"": false, ""lexical_ambiguity"": false, ""longjmp"": false, ""macro_density"": 0.0, ""macro_generated_declaration"": false, ""macro_use"": false, ""malloc"": false, ""memcpy"": false, ""memmove"": false, ""memset"": false, ""mutable_global"": false, ""parameter_count"": 4, ""platform_specific"": false, ""pointer_arithmetic"": false, ""pointer_count"": 0, ""pointer_to_pointer"": false, ""raw_pointer_parameter"": false, ""raw_pointer_return"": false, ""realloc"": false, ""setjmp"": false, ""static_local"": false, ""syscall"": false, ""third_party"": false, ""union"": false, ""va_list"": false, ""variadic"": false, ""void_pointer"": false}",TRIVIAL,no_significant_detected_blocker,"[""conditional_compilation""]",medium
2,redis-plus-plus,397f9c7be0eb82ce92545f259a7f66ab992bd7ee,src/sw/redis++/command.h,808,840,function,hsetex_keep_ttl_range,33,"{""bitfield"": false, ""branch_complexity_proxy"": 4, ""c_array"": false, ""call_count"": 8, ""callback"": false, ""calloc"": false, ""conditional_compilation"": true, ""explicit_abi_boundary"": false, ""extern_declaration"": false, ""extern_or_abi_boundary"": false, ""flexible_array"": false, ""free"": false, ""function_pointer"": false, ""generated_source"": false, ""global_read"": false, ""global_write"": false, ""goto"": false, ""lexical_ambiguity"": false, ""longjmp"": false, ""macro_density"": 0.0, ""macro_generated_declaration"": false, ""macro_use"": false, ""malloc"": false, ""memcpy"": false, ""memmove"": false, ""memset"": false, ""mutable_global"": false, ""parameter_count"": 6, ""platform_specific"": false, ""pointer_arithmetic"": false, ""pointer_count"": 0, ""pointer_to_pointer"": false, ""raw_pointer_parameter"": false, ""raw_pointer_return"": false, ""realloc"": false, ""setjmp"": false, ""static_local"": false, ""syscall"": false, ""third_party"": false, ""union"": false, ""va_list"": false, ""variadic"": false, ""void_pointer"": false}",TRIVIAL,no_significant_detected_blocker,"[""conditional_compilation""]",medium
2,redis-plus-plus,397f9c7be0eb82ce92545f259a7f66ab992bd7ee,src/sw/redis++/command.h,843,873,function,hsetex_ttl_range,31,"{""bitfield"": false, ""branch_complexity_proxy"": 3, ""c_array"": false, ""call_count"": 8, ""callback"": false, ""calloc"": false, ""conditional_compilation"": true, ""explicit_abi_boundary"": false, ""extern_declaration"": false, ""extern_or_abi_boundary"": false, ""flexible_array"": false, ""free"": false, ""function_pointer"": false, ""generated_source"": false, ""global_read"": false, ""global_write"": false, ""goto"": false, ""lexical_ambiguity"": false, ""longjmp"": false, ""macro_density"": 0.0, ""macro_generated_declaration"": false, ""macro_use"": false, ""malloc"": false, ""memcpy"": false, ""memmove"": false, ""memset"": false, ""mutable_global"": false, ""parameter_count"": 6, ""platform_specific"": false, ""pointer_arithmetic"": false, ""pointer_count"": 0, ""pointer_to_pointer"": false, ""raw_pointer_parameter"": false, ""raw_pointer_return"": false, ""realloc"": false, ""setjmp"": false, ""static_local"": false, ""syscall"": false, ""third_party"": false, ""union"": false, ""va_list"": false, ""variadic"": false, ""void_pointer"": false}",TRIVIAL,no_significant_detected_blocker,"[""conditional_compilation""]",medium
2,redis-plus-plus,397f9c7be0eb82ce92545f259a7f66ab992bd7ee,src/sw/redis++/command.h,876,906,function,hsetex_time_point_range,31,"{""bitfield"": false, ""branch_complexity_proxy"": 3, ""c_array"": false, ""call_count"": 9, ""callback"": false, ""calloc"": false, ""conditional_compilation"": true, ""explicit_abi_boundary"": false, ""extern_declaration"": false, ""extern_or_abi_boundary"": false, ""flexible_array"": false, ""free"": false, ""function_pointer"": false, ""generated_source"": false, ""global_read"": false, ""global_write"": false, ""goto"": false, ""lexical_ambiguity"": false, ""longjmp"": false, ""macro_density"": 0.0, ""macro_generated_declaration"": false, ""macro_use"": false, ""malloc"": false, ""memcpy"": false, ""memmove"": false, ""memset"": false, ""mutable_global"": false, ""parameter_count"": 7, ""platform_specific"": false, ""pointer_arithmetic"": false, ""pointer_count"": 0, ""pointer_to_pointer"": false, ""raw_pointer_parameter"": false, ""raw_pointer_return"": false, ""realloc"": false, ""setjmp"": false, ""static_local"": false, ""syscall"": false, ""third_party"": false, ""union"": false, ""va_list"": false, ""variadic"": false, ""void_pointer"": false}",TRIVIAL,no_significant_detected_blocker,"[""conditional_compilation""]",medium
2,redis-plus-plus,397f9c7be0eb82ce92545f259a7f66ab992bd7ee,src/sw/redis++/command.h,909,922,function,httl_range,14,"{""bitfield"": false, ""branch_complexity_proxy"": 0, ""c_array"": false, ""call_count"": 5, ""callback"": false, ""calloc"": false, ""conditional_compilation"": true, ""explicit_abi_boundary"": false, ""extern_declaration"": false, ""extern_or_abi_boundary"": false, ""flexible_array"": false, ""free"": false, ""function_pointer"": false, ""generated_source"": false, ""global_read"": false, ""global_write"": false, ""goto"": false, ""lexical_ambiguity"": false, ""longjmp"": false, ""macro_density"": 0.0, ""macro_generated_declaration"": false, ""macro_use"": false, ""malloc"": false, ""memcpy"": false, ""memmove"": false, ""memset"": false, ""mutable_global"": false, ""parameter_count"": 4, ""platform_specific"": false, ""pointer_arithmetic"": false, ""pointer_count"": 0, ""pointer_to_pointer"": false, ""raw_pointer_parameter"": false, ""raw_pointer_return"": false, ""realloc"": false, ""setjmp"": false, ""static_local"": false, ""syscall"": false, ""third_party"": false, ""union"": false, ""va_list"": false, ""variadic"": false, ""void_pointer"": false}",TRIVIAL,no_significant_detected_blocker,"[""conditional_compilation""]",medium
2,redis-plus-plus,397f9c7be0eb82ce92545f259a7f66ab992bd7ee,src/sw/redis++/command.h,925,938,function,hpttl_range,14,"{""bitfield"": false, ""branch_complexity_proxy"": 0, ""c_array"": false, ""call_count"": 5, ""callback"": false, ""calloc"": false, ""conditional_compilation"": true, ""explicit_abi_boundary"": false, ""extern_declaration"": false, ""extern_or_abi_boundary"": false, ""flexible_array"": false, ""free"": false, ""function_pointer"": false, ""generated_source"": false, ""global_read"": false, ""global_write"": false, ""goto"": false, ""lexical_ambiguity"": false, ""longjmp"": false, ""macro_density"": 0.0, ""macro_generated_declaration"": false, ""macro_use"": false, ""malloc"": false, ""memcpy"": false, ""memmove"": false, ""memset"": false, ""mutable_global"": false, ""parameter_count"": 4, ""platform_specific"": false, ""pointer_arithmetic"": false, ""pointer_count"": 0, ""pointer_to_pointer"": false, ""raw_pointer_parameter"": false, ""raw_pointer_return"": false, ""realloc"": false, ""setjmp"": false, ""static_local"": false, ""syscall"": false, ""third_party"": false, ""union"": false, ""va_list"": false, ""variadic"": false, ""void_pointer"": false}",TRIVIAL,no_significant_detected_blocker,"[""conditional_compilation""]",medium
2,redis-plus-plus,397f9c7be0eb82ce92545f259a7f66ab992bd7ee,src/sw/redis++/command.h,941,954,function,hexpiretime_range,14,"{""bitfield"": false, ""branch_complexity_proxy"": 0, ""c_array"": false, ""call_count"": 5, ""callback"": false, ""calloc"": false, ""conditional_compilation"": true, ""explicit_abi_boundary"": false, ""extern_declaration"": false, ""extern_or_abi_boundary"": false, ""flexible_array"": false, ""free"": false, ""function_pointer"": false, ""generated_source"": false, ""global_read"": false, ""global_write"": false, ""goto"": false, ""lexical_ambiguity"": false, ""longjmp"": false, ""macro_density"": 0.0, ""macro_generated_declaration"": false, ""macro_use"": false, ""malloc"": false, ""memcpy"": false, ""memmove"": false, ""memset"": false, ""mutable_global"": false, ""parameter_count"": 4, ""platform_specific"": false, ""pointer_arithmetic"": false, ""pointer_count"": 0, ""pointer_to_pointer"": false, ""raw_pointer_parameter"": false, ""raw_pointer_return"": false, ""realloc"": false, ""setjmp"": false, ""static_local"": false, ""syscall"": false, ""third_party"": false, ""union"": false, ""va_list"": false, ""variadic"": false, ""void_pointer"": false}",TRIVIAL,no_significant_detected_blocker,"[""conditional_compilation""]",medium
2,redis-plus-plus,397f9c7be0eb82ce92545f259a7f66ab992bd7ee,src/sw/redis++/command.h,957,970,function,hpexpiretime_range,14,"{""bitfield"": false, ""branch_complexity_proxy"": 0, ""c_array"": false, ""call_count"": 5, ""callback"": false, ""calloc"": false, ""conditional_compilation"": true, ""explicit_abi_boundary"": false, ""extern_declaration"": false, ""extern_or_abi_boundary"": false, ""flexible_array"": false, ""free"": false, ""function_pointer"": false, ""generated_source"": false, ""global_read"": false, ""global_write"": false, ""goto"": false, ""lexical_ambiguity"": false, ""longjmp"": false, ""macro_density"": 0.0, ""macro_generated_declaration"": false, ""macro_use"": false, ""malloc"": false, ""memcpy"": false, ""memmove"": false, ""memset"": false, ""mutable_global"": false, ""parameter_count"": 4, ""platform_specific"": false, ""pointer_arithmetic"": false, ""pointer_count"": 0, ""pointer_to_pointer"": false, ""raw_pointer_parameter"": false, ""raw_pointer_return"": false, ""realloc"": false, ""setjmp"": false, ""static_local"": false, ""syscall"": false, ""third_party"": false, ""union"": false, ""va_list"": false, ""variadic"": false, ""void_pointer"": false}",TRIVIAL,no_significant_detected_blocker,"[""conditional_compilation""]",medium
2,redis-plus-plus,397f9c7be0eb82ce92545f259a7f66ab992bd7ee,src/sw/redis++/command.h,973,1007,function,hpexpire_range,35,"{""bitfield"": false, ""branch_complexity_proxy"": 5, ""c_array"": false, ""call_count"": 8, ""callback"": false, ""calloc"": false, ""conditional_compilation"": true, ""explicit_abi_boundary"": false, ""extern_declaration"": false, ""extern_or_abi_boundary"": false, ""flexible_array"": false, ""free"": false, ""function_pointer"": false, ""generated_source"": false, ""global_read"": false, ""global_write"": false, ""goto"": false, ""lexical_ambiguity"": false, ""longjmp"": false, ""macro_density"": 0.0, ""macro_generated_declaration"": false, ""macro_use"": false, ""malloc"": false, ""memcpy"": false, ""memmove"": false, ""memset"": false, ""mutable_global"": false, ""parameter_count"": 6, ""platform_specific"": false, ""pointer_arithmetic"": false, ""pointer_count"": 0, ""pointer_to_pointer"": false, ""raw_pointer_parameter"": false, ""raw_pointer_return"": false, ""realloc"": false, ""setjmp"": false, ""static_local"": false, ""syscall"": false, ""third_party"": false, ""union"": false, ""va_list"": false, ""variadic"": false, ""void_pointer"": false}",TRIVIAL,no_significant_detected_blocker,"[""conditional_compilation""]",medium
2,redis-plus-plus,397f9c7be0eb82ce92545f259a7f66ab992bd7ee,src/sw/redis++/command.h,1009,1017,function,hsetnx,9,"{""bitfield"": false, ""branch_complexity_proxy"": 0, ""c_array"": false, ""call_count"": 8, ""callback"": false, ""calloc"": false, ""conditional_compilation"": true, ""explicit_abi_boundary"": false, ""extern_declaration"": false, ""extern_or_abi_boundary"": false, ""flexible_array"": false, ""free"": false, ""function_pointer"": false, ""generated_source"": false, ""global_read"": false, ""global_write"": false, ""goto"": false, ""lexical_ambiguity"": false, ""longjmp"": false, ""macro_density"": 0.0, ""macro_generated_declaration"": false, ""macro_use"": false, ""malloc"": false, ""memcpy"": false, ""memmove"": false, ""memset"": false, ""mutable_global"": false, ""parameter_count"": 4, ""platform_specific"": false, ""pointer_arithmetic"": false, ""pointer_count"": 0, ""pointer_to_pointer"": false, ""raw_pointer_parameter"": false, ""raw_pointer_return"": false, ""realloc"": false, ""setjmp"": false, ""static_local"": false, ""syscall"": false, ""third_party"": false, ""union"": false, ""va_list"": false, ""variadic"": false, ""void_pointer"": false}",TRIVIAL,no_significant_detected_blocker,"[""conditional_compilation""]",medium
2,redis-plus-plus,397f9c7be0eb82ce92545f259a7f66ab992bd7ee,src/sw/redis++/command.h,1019,1025,function,hstrlen,7,"{""bitfield"": false, ""branch_complexity_proxy"": 0, ""c_array"": false, ""call_count"": 6, ""callback"": false, ""calloc"": false, ""conditional_compilation"": true, ""explicit_abi_boundary"": false, ""extern_declaration"": false, ""extern_or_abi_boundary"": false, ""flexible_array"": false, ""free"": false, ""function_pointer"": false, ""generated_source"": false, ""global_read"": false, ""global_write"": false, ""goto"": false, ""lexical_ambiguity"": false, ""longjmp"": false, ""macro_density"": 0.0, ""macro_generated_declaration"": false, ""macro_use"": false, ""malloc"": false, ""memcpy"": false, ""memmove"": false, ""memset"": false, ""mutable_global"": false, ""parameter_count"": 3, ""platform_specific"": false, ""pointer_arithmetic"": false, ""pointer_count"": 0, ""pointer_to_pointer"": false, ""raw_pointer_parameter"": false, ""raw_pointer_return"": false, ""realloc"": false, ""setjmp"": false, ""static_local"": false, ""syscall"": false, ""third_party"": false, ""union"": false, ""va_list"": false, ""variadic"": false, ""void_pointer"": false}",TRIVIAL,no_significant_detected_blocker,"[""conditional_compilation""]",medium
2,redis-plus-plus,397f9c7be0eb82ce92545f259a7f66ab992bd7ee,src/sw/redis++/command.h,1027,1029,function,hvals,3,"{""bitfield"": false, ""branch_complexity_proxy"": 0, ""c_array"": false, ""call_count"": 4, ""callback"": false, ""calloc"": false, ""conditional_compilation"": true, ""explicit_abi_boundary"": false, ""extern_declaration"": false, ""extern_or_abi_boundary"": false, ""flexible_array"": false, ""free"": false, ""function_pointer"": false, ""generated_source"": false, ""global_read"": false, ""global_write"": false, ""goto"": false, ""lexical_ambiguity"": false, ""longjmp"": false, ""macro_density"": 0.0, ""macro_generated_declaration"": false, ""macro_use"": false, ""malloc"": false, ""memcpy"": false, ""memmove"": false, ""memset"": false, ""mutable_global"": false, ""parameter_count"": 2, ""platform_specific"": false, ""pointer_arithmetic"": false, ""pointer_count"": 0, ""pointer_to_pointer"": false, ""raw_pointer_parameter"": false, ""raw_pointer_return"": false, ""realloc"": false, ""setjmp"": false, ""static_local"": false, ""syscall"": false, ""third_party"": false, ""union"": false, ""va_list"": false, ""variadic"": false, ""void_pointer"": false}",TRIVIAL,no_significant_detected_blocker,"[""conditional_compilation""]",medium
2,redis-plus-plus,397f9c7be0eb82ce92545f259a7f66ab992bd7ee,src/sw/redis++/command.h,1033,1039,function,sadd,7,"{""bitfield"": false, ""branch_complexity_proxy"": 0, ""c_array"": false, ""call_count"": 6, ""callback"": false, ""calloc"": false, ""conditional_compilation"": true, ""explicit_abi_boundary"": false, ""extern_declaration"": false, ""extern_or_abi_boundary"": false, ""flexible_array"": false, ""free"": false, ""function_pointer"": false, ""generated_source"": false, ""global_read"": false, ""global_write"": false, ""goto"": false, ""lexical_ambiguity"": false, ""longjmp"": false, ""macro_density"": 0.0, ""macro_generated_declaration"": false, ""macro_use"": false, ""malloc"": false, ""memcpy"": false, ""memmove"": false, ""memset"": false, ""mutable_global"": false, ""parameter_count"": 3, ""platform_specific"": false, ""pointer_arithmetic"": false, ""pointer_count"": 0, ""pointer_to_pointer"": false, ""raw_pointer_parameter"": false, ""raw_pointer_return"": false, ""realloc"": false, ""setjmp"": false, ""static_local"": false, ""syscall"": false, ""third_party"": false, ""union"": false, ""va_list"": false, ""variadic"": false, ""void_pointer"": false}",TRIVIAL,no_significant_detected_blocker,"[""conditional_compilation""]",medium
2,redis-plus-plus,397f9c7be0eb82ce92545f259a7f66ab992bd7ee,src/sw/redis++/command.h,1042,1052,function,sadd_range,11,"{""bitfield"": false, ""branch_complexity_proxy"": 0, ""c_array"": false, ""call_count"": 4, ""callback"": false, ""calloc"": false, ""conditional_compilation"": true, ""explicit_abi_boundary"": false, ""extern_declaration"": false, ""extern_or_abi_boundary"": false, ""flexible_array"": false, ""free"": false, ""function_pointer"": false, ""generated_source"": false, ""global_read"": false, ""global_write"": false, ""goto"": false, ""lexical_ambiguity"": false, ""longjmp"": false, ""macro_density"": 0.0, ""macro_generated_declaration"": false, ""macro_use"": false, ""malloc"": false, ""memcpy"": false, ""memmove"": false, ""memset"": false, ""mutable_global"": false, ""parameter_count"": 4, ""platform_specific"": false, ""pointer_arithmetic"": false, ""pointer_count"": 0, ""pointer_to_pointer"": false, ""raw_pointer_parameter"": false, ""raw_pointer_return"": false, ""realloc"": false, ""setjmp"": false, ""static_local"": false, ""syscall"": false, ""third_party"": false, ""union"": false, ""va_list"": false, ""variadic"": false, ""void_pointer"": false}",TRIVIAL,no_significant_detected_blocker,"[""conditional_compilation""]",medium
2,redis-plus-plus,397f9c7be0eb82ce92545f259a7f66ab992bd7ee,src/sw/redis++/command.h,1054,1056,function,scard,3,"{""bitfield"": false, ""branch_complexity_proxy"": 0, ""c_array"": false, ""call_count"": 4, ""callback"": false, ""calloc"": false, ""conditional_compilation"": true, ""explicit_abi_boundary"": false, ""extern_declaration"": false, ""extern_or_abi_boundary"": false, ""flexible_array"": false, ""free"": false, ""function_pointer"": false, ""generated_source"": false, ""global_read"": false, ""global_write"": false, ""goto"": false, ""lexical_ambiguity"": false, ""longjmp"": false, ""macro_density"": 0.0, ""macro_generated_declaration"": false, ""macro_use"": false, ""malloc"": false, ""memcpy"": false, ""memmove"": false, ""memset"": false, ""mutable_global"": false, ""parameter_count"": 2, ""platform_specific"": false, ""pointer_arithmetic"": false, ""pointer_count"": 0, ""pointer_to_pointer"": false, ""raw_pointer_parameter"": false, ""raw_pointer_return"": false, ""realloc"": false, ""setjmp"": false, ""static_local"": false, ""syscall"": false, ""third_party"": false, ""union"": false, ""va_list"": false, ""variadic"": false, ""void_pointer"": false}",TRIVIAL,no_significant_detected_blocker,"[""conditional_compilation""]",medium
2,redis-plus-plus,397f9c7be0eb82ce92545f259a7f66ab992bd7ee,src/sw/redis++/command.h,1059,1066,function,sdiff,8,"{""bitfield"": false, ""branch_complexity_proxy"": 0, ""c_array"": false, ""call_count"": 4, ""callback"": false, ""calloc"": false, ""conditional_compilation"": true, ""explicit_abi_boundary"": false, ""extern_declaration"": false, ""extern_or_abi_boundary"": false, ""flexible_array"": false, ""free"": false, ""function_pointer"": false, ""generated_source"": false, ""global_read"": false, ""global_write"": false, ""goto"": false, ""lexical_ambiguity"": false, ""longjmp"": false, ""macro_density"": 0.0, ""macro_generated_declaration"": false, ""macro_use"": false, ""malloc"": false, ""memcpy"": false, ""memmove"": false, ""memset"": false, ""mutable_global"": false, ""parameter_count"": 3, ""platform_specific"": false, ""pointer_arithmetic"": false, ""pointer_count"": 0, ""pointer_to_pointer"": false, ""raw_pointer_parameter"": false, ""raw_pointer_return"": false, ""realloc"": false, ""setjmp"": false, ""static_local"": false, ""syscall"": false, ""third_party"": false, ""union"": false, ""va_list"": false, ""variadic"": false, ""void_pointer"": false}",TRIVIAL,no_significant_detected_blocker,"[""conditional_compilation""]",medium
2,redis-plus-plus,397f9c7be0eb82ce92545f259a7f66ab992bd7ee,src/sw/redis++/command.h,1068,1074,function,sdiffstore,7,"{""bitfield"": false, ""branch_complexity_proxy"": 0, ""c_array"": false, ""call_count"": 6, ""callback"": false, ""calloc"": false, ""conditional_compilation"": true, ""explicit_abi_boundary"": false, ""extern_declaration"": false, ""extern_or_abi_boundary"": false, ""flexible_array"": false, ""free"": false, ""function_pointer"": false, ""generated_source"": false, ""global_read"": false, ""global_write"": false, ""goto"": false, ""lexical_ambiguity"": false, ""longjmp"": false, ""macro_density"": 0.0, ""macro_generated_declaration"": false, ""macro_use"": false, ""malloc"": false, ""memcpy"": false, ""memmove"": false, ""memset"": false, ""mutable_global"": false, ""parameter_count"": 3, ""platform_specific"": false, ""pointer_arithmetic"": false, ""pointer_count"": 0, ""pointer_to_pointer"": false, ""raw_pointer_parameter"": false, ""raw_pointer_return"": false, ""realloc"": false, ""setjmp"": false, ""static_local"": false, ""syscall"": false, ""third_party"": false, ""union"": false, ""va_list"": false, ""variadic"": false, ""void_pointer"": false}",TRIVIAL,no_significant_detected_blocker,"[""conditional_compilation""]",medium
2,redis-plus-plus,397f9c7be0eb82ce92545f259a7f66ab992bd7ee,src/sw/redis++/command.h,1077,1087,function,sdiffstore_range,11,"{""bitfield"": false, ""branch_complexity_proxy"": 0, ""c_array"": false, ""call_count"": 4, ""callback"": false, ""calloc"": false, ""conditional_compilation"": true, ""explicit_abi_boundary"": false, ""extern_declaration"": false, ""extern_or_abi_boundary"": false, ""flexible_array"": false, ""free"": false, ""function_pointer"": false, ""generated_source"": false, ""global_read"": false, ""global_write"": false, ""goto"": false, ""lexical_ambiguity"": false, ""longjmp"": false, ""macro_density"": 0.0, ""macro_generated_declaration"": false, ""macro_use"": false, ""malloc"": false, ""memcpy"": false, ""memmove"": false, ""memset"": false, ""mutable_global"": false, ""parameter_count"": 4, ""platform_specific"": false, ""pointer_arithmetic"": false, ""pointer_count"": 0, ""pointer_to_pointer"": false, ""raw_pointer_parameter"": false, ""raw_pointer_return"": false, ""realloc"": false, ""setjmp"": false, ""static_local"": false, ""syscall"": false, ""third_party"": false, ""union"": false, ""va_list"": false, ""variadic"": false, ""void_pointer"": false}",TRIVIAL,no_significant_detected_blocker,"[""conditional_compilation""]",medium
2,redis-plus-plus,397f9c7be0eb82ce92545f259a7f66ab992bd7ee,src/sw/redis++/command.h,1090,1097,function,sinter,8,"{""bitfield"": false, ""branch_complexity_proxy"": 0, ""c_array"": false, ""call_count"": 4, ""callback"": false, ""calloc"": false, ""conditional_compilation"": true, ""explicit_abi_boundary"": false, ""extern_declaration"": false, ""extern_or_abi_boundary"": false, ""flexible_array"": false, ""free"": false, ""function_pointer"": false, ""generated_source"": false, ""global_read"": false, ""global_write"": false, ""goto"": false, ""lexical_ambiguity"": false, ""longjmp"": false, ""macro_density"": 0.0, ""macro_generated_declaration"": false, ""macro_use"": false, ""malloc"": false, ""memcpy"": false, ""memmove"": false, ""memset"": false, ""mutable_global"": false, ""parameter_count"": 3, ""platform_specific"": false, ""pointer_arithmetic"": false, ""pointer_count"": 0, ""pointer_to_pointer"": false, ""raw_pointer_parameter"": false, ""raw_pointer_return"": false, ""realloc"": false, ""setjmp"": false, ""static_local"": false, ""syscall"": false, ""third_party"": false, ""union"": false, ""va_list"": false, ""variadic"": false, ""void_pointer"": false}",TRIVIAL,no_significant_detected_blocker,"[""conditional_compilation""]",medium
2,redis-plus-plus,397f9c7be0eb82ce92545f259a7f66ab992bd7ee,src/sw/redis++/command.h,1099,1105,function,sinterstore,7,"{""bitfield"": false, ""branch_complexity_proxy"": 0, ""c_array"": false, ""call_count"": 6, ""callback"": false, ""calloc"": false, ""conditional_compilation"": true, ""explicit_abi_boundary"": false, ""extern_declaration"": false, ""extern_or_abi_boundary"": false, ""flexible_array"": false, ""free"": false, ""function_pointer"": false, ""generated_source"": false, ""global_read"": false, ""global_write"": false, ""goto"": false, ""lexical_ambiguity"": false, ""longjmp"": false, ""macro_density"": 0.0, ""macro_generated_declaration"": false, ""macro_use"": false, ""malloc"": false, ""memcpy"": false, ""memmove"": false, ""memset"": false, ""mutable_global"": false, ""parameter_count"": 3, ""platform_specific"": false, ""pointer_arithmetic"": false, ""pointer_count"": 0, ""pointer_to_pointer"": false, ""raw_pointer_parameter"": false, ""raw_pointer_return"": false, ""realloc"": false, ""setjmp"": false, ""static_local"": false, ""syscall"": false, ""third_party"": false, ""union"": false, ""va_list"": false, ""variadic"": false, ""void_pointer"": false}",TRIVIAL,no_significant_detected_blocker,"[""conditional_compilation""]",medium
2,redis-plus-plus,397f9c7be0eb82ce92545f259a7f66ab992bd7ee,src/sw/redis++/command.h,1108,1118,function,sinterstore_range,11,"{""bitfield"": false, ""branch_complexity_proxy"": 0, ""c_array"": false, ""call_count"": 4, ""callback"": false, ""calloc"": false, ""conditional_compilation"": true, ""explicit_abi_boundary"": false, ""extern_declaration"": false, ""extern_or_abi_boundary"": false, ""flexible_array"": false, ""free"": false, ""function_pointer"": false, ""generated_source"": false, ""global_read"": false, ""global_write"": false, ""goto"": false, ""lexical_ambiguity"": false, ""longjmp"": false, ""macro_density"": 0.0, ""macro_generated_declaration"": false, ""macro_use"": false, ""malloc"": false, ""memcpy"": false, ""memmove"": false, ""memset"": false, ""mutable_global"": false, ""parameter_count"": 4, ""platform_specific"": false, ""pointer_arithmetic"": false, ""pointer_count"": 0, ""pointer_to_pointer"": false, ""raw_pointer_parameter"": false, ""raw_pointer_return"": false, ""realloc"": false, ""setjmp"": false, ""static_local"": false, ""syscall"": false, ""third_party"": false, ""union"": false, ""va_list"": false, ""variadic"": false, ""void_pointer"": false}",TRIVIAL,no_significant_detected_blocker,"[""conditional_compilation""]",medium
2,redis-plus-plus,397f9c7be0eb82ce92545f259a7f66ab992bd7ee,src/sw/redis++/command.h,1120,1126,function,sismember,7,"{""bitfield"": false, ""branch_complexity_proxy"": 0, ""c_array"": false, ""call_count"": 6, ""callback"": false, ""calloc"": false, ""conditional_compilation"": true, ""explicit_abi_boundary"": false, ""extern_declaration"": false, ""extern_or_abi_boundary"": false, ""flexible_array"": false, ""free"": false, ""function_pointer"": false, ""generated_source"": false, ""global_read"": false, ""global_write"": false, ""goto"": false, ""lexical_ambiguity"": false, ""longjmp"": false, ""macro_density"": 0.0, ""macro_generated_declaration"": false, ""macro_use"": false, ""malloc"": false, ""memcpy"": false, ""memmove"": false, ""memset"": false, ""mutable_global"": false, ""parameter_count"": 3, ""platform_specific"": false, ""pointer_arithmetic"": false, ""pointer_count"": 0, ""pointer_to_pointer"": false, ""raw_pointer_parameter"": false, ""raw_pointer_return"": false, ""realloc"": false, ""setjmp"": false, ""static_local"": false, ""syscall"": false, ""third_party"": false, ""union"": false, ""va_list"": false, ""variadic"": false, ""void_pointer"": false}",TRIVIAL,no_significant_detected_blocker,"[""conditional_compilation""]",medium
2,redis-plus-plus,397f9c7be0eb82ce92545f259a7f66ab992bd7ee,src/sw/redis++/command.h,1128,1130,function,smembers,3,"{""bitfield"": false, ""branch_complexity_proxy"": 0, ""c_array"": false, ""call_count"": 4, ""callback"": false, ""calloc"": false, ""conditional_compilation"": true, ""explicit_abi_boundary"": false, ""extern_declaration"": false, ""extern_or_abi_boundary"": false, ""flexible_array"": false, ""free"": false, ""function_pointer"": false, ""generated_source"": false, ""global_read"": false, ""global_write"": false, ""goto"": false, ""lexical_ambiguity"": false, ""longjmp"": false, ""macro_density"": 0.0, ""macro_generated_declaration"": false, ""macro_use"": false, ""malloc"": false, ""memcpy"": false, ""memmove"": false, ""memset"": false, ""mutable_global"": false, ""parameter_count"": 2, ""platform_specific"": false, ""pointer_arithmetic"": false, ""pointer_count"": 0, ""pointer_to_pointer"": false, ""raw_pointer_parameter"": false, ""raw_pointer_return"": false, ""realloc"": false, ""setjmp"": false, ""static_local"": false, ""syscall"": false, ""third_party"": false, ""union"": false, ""va_list"": false, ""variadic"": false, ""void_pointer"": false}",TRIVIAL,no_significant_detected_blocker,"[""conditional_compilation""]",medium
2,redis-plus-plus,397f9c7be0eb82ce92545f259a7f66ab992bd7ee,src/sw/redis++/command.h,1132,1140,function,smove,9,"{""bitfield"": false, ""branch_complexity_proxy"": 0, ""c_array"": false, ""call_count"": 8, ""callback"": false, ""calloc"": false, ""conditional_compilation"": true, ""explicit_abi_boundary"": false, ""extern_declaration"": false, ""extern_or_abi_boundary"": false, ""flexible_array"": false, ""free"": false, ""function_pointer"": false, ""generated_source"": false, ""global_read"": false, ""global_write"": false, ""goto"": false, ""lexical_ambiguity"": false, ""longjmp"": false, ""macro_density"": 0.0, ""macro_generated_declaration"": false, ""macro_use"": false, ""malloc"": false, ""memcpy"": false, ""memmove"": false, ""memset"": false, ""mutable_global"": false, ""parameter_count"": 4, ""platform_specific"": false, ""pointer_arithmetic"": false, ""pointer_count"": 0, ""pointer_to_pointer"": false, ""raw_pointer_parameter"": false, ""raw_pointer_return"": false, ""realloc"": false, ""setjmp"": false, ""static_local"": false, ""syscall"": false, ""third_party"": false, ""union"": false, ""va_list"": false, ""variadic"": false, ""void_pointer"": false}",TRIVIAL,no_significant_detected_blocker,"[""conditional_compilation""]",medium
2,redis-plus-plus,397f9c7be0eb82ce92545f259a7f66ab992bd7ee,src/sw/redis++/command.h,1142,1144,function,spop,3,"{""bitfield"": false, ""branch_complexity_proxy"": 0, ""c_array"": false, ""call_count"": 4, ""callback"": false, ""calloc"": false, ""conditional_compilation"": true, ""explicit_abi_boundary"": false, ""extern_declaration"": false, ""extern_or_abi_boundary"": false, ""flexible_array"": false, ""free"": false, ""function_pointer"": false, ""generated_source"": false, ""global_read"": false, ""global_write"": false, ""goto"": false, ""lexical_ambiguity"": false, ""longjmp"": false, ""macro_density"": 0.0, ""macro_generated_declaration"": false, ""macro_use"": false, ""malloc"": false, ""memcpy"": false, ""memmove"": false, ""memset"": false, ""mutable_global"": false, ""parameter_count"": 2, ""platform_specific"": false, ""pointer_arithmetic"": false, ""pointer_count"": 0, ""pointer_to_pointer"": false, ""raw_pointer_parameter"": false, ""raw_pointer_return"": false, ""realloc"": false, ""setjmp"": false, ""static_local"": false, ""syscall"": false, ""third_party"": false, ""union"": false, ""va_list"": false, ""variadic"": false, ""void_pointer"": false}",TRIVIAL,no_significant_detected_blocker,"[""conditional_compilation""]",medium
2,redis-plus-plus,397f9c7be0eb82ce92545f259a7f66ab992bd7ee,src/sw/redis++/command.h,1146,1150,function,spop_range,5,"{""bitfield"": false, ""branch_complexity_proxy"": 0, ""c_array"": false, ""call_count"": 4, ""callback"": false, ""calloc"": false, ""conditional_compilation"": true, ""explicit_abi_boundary"": false, ""extern_declaration"": false, ""extern_or_abi_boundary"": false, ""flexible_array"": false, ""free"": false, ""function_pointer"": false, ""generated_source"": false, ""global_read"": false, ""global_write"": false, ""goto"": false, ""lexical_ambiguity"": false, ""longjmp"": false, ""macro_density"": 0.0, ""macro_generated_declaration"": false, ""macro_use"": false, ""malloc"": false, ""memcpy"": false, ""memmove"": false, ""memset"": false, ""mutable_global"": false, ""parameter_count"": 3, ""platform_specific"": false, ""pointer_arithmetic"": false, ""pointer_count"": 0, ""pointer_to_pointer"": false, ""raw_pointer_parameter"": false, ""raw_pointer_return"": false, ""realloc"": false, ""setjmp"": false, ""static_local"": false, ""syscall"": false, ""third_party"": false, ""union"": false, ""va_list"": false, ""variadic"": false, ""void_pointer"": false}",TRIVIAL,no_significant_detected_blocker,"[""conditional_compilation""]",medium
2,redis-plus-plus,397f9c7be0eb82ce92545f259a7f66ab992bd7ee,src/sw/redis++/command.h,1152,1154,function,srandmember,3,"{""bitfield"": false, ""branch_complexity_proxy"": 0, ""c_array"": false, ""call_count"": 4, ""callback"": false, ""calloc"": false, ""conditional_compilation"": true, ""explicit_abi_boundary"": false, ""extern_declaration"": false, ""extern_or_abi_boundary"": false, ""flexible_array"": false, ""free"": false, ""function_pointer"": false, ""generated_source"": false, ""global_read"": false, ""global_write"": false, ""goto"": false, ""lexical_ambiguity"": false, ""longjmp"": false, ""macro_density"": 0.0, ""macro_generated_declaration"": false, ""macro_use"": false, ""malloc"": false, ""memcpy"": false, ""memmove"": false, ""memset"": false, ""mutable_global"": false, ""parameter_count"": 2, ""platform_specific"": false, ""pointer_arithmetic"": false, ""pointer_count"": 0, ""pointer_to_pointer"": false, ""raw_pointer_parameter"": false, ""raw_pointer_return"": false, ""realloc"": false, ""setjmp"": false, ""static_local"": false, ""syscall"": false, ""third_party"": false, ""union"": false, ""va_list"": false, ""variadic"": false, ""void_pointer"": false}",TRIVIAL,no_significant_detected_blocker,"[""conditional_compilation""]",medium
2,redis-plus-plus,397f9c7be0eb82ce92545f259a7f66ab992bd7ee,src/sw/redis++/command.h,1156,1162,function,srandmember_range,7,"{""bitfield"": false, ""branch_complexity_proxy"": 0, ""c_array"": false, ""call_count"": 4, ""callback"": false, ""calloc"": false, ""conditional_compilation"": true, ""explicit_abi_boundary"": false, ""extern_declaration"": false, ""extern_or_abi_boundary"": false, ""flexible_array"": false, ""free"": false, ""function_pointer"": false, ""generated_source"": false, ""global_read"": false, ""global_write"": false, ""goto"": false, ""lexical_ambiguity"": false, ""longjmp"": false, ""macro_density"": 0.0, ""macro_generated_declaration"": false, ""macro_use"": false, ""malloc"": false, ""memcpy"": false, ""memmove"": false, ""memset"": false, ""mutable_global"": false, ""parameter_count"": 3, ""platform_specific"": false, ""pointer_arithmetic"": false, ""pointer_count"": 0, ""pointer_to_pointer"": false, ""raw_pointer_parameter"": false, ""raw_pointer_return"": false, ""realloc"": false, ""setjmp"": false, ""static_local"": false, ""syscall"": false, ""third_party"": false, ""union"": false, ""va_list"": false, ""variadic"": false, ""void_pointer"": false}",TRIVIAL,no_significant_detected_blocker,"[""conditional_compilation""]",medium
2,redis-plus-plus,397f9c7be0eb82ce92545f259a7f66ab992bd7ee,src/sw/redis++/command.h,1164,1170,function,srem,7,"{""bitfield"": false, ""branch_complexity_proxy"": 0, ""c_array"": false, ""call_count"": 6, ""callback"": false, ""calloc"": false, ""conditional_compilation"": true, ""explicit_abi_boundary"": false, ""extern_declaration"": false, ""extern_or_abi_boundary"": false, ""flexible_array"": false, ""free"": false, ""function_pointer"": false, ""generated_source"": false, ""global_read"": false, ""global_write"": false, ""goto"": false, ""lexical_ambiguity"": false, ""longjmp"": false, ""macro_density"": 0.0, ""macro_generated_declaration"": false, ""macro_use"": false, ""malloc"": false, ""memcpy"": false, ""memmove"": false, ""memset"": false, ""mutable_global"": false, ""parameter_count"": 3, ""platform_specific"": false, ""pointer_arithmetic"": false, ""pointer_count"": 0, ""pointer_to_pointer"": false, ""raw_pointer_parameter"": false, ""raw_pointer_return"": false, ""realloc"": false, ""setjmp"": false, ""static_local"": false, ""syscall"": false, ""third_party"": false, ""union"": false, ""va_list"": false, ""variadic"": false, ""void_pointer"": false}",TRIVIAL,no_significant_detected_blocker,"[""conditional_compilation""]",medium
2,redis-plus-plus,397f9c7be0eb82ce92545f259a7f66ab992bd7ee,src/sw/redis++/command.h,1173,1183,function,srem_range,11,"{""bitfield"": false, ""branch_complexity_proxy"": 0, ""c_array"": false, ""call_count"": 4, ""callback"": false, ""calloc"": false, ""conditional_compilation"": true, ""explicit_abi_boundary"": false, ""extern_declaration"": false, ""extern_or_abi_boundary"": false, ""flexible_array"": false, ""free"": false, ""function_pointer"": false, ""generated_source"": false, ""global_read"": false, ""global_write"": false, ""goto"": false, ""lexical_ambiguity"": false, ""longjmp"": false, ""macro_density"": 0.0, ""macro_generated_declaration"": false, ""macro_use"": false, ""malloc"": false, ""memcpy"": false, ""memmove"": false, ""memset"": false, ""mutable_global"": false, ""parameter_count"": 4, ""platform_specific"": false, ""pointer_arithmetic"": false, ""pointer_count"": 0, ""pointer_to_pointer"": false, ""raw_pointer_parameter"": false, ""raw_pointer_return"": false, ""realloc"": false, ""setjmp"": false, ""static_local"": false, ""syscall"": false, ""third_party"": false, ""union"": false, ""va_list"": false, ""variadic"": false, ""void_pointer"": false}",TRIVIAL,no_significant_detected_blocker,"[""conditional_compilation""]",medium
2,redis-plus-plus,397f9c7be0eb82ce92545f259a7f66ab992bd7ee,src/sw/redis++/command.h,1185,1195,function,sscan,11,"{""bitfield"": false, ""branch_complexity_proxy"": 0, ""c_array"": false, ""call_count"": 6, ""callback"": false, ""calloc"": false, ""conditional_compilation"": true, ""explicit_abi_boundary"": false, ""extern_declaration"": false, ""extern_or_abi_boundary"": false, ""flexible_array"": false, ""free"": false, ""function_pointer"": false, ""generated_source"": false, ""global_read"": false, ""global_write"": false, ""goto"": false, ""lexical_ambiguity"": false, ""longjmp"": false, ""macro_density"": 0.0, ""macro_generated_declaration"": false, ""macro_use"": false, ""malloc"": false, ""memcpy"": false, ""memmove"": false, ""memset"": false, ""mutable_global"": false, ""parameter_count"": 5, ""platform_specific"": false, ""pointer_arithmetic"": false, ""pointer_count"": 0, ""pointer_to_pointer"": false, ""raw_pointer_parameter"": false, ""raw_pointer_return"": false, ""realloc"": false, ""setjmp"": false, ""static_local"": false, ""syscall"": false, ""third_party"": false, ""union"": false, ""va_list"": false, ""variadic"": false, ""void_pointer"": false}",TRIVIAL,no_significant_detected_blocker,"[""conditional_compilation""]",medium
2,redis-plus-plus,397f9c7be0eb82ce92545f259a7f66ab992bd7ee,src/sw/redis++/command.h,1198,1205,function,sunion,8,"{""bitfield"": false, ""branch_complexity_proxy"": 0, ""c_array"": false, ""call_count"": 4, ""callback"": false, ""calloc"": false, ""conditional_compilation"": true, ""explicit_abi_boundary"": false, ""extern_declaration"": false, ""extern_or_abi_boundary"": false, ""flexible_array"": false, ""free"": false, ""function_pointer"": false, ""generated_source"": false, ""global_read"": false, ""global_write"": false, ""goto"": false, ""lexical_ambiguity"": false, ""longjmp"": false, ""macro_density"": 0.0, ""macro_generated_declaration"": false, ""macro_use"": false, ""malloc"": false, ""memcpy"": false, ""memmove"": false, ""memset"": false, ""mutable_global"": false, ""parameter_count"": 3, ""platform_specific"": false, ""pointer_arithmetic"": false, ""pointer_count"": 0, ""pointer_to_pointer"": false, ""raw_pointer_parameter"": false, ""raw_pointer_return"": false, ""realloc"": false, ""setjmp"": false, ""static_local"": false, ""syscall"": false, ""third_party"": false, ""union"": false, ""va_list"": false, ""variadic"": false, ""void_pointer"": false}",TRIVIAL,no_significant_detected_blocker,"[""conditional_compilation""]",medium
2,redis-plus-plus,397f9c7be0eb82ce92545f259a7f66ab992bd7ee,src/sw/redis++/command.h,1207,1213,function,sunionstore,7,"{""bitfield"": false, ""branch_complexity_proxy"": 0, ""c_array"": false, ""call_count"": 6, ""callback"": false, ""calloc"": false, ""conditional_compilation"": true, ""explicit_abi_boundary"": false, ""extern_declaration"": false, ""extern_or_abi_boundary"": false, ""flexible_array"": false, ""free"": false, ""function_pointer"": false, ""generated_source"": false, ""global_read"": false, ""global_write"": false, ""goto"": false, ""lexical_ambiguity"": false, ""longjmp"": false, ""macro_density"": 0.0, ""macro_generated_declaration"": false, ""macro_use"": false, ""malloc"": false, ""memcpy"": false, ""memmove"": false, ""memset"": false, ""mutable_global"": false, ""parameter_count"": 3, ""platform_specific"": false, ""pointer_arithmetic"": false, ""pointer_count"": 0, ""pointer_to_pointer"": false, ""raw_pointer_parameter"": false, ""raw_pointer_return"": false, ""realloc"": false, ""setjmp"": false, ""static_local"": false, ""syscall"": false, ""third_party"": false, ""union"": false, ""va_list"": false, ""variadic"": false, ""void_pointer"": false}",TRIVIAL,no_significant_detected_blocker,"[""conditional_compilation""]",medium
2,redis-plus-plus,397f9c7be0eb82ce92545f259a7f66ab992bd7ee,src/sw/redis++/command.h,1216,1226,function,sunionstore_range,11,"{""bitfield"": false, ""branch_complexity_proxy"": 0, ""c_array"": false, ""call_count"": 4, ""callback"": false, ""calloc"": false, ""conditional_compilation"": true, ""explicit_abi_boundary"": false, ""extern_declaration"": false, ""extern_or_abi_boundary"": false, ""flexible_array"": false, ""free"": false, ""function_pointer"": false, ""generated_source"": false, ""global_read"": false, ""global_write"": false, ""goto"": false, ""lexical_ambiguity"": false, ""longjmp"": false, ""macro_density"": 0.0, ""macro_generated_declaration"": false, ""macro_use"": false, ""malloc"": false, ""memcpy"": false, ""memmove"": false, ""memset"": false, ""mutable_global"": false, ""parameter_count"": 4, ""platform_specific"": false, ""pointer_arithmetic"": false, ""pointer_count"": 0, ""pointer_to_pointer"": false, ""raw_pointer_parameter"": false, ""raw_pointer_return"": false, ""realloc"": false, ""setjmp"": false, ""static_local"": false, ""syscall"": false, ""third_party"": false, ""union"": false, ""va_list"": false, ""variadic"": false, ""void_pointer"": false}",TRIVIAL,no_significant_detected_blocker,"[""conditional_compilation""]",medium
2,redis-plus-plus,397f9c7be0eb82ce92545f259a7f66ab992bd7ee,src/sw/redis++/command.h,1230,1232,function,bzpopmax,3,"{""bitfield"": false, ""branch_complexity_proxy"": 0, ""c_array"": false, ""call_count"": 4, ""callback"": false, ""calloc"": false, ""conditional_compilation"": true, ""explicit_abi_boundary"": false, ""extern_declaration"": false, ""extern_or_abi_boundary"": false, ""flexible_array"": false, ""free"": false, ""function_pointer"": false, ""generated_source"": false, ""global_read"": false, ""global_write"": false, ""goto"": false, ""lexical_ambiguity"": false, ""longjmp"": false, ""macro_density"": 0.0, ""macro_generated_declaration"": false, ""macro_use"": false, ""malloc"": false, ""memcpy"": false, ""memmove"": false, ""memset"": false, ""mutable_global"": false, ""parameter_count"": 3, ""platform_specific"": false, ""pointer_arithmetic"": false, ""pointer_count"": 0, ""pointer_to_pointer"": false, ""raw_pointer_parameter"": false, ""raw_pointer_return"": false, ""realloc"": false, ""setjmp"": false, ""static_local"": false, ""syscall"": false, ""third_party"": false, ""union"": false, ""va_list"": false, ""variadic"": false, ""void_pointer"": false}",TRIVIAL,no_significant_detected_blocker,"[""conditional_compilation""]",medium
2,redis-plus-plus,397f9c7be0eb82ce92545f259a7f66ab992bd7ee,src/sw/redis++/command.h,1235,1245,function,bzpopmax_range,11,"{""bitfield"": false, ""branch_complexity_proxy"": 0, ""c_array"": false, ""call_count"": 4, ""callback"": false, ""calloc"": false, ""conditional_compilation"": true, ""explicit_abi_boundary"": false, ""extern_declaration"": false, ""extern_or_abi_boundary"": false, ""flexible_array"": false, ""free"": false, ""function_pointer"": false, ""generated_source"": false, ""global_read"": false, ""global_write"": false, ""goto"": false, ""lexical_ambiguity"": false, ""longjmp"": false, ""macro_density"": 0.0, ""macro_generated_declaration"": false, ""macro_use"": false, ""malloc"": false, ""memcpy"": false, ""memmove"": false, ""memset"": false, ""mutable_global"": false, ""parameter_count"": 4, ""platform_specific"": false, ""pointer_arithmetic"": false, ""pointer_count"": 0, ""pointer_to_pointer"": false, ""raw_pointer_parameter"": false, ""raw_pointer_return"": false, ""realloc"": false, ""setjmp"": false, ""static_local"": false, ""syscall"": false, ""third_party"": false, ""union"": false, ""va_list"": false, ""variadic"": false, ""void_pointer"": false}",TRIVIAL,no_significant_detected_blocker,"[""conditional_compilation""]",medium
2,redis-plus-plus,397f9c7be0eb82ce92545f259a7f66ab992bd7ee,src/sw/redis++/command.h,1247,1249,function,bzpopmin,3,"{""bitfield"": false, ""branch_complexity_proxy"": 0, ""c_array"": false, ""call_count"": 4, ""callback"": false, ""calloc"": false, ""conditional_compilation"": true, ""explicit_abi_boundary"": false, ""extern_declaration"": false, ""extern_or_abi_boundary"": false, ""flexible_array"": false, ""free"": false, ""function_pointer"": false, ""generated_source"": false, ""global_read"": false, ""global_write"": false, ""goto"": false, ""lexical_ambiguity"": false, ""longjmp"": false, ""macro_density"": 0.0, ""macro_generated_declaration"": false, ""macro_use"": false, ""malloc"": false, ""memcpy"": false, ""memmove"": false, ""memset"": false, ""mutable_global"": false, ""parameter_count"": 3, ""platform_specific"": false, ""pointer_arithmetic"": false, ""pointer_count"": 0, ""pointer_to_pointer"": false, ""raw_pointer_parameter"": false, ""raw_pointer_return"": false, ""realloc"": false, ""setjmp"": false, ""static_local"": false, ""syscall"": false, ""third_party"": false, ""union"": false, ""va_list"": false, ""variadic"": false, ""void_pointer"": false}",TRIVIAL,no_significant_detected_blocker,"[""conditional_compilation""]",medium
2,redis-plus-plus,397f9c7be0eb82ce92545f259a7f66ab992bd7ee,src/sw/redis++/command.h,1252,1262,function,bzpopmin_range,11,"{""bitfield"": false, ""branch_complexity_proxy"": 0, ""c_array"": false, ""call_count"": 4, ""callback"": false, ""calloc"": false, ""conditional_compilation"": true, ""explicit_abi_boundary"": false, ""extern_declaration"": false, ""extern_or_abi_boundary"": false, ""flexible_array"": false, ""free"": false, ""function_pointer"": false, ""generated_source"": false, ""global_read"": false, ""global_write"": false, ""goto"": false, ""lexical_ambiguity"": false, ""longjmp"": false, ""macro_density"": 0.0, ""macro_generated_declaration"": false, ""macro_use"": false, ""malloc"": false, ""memcpy"": false, ""memmove"": false, ""memset"": false, ""mutable_global"": false, ""parameter_count"": 4, ""platform_specific"": false, ""pointer_arithmetic"": false, ""pointer_count"": 0, ""pointer_to_pointer"": false, ""raw_pointer_parameter"": false, ""raw_pointer_return"": false, ""realloc"": false, ""setjmp"": false, ""static_local"": false, ""syscall"": false, ""third_party"": false, ""union"": false, ""va_list"": false, ""variadic"": false, ""void_pointer"": false}",TRIVIAL,no_significant_detected_blocker,"[""conditional_compilation""]",medium
2,redis-plus-plus,397f9c7be0eb82ce92545f259a7f66ab992bd7ee,src/sw/redis++/command.h,1272,1281,function,zadd,10,"{""bitfield"": false, ""branch_complexity_proxy"": 0, ""c_array"": false, ""call_count"": 5, ""callback"": false, ""calloc"": false, ""conditional_compilation"": true, ""explicit_abi_boundary"": false, ""extern_declaration"": false, ""extern_or_abi_boundary"": false, ""flexible_array"": false, ""free"": false, ""function_pointer"": false, ""generated_source"": false, ""global_read"": false, ""global_write"": false, ""goto"": false, ""lexical_ambiguity"": false, ""longjmp"": false, ""macro_density"": 0.0, ""macro_generated_declaration"": false, ""macro_use"": false, ""malloc"": false, ""memcpy"": false, ""memmove"": false, ""memset"": false, ""mutable_global"": false, ""parameter_count"": 6, ""platform_specific"": false, ""pointer_arithmetic"": false, ""pointer_count"": 0, ""pointer_to_pointer"": false, ""raw_pointer_parameter"": false, ""raw_pointer_return"": false, ""realloc"": false, ""setjmp"": false, ""static_local"": false, ""syscall"": false, ""third_party"": false, ""union"": false, ""va_list"": false, ""variadic"": false, ""void_pointer"": false}",TRIVIAL,no_significant_detected_blocker,"[""conditional_compilation""]",medium
2,redis-plus-plus,397f9c7be0eb82ce92545f259a7f66ab992bd7ee,src/sw/redis++/command.h,1283,1285,function,zcard,3,"{""bitfield"": false, ""branch_complexity_proxy"": 0, ""c_array"": false, ""call_count"": 4, ""callback"": false, ""calloc"": false, ""conditional_compilation"": true, ""explicit_abi_boundary"": false, ""extern_declaration"": false, ""extern_or_abi_boundary"": false, ""flexible_array"": false, ""free"": false, ""function_pointer"": false, ""generated_source"": false, ""global_read"": false, ""global_write"": false, ""goto"": false, ""lexical_ambiguity"": false, ""longjmp"": false, ""macro_density"": 0.0, ""macro_generated_declaration"": false, ""macro_use"": false, ""malloc"": false, ""memcpy"": false, ""memmove"": false, ""memset"": false, ""mutable_global"": false, ""parameter_count"": 2, ""platform_specific"": false, ""pointer_arithmetic"": false, ""pointer_count"": 0, ""pointer_to_pointer"": false, ""raw_pointer_parameter"": false, ""raw_pointer_return"": false, ""realloc"": false, ""setjmp"": false, ""static_local"": false, ""syscall"": false, ""third_party"": false, ""union"": false, ""va_list"": false, ""variadic"": false, ""void_pointer"": false}",TRIVIAL,no_significant_detected_blocker,"[""conditional_compilation""]",medium
2,redis-plus-plus,397f9c7be0eb82ce92545f259a7f66ab992bd7ee,src/sw/redis++/command.h,1288,1295,function,zcount,8,"{""bitfield"": false, ""branch_complexity_proxy"": 0, ""c_array"": false, ""call_count"": 8, ""callback"": false, ""calloc"": false, ""conditional_compilation"": true, ""explicit_abi_boundary"": false, ""extern_declaration"": false, ""extern_or_abi_boundary"": false, ""flexible_array"": false, ""free"": false, ""function_pointer"": false, ""generated_source"": false, ""global_read"": false, ""global_write"": false, ""goto"": false, ""lexical_ambiguity"": false, ""longjmp"": false, ""macro_density"": 0.0, ""macro_generated_declaration"": false, ""macro_use"": false, ""malloc"": false, ""memcpy"": false, ""memmove"": false, ""memset"": false, ""mutable_global"": false, ""parameter_count"": 3, ""platform_specific"": false, ""pointer_arithmetic"": false, ""pointer_count"": 0, ""pointer_to_pointer"": false, ""raw_pointer_parameter"": false, ""raw_pointer_return"": false, ""realloc"": false, ""setjmp"": false, ""static_local"": false, ""syscall"": false, ""third_party"": false, ""union"": false, ""va_list"": false, ""variadic"": false, ""void_pointer"": false}",TRIVIAL,no_significant_detected_blocker,"[""conditional_compilation""]",medium
2,redis-plus-plus,397f9c7be0eb82ce92545f259a7f66ab992bd7ee,src/sw/redis++/command.h,1297,1305,function,zincrby,9,"{""bitfield"": false, ""branch_complexity_proxy"": 0, ""c_array"": false, ""call_count"": 6, ""callback"": false, ""calloc"": false, ""conditional_compilation"": true, ""explicit_abi_boundary"": false, ""extern_declaration"": false, ""extern_or_abi_boundary"": false, ""flexible_array"": false, ""free"": false, ""function_pointer"": false, ""generated_source"": false, ""global_read"": false, ""global_write"": false, ""goto"": false, ""lexical_ambiguity"": false, ""longjmp"": false, ""macro_density"": 0.0, ""macro_generated_declaration"": false, ""macro_use"": false, ""malloc"": false, ""memcpy"": false, ""memmove"": false, ""memset"": false, ""mutable_global"": false, ""parameter_count"": 4, ""platform_specific"": false, ""pointer_arithmetic"": false, ""pointer_count"": 0, ""pointer_to_pointer"": false, ""raw_pointer_parameter"": false, ""raw_pointer_return"": false, ""realloc"": false, ""setjmp"": false, ""static_local"": false, ""syscall"": false, ""third_party"": false, ""union"": false, ""va_list"": false, ""variadic"": false, ""void_pointer"": false}",TRIVIAL,no_significant_detected_blocker,"[""conditional_compilation""]",medium
2,redis-plus-plus,397f9c7be0eb82ce92545f259a7f66ab992bd7ee,src/sw/redis++/command.h,1307,1315,function,zinterstore,9,"{""bitfield"": false, ""branch_complexity_proxy"": 0, ""c_array"": false, ""call_count"": 6, ""callback"": false, ""calloc"": false, ""conditional_compilation"": true, ""explicit_abi_boundary"": false, ""extern_declaration"": false, ""extern_or_abi_boundary"": false, ""flexible_array"": false, ""free"": false, ""function_pointer"": false, ""generated_source"": false, ""global_read"": false, ""global_write"": false, ""goto"": false, ""lexical_ambiguity"": false, ""longjmp"": false, ""macro_density"": 0.0, ""macro_generated_declaration"": false, ""macro_use"": false, ""malloc"": false, ""memcpy"": false, ""memmove"": false, ""memset"": false, ""mutable_global"": false, ""parameter_count"": 4, ""platform_specific"": false, ""pointer_arithmetic"": false, ""pointer_count"": 0, ""pointer_to_pointer"": false, ""raw_pointer_parameter"": false, ""raw_pointer_return"": false, ""realloc"": false, ""setjmp"": false, ""static_local"": false, ""syscall"": false, ""third_party"": false, ""union"": false, ""va_list"": false, ""variadic"": false, ""void_pointer"": false}",TRIVIAL,no_significant_detected_blocker,"[""conditional_compilation""]",medium
2,redis-plus-plus,397f9c7be0eb82ce92545f259a7f66ab992bd7ee,src/sw/redis++/command.h,1325,1335,function,zlexcount,11,"{""bitfield"": false, ""branch_complexity_proxy"": 0, ""c_array"": false, ""call_count"": 10, ""callback"": false, ""calloc"": false, ""conditional_compilation"": true, ""explicit_abi_boundary"": false, ""extern_declaration"": false, ""extern_or_abi_boundary"": false, ""flexible_array"": false, ""free"": false, ""function_pointer"": false, ""generated_source"": false, ""global_read"": false, ""global_write"": false, ""goto"": false, ""lexical_ambiguity"": false, ""longjmp"": false, ""macro_density"": 0.0, ""macro_generated_declaration"": false, ""macro_use"": false, ""malloc"": false, ""memcpy"": false, ""memmove"": false, ""memset"": false, ""mutable_global"": false, ""parameter_count"": 3, ""platform_specific"": false, ""pointer_arithmetic"": false, ""pointer_count"": 0, ""pointer_to_pointer"": false, ""raw_pointer_parameter"": false, ""raw_pointer_return"": false, ""realloc"": false, ""setjmp"": false, ""static_local"": false, ""syscall"": false, ""third_party"": false, ""union"": false, ""va_list"": false, ""variadic"": false, ""void_pointer"": false}",TRIVIAL,no_significant_detected_blocker,"[""conditional_compilation""]",medium
2,redis-plus-plus,397f9c7be0eb82ce92545f259a7f66ab992bd7ee,src/sw/redis++/command.h,1337,1341,function,zpopmax,5,"{""bitfield"": false, ""branch_complexity_proxy"": 0, ""c_array"": false, ""call_count"": 4, ""callback"": false, ""calloc"": false, ""conditional_compilation"": true, ""explicit_abi_boundary"": false, ""extern_declaration"": false, ""extern_or_abi_boundary"": false, ""flexible_array"": false, ""free"": false, ""function_pointer"": false, ""generated_source"": false, ""global_read"": false, ""global_write"": false, ""goto"": false, ""lexical_ambiguity"": false, ""longjmp"": false, ""macro_density"": 0.0, ""macro_generated_declaration"": false, ""macro_use"": false, ""malloc"": false, ""memcpy"": false, ""memmove"": false, ""memset"": false, ""mutable_global"": false, ""parameter_count"": 3, ""platform_specific"": false, ""pointer_arithmetic"": false, ""pointer_count"": 0, ""pointer_to_pointer"": false, ""raw_pointer_parameter"": false, ""raw_pointer_return"": false, ""realloc"": false, ""setjmp"": false, ""static_local"": false, ""syscall"": false, ""third_party"": false, ""union"": false, ""va_list"": false, ""variadic"": false, ""void_pointer"": false}",TRIVIAL,no_significant_detected_blocker,"[""conditional_compilation""]",medium
2,redis-plus-plus,397f9c7be0eb82ce92545f259a7f66ab992bd7ee,src/sw/redis++/command.h,1343,1347,function,zpopmin,5,"{""bitfield"": false, ""branch_complexity_proxy"": 0, ""c_array"": false, ""call_count"": 4, ""callback"": false, ""calloc"": false, ""conditional_compilation"": true, ""explicit_abi_boundary"": false, ""extern_declaration"": false, ""extern_or_abi_boundary"": false, ""flexible_array"": false, ""free"": false, ""function_pointer"": false, ""generated_source"": false, ""global_read"": false, ""global_write"": false, ""goto"": false, ""lexical_ambiguity"": false, ""longjmp"": false, ""macro_density"": 0.0, ""macro_generated_declaration"": false, ""macro_use"": false, ""malloc"": false, ""memcpy"": false, ""memmove"": false, ""memset"": false, ""mutable_global"": false, ""parameter_count"": 3, ""platform_specific"": false, ""pointer_arithmetic"": false, ""pointer_count"": 0, ""pointer_to_pointer"": false, ""raw_pointer_parameter"": false, ""raw_pointer_return"": false, ""realloc"": false, ""setjmp"": false, ""static_local"": false, ""syscall"": false, ""third_party"": false, ""union"": false, ""va_list"": false, ""variadic"": false, ""void_pointer"": false}",TRIVIAL,no_significant_detected_blocker,"[""conditional_compilation""]",medium
2,redis-plus-plus,397f9c7be0eb82ce92545f259a7f66ab992bd7ee,src/sw/redis++/command.h,1349,1365,function,zrange,17,"{""bitfield"": false, ""branch_complexity_proxy"": 1, ""c_array"": false, ""call_count"": 8, ""callback"": false, ""calloc"": false, ""conditional_compilation"": true, ""explicit_abi_boundary"": false, ""extern_declaration"": false, ""extern_or_abi_boundary"": false, ""flexible_array"": false, ""free"": false, ""function_pointer"": false, ""generated_source"": false, ""global_read"": false, ""global_write"": false, ""goto"": false, ""lexical_ambiguity"": false, ""longjmp"": false, ""macro_density"": 0.0, ""macro_generated_declaration"": false, ""macro_use"": false, ""malloc"": false, ""memcpy"": false, ""memmove"": false, ""memset"": false, ""mutable_global"": false, ""parameter_count"": 5, ""platform_specific"": false, ""pointer_arithmetic"": false, ""pointer_count"": 0, ""pointer_to_pointer"": false, ""raw_pointer_parameter"": false, ""raw_pointer_return"": false, ""realloc"": false, ""setjmp"": false, ""static_local"": false, ""syscall"": false, ""third_party"": false, ""union"": false, ""va_list"": false, ""variadic"": false, ""void_pointer"": false}",TRIVIAL,no_significant_detected_blocker,"[""conditional_compilation""]",medium
2,redis-plus-plus,397f9c7be0eb82ce92545f259a7f66ab992bd7ee,src/sw/redis++/command.h,1368,1381,function,zrangebylex,14,"{""bitfield"": false, ""branch_complexity_proxy"": 0, ""c_array"": false, ""call_count"": 10, ""callback"": false, ""calloc"": false, ""conditional_compilation"": true, ""explicit_abi_boundary"": false, ""extern_declaration"": false, ""extern_or_abi_boundary"": false, ""flexible_array"": false, ""free"": false, ""function_pointer"": false, ""generated_source"": false, ""global_read"": false, ""global_write"": false, ""goto"": false, ""lexical_ambiguity"": false, ""longjmp"": false, ""macro_density"": 0.0, ""macro_generated_declaration"": false, ""macro_use"": false, ""malloc"": false, ""memcpy"": false, ""memmove"": false, ""memset"": false, ""mutable_global"": false, ""parameter_count"": 4, ""platform_specific"": false, ""pointer_arithmetic"": false, ""pointer_count"": 0, ""pointer_to_pointer"": false, ""raw_pointer_parameter"": false, ""raw_pointer_return"": false, ""realloc"": false, ""setjmp"": false, ""static_local"": false, ""syscall"": false, ""third_party"": false, ""union"": false, ""va_list"": false, ""variadic"": false, ""void_pointer"": false}",TRIVIAL,no_significant_detected_blocker,"[""conditional_compilation""]",medium
2,redis-plus-plus,397f9c7be0eb82ce92545f259a7f66ab992bd7ee,src/sw/redis++/command.h,1384,1407,function,zrangebyscore,24,"{""bitfield"": false, ""branch_complexity_proxy"": 1, ""c_array"": false, ""call_count"": 18, ""callback"": false, ""calloc"": false, ""conditional_compilation"": true, ""explicit_abi_boundary"": false, ""extern_declaration"": false, ""extern_or_abi_boundary"": false, ""flexible_array"": false, ""free"": false, ""function_pointer"": false, ""generated_source"": false, ""global_read"": false, ""global_write"": false, ""goto"": false, ""lexical_ambiguity"": false, ""longjmp"": false, ""macro_density"": 0.0, ""macro_generated_declaration"": false, ""macro_use"": false, ""malloc"": false, ""memcpy"": false, ""memmove"": false, ""memset"": false, ""mutable_global"": false, ""parameter_count"": 5, ""platform_specific"": false, ""pointer_arithmetic"": false, ""pointer_count"": 0, ""pointer_to_pointer"": false, ""raw_pointer_parameter"": false, ""raw_pointer_return"": false, ""realloc"": false, ""setjmp"": false, ""static_local"": false, ""syscall"": false, ""third_party"": false, ""union"": false, ""va_list"": false, ""variadic"": false, ""void_pointer"": false}",TRIVIAL,no_significant_detected_blocker,"[""conditional_compilation""]",medium
2,redis-plus-plus,397f9c7be0eb82ce92545f259a7f66ab992bd7ee,src/sw/redis++/command.h,1409,1415,function,zrank,7,"{""bitfield"": false, ""branch_complexity_proxy"": 0, ""c_array"": false, ""call_count"": 6, ""callback"": false, ""calloc"": false, ""conditional_compilation"": true, ""explicit_abi_boundary"": false, ""extern_declaration"": false, ""extern_or_abi_boundary"": false, ""flexible_array"": false, ""free"": false, ""function_pointer"": false, ""generated_source"": false, ""global_read"": false, ""global_write"": false, ""goto"": false, ""lexical_ambiguity"": false, ""longjmp"": false, ""macro_density"": 0.0, ""macro_generated_declaration"": false, ""macro_use"": false, ""malloc"": false, ""memcpy"": false, ""memmove"": false, ""memset"": false, ""mutable_global"": false, ""parameter_count"": 3, ""platform_specific"": false, ""pointer_arithmetic"": false, ""pointer_count"": 0, ""pointer_to_pointer"": false, ""raw_pointer_parameter"": false, ""raw_pointer_return"": false, ""realloc"": false, ""setjmp"": false, ""static_local"": false, ""syscall"": false, ""third_party"": false, ""union"": false, ""va_list"": false, ""variadic"": false, ""void_pointer"": false}",TRIVIAL,no_significant_detected_blocker,"[""conditional_compilation""]",medium
2,redis-plus-plus,397f9c7be0eb82ce92545f259a7f66ab992bd7ee,src/sw/redis++/command.h,1417,1423,function,zrem,7,"{""bitfield"": false, ""branch_complexity_proxy"": 0, ""c_array"": false, ""call_count"": 6, ""callback"": false, ""calloc"": false, ""conditional_compilation"": true, ""explicit_abi_boundary"": false, ""extern_declaration"": false, ""extern_or_abi_boundary"": false, ""flexible_array"": false, ""free"": false, ""function_pointer"": false, ""generated_source"": false, ""global_read"": false, ""global_write"": false, ""goto"": false, ""lexical_ambiguity"": false, ""longjmp"": false, ""macro_density"": 0.0, ""macro_generated_declaration"": false, ""macro_use"": false, ""malloc"": false, ""memcpy"": false, ""memmove"": false, ""memset"": false, ""mutable_global"": false, ""parameter_count"": 3, ""platform_specific"": false, ""pointer_arithmetic"": false, ""pointer_count"": 0, ""pointer_to_pointer"": false, ""raw_pointer_parameter"": false, ""raw_pointer_return"": false, ""realloc"": false, ""setjmp"": false, ""static_local"": false, ""syscall"": false, ""third_party"": false, ""union"": false, ""va_list"": false, ""variadic"": false, ""void_pointer"": false}",TRIVIAL,no_significant_detected_blocker,"[""conditional_compilation""]",medium
2,redis-plus-plus,397f9c7be0eb82ce92545f259a7f66ab992bd7ee,src/sw/redis++/command.h,1426,1436,function,zrem_range,11,"{""bitfield"": false, ""branch_complexity_proxy"": 0, ""c_array"": false, ""call_count"": 4, ""callback"": false, ""calloc"": false, ""conditional_compilation"": true, ""explicit_abi_boundary"": false, ""extern_declaration"": false, ""extern_or_abi_boundary"": false, ""flexible_array"": false, ""free"": false, ""function_pointer"": false, ""generated_source"": false, ""global_read"": false, ""global_write"": false, ""goto"": false, ""lexical_ambiguity"": false, ""longjmp"": false, ""macro_density"": 0.0, ""macro_generated_declaration"": false, ""macro_use"": false, ""malloc"": false, ""memcpy"": false, ""memmove"": false, ""memset"": false, ""mutable_global"": false, ""parameter_count"": 4, ""platform_specific"": false, ""pointer_arithmetic"": false, ""pointer_count"": 0, ""pointer_to_pointer"": false, ""raw_pointer_parameter"": false, ""raw_pointer_return"": false, ""realloc"": false, ""setjmp"": false, ""static_local"": false, ""syscall"": false, ""third_party"": false, ""union"": false, ""va_list"": false, ""variadic"": false, ""void_pointer"": false}",TRIVIAL,no_significant_detected_blocker,"[""conditional_compilation""]",medium
2,redis-plus-plus,397f9c7be0eb82ce92545f259a7f66ab992bd7ee,src/sw/redis++/command.h,1439,1449,function,zremrangebylex,11,"{""bitfield"": false, ""branch_complexity_proxy"": 0, ""c_array"": false, ""call_count"": 10, ""callback"": false, ""calloc"": false, ""conditional_compilation"": true, ""explicit_abi_boundary"": false, ""extern_declaration"": false, ""extern_or_abi_boundary"": false, ""flexible_array"": false, ""free"": false, ""function_pointer"": false, ""generated_source"": false, ""global_read"": false, ""global_write"": false, ""goto"": false, ""lexical_ambiguity"": false, ""longjmp"": false, ""macro_density"": 0.0, ""macro_generated_declaration"": false, ""macro_use"": false, ""malloc"": false, ""memcpy"": false, ""memmove"": false, ""memset"": false, ""mutable_global"": false, ""parameter_count"": 3, ""platform_specific"": false, ""pointer_arithmetic"": false, ""pointer_count"": 0, ""pointer_to_pointer"": false, ""raw_pointer_parameter"": false, ""raw_pointer_return"": false, ""realloc"": false, ""setjmp"": false, ""static_local"": false, ""syscall"": false, ""third_party"": false, ""union"": false, ""va_list"": false, ""variadic"": false, ""void_pointer"": false}",TRIVIAL,no_significant_detected_blocker,"[""conditional_compilation""]",medium
2,redis-plus-plus,397f9c7be0eb82ce92545f259a7f66ab992bd7ee,src/sw/redis++/command.h,1451,1459,function,zremrangebyrank,9,"{""bitfield"": false, ""branch_complexity_proxy"": 0, ""c_array"": false, ""call_count"": 4, ""callback"": false, ""calloc"": false, ""conditional_compilation"": true, ""explicit_abi_boundary"": false, ""extern_declaration"": false, ""extern_or_abi_boundary"": false, ""flexible_array"": false, ""free"": false, ""function_pointer"": false, ""generated_source"": false, ""global_read"": false, ""global_write"": false, ""goto"": false, ""lexical_ambiguity"": false, ""longjmp"": false, ""macro_density"": 0.0, ""macro_generated_declaration"": false, ""macro_use"": false, ""malloc"": false, ""memcpy"": false, ""memmove"": false, ""memset"": false, ""mutable_global"": false, ""parameter_count"": 4, ""platform_specific"": false, ""pointer_arithmetic"": false, ""pointer_count"": 0, ""pointer_to_pointer"": false, ""raw_pointer_parameter"": false, ""raw_pointer_return"": false, ""realloc"": false, ""setjmp"": false, ""static_local"": false, ""syscall"": false, ""third_party"": false, ""union"": false, ""va_list"": false, ""variadic"": false, ""void_pointer"": false}",TRIVIAL,no_significant_detected_blocker,"[""conditional_compilation""]",medium
2,redis-plus-plus,397f9c7be0eb82ce92545f259a7f66ab992bd7ee,src/sw/redis++/command.h,1462,1472,function,zremrangebyscore,11,"{""bitfield"": false, ""branch_complexity_proxy"": 0, ""c_array"": false, ""call_count"": 10, ""callback"": false, ""calloc"": false, ""conditional_compilation"": true, ""explicit_abi_boundary"": false, ""extern_declaration"": false, ""extern_or_abi_boundary"": false, ""flexible_array"": false, ""free"": false, ""function_pointer"": false, ""generated_source"": false, ""global_read"": false, ""global_write"": false, ""goto"": false, ""lexical_ambiguity"": false, ""longjmp"": false, ""macro_density"": 0.0, ""macro_generated_declaration"": false, ""macro_use"": false, ""malloc"": false, ""memcpy"": false, ""memmove"": false, ""memset"": false, ""mutable_global"": false, ""parameter_count"": 3, ""platform_specific"": false, ""pointer_arithmetic"": false, ""pointer_count"": 0, ""pointer_to_pointer"": false, ""raw_pointer_parameter"": false, ""raw_pointer_return"": false, ""realloc"": false, ""setjmp"": false, ""static_local"": false, ""syscall"": false, ""third_party"": false, ""union"": false, ""va_list"": false, ""variadic"": false, ""void_pointer"": false}",TRIVIAL,no_significant_detected_blocker,"[""conditional_compilation""]",medium
2,redis-plus-plus,397f9c7be0eb82ce92545f259a7f66ab992bd7ee,src/sw/redis++/command.h,1474,1490,function,zrevrange,17,"{""bitfield"": false, ""branch_complexity_proxy"": 1, ""c_array"": false, ""call_count"": 8, ""callback"": false, ""calloc"": false, ""conditional_compilation"": true, ""explicit_abi_boundary"": false, ""extern_declaration"": false, ""extern_or_abi_boundary"": false, ""flexible_array"": false, ""free"": false, ""function_pointer"": false, ""generated_source"": false, ""global_read"": false, ""global_write"": false, ""goto"": false, ""lexical_ambiguity"": false, ""longjmp"": false, ""macro_density"": 0.0, ""macro_generated_declaration"": false, ""macro_use"": false, ""malloc"": false, ""memcpy"": false, ""memmove"": false, ""memset"": false, ""mutable_global"": false, ""parameter_count"": 5, ""platform_specific"": false, ""pointer_arithmetic"": false, ""pointer_count"": 0, ""pointer_to_pointer"": false, ""raw_pointer_parameter"": false, ""raw_pointer_return"": false, ""realloc"": false, ""setjmp"": false, ""static_local"": false, ""syscall"": false, ""third_party"": false, ""union"": false, ""va_list"": false, ""variadic"": false, ""void_pointer"": false}",TRIVIAL,no_significant_detected_blocker,"[""conditional_compilation""]",medium
2,redis-plus-plus,397f9c7be0eb82ce92545f259a7f66ab992bd7ee,src/sw/redis++/command.h,1493,1506,function,zrevrangebylex,14,"{""bitfield"": false, ""branch_complexity_proxy"": 0, ""c_array"": false, ""call_count"": 10, ""callback"": false, ""calloc"": false, ""conditional_compilation"": true, ""explicit_abi_boundary"": false, ""extern_declaration"": false, ""extern_or_abi_boundary"": false, ""flexible_array"": false, ""free"": false, ""function_pointer"": false, ""generated_source"": false, ""global_read"": false, ""global_write"": false, ""goto"": false, ""lexical_ambiguity"": false, ""longjmp"": false, ""macro_density"": 0.0, ""macro_generated_declaration"": false, ""macro_use"": false, ""malloc"": false, ""memcpy"": false, ""memmove"": false, ""memset"": false, ""mutable_global"": false, ""parameter_count"": 4, ""platform_specific"": false, ""pointer_arithmetic"": false, ""pointer_count"": 0, ""pointer_to_pointer"": false, ""raw_pointer_parameter"": false, ""raw_pointer_return"": false, ""realloc"": false, ""setjmp"": false, ""static_local"": false, ""syscall"": false, ""third_party"": false, ""union"": false, ""va_list"": false, ""variadic"": false, ""void_pointer"": false}",TRIVIAL,no_significant_detected_blocker,"[""conditional_compilation""]",medium
2,redis-plus-plus,397f9c7be0eb82ce92545f259a7f66ab992bd7ee,src/sw/redis++/command.h,1509,1532,function,zrevrangebyscore,24,"{""bitfield"": false, ""branch_complexity_proxy"": 1, ""c_array"": false, ""call_count"": 18, ""callback"": false, ""calloc"": false, ""conditional_compilation"": true, ""explicit_abi_boundary"": false, ""extern_declaration"": false, ""extern_or_abi_boundary"": false, ""flexible_array"": false, ""free"": false, ""function_pointer"": false, ""generated_source"": false, ""global_read"": false, ""global_write"": false, ""goto"": false, ""lexical_ambiguity"": false, ""longjmp"": false, ""macro_density"": 0.0, ""macro_generated_declaration"": false, ""macro_use"": false, ""malloc"": false, ""memcpy"": false, ""memmove"": false, ""memset"": false, ""mutable_global"": false, ""parameter_count"": 5, ""platform_specific"": false, ""pointer_arithmetic"": false, ""pointer_count"": 0, ""pointer_to_pointer"": false, ""raw_pointer_parameter"": false, ""raw_pointer_return"": false, ""realloc"": false, ""setjmp"": false, ""static_local"": false, ""syscall"": false, ""third_party"": false, ""union"": false, ""va_list"": false, ""variadic"": false, ""void_pointer"": false}",TRIVIAL,no_significant_detected_blocker,"[""conditional_compilation""]",medium
2,redis-plus-plus,397f9c7be0eb82ce92545f259a7f66ab992bd7ee,src/sw/redis++/command.h,1534,1540,function,zrevrank,7,"{""bitfield"": false, ""branch_complexity_proxy"": 0, ""c_array"": false, ""call_count"": 6, ""callback"": false, ""calloc"": false, ""conditional_compilation"": true, ""explicit_abi_boundary"": false, ""extern_declaration"": false, ""extern_or_abi_boundary"": false, ""flexible_array"": false, ""free"": false, ""function_pointer"": false, ""generated_source"": false, ""global_read"": false, ""global_write"": false, ""goto"": false, ""lexical_ambiguity"": false, ""longjmp"": false, ""macro_density"": 0.0, ""macro_generated_declaration"": false, ""macro_use"": false, ""malloc"": false, ""memcpy"": false, ""memmove"": false, ""memset"": false, ""mutable_global"": false, ""parameter_count"": 3, ""platform_specific"": false, ""pointer_arithmetic"": false, ""pointer_count"": 0, ""pointer_to_pointer"": false, ""raw_pointer_parameter"": false, ""raw_pointer_return"": false, ""realloc"": false, ""setjmp"": false, ""static_local"": false, ""syscall"": false, ""third_party"": false, ""union"": false, ""va_list"": false, ""variadic"": false, ""void_pointer"": false}",TRIVIAL,no_significant_detected_blocker,"[""conditional_compilation""]",medium
2,redis-plus-plus,397f9c7be0eb82ce92545f259a7f66ab992bd7ee,src/sw/redis++/command.h,1542,1552,function,zscan,11,"{""bitfield"": false, ""branch_complexity_proxy"": 0, ""c_array"": false, ""call_count"": 6, ""callback"": false, ""calloc"": false, ""conditional_compilation"": true, ""explicit_abi_boundary"": false, ""extern_declaration"": false, ""extern_or_abi_boundary"": false, ""flexible_array"": false, ""free"": false, ""function_pointer"": false, ""generated_source"": false, ""global_read"": false, ""global_write"": false, ""goto"": false, ""lexical_ambiguity"": false, ""longjmp"": false, ""macro_density"": 0.0, ""macro_generated_declaration"": false, ""macro_use"": false, ""malloc"": false, ""memcpy"": false, ""memmove"": false, ""memset"": false, ""mutable_global"": false, ""parameter_count"": 5, ""platform_specific"": false, ""pointer_arithmetic"": false, ""pointer_count"": 0, ""pointer_to_pointer"": false, ""raw_pointer_parameter"": false, ""raw_pointer_return"": false, ""realloc"": false, ""setjmp"": false, ""static_local"": false, ""syscall"": false, ""third_party"": false, ""union"": false, ""va_list"": false, ""variadic"": false, ""void_pointer"": false}",TRIVIAL,no_significant_detected_blocker,"[""conditional_compilation""]",medium
2,redis-plus-plus,397f9c7be0eb82ce92545f259a7f66ab992bd7ee,src/sw/redis++/command.h,1554,1560,function,zscore,7,"{""bitfield"": false, ""branch_complexity_proxy"": 0, ""c_array"": false, ""call_count"": 6, ""callback"": false, ""calloc"": false, ""conditional_compilation"": true, ""explicit_abi_boundary"": false, ""extern_declaration"": false, ""extern_or_abi_boundary"": false, ""flexible_array"": false, ""free"": false, ""function_pointer"": false, ""generated_source"": false, ""global_read"": false, ""global_write"": false, ""goto"": false, ""lexical_ambiguity"": false, ""longjmp"": false, ""macro_density"": 0.0, ""macro_generated_declaration"": false, ""macro_use"": false, ""malloc"": false, ""memcpy"": false, ""memmove"": false, ""memset"": false, ""mutable_global"": false, ""parameter_count"": 3, ""platform_specific"": false, ""pointer_arithmetic"": false, ""pointer_count"": 0, ""pointer_to_pointer"": false, ""raw_pointer_parameter"": false, ""raw_pointer_return"": false, ""realloc"": false, ""setjmp"": false, ""static_local"": false, ""syscall"": false, ""third_party"": false, ""union"": false, ""va_list"": false, ""variadic"": false, ""void_pointer"": false}",TRIVIAL,no_significant_detected_blocker,"[""conditional_compilation""]",medium
2,redis-plus-plus,397f9c7be0eb82ce92545f259a7f66ab992bd7ee,src/sw/redis++/command.h,1562,1570,function,zunionstore,9,"{""bitfield"": false, ""branch_complexity_proxy"": 0, ""c_array"": false, ""call_count"": 6, ""callback"": false, ""calloc"": false, ""conditional_compilation"": true, ""explicit_abi_boundary"": false, ""extern_declaration"": false, ""extern_or_abi_boundary"": false, ""flexible_array"": false, ""free"": false, ""function_pointer"": false, ""generated_source"": false, ""global_read"": false, ""global_write"": false, ""goto"": false, ""lexical_ambiguity"": false, ""longjmp"": false, ""macro_density"": 0.0, ""macro_generated_declaration"": false, ""macro_use"": false, ""malloc"": false, ""memcpy"": false, ""memmove"": false, ""memset"": false, ""mutable_global"": false, ""parameter_count"": 4, ""platform_specific"": false, ""pointer_arithmetic"": false, ""pointer_count"": 0, ""pointer_to_pointer"": false, ""raw_pointer_parameter"": false, ""raw_pointer_return"": false, ""realloc"": false, ""setjmp"": false, ""static_local"": false, ""syscall"": false, ""third_party"": false, ""union"": false, ""va_list"": false, ""variadic"": false, ""void_pointer"": false}",TRIVIAL,no_significant_detected_blocker,"[""conditional_compilation""]",medium
2,redis-plus-plus,397f9c7be0eb82ce92545f259a7f66ab992bd7ee,src/sw/redis++/command.h,1581,1587,function,pfadd,7,"{""bitfield"": false, ""branch_complexity_proxy"": 0, ""c_array"": false, ""call_count"": 6, ""callback"": false, ""calloc"": false, ""conditional_compilation"": true, ""explicit_abi_boundary"": false, ""extern_declaration"": false, ""extern_or_abi_boundary"": false, ""flexible_array"": false, ""free"": false, ""function_pointer"": false, ""generated_source"": false, ""global_read"": false, ""global_write"": false, ""goto"": false, ""lexical_ambiguity"": false, ""longjmp"": false, ""macro_density"": 0.0, ""macro_generated_declaration"": false, ""macro_use"": false, ""malloc"": false, ""memcpy"": false, ""memmove"": false, ""memset"": false, ""mutable_global"": false, ""parameter_count"": 3, ""platform_specific"": false, ""pointer_arithmetic"": false, ""pointer_count"": 0, ""pointer_to_pointer"": false, ""raw_pointer_parameter"": false, ""raw_pointer_return"": false, ""realloc"": false, ""setjmp"": false, ""static_local"": false, ""syscall"": false, ""third_party"": false, ""union"": false, ""va_list"": false, ""variadic"": false, ""void_pointer"": false}",TRIVIAL,no_significant_detected_blocker,"[""conditional_compilation""]",medium
2,redis-plus-plus,397f9c7be0eb82ce92545f259a7f66ab992bd7ee,src/sw/redis++/command.h,1590,1600,function,pfadd_range,11,"{""bitfield"": false, ""branch_complexity_proxy"": 0, ""c_array"": false, ""call_count"": 4, ""callback"": false, ""calloc"": false, ""conditional_compilation"": true, ""explicit_abi_boundary"": false, ""extern_declaration"": false, ""extern_or_abi_boundary"": false, ""flexible_array"": false, ""free"": false, ""function_pointer"": false, ""generated_source"": false, ""global_read"": false, ""global_write"": false, ""goto"": false, ""lexical_ambiguity"": false, ""longjmp"": false, ""macro_density"": 0.0, ""macro_generated_declaration"": false, ""macro_use"": false, ""malloc"": false, ""memcpy"": false, ""memmove"": false, ""memset"": false, ""mutable_global"": false, ""parameter_count"": 4, ""platform_specific"": false, ""pointer_arithmetic"": false, ""pointer_count"": 0, ""pointer_to_pointer"": false, ""raw_pointer_parameter"": false, ""raw_pointer_return"": false, ""realloc"": false, ""setjmp"": false, ""static_local"": false, ""syscall"": false, ""third_party"": false, ""union"": false, ""va_list"": false, ""variadic"": false, ""void_pointer"": false}",TRIVIAL,no_significant_detected_blocker,"[""conditional_compilation""]",medium
2,redis-plus-plus,397f9c7be0eb82ce92545f259a7f66ab992bd7ee,src/sw/redis++/command.h,1602,1604,function,pfcount,3,"{""bitfield"": false, ""branch_complexity_proxy"": 0, ""c_array"": false, ""call_count"": 4, ""callback"": false, ""calloc"": false, ""conditional_compilation"": true, ""explicit_abi_boundary"": false, ""extern_declaration"": false, ""extern_or_abi_boundary"": false, ""flexible_array"": false, ""free"": false, ""function_pointer"": false, ""generated_source"": false, ""global_read"": false, ""global_write"": false, ""goto"": false, ""lexical_ambiguity"": false, ""longjmp"": false, ""macro_density"": 0.0, ""macro_generated_declaration"": false, ""macro_use"": false, ""malloc"": false, ""memcpy"": false, ""memmove"": false, ""memset"": false, ""mutable_global"": false, ""parameter_count"": 2, ""platform_specific"": false, ""pointer_arithmetic"": false, ""pointer_count"": 0, ""pointer_to_pointer"": false, ""raw_pointer_parameter"": false, ""raw_pointer_return"": false, ""realloc"": false, ""setjmp"": false, ""static_local"": false, ""syscall"": false, ""third_party"": false, ""union"": false, ""va_list"": false, ""variadic"": false, ""void_pointer"": false}",TRIVIAL,no_significant_detected_blocker,"[""conditional_compilation""]",medium
2,redis-plus-plus,397f9c7be0eb82ce92545f259a7f66ab992bd7ee,src/sw/redis++/command.h,1607,1616,function,pfcount_range,10,"{""bitfield"": false, ""branch_complexity_proxy"": 0, ""c_array"": false, ""call_count"": 4, ""callback"": false, ""calloc"": false, ""conditional_compilation"": true, ""explicit_abi_boundary"": false, ""extern_declaration"": false, ""extern_or_abi_boundary"": false, ""flexible_array"": false, ""free"": false, ""function_pointer"": false, ""generated_source"": false, ""global_read"": false, ""global_write"": false, ""goto"": false, ""lexical_ambiguity"": false, ""longjmp"": false, ""macro_density"": 0.0, ""macro_generated_declaration"": false, ""macro_use"": false, ""malloc"": false, ""memcpy"": false, ""memmove"": false, ""memset"": false, ""mutable_global"": false, ""parameter_count"": 3, ""platform_specific"": false, ""pointer_arithmetic"": false, ""pointer_count"": 0, ""pointer_to_pointer"": false, ""raw_pointer_parameter"": false, ""raw_pointer_return"": false, ""realloc"": false, ""setjmp"": false, ""static_local"": false, ""syscall"": false, ""third_party"": false, ""union"": false, ""va_list"": false, ""variadic"": false, ""void_pointer"": false}",TRIVIAL,no_significant_detected_blocker,"[""conditional_compilation""]",medium
2,redis-plus-plus,397f9c7be0eb82ce92545f259a7f66ab992bd7ee,src/sw/redis++/command.h,1618,1622,function,pfmerge,5,"{""bitfield"": false, ""branch_complexity_proxy"": 0, ""c_array"": false, ""call_count"": 6, ""callback"": false, ""calloc"": false, ""conditional_compilation"": true, ""explicit_abi_boundary"": false, ""extern_declaration"": false, ""extern_or_abi_boundary"": false, ""flexible_array"": false, ""free"": false, ""function_pointer"": false, ""generated_source"": false, ""global_read"": false, ""global_write"": false, ""goto"": false, ""lexical_ambiguity"": false, ""longjmp"": false, ""macro_density"": 0.0, ""macro_generated_declaration"": false, ""macro_use"": false, ""malloc"": false, ""memcpy"": false, ""memmove"": false, ""memset"": false, ""mutable_global"": false, ""parameter_count"": 3, ""platform_specific"": false, ""pointer_arithmetic"": false, ""pointer_count"": 0, ""pointer_to_pointer"": false, ""raw_pointer_parameter"": false, ""raw_pointer_return"": false, ""realloc"": false, ""setjmp"": false, ""static_local"": false, ""syscall"": false, ""third_party"": false, ""union"": false, ""va_list"": false, ""variadic"": false, ""void_pointer"": false}",TRIVIAL,no_significant_detected_blocker,"[""conditional_compilation""]",medium
2,redis-plus-plus,397f9c7be0eb82ce92545f259a7f66ab992bd7ee,src/sw/redis++/command.h,1625,1635,function,pfmerge_range,11,"{""bitfield"": false, ""branch_complexity_proxy"": 0, ""c_array"": false, ""call_count"": 4, ""callback"": false, ""calloc"": false, ""conditional_compilation"": true, ""explicit_abi_boundary"": false, ""extern_declaration"": false, ""extern_or_abi_boundary"": false, ""flexible_array"": false, ""free"": false, ""function_pointer"": false, ""generated_source"": false, ""global_read"": false, ""global_write"": false, ""goto"": false, ""lexical_ambiguity"": false, ""longjmp"": false, ""macro_density"": 0.0, ""macro_generated_declaration"": false, ""macro_use"": false, ""malloc"": false, ""memcpy"": false, ""memmove"": false, ""memset"": false, ""mutable_global"": false, ""parameter_count"": 4, ""platform_specific"": false, ""pointer_arithmetic"": false, ""pointer_count"": 0, ""pointer_to_pointer"": false, ""raw_pointer_parameter"": false, ""raw_pointer_return"": false, ""realloc"": false, ""setjmp"": false, ""static_local"": false, ""syscall"": false, ""third_party"": false, ""union"": false, ""va_list"": false, ""variadic"": false, ""void_pointer"": false}",TRIVIAL,no_significant_detected_blocker,"[""conditional_compilation""]",medium
2,redis-plus-plus,397f9c7be0eb82ce92545f259a7f66ab992bd7ee,src/sw/redis++/command.h,1639,1649,function,geoadd,11,"{""bitfield"": false, ""branch_complexity_proxy"": 0, ""c_array"": false, ""call_count"": 6, ""callback"": false, ""calloc"": false, ""conditional_compilation"": true, ""explicit_abi_boundary"": false, ""extern_declaration"": false, ""extern_or_abi_boundary"": false, ""flexible_array"": false, ""free"": false, ""function_pointer"": false, ""generated_source"": false, ""global_read"": false, ""global_write"": false, ""goto"": false, ""lexical_ambiguity"": false, ""longjmp"": false, ""macro_density"": 0.0, ""macro_generated_declaration"": false, ""macro_use"": false, ""malloc"": false, ""memcpy"": false, ""memmove"": false, ""memset"": false, ""mutable_global"": false, ""parameter_count"": 5, ""platform_specific"": false, ""pointer_arithmetic"": false, ""pointer_count"": 0, ""pointer_to_pointer"": false, ""raw_pointer_parameter"": false, ""raw_pointer_return"": false, ""realloc"": false, ""setjmp"": false, ""static_local"": false, ""syscall"": false, ""third_party"": false, ""union"": false, ""va_list"": false, ""variadic"": false, ""void_pointer"": false}",TRIVIAL,no_significant_detected_blocker,"[""conditional_compilation""]",medium
2,redis-plus-plus,397f9c7be0eb82ce92545f259a7f66ab992bd7ee,src/sw/redis++/command.h,1652,1668,function,geoadd_range,17,"{""bitfield"": false, ""branch_complexity_proxy"": 1, ""c_array"": false, ""call_count"": 4, ""callback"": false, ""calloc"": false, ""conditional_compilation"": true, ""explicit_abi_boundary"": false, ""extern_declaration"": false, ""extern_or_abi_boundary"": false, ""flexible_array"": false, ""free"": false, ""function_pointer"": false, ""generated_source"": false, ""global_read"": false, ""global_write"": false, ""goto"": false, ""lexical_ambiguity"": false, ""longjmp"": false, ""macro_density"": 0.0, ""macro_generated_declaration"": false, ""macro_use"": false, ""malloc"": false, ""memcpy"": false, ""memmove"": false, ""memset"": false, ""mutable_global"": false, ""parameter_count"": 4, ""platform_specific"": false, ""pointer_arithmetic"": false, ""pointer_count"": 1, ""pointer_to_pointer"": false, ""raw_pointer_parameter"": false, ""raw_pointer_return"": false, ""realloc"": false, ""setjmp"": false, ""static_local"": false, ""syscall"": false, ""third_party"": false, ""union"": false, ""va_list"": false, ""variadic"": false, ""void_pointer"": false}",TRIVIAL,no_significant_detected_blocker,"[""conditional_compilation""]",medium
2,redis-plus-plus,397f9c7be0eb82ce92545f259a7f66ab992bd7ee,src/sw/redis++/command.h,1676,1680,function,geohash,5,"{""bitfield"": false, ""branch_complexity_proxy"": 0, ""c_array"": false, ""call_count"": 6, ""callback"": false, ""calloc"": false, ""conditional_compilation"": true, ""explicit_abi_boundary"": false, ""extern_declaration"": false, ""extern_or_abi_boundary"": false, ""flexible_array"": false, ""free"": false, ""function_pointer"": false, ""generated_source"": false, ""global_read"": false, ""global_write"": false, ""goto"": false, ""lexical_ambiguity"": false, ""longjmp"": false, ""macro_density"": 0.0, ""macro_generated_declaration"": false, ""macro_use"": false, ""malloc"": false, ""memcpy"": false, ""memmove"": false, ""memset"": false, ""mutable_global"": false, ""parameter_count"": 3, ""platform_specific"": false, ""pointer_arithmetic"": false, ""pointer_count"": 0, ""pointer_to_pointer"": false, ""raw_pointer_parameter"": false, ""raw_pointer_return"": false, ""realloc"": false, ""setjmp"": false, ""static_local"": false, ""syscall"": false, ""third_party"": false, ""union"": false, ""va_list"": false, ""variadic"": false, ""void_pointer"": false}",TRIVIAL,no_significant_detected_blocker,"[""conditional_compilation""]",medium
2,redis-plus-plus,397f9c7be0eb82ce92545f259a7f66ab992bd7ee,src/sw/redis++/command.h,1683,1693,function,geohash_range,11,"{""bitfield"": false, ""branch_complexity_proxy"": 0, ""c_array"": false, ""call_count"": 4, ""callback"": false, ""calloc"": false, ""conditional_compilation"": true, ""explicit_abi_boundary"": false, ""extern_declaration"": false, ""extern_or_abi_boundary"": false, ""flexible_array"": false, ""free"": false, ""function_pointer"": false, ""generated_source"": false, ""global_read"": false, ""global_write"": false, ""goto"": false, ""lexical_ambiguity"": false, ""longjmp"": false, ""macro_density"": 0.0, ""macro_generated_declaration"": false, ""macro_use"": false, ""malloc"": false, ""memcpy"": false, ""memmove"": false, ""memset"": false, ""mutable_global"": false, ""parameter_count"": 4, ""platform_specific"": false, ""pointer_arithmetic"": false, ""pointer_count"": 0, ""pointer_to_pointer"": false, ""raw_pointer_parameter"": false, ""raw_pointer_return"": false, ""realloc"": false, ""setjmp"": false, ""static_local"": false, ""syscall"": false, ""third_party"": false, ""union"": false, ""va_list"": false, ""variadic"": false, ""void_pointer"": false}",TRIVIAL,no_significant_detected_blocker,"[""conditional_compilation""]",medium
2,redis-plus-plus,397f9c7be0eb82ce92545f259a7f66ab992bd7ee,src/sw/redis++/command.h,1695,1699,function,geopos,5,"{""bitfield"": false, ""branch_complexity_proxy"": 0, ""c_array"": false, ""call_count"": 6, ""callback"": false, ""calloc"": false, ""conditional_compilation"": true, ""explicit_abi_boundary"": false, ""extern_declaration"": false, ""extern_or_abi_boundary"": false, ""flexible_array"": false, ""free"": false, ""function_pointer"": false, ""generated_source"": false, ""global_read"": false, ""global_write"": false, ""goto"": false, ""lexical_ambiguity"": false, ""longjmp"": false, ""macro_density"": 0.0, ""macro_generated_declaration"": false, ""macro_use"": false, ""malloc"": false, ""memcpy"": false, ""memmove"": false, ""memset"": false, ""mutable_global"": false, ""parameter_count"": 3, ""platform_specific"": false, ""pointer_arithmetic"": false, ""pointer_count"": 0, ""pointer_to_pointer"": false, ""raw_pointer_parameter"": false, ""raw_pointer_return"": false, ""realloc"": false, ""setjmp"": false, ""static_local"": false, ""syscall"": false, ""third_party"": false, ""union"": false, ""va_list"": false, ""variadic"": false, ""void_pointer"": false}",TRIVIAL,no_significant_detected_blocker,"[""conditional_compilation""]",medium
2,redis-plus-plus,397f9c7be0eb82ce92545f259a7f66ab992bd7ee,src/sw/redis++/command.h,1702,1712,function,geopos_range,11,"{""bitfield"": false, ""branch_complexity_proxy"": 0, ""c_array"": false, ""call_count"": 4, ""callback"": false, ""calloc"": false, ""conditional_compilation"": true, ""explicit_abi_boundary"": false, ""extern_declaration"": false, ""extern_or_abi_boundary"": false, ""flexible_array"": false, ""free"": false, ""function_pointer"": false, ""generated_source"": false, ""global_read"": false, ""global_write"": false, ""goto"": false, ""lexical_ambiguity"": false, ""longjmp"": false, ""macro_density"": 0.0, ""macro_generated_declaration"": false, ""macro_use"": false, ""malloc"": false, ""memcpy"": false, ""memmove"": false, ""memset"": false, ""mutable_global"": false, ""parameter_count"": 4, ""platform_specific"": false, ""pointer_arithmetic"": false, ""pointer_count"": 0, ""pointer_to_pointer"": false, ""raw_pointer_parameter"": false, ""raw_pointer_return"": false, ""realloc"": false, ""setjmp"": false, ""static_local"": false, ""syscall"": false, ""third_party"": false, ""union"": false, ""va_list"": false, ""variadic"": false, ""void_pointer"": false}",TRIVIAL,no_significant_detected_blocker,"[""conditional_compilation""]",medium
2,redis-plus-plus,397f9c7be0eb82ce92545f259a7f66ab992bd7ee,src/sw/redis++/command.h,1757,1772,function,eval,16,"{""bitfield"": false, ""branch_complexity_proxy"": 0, ""c_array"": false, ""call_count"": 5, ""callback"": false, ""calloc"": false, ""conditional_compilation"": true, ""explicit_abi_boundary"": false, ""extern_declaration"": false, ""extern_or_abi_boundary"": false, ""flexible_array"": false, ""free"": false, ""function_pointer"": false, ""generated_source"": false, ""global_read"": false, ""global_write"": false, ""goto"": false, ""lexical_ambiguity"": false, ""longjmp"": false, ""macro_density"": 0.0, ""macro_generated_declaration"": false, ""macro_use"": false, ""malloc"": false, ""memcpy"": false, ""memmove"": false, ""memset"": false, ""mutable_global"": false, ""parameter_count"": 6, ""platform_specific"": false, ""pointer_arithmetic"": false, ""pointer_count"": 0, ""pointer_to_pointer"": false, ""raw_pointer_parameter"": false, ""raw_pointer_return"": false, ""realloc"": false, ""setjmp"": false, ""static_local"": false, ""syscall"": false, ""third_party"": false, ""union"": false, ""va_list"": false, ""variadic"": false, ""void_pointer"": false}",TRIVIAL,no_significant_detected_blocker,"[""conditional_compilation""]",medium
2,redis-plus-plus,397f9c7be0eb82ce92545f259a7f66ab992bd7ee,src/sw/redis++/command.h,1775,1790,function,evalsha,16,"{""bitfield"": false, ""branch_complexity_proxy"": 0, ""c_array"": false, ""call_count"": 5, ""callback"": false, ""calloc"": false, ""conditional_compilation"": true, ""explicit_abi_boundary"": false, ""extern_declaration"": false, ""extern_or_abi_boundary"": false, ""flexible_array"": false, ""free"": false, ""function_pointer"": false, ""generated_source"": false, ""global_read"": false, ""global_write"": false, ""goto"": false, ""lexical_ambiguity"": false, ""longjmp"": false, ""macro_density"": 0.0, ""macro_generated_declaration"": false, ""macro_use"": false, ""malloc"": false, ""memcpy"": false, ""memmove"": false, ""memset"": false, ""mutable_global"": false, ""parameter_count"": 6, ""platform_specific"": false, ""pointer_arithmetic"": false, ""pointer_count"": 0, ""pointer_to_pointer"": false, ""raw_pointer_parameter"": false, ""raw_pointer_return"": false, ""realloc"": false, ""setjmp"": false, ""static_local"": false, ""syscall"": false, ""third_party"": false, ""union"": false, ""va_list"": false, ""variadic"": false, ""void_pointer"": false}",TRIVIAL,no_significant_detected_blocker,"[""conditional_compilation""]",medium
2,redis-plus-plus,397f9c7be0eb82ce92545f259a7f66ab992bd7ee,src/sw/redis++/command.h,1792,1794,function,script_exists,3,"{""bitfield"": false, ""branch_complexity_proxy"": 0, ""c_array"": false, ""call_count"": 4, ""callback"": false, ""calloc"": false, ""conditional_compilation"": true, ""explicit_abi_boundary"": false, ""extern_declaration"": false, ""extern_or_abi_boundary"": false, ""flexible_array"": false, ""free"": false, ""function_pointer"": false, ""generated_source"": false, ""global_read"": false, ""global_write"": false, ""goto"": false, ""lexical_ambiguity"": false, ""longjmp"": false, ""macro_density"": 0.0, ""macro_generated_declaration"": false, ""macro_use"": false, ""malloc"": false, ""memcpy"": false, ""memmove"": false, ""memset"": false, ""mutable_global"": false, ""parameter_count"": 2, ""platform_specific"": false, ""pointer_arithmetic"": false, ""pointer_count"": 0, ""pointer_to_pointer"": false, ""raw_pointer_parameter"": false, ""raw_pointer_return"": false, ""realloc"": false, ""setjmp"": false, ""static_local"": false, ""syscall"": false, ""third_party"": false, ""union"": false, ""va_list"": false, ""variadic"": false, ""void_pointer"": false}",TRIVIAL,no_significant_detected_blocker,"[""conditional_compilation""]",medium
2,redis-plus-plus,397f9c7be0eb82ce92545f259a7f66ab992bd7ee,src/sw/redis++/command.h,1797,1804,function,script_exists_range,8,"{""bitfield"": false, ""branch_complexity_proxy"": 0, ""c_array"": false, ""call_count"": 4, ""callback"": false, ""calloc"": false, ""conditional_compilation"": true, ""explicit_abi_boundary"": false, ""extern_declaration"": false, ""extern_or_abi_boundary"": false, ""flexible_array"": false, ""free"": false, ""function_pointer"": false, ""generated_source"": false, ""global_read"": false, ""global_write"": false, ""goto"": false, ""lexical_ambiguity"": false, ""longjmp"": false, ""macro_density"": 0.0, ""macro_generated_declaration"": false, ""macro_use"": false, ""malloc"": false, ""memcpy"": false, ""memmove"": false, ""memset"": false, ""mutable_global"": false, ""parameter_count"": 3, ""platform_specific"": false, ""pointer_arithmetic"": false, ""pointer_count"": 0, ""pointer_to_pointer"": false, ""raw_pointer_parameter"": false, ""raw_pointer_return"": false, ""realloc"": false, ""setjmp"": false, ""static_local"": false, ""syscall"": false, ""third_party"": false, ""union"": false, ""va_list"": false, ""variadic"": false, ""void_pointer"": false}",TRIVIAL,no_significant_detected_blocker,"[""conditional_compilation""]",medium
2,redis-plus-plus,397f9c7be0eb82ce92545f259a7f66ab992bd7ee,src/sw/redis++/command.h,1806,1808,function,script_flush,3,"{""bitfield"": false, ""branch_complexity_proxy"": 0, ""c_array"": false, ""call_count"": 2, ""callback"": false, ""calloc"": false, ""conditional_compilation"": true, ""explicit_abi_boundary"": false, ""extern_declaration"": false, ""extern_or_abi_boundary"": false, ""flexible_array"": false, ""free"": false, ""function_pointer"": false, ""generated_source"": false, ""global_read"": false, ""global_write"": false, ""goto"": false, ""lexical_ambiguity"": false, ""longjmp"": false, ""macro_density"": 0.0, ""macro_generated_declaration"": false, ""macro_use"": false, ""malloc"": false, ""memcpy"": false, ""memmove"": false, ""memset"": false, ""mutable_global"": false, ""parameter_count"": 1, ""platform_specific"": false, ""pointer_arithmetic"": false, ""pointer_count"": 0, ""pointer_to_pointer"": false, ""raw_pointer_parameter"": false, ""raw_pointer_return"": false, ""realloc"": false, ""setjmp"": false, ""static_local"": false, ""syscall"": false, ""third_party"": false, ""union"": false, ""va_list"": false, ""variadic"": false, ""void_pointer"": false}",TRIVIAL,no_significant_detected_blocker,"[""conditional_compilation""]",medium
2,redis-plus-plus,397f9c7be0eb82ce92545f259a7f66ab992bd7ee,src/sw/redis++/command.h,1810,1812,function,script_kill,3,"{""bitfield"": false, ""branch_complexity_proxy"": 0, ""c_array"": false, ""call_count"": 2, ""callback"": false, ""calloc"": false, ""conditional_compilation"": true, ""explicit_abi_boundary"": false, ""extern_declaration"": false, ""extern_or_abi_boundary"": false, ""flexible_array"": false, ""free"": false, ""function_pointer"": false, ""generated_source"": false, ""global_read"": false, ""global_write"": false, ""goto"": false, ""lexical_ambiguity"": false, ""longjmp"": false, ""macro_density"": 0.0, ""macro_generated_declaration"": false, ""macro_use"": false, ""malloc"": false, ""memcpy"": false, ""memmove"": false, ""memset"": false, ""mutable_global"": false, ""parameter_count"": 1, ""platform_specific"": false, ""pointer_arithmetic"": false, ""pointer_count"": 0, ""pointer_to_pointer"": false, ""raw_pointer_parameter"": false, ""raw_pointer_return"": false, ""realloc"": false, ""setjmp"": false, ""static_local"": false, ""syscall"": false, ""third_party"": false, ""union"": false, ""va_list"": false, ""variadic"": false, ""void_pointer"": false}",TRIVIAL,no_significant_detected_blocker,"[""conditional_compilation""]",medium
2,redis-plus-plus,397f9c7be0eb82ce92545f259a7f66ab992bd7ee,src/sw/redis++/command.h,1814,1816,function,script_load,3,"{""bitfield"": false, ""branch_complexity_proxy"": 0, ""c_array"": false, ""call_count"": 4, ""callback"": false, ""calloc"": false, ""conditional_compilation"": true, ""explicit_abi_boundary"": false, ""extern_declaration"": false, ""extern_or_abi_boundary"": false, ""flexible_array"": false, ""free"": false, ""function_pointer"": false, ""generated_source"": false, ""global_read"": false, ""global_write"": false, ""goto"": false, ""lexical_ambiguity"": false, ""longjmp"": false, ""macro_density"": 0.0, ""macro_generated_declaration"": false, ""macro_use"": false, ""malloc"": false, ""memcpy"": false, ""memmove"": false, ""memset"": false, ""mutable_global"": false, ""parameter_count"": 2, ""platform_specific"": false, ""pointer_arithmetic"": false, ""pointer_count"": 0, ""pointer_to_pointer"": false, ""raw_pointer_parameter"": false, ""raw_pointer_return"": false, ""realloc"": false, ""setjmp"": false, ""static_local"": false, ""syscall"": false, ""third_party"": false, ""union"": false, ""va_list"": false, ""variadic"": false, ""void_pointer"": false}",TRIVIAL,no_significant_detected_blocker,"[""conditional_compilation""]",medium
2,redis-plus-plus,397f9c7be0eb82ce92545f259a7f66ab992bd7ee,src/sw/redis++/command.h,1819,1834,function,fcall,16,"{""bitfield"": false, ""branch_complexity_proxy"": 0, ""c_array"": false, ""call_count"": 5, ""callback"": false, ""calloc"": false, ""conditional_compilation"": true, ""explicit_abi_boundary"": false, ""extern_declaration"": false, ""extern_or_abi_boundary"": false, ""flexible_array"": false, ""free"": false, ""function_pointer"": false, ""generated_source"": false, ""global_read"": false, ""global_write"": false, ""goto"": false, ""lexical_ambiguity"": false, ""longjmp"": false, ""macro_density"": 0.0, ""macro_generated_declaration"": false, ""macro_use"": false, ""malloc"": false, ""memcpy"": false, ""memmove"": false, ""memset"": false, ""mutable_global"": false, ""parameter_count"": 6, ""platform_specific"": false, ""pointer_arithmetic"": false, ""pointer_count"": 0, ""pointer_to_pointer"": false, ""raw_pointer_parameter"": false, ""raw_pointer_return"": false, ""realloc"": false, ""setjmp"": false, ""static_local"": false, ""syscall"": false, ""third_party"": false, ""union"": false, ""va_list"": false, ""variadic"": false, ""void_pointer"": false}",TRIVIAL,no_significant_detected_blocker,"[""conditional_compilation""]",medium
2,redis-plus-plus,397f9c7be0eb82ce92545f259a7f66ab992bd7ee,src/sw/redis++/command.h,1837,1852,function,fcall_ro,16,"{""bitfield"": false, ""branch_complexity_proxy"": 0, ""c_array"": false, ""call_count"": 5, ""callback"": false, ""calloc"": false, ""conditional_compilation"": true, ""explicit_abi_boundary"": false, ""extern_declaration"": false, ""extern_or_abi_boundary"": false, ""flexible_array"": false, ""free"": false, ""function_pointer"": false, ""generated_source"": false, ""global_read"": false, ""global_write"": false, ""goto"": false, ""lexical_ambiguity"": false, ""longjmp"": false, ""macro_density"": 0.0, ""macro_generated_declaration"": false, ""macro_use"": false, ""malloc"": false, ""memcpy"": false, ""memmove"": false, ""memset"": false, ""mutable_global"": false, ""parameter_count"": 6, ""platform_specific"": false, ""pointer_arithmetic"": false, ""pointer_count"": 0, ""pointer_to_pointer"": false, ""raw_pointer_parameter"": false, ""raw_pointer_return"": false, ""realloc"": false, ""setjmp"": false, ""static_local"": false, ""syscall"": false, ""third_party"": false, ""union"": false, ""va_list"": false, ""variadic"": false, ""void_pointer"": false}",TRIVIAL,no_significant_detected_blocker,"[""conditional_compilation""]",medium
2,redis-plus-plus,397f9c7be0eb82ce92545f259a7f66ab992bd7ee,src/sw/redis++/command.h,1854,1868,function,function_load,15,"{""bitfield"": false, ""branch_complexity_proxy"": 1, ""c_array"": false, ""call_count"": 3, ""callback"": false, ""calloc"": false, ""conditional_compilation"": true, ""explicit_abi_boundary"": false, ""extern_declaration"": false, ""extern_or_abi_boundary"": false, ""flexible_array"": false, ""free"": false, ""function_pointer"": false, ""generated_source"": false, ""global_read"": false, ""global_write"": false, ""goto"": false, ""lexical_ambiguity"": false, ""longjmp"": false, ""macro_density"": 0.0, ""macro_generated_declaration"": false, ""macro_use"": false, ""malloc"": false, ""memcpy"": false, ""memmove"": false, ""memset"": false, ""mutable_global"": false, ""parameter_count"": 3, ""platform_specific"": false, ""pointer_arithmetic"": false, ""pointer_count"": 0, ""pointer_to_pointer"": false, ""raw_pointer_parameter"": false, ""raw_pointer_return"": false, ""realloc"": false, ""setjmp"": false, ""static_local"": false, ""syscall"": false, ""third_party"": false, ""union"": false, ""va_list"": false, ""variadic"": false, ""void_pointer"": false}",TRIVIAL,no_significant_detected_blocker,"[""conditional_compilation""]",medium
2,redis-plus-plus,397f9c7be0eb82ce92545f259a7f66ab992bd7ee,src/sw/redis++/command.h,1870,1872,function,function_delete,3,"{""bitfield"": false, ""branch_complexity_proxy"": 0, ""c_array"": false, ""call_count"": 4, ""callback"": false, ""calloc"": false, ""conditional_compilation"": true, ""explicit_abi_boundary"": false, ""extern_declaration"": false, ""extern_or_abi_boundary"": false, ""flexible_array"": false, ""free"": false, ""function_pointer"": false, ""generated_source"": false, ""global_read"": false, ""global_write"": false, ""goto"": false, ""lexical_ambiguity"": false, ""longjmp"": false, ""macro_density"": 0.0, ""macro_generated_declaration"": false, ""macro_use"": false, ""malloc"": false, ""memcpy"": false, ""memmove"": false, ""memset"": false, ""mutable_global"": false, ""parameter_count"": 2, ""platform_specific"": false, ""pointer_arithmetic"": false, ""pointer_count"": 0, ""pointer_to_pointer"": false, ""raw_pointer_parameter"": false, ""raw_pointer_return"": false, ""realloc"": false, ""setjmp"": false, ""static_local"": false, ""syscall"": false, ""third_party"": false, ""union"": false, ""va_list"": false, ""variadic"": false, ""void_pointer"": false}",TRIVIAL,no_significant_detected_blocker,"[""conditional_compilation""]",medium
2,redis-plus-plus,397f9c7be0eb82ce92545f259a7f66ab992bd7ee,src/sw/redis++/command.h,1876,1878,function,psubscribe,3,"{""bitfield"": false, ""branch_complexity_proxy"": 0, ""c_array"": false, ""call_count"": 4, ""callback"": false, ""calloc"": false, ""conditional_compilation"": true, ""explicit_abi_boundary"": false, ""extern_declaration"": false, ""extern_or_abi_boundary"": false, ""flexible_array"": false, ""free"": false, ""function_pointer"": false, ""generated_source"": false, ""global_read"": false, ""global_write"": false, ""goto"": false, ""lexical_ambiguity"": false, ""longjmp"": false, ""macro_density"": 0.0, ""macro_generated_declaration"": false, ""macro_use"": false, ""malloc"": false, ""memcpy"": false, ""memmove"": false, ""memset"": false, ""mutable_global"": false, ""parameter_count"": 2, ""platform_specific"": false, ""pointer_arithmetic"": false, ""pointer_count"": 0, ""pointer_to_pointer"": false, ""raw_pointer_parameter"": false, ""raw_pointer_return"": false, ""realloc"": false, ""setjmp"": false, ""static_local"": false, ""syscall"": false, ""third_party"": false, ""union"": false, ""va_list"": false, ""variadic"": false, ""void_pointer"": false}",TRIVIAL,no_significant_detected_blocker,"[""conditional_compilation""]",medium
2,redis-plus-plus,397f9c7be0eb82ce92545f259a7f66ab992bd7ee,src/sw/redis++/command.h,1881,1890,function,psubscribe_range,10,"{""bitfield"": false, ""branch_complexity_proxy"": 1, ""c_array"": false, ""call_count"": 5, ""callback"": false, ""calloc"": false, ""conditional_compilation"": true, ""explicit_abi_boundary"": false, ""extern_declaration"": false, ""extern_or_abi_boundary"": false, ""flexible_array"": false, ""free"": false, ""function_pointer"": false, ""generated_source"": false, ""global_read"": false, ""global_write"": false, ""goto"": false, ""lexical_ambiguity"": false, ""longjmp"": false, ""macro_density"": 0.0, ""macro_generated_declaration"": false, ""macro_use"": false, ""malloc"": false, ""memcpy"": false, ""memmove"": false, ""memset"": false, ""mutable_global"": false, ""parameter_count"": 3, ""platform_specific"": false, ""pointer_arithmetic"": false, ""pointer_count"": 0, ""pointer_to_pointer"": false, ""raw_pointer_parameter"": false, ""raw_pointer_return"": false, ""realloc"": false, ""setjmp"": false, ""static_local"": false, ""syscall"": false, ""third_party"": false, ""union"": false, ""va_list"": false, ""variadic"": false, ""void_pointer"": false}",TRIVIAL,no_significant_detected_blocker,"[""conditional_compilation""]",medium
2,redis-plus-plus,397f9c7be0eb82ce92545f259a7f66ab992bd7ee,src/sw/redis++/command.h,1892,1898,function,publish,7,"{""bitfield"": false, ""branch_complexity_proxy"": 0, ""c_array"": false, ""call_count"": 6, ""callback"": false, ""calloc"": false, ""conditional_compilation"": true, ""explicit_abi_boundary"": false, ""extern_declaration"": false, ""extern_or_abi_boundary"": false, ""flexible_array"": false, ""free"": false, ""function_pointer"": false, ""generated_source"": false, ""global_read"": false, ""global_write"": false, ""goto"": false, ""lexical_ambiguity"": false, ""longjmp"": false, ""macro_density"": 0.0, ""macro_generated_declaration"": false, ""macro_use"": false, ""malloc"": false, ""memcpy"": false, ""memmove"": false, ""memset"": false, ""mutable_global"": false, ""parameter_count"": 3, ""platform_specific"": false, ""pointer_arithmetic"": false, ""pointer_count"": 0, ""pointer_to_pointer"": false, ""raw_pointer_parameter"": false, ""raw_pointer_return"": false, ""realloc"": false, ""setjmp"": false, ""static_local"": false, ""syscall"": false, ""third_party"": false, ""union"": false, ""va_list"": false, ""variadic"": false, ""void_pointer"": false}",TRIVIAL,no_significant_detected_blocker,"[""conditional_compilation""]",medium
2,redis-plus-plus,397f9c7be0eb82ce92545f259a7f66ab992bd7ee,src/sw/redis++/command.h,1900,1906,function,spublish,7,"{""bitfield"": false, ""branch_complexity_proxy"": 0, ""c_array"": false, ""call_count"": 6, ""callback"": false, ""calloc"": false, ""conditional_compilation"": true, ""explicit_abi_boundary"": false, ""extern_declaration"": false, ""extern_or_abi_boundary"": false, ""flexible_array"": false, ""free"": false, ""function_pointer"": false, ""generated_source"": false, ""global_read"": false, ""global_write"": false, ""goto"": false, ""lexical_ambiguity"": false, ""longjmp"": false, ""macro_density"": 0.0, ""macro_generated_declaration"": false, ""macro_use"": false, ""malloc"": false, ""memcpy"": false, ""memmove"": false, ""memset"": false, ""mutable_global"": false, ""parameter_count"": 3, ""platform_specific"": false, ""pointer_arithmetic"": false, ""pointer_count"": 0, ""pointer_to_pointer"": false, ""raw_pointer_parameter"": false, ""raw_pointer_return"": false, ""realloc"": false, ""setjmp"": false, ""static_local"": false, ""syscall"": false, ""third_party"": false, ""union"": false, ""va_list"": false, ""variadic"": false, ""void_pointer"": false}",TRIVIAL,no_significant_detected_blocker,"[""conditional_compilation""]",medium
2,redis-plus-plus,397f9c7be0eb82ce92545f259a7f66ab992bd7ee,src/sw/redis++/command.h,1908,1910,function,punsubscribe,3,"{""bitfield"": false, ""branch_complexity_proxy"": 0, ""c_array"": false, ""call_count"": 2, ""callback"": false, ""calloc"": false, ""conditional_compilation"": true, ""explicit_abi_boundary"": false, ""extern_declaration"": false, ""extern_or_abi_boundary"": false, ""flexible_array"": false, ""free"": false, ""function_pointer"": false, ""generated_source"": false, ""global_read"": false, ""global_write"": false, ""goto"": false, ""lexical_ambiguity"": false, ""longjmp"": false, ""macro_density"": 0.0, ""macro_generated_declaration"": false, ""macro_use"": false, ""malloc"": false, ""memcpy"": false, ""memmove"": false, ""memset"": false, ""mutable_global"": false, ""parameter_count"": 1, ""platform_specific"": false, ""pointer_arithmetic"": false, ""pointer_count"": 0, ""pointer_to_pointer"": false, ""raw_pointer_parameter"": false, ""raw_pointer_return"": false, ""realloc"": false, ""setjmp"": false, ""static_local"": false, ""syscall"": false, ""third_party"": false, ""union"": false, ""va_list"": false, ""variadic"": false, ""void_pointer"": false}",TRIVIAL,no_significant_detected_blocker,"[""conditional_compilation""]",medium
2,redis-plus-plus,397f9c7be0eb82ce92545f259a7f66ab992bd7ee,src/sw/redis++/command.h,1912,1914,function,punsubscribe,3,"{""bitfield"": false, ""branch_complexity_proxy"": 0, ""c_array"": false, ""call_count"": 4, ""callback"": false, ""calloc"": false, ""conditional_compilation"": true, ""explicit_abi_boundary"": false, ""extern_declaration"": false, ""extern_or_abi_boundary"": false, ""flexible_array"": false, ""free"": false, ""function_pointer"": false, ""generated_source"": false, ""global_read"": false, ""global_write"": false, ""goto"": false, ""lexical_ambiguity"": false, ""longjmp"": false, ""macro_density"": 0.0, ""macro_generated_declaration"": false, ""macro_use"": false, ""malloc"": false, ""memcpy"": false, ""memmove"": false, ""memset"": false, ""mutable_global"": false, ""parameter_count"": 2, ""platform_specific"": false, ""pointer_arithmetic"": false, ""pointer_count"": 0, ""pointer_to_pointer"": false, ""raw_pointer_parameter"": false, ""raw_pointer_return"": false, ""realloc"": false, ""setjmp"": false, ""static_local"": false, ""syscall"": false, ""third_party"": false, ""union"": false, ""va_list"": false, ""variadic"": false, ""void_pointer"": false}",TRIVIAL,no_significant_detected_blocker,"[""conditional_compilation""]",medium
2,redis-plus-plus,397f9c7be0eb82ce92545f259a7f66ab992bd7ee,src/sw/redis++/command.h,1917,1926,function,punsubscribe_range,10,"{""bitfield"": false, ""branch_complexity_proxy"": 1, ""c_array"": false, ""call_count"": 5, ""callback"": false, ""calloc"": false, ""conditional_compilation"": true, ""explicit_abi_boundary"": false, ""extern_declaration"": false, ""extern_or_abi_boundary"": false, ""flexible_array"": false, ""free"": false, ""function_pointer"": false, ""generated_source"": false, ""global_read"": false, ""global_write"": false, ""goto"": false, ""lexical_ambiguity"": false, ""longjmp"": false, ""macro_density"": 0.0, ""macro_generated_declaration"": false, ""macro_use"": false, ""malloc"": false, ""memcpy"": false, ""memmove"": false, ""memset"": false, ""mutable_global"": false, ""parameter_count"": 3, ""platform_specific"": false, ""pointer_arithmetic"": false, ""pointer_count"": 0, ""pointer_to_pointer"": false, ""raw_pointer_parameter"": false, ""raw_pointer_return"": false, ""realloc"": false, ""setjmp"": false, ""static_local"": false, ""syscall"": false, ""third_party"": false, ""union"": false, ""va_list"": false, ""variadic"": false, ""void_pointer"": false}",TRIVIAL,no_significant_detected_blocker,"[""conditional_compilation""]",medium
2,redis-plus-plus,397f9c7be0eb82ce92545f259a7f66ab992bd7ee,src/sw/redis++/command.h,1928,1930,function,subscribe,3,"{""bitfield"": false, ""branch_complexity_proxy"": 0, ""c_array"": false, ""call_count"": 4, ""callback"": false, ""calloc"": false, ""conditional_compilation"": true, ""explicit_abi_boundary"": false, ""extern_declaration"": false, ""extern_or_abi_boundary"": false, ""flexible_array"": false, ""free"": false, ""function_pointer"": false, ""generated_source"": false, ""global_read"": false, ""global_write"": false, ""goto"": false, ""lexical_ambiguity"": false, ""longjmp"": false, ""macro_density"": 0.0, ""macro_generated_declaration"": false, ""macro_use"": false, ""malloc"": false, ""memcpy"": false, ""memmove"": false, ""memset"": false, ""mutable_global"": false, ""parameter_count"": 2, ""platform_specific"": false, ""pointer_arithmetic"": false, ""pointer_count"": 0, ""pointer_to_pointer"": false, ""raw_pointer_parameter"": false, ""raw_pointer_return"": false, ""realloc"": false, ""setjmp"": false, ""static_local"": false, ""syscall"": false, ""third_party"": false, ""union"": false, ""va_list"": false, ""variadic"": false, ""void_pointer"": false}",TRIVIAL,no_significant_detected_blocker,"[""conditional_compilation""]",medium
2,redis-plus-plus,397f9c7be0eb82ce92545f259a7f66ab992bd7ee,src/sw/redis++/command.h,1933,1942,function,subscribe_range,10,"{""bitfield"": false, ""branch_complexity_proxy"": 1, ""c_array"": false, ""call_count"": 5, ""callback"": false, ""calloc"": false, ""conditional_compilation"": true, ""explicit_abi_boundary"": false, ""extern_declaration"": false, ""extern_or_abi_boundary"": false, ""flexible_array"": false, ""free"": false, ""function_pointer"": false, ""generated_source"": false, ""global_read"": false, ""global_write"": false, ""goto"": false, ""lexical_ambiguity"": false, ""longjmp"": false, ""macro_density"": 0.0, ""macro_generated_declaration"": false, ""macro_use"": false, ""malloc"": false, ""memcpy"": false, ""memmove"": false, ""memset"": false, ""mutable_global"": false, ""parameter_count"": 3, ""platform_specific"": false, ""pointer_arithmetic"": false, ""pointer_count"": 0, ""pointer_to_pointer"": false, ""raw_pointer_parameter"": false, ""raw_pointer_return"": false, ""realloc"": false, ""setjmp"": false, ""static_local"": false, ""syscall"": false, ""third_party"": false, ""union"": false, ""va_list"": false, ""variadic"": false, ""void_pointer"": false}",TRIVIAL,no_significant_detected_blocker,"[""conditional_compilation""]",medium
2,redis-plus-plus,397f9c7be0eb82ce92545f259a7f66ab992bd7ee,src/sw/redis++/command.h,1944,1946,function,unsubscribe,3,"{""bitfield"": false, ""branch_complexity_proxy"": 0, ""c_array"": false, ""call_count"": 2, ""callback"": false, ""calloc"": false, ""conditional_compilation"": true, ""explicit_abi_boundary"": false, ""extern_declaration"": false, ""extern_or_abi_boundary"": false, ""flexible_array"": false, ""free"": false, ""function_pointer"": false, ""generated_source"": false, ""global_read"": false, ""global_write"": false, ""goto"": false, ""lexical_ambiguity"": false, ""longjmp"": false, ""macro_density"": 0.0, ""macro_generated_declaration"": false, ""macro_use"": false, ""malloc"": false, ""memcpy"": false, ""memmove"": false, ""memset"": false, ""mutable_global"": false, ""parameter_count"": 1, ""platform_specific"": false, ""pointer_arithmetic"": false, ""pointer_count"": 0, ""pointer_to_pointer"": false, ""raw_pointer_parameter"": false, ""raw_pointer_return"": false, ""realloc"": false, ""setjmp"": false, ""static_local"": false, ""syscall"": false, ""third_party"": false, ""union"": false, ""va_list"": false, ""variadic"": false, ""void_pointer"": false}",TRIVIAL,no_significant_detected_blocker,"[""conditional_compilation""]",medium
2,redis-plus-plus,397f9c7be0eb82ce92545f259a7f66ab992bd7ee,src/sw/redis++/command.h,1948,1950,function,unsubscribe,3,"{""bitfield"": false, ""branch_complexity_proxy"": 0, ""c_array"": false, ""call_count"": 4, ""callback"": false, ""calloc"": false, ""conditional_compilation"": true, ""explicit_abi_boundary"": false, ""extern_declaration"": false, ""extern_or_abi_boundary"": false, ""flexible_array"": false, ""free"": false, ""function_pointer"": false, ""generated_source"": false, ""global_read"": false, ""global_write"": false, ""goto"": false, ""lexical_ambiguity"": false, ""longjmp"": false, ""macro_density"": 0.0, ""macro_generated_declaration"": false, ""macro_use"": false, ""malloc"": false, ""memcpy"": false, ""memmove"": false, ""memset"": false, ""mutable_global"": false, ""parameter_count"": 2, ""platform_specific"": false, ""pointer_arithmetic"": false, ""pointer_count"": 0, ""pointer_to_pointer"": false, ""raw_pointer_parameter"": false, ""raw_pointer_return"": false, ""realloc"": false, ""setjmp"": false, ""static_local"": false, ""syscall"": false, ""third_party"": false, ""union"": false, ""va_list"": false, ""variadic"": false, ""void_pointer"": false}",TRIVIAL,no_significant_detected_blocker,"[""conditional_compilation""]",medium
2,redis-plus-plus,397f9c7be0eb82ce92545f259a7f66ab992bd7ee,src/sw/redis++/command.h,1953,1962,function,unsubscribe_range,10,"{""bitfield"": false, ""branch_complexity_proxy"": 1, ""c_array"": false, ""call_count"": 5, ""callback"": false, ""calloc"": false, ""conditional_compilation"": true, ""explicit_abi_boundary"": false, ""extern_declaration"": false, ""extern_or_abi_boundary"": false, ""flexible_array"": false, ""free"": false, ""function_pointer"": false, ""generated_source"": false, ""global_read"": false, ""global_write"": false, ""goto"": false, ""lexical_ambiguity"": false, ""longjmp"": false, ""macro_density"": 0.0, ""macro_generated_declaration"": false, ""macro_use"": false, ""malloc"": false, ""memcpy"": false, ""memmove"": false, ""memset"": false, ""mutable_global"": false, ""parameter_count"": 3, ""platform_specific"": false, ""pointer_arithmetic"": false, ""pointer_count"": 0, ""pointer_to_pointer"": false, ""raw_pointer_parameter"": false, ""raw_pointer_return"": false, ""realloc"": false, ""setjmp"": false, ""static_local"": false, ""syscall"": false, ""third_party"": false, ""union"": false, ""va_list"": false, ""variadic"": false, ""void_pointer"": false}",TRIVIAL,no_significant_detected_blocker,"[""conditional_compilation""]",medium
2,redis-plus-plus,397f9c7be0eb82ce92545f259a7f66ab992bd7ee,src/sw/redis++/command.h,1964,1966,function,ssubscribe,3,"{""bitfield"": false, ""branch_complexity_proxy"": 0, ""c_array"": false, ""call_count"": 4, ""callback"": false, ""calloc"": false, ""conditional_compilation"": true, ""explicit_abi_boundary"": false, ""extern_declaration"": false, ""extern_or_abi_boundary"": false, ""flexible_array"": false, ""free"": false, ""function_pointer"": false, ""generated_source"": false, ""global_read"": false, ""global_write"": false, ""goto"": false, ""lexical_ambiguity"": false, ""longjmp"": false, ""macro_density"": 0.0, ""macro_generated_declaration"": false, ""macro_use"": false, ""malloc"": false, ""memcpy"": false, ""memmove"": false, ""memset"": false, ""mutable_global"": false, ""parameter_count"": 2, ""platform_specific"": false, ""pointer_arithmetic"": false, ""pointer_count"": 0, ""pointer_to_pointer"": false, ""raw_pointer_parameter"": false, ""raw_pointer_return"": false, ""realloc"": false, ""setjmp"": false, ""static_local"": false, ""syscall"": false, ""third_party"": false, ""union"": false, ""va_list"": false, ""variadic"": false, ""void_pointer"": false}",TRIVIAL,no_significant_detected_blocker,"[""conditional_compilation""]",medium
2,redis-plus-plus,397f9c7be0eb82ce92545f259a7f66ab992bd7ee,src/sw/redis++/command.h,1969,1978,function,ssubscribe_range,10,"{""bitfield"": false, ""branch_complexity_proxy"": 1, ""c_array"": false, ""call_count"": 5, ""callback"": false, ""calloc"": false, ""conditional_compilation"": true, ""explicit_abi_boundary"": false, ""extern_declaration"": false, ""extern_or_abi_boundary"": false, ""flexible_array"": false, ""free"": false, ""function_pointer"": false, ""generated_source"": false, ""global_read"": false, ""global_write"": false, ""goto"": false, ""lexical_ambiguity"": false, ""longjmp"": false, ""macro_density"": 0.0, ""macro_generated_declaration"": false, ""macro_use"": false, ""malloc"": false, ""memcpy"": false, ""memmove"": false, ""memset"": false, ""mutable_global"": false, ""parameter_count"": 3, ""platform_specific"": false, ""pointer_arithmetic"": false, ""pointer_count"": 0, ""pointer_to_pointer"": false, ""raw_pointer_parameter"": false, ""raw_pointer_return"": false, ""realloc"": false, ""setjmp"": false, ""static_local"": false, ""syscall"": false, ""third_party"": false, ""union"": false, ""va_list"": false, ""variadic"": false, ""void_pointer"": false}",TRIVIAL,no_significant_detected_blocker,"[""conditional_compilation""]",medium
2,redis-plus-plus,397f9c7be0eb82ce92545f259a7f66ab992bd7ee,src/sw/redis++/command.h,1980,1982,function,sunsubscribe,3,"{""bitfield"": false, ""branch_complexity_proxy"": 0, ""c_array"": false, ""call_count"": 2, ""callback"": false, ""calloc"": false, ""conditional_compilation"": true, ""explicit_abi_boundary"": false, ""extern_declaration"": false, ""extern_or_abi_boundary"": false, ""flexible_array"": false, ""free"": false, ""function_pointer"": false, ""generated_source"": false, ""global_read"": false, ""global_write"": false, ""goto"": false, ""lexical_ambiguity"": false, ""longjmp"": false, ""macro_density"": 0.0, ""macro_generated_declaration"": false, ""macro_use"": false, ""malloc"": false, ""memcpy"": false, ""memmove"": false, ""memset"": false, ""mutable_global"": false, ""parameter_count"": 1, ""platform_specific"": false, ""pointer_arithmetic"": false, ""pointer_count"": 0, ""pointer_to_pointer"": false, ""raw_pointer_parameter"": false, ""raw_pointer_return"": false, ""realloc"": false, ""setjmp"": false, ""static_local"": false, ""syscall"": false, ""third_party"": false, ""union"": false, ""va_list"": false, ""variadic"": false, ""void_pointer"": false}",TRIVIAL,no_significant_detected_blocker,"[""conditional_compilation""]",medium
2,redis-plus-plus,397f9c7be0eb82ce92545f259a7f66ab992bd7ee,src/sw/redis++/command.h,1984,1986,function,sunsubscribe,3,"{""bitfield"": false, ""branch_complexity_proxy"": 0, ""c_array"": false, ""call_count"": 4, ""callback"": false, ""calloc"": false, ""conditional_compilation"": true, ""explicit_abi_boundary"": false, ""extern_declaration"": false, ""extern_or_abi_boundary"": false, ""flexible_array"": false, ""free"": false, ""function_pointer"": false, ""generated_source"": false, ""global_read"": false, ""global_write"": false, ""goto"": false, ""lexical_ambiguity"": false, ""longjmp"": false, ""macro_density"": 0.0, ""macro_generated_declaration"": false, ""macro_use"": false, ""malloc"": false, ""memcpy"": false, ""memmove"": false, ""memset"": false, ""mutable_global"": false, ""parameter_count"": 2, ""platform_specific"": false, ""pointer_arithmetic"": false, ""pointer_count"": 0, ""pointer_to_pointer"": false, ""raw_pointer_parameter"": false, ""raw_pointer_return"": false, ""realloc"": false, ""setjmp"": false, ""static_local"": false, ""syscall"": false, ""third_party"": false, ""union"": false, ""va_list"": false, ""variadic"": false, ""void_pointer"": false}",TRIVIAL,no_significant_detected_blocker,"[""conditional_compilation""]",medium
2,redis-plus-plus,397f9c7be0eb82ce92545f259a7f66ab992bd7ee,src/sw/redis++/command.h,1989,1998,function,sunsubscribe_range,10,"{""bitfield"": false, ""branch_complexity_proxy"": 1, ""c_array"": false, ""call_count"": 5, ""callback"": false, ""calloc"": false, ""conditional_compilation"": true, ""explicit_abi_boundary"": false, ""extern_declaration"": false, ""extern_or_abi_boundary"": false, ""flexible_array"": false, ""free"": false, ""function_pointer"": false, ""generated_source"": false, ""global_read"": false, ""global_write"": false, ""goto"": false, ""lexical_ambiguity"": false, ""longjmp"": false, ""macro_density"": 0.0, ""macro_generated_declaration"": false, ""macro_use"": false, ""malloc"": false, ""memcpy"": false, ""memmove"": false, ""memset"": false, ""mutable_global"": false, ""parameter_count"": 3, ""platform_specific"": false, ""pointer_arithmetic"": false, ""pointer_count"": 0, ""pointer_to_pointer"": false, ""raw_pointer_parameter"": false, ""raw_pointer_return"": false, ""realloc"": false, ""setjmp"": false, ""static_local"": false, ""syscall"": false, ""third_party"": false, ""union"": false, ""va_list"": false, ""variadic"": false, ""void_pointer"": false}",TRIVIAL,no_significant_detected_blocker,"[""conditional_compilation""]",medium
2,redis-plus-plus,397f9c7be0eb82ce92545f259a7f66ab992bd7ee,src/sw/redis++/command.h,2002,2004,function,discard,3,"{""bitfield"": false, ""branch_complexity_proxy"": 0, ""c_array"": false, ""call_count"": 2, ""callback"": false, ""calloc"": false, ""conditional_compilation"": true, ""explicit_abi_boundary"": false, ""extern_declaration"": false, ""extern_or_abi_boundary"": false, ""flexible_array"": false, ""free"": false, ""function_pointer"": false, ""generated_source"": false, ""global_read"": false, ""global_write"": false, ""goto"": false, ""lexical_ambiguity"": false, ""longjmp"": false, ""macro_density"": 0.0, ""macro_generated_declaration"": false, ""macro_use"": false, ""malloc"": false, ""memcpy"": false, ""memmove"": false, ""memset"": false, ""mutable_global"": false, ""parameter_count"": 1, ""platform_specific"": false, ""pointer_arithmetic"": false, ""pointer_count"": 0, ""pointer_to_pointer"": false, ""raw_pointer_parameter"": false, ""raw_pointer_return"": false, ""realloc"": false, ""setjmp"": false, ""static_local"": false, ""syscall"": false, ""third_party"": false, ""union"": false, ""va_list"": false, ""variadic"": false, ""void_pointer"": false}",TRIVIAL,no_significant_detected_blocker,"[""conditional_compilation""]",medium
2,redis-plus-plus,397f9c7be0eb82ce92545f259a7f66ab992bd7ee,src/sw/redis++/command.h,2006,2008,function,exec,3,"{""bitfield"": false, ""branch_complexity_proxy"": 0, ""c_array"": false, ""call_count"": 2, ""callback"": false, ""calloc"": false, ""conditional_compilation"": true, ""explicit_abi_boundary"": false, ""extern_declaration"": false, ""extern_or_abi_boundary"": false, ""flexible_array"": false, ""free"": false, ""function_pointer"": false, ""generated_source"": false, ""global_read"": false, ""global_write"": false, ""goto"": false, ""lexical_ambiguity"": false, ""longjmp"": false, ""macro_density"": 0.0, ""macro_generated_declaration"": false, ""macro_use"": false, ""malloc"": false, ""memcpy"": false, ""memmove"": false, ""memset"": false, ""mutable_global"": false, ""parameter_count"": 1, ""platform_specific"": false, ""pointer_arithmetic"": false, ""pointer_count"": 0, ""pointer_to_pointer"": false, ""raw_pointer_parameter"": false, ""raw_pointer_return"": false, ""realloc"": false, ""setjmp"": false, ""static_local"": false, ""syscall"": false, ""third_party"": false, ""union"": false, ""va_list"": false, ""variadic"": false, ""void_pointer"": false}",TRIVIAL,no_significant_detected_blocker,"[""conditional_compilation""]",medium
2,redis-plus-plus,397f9c7be0eb82ce92545f259a7f66ab992bd7ee,src/sw/redis++/command.h,2010,2012,function,multi,3,"{""bitfield"": false, ""branch_complexity_proxy"": 0, ""c_array"": false, ""call_count"": 2, ""callback"": false, ""calloc"": false, ""conditional_compilation"": true, ""explicit_abi_boundary"": false, ""extern_declaration"": false, ""extern_or_abi_boundary"": false, ""flexible_array"": false, ""free"": false, ""function_pointer"": false, ""generated_source"": false, ""global_read"": false, ""global_write"": false, ""goto"": false, ""lexical_ambiguity"": false, ""longjmp"": false, ""macro_density"": 0.0, ""macro_generated_declaration"": false, ""macro_use"": false, ""malloc"": false, ""memcpy"": false, ""memmove"": false, ""memset"": false, ""mutable_global"": false, ""parameter_count"": 1, ""platform_specific"": false, ""pointer_arithmetic"": false, ""pointer_count"": 0, ""pointer_to_pointer"": false, ""raw_pointer_parameter"": false, ""raw_pointer_return"": false, ""realloc"": false, ""setjmp"": false, ""static_local"": false, ""syscall"": false, ""third_party"": false, ""union"": false, ""va_list"": false, ""variadic"": false, ""void_pointer"": false}",TRIVIAL,no_significant_detected_blocker,"[""conditional_compilation""]",medium
2,redis-plus-plus,397f9c7be0eb82ce92545f259a7f66ab992bd7ee,src/sw/redis++/command.h,2014,2016,function,unwatch,3,"{""bitfield"": false, ""branch_complexity_proxy"": 0, ""c_array"": false, ""call_count"": 2, ""callback"": false, ""calloc"": false, ""conditional_compilation"": true, ""explicit_abi_boundary"": false, ""extern_declaration"": false, ""extern_or_abi_boundary"": false, ""flexible_array"": false, ""free"": false, ""function_pointer"": false, ""generated_source"": false, ""global_read"": false, ""global_write"": false, ""goto"": false, ""lexical_ambiguity"": false, ""longjmp"": false, ""macro_density"": 0.0, ""macro_generated_declaration"": false, ""macro_use"": false, ""malloc"": false, ""memcpy"": false, ""memmove"": false, ""memset"": false, ""mutable_global"": false, ""parameter_count"": 1, ""platform_specific"": false, ""pointer_arithmetic"": false, ""pointer_count"": 0, ""pointer_to_pointer"": false, ""raw_pointer_parameter"": false, ""raw_pointer_return"": false, ""realloc"": false, ""setjmp"": false, ""static_local"": false, ""syscall"": false, ""third_party"": false, ""union"": false, ""va_list"": false, ""variadic"": false, ""void_pointer"": false}",TRIVIAL,no_significant_detected_blocker,"[""conditional_compilation""]",medium
2,redis-plus-plus,397f9c7be0eb82ce92545f259a7f66ab992bd7ee,src/sw/redis++/command.h,2019,2028,function,unwatch_range,10,"{""bitfield"": false, ""branch_complexity_proxy"": 1, ""c_array"": false, ""call_count"": 5, ""callback"": false, ""calloc"": false, ""conditional_compilation"": true, ""explicit_abi_boundary"": false, ""extern_declaration"": false, ""extern_or_abi_boundary"": false, ""flexible_array"": false, ""free"": false, ""function_pointer"": false, ""generated_source"": false, ""global_read"": false, ""global_write"": false, ""goto"": false, ""lexical_ambiguity"": false, ""longjmp"": false, ""macro_density"": 0.0, ""macro_generated_declaration"": false, ""macro_use"": false, ""malloc"": false, ""memcpy"": false, ""memmove"": false, ""memset"": false, ""mutable_global"": false, ""parameter_count"": 3, ""platform_specific"": false, ""pointer_arithmetic"": false, ""pointer_count"": 0, ""pointer_to_pointer"": false, ""raw_pointer_parameter"": false, ""raw_pointer_return"": false, ""realloc"": false, ""setjmp"": false, ""static_local"": false, ""syscall"": false, ""third_party"": false, ""union"": false, ""va_list"": false, ""variadic"": false, ""void_pointer"": false}",TRIVIAL,no_significant_detected_blocker,"[""conditional_compilation""]",medium
2,redis-plus-plus,397f9c7be0eb82ce92545f259a7f66ab992bd7ee,src/sw/redis++/command.h,2030,2032,function,watch,3,"{""bitfield"": false, ""branch_complexity_proxy"": 0, ""c_array"": false, ""call_count"": 4, ""callback"": false, ""calloc"": false, ""conditional_compilation"": true, ""explicit_abi_boundary"": false, ""extern_declaration"": false, ""extern_or_abi_boundary"": false, ""flexible_array"": false, ""free"": false, ""function_pointer"": false, ""generated_source"": false, ""global_read"": false, ""global_write"": false, ""goto"": false, ""lexical_ambiguity"": false, ""longjmp"": false, ""macro_density"": 0.0, ""macro_generated_declaration"": false, ""macro_use"": false, ""malloc"": false, ""memcpy"": false, ""memmove"": false, ""memset"": false, ""mutable_global"": false, ""parameter_count"": 2, ""platform_specific"": false, ""pointer_arithmetic"": false, ""pointer_count"": 0, ""pointer_to_pointer"": false, ""raw_pointer_parameter"": false, ""raw_pointer_return"": false, ""realloc"": false, ""setjmp"": false, ""static_local"": false, ""syscall"": false, ""third_party"": false, ""union"": false, ""va_list"": false, ""variadic"": false, ""void_pointer"": false}",TRIVIAL,no_significant_detected_blocker,"[""conditional_compilation""]",medium
2,redis-plus-plus,397f9c7be0eb82ce92545f259a7f66ab992bd7ee,src/sw/redis++/command.h,2035,2044,function,watch_range,10,"{""bitfield"": false, ""branch_complexity_proxy"": 1, ""c_array"": false, ""call_count"": 5, ""callback"": false, ""calloc"": false, ""conditional_compilation"": true, ""explicit_abi_boundary"": false, ""extern_declaration"": false, ""extern_or_abi_boundary"": false, ""flexible_array"": false, ""free"": false, ""function_pointer"": false, ""generated_source"": false, ""global_read"": false, ""global_write"": false, ""goto"": false, ""lexical_ambiguity"": false, ""longjmp"": false, ""macro_density"": 0.0, ""macro_generated_declaration"": false, ""macro_use"": false, ""malloc"": false, ""memcpy"": false, ""memmove"": false, ""memset"": false, ""mutable_global"": false, ""parameter_count"": 3, ""platform_specific"": false, ""pointer_arithmetic"": false, ""pointer_count"": 0, ""pointer_to_pointer"": false, ""raw_pointer_parameter"": false, ""raw_pointer_return"": false, ""realloc"": false, ""setjmp"": false, ""static_local"": false, ""syscall"": false, ""third_party"": false, ""union"": false, ""va_list"": false, ""variadic"": false, ""void_pointer"": false}",TRIVIAL,no_significant_detected_blocker,"[""conditional_compilation""]",medium
2,redis-plus-plus,397f9c7be0eb82ce92545f259a7f66ab992bd7ee,src/sw/redis++/command.h,2048,2056,function,xack,9,"{""bitfield"": false, ""branch_complexity_proxy"": 0, ""c_array"": false, ""call_count"": 8, ""callback"": false, ""calloc"": false, ""conditional_compilation"": true, ""explicit_abi_boundary"": false, ""extern_declaration"": false, ""extern_or_abi_boundary"": false, ""flexible_array"": false, ""free"": false, ""function_pointer"": false, ""generated_source"": false, ""global_read"": false, ""global_write"": false, ""goto"": false, ""lexical_ambiguity"": false, ""longjmp"": false, ""macro_density"": 0.0, ""macro_generated_declaration"": false, ""macro_use"": false, ""malloc"": false, ""memcpy"": false, ""memmove"": false, ""memset"": false, ""mutable_global"": false, ""parameter_count"": 4, ""platform_specific"": false, ""pointer_arithmetic"": false, ""pointer_count"": 0, ""pointer_to_pointer"": false, ""raw_pointer_parameter"": false, ""raw_pointer_return"": false, ""realloc"": false, ""setjmp"": false, ""static_local"": false, ""syscall"": false, ""third_party"": false, ""union"": false, ""va_list"": false, ""variadic"": false, ""void_pointer"": false}",TRIVIAL,no_significant_detected_blocker,"[""conditional_compilation""]",medium
2,redis-plus-plus,397f9c7be0eb82ce92545f259a7f66ab992bd7ee,src/sw/redis++/command.h,2059,2068,function,xack_range,10,"{""bitfield"": false, ""branch_complexity_proxy"": 0, ""c_array"": false, ""call_count"": 3, ""callback"": false, ""calloc"": false, ""conditional_compilation"": true, ""explicit_abi_boundary"": false, ""extern_declaration"": false, ""extern_or_abi_boundary"": false, ""flexible_array"": false, ""free"": false, ""function_pointer"": false, ""generated_source"": false, ""global_read"": false, ""global_write"": false, ""goto"": false, ""lexical_ambiguity"": false, ""longjmp"": false, ""macro_density"": 0.0, ""macro_generated_declaration"": false, ""macro_use"": false, ""malloc"": false, ""memcpy"": false, ""memmove"": false, ""memset"": false, ""mutable_global"": false, ""parameter_count"": 5, ""platform_specific"": false, ""pointer_arithmetic"": false, ""pointer_count"": 0, ""pointer_to_pointer"": false, ""raw_pointer_parameter"": false, ""raw_pointer_return"": false, ""realloc"": false, ""setjmp"": false, ""static_local"": false, ""syscall"": false, ""third_party"": false, ""union"": false, ""va_list"": false, ""variadic"": false, ""void_pointer"": false}",TRIVIAL,no_significant_detected_blocker,"[""conditional_compilation""]",medium
2,redis-plus-plus,397f9c7be0eb82ce92545f259a7f66ab992bd7ee,src/sw/redis++/command.h,2071,2080,function,xadd_range,10,"{""bitfield"": false, ""branch_complexity_proxy"": 0, ""c_array"": false, ""call_count"": 3, ""callback"": false, ""calloc"": false, ""conditional_compilation"": true, ""explicit_abi_boundary"": false, ""extern_declaration"": false, ""extern_or_abi_boundary"": false, ""flexible_array"": false, ""free"": false, ""function_pointer"": false, ""generated_source"": false, ""global_read"": false, ""global_write"": false, ""goto"": false, ""lexical_ambiguity"": false, ""longjmp"": false, ""macro_density"": 0.0, ""macro_generated_declaration"": false, ""macro_use"": false, ""malloc"": false, ""memcpy"": false, ""memmove"": false, ""memset"": false, ""mutable_global"": false, ""parameter_count"": 5, ""platform_specific"": false, ""pointer_arithmetic"": false, ""pointer_count"": 0, ""pointer_to_pointer"": false, ""raw_pointer_parameter"": false, ""raw_pointer_return"": false, ""realloc"": false, ""setjmp"": false, ""static_local"": false, ""syscall"": false, ""third_party"": false, ""union"": false, ""va_list"": false, ""variadic"": false, ""void_pointer"": false}",TRIVIAL,no_significant_detected_blocker,"[""conditional_compilation""]",medium
2,redis-plus-plus,397f9c7be0eb82ce92545f259a7f66ab992bd7ee,src/sw/redis++/command.h,2083,2100,function,xadd_maxlen_range,18,"{""bitfield"": false, ""branch_complexity_proxy"": 1, ""c_array"": false, ""call_count"": 4, ""callback"": false, ""calloc"": false, ""conditional_compilation"": true, ""explicit_abi_boundary"": false, ""extern_declaration"": false, ""extern_or_abi_boundary"": false, ""flexible_array"": false, ""free"": false, ""function_pointer"": false, ""generated_source"": false, ""global_read"": false, ""global_write"": false, ""goto"": false, ""lexical_ambiguity"": false, ""longjmp"": false, ""macro_density"": 0.0, ""macro_generated_declaration"": false, ""macro_use"": false, ""malloc"": false, ""memcpy"": false, ""memmove"": false, ""memset"": false, ""mutable_global"": false, ""parameter_count"": 7, ""platform_specific"": false, ""pointer_arithmetic"": false, ""pointer_count"": 0, ""pointer_to_pointer"": false, ""raw_pointer_parameter"": false, ""raw_pointer_return"": false, ""realloc"": false, ""setjmp"": false, ""static_local"": false, ""syscall"": false, ""third_party"": false, ""union"": false, ""va_list"": false, ""variadic"": false, ""void_pointer"": false}",TRIVIAL,no_significant_detected_blocker,"[""conditional_compilation""]",medium
2,redis-plus-plus,397f9c7be0eb82ce92545f259a7f66ab992bd7ee,src/sw/redis++/command.h,2102,2114,function,xclaim,13,"{""bitfield"": false, ""branch_complexity_proxy"": 0, ""c_array"": false, ""call_count"": 10, ""callback"": false, ""calloc"": false, ""conditional_compilation"": true, ""explicit_abi_boundary"": false, ""extern_declaration"": false, ""extern_or_abi_boundary"": false, ""flexible_array"": false, ""free"": false, ""function_pointer"": false, ""generated_source"": false, ""global_read"": false, ""global_write"": false, ""goto"": false, ""lexical_ambiguity"": false, ""longjmp"": false, ""macro_density"": 0.0, ""macro_generated_declaration"": false, ""macro_use"": false, ""malloc"": false, ""memcpy"": false, ""memmove"": false, ""memset"": false, ""mutable_global"": false, ""parameter_count"": 6, ""platform_specific"": false, ""pointer_arithmetic"": false, ""pointer_count"": 0, ""pointer_to_pointer"": false, ""raw_pointer_parameter"": false, ""raw_pointer_return"": false, ""realloc"": false, ""setjmp"": false, ""static_local"": false, ""syscall"": false, ""third_party"": false, ""union"": false, ""va_list"": false, ""variadic"": false, ""void_pointer"": false}",TRIVIAL,no_significant_detected_blocker,"[""conditional_compilation""]",medium
2,redis-plus-plus,397f9c7be0eb82ce92545f259a7f66ab992bd7ee,src/sw/redis++/command.h,2117,2128,function,xclaim_range,12,"{""bitfield"": false, ""branch_complexity_proxy"": 0, ""c_array"": false, ""call_count"": 3, ""callback"": false, ""calloc"": false, ""conditional_compilation"": true, ""explicit_abi_boundary"": false, ""extern_declaration"": false, ""extern_or_abi_boundary"": false, ""flexible_array"": false, ""free"": false, ""function_pointer"": false, ""generated_source"": false, ""global_read"": false, ""global_write"": false, ""goto"": false, ""lexical_ambiguity"": false, ""longjmp"": false, ""macro_density"": 0.0, ""macro_generated_declaration"": false, ""macro_use"": false, ""malloc"": false, ""memcpy"": false, ""memmove"": false, ""memset"": false, ""mutable_global"": false, ""parameter_count"": 7, ""platform_specific"": false, ""pointer_arithmetic"": false, ""pointer_count"": 0, ""pointer_to_pointer"": false, ""raw_pointer_parameter"": false, ""raw_pointer_return"": false, ""realloc"": false, ""setjmp"": false, ""static_local"": false, ""syscall"": false, ""third_party"": false, ""union"": false, ""va_list"": false, ""variadic"": false, ""void_pointer"": false}",TRIVIAL,no_significant_detected_blocker,"[""conditional_compilation""]",medium
2,redis-plus-plus,397f9c7be0eb82ce92545f259a7f66ab992bd7ee,src/sw/redis++/command.h,2130,2132,function,xdel,3,"{""bitfield"": false, ""branch_complexity_proxy"": 0, ""c_array"": false, ""call_count"": 6, ""callback"": false, ""calloc"": false, ""conditional_compilation"": true, ""explicit_abi_boundary"": false, ""extern_declaration"": false, ""extern_or_abi_boundary"": false, ""flexible_array"": false, ""free"": false, ""function_pointer"": false, ""generated_source"": false, ""global_read"": false, ""global_write"": false, ""goto"": false, ""lexical_ambiguity"": false, ""longjmp"": false, ""macro_density"": 0.0, ""macro_generated_declaration"": false, ""macro_use"": false, ""malloc"": false, ""memcpy"": false, ""memmove"": false, ""memset"": false, ""mutable_global"": false, ""parameter_count"": 3, ""platform_specific"": false, ""pointer_arithmetic"": false, ""pointer_count"": 0, ""pointer_to_pointer"": false, ""raw_pointer_parameter"": false, ""raw_pointer_return"": false, ""realloc"": false, ""setjmp"": false, ""static_local"": false, ""syscall"": false, ""third_party"": false, ""union"": false, ""va_list"": false, ""variadic"": false, ""void_pointer"": false}",TRIVIAL,no_significant_detected_blocker,"[""conditional_compilation""]",medium
2,redis-plus-plus,397f9c7be0eb82ce92545f259a7f66ab992bd7ee,src/sw/redis++/command.h,2135,2140,function,xdel_range,6,"{""bitfield"": false, ""branch_complexity_proxy"": 0, ""c_array"": false, ""call_count"": 3, ""callback"": false, ""calloc"": false, ""conditional_compilation"": true, ""explicit_abi_boundary"": false, ""extern_declaration"": false, ""extern_or_abi_boundary"": false, ""flexible_array"": false, ""free"": false, ""function_pointer"": false, ""generated_source"": false, ""global_read"": false, ""global_write"": false, ""goto"": false, ""lexical_ambiguity"": false, ""longjmp"": false, ""macro_density"": 0.0, ""macro_generated_declaration"": false, ""macro_use"": false, ""malloc"": false, ""memcpy"": false, ""memmove"": false, ""memset"": false, ""mutable_global"": false, ""parameter_count"": 4, ""platform_specific"": false, ""pointer_arithmetic"": false, ""pointer_count"": 0, ""pointer_to_pointer"": false, ""raw_pointer_parameter"": false, ""raw_pointer_return"": false, ""realloc"": false, ""setjmp"": false, ""static_local"": false, ""syscall"": false, ""third_party"": false, ""union"": false, ""va_list"": false, ""variadic"": false, ""void_pointer"": false}",TRIVIAL,no_significant_detected_blocker,"[""conditional_compilation""]",medium
2,redis-plus-plus,397f9c7be0eb82ce92545f259a7f66ab992bd7ee,src/sw/redis++/command.h,2142,2155,function,xgroup_create,14,"{""bitfield"": false, ""branch_complexity_proxy"": 1, ""c_array"": false, ""call_count"": 3, ""callback"": false, ""calloc"": false, ""conditional_compilation"": true, ""explicit_abi_boundary"": false, ""extern_declaration"": false, ""extern_or_abi_boundary"": false, ""flexible_array"": false, ""free"": false, ""function_pointer"": false, ""generated_source"": false, ""global_read"": false, ""global_write"": false, ""goto"": false, ""lexical_ambiguity"": false, ""longjmp"": false, ""macro_density"": 0.0, ""macro_generated_declaration"": false, ""macro_use"": false, ""malloc"": false, ""memcpy"": false, ""memmove"": false, ""memset"": false, ""mutable_global"": false, ""parameter_count"": 5, ""platform_specific"": false, ""pointer_arithmetic"": false, ""pointer_count"": 0, ""pointer_to_pointer"": false, ""raw_pointer_parameter"": false, ""raw_pointer_return"": false, ""realloc"": false, ""setjmp"": false, ""static_local"": false, ""syscall"": false, ""third_party"": false, ""union"": false, ""va_list"": false, ""variadic"": false, ""void_pointer"": false}",TRIVIAL,no_significant_detected_blocker,"[""conditional_compilation""]",medium
2,redis-plus-plus,397f9c7be0eb82ce92545f259a7f66ab992bd7ee,src/sw/redis++/command.h,2157,2165,function,xgroup_setid,9,"{""bitfield"": false, ""branch_complexity_proxy"": 0, ""c_array"": false, ""call_count"": 8, ""callback"": false, ""calloc"": false, ""conditional_compilation"": true, ""explicit_abi_boundary"": false, ""extern_declaration"": false, ""extern_or_abi_boundary"": false, ""flexible_array"": false, ""free"": false, ""function_pointer"": false, ""generated_source"": false, ""global_read"": false, ""global_write"": false, ""goto"": false, ""lexical_ambiguity"": false, ""longjmp"": false, ""macro_density"": 0.0, ""macro_generated_declaration"": false, ""macro_use"": false, ""malloc"": false, ""memcpy"": false, ""memmove"": false, ""memset"": false, ""mutable_global"": false, ""parameter_count"": 4, ""platform_specific"": false, ""pointer_arithmetic"": false, ""pointer_count"": 0, ""pointer_to_pointer"": false, ""raw_pointer_parameter"": false, ""raw_pointer_return"": false, ""realloc"": false, ""setjmp"": false, ""static_local"": false, ""syscall"": false, ""third_party"": false, ""union"": false, ""va_list"": false, ""variadic"": false, ""void_pointer"": false}",TRIVIAL,no_significant_detected_blocker,"[""conditional_compilation""]",medium
2,redis-plus-plus,397f9c7be0eb82ce92545f259a7f66ab992bd7ee,src/sw/redis++/command.h,2167,2173,function,xgroup_destroy,7,"{""bitfield"": false, ""branch_complexity_proxy"": 0, ""c_array"": false, ""call_count"": 6, ""callback"": false, ""calloc"": false, ""conditional_compilation"": true, ""explicit_abi_boundary"": false, ""extern_declaration"": false, ""extern_or_abi_boundary"": false, ""flexible_array"": false, ""free"": false, ""function_pointer"": false, ""generated_source"": false, ""global_read"": false, ""global_write"": false, ""goto"": false, ""lexical_ambiguity"": false, ""longjmp"": false, ""macro_density"": 0.0, ""macro_generated_declaration"": false, ""macro_use"": false, ""malloc"": false, ""memcpy"": false, ""memmove"": false, ""memset"": false, ""mutable_global"": false, ""parameter_count"": 3, ""platform_specific"": false, ""pointer_arithmetic"": false, ""pointer_count"": 0, ""pointer_to_pointer"": false, ""raw_pointer_parameter"": false, ""raw_pointer_return"": false, ""realloc"": false, ""setjmp"": false, ""static_local"": false, ""syscall"": false, ""third_party"": false, ""union"": false, ""va_list"": false, ""variadic"": false, ""void_pointer"": false}",TRIVIAL,no_significant_detected_blocker,"[""conditional_compilation""]",medium
2,redis-plus-plus,397f9c7be0eb82ce92545f259a7f66ab992bd7ee,src/sw/redis++/command.h,2175,2183,function,xgroup_delconsumer,9,"{""bitfield"": false, ""branch_complexity_proxy"": 0, ""c_array"": false, ""call_count"": 8, ""callback"": false, ""calloc"": false, ""conditional_compilation"": true, ""explicit_abi_boundary"": false, ""extern_declaration"": false, ""extern_or_abi_boundary"": false, ""flexible_array"": false, ""free"": false, ""function_pointer"": false, ""generated_source"": false, ""global_read"": false, ""global_write"": false, ""goto"": false, ""lexical_ambiguity"": false, ""longjmp"": false, ""macro_density"": 0.0, ""macro_generated_declaration"": false, ""macro_use"": false, ""malloc"": false, ""memcpy"": false, ""memmove"": false, ""memset"": false, ""mutable_global"": false, ""parameter_count"": 4, ""platform_specific"": false, ""pointer_arithmetic"": false, ""pointer_count"": 0, ""pointer_to_pointer"": false, ""raw_pointer_parameter"": false, ""raw_pointer_return"": false, ""realloc"": false, ""setjmp"": false, ""static_local"": false, ""syscall"": false, ""third_party"": false, ""union"": false, ""va_list"": false, ""variadic"": false, ""void_pointer"": false}",TRIVIAL,no_significant_detected_blocker,"[""conditional_compilation""]",medium
2,redis-plus-plus,397f9c7be0eb82ce92545f259a7f66ab992bd7ee,src/sw/redis++/command.h,2185,2187,function,xlen,3,"{""bitfield"": false, ""branch_complexity_proxy"": 0, ""c_array"": false, ""call_count"": 4, ""callback"": false, ""calloc"": false, ""conditional_compilation"": true, ""explicit_abi_boundary"": false, ""extern_declaration"": false, ""extern_or_abi_boundary"": false, ""flexible_array"": false, ""free"": false, ""function_pointer"": false, ""generated_source"": false, ""global_read"": false, ""global_write"": false, ""goto"": false, ""lexical_ambiguity"": false, ""longjmp"": false, ""macro_density"": 0.0, ""macro_generated_declaration"": false, ""macro_use"": false, ""malloc"": false, ""memcpy"": false, ""memmove"": false, ""memset"": false, ""mutable_global"": false, ""parameter_count"": 2, ""platform_specific"": false, ""pointer_arithmetic"": false, ""pointer_count"": 0, ""pointer_to_pointer"": false, ""raw_pointer_parameter"": false, ""raw_pointer_return"": false, ""realloc"": false, ""setjmp"": false, ""static_local"": false, ""syscall"": false, ""third_party"": false, ""union"": false, ""va_list"": false, ""variadic"": false, ""void_pointer"": false}",TRIVIAL,no_significant_detected_blocker,"[""conditional_compilation""]",medium
2,redis-plus-plus,397f9c7be0eb82ce92545f259a7f66ab992bd7ee,src/sw/redis++/command.h,2189,2193,function,xpending,5,"{""bitfield"": false, ""branch_complexity_proxy"": 0, ""c_array"": false, ""call_count"": 6, ""callback"": false, ""calloc"": false, ""conditional_compilation"": true, ""explicit_abi_boundary"": false, ""extern_declaration"": false, ""extern_or_abi_boundary"": false, ""flexible_array"": false, ""free"": false, ""function_pointer"": false, ""generated_source"": false, ""global_read"": false, ""global_write"": false, ""goto"": false, ""lexical_ambiguity"": false, ""longjmp"": false, ""macro_density"": 0.0, ""macro_generated_declaration"": false, ""macro_use"": false, ""malloc"": false, ""memcpy"": false, ""memmove"": false, ""memset"": false, ""mutable_global"": false, ""parameter_count"": 3, ""platform_specific"": false, ""pointer_arithmetic"": false, ""pointer_count"": 0, ""pointer_to_pointer"": false, ""raw_pointer_parameter"": false, ""raw_pointer_return"": false, ""realloc"": false, ""setjmp"": false, ""static_local"": false, ""syscall"": false, ""third_party"": false, ""union"": false, ""va_list"": false, ""variadic"": false, ""void_pointer"": false}",TRIVIAL,no_significant_detected_blocker,"[""conditional_compilation""]",medium
2,redis-plus-plus,397f9c7be0eb82ce92545f259a7f66ab992bd7ee,src/sw/redis++/command.h,2195,2207,function,xpending_detail,13,"{""bitfield"": false, ""branch_complexity_proxy"": 0, ""c_array"": false, ""call_count"": 10, ""callback"": false, ""calloc"": false, ""conditional_compilation"": true, ""explicit_abi_boundary"": false, ""extern_declaration"": false, ""extern_or_abi_boundary"": false, ""flexible_array"": false, ""free"": false, ""function_pointer"": false, ""generated_source"": false, ""global_read"": false, ""global_write"": false, ""goto"": false, ""lexical_ambiguity"": false, ""longjmp"": false, ""macro_density"": 0.0, ""macro_generated_declaration"": false, ""macro_use"": false, ""malloc"": false, ""memcpy"": false, ""memmove"": false, ""memset"": false, ""mutable_global"": false, ""parameter_count"": 6, ""platform_specific"": false, ""pointer_arithmetic"": false, ""pointer_count"": 0, ""pointer_to_pointer"": false, ""raw_pointer_parameter"": false, ""raw_pointer_return"": false, ""realloc"": false, ""setjmp"": false, ""static_local"": false, ""syscall"": false, ""third_party"": false, ""union"": false, ""va_list"": false, ""variadic"": false, ""void_pointer"": false}",TRIVIAL,no_significant_detected_blocker,"[""conditional_compilation""]",medium
2,redis-plus-plus,397f9c7be0eb82ce92545f259a7f66ab992bd7ee,src/sw/redis++/command.h,2209,2223,function,xpending_per_consumer,15,"{""bitfield"": false, ""branch_complexity_proxy"": 0, ""c_array"": false, ""call_count"": 12, ""callback"": false, ""calloc"": false, ""conditional_compilation"": true, ""explicit_abi_boundary"": false, ""extern_declaration"": false, ""extern_or_abi_boundary"": false, ""flexible_array"": false, ""free"": false, ""function_pointer"": false, ""generated_source"": false, ""global_read"": false, ""global_write"": false, ""goto"": false, ""lexical_ambiguity"": false, ""longjmp"": false, ""macro_density"": 0.0, ""macro_generated_declaration"": false, ""macro_use"": false, ""malloc"": false, ""memcpy"": false, ""memmove"": false, ""memset"": false, ""mutable_global"": false, ""parameter_count"": 7, ""platform_specific"": false, ""pointer_arithmetic"": false, ""pointer_count"": 0, ""pointer_to_pointer"": false, ""raw_pointer_parameter"": false, ""raw_pointer_return"": false, ""realloc"": false, ""setjmp"": false, ""static_local"": false, ""syscall"": false, ""third_party"": false, ""union"": false, ""va_list"": false, ""variadic"": false, ""void_pointer"": false}",TRIVIAL,no_significant_detected_blocker,"[""conditional_compilation""]",medium
2,redis-plus-plus,397f9c7be0eb82ce92545f259a7f66ab992bd7ee,src/sw/redis++/command.h,2225,2233,function,xrange,9,"{""bitfield"": false, ""branch_complexity_proxy"": 0, ""c_array"": false, ""call_count"": 8, ""callback"": false, ""calloc"": false, ""conditional_compilation"": true, ""explicit_abi_boundary"": false, ""extern_declaration"": false, ""extern_or_abi_boundary"": false, ""flexible_array"": false, ""free"": false, ""function_pointer"": false, ""generated_source"": false, ""global_read"": false, ""global_write"": false, ""goto"": false, ""lexical_ambiguity"": false, ""longjmp"": false, ""macro_density"": 0.0, ""macro_generated_declaration"": false, ""macro_use"": false, ""malloc"": false, ""memcpy"": false, ""memmove"": false, ""memset"": false, ""mutable_global"": false, ""parameter_count"": 4, ""platform_specific"": false, ""pointer_arithmetic"": false, ""pointer_count"": 0, ""pointer_to_pointer"": false, ""raw_pointer_parameter"": false, ""raw_pointer_return"": false, ""realloc"": false, ""setjmp"": false, ""static_local"": false, ""syscall"": false, ""third_party"": false, ""union"": false, ""va_list"": false, ""variadic"": false, ""void_pointer"": false}",TRIVIAL,no_significant_detected_blocker,"[""conditional_compilation""]",medium
2,redis-plus-plus,397f9c7be0eb82ce92545f259a7f66ab992bd7ee,src/sw/redis++/command.h,2235,2245,function,xrange_count,11,"{""bitfield"": false, ""branch_complexity_proxy"": 0, ""c_array"": false, ""call_count"": 8, ""callback"": false, ""calloc"": false, ""conditional_compilation"": true, ""explicit_abi_boundary"": false, ""extern_declaration"": false, ""extern_or_abi_boundary"": false, ""flexible_array"": false, ""free"": false, ""function_pointer"": false, ""generated_source"": false, ""global_read"": false, ""global_write"": false, ""goto"": false, ""lexical_ambiguity"": false, ""longjmp"": false, ""macro_density"": 0.0, ""macro_generated_declaration"": false, ""macro_use"": false, ""malloc"": false, ""memcpy"": false, ""memmove"": false, ""memset"": false, ""mutable_global"": false, ""parameter_count"": 5, ""platform_specific"": false, ""pointer_arithmetic"": false, ""pointer_count"": 0, ""pointer_to_pointer"": false, ""raw_pointer_parameter"": false, ""raw_pointer_return"": false, ""realloc"": false, ""setjmp"": false, ""static_local"": false, ""syscall"": false, ""third_party"": false, ""union"": false, ""va_list"": false, ""variadic"": false, ""void_pointer"": false}",TRIVIAL,no_significant_detected_blocker,"[""conditional_compilation""]",medium
2,redis-plus-plus,397f9c7be0eb82ce92545f259a7f66ab992bd7ee,src/sw/redis++/command.h,2247,2255,function,xread,9,"{""bitfield"": false, ""branch_complexity_proxy"": 0, ""c_array"": false, ""call_count"": 6, ""callback"": false, ""calloc"": false, ""conditional_compilation"": true, ""explicit_abi_boundary"": false, ""extern_declaration"": false, ""extern_or_abi_boundary"": false, ""flexible_array"": false, ""free"": false, ""function_pointer"": false, ""generated_source"": false, ""global_read"": false, ""global_write"": false, ""goto"": false, ""lexical_ambiguity"": false, ""longjmp"": false, ""macro_density"": 0.0, ""macro_generated_declaration"": false, ""macro_use"": false, ""malloc"": false, ""memcpy"": false, ""memmove"": false, ""memset"": false, ""mutable_global"": false, ""parameter_count"": 4, ""platform_specific"": false, ""pointer_arithmetic"": false, ""pointer_count"": 0, ""pointer_to_pointer"": false, ""raw_pointer_parameter"": false, ""raw_pointer_return"": false, ""realloc"": false, ""setjmp"": false, ""static_local"": false, ""syscall"": false, ""third_party"": false, ""union"": false, ""va_list"": false, ""variadic"": false, ""void_pointer"": false}",TRIVIAL,no_significant_detected_blocker,"[""conditional_compilation""]",medium
2,redis-plus-plus,397f9c7be0eb82ce92545f259a7f66ab992bd7ee,src/sw/redis++/command.h,2258,2271,function,xread_range,14,"{""bitfield"": false, ""branch_complexity_proxy"": 2, ""c_array"": false, ""call_count"": 4, ""callback"": false, ""calloc"": false, ""conditional_compilation"": true, ""explicit_abi_boundary"": false, ""extern_declaration"": false, ""extern_or_abi_boundary"": false, ""flexible_array"": false, ""free"": false, ""function_pointer"": false, ""generated_source"": false, ""global_read"": false, ""global_write"": false, ""goto"": false, ""lexical_ambiguity"": false, ""longjmp"": false, ""macro_density"": 0.0, ""macro_generated_declaration"": false, ""macro_use"": false, ""malloc"": false, ""memcpy"": false, ""memmove"": false, ""memset"": false, ""mutable_global"": false, ""parameter_count"": 4, ""platform_specific"": false, ""pointer_arithmetic"": false, ""pointer_count"": 0, ""pointer_to_pointer"": false, ""raw_pointer_parameter"": false, ""raw_pointer_return"": false, ""realloc"": false, ""setjmp"": false, ""static_local"": false, ""syscall"": false, ""third_party"": false, ""union"": false, ""va_list"": false, ""variadic"": false, ""void_pointer"": false}",TRIVIAL,no_significant_detected_blocker,"[""conditional_compilation""]",medium
2,redis-plus-plus,397f9c7be0eb82ce92545f259a7f66ab992bd7ee,src/sw/redis++/command.h,2273,2283,function,xread_block,11,"{""bitfield"": false, ""branch_complexity_proxy"": 0, ""c_array"": false, ""call_count"": 6, ""callback"": false, ""calloc"": false, ""conditional_compilation"": true, ""explicit_abi_boundary"": false, ""extern_declaration"": false, ""extern_or_abi_boundary"": false, ""flexible_array"": false, ""free"": false, ""function_pointer"": false, ""generated_source"": false, ""global_read"": false, ""global_write"": false, ""goto"": false, ""lexical_ambiguity"": false, ""longjmp"": false, ""macro_density"": 0.0, ""macro_generated_declaration"": false, ""macro_use"": false, ""malloc"": false, ""memcpy"": false, ""memmove"": false, ""memset"": false, ""mutable_global"": false, ""parameter_count"": 5, ""platform_specific"": false, ""pointer_arithmetic"": false, ""pointer_count"": 0, ""pointer_to_pointer"": false, ""raw_pointer_parameter"": false, ""raw_pointer_return"": false, ""realloc"": false, ""setjmp"": false, ""static_local"": false, ""syscall"": false, ""third_party"": false, ""union"": false, ""va_list"": false, ""variadic"": false, ""void_pointer"": false}",TRIVIAL,no_significant_detected_blocker,"[""conditional_compilation""]",medium
2,redis-plus-plus,397f9c7be0eb82ce92545f259a7f66ab992bd7ee,src/sw/redis++/command.h,2286,2303,function,xread_block_range,18,"{""bitfield"": false, ""branch_complexity_proxy"": 2, ""c_array"": false, ""call_count"": 4, ""callback"": false, ""calloc"": false, ""conditional_compilation"": true, ""explicit_abi_boundary"": false, ""extern_declaration"": false, ""extern_or_abi_boundary"": false, ""flexible_array"": false, ""free"": false, ""function_pointer"": false, ""generated_source"": false, ""global_read"": false, ""global_write"": false, ""goto"": false, ""lexical_ambiguity"": false, ""longjmp"": false, ""macro_density"": 0.0, ""macro_generated_declaration"": false, ""macro_use"": false, ""malloc"": false, ""memcpy"": false, ""memmove"": false, ""memset"": false, ""mutable_global"": false, ""parameter_count"": 5, ""platform_specific"": false, ""pointer_arithmetic"": false, ""pointer_count"": 0, ""pointer_to_pointer"": false, ""raw_pointer_parameter"": false, ""raw_pointer_return"": false, ""realloc"": false, ""setjmp"": false, ""static_local"": false, ""syscall"": false, ""third_party"": false, ""union"": false, ""va_list"": false, ""variadic"": false, ""void_pointer"": false}",TRIVIAL,no_significant_detected_blocker,"[""conditional_compilation""]",medium
2,redis-plus-plus,397f9c7be0eb82ce92545f259a7f66ab992bd7ee,src/sw/redis++/command.h,2305,2322,function,xreadgroup,18,"{""bitfield"": false, ""branch_complexity_proxy"": 1, ""c_array"": false, ""call_count"": 3, ""callback"": false, ""calloc"": false, ""conditional_compilation"": true, ""explicit_abi_boundary"": false, ""extern_declaration"": false, ""extern_or_abi_boundary"": false, ""flexible_array"": false, ""free"": false, ""function_pointer"": false, ""generated_source"": false, ""global_read"": false, ""global_write"": false, ""goto"": false, ""lexical_ambiguity"": false, ""longjmp"": false, ""macro_density"": 0.0, ""macro_generated_declaration"": false, ""macro_use"": false, ""malloc"": false, ""memcpy"": false, ""memmove"": false, ""memset"": false, ""mutable_global"": false, ""parameter_count"": 7, ""platform_specific"": false, ""pointer_arithmetic"": false, ""pointer_count"": 0, ""pointer_to_pointer"": false, ""raw_pointer_parameter"": false, ""raw_pointer_return"": false, ""realloc"": false, ""setjmp"": false, ""static_local"": false, ""syscall"": false, ""third_party"": false, ""union"": false, ""va_list"": false, ""variadic"": false, ""void_pointer"": false}",TRIVIAL,no_significant_detected_blocker,"[""conditional_compilation""]",medium
2,redis-plus-plus,397f9c7be0eb82ce92545f259a7f66ab992bd7ee,src/sw/redis++/command.h,2325,2350,function,xreadgroup_range,26,"{""bitfield"": false, ""branch_complexity_proxy"": 3, ""c_array"": false, ""call_count"": 5, ""callback"": false, ""calloc"": false, ""conditional_compilation"": true, ""explicit_abi_boundary"": false, ""extern_declaration"": false, ""extern_or_abi_boundary"": false, ""flexible_array"": false, ""free"": false, ""function_pointer"": false, ""generated_source"": false, ""global_read"": false, ""global_write"": false, ""goto"": false, ""lexical_ambiguity"": false, ""longjmp"": false, ""macro_density"": 0.0, ""macro_generated_declaration"": false, ""macro_use"": false, ""malloc"": false, ""memcpy"": false, ""memmove"": false, ""memset"": false, ""mutable_global"": false, ""parameter_count"": 7, ""platform_specific"": false, ""pointer_arithmetic"": false, ""pointer_count"": 0, ""pointer_to_pointer"": false, ""raw_pointer_parameter"": false, ""raw_pointer_return"": false, ""realloc"": false, ""setjmp"": false, ""static_local"": false, ""syscall"": false, ""third_party"": false, ""union"": false, ""va_list"": false, ""variadic"": false, ""void_pointer"": false}",TRIVIAL,no_significant_detected_blocker,"[""conditional_compilation""]",medium
2,redis-plus-plus,397f9c7be0eb82ce92545f259a7f66ab992bd7ee,src/sw/redis++/command.h,2352,2371,function,xreadgroup_block,20,"{""bitfield"": false, ""branch_complexity_proxy"": 1, ""c_array"": false, ""call_count"": 3, ""callback"": false, ""calloc"": false, ""conditional_compilation"": true, ""explicit_abi_boundary"": false, ""extern_declaration"": false, ""extern_or_abi_boundary"": false, ""flexible_array"": false, ""free"": false, ""function_pointer"": false, ""generated_source"": false, ""global_read"": false, ""global_write"": false, ""goto"": false, ""lexical_ambiguity"": false, ""longjmp"": false, ""macro_density"": 0.0, ""macro_generated_declaration"": false, ""macro_use"": false, ""malloc"": false, ""memcpy"": false, ""memmove"": false, ""memset"": false, ""mutable_global"": false, ""parameter_count"": 8, ""platform_specific"": false, ""pointer_arithmetic"": false, ""pointer_count"": 0, ""pointer_to_pointer"": false, ""raw_pointer_parameter"": false, ""raw_pointer_return"": false, ""realloc"": false, ""setjmp"": false, ""static_local"": false, ""syscall"": false, ""third_party"": false, ""union"": false, ""va_list"": false, ""variadic"": false, ""void_pointer"": false}",TRIVIAL,no_significant_detected_blocker,"[""conditional_compilation""]",medium
2,redis-plus-plus,397f9c7be0eb82ce92545f259a7f66ab992bd7ee,src/sw/redis++/command.h,2374,2401,function,xreadgroup_block_range,28,"{""bitfield"": false, ""branch_complexity_proxy"": 3, ""c_array"": false, ""call_count"": 5, ""callback"": false, ""calloc"": false, ""conditional_compilation"": true, ""explicit_abi_boundary"": false, ""extern_declaration"": false, ""extern_or_abi_boundary"": false, ""flexible_array"": false, ""free"": false, ""function_pointer"": false, ""generated_source"": false, ""global_read"": false, ""global_write"": false, ""goto"": false, ""lexical_ambiguity"": false, ""longjmp"": false, ""macro_density"": 0.0, ""macro_generated_declaration"": false, ""macro_use"": false, ""malloc"": false, ""memcpy"": false, ""memmove"": false, ""memset"": false, ""mutable_global"": false, ""parameter_count"": 8, ""platform_specific"": false, ""pointer_arithmetic"": false, ""pointer_count"": 0, ""pointer_to_pointer"": false, ""raw_pointer_parameter"": false, ""raw_pointer_return"": false, ""realloc"": false, ""setjmp"": false, ""static_local"": false, ""syscall"": false, ""third_party"": false, ""union"": false, ""va_list"": false, ""variadic"": false, ""void_pointer"": false}",TRIVIAL,no_significant_detected_blocker,"[""conditional_compilation""]",medium
2,redis-plus-plus,397f9c7be0eb82ce92545f259a7f66ab992bd7ee,src/sw/redis++/command.h,2403,2411,function,xrevrange,9,"{""bitfield"": false, ""branch_complexity_proxy"": 0, ""c_array"": false, ""call_count"": 8, ""callback"": false, ""calloc"": false, ""conditional_compilation"": true, ""explicit_abi_boundary"": false, ""extern_declaration"": false, ""extern_or_abi_boundary"": false, ""flexible_array"": false, ""free"": false, ""function_pointer"": false, ""generated_source"": false, ""global_read"": false, ""global_write"": false, ""goto"": false, ""lexical_ambiguity"": false, ""longjmp"": false, ""macro_density"": 0.0, ""macro_generated_declaration"": false, ""macro_use"": false, ""malloc"": false, ""memcpy"": false, ""memmove"": false, ""memset"": false, ""mutable_global"": false, ""parameter_count"": 4, ""platform_specific"": false, ""pointer_arithmetic"": false, ""pointer_count"": 0, ""pointer_to_pointer"": false, ""raw_pointer_parameter"": false, ""raw_pointer_return"": false, ""realloc"": false, ""setjmp"": false, ""static_local"": false, ""syscall"": false, ""third_party"": false, ""union"": false, ""va_list"": false, ""variadic"": false, ""void_pointer"": false}",TRIVIAL,no_significant_detected_blocker,"[""conditional_compilation""]",medium
2,redis-plus-plus,397f9c7be0eb82ce92545f259a7f66ab992bd7ee,src/sw/redis++/command.h,2413,2423,function,xrevrange_count,11,"{""bitfield"": false, ""branch_complexity_proxy"": 0, ""c_array"": false, ""call_count"": 8, ""callback"": false, ""calloc"": false, ""conditional_compilation"": true, ""explicit_abi_boundary"": false, ""extern_declaration"": false, ""extern_or_abi_boundary"": false, ""flexible_array"": false, ""free"": false, ""function_pointer"": false, ""generated_source"": false, ""global_read"": false, ""global_write"": false, ""goto"": false, ""lexical_ambiguity"": false, ""longjmp"": false, ""macro_density"": 0.0, ""macro_generated_declaration"": false, ""macro_use"": false, ""malloc"": false, ""memcpy"": false, ""memmove"": false, ""memset"": false, ""mutable_global"": false, ""parameter_count"": 5, ""platform_specific"": false, ""pointer_arithmetic"": false, ""pointer_count"": 0, ""pointer_to_pointer"": false, ""raw_pointer_parameter"": false, ""raw_pointer_return"": false, ""realloc"": false, ""setjmp"": false, ""static_local"": false, ""syscall"": false, ""third_party"": false, ""union"": false, ""va_list"": false, ""variadic"": false, ""void_pointer"": false}",TRIVIAL,no_significant_detected_blocker,"[""conditional_compilation""]",medium
2,redis-plus-plus,397f9c7be0eb82ce92545f259a7f66ab992bd7ee,src/sw/redis++/command.h,2446,2459,function,zinterstore,14,"{""bitfield"": false, ""branch_complexity_proxy"": 0, ""c_array"": false, ""call_count"": 5, ""callback"": false, ""calloc"": false, ""conditional_compilation"": true, ""explicit_abi_boundary"": false, ""extern_declaration"": false, ""extern_or_abi_boundary"": false, ""flexible_array"": false, ""free"": false, ""function_pointer"": false, ""generated_source"": false, ""global_read"": false, ""global_write"": false, ""goto"": false, ""lexical_ambiguity"": false, ""longjmp"": false, ""macro_density"": 0.0, ""macro_generated_declaration"": false, ""macro_use"": false, ""malloc"": false, ""memcpy"": false, ""memmove"": false, ""memset"": false, ""mutable_global"": false, ""parameter_count"": 6, ""platform_specific"": false, ""pointer_arithmetic"": false, ""pointer_count"": 0, ""pointer_to_pointer"": false, ""raw_pointer_parameter"": false, ""raw_pointer_return"": false, ""realloc"": false, ""setjmp"": false, ""static_local"": false, ""syscall"": false, ""third_party"": false, ""union"": false, ""va_list"": false, ""variadic"": false, ""void_pointer"": false}",TRIVIAL,no_significant_detected_blocker,"[""conditional_compilation""]",medium
2,redis-plus-plus,397f9c7be0eb82ce92545f259a7f66ab992bd7ee,src/sw/redis++/command.h,2462,2484,function,zinterstore,23,"{""bitfield"": false, ""branch_complexity_proxy"": 2, ""c_array"": false, ""call_count"": 6, ""callback"": false, ""calloc"": false, ""conditional_compilation"": true, ""explicit_abi_boundary"": false, ""extern_declaration"": false, ""extern_or_abi_boundary"": false, ""flexible_array"": false, ""free"": false, ""function_pointer"": false, ""generated_source"": false, ""global_read"": false, ""global_write"": false, ""goto"": false, ""lexical_ambiguity"": false, ""longjmp"": false, ""macro_density"": 0.0, ""macro_generated_declaration"": false, ""macro_use"": false, ""malloc"": false, ""memcpy"": false, ""memmove"": false, ""memset"": false, ""mutable_global"": false, ""parameter_count"": 6, ""platform_specific"": false, ""pointer_arithmetic"": false, ""pointer_count"": 0, ""pointer_to_pointer"": false, ""raw_pointer_parameter"": false, ""raw_pointer_return"": false, ""realloc"": false, ""setjmp"": false, ""static_local"": false, ""syscall"": false, ""third_party"": false, ""union"": false, ""va_list"": false, ""variadic"": false, ""void_pointer"": false}",TRIVIAL,no_significant_detected_blocker,"[""conditional_compilation""]",medium
2,redis-plus-plus,397f9c7be0eb82ce92545f259a7f66ab992bd7ee,src/sw/redis++/command.h,2487,2500,function,zunionstore,14,"{""bitfield"": false, ""branch_complexity_proxy"": 0, ""c_array"": false, ""call_count"": 5, ""callback"": false, ""calloc"": false, ""conditional_compilation"": true, ""explicit_abi_boundary"": false, ""extern_declaration"": false, ""extern_or_abi_boundary"": false, ""flexible_array"": false, ""free"": false, ""function_pointer"": false, ""generated_source"": false, ""global_read"": false, ""global_write"": false, ""goto"": false, ""lexical_ambiguity"": false, ""longjmp"": false, ""macro_density"": 0.0, ""macro_generated_declaration"": false, ""macro_use"": false, ""malloc"": false, ""memcpy"": false, ""memmove"": false, ""memset"": false, ""mutable_global"": false, ""parameter_count"": 6, ""platform_specific"": false, ""pointer_arithmetic"": false, ""pointer_count"": 0, ""pointer_to_pointer"": false, ""raw_pointer_parameter"": false, ""raw_pointer_return"": false, ""realloc"": false, ""setjmp"": false, ""static_local"": false, ""syscall"": false, ""third_party"": false, ""union"": false, ""va_list"": false, ""variadic"": false, ""void_pointer"": false}",TRIVIAL,no_significant_detected_blocker,"[""conditional_compilation""]",medium
2,redis-plus-plus,397f9c7be0eb82ce92545f259a7f66ab992bd7ee,src/sw/redis++/command.h,2503,2525,function,zunionstore,23,"{""bitfield"": false, ""branch_complexity_proxy"": 2, ""c_array"": false, ""call_count"": 6, ""callback"": false, ""calloc"": false, ""conditional_compilation"": true, ""explicit_abi_boundary"": false, ""extern_declaration"": false, ""extern_or_abi_boundary"": false, ""flexible_array"": false, ""free"": false, ""function_pointer"": false, ""generated_source"": false, ""global_read"": false, ""global_write"": false, ""goto"": false, ""lexical_ambiguity"": false, ""longjmp"": false, ""macro_density"": 0.0, ""macro_generated_declaration"": false, ""macro_use"": false, ""malloc"": false, ""memcpy"": false, ""memmove"": false, ""memset"": false, ""mutable_global"": false, ""parameter_count"": 6, ""platform_specific"": false, ""pointer_arithmetic"": false, ""pointer_count"": 0, ""pointer_to_pointer"": false, ""raw_pointer_parameter"": false, ""raw_pointer_return"": false, ""realloc"": false, ""setjmp"": false, ""static_local"": false, ""syscall"": false, ""third_party"": false, ""union"": false, ""va_list"": false, ""variadic"": false, ""void_pointer"": false}",TRIVIAL,no_significant_detected_blocker,"[""conditional_compilation""]",medium
2,redis-plus-plus,397f9c7be0eb82ce92545f259a7f66ab992bd7ee,src/sw/redis++/command.h,2571,2585,function,bitop_range,15,"{""bitfield"": false, ""branch_complexity_proxy"": 0, ""c_array"": false, ""call_count"": 5, ""callback"": false, ""calloc"": false, ""conditional_compilation"": true, ""explicit_abi_boundary"": false, ""extern_declaration"": false, ""extern_or_abi_boundary"": false, ""flexible_array"": false, ""free"": false, ""function_pointer"": false, ""generated_source"": false, ""global_read"": false, ""global_write"": false, ""goto"": false, ""lexical_ambiguity"": false, ""longjmp"": false, ""macro_density"": 0.0, ""macro_generated_declaration"": false, ""macro_use"": false, ""malloc"": false, ""memcpy"": false, ""memmove"": false, ""memset"": false, ""mutable_global"": false, ""parameter_count"": 5, ""platform_specific"": false, ""pointer_arithmetic"": false, ""pointer_count"": 0, ""pointer_to_pointer"": false, ""raw_pointer_parameter"": false, ""raw_pointer_return"": false, ""realloc"": false, ""setjmp"": false, ""static_local"": false, ""syscall"": false, ""third_party"": false, ""union"": false, ""va_list"": false, ""variadic"": false, ""void_pointer"": false}",TRIVIAL,no_significant_detected_blocker,"[""conditional_compilation""]",medium
2,redis-plus-plus,397f9c7be0eb82ce92545f259a7f66ab992bd7ee,src/sw/redis++/command.h,2588,2613,function,zadd_range,26,"{""bitfield"": false, ""branch_complexity_proxy"": 2, ""c_array"": false, ""call_count"": 6, ""callback"": false, ""calloc"": false, ""conditional_compilation"": true, ""explicit_abi_boundary"": false, ""extern_declaration"": false, ""extern_or_abi_boundary"": false, ""flexible_array"": false, ""free"": false, ""function_pointer"": false, ""generated_source"": false, ""global_read"": false, ""global_write"": false, ""goto"": false, ""lexical_ambiguity"": false, ""longjmp"": false, ""macro_density"": 0.0, ""macro_generated_declaration"": false, ""macro_use"": false, ""malloc"": false, ""memcpy"": false, ""memmove"": false, ""memset"": false, ""mutable_global"": false, ""parameter_count"": 6, ""platform_specific"": false, ""pointer_arithmetic"": false, ""pointer_count"": 0, ""pointer_to_pointer"": false, ""raw_pointer_parameter"": false, ""raw_pointer_return"": false, ""realloc"": false, ""setjmp"": false, ""static_local"": false, ""syscall"": false, ""third_party"": false, ""union"": false, ""va_list"": false, ""variadic"": false, ""void_pointer"": false}",TRIVIAL,no_significant_detected_blocker,"[""conditional_compilation""]",medium
2,redis-plus-plus,397f9c7be0eb82ce92545f259a7f66ab992bd7ee,src/sw/redis++/command.h,2616,2629,function,zinterstore_range,14,"{""bitfield"": false, ""branch_complexity_proxy"": 0, ""c_array"": false, ""call_count"": 4, ""callback"": false, ""calloc"": false, ""conditional_compilation"": true, ""explicit_abi_boundary"": false, ""extern_declaration"": false, ""extern_or_abi_boundary"": false, ""flexible_array"": false, ""free"": false, ""function_pointer"": false, ""generated_source"": false, ""global_read"": false, ""global_write"": false, ""goto"": false, ""lexical_ambiguity"": false, ""longjmp"": false, ""macro_density"": 0.0, ""macro_generated_declaration"": false, ""macro_use"": false, ""malloc"": false, ""memcpy"": false, ""memmove"": false, ""memset"": false, ""mutable_global"": false, ""parameter_count"": 5, ""platform_specific"": false, ""pointer_arithmetic"": false, ""pointer_count"": 0, ""pointer_to_pointer"": false, ""raw_pointer_parameter"": false, ""raw_pointer_return"": false, ""realloc"": false, ""setjmp"": false, ""static_local"": false, ""syscall"": false, ""third_party"": false, ""union"": false, ""va_list"": false, ""variadic"": false, ""void_pointer"": false}",TRIVIAL,no_significant_detected_blocker,"[""conditional_compilation""]",medium
2,redis-plus-plus,397f9c7be0eb82ce92545f259a7f66ab992bd7ee,src/sw/redis++/command.h,2632,2645,function,zunionstore_range,14,"{""bitfield"": false, ""branch_complexity_proxy"": 0, ""c_array"": false, ""call_count"": 4, ""callback"": false, ""calloc"": false, ""conditional_compilation"": true, ""explicit_abi_boundary"": false, ""extern_declaration"": false, ""extern_or_abi_boundary"": false, ""flexible_array"": false, ""free"": false, ""function_pointer"": false, ""generated_source"": false, ""global_read"": false, ""global_write"": false, ""goto"": false, ""lexical_ambiguity"": false, ""longjmp"": false, ""macro_density"": 0.0, ""macro_generated_declaration"": false, ""macro_use"": false, ""malloc"": false, ""memcpy"": false, ""memmove"": false, ""memset"": false, ""mutable_global"": false, ""parameter_count"": 5, ""platform_specific"": false, ""pointer_arithmetic"": false, ""pointer_count"": 0, ""pointer_to_pointer"": false, ""raw_pointer_parameter"": false, ""raw_pointer_return"": false, ""realloc"": false, ""setjmp"": false, ""static_local"": false, ""syscall"": false, ""third_party"": false, ""union"": false, ""va_list"": false, ""variadic"": false, ""void_pointer"": false}",TRIVIAL,no_significant_detected_blocker,"[""conditional_compilation""]",medium
2,redis-plus-plus,397f9c7be0eb82ce92545f259a7f66ab992bd7ee,src/sw/redis++/command_options.h,27,31,enum,class,5,"{""bitfield"": false, ""branch_complexity_proxy"": 0, ""c_array"": false, ""call_count"": 0, ""callback"": false, ""calloc"": false, ""conditional_compilation"": true, ""explicit_abi_boundary"": false, ""extern_declaration"": false, ""extern_or_abi_boundary"": false, ""flexible_array"": false, ""free"": false, ""function_pointer"": false, ""generated_source"": false, ""global_read"": false, ""global_write"": false, ""goto"": false, ""lexical_ambiguity"": false, ""longjmp"": false, ""macro_density"": 0.0, ""macro_generated_declaration"": false, ""macro_use"": false, ""malloc"": false, ""memcpy"": false, ""memmove"": false, ""memset"": false, ""mutable_global"": false, ""parameter_count"": 0, ""platform_specific"": false, ""pointer_arithmetic"": false, ""pointer_count"": 0, ""pointer_to_pointer"": false, ""raw_pointer_parameter"": false, ""raw_pointer_return"": false, ""realloc"": false, ""setjmp"": false, ""static_local"": false, ""syscall"": false, ""third_party"": false, ""union"": false, ""va_list"": false, ""variadic"": false, ""void_pointer"": false}",TRIVIAL,no_significant_detected_blocker,"[""conditional_compilation""]",medium
2,redis-plus-plus,397f9c7be0eb82ce92545f259a7f66ab992bd7ee,src/sw/redis++/command_options.h,33,36,enum,class,4,"{""bitfield"": false, ""branch_complexity_proxy"": 0, ""c_array"": false, ""call_count"": 0, ""callback"": false, ""calloc"": false, ""conditional_compilation"": true, ""explicit_abi_boundary"": false, ""extern_declaration"": false, ""extern_or_abi_boundary"": false, ""flexible_array"": false, ""free"": false, ""function_pointer"": false, ""generated_source"": false, ""global_read"": false, ""global_write"": false, ""goto"": false, ""lexical_ambiguity"": false, ""longjmp"": false, ""macro_density"": 0.0, ""macro_generated_declaration"": false, ""macro_use"": false, ""malloc"": false, ""memcpy"": false, ""memmove"": false, ""memset"": false, ""mutable_global"": false, ""parameter_count"": 0, ""platform_specific"": false, ""pointer_arithmetic"": false, ""pointer_count"": 0, ""pointer_to_pointer"": false, ""raw_pointer_parameter"": false, ""raw_pointer_return"": false, ""realloc"": false, ""setjmp"": false, ""static_local"": false, ""syscall"": false, ""third_party"": false, ""union"": false, ""va_list"": false, ""variadic"": false, ""void_pointer"": false}",TRIVIAL,no_significant_detected_blocker,"[""conditional_compilation""]",medium
2,redis-plus-plus,397f9c7be0eb82ce92545f259a7f66ab992bd7ee,src/sw/redis++/command_options.h,38,41,enum,class,4,"{""bitfield"": false, ""branch_complexity_proxy"": 0, ""c_array"": false, ""call_count"": 0, ""callback"": false, ""calloc"": false, ""conditional_compilation"": true, ""explicit_abi_boundary"": false, ""extern_declaration"": false, ""extern_or_abi_boundary"": false, ""flexible_array"": false, ""free"": false, ""function_pointer"": false, ""generated_source"": false, ""global_read"": false, ""global_write"": false, ""goto"": false, ""lexical_ambiguity"": false, ""longjmp"": false, ""macro_density"": 0.0, ""macro_generated_declaration"": false, ""macro_use"": false, ""malloc"": false, ""memcpy"": false, ""memmove"": false, ""memset"": false, ""mutable_global"": false, ""parameter_count"": 0, ""platform_specific"": false, ""pointer_arithmetic"": false, ""pointer_count"": 0, ""pointer_to_pointer"": false, ""raw_pointer_parameter"": false, ""raw_pointer_return"": false, ""realloc"": false, ""setjmp"": false, ""static_local"": false, ""syscall"": false, ""third_party"": false, ""union"": false, ""va_list"": false, ""variadic"": false, ""void_pointer"": false}",TRIVIAL,no_significant_detected_blocker,"[""conditional_compilation""]",medium
2,redis-plus-plus,397f9c7be0eb82ce92545f259a7f66ab992bd7ee,src/sw/redis++/command_options.h,43,48,enum,class,6,"{""bitfield"": false, ""branch_complexity_proxy"": 0, ""c_array"": false, ""call_count"": 0, ""callback"": false, ""calloc"": false, ""conditional_compilation"": true, ""explicit_abi_boundary"": false, ""extern_declaration"": false, ""extern_or_abi_boundary"": false, ""flexible_array"": false, ""free"": false, ""function_pointer"": false, ""generated_source"": false, ""global_read"": false, ""global_write"": false, ""goto"": false, ""lexical_ambiguity"": false, ""longjmp"": false, ""macro_density"": 0.0, ""macro_generated_declaration"": false, ""macro_use"": false, ""malloc"": false, ""memcpy"": false, ""memmove"": false, ""memset"": false, ""mutable_global"": false, ""parameter_count"": 0, ""platform_specific"": false, ""pointer_arithmetic"": false, ""pointer_count"": 0, ""pointer_to_pointer"": false, ""raw_pointer_parameter"": false, ""raw_pointer_return"": false, ""realloc"": false, ""setjmp"": false, ""static_local"": false, ""syscall"": false, ""third_party"": false, ""union"": false, ""va_list"": false, ""variadic"": false, ""void_pointer"": false}",TRIVIAL,no_significant_detected_blocker,"[""conditional_compilation""]",medium
2,redis-plus-plus,397f9c7be0eb82ce92545f259a7f66ab992bd7ee,src/sw/redis++/command_options.h,178,181,struct,LimitOptions,4,"{""bitfield"": false, ""branch_complexity_proxy"": 0, ""c_array"": false, ""call_count"": 0, ""callback"": false, ""calloc"": false, ""conditional_compilation"": true, ""explicit_abi_boundary"": false, ""extern_declaration"": false, ""extern_or_abi_boundary"": false, ""flexible_array"": false, ""free"": false, ""function_pointer"": false, ""generated_source"": false, ""global_read"": false, ""global_write"": false, ""goto"": false, ""lexical_ambiguity"": false, ""longjmp"": false, ""macro_density"": 0.0, ""macro_generated_declaration"": false, ""macro_use"": false, ""malloc"": false, ""memcpy"": false, ""memmove"": false, ""memset"": false, ""mutable_global"": false, ""parameter_count"": 0, ""platform_specific"": false, ""pointer_arithmetic"": false, ""pointer_count"": 0, ""pointer_to_pointer"": false, ""raw_pointer_parameter"": false, ""raw_pointer_return"": false, ""realloc"": false, ""setjmp"": false, ""static_local"": false, ""syscall"": false, ""third_party"": false, ""union"": false, ""va_list"": false, ""variadic"": false, ""void_pointer"": false}",TRIVIAL,no_significant_detected_blocker,"[""conditional_compilation""]",medium
2,redis-plus-plus,397f9c7be0eb82ce92545f259a7f66ab992bd7ee,src/sw/redis++/command_options.h,183,187,enum,class,5,"{""bitfield"": false, ""branch_complexity_proxy"": 0, ""c_array"": false, ""call_count"": 0, ""callback"": false, ""calloc"": false, ""conditional_compilation"": true, ""explicit_abi_boundary"": false, ""extern_declaration"": false, ""extern_or_abi_boundary"": false, ""flexible_array"": false, ""free"": false, ""function_pointer"": false, ""generated_source"": false, ""global_read"": false, ""global_write"": false, ""goto"": false, ""lexical_ambiguity"": false, ""longjmp"": false, ""macro_density"": 0.0, ""macro_generated_declaration"": false, ""macro_use"": false, ""malloc"": false, ""memcpy"": false, ""memmove"": false, ""memset"": false, ""mutable_global"": false, ""parameter_count"": 0, ""platform_specific"": false, ""pointer_arithmetic"": false, ""pointer_count"": 0, ""pointer_to_pointer"": false, ""raw_pointer_parameter"": false, ""raw_pointer_return"": false, ""realloc"": false, ""setjmp"": false, ""static_local"": false, ""syscall"": false, ""third_party"": false, ""union"": false, ""va_list"": false, ""variadic"": false, ""void_pointer"": false}",TRIVIAL,no_significant_detected_blocker,"[""conditional_compilation""]",medium
2,redis-plus-plus,397f9c7be0eb82ce92545f259a7f66ab992bd7ee,src/sw/redis++/command_options.h,189,194,enum,class,6,"{""bitfield"": false, ""branch_complexity_proxy"": 0, ""c_array"": false, ""call_count"": 0, ""callback"": false, ""calloc"": false, ""conditional_compilation"": true, ""explicit_abi_boundary"": false, ""extern_declaration"": false, ""extern_or_abi_boundary"": false, ""flexible_array"": false, ""free"": false, ""function_pointer"": false, ""generated_source"": false, ""global_read"": false, ""global_write"": false, ""goto"": false, ""lexical_ambiguity"": false, ""longjmp"": false, ""macro_density"": 0.0, ""macro_generated_declaration"": false, ""macro_use"": false, ""malloc"": false, ""memcpy"": false, ""memmove"": false, ""memset"": false, ""mutable_global"": false, ""parameter_count"": 0, ""platform_specific"": false, ""pointer_arithmetic"": false, ""pointer_count"": 0, ""pointer_to_pointer"": false, ""raw_pointer_parameter"": false, ""raw_pointer_return"": false, ""realloc"": false, ""setjmp"": false, ""static_local"": false, ""syscall"": false, ""third_party"": false, ""union"": false, ""va_list"": false, ""variadic"": false, ""void_pointer"": false}",TRIVIAL,no_significant_detected_blocker,"[""conditional_compilation""]",medium
2,redis-plus-plus,397f9c7be0eb82ce92545f259a7f66ab992bd7ee,src/sw/redis++/command_options.h,196,201,enum,class,6,"{""bitfield"": false, ""branch_complexity_proxy"": 0, ""c_array"": false, ""call_count"": 0, ""callback"": false, ""calloc"": false, ""conditional_compilation"": true, ""explicit_abi_boundary"": false, ""extern_declaration"": false, ""extern_or_abi_boundary"": false, ""flexible_array"": false, ""free"": false, ""function_pointer"": false, ""generated_source"": false, ""global_read"": false, ""global_write"": false, ""goto"": false, ""lexical_ambiguity"": false, ""longjmp"": false, ""macro_density"": 0.0, ""macro_generated_declaration"": false, ""macro_use"": false, ""malloc"": false, ""memcpy"": false, ""memmove"": false, ""memset"": false, ""mutable_global"": false, ""parameter_count"": 0, ""platform_specific"": false, ""pointer_arithmetic"": false, ""pointer_count"": 0, ""pointer_to_pointer"": false, ""raw_pointer_parameter"": false, ""raw_pointer_return"": false, ""realloc"": false, ""setjmp"": false, ""static_local"": false, ""syscall"": false, ""third_party"": false, ""union"": false, ""va_list"": false, ""variadic"": false, ""void_pointer"": false}",TRIVIAL,no_significant_detected_blocker,"[""conditional_compilation""]",medium
2,redis-plus-plus,397f9c7be0eb82ce92545f259a7f66ab992bd7ee,src/sw/redis++/command_options.h,203,206,enum,class,4,"{""bitfield"": false, ""branch_complexity_proxy"": 0, ""c_array"": false, ""call_count"": 0, ""callback"": false, ""calloc"": false, ""conditional_compilation"": true, ""explicit_abi_boundary"": false, ""extern_declaration"": false, ""extern_or_abi_boundary"": false, ""flexible_array"": false, ""free"": false, ""function_pointer"": false, ""generated_source"": false, ""global_read"": false, ""global_write"": false, ""goto"": false, ""lexical_ambiguity"": false, ""longjmp"": false, ""macro_density"": 0.0, ""macro_generated_declaration"": false, ""macro_use"": false, ""malloc"": false, ""memcpy"": false, ""memmove"": false, ""memset"": false, ""mutable_global"": false, ""parameter_count"": 0, ""platform_specific"": false, ""pointer_arithmetic"": false, ""pointer_count"": 0, ""pointer_to_pointer"": false, ""raw_pointer_parameter"": false, ""raw_pointer_return"": false, ""realloc"": false, ""setjmp"": false, ""static_local"": false, ""syscall"": false, ""third_party"": false, ""union"": false, ""va_list"": false, ""variadic"": false, ""void_pointer"": false}",TRIVIAL,no_significant_detected_blocker,"[""conditional_compilation""]",medium
2,redis-plus-plus,397f9c7be0eb82ce92545f259a7f66ab992bd7ee,src/sw/redis++/command_options.h,209,209,struct,WithCoord,1,"{""bitfield"": false, ""branch_complexity_proxy"": 0, ""c_array"": false, ""call_count"": 0, ""callback"": false, ""calloc"": false, ""conditional_compilation"": true, ""explicit_abi_boundary"": false, ""extern_declaration"": false, ""extern_or_abi_boundary"": false, ""flexible_array"": false, ""free"": false, ""function_pointer"": false, ""generated_source"": false, ""global_read"": false, ""global_write"": false, ""goto"": false, ""lexical_ambiguity"": false, ""longjmp"": false, ""macro_density"": 0.0, ""macro_generated_declaration"": false, ""macro_use"": false, ""malloc"": false, ""memcpy"": false, ""memmove"": false, ""memset"": false, ""mutable_global"": false, ""parameter_count"": 0, ""platform_specific"": false, ""pointer_arithmetic"": false, ""pointer_count"": 0, ""pointer_to_pointer"": false, ""raw_pointer_parameter"": false, ""raw_pointer_return"": false, ""realloc"": false, ""setjmp"": false, ""static_local"": false, ""syscall"": false, ""third_party"": false, ""union"": false, ""va_list"": false, ""variadic"": false, ""void_pointer"": false}",TRIVIAL,no_significant_detected_blocker,"[""conditional_compilation""]",medium
2,redis-plus-plus,397f9c7be0eb82ce92545f259a7f66ab992bd7ee,src/sw/redis++/command_options.h,212,212,struct,WithDist,1,"{""bitfield"": false, ""branch_complexity_proxy"": 0, ""c_array"": false, ""call_count"": 0, ""callback"": false, ""calloc"": false, ""conditional_compilation"": true, ""explicit_abi_boundary"": false, ""extern_declaration"": false, ""extern_or_abi_boundary"": false, ""flexible_array"": false, ""free"": false, ""function_pointer"": false, ""generated_source"": false, ""global_read"": false, ""global_write"": false, ""goto"": false, ""lexical_ambiguity"": false, ""longjmp"": false, ""macro_density"": 0.0, ""macro_generated_declaration"": false, ""macro_use"": false, ""malloc"": false, ""memcpy"": false, ""memmove"": false, ""memset"": false, ""mutable_global"": false, ""parameter_count"": 0, ""platform_specific"": false, ""pointer_arithmetic"": false, ""pointer_count"": 0, ""pointer_to_pointer"": false, ""raw_pointer_parameter"": false, ""raw_pointer_return"": false, ""realloc"": false, ""setjmp"": false, ""static_local"": false, ""syscall"": false, ""third_party"": false, ""union"": false, ""va_list"": false, ""variadic"": false, ""void_pointer"": false}",TRIVIAL,no_significant_detected_blocker,"[""conditional_compilation""]",medium
2,redis-plus-plus,397f9c7be0eb82ce92545f259a7f66ab992bd7ee,src/sw/redis++/command_options.h,215,215,struct,WithHash,1,"{""bitfield"": false, ""branch_complexity_proxy"": 0, ""c_array"": false, ""call_count"": 0, ""callback"": false, ""calloc"": false, ""conditional_compilation"": true, ""explicit_abi_boundary"": false, ""extern_declaration"": false, ""extern_or_abi_boundary"": false, ""flexible_array"": false, ""free"": false, ""function_pointer"": false, ""generated_source"": false, ""global_read"": false, ""global_write"": false, ""goto"": false, ""lexical_ambiguity"": false, ""longjmp"": false, ""macro_density"": 0.0, ""macro_generated_declaration"": false, ""macro_use"": false, ""malloc"": false, ""memcpy"": false, ""memmove"": false, ""memset"": false, ""mutable_global"": false, ""parameter_count"": 0, ""platform_specific"": false, ""pointer_arithmetic"": false, ""pointer_count"": 0, ""pointer_to_pointer"": false, ""raw_pointer_parameter"": false, ""raw_pointer_return"": false, ""realloc"": false, ""setjmp"": false, ""static_local"": false, ""syscall"": false, ""third_party"": false, ""union"": false, ""va_list"": false, ""variadic"": false, ""void_pointer"": false}",TRIVIAL,no_significant_detected_blocker,"[""conditional_compilation""]",medium
2,redis-plus-plus,397f9c7be0eb82ce92545f259a7f66ab992bd7ee,src/sw/redis++/command_options.h,219,223,enum,class,5,"{""bitfield"": false, ""branch_complexity_proxy"": 0, ""c_array"": false, ""call_count"": 0, ""callback"": false, ""calloc"": false, ""conditional_compilation"": true, ""explicit_abi_boundary"": false, ""extern_declaration"": false, ""extern_or_abi_boundary"": false, ""flexible_array"": false, ""free"": false, ""function_pointer"": false, ""generated_source"": false, ""global_read"": false, ""global_write"": false, ""goto"": false, ""lexical_ambiguity"": false, ""longjmp"": false, ""macro_density"": 0.0, ""macro_generated_declaration"": false, ""macro_use"": false, ""malloc"": false, ""memcpy"": false, ""memmove"": false, ""memset"": false, ""mutable_global"": false, ""parameter_count"": 0, ""platform_specific"": false, ""pointer_arithmetic"": false, ""pointer_count"": 0, ""pointer_to_pointer"": false, ""raw_pointer_parameter"": false, ""raw_pointer_return"": false, ""realloc"": false, ""setjmp"": false, ""static_local"": false, ""syscall"": false, ""third_party"": false, ""union"": false, ""va_list"": false, ""variadic"": false, ""void_pointer"": false}",TRIVIAL,no_significant_detected_blocker,"[""conditional_compilation""]",medium
2,redis-plus-plus,397f9c7be0eb82ce92545f259a7f66ab992bd7ee,src/sw/redis++/command_options.h,225,231,enum,class,7,"{""bitfield"": false, ""branch_complexity_proxy"": 0, ""c_array"": false, ""call_count"": 0, ""callback"": false, ""calloc"": false, ""conditional_compilation"": true, ""explicit_abi_boundary"": false, ""extern_declaration"": false, ""extern_or_abi_boundary"": false, ""flexible_array"": false, ""free"": false, ""function_pointer"": false, ""generated_source"": false, ""global_read"": false, ""global_write"": false, ""goto"": false, ""lexical_ambiguity"": false, ""longjmp"": false, ""macro_density"": 0.0, ""macro_generated_declaration"": false, ""macro_use"": false, ""malloc"": false, ""memcpy"": false, ""memmove"": false, ""memset"": false, ""mutable_global"": false, ""parameter_count"": 0, ""platform_specific"": false, ""pointer_arithmetic"": false, ""pointer_count"": 0, ""pointer_to_pointer"": false, ""raw_pointer_parameter"": false, ""raw_pointer_return"": false, ""realloc"": false, ""setjmp"": false, ""static_local"": false, ""syscall"": false, ""third_party"": false, ""union"": false, ""va_list"": false, ""variadic"": false, ""void_pointer"": false}",TRIVIAL,no_significant_detected_blocker,"[""conditional_compilation""]",medium
2,redis-plus-plus,397f9c7be0eb82ce92545f259a7f66ab992bd7ee,src/sw/redis++/connection.h,39,42,enum,class,4,"{""bitfield"": false, ""branch_complexity_proxy"": 0, ""c_array"": false, ""call_count"": 0, ""callback"": false, ""calloc"": false, ""conditional_compilation"": true, ""explicit_abi_boundary"": false, ""extern_declaration"": false, ""extern_or_abi_boundary"": false, ""flexible_array"": false, ""free"": false, ""function_pointer"": false, ""generated_source"": false, ""global_read"": false, ""global_write"": false, ""goto"": false, ""lexical_ambiguity"": false, ""longjmp"": false, ""macro_density"": 0.0, ""macro_generated_declaration"": false, ""macro_use"": false, ""malloc"": false, ""memcpy"": false, ""memmove"": false, ""memset"": false, ""mutable_global"": false, ""parameter_count"": 0, ""platform_specific"": false, ""pointer_arithmetic"": false, ""pointer_count"": 0, ""pointer_to_pointer"": false, ""raw_pointer_parameter"": false, ""raw_pointer_return"": false, ""realloc"": false, ""setjmp"": false, ""static_local"": false, ""syscall"": false, ""third_party"": false, ""union"": false, ""va_list"": false, ""variadic"": false, ""void_pointer"": false}",TRIVIAL,no_significant_detected_blocker,"[""conditional_compilation""]",medium
2,redis-plus-plus,397f9c7be0eb82ce92545f259a7f66ab992bd7ee,src/sw/redis++/connection.h,44,94,struct,ConnectionOptions,51,"{""bitfield"": false, ""branch_complexity_proxy"": 0, ""c_array"": false, ""call_count"": 5, ""callback"": false, ""calloc"": false, ""conditional_compilation"": true, ""explicit_abi_boundary"": false, ""extern_declaration"": false, ""extern_or_abi_boundary"": false, ""flexible_array"": false, ""free"": false, ""function_pointer"": false, ""generated_source"": false, ""global_read"": false, ""global_write"": false, ""goto"": false, ""lexical_ambiguity"": false, ""longjmp"": false, ""macro_density"": 0.039216, ""macro_generated_declaration"": false, ""macro_use"": false, ""malloc"": false, ""memcpy"": false, ""memmove"": false, ""memset"": false, ""mutable_global"": false, ""parameter_count"": 0, ""platform_specific"": false, ""pointer_arithmetic"": false, ""pointer_count"": 0, ""pointer_to_pointer"": false, ""raw_pointer_parameter"": false, ""raw_pointer_return"": false, ""realloc"": false, ""setjmp"": false, ""static_local"": false, ""syscall"": false, ""third_party"": false, ""union"": false, ""va_list"": false, ""variadic"": false, ""void_pointer"": false}",TRIVIAL,no_significant_detected_blocker,"[""conditional_compilation""]",medium
2,redis-plus-plus,397f9c7be0eb82ce92545f259a7f66ab992bd7ee,src/sw/redis++/connection.h,159,159,struct,Dummy,1,"{""bitfield"": false, ""branch_complexity_proxy"": 0, ""c_array"": false, ""call_count"": 0, ""callback"": false, ""calloc"": false, ""conditional_compilation"": true, ""explicit_abi_boundary"": false, ""extern_declaration"": false, ""extern_or_abi_boundary"": false, ""flexible_array"": false, ""free"": false, ""function_pointer"": false, ""generated_source"": false, ""global_read"": false, ""global_write"": false, ""goto"": false, ""lexical_ambiguity"": false, ""longjmp"": false, ""macro_density"": 0.0, ""macro_generated_declaration"": false, ""macro_use"": false, ""malloc"": false, ""memcpy"": false, ""memmove"": false, ""memset"": false, ""mutable_global"": false, ""parameter_count"": 0, ""platform_specific"": false, ""pointer_arithmetic"": false, ""pointer_count"": 0, ""pointer_to_pointer"": false, ""raw_pointer_parameter"": false, ""raw_pointer_return"": false, ""realloc"": false, ""setjmp"": false, ""static_local"": false, ""syscall"": false, ""third_party"": false, ""union"": false, ""va_list"": false, ""variadic"": false, ""void_pointer"": false}",TRIVIAL,no_significant_detected_blocker,"[""conditional_compilation""]",medium
2,redis-plus-plus,397f9c7be0eb82ce92545f259a7f66ab992bd7ee,src/sw/redis++/connection.h,167,173,struct,ContextDeleter,7,"{""bitfield"": false, ""branch_complexity_proxy"": 1, ""c_array"": false, ""call_count"": 3, ""callback"": false, ""calloc"": false, ""conditional_compilation"": true, ""explicit_abi_boundary"": false, ""extern_declaration"": false, ""extern_or_abi_boundary"": false, ""flexible_array"": false, ""free"": false, ""function_pointer"": false, ""generated_source"": false, ""global_read"": false, ""global_write"": false, ""goto"": false, ""lexical_ambiguity"": false, ""longjmp"": false, ""macro_density"": 0.0, ""macro_generated_declaration"": false, ""macro_use"": false, ""malloc"": false, ""memcpy"": false, ""memmove"": false, ""memset"": false, ""mutable_global"": false, ""parameter_count"": 0, ""platform_specific"": false, ""pointer_arithmetic"": false, ""pointer_count"": 1, ""pointer_to_pointer"": false, ""raw_pointer_parameter"": false, ""raw_pointer_return"": false, ""realloc"": false, ""setjmp"": false, ""static_local"": false, ""syscall"": false, ""third_party"": false, ""union"": false, ""va_list"": false, ""variadic"": false, ""void_pointer"": false}",TRIVIAL,no_significant_detected_blocker,"[""conditional_compilation""]",medium
2,redis-plus-plus,397f9c7be0eb82ce92545f259a7f66ab992bd7ee,src/sw/redis++/connection.h,208,211,enum,class,4,"{""bitfield"": false, ""branch_complexity_proxy"": 0, ""c_array"": false, ""call_count"": 0, ""callback"": false, ""calloc"": false, ""conditional_compilation"": true, ""explicit_abi_boundary"": false, ""extern_declaration"": false, ""extern_or_abi_boundary"": false, ""flexible_array"": false, ""free"": false, ""function_pointer"": false, ""generated_source"": false, ""global_read"": false, ""global_write"": false, ""goto"": false, ""lexical_ambiguity"": false, ""longjmp"": false, ""macro_density"": 0.0, ""macro_generated_declaration"": false, ""macro_use"": false, ""malloc"": false, ""memcpy"": false, ""memmove"": false, ""memset"": false, ""mutable_global"": false, ""parameter_count"": 0, ""platform_specific"": false, ""pointer_arithmetic"": false, ""pointer_count"": 0, ""pointer_to_pointer"": false, ""raw_pointer_parameter"": false, ""raw_pointer_return"": false, ""realloc"": false, ""setjmp"": false, ""static_local"": false, ""syscall"": false, ""third_party"": false, ""union"": false, ""va_list"": false, ""variadic"": false, ""void_pointer"": false}",TRIVIAL,no_significant_detected_blocker,"[""conditional_compilation""]",medium
2,redis-plus-plus,397f9c7be0eb82ce92545f259a7f66ab992bd7ee,src/sw/redis++/connection_pool.h,33,45,struct,ConnectionPoolOptions,13,"{""bitfield"": false, ""branch_complexity_proxy"": 0, ""c_array"": false, ""call_count"": 0, ""callback"": false, ""calloc"": false, ""conditional_compilation"": true, ""explicit_abi_boundary"": false, ""extern_declaration"": false, ""extern_or_abi_boundary"": false, ""flexible_array"": false, ""free"": false, ""function_pointer"": false, ""generated_source"": false, ""global_read"": false, ""global_write"": false, ""goto"": false, ""lexical_ambiguity"": false, ""longjmp"": false, ""macro_density"": 0.0, ""macro_generated_declaration"": false, ""macro_use"": false, ""malloc"": false, ""memcpy"": false, ""memmove"": false, ""memset"": false, ""mutable_global"": false, ""parameter_count"": 0, ""platform_specific"": false, ""pointer_arithmetic"": false, ""pointer_count"": 0, ""pointer_to_pointer"": false, ""raw_pointer_parameter"": false, ""raw_pointer_return"": false, ""realloc"": false, ""setjmp"": false, ""static_local"": false, ""syscall"": false, ""third_party"": false, ""union"": false, ""va_list"": false, ""variadic"": false, ""void_pointer"": false}",TRIVIAL,no_significant_detected_blocker,"[""conditional_compilation""]",medium
2,redis-plus-plus,397f9c7be0eb82ce92545f259a7f66ab992bd7ee,src/sw/redis++/connection_pool.h,93,96,function,_update_connection_opts,4,"{""bitfield"": false, ""branch_complexity_proxy"": 0, ""c_array"": false, ""call_count"": 1, ""callback"": false, ""calloc"": false, ""conditional_compilation"": true, ""explicit_abi_boundary"": false, ""extern_declaration"": false, ""extern_or_abi_boundary"": false, ""flexible_array"": false, ""free"": false, ""function_pointer"": false, ""generated_source"": false, ""global_read"": false, ""global_write"": false, ""goto"": false, ""lexical_ambiguity"": false, ""longjmp"": false, ""macro_density"": 0.0, ""macro_generated_declaration"": false, ""macro_use"": false, ""malloc"": false, ""memcpy"": false, ""memmove"": false, ""memset"": false, ""mutable_global"": false, ""parameter_count"": 2, ""platform_specific"": false, ""pointer_arithmetic"": false, ""pointer_count"": 0, ""pointer_to_pointer"": false, ""raw_pointer_parameter"": false, ""raw_pointer_return"": false, ""realloc"": false, ""setjmp"": false, ""static_local"": false, ""syscall"": false, ""third_party"": false, ""union"": false, ""va_list"": false, ""variadic"": false, ""void_pointer"": false}",TRIVIAL,no_significant_detected_blocker,"[""conditional_compilation""]",medium
2,redis-plus-plus,397f9c7be0eb82ce92545f259a7f66ab992bd7ee,src/sw/redis++/connection_pool.h,121,123,function,SafeConnection,3,"{""bitfield"": false, ""branch_complexity_proxy"": 0, ""c_array"": false, ""call_count"": 6, ""callback"": false, ""calloc"": false, ""conditional_compilation"": true, ""explicit_abi_boundary"": false, ""extern_declaration"": false, ""extern_or_abi_boundary"": false, ""flexible_array"": false, ""free"": false, ""function_pointer"": false, ""generated_source"": false, ""global_read"": false, ""global_write"": false, ""goto"": false, ""lexical_ambiguity"": false, ""longjmp"": false, ""macro_density"": 0.0, ""macro_generated_declaration"": false, ""macro_use"": false, ""malloc"": false, ""memcpy"": false, ""memmove"": false, ""memset"": false, ""mutable_global"": false, ""parameter_count"": 2, ""platform_specific"": false, ""pointer_arithmetic"": false, ""pointer_count"": 0, ""pointer_to_pointer"": false, ""raw_pointer_parameter"": false, ""raw_pointer_return"": false, ""realloc"": false, ""setjmp"": false, ""static_local"": false, ""syscall"": false, ""third_party"": false, ""union"": false, ""va_list"": false, ""variadic"": false, ""void_pointer"": false}",TRIVIAL,no_significant_detected_blocker,"[""conditional_compilation""]",medium
2,redis-plus-plus,397f9c7be0eb82ce92545f259a7f66ab992bd7ee,src/sw/redis++/connection_pool.h,148,151,function,GuardedConnection,4,"{""bitfield"": false, ""branch_complexity_proxy"": 0, ""c_array"": false, ""call_count"": 6, ""callback"": false, ""calloc"": false, ""conditional_compilation"": true, ""explicit_abi_boundary"": false, ""extern_declaration"": false, ""extern_or_abi_boundary"": false, ""flexible_array"": false, ""free"": false, ""function_pointer"": false, ""generated_source"": false, ""global_read"": false, ""global_write"": false, ""goto"": false, ""lexical_ambiguity"": false, ""longjmp"": false, ""macro_density"": 0.0, ""macro_generated_declaration"": false, ""macro_use"": false, ""malloc"": false, ""memcpy"": false, ""memmove"": false, ""memset"": false, ""mutable_global"": false, ""parameter_count"": 2, ""platform_specific"": false, ""pointer_arithmetic"": false, ""pointer_count"": 0, ""pointer_to_pointer"": false, ""raw_pointer_parameter"": false, ""raw_pointer_return"": false, ""realloc"": false, ""setjmp"": false, ""static_local"": false, ""syscall"": false, ""third_party"": false, ""union"": false, ""va_list"": false, ""variadic"": false, ""void_pointer"": false}",TRIVIAL,no_significant_detected_blocker,"[""conditional_compilation""]",medium
2,redis-plus-plus,397f9c7be0eb82ce92545f259a7f66ab992bd7ee,src/sw/redis++/crc16.cpp,87,92,function,crc16,6,"{""bitfield"": false, ""branch_complexity_proxy"": 1, ""c_array"": false, ""call_count"": 2, ""callback"": false, ""calloc"": false, ""conditional_compilation"": false, ""explicit_abi_boundary"": false, ""extern_declaration"": false, ""extern_or_abi_boundary"": false, ""flexible_array"": false, ""free"": false, ""function_pointer"": false, ""generated_source"": false, ""global_read"": false, ""global_write"": false, ""goto"": false, ""lexical_ambiguity"": false, ""longjmp"": false, ""macro_density"": 0.0, ""macro_generated_declaration"": false, ""macro_use"": false, ""malloc"": false, ""memcpy"": false, ""memmove"": false, ""memset"": false, ""mutable_global"": false, ""parameter_count"": 2, ""platform_specific"": false, ""pointer_arithmetic"": false, ""pointer_count"": 2, ""pointer_to_pointer"": false, ""raw_pointer_parameter"": true, ""raw_pointer_return"": false, ""realloc"": false, ""setjmp"": false, ""static_local"": false, ""syscall"": false, ""third_party"": false, ""union"": false, ""va_list"": false, ""variadic"": false, ""void_pointer"": false}",TRIVIAL,no_significant_detected_blocker,"[""raw_pointer_parameter""]",medium
2,redis-plus-plus,397f9c7be0eb82ce92545f259a7f66ab992bd7ee,src/sw/redis++/cxx11/sw/redis++/cxx_utils.h,37,37,function,StringView,1,"{""bitfield"": false, ""branch_complexity_proxy"": 0, ""c_array"": false, ""call_count"": 3, ""callback"": false, ""calloc"": false, ""conditional_compilation"": true, ""explicit_abi_boundary"": false, ""extern_declaration"": false, ""extern_or_abi_boundary"": false, ""flexible_array"": false, ""free"": false, ""function_pointer"": false, ""generated_source"": false, ""global_read"": false, ""global_write"": false, ""goto"": false, ""lexical_ambiguity"": false, ""longjmp"": false, ""macro_density"": 0.0, ""macro_generated_declaration"": false, ""macro_use"": false, ""malloc"": false, ""memcpy"": false, ""memmove"": false, ""memset"": false, ""mutable_global"": false, ""parameter_count"": 3, ""platform_specific"": false, ""pointer_arithmetic"": false, ""pointer_count"": 1, ""pointer_to_pointer"": false, ""raw_pointer_parameter"": true, ""raw_pointer_return"": false, ""realloc"": false, ""setjmp"": false, ""static_local"": false, ""syscall"": false, ""third_party"": false, ""union"": false, ""va_list"": false, ""variadic"": false, ""void_pointer"": false}",TRIVIAL,no_significant_detected_blocker,"[""conditional_compilation"", ""raw_pointer_parameter""]",medium
2,redis-plus-plus,397f9c7be0eb82ce92545f259a7f66ab992bd7ee,src/sw/redis++/cxx11/sw/redis++/cxx_utils.h,78,78,function,Optional,1,"{""bitfield"": false, ""branch_complexity_proxy"": 0, ""c_array"": false, ""call_count"": 3, ""callback"": false, ""calloc"": false, ""conditional_compilation"": true, ""explicit_abi_boundary"": false, ""extern_declaration"": false, ""extern_or_abi_boundary"": false, ""flexible_array"": false, ""free"": false, ""function_pointer"": false, ""generated_source"": false, ""global_read"": false, ""global_write"": false, ""goto"": false, ""lexical_ambiguity"": false, ""longjmp"": false, ""macro_density"": 0.0, ""macro_generated_declaration"": false, ""macro_use"": false, ""malloc"": false, ""memcpy"": false, ""memmove"": false, ""memset"": false, ""mutable_global"": false, ""parameter_count"": 2, ""platform_specific"": false, ""pointer_arithmetic"": false, ""pointer_count"": 0, ""pointer_to_pointer"": false, ""raw_pointer_parameter"": false, ""raw_pointer_return"": false, ""realloc"": false, ""setjmp"": false, ""static_local"": false, ""syscall"": false, ""third_party"": false, ""union"": false, ""va_list"": false, ""variadic"": true, ""void_pointer"": false}",NEEDS_TRANSPILER,variadic,[],medium
2,redis-plus-plus,397f9c7be0eb82ce92545f259a7f66ab992bd7ee,src/sw/redis++/cxx11/sw/redis++/cxx_utils.h,113,116,struct,IsInvocable,4,"{""bitfield"": false, ""branch_complexity_proxy"": 0, ""c_array"": false, ""call_count"": 1, ""callback"": false, ""calloc"": false, ""conditional_compilation"": true, ""explicit_abi_boundary"": false, ""extern_declaration"": false, ""extern_or_abi_boundary"": false, ""flexible_array"": false, ""free"": false, ""function_pointer"": false, ""generated_source"": false, ""global_read"": false, ""global_write"": false, ""goto"": false, ""lexical_ambiguity"": false, ""longjmp"": false, ""macro_density"": 0.0, ""macro_generated_declaration"": false, ""macro_use"": false, ""malloc"": false, ""memcpy"": false, ""memmove"": false, ""memset"": false, ""mutable_global"": false, ""parameter_count"": 0, ""platform_specific"": false, ""pointer_arithmetic"": false, ""pointer_count"": 0, ""pointer_to_pointer"": false, ""raw_pointer_parameter"": false, ""raw_pointer_return"": false, ""realloc"": false, ""setjmp"": false, ""static_local"": false, ""syscall"": false, ""third_party"": false, ""union"": false, ""va_list"": false, ""variadic"": false, ""void_pointer"": false}",TRIVIAL,no_significant_detected_blocker,"[""conditional_compilation""]",medium
2,redis-plus-plus,397f9c7be0eb82ce92545f259a7f66ab992bd7ee,src/sw/redis++/errors.h,28,32,enum,ReplyErrorType,5,"{""bitfield"": false, ""branch_complexity_proxy"": 0, ""c_array"": false, ""call_count"": 0, ""callback"": false, ""calloc"": false, ""conditional_compilation"": true, ""explicit_abi_boundary"": false, ""extern_declaration"": false, ""extern_or_abi_boundary"": false, ""flexible_array"": false, ""free"": false, ""function_pointer"": false, ""generated_source"": false, ""global_read"": false, ""global_write"": false, ""goto"": false, ""lexical_ambiguity"": false, ""longjmp"": false, ""macro_density"": 0.0, ""macro_generated_declaration"": false, ""macro_use"": false, ""malloc"": false, ""memcpy"": false, ""memmove"": false, ""memset"": false, ""mutable_global"": false, ""parameter_count"": 0, ""platform_specific"": false, ""pointer_arithmetic"": false, ""pointer_count"": 0, ""pointer_to_pointer"": false, ""raw_pointer_parameter"": false, ""raw_pointer_return"": false, ""realloc"": false, ""setjmp"": false, ""static_local"": false, ""syscall"": false, ""third_party"": false, ""union"": false, ""va_list"": false, ""variadic"": false, ""void_pointer"": false}",TRIVIAL,no_significant_detected_blocker,"[""conditional_compilation""]",medium
2,redis-plus-plus,397f9c7be0eb82ce92545f259a7f66ab992bd7ee,src/sw/redis++/errors.h,36,36,function,Error,1,"{""bitfield"": false, ""branch_complexity_proxy"": 0, ""c_array"": false, ""call_count"": 2, ""callback"": false, ""calloc"": false, ""conditional_compilation"": true, ""explicit_abi_boundary"": false, ""extern_declaration"": false, ""extern_or_abi_boundary"": false, ""flexible_array"": false, ""free"": false, ""function_pointer"": false, ""generated_source"": false, ""global_read"": false, ""global_write"": false, ""goto"": false, ""lexical_ambiguity"": false, ""longjmp"": false, ""macro_density"": 0.0, ""macro_generated_declaration"": false, ""macro_use"": false, ""malloc"": false, ""memcpy"": false, ""memmove"": false, ""memset"": false, ""mutable_global"": false, ""parameter_count"": 1, ""platform_specific"": false, ""pointer_arithmetic"": false, ""pointer_count"": 0, ""pointer_to_pointer"": false, ""raw_pointer_parameter"": false, ""raw_pointer_return"": false, ""realloc"": false, ""setjmp"": false, ""static_local"": false, ""syscall"": false, ""third_party"": false, ""union"": false, ""va_list"": false, ""variadic"": false, ""void_pointer"": false}",TRIVIAL,no_significant_detected_blocker,"[""conditional_compilation""]",medium
2,redis-plus-plus,397f9c7be0eb82ce92545f259a7f66ab992bd7ee,src/sw/redis++/errors.h,56,56,function,IoError,1,"{""bitfield"": false, ""branch_complexity_proxy"": 0, ""c_array"": false, ""call_count"": 2, ""callback"": false, ""calloc"": false, ""conditional_compilation"": true, ""explicit_abi_boundary"": false, ""extern_declaration"": false, ""extern_or_abi_boundary"": false, ""flexible_array"": false, ""free"": false, ""function_pointer"": false, ""generated_source"": false, ""global_read"": false, ""global_write"": false, ""goto"": false, ""lexical_ambiguity"": false, ""longjmp"": false, ""macro_density"": 0.0, ""macro_generated_declaration"": false, ""macro_use"": false, ""malloc"": false, ""memcpy"": false, ""memmove"": false, ""memset"": false, ""mutable_global"": false, ""parameter_count"": 1, ""platform_specific"": false, ""pointer_arithmetic"": false, ""pointer_count"": 0, ""pointer_to_pointer"": false, ""raw_pointer_parameter"": false, ""raw_pointer_return"": false, ""realloc"": false, ""setjmp"": false, ""static_local"": false, ""syscall"": false, ""third_party"": false, ""union"": false, ""va_list"": false, ""variadic"": false, ""void_pointer"": false}",TRIVIAL,no_significant_detected_blocker,"[""conditional_compilation""]",medium
2,redis-plus-plus,397f9c7be0eb82ce92545f259a7f66ab992bd7ee,src/sw/redis++/errors.h,69,69,function,TimeoutError,1,"{""bitfield"": false, ""branch_complexity_proxy"": 0, ""c_array"": false, ""call_count"": 2, ""callback"": false, ""calloc"": false, ""conditional_compilation"": true, ""explicit_abi_boundary"": false, ""extern_declaration"": false, ""extern_or_abi_boundary"": false, ""flexible_array"": false, ""free"": false, ""function_pointer"": false, ""generated_source"": false, ""global_read"": false, ""global_write"": false, ""goto"": false, ""lexical_ambiguity"": false, ""longjmp"": false, ""macro_density"": 0.0, ""macro_generated_declaration"": false, ""macro_use"": false, ""malloc"": false, ""memcpy"": false, ""memmove"": false, ""memset"": false, ""mutable_global"": false, ""parameter_count"": 1, ""platform_specific"": false, ""pointer_arithmetic"": false, ""pointer_count"": 0, ""pointer_to_pointer"": false, ""raw_pointer_parameter"": false, ""raw_pointer_return"": false, ""realloc"": false, ""setjmp"": false, ""static_local"": false, ""syscall"": false, ""third_party"": false, ""union"": false, ""va_list"": false, ""variadic"": false, ""void_pointer"": false}",TRIVIAL,no_significant_detected_blocker,"[""conditional_compilation""]",medium
2,redis-plus-plus,397f9c7be0eb82ce92545f259a7f66ab992bd7ee,src/sw/redis++/errors.h,82,82,function,ClosedError,1,"{""bitfield"": false, ""branch_complexity_proxy"": 0, ""c_array"": false, ""call_count"": 2, ""callback"": false, ""calloc"": false, ""conditional_compilation"": true, ""explicit_abi_boundary"": false, ""extern_declaration"": false, ""extern_or_abi_boundary"": false, ""flexible_array"": false, ""free"": false, ""function_pointer"": false, ""generated_source"": false, ""global_read"": false, ""global_write"": false, ""goto"": false, ""lexical_ambiguity"": false, ""longjmp"": false, ""macro_density"": 0.0, ""macro_generated_declaration"": false, ""macro_use"": false, ""malloc"": false, ""memcpy"": false, ""memmove"": false, ""memset"": false, ""mutable_global"": false, ""parameter_count"": 1, ""platform_specific"": false, ""pointer_arithmetic"": false, ""pointer_count"": 0, ""pointer_to_pointer"": false, ""raw_pointer_parameter"": false, ""raw_pointer_return"": false, ""realloc"": false, ""setjmp"": false, ""static_local"": false, ""syscall"": false, ""third_party"": false, ""union"": false, ""va_list"": false, ""variadic"": false, ""void_pointer"": false}",TRIVIAL,no_significant_detected_blocker,"[""conditional_compilation""]",medium
2,redis-plus-plus,397f9c7be0eb82ce92545f259a7f66ab992bd7ee,src/sw/redis++/errors.h,95,95,function,ProtoError,1,"{""bitfield"": false, ""branch_complexity_proxy"": 0, ""c_array"": false, ""call_count"": 2, ""callback"": false, ""calloc"": false, ""conditional_compilation"": true, ""explicit_abi_boundary"": false, ""extern_declaration"": false, ""extern_or_abi_boundary"": false, ""flexible_array"": false, ""free"": false, ""function_pointer"": false, ""generated_source"": false, ""global_read"": false, ""global_write"": false, ""goto"": false, ""lexical_ambiguity"": false, ""longjmp"": false, ""macro_density"": 0.0, ""macro_generated_declaration"": false, ""macro_use"": false, ""malloc"": false, ""memcpy"": false, ""memmove"": false, ""memset"": false, ""mutable_global"": false, ""parameter_count"": 1, ""platform_specific"": false, ""pointer_arithmetic"": false, ""pointer_count"": 0, ""pointer_to_pointer"": false, ""raw_pointer_parameter"": false, ""raw_pointer_return"": false, ""realloc"": false, ""setjmp"": false, ""static_local"": false, ""syscall"": false, ""third_party"": false, ""union"": false, ""va_list"": false, ""variadic"": false, ""void_pointer"": false}",TRIVIAL,no_significant_detected_blocker,"[""conditional_compilation""]",medium
2,redis-plus-plus,397f9c7be0eb82ce92545f259a7f66ab992bd7ee,src/sw/redis++/errors.h,108,108,function,OomError,1,"{""bitfield"": false, ""branch_complexity_proxy"": 0, ""c_array"": false, ""call_count"": 2, ""callback"": false, ""calloc"": false, ""conditional_compilation"": true, ""explicit_abi_boundary"": false, ""extern_declaration"": false, ""extern_or_abi_boundary"": false, ""flexible_array"": false, ""free"": false, ""function_pointer"": false, ""generated_source"": false, ""global_read"": false, ""global_write"": false, ""goto"": false, ""lexical_ambiguity"": false, ""longjmp"": false, ""macro_density"": 0.0, ""macro_generated_declaration"": false, ""macro_use"": false, ""malloc"": false, ""memcpy"": false, ""memmove"": false, ""memset"": false, ""mutable_global"": false, ""parameter_count"": 1, ""platform_specific"": false, ""pointer_arithmetic"": false, ""pointer_count"": 0, ""pointer_to_pointer"": false, ""raw_pointer_parameter"": false, ""raw_pointer_return"": false, ""realloc"": false, ""setjmp"": false, ""static_local"": false, ""syscall"": false, ""third_party"": false, ""union"": false, ""va_list"": false, ""variadic"": false, ""void_pointer"": false}",TRIVIAL,no_significant_detected_blocker,"[""conditional_compilation""]",medium
2,redis-plus-plus,397f9c7be0eb82ce92545f259a7f66ab992bd7ee,src/sw/redis++/errors.h,121,121,function,ReplyError,1,"{""bitfield"": false, ""branch_complexity_proxy"": 0, ""c_array"": false, ""call_count"": 2, ""callback"": false, ""calloc"": false, ""conditional_compilation"": true, ""explicit_abi_boundary"": false, ""extern_declaration"": false, ""extern_or_abi_boundary"": false, ""flexible_array"": false, ""free"": false, ""function_pointer"": false, ""generated_source"": false, ""global_read"": false, ""global_write"": false, ""goto"": false, ""lexical_ambiguity"": false, ""longjmp"": false, ""macro_density"": 0.0, ""macro_generated_declaration"": false, ""macro_use"": false, ""malloc"": false, ""memcpy"": false, ""memmove"": false, ""memset"": false, ""mutable_global"": false, ""parameter_count"": 1, ""platform_specific"": false, ""pointer_arithmetic"": false, ""pointer_count"": 0, ""pointer_to_pointer"": false, ""raw_pointer_parameter"": false, ""raw_pointer_return"": false, ""realloc"": false, ""setjmp"": false, ""static_local"": false, ""syscall"": false, ""third_party"": false, ""union"": false, ""va_list"": false, ""variadic"": false, ""void_pointer"": false}",TRIVIAL,no_significant_detected_blocker,"[""conditional_compilation""]",medium
2,redis-plus-plus,397f9c7be0eb82ce92545f259a7f66ab992bd7ee,src/sw/redis++/errors.h,134,134,function,WatchError,1,"{""bitfield"": false, ""branch_complexity_proxy"": 0, ""c_array"": false, ""call_count"": 2, ""callback"": false, ""calloc"": false, ""conditional_compilation"": true, ""explicit_abi_boundary"": false, ""extern_declaration"": false, ""extern_or_abi_boundary"": false, ""flexible_array"": false, ""free"": false, ""function_pointer"": false, ""generated_source"": false, ""global_read"": false, ""global_write"": false, ""goto"": false, ""lexical_ambiguity"": false, ""longjmp"": false, ""macro_density"": 0.0, ""macro_generated_declaration"": false, ""macro_use"": false, ""malloc"": false, ""memcpy"": false, ""memmove"": false, ""memset"": false, ""mutable_global"": false, ""parameter_count"": 1, ""platform_specific"": false, ""pointer_arithmetic"": false, ""pointer_count"": 0, ""pointer_to_pointer"": false, ""raw_pointer_parameter"": false, ""raw_pointer_return"": false, ""realloc"": false, ""setjmp"": false, ""static_local"": false, ""syscall"": false, ""third_party"": false, ""union"": false, ""va_list"": false, ""variadic"": false, ""void_pointer"": false}",TRIVIAL,no_significant_detected_blocker,"[""conditional_compilation""]",medium
2,redis-plus-plus,397f9c7be0eb82ce92545f259a7f66ab992bd7ee,src/sw/redis++/errors.h,156,160,function,range_check,5,"{""bitfield"": false, ""branch_complexity_proxy"": 1, ""c_array"": false, ""call_count"": 4, ""callback"": false, ""calloc"": false, ""conditional_compilation"": true, ""explicit_abi_boundary"": false, ""extern_declaration"": false, ""extern_or_abi_boundary"": false, ""flexible_array"": false, ""free"": false, ""function_pointer"": false, ""generated_source"": false, ""global_read"": false, ""global_write"": false, ""goto"": false, ""lexical_ambiguity"": false, ""longjmp"": false, ""macro_density"": 0.0, ""macro_generated_declaration"": false, ""macro_use"": false, ""malloc"": false, ""memcpy"": false, ""memmove"": false, ""memset"": false, ""mutable_global"": false, ""parameter_count"": 3, ""platform_specific"": false, ""pointer_arithmetic"": false, ""pointer_count"": 1, ""pointer_to_pointer"": false, ""raw_pointer_parameter"": true, ""raw_pointer_return"": false, ""realloc"": false, ""setjmp"": false, ""static_local"": false, ""syscall"": false, ""third_party"": false, ""union"": false, ""va_list"": false, ""variadic"": false, ""void_pointer"": false}",TRIVIAL,no_significant_detected_blocker,"[""conditional_compilation"", ""raw_pointer_parameter""]",medium
2,redis-plus-plus,397f9c7be0eb82ce92545f259a7f66ab992bd7ee,src/sw/redis++/event_loop.h,66,68,struct,LoopDeleter,3,"{""bitfield"": false, ""branch_complexity_proxy"": 0, ""c_array"": false, ""call_count"": 1, ""callback"": false, ""calloc"": false, ""conditional_compilation"": true, ""explicit_abi_boundary"": false, ""extern_declaration"": false, ""extern_or_abi_boundary"": false, ""flexible_array"": false, ""free"": false, ""function_pointer"": false, ""generated_source"": false, ""global_read"": false, ""global_write"": false, ""goto"": false, ""lexical_ambiguity"": false, ""longjmp"": false, ""macro_density"": 0.0, ""macro_generated_declaration"": false, ""macro_use"": false, ""malloc"": false, ""memcpy"": false, ""memmove"": false, ""memset"": false, ""mutable_global"": false, ""parameter_count"": 0, ""platform_specific"": false, ""pointer_arithmetic"": false, ""pointer_count"": 1, ""pointer_to_pointer"": false, ""raw_pointer_parameter"": false, ""raw_pointer_return"": false, ""realloc"": false, ""setjmp"": false, ""static_local"": false, ""syscall"": false, ""third_party"": false, ""union"": false, ""va_list"": false, ""variadic"": false, ""void_pointer"": false}",TRIVIAL,no_significant_detected_blocker,"[""conditional_compilation""]",medium
2,redis-plus-plus,397f9c7be0eb82ce92545f259a7f66ab992bd7ee,src/sw/redis++/no_tls/sw/redis++/tls.h,28,28,struct,TlsOptions,1,"{""bitfield"": false, ""branch_complexity_proxy"": 0, ""c_array"": false, ""call_count"": 0, ""callback"": false, ""calloc"": false, ""conditional_compilation"": true, ""explicit_abi_boundary"": false, ""extern_declaration"": false, ""extern_or_abi_boundary"": false, ""flexible_array"": false, ""free"": false, ""function_pointer"": false, ""generated_source"": false, ""global_read"": false, ""global_write"": false, ""goto"": false, ""lexical_ambiguity"": false, ""longjmp"": false, ""macro_density"": 0.0, ""macro_generated_declaration"": false, ""macro_use"": false, ""malloc"": false, ""memcpy"": false, ""memmove"": false, ""memset"": false, ""mutable_global"": false, ""parameter_count"": 0, ""platform_specific"": false, ""pointer_arithmetic"": false, ""pointer_count"": 0, ""pointer_to_pointer"": false, ""raw_pointer_parameter"": false, ""raw_pointer_return"": false, ""realloc"": false, ""setjmp"": false, ""static_local"": false, ""syscall"": false, ""third_party"": false, ""union"": false, ""va_list"": false, ""variadic"": false, ""void_pointer"": false}",TRIVIAL,no_significant_detected_blocker,"[""conditional_compilation""]",medium
2,redis-plus-plus,397f9c7be0eb82ce92545f259a7f66ab992bd7ee,src/sw/redis++/no_tls/sw/redis++/tls.h,30,30,struct,TlsContextUPtr,1,"{""bitfield"": false, ""branch_complexity_proxy"": 0, ""c_array"": false, ""call_count"": 0, ""callback"": false, ""calloc"": false, ""conditional_compilation"": true, ""explicit_abi_boundary"": false, ""extern_declaration"": false, ""extern_or_abi_boundary"": false, ""flexible_array"": false, ""free"": false, ""function_pointer"": false, ""generated_source"": false, ""global_read"": false, ""global_write"": false, ""goto"": false, ""lexical_ambiguity"": false, ""longjmp"": false, ""macro_density"": 0.0, ""macro_generated_declaration"": false, ""macro_use"": false, ""malloc"": false, ""memcpy"": false, ""memmove"": false, ""memset"": false, ""mutable_global"": false, ""parameter_count"": 0, ""platform_specific"": false, ""pointer_arithmetic"": false, ""pointer_count"": 0, ""pointer_to_pointer"": false, ""raw_pointer_parameter"": false, ""raw_pointer_return"": false, ""realloc"": false, ""setjmp"": false, ""static_local"": false, ""syscall"": false, ""third_party"": false, ""union"": false, ""va_list"": false, ""variadic"": false, ""void_pointer"": false}",TRIVIAL,no_significant_detected_blocker,"[""conditional_compilation""]",medium
2,redis-plus-plus,397f9c7be0eb82ce92545f259a7f66ab992bd7ee,src/sw/redis++/no_tls/sw/redis++/tls.h,32,35,function,secure_connection,4,"{""bitfield"": false, ""branch_complexity_proxy"": 0, ""c_array"": false, ""call_count"": 1, ""callback"": false, ""calloc"": false, ""conditional_compilation"": true, ""explicit_abi_boundary"": false, ""extern_declaration"": false, ""extern_or_abi_boundary"": false, ""flexible_array"": false, ""free"": false, ""function_pointer"": false, ""generated_source"": false, ""global_read"": false, ""global_write"": false, ""goto"": false, ""lexical_ambiguity"": false, ""longjmp"": false, ""macro_density"": 0.0, ""macro_generated_declaration"": false, ""macro_use"": false, ""malloc"": false, ""memcpy"": false, ""memmove"": false, ""memset"": false, ""mutable_global"": false, ""parameter_count"": 2, ""platform_specific"": false, ""pointer_arithmetic"": false, ""pointer_count"": 0, ""pointer_to_pointer"": false, ""raw_pointer_parameter"": false, ""raw_pointer_return"": false, ""realloc"": false, ""setjmp"": false, ""static_local"": false, ""syscall"": false, ""third_party"": false, ""union"": false, ""va_list"": false, ""variadic"": false, ""void_pointer"": false}",TRIVIAL,no_significant_detected_blocker,"[""conditional_compilation""]",medium
2,redis-plus-plus,397f9c7be0eb82ce92545f259a7f66ab992bd7ee,src/sw/redis++/no_tls/sw/redis++/tls.h,37,39,function,enabled,3,"{""bitfield"": false, ""branch_complexity_proxy"": 0, ""c_array"": false, ""call_count"": 1, ""callback"": false, ""calloc"": false, ""conditional_compilation"": true, ""explicit_abi_boundary"": false, ""extern_declaration"": false, ""extern_or_abi_boundary"": false, ""flexible_array"": false, ""free"": false, ""function_pointer"": false, ""generated_source"": false, ""global_read"": false, ""global_write"": false, ""goto"": false, ""lexical_ambiguity"": false, ""longjmp"": false, ""macro_density"": 0.0, ""macro_generated_declaration"": false, ""macro_use"": false, ""malloc"": false, ""memcpy"": false, ""memmove"": false, ""memset"": false, ""mutable_global"": false, ""parameter_count"": 1, ""platform_specific"": false, ""pointer_arithmetic"": false, ""pointer_count"": 0, ""pointer_to_pointer"": false, ""raw_pointer_parameter"": false, ""raw_pointer_return"": false, ""realloc"": false, ""setjmp"": false, ""static_local"": false, ""syscall"": false, ""third_party"": false, ""union"": false, ""va_list"": false, ""variadic"": false, ""void_pointer"": false}",TRIVIAL,no_significant_detected_blocker,"[""conditional_compilation""]",medium
2,redis-plus-plus,397f9c7be0eb82ce92545f259a7f66ab992bd7ee,src/sw/redis++/patterns/redlock.h,120,129,function,try_lock,10,"{""bitfield"": false, ""branch_complexity_proxy"": 1, ""c_array"": false, ""call_count"": 5, ""callback"": false, ""calloc"": false, ""conditional_compilation"": true, ""explicit_abi_boundary"": false, ""extern_declaration"": false, ""extern_or_abi_boundary"": false, ""flexible_array"": false, ""free"": false, ""function_pointer"": false, ""generated_source"": false, ""global_read"": false, ""global_write"": false, ""goto"": false, ""lexical_ambiguity"": false, ""longjmp"": false, ""macro_density"": 0.0, ""macro_generated_declaration"": false, ""macro_use"": false, ""malloc"": false, ""memcpy"": false, ""memmove"": false, ""memset"": false, ""mutable_global"": false, ""parameter_count"": 1, ""platform_specific"": false, ""pointer_arithmetic"": false, ""pointer_count"": 0, ""pointer_to_pointer"": false, ""raw_pointer_parameter"": false, ""raw_pointer_return"": false, ""realloc"": false, ""setjmp"": false, ""static_local"": false, ""syscall"": false, ""third_party"": false, ""union"": false, ""va_list"": false, ""variadic"": false, ""void_pointer"": false}",TRIVIAL,no_significant_detected_blocker,"[""conditional_compilation""]",medium
2,redis-plus-plus,397f9c7be0eb82ce92545f259a7f66ab992bd7ee,src/sw/redis++/patterns/redlock.h,132,134,function,try_lock,3,"{""bitfield"": false, ""branch_complexity_proxy"": 0, ""c_array"": false, ""call_count"": 3, ""callback"": false, ""calloc"": false, ""conditional_compilation"": true, ""explicit_abi_boundary"": false, ""extern_declaration"": false, ""extern_or_abi_boundary"": false, ""flexible_array"": false, ""free"": false, ""function_pointer"": false, ""generated_source"": false, ""global_read"": false, ""global_write"": false, ""goto"": false, ""lexical_ambiguity"": false, ""longjmp"": false, ""macro_density"": 0.0, ""macro_generated_declaration"": false, ""macro_use"": false, ""malloc"": false, ""memcpy"": false, ""memmove"": false, ""memset"": false, ""mutable_global"": false, ""parameter_count"": 1, ""platform_specific"": false, ""pointer_arithmetic"": false, ""pointer_count"": 0, ""pointer_to_pointer"": false, ""raw_pointer_parameter"": false, ""raw_pointer_return"": false, ""realloc"": false, ""setjmp"": false, ""static_local"": false, ""syscall"": false, ""third_party"": false, ""union"": false, ""va_list"": false, ""variadic"": false, ""void_pointer"": false}",TRIVIAL,no_significant_detected_blocker,"[""conditional_compilation""]",medium
2,redis-plus-plus,397f9c7be0eb82ce92545f259a7f66ab992bd7ee,src/sw/redis++/patterns/redlock.h,137,147,function,extend_lock,11,"{""bitfield"": false, ""branch_complexity_proxy"": 1, ""c_array"": false, ""call_count"": 5, ""callback"": false, ""calloc"": false, ""conditional_compilation"": true, ""explicit_abi_boundary"": false, ""extern_declaration"": false, ""extern_or_abi_boundary"": false, ""flexible_array"": false, ""free"": false, ""function_pointer"": false, ""generated_source"": false, ""global_read"": false, ""global_write"": false, ""goto"": false, ""lexical_ambiguity"": false, ""longjmp"": false, ""macro_density"": 0.0, ""macro_generated_declaration"": false, ""macro_use"": false, ""malloc"": false, ""memcpy"": false, ""memmove"": false, ""memset"": false, ""mutable_global"": false, ""parameter_count"": 1, ""platform_specific"": false, ""pointer_arithmetic"": false, ""pointer_count"": 0, ""pointer_to_pointer"": false, ""raw_pointer_parameter"": false, ""raw_pointer_return"": false, ""realloc"": false, ""setjmp"": false, ""static_local"": false, ""syscall"": false, ""third_party"": false, ""union"": false, ""va_list"": false, ""variadic"": false, ""void_pointer"": false}",TRIVIAL,no_significant_detected_blocker,"[""conditional_compilation""]",medium
2,redis-plus-plus,397f9c7be0eb82ce92545f259a7f66ab992bd7ee,src/sw/redis++/patterns/redlock.h,149,151,function,extend_lock,3,"{""bitfield"": false, ""branch_complexity_proxy"": 0, ""c_array"": false, ""call_count"": 3, ""callback"": false, ""calloc"": false, ""conditional_compilation"": true, ""explicit_abi_boundary"": false, ""extern_declaration"": false, ""extern_or_abi_boundary"": false, ""flexible_array"": false, ""free"": false, ""function_pointer"": false, ""generated_source"": false, ""global_read"": false, ""global_write"": false, ""goto"": false, ""lexical_ambiguity"": false, ""longjmp"": false, ""macro_density"": 0.0, ""macro_generated_declaration"": false, ""macro_use"": false, ""malloc"": false, ""memcpy"": false, ""memmove"": false, ""memset"": false, ""mutable_global"": false, ""parameter_count"": 1, ""platform_specific"": false, ""pointer_arithmetic"": false, ""pointer_count"": 0, ""pointer_to_pointer"": false, ""raw_pointer_parameter"": false, ""raw_pointer_return"": false, ""realloc"": false, ""setjmp"": false, ""static_local"": false, ""syscall"": false, ""third_party"": false, ""union"": false, ""va_list"": false, ""variadic"": false, ""void_pointer"": false}",TRIVIAL,no_significant_detected_blocker,"[""conditional_compilation""]",medium
2,redis-plus-plus,397f9c7be0eb82ce92545f259a7f66ab992bd7ee,src/sw/redis++/patterns/redlock.h,153,161,function,unlock,9,"{""bitfield"": false, ""branch_complexity_proxy"": 0, ""c_array"": false, ""call_count"": 3, ""callback"": false, ""calloc"": false, ""conditional_compilation"": true, ""explicit_abi_boundary"": false, ""extern_declaration"": false, ""extern_or_abi_boundary"": false, ""flexible_array"": false, ""free"": false, ""function_pointer"": false, ""generated_source"": false, ""global_read"": false, ""global_write"": false, ""goto"": false, ""lexical_ambiguity"": false, ""longjmp"": false, ""macro_density"": 0.0, ""macro_generated_declaration"": false, ""macro_use"": false, ""malloc"": false, ""memcpy"": false, ""memmove"": false, ""memset"": false, ""mutable_global"": false, ""parameter_count"": 0, ""platform_specific"": false, ""pointer_arithmetic"": false, ""pointer_count"": 0, ""pointer_to_pointer"": false, ""raw_pointer_parameter"": false, ""raw_pointer_return"": false, ""realloc"": false, ""setjmp"": false, ""static_local"": false, ""syscall"": false, ""third_party"": false, ""union"": false, ""va_list"": false, ""variadic"": false, ""void_pointer"": false}",TRIVIAL,no_significant_detected_blocker,"[""conditional_compilation""]",medium
2,redis-plus-plus,397f9c7be0eb82ce92545f259a7f66ab992bd7ee,src/sw/redis++/patterns/redlock.h,214,220,struct,LockInfo,7,"{""bitfield"": false, ""branch_complexity_proxy"": 0, ""c_array"": false, ""call_count"": 0, ""callback"": false, ""calloc"": false, ""conditional_compilation"": true, ""explicit_abi_boundary"": false, ""extern_declaration"": false, ""extern_or_abi_boundary"": false, ""flexible_array"": false, ""free"": false, ""function_pointer"": false, ""generated_source"": false, ""global_read"": false, ""global_write"": false, ""goto"": false, ""lexical_ambiguity"": false, ""longjmp"": false, ""macro_density"": 0.0, ""macro_generated_declaration"": false, ""macro_use"": false, ""malloc"": false, ""memcpy"": false, ""memmove"": false, ""memset"": false, ""mutable_global"": false, ""parameter_count"": 0, ""platform_specific"": false, ""pointer_arithmetic"": false, ""pointer_count"": 0, ""pointer_to_pointer"": false, ""raw_pointer_parameter"": false, ""raw_pointer_return"": false, ""realloc"": false, ""setjmp"": false, ""static_local"": false, ""syscall"": false, ""third_party"": false, ""union"": false, ""va_list"": false, ""variadic"": false, ""void_pointer"": false}",TRIVIAL,no_significant_detected_blocker,"[""conditional_compilation""]",medium
2,redis-plus-plus,397f9c7be0eb82ce92545f259a7f66ab992bd7ee,src/sw/redis++/patterns/redlock.h,271,272,function,RedLockMutex,2,"{""bitfield"": false, ""branch_complexity_proxy"": 0, ""c_array"": false, ""call_count"": 3, ""callback"": false, ""calloc"": false, ""conditional_compilation"": true, ""explicit_abi_boundary"": false, ""extern_declaration"": false, ""extern_or_abi_boundary"": false, ""flexible_array"": false, ""free"": false, ""function_pointer"": false, ""generated_source"": false, ""global_read"": false, ""global_write"": false, ""goto"": false, ""lexical_ambiguity"": false, ""longjmp"": false, ""macro_density"": 0.0, ""macro_generated_declaration"": false, ""macro_use"": false, ""malloc"": false, ""memcpy"": false, ""memmove"": false, ""memset"": false, ""mutable_global"": false, ""parameter_count"": 3, ""platform_specific"": false, ""pointer_arithmetic"": false, ""pointer_count"": 0, ""pointer_to_pointer"": false, ""raw_pointer_parameter"": false, ""raw_pointer_return"": false, ""realloc"": false, ""setjmp"": false, ""static_local"": false, ""syscall"": false, ""third_party"": false, ""union"": false, ""va_list"": false, ""variadic"": false, ""void_pointer"": false}",TRIVIAL,no_significant_detected_blocker,"[""conditional_compilation""]",medium
2,redis-plus-plus,397f9c7be0eb82ce92545f259a7f66ab992bd7ee,src/sw/redis++/patterns/redlock.h,274,276,function,RedLockMutex,3,"{""bitfield"": false, ""branch_complexity_proxy"": 0, ""c_array"": false, ""call_count"": 3, ""callback"": false, ""calloc"": false, ""conditional_compilation"": true, ""explicit_abi_boundary"": false, ""extern_declaration"": false, ""extern_or_abi_boundary"": false, ""flexible_array"": false, ""free"": false, ""function_pointer"": false, ""generated_source"": false, ""global_read"": false, ""global_write"": false, ""goto"": false, ""lexical_ambiguity"": false, ""longjmp"": false, ""macro_density"": 0.0, ""macro_generated_declaration"": false, ""macro_use"": false, ""malloc"": false, ""memcpy"": false, ""memmove"": false, ""memset"": false, ""mutable_global"": false, ""parameter_count"": 3, ""platform_specific"": false, ""pointer_arithmetic"": false, ""pointer_count"": 0, ""pointer_to_pointer"": false, ""raw_pointer_parameter"": false, ""raw_pointer_return"": false, ""realloc"": false, ""setjmp"": false, ""static_local"": false, ""syscall"": false, ""third_party"": false, ""union"": false, ""va_list"": false, ""variadic"": false, ""void_pointer"": false}",TRIVIAL,no_significant_detected_blocker,"[""conditional_compilation""]",medium
2,redis-plus-plus,397f9c7be0eb82ce92545f259a7f66ab992bd7ee,src/sw/redis++/patterns/redlock.h,323,327,function,unlock,5,"{""bitfield"": false, ""branch_complexity_proxy"": 0, ""c_array"": false, ""call_count"": 4, ""callback"": false, ""calloc"": false, ""conditional_compilation"": true, ""explicit_abi_boundary"": false, ""extern_declaration"": false, ""extern_or_abi_boundary"": false, ""flexible_array"": false, ""free"": false, ""function_pointer"": false, ""generated_source"": false, ""global_read"": false, ""global_write"": false, ""goto"": false, ""lexical_ambiguity"": false, ""longjmp"": false, ""macro_density"": 0.0, ""macro_generated_declaration"": false, ""macro_use"": false, ""malloc"": false, ""memcpy"": false, ""memmove"": false, ""memset"": false, ""mutable_global"": false, ""parameter_count"": 1, ""platform_specific"": false, ""pointer_arithmetic"": false, ""pointer_count"": 0, ""pointer_to_pointer"": false, ""raw_pointer_parameter"": false, ""raw_pointer_return"": false, ""realloc"": false, ""setjmp"": false, ""static_local"": false, ""syscall"": false, ""third_party"": false, ""union"": false, ""va_list"": false, ""variadic"": false, ""void_pointer"": false}",TRIVIAL,no_significant_detected_blocker,"[""conditional_compilation""]",medium
2,redis-plus-plus,397f9c7be0eb82ce92545f259a7f66ab992bd7ee,src/sw/redis++/patterns/redlock.h,334,343,struct,RedMutexOptions,10,"{""bitfield"": false, ""branch_complexity_proxy"": 0, ""c_array"": false, ""call_count"": 1, ""callback"": false, ""calloc"": false, ""conditional_compilation"": true, ""explicit_abi_boundary"": false, ""extern_declaration"": false, ""extern_or_abi_boundary"": false, ""flexible_array"": false, ""free"": false, ""function_pointer"": false, ""generated_source"": false, ""global_read"": false, ""global_write"": false, ""goto"": false, ""lexical_ambiguity"": false, ""longjmp"": false, ""macro_density"": 0.0, ""macro_generated_declaration"": false, ""macro_use"": false, ""malloc"": false, ""memcpy"": false, ""memmove"": false, ""memset"": false, ""mutable_global"": false, ""parameter_count"": 0, ""platform_specific"": false, ""pointer_arithmetic"": false, ""pointer_count"": 0, ""pointer_to_pointer"": false, ""raw_pointer_parameter"": false, ""raw_pointer_return"": false, ""realloc"": false, ""setjmp"": false, ""static_local"": false, ""syscall"": false, ""third_party"": false, ""union"": false, ""va_list"": false, ""variadic"": false, ""void_pointer"": false}",TRIVIAL,no_significant_detected_blocker,"[""conditional_compilation""]",medium
2,redis-plus-plus,397f9c7be0eb82ce92545f259a7f66ab992bd7ee,src/sw/redis++/patterns/redlock.h,392,394,function,_reset,3,"{""bitfield"": false, ""branch_complexity_proxy"": 0, ""c_array"": false, ""call_count"": 2, ""callback"": false, ""calloc"": false, ""conditional_compilation"": true, ""explicit_abi_boundary"": false, ""extern_declaration"": false, ""extern_or_abi_boundary"": false, ""flexible_array"": false, ""free"": false, ""function_pointer"": false, ""generated_source"": false, ""global_read"": false, ""global_write"": false, ""goto"": false, ""lexical_ambiguity"": false, ""longjmp"": false, ""macro_density"": 0.0, ""macro_generated_declaration"": false, ""macro_use"": false, ""malloc"": false, ""memcpy"": false, ""memmove"": false, ""memset"": false, ""mutable_global"": false, ""parameter_count"": 0, ""platform_specific"": false, ""pointer_arithmetic"": false, ""pointer_count"": 0, ""pointer_to_pointer"": false, ""raw_pointer_parameter"": false, ""raw_pointer_return"": false, ""realloc"": false, ""setjmp"": false, ""static_local"": false, ""syscall"": false, ""third_party"": false, ""union"": false, ""va_list"": false, ""variadic"": false, ""void_pointer"": false}",TRIVIAL,no_significant_detected_blocker,"[""conditional_compilation""]",medium
2,redis-plus-plus,397f9c7be0eb82ce92545f259a7f66ab992bd7ee,src/sw/redis++/patterns/redlock.h,493,497,function,lock,5,"{""bitfield"": false, ""branch_complexity_proxy"": 0, ""c_array"": false, ""call_count"": 3, ""callback"": false, ""calloc"": false, ""conditional_compilation"": true, ""explicit_abi_boundary"": false, ""extern_declaration"": false, ""extern_or_abi_boundary"": false, ""flexible_array"": false, ""free"": false, ""function_pointer"": false, ""generated_source"": false, ""global_read"": false, ""global_write"": false, ""goto"": false, ""lexical_ambiguity"": false, ""longjmp"": false, ""macro_density"": 0.0, ""macro_generated_declaration"": false, ""macro_use"": false, ""malloc"": false, ""memcpy"": false, ""memmove"": false, ""memset"": false, ""mutable_global"": false, ""parameter_count"": 0, ""platform_specific"": false, ""pointer_arithmetic"": false, ""pointer_count"": 0, ""pointer_to_pointer"": false, ""raw_pointer_parameter"": false, ""raw_pointer_return"": false, ""realloc"": false, ""setjmp"": false, ""static_local"": false, ""syscall"": false, ""third_party"": false, ""union"": false, ""va_list"": false, ""variadic"": false, ""void_pointer"": false}",TRIVIAL,no_significant_detected_blocker,"[""conditional_compilation""]",medium
2,redis-plus-plus,397f9c7be0eb82ce92545f259a7f66ab992bd7ee,src/sw/redis++/patterns/redlock.h,499,503,function,unlock,5,"{""bitfield"": false, ""branch_complexity_proxy"": 0, ""c_array"": false, ""call_count"": 3, ""callback"": false, ""calloc"": false, ""conditional_compilation"": true, ""explicit_abi_boundary"": false, ""extern_declaration"": false, ""extern_or_abi_boundary"": false, ""flexible_array"": false, ""free"": false, ""function_pointer"": false, ""generated_source"": false, ""global_read"": false, ""global_write"": false, ""goto"": false, ""lexical_ambiguity"": false, ""longjmp"": false, ""macro_density"": 0.0, ""macro_generated_declaration"": false, ""macro_use"": false, ""malloc"": false, ""memcpy"": false, ""memmove"": false, ""memset"": false, ""mutable_global"": false, ""parameter_count"": 0, ""platform_specific"": false, ""pointer_arithmetic"": false, ""pointer_count"": 0, ""pointer_to_pointer"": false, ""raw_pointer_parameter"": false, ""raw_pointer_return"": false, ""realloc"": false, ""setjmp"": false, ""static_local"": false, ""syscall"": false, ""third_party"": false, ""union"": false, ""va_list"": false, ""variadic"": false, ""void_pointer"": false}",TRIVIAL,no_significant_detected_blocker,"[""conditional_compilation""]",medium
2,redis-plus-plus,397f9c7be0eb82ce92545f259a7f66ab992bd7ee,src/sw/redis++/patterns/redlock.h,505,509,function,try_lock,5,"{""bitfield"": false, ""branch_complexity_proxy"": 0, ""c_array"": false, ""call_count"": 3, ""callback"": false, ""calloc"": false, ""conditional_compilation"": true, ""explicit_abi_boundary"": false, ""extern_declaration"": false, ""extern_or_abi_boundary"": false, ""flexible_array"": false, ""free"": false, ""function_pointer"": false, ""generated_source"": false, ""global_read"": false, ""global_write"": false, ""goto"": false, ""lexical_ambiguity"": false, ""longjmp"": false, ""macro_density"": 0.0, ""macro_generated_declaration"": false, ""macro_use"": false, ""malloc"": false, ""memcpy"": false, ""memmove"": false, ""memset"": false, ""mutable_global"": false, ""parameter_count"": 0, ""platform_specific"": false, ""pointer_arithmetic"": false, ""pointer_count"": 0, ""pointer_to_pointer"": false, ""raw_pointer_parameter"": false, ""raw_pointer_return"": false, ""realloc"": false, ""setjmp"": false, ""static_local"": false, ""syscall"": false, ""third_party"": false, ""union"": false, ""va_list"": false, ""variadic"": false, ""void_pointer"": false}",TRIVIAL,no_significant_detected_blocker,"[""conditional_compilation""]",medium
2,redis-plus-plus,397f9c7be0eb82ce92545f259a7f66ab992bd7ee,src/sw/redis++/patterns/redlock.h,539,541,function,Task,3,"{""bitfield"": false, ""branch_complexity_proxy"": 0, ""c_array"": false, ""call_count"": 3, ""callback"": false, ""calloc"": false, ""conditional_compilation"": true, ""explicit_abi_boundary"": false, ""extern_declaration"": false, ""extern_or_abi_boundary"": false, ""flexible_array"": false, ""free"": false, ""function_pointer"": false, ""generated_source"": false, ""global_read"": false, ""global_write"": false, ""goto"": false, ""lexical_ambiguity"": false, ""longjmp"": false, ""macro_density"": 0.0, ""macro_generated_declaration"": false, ""macro_use"": false, ""malloc"": false, ""memcpy"": false, ""memmove"": false, ""memset"": false, ""mutable_global"": false, ""parameter_count"": 1, ""platform_specific"": false, ""pointer_arithmetic"": false, ""pointer_count"": 0, ""pointer_to_pointer"": false, ""raw_pointer_parameter"": false, ""raw_pointer_return"": false, ""realloc"": false, ""setjmp"": false, ""static_local"": false, ""syscall"": false, ""third_party"": false, ""union"": false, ""va_list"": false, ""variadic"": false, ""void_pointer"": false}",TRIVIAL,no_significant_detected_blocker,"[""conditional_compilation""]",medium
2,redis-plus-plus,397f9c7be0eb82ce92545f259a7f66ab992bd7ee,src/sw/redis++/patterns/redlock.h,565,569,function,_update,5,"{""bitfield"": false, ""branch_complexity_proxy"": 0, ""c_array"": false, ""call_count"": 4, ""callback"": false, ""calloc"": false, ""conditional_compilation"": true, ""explicit_abi_boundary"": false, ""extern_declaration"": false, ""extern_or_abi_boundary"": false, ""flexible_array"": false, ""free"": false, ""function_pointer"": false, ""generated_source"": false, ""global_read"": false, ""global_write"": false, ""goto"": false, ""lexical_ambiguity"": false, ""longjmp"": false, ""macro_density"": 0.0, ""macro_generated_declaration"": false, ""macro_use"": false, ""malloc"": false, ""memcpy"": false, ""memmove"": false, ""memset"": false, ""mutable_global"": false, ""parameter_count"": 1, ""platform_specific"": false, ""pointer_arithmetic"": false, ""pointer_count"": 0, ""pointer_to_pointer"": false, ""raw_pointer_parameter"": false, ""raw_pointer_return"": false, ""realloc"": false, ""setjmp"": false, ""static_local"": false, ""syscall"": false, ""third_party"": false, ""union"": false, ""va_list"": false, ""variadic"": false, ""void_pointer"": false}",TRIVIAL,no_significant_detected_blocker,"[""conditional_compilation""]",medium
2,redis-plus-plus,397f9c7be0eb82ce92545f259a7f66ab992bd7ee,src/sw/redis++/pipeline.h,31,35,function,command,5,"{""bitfield"": false, ""branch_complexity_proxy"": 0, ""c_array"": false, ""call_count"": 4, ""callback"": false, ""calloc"": false, ""conditional_compilation"": true, ""explicit_abi_boundary"": false, ""extern_declaration"": false, ""extern_or_abi_boundary"": false, ""flexible_array"": false, ""free"": false, ""function_pointer"": false, ""generated_source"": false, ""global_read"": false, ""global_write"": false, ""goto"": false, ""lexical_ambiguity"": false, ""longjmp"": false, ""macro_density"": 0.0, ""macro_generated_declaration"": false, ""macro_use"": false, ""malloc"": false, ""memcpy"": false, ""memmove"": false, ""memset"": false, ""mutable_global"": false, ""parameter_count"": 3, ""platform_specific"": false, ""pointer_arithmetic"": false, ""pointer_count"": 0, ""pointer_to_pointer"": false, ""raw_pointer_parameter"": false, ""raw_pointer_return"": false, ""realloc"": false, ""setjmp"": false, ""static_local"": false, ""syscall"": false, ""third_party"": false, ""union"": false, ""va_list"": false, ""variadic"": true, ""void_pointer"": false}",NEEDS_TRANSPILER,variadic,[],medium
2,redis-plus-plus,397f9c7be0eb82ce92545f259a7f66ab992bd7ee,src/sw/redis++/pipeline.h,39,42,function,discard,4,"{""bitfield"": false, ""branch_complexity_proxy"": 0, ""c_array"": false, ""call_count"": 2, ""callback"": false, ""calloc"": false, ""conditional_compilation"": true, ""explicit_abi_boundary"": false, ""extern_declaration"": false, ""extern_or_abi_boundary"": false, ""flexible_array"": false, ""free"": false, ""function_pointer"": false, ""generated_source"": false, ""global_read"": false, ""global_write"": false, ""goto"": false, ""lexical_ambiguity"": false, ""longjmp"": false, ""macro_density"": 0.0, ""macro_generated_declaration"": false, ""macro_use"": false, ""malloc"": false, ""memcpy"": false, ""memmove"": false, ""memset"": false, ""mutable_global"": false, ""parameter_count"": 2, ""platform_specific"": false, ""pointer_arithmetic"": false, ""pointer_count"": 0, ""pointer_to_pointer"": false, ""raw_pointer_parameter"": false, ""raw_pointer_return"": false, ""realloc"": false, ""setjmp"": false, ""static_local"": false, ""syscall"": false, ""third_party"": false, ""union"": false, ""va_list"": false, ""variadic"": false, ""void_pointer"": false}",TRIVIAL,no_significant_detected_blocker,"[""conditional_compilation""]",medium
2,redis-plus-plus,397f9c7be0eb82ce92545f259a7f66ab992bd7ee,src/sw/redis++/redis.h,64,64,function,Redis,1,"{""bitfield"": false, ""branch_complexity_proxy"": 0, ""c_array"": false, ""call_count"": 3, ""callback"": false, ""calloc"": false, ""conditional_compilation"": true, ""explicit_abi_boundary"": false, ""extern_declaration"": false, ""extern_or_abi_boundary"": false, ""flexible_array"": false, ""free"": false, ""function_pointer"": false, ""generated_source"": false, ""global_read"": false, ""global_write"": false, ""goto"": false, ""lexical_ambiguity"": false, ""longjmp"": false, ""macro_density"": 0.0, ""macro_generated_declaration"": false, ""macro_use"": false, ""malloc"": false, ""memcpy"": false, ""memmove"": false, ""memset"": false, ""mutable_global"": false, ""parameter_count"": 1, ""platform_specific"": false, ""pointer_arithmetic"": false, ""pointer_count"": 0, ""pointer_to_pointer"": false, ""raw_pointer_parameter"": false, ""raw_pointer_return"": false, ""realloc"": false, ""setjmp"": false, ""static_local"": false, ""syscall"": false, ""third_party"": false, ""union"": false, ""va_list"": false, ""variadic"": false, ""void_pointer"": false}",TRIVIAL,no_significant_detected_blocker,"[""conditional_compilation""]",medium
2,redis-plus-plus,397f9c7be0eb82ce92545f259a7f66ab992bd7ee,src/sw/redis++/redis.h,287,289,function,del,3,"{""bitfield"": false, ""branch_complexity_proxy"": 0, ""c_array"": false, ""call_count"": 4, ""callback"": false, ""calloc"": false, ""conditional_compilation"": true, ""explicit_abi_boundary"": false, ""extern_declaration"": false, ""extern_or_abi_boundary"": false, ""flexible_array"": false, ""free"": false, ""function_pointer"": false, ""generated_source"": false, ""global_read"": false, ""global_write"": false, ""goto"": false, ""lexical_ambiguity"": false, ""longjmp"": false, ""macro_density"": 0.0, ""macro_generated_declaration"": false, ""macro_use"": false, ""malloc"": false, ""memcpy"": false, ""memmove"": false, ""memset"": false, ""mutable_global"": false, ""parameter_count"": 1, ""platform_specific"": false, ""pointer_arithmetic"": false, ""pointer_count"": 0, ""pointer_to_pointer"": false, ""raw_pointer_parameter"": false, ""raw_pointer_return"": false, ""realloc"": false, ""setjmp"": false, ""static_local"": false, ""syscall"": false, ""third_party"": false, ""union"": false, ""va_list"": false, ""variadic"": false, ""void_pointer"": false}",TRIVIAL,no_significant_detected_blocker,"[""conditional_compilation""]",medium
2,redis-plus-plus,397f9c7be0eb82ce92545f259a7f66ab992bd7ee,src/sw/redis++/redis.h,319,321,function,exists,3,"{""bitfield"": false, ""branch_complexity_proxy"": 0, ""c_array"": false, ""call_count"": 4, ""callback"": false, ""calloc"": false, ""conditional_compilation"": true, ""explicit_abi_boundary"": false, ""extern_declaration"": false, ""extern_or_abi_boundary"": false, ""flexible_array"": false, ""free"": false, ""function_pointer"": false, ""generated_source"": false, ""global_read"": false, ""global_write"": false, ""goto"": false, ""lexical_ambiguity"": false, ""longjmp"": false, ""macro_density"": 0.0, ""macro_generated_declaration"": false, ""macro_use"": false, ""malloc"": false, ""memcpy"": false, ""memmove"": false, ""memset"": false, ""mutable_global"": false, ""parameter_count"": 1, ""platform_specific"": false, ""pointer_arithmetic"": false, ""pointer_count"": 0, ""pointer_to_pointer"": false, ""raw_pointer_parameter"": false, ""raw_pointer_return"": false, ""realloc"": false, ""setjmp"": false, ""static_local"": false, ""syscall"": false, ""third_party"": false, ""union"": false, ""va_list"": false, ""variadic"": false, ""void_pointer"": false}",TRIVIAL,no_significant_detected_blocker,"[""conditional_compilation""]",medium
2,redis-plus-plus,397f9c7be0eb82ce92545f259a7f66ab992bd7ee,src/sw/redis++/redis.h,561,563,function,touch,3,"{""bitfield"": false, ""branch_complexity_proxy"": 0, ""c_array"": false, ""call_count"": 4, ""callback"": false, ""calloc"": false, ""conditional_compilation"": true, ""explicit_abi_boundary"": false, ""extern_declaration"": false, ""extern_or_abi_boundary"": false, ""flexible_array"": false, ""free"": false, ""function_pointer"": false, ""generated_source"": false, ""global_read"": false, ""global_write"": false, ""goto"": false, ""lexical_ambiguity"": false, ""longjmp"": false, ""macro_density"": 0.0, ""macro_generated_declaration"": false, ""macro_use"": false, ""malloc"": false, ""memcpy"": false, ""memmove"": false, ""memset"": false, ""mutable_global"": false, ""parameter_count"": 1, ""platform_specific"": false, ""pointer_arithmetic"": false, ""pointer_count"": 0, ""pointer_to_pointer"": false, ""raw_pointer_parameter"": false, ""raw_pointer_return"": false, ""realloc"": false, ""setjmp"": false, ""static_local"": false, ""syscall"": false, ""third_party"": false, ""union"": false, ""va_list"": false, ""variadic"": false, ""void_pointer"": false}",TRIVIAL,no_significant_detected_blocker,"[""conditional_compilation""]",medium
2,redis-plus-plus,397f9c7be0eb82ce92545f259a7f66ab992bd7ee,src/sw/redis++/redis.h,603,605,function,unlink,3,"{""bitfield"": false, ""branch_complexity_proxy"": 0, ""c_array"": false, ""call_count"": 4, ""callback"": false, ""calloc"": false, ""conditional_compilation"": true, ""explicit_abi_boundary"": false, ""extern_declaration"": false, ""extern_or_abi_boundary"": false, ""flexible_array"": false, ""free"": false, ""function_pointer"": false, ""generated_source"": false, ""global_read"": false, ""global_write"": false, ""goto"": false, ""lexical_ambiguity"": false, ""longjmp"": false, ""macro_density"": 0.0, ""macro_generated_declaration"": false, ""macro_use"": false, ""malloc"": false, ""memcpy"": false, ""memmove"": false, ""memset"": false, ""mutable_global"": false, ""parameter_count"": 1, ""platform_specific"": false, ""pointer_arithmetic"": false, ""pointer_count"": 0, ""pointer_to_pointer"": false, ""raw_pointer_parameter"": false, ""raw_pointer_return"": false, ""realloc"": false, ""setjmp"": false, ""static_local"": false, ""syscall"": false, ""third_party"": false, ""union"": false, ""va_list"": false, ""variadic"": false, ""void_pointer"": false}",TRIVIAL,no_significant_detected_blocker,"[""conditional_compilation""]",medium
2,redis-plus-plus,397f9c7be0eb82ce92545f259a7f66ab992bd7ee,src/sw/redis++/redis.h,674,676,function,bitop,3,"{""bitfield"": false, ""branch_complexity_proxy"": 0, ""c_array"": false, ""call_count"": 4, ""callback"": false, ""calloc"": false, ""conditional_compilation"": true, ""explicit_abi_boundary"": false, ""extern_declaration"": false, ""extern_or_abi_boundary"": false, ""flexible_array"": false, ""free"": false, ""function_pointer"": false, ""generated_source"": false, ""global_read"": false, ""global_write"": false, ""goto"": false, ""lexical_ambiguity"": false, ""longjmp"": false, ""macro_density"": 0.0, ""macro_generated_declaration"": false, ""macro_use"": false, ""malloc"": false, ""memcpy"": false, ""memmove"": false, ""memset"": false, ""mutable_global"": false, ""parameter_count"": 3, ""platform_specific"": false, ""pointer_arithmetic"": false, ""pointer_count"": 0, ""pointer_to_pointer"": false, ""raw_pointer_parameter"": false, ""raw_pointer_return"": false, ""realloc"": false, ""setjmp"": false, ""static_local"": false, ""syscall"": false, ""third_party"": false, ""union"": false, ""va_list"": false, ""variadic"": false, ""void_pointer"": false}",TRIVIAL,no_significant_detected_blocker,"[""conditional_compilation""]",medium
2,redis-plus-plus,397f9c7be0eb82ce92545f259a7f66ab992bd7ee,src/sw/redis++/redis.h,807,809,function,mget,3,"{""bitfield"": false, ""branch_complexity_proxy"": 0, ""c_array"": false, ""call_count"": 4, ""callback"": false, ""calloc"": false, ""conditional_compilation"": true, ""explicit_abi_boundary"": false, ""extern_declaration"": false, ""extern_or_abi_boundary"": false, ""flexible_array"": false, ""free"": false, ""function_pointer"": false, ""generated_source"": false, ""global_read"": false, ""global_write"": false, ""goto"": false, ""lexical_ambiguity"": false, ""longjmp"": false, ""macro_density"": 0.0, ""macro_generated_declaration"": false, ""macro_use"": false, ""malloc"": false, ""memcpy"": false, ""memmove"": false, ""memset"": false, ""mutable_global"": false, ""parameter_count"": 2, ""platform_specific"": false, ""pointer_arithmetic"": false, ""pointer_count"": 0, ""pointer_to_pointer"": false, ""raw_pointer_parameter"": false, ""raw_pointer_return"": false, ""realloc"": false, ""setjmp"": false, ""static_local"": false, ""syscall"": false, ""third_party"": false, ""union"": false, ""va_list"": false, ""variadic"": false, ""void_pointer"": false}",TRIVIAL,no_significant_detected_blocker,"[""conditional_compilation""]",medium
2,redis-plus-plus,397f9c7be0eb82ce92545f259a7f66ab992bd7ee,src/sw/redis++/redis.h,835,837,function,mset,3,"{""bitfield"": false, ""branch_complexity_proxy"": 0, ""c_array"": false, ""call_count"": 4, ""callback"": false, ""calloc"": false, ""conditional_compilation"": true, ""explicit_abi_boundary"": false, ""extern_declaration"": false, ""extern_or_abi_boundary"": false, ""flexible_array"": false, ""free"": false, ""function_pointer"": false, ""generated_source"": false, ""global_read"": false, ""global_write"": false, ""goto"": false, ""lexical_ambiguity"": false, ""longjmp"": false, ""macro_density"": 0.0, ""macro_generated_declaration"": false, ""macro_use"": false, ""malloc"": false, ""memcpy"": false, ""memmove"": false, ""memset"": false, ""mutable_global"": false, ""parameter_count"": 1, ""platform_specific"": false, ""pointer_arithmetic"": false, ""pointer_count"": 0, ""pointer_to_pointer"": false, ""raw_pointer_parameter"": false, ""raw_pointer_return"": false, ""realloc"": false, ""setjmp"": false, ""static_local"": false, ""syscall"": false, ""third_party"": false, ""union"": false, ""va_list"": false, ""variadic"": false, ""void_pointer"": false}",TRIVIAL,no_significant_detected_blocker,"[""conditional_compilation""]",medium
2,redis-plus-plus,397f9c7be0eb82ce92545f259a7f66ab992bd7ee,src/sw/redis++/redis.h,869,871,function,msetnx,3,"{""bitfield"": false, ""branch_complexity_proxy"": 0, ""c_array"": false, ""call_count"": 4, ""callback"": false, ""calloc"": false, ""conditional_compilation"": true, ""explicit_abi_boundary"": false, ""extern_declaration"": false, ""extern_or_abi_boundary"": false, ""flexible_array"": false, ""free"": false, ""function_pointer"": false, ""generated_source"": false, ""global_read"": false, ""global_write"": false, ""goto"": false, ""lexical_ambiguity"": false, ""longjmp"": false, ""macro_density"": 0.0, ""macro_generated_declaration"": false, ""macro_use"": false, ""malloc"": false, ""memcpy"": false, ""memmove"": false, ""memset"": false, ""mutable_global"": false, ""parameter_count"": 1, ""platform_specific"": false, ""pointer_arithmetic"": false, ""pointer_count"": 0, ""pointer_to_pointer"": false, ""raw_pointer_parameter"": false, ""raw_pointer_return"": false, ""realloc"": false, ""setjmp"": false, ""static_local"": false, ""syscall"": false, ""third_party"": false, ""union"": false, ""va_list"": false, ""variadic"": false, ""void_pointer"": false}",TRIVIAL,no_significant_detected_blocker,"[""conditional_compilation""]",medium
2,redis-plus-plus,397f9c7be0eb82ce92545f259a7f66ab992bd7ee,src/sw/redis++/redis.h,1041,1043,function,blpop,3,"{""bitfield"": false, ""branch_complexity_proxy"": 0, ""c_array"": false, ""call_count"": 4, ""callback"": false, ""calloc"": false, ""conditional_compilation"": true, ""explicit_abi_boundary"": false, ""extern_declaration"": false, ""extern_or_abi_boundary"": false, ""flexible_array"": false, ""free"": false, ""function_pointer"": false, ""generated_source"": false, ""global_read"": false, ""global_write"": false, ""goto"": false, ""lexical_ambiguity"": false, ""longjmp"": false, ""macro_density"": 0.0, ""macro_generated_declaration"": false, ""macro_use"": false, ""malloc"": false, ""memcpy"": false, ""memmove"": false, ""memset"": false, ""mutable_global"": false, ""parameter_count"": 2, ""platform_specific"": false, ""pointer_arithmetic"": false, ""pointer_count"": 0, ""pointer_to_pointer"": false, ""raw_pointer_parameter"": false, ""raw_pointer_return"": false, ""realloc"": false, ""setjmp"": false, ""static_local"": false, ""syscall"": false, ""third_party"": false, ""union"": false, ""va_list"": false, ""variadic"": false, ""void_pointer"": false}",TRIVIAL,no_significant_detected_blocker,"[""conditional_compilation""]",medium
2,redis-plus-plus,397f9c7be0eb82ce92545f259a7f66ab992bd7ee,src/sw/redis++/redis.h,1109,1111,function,brpop,3,"{""bitfield"": false, ""branch_complexity_proxy"": 0, ""c_array"": false, ""call_count"": 4, ""callback"": false, ""calloc"": false, ""conditional_compilation"": true, ""explicit_abi_boundary"": false, ""extern_declaration"": false, ""extern_or_abi_boundary"": false, ""flexible_array"": false, ""free"": false, ""function_pointer"": false, ""generated_source"": false, ""global_read"": false, ""global_write"": false, ""goto"": false, ""lexical_ambiguity"": false, ""longjmp"": false, ""macro_density"": 0.0, ""macro_generated_declaration"": false, ""macro_use"": false, ""malloc"": false, ""memcpy"": false, ""memmove"": false, ""memset"": false, ""mutable_global"": false, ""parameter_count"": 2, ""platform_specific"": false, ""pointer_arithmetic"": false, ""pointer_count"": 0, ""pointer_to_pointer"": false, ""raw_pointer_parameter"": false, ""raw_pointer_return"": false, ""realloc"": false, ""setjmp"": false, ""static_local"": false, ""syscall"": false, ""third_party"": false, ""union"": false, ""va_list"": false, ""variadic"": false, ""void_pointer"": false}",TRIVIAL,no_significant_detected_blocker,"[""conditional_compilation""]",medium
2,redis-plus-plus,397f9c7be0eb82ce92545f259a7f66ab992bd7ee,src/sw/redis++/redis.h,1249,1251,function,lpush,3,"{""bitfield"": false, ""branch_complexity_proxy"": 0, ""c_array"": false, ""call_count"": 4, ""callback"": false, ""calloc"": false, ""conditional_compilation"": true, ""explicit_abi_boundary"": false, ""extern_declaration"": false, ""extern_or_abi_boundary"": false, ""flexible_array"": false, ""free"": false, ""function_pointer"": false, ""generated_source"": false, ""global_read"": false, ""global_write"": false, ""goto"": false, ""lexical_ambiguity"": false, ""longjmp"": false, ""macro_density"": 0.0, ""macro_generated_declaration"": false, ""macro_use"": false, ""malloc"": false, ""memcpy"": false, ""memmove"": false, ""memset"": false, ""mutable_global"": false, ""parameter_count"": 2, ""platform_specific"": false, ""pointer_arithmetic"": false, ""pointer_count"": 0, ""pointer_to_pointer"": false, ""raw_pointer_parameter"": false, ""raw_pointer_return"": false, ""realloc"": false, ""setjmp"": false, ""static_local"": false, ""syscall"": false, ""third_party"": false, ""union"": false, ""va_list"": false, ""variadic"": false, ""void_pointer"": false}",TRIVIAL,no_significant_detected_blocker,"[""conditional_compilation""]",medium
2,redis-plus-plus,397f9c7be0eb82ce92545f259a7f66ab992bd7ee,src/sw/redis++/redis.h,1337,1339,function,rpush,3,"{""bitfield"": false, ""branch_complexity_proxy"": 0, ""c_array"": false, ""call_count"": 4, ""callback"": false, ""calloc"": false, ""conditional_compilation"": true, ""explicit_abi_boundary"": false, ""extern_declaration"": false, ""extern_or_abi_boundary"": false, ""flexible_array"": false, ""free"": false, ""function_pointer"": false, ""generated_source"": false, ""global_read"": false, ""global_write"": false, ""goto"": false, ""lexical_ambiguity"": false, ""longjmp"": false, ""macro_density"": 0.0, ""macro_generated_declaration"": false, ""macro_use"": false, ""malloc"": false, ""memcpy"": false, ""memmove"": false, ""memset"": false, ""mutable_global"": false, ""parameter_count"": 2, ""platform_specific"": false, ""pointer_arithmetic"": false, ""pointer_count"": 0, ""pointer_to_pointer"": false, ""raw_pointer_parameter"": false, ""raw_pointer_return"": false, ""realloc"": false, ""setjmp"": false, ""static_local"": false, ""syscall"": false, ""third_party"": false, ""union"": false, ""va_list"": false, ""variadic"": false, ""void_pointer"": false}",TRIVIAL,no_significant_detected_blocker,"[""conditional_compilation""]",medium
2,redis-plus-plus,397f9c7be0eb82ce92545f259a7f66ab992bd7ee,src/sw/redis++/redis.h,1449,1451,function,hdel,3,"{""bitfield"": false, ""branch_complexity_proxy"": 0, ""c_array"": false, ""call_count"": 4, ""callback"": false, ""calloc"": false, ""conditional_compilation"": true, ""explicit_abi_boundary"": false, ""extern_declaration"": false, ""extern_or_abi_boundary"": false, ""flexible_array"": false, ""free"": false, ""function_pointer"": false, ""generated_source"": false, ""global_read"": false, ""global_write"": false, ""goto"": false, ""lexical_ambiguity"": false, ""longjmp"": false, ""macro_density"": 0.0, ""macro_generated_declaration"": false, ""macro_use"": false, ""malloc"": false, ""memcpy"": false, ""memmove"": false, ""memset"": false, ""mutable_global"": false, ""parameter_count"": 2, ""platform_specific"": false, ""pointer_arithmetic"": false, ""pointer_count"": 0, ""pointer_to_pointer"": false, ""raw_pointer_parameter"": false, ""raw_pointer_return"": false, ""realloc"": false, ""setjmp"": false, ""static_local"": false, ""syscall"": false, ""third_party"": false, ""union"": false, ""va_list"": false, ""variadic"": false, ""void_pointer"": false}",TRIVIAL,no_significant_detected_blocker,"[""conditional_compilation""]",medium
2,redis-plus-plus,397f9c7be0eb82ce92545f259a7f66ab992bd7ee,src/sw/redis++/redis.h,1563,1565,function,hmget,3,"{""bitfield"": false, ""branch_complexity_proxy"": 0, ""c_array"": false, ""call_count"": 4, ""callback"": false, ""calloc"": false, ""conditional_compilation"": true, ""explicit_abi_boundary"": false, ""extern_declaration"": false, ""extern_or_abi_boundary"": false, ""flexible_array"": false, ""free"": false, ""function_pointer"": false, ""generated_source"": false, ""global_read"": false, ""global_write"": false, ""goto"": false, ""lexical_ambiguity"": false, ""longjmp"": false, ""macro_density"": 0.0, ""macro_generated_declaration"": false, ""macro_use"": false, ""malloc"": false, ""memcpy"": false, ""memmove"": false, ""memset"": false, ""mutable_global"": false, ""parameter_count"": 3, ""platform_specific"": false, ""pointer_arithmetic"": false, ""pointer_count"": 0, ""pointer_to_pointer"": false, ""raw_pointer_parameter"": false, ""raw_pointer_return"": false, ""realloc"": false, ""setjmp"": false, ""static_local"": false, ""syscall"": false, ""third_party"": false, ""union"": false, ""va_list"": false, ""variadic"": false, ""void_pointer"": false}",TRIVIAL,no_significant_detected_blocker,"[""conditional_compilation""]",medium
2,redis-plus-plus,397f9c7be0eb82ce92545f259a7f66ab992bd7ee,src/sw/redis++/redis.h,1591,1593,function,hmset,3,"{""bitfield"": false, ""branch_complexity_proxy"": 0, ""c_array"": false, ""call_count"": 4, ""callback"": false, ""calloc"": false, ""conditional_compilation"": true, ""explicit_abi_boundary"": false, ""extern_declaration"": false, ""extern_or_abi_boundary"": false, ""flexible_array"": false, ""free"": false, ""function_pointer"": false, ""generated_source"": false, ""global_read"": false, ""global_write"": false, ""goto"": false, ""lexical_ambiguity"": false, ""longjmp"": false, ""macro_density"": 0.0, ""macro_generated_declaration"": false, ""macro_use"": false, ""malloc"": false, ""memcpy"": false, ""memmove"": false, ""memset"": false, ""mutable_global"": false, ""parameter_count"": 2, ""platform_specific"": false, ""pointer_arithmetic"": false, ""pointer_count"": 0, ""pointer_to_pointer"": false, ""raw_pointer_parameter"": false, ""raw_pointer_return"": false, ""realloc"": false, ""setjmp"": false, ""static_local"": false, ""syscall"": false, ""third_party"": false, ""union"": false, ""va_list"": false, ""variadic"": false, ""void_pointer"": false}",TRIVIAL,no_significant_detected_blocker,"[""conditional_compilation""]",medium
2,redis-plus-plus,397f9c7be0eb82ce92545f259a7f66ab992bd7ee,src/sw/redis++/redis.h,1705,1707,function,hset,3,"{""bitfield"": false, ""branch_complexity_proxy"": 0, ""c_array"": false, ""call_count"": 4, ""callback"": false, ""calloc"": false, ""conditional_compilation"": true, ""explicit_abi_boundary"": false, ""extern_declaration"": false, ""extern_or_abi_boundary"": false, ""flexible_array"": false, ""free"": false, ""function_pointer"": false, ""generated_source"": false, ""global_read"": false, ""global_write"": false, ""goto"": false, ""lexical_ambiguity"": false, ""longjmp"": false, ""macro_density"": 0.0, ""macro_generated_declaration"": false, ""macro_use"": false, ""malloc"": false, ""memcpy"": false, ""memmove"": false, ""memset"": false, ""mutable_global"": false, ""parameter_count"": 2, ""platform_specific"": false, ""pointer_arithmetic"": false, ""pointer_count"": 0, ""pointer_to_pointer"": false, ""raw_pointer_parameter"": false, ""raw_pointer_return"": false, ""realloc"": false, ""setjmp"": false, ""static_local"": false, ""syscall"": false, ""third_party"": false, ""union"": false, ""va_list"": false, ""variadic"": false, ""void_pointer"": false}",TRIVIAL,no_significant_detected_blocker,"[""conditional_compilation""]",medium
2,redis-plus-plus,397f9c7be0eb82ce92545f259a7f66ab992bd7ee,src/sw/redis++/redis.h,1821,1823,function,sadd,3,"{""bitfield"": false, ""branch_complexity_proxy"": 0, ""c_array"": false, ""call_count"": 4, ""callback"": false, ""calloc"": false, ""conditional_compilation"": true, ""explicit_abi_boundary"": false, ""extern_declaration"": false, ""extern_or_abi_boundary"": false, ""flexible_array"": false, ""free"": false, ""function_pointer"": false, ""generated_source"": false, ""global_read"": false, ""global_write"": false, ""goto"": false, ""lexical_ambiguity"": false, ""longjmp"": false, ""macro_density"": 0.0, ""macro_generated_declaration"": false, ""macro_use"": false, ""malloc"": false, ""memcpy"": false, ""memmove"": false, ""memset"": false, ""mutable_global"": false, ""parameter_count"": 2, ""platform_specific"": false, ""pointer_arithmetic"": false, ""pointer_count"": 0, ""pointer_to_pointer"": false, ""raw_pointer_parameter"": false, ""raw_pointer_return"": false, ""realloc"": false, ""setjmp"": false, ""static_local"": false, ""syscall"": false, ""third_party"": false, ""union"": false, ""va_list"": false, ""variadic"": false, ""void_pointer"": false}",TRIVIAL,no_significant_detected_blocker,"[""conditional_compilation""]",medium
2,redis-plus-plus,397f9c7be0eb82ce92545f259a7f66ab992bd7ee,src/sw/redis++/redis.h,1845,1847,function,sdiff,3,"{""bitfield"": false, ""branch_complexity_proxy"": 0, ""c_array"": false, ""call_count"": 4, ""callback"": false, ""calloc"": false, ""conditional_compilation"": true, ""explicit_abi_boundary"": false, ""extern_declaration"": false, ""extern_or_abi_boundary"": false, ""flexible_array"": false, ""free"": false, ""function_pointer"": false, ""generated_source"": false, ""global_read"": false, ""global_write"": false, ""goto"": false, ""lexical_ambiguity"": false, ""longjmp"": false, ""macro_density"": 0.0, ""macro_generated_declaration"": false, ""macro_use"": false, ""malloc"": false, ""memcpy"": false, ""memmove"": false, ""memset"": false, ""mutable_global"": false, ""parameter_count"": 2, ""platform_specific"": false, ""pointer_arithmetic"": false, ""pointer_count"": 0, ""pointer_to_pointer"": false, ""raw_pointer_parameter"": false, ""raw_pointer_return"": false, ""realloc"": false, ""setjmp"": false, ""static_local"": false, ""syscall"": false, ""third_party"": false, ""union"": false, ""va_list"": false, ""variadic"": false, ""void_pointer"": false}",TRIVIAL,no_significant_detected_blocker,"[""conditional_compilation""]",medium
2,redis-plus-plus,397f9c7be0eb82ce92545f259a7f66ab992bd7ee,src/sw/redis++/redis.h,1873,1876,function,sdiffstore,4,"{""bitfield"": false, ""branch_complexity_proxy"": 0, ""c_array"": false, ""call_count"": 4, ""callback"": false, ""calloc"": false, ""conditional_compilation"": true, ""explicit_abi_boundary"": false, ""extern_declaration"": false, ""extern_or_abi_boundary"": false, ""flexible_array"": false, ""free"": false, ""function_pointer"": false, ""generated_source"": false, ""global_read"": false, ""global_write"": false, ""goto"": false, ""lexical_ambiguity"": false, ""longjmp"": false, ""macro_density"": 0.0, ""macro_generated_declaration"": false, ""macro_use"": false, ""malloc"": false, ""memcpy"": false, ""memmove"": false, ""memset"": false, ""mutable_global"": false, ""parameter_count"": 2, ""platform_specific"": false, ""pointer_arithmetic"": false, ""pointer_count"": 0, ""pointer_to_pointer"": false, ""raw_pointer_parameter"": false, ""raw_pointer_return"": false, ""realloc"": false, ""setjmp"": false, ""static_local"": false, ""syscall"": false, ""third_party"": false, ""union"": false, ""va_list"": false, ""variadic"": false, ""void_pointer"": false}",TRIVIAL,no_significant_detected_blocker,"[""conditional_compilation""]",medium
2,redis-plus-plus,397f9c7be0eb82ce92545f259a7f66ab992bd7ee,src/sw/redis++/redis.h,1892,1894,function,sinter,3,"{""bitfield"": false, ""branch_complexity_proxy"": 0, ""c_array"": false, ""call_count"": 4, ""callback"": false, ""calloc"": false, ""conditional_compilation"": true, ""explicit_abi_boundary"": false, ""extern_declaration"": false, ""extern_or_abi_boundary"": false, ""flexible_array"": false, ""free"": false, ""function_pointer"": false, ""generated_source"": false, ""global_read"": false, ""global_write"": false, ""goto"": false, ""lexical_ambiguity"": false, ""longjmp"": false, ""macro_density"": 0.0, ""macro_generated_declaration"": false, ""macro_use"": false, ""malloc"": false, ""memcpy"": false, ""memmove"": false, ""memset"": false, ""mutable_global"": false, ""parameter_count"": 2, ""platform_specific"": false, ""pointer_arithmetic"": false, ""pointer_count"": 0, ""pointer_to_pointer"": false, ""raw_pointer_parameter"": false, ""raw_pointer_return"": false, ""realloc"": false, ""setjmp"": false, ""static_local"": false, ""syscall"": false, ""third_party"": false, ""union"": false, ""va_list"": false, ""variadic"": false, ""void_pointer"": false}",TRIVIAL,no_significant_detected_blocker,"[""conditional_compilation""]",medium
2,redis-plus-plus,397f9c7be0eb82ce92545f259a7f66ab992bd7ee,src/sw/redis++/redis.h,1920,1923,function,sinterstore,4,"{""bitfield"": false, ""branch_complexity_proxy"": 0, ""c_array"": false, ""call_count"": 4, ""callback"": false, ""calloc"": false, ""conditional_compilation"": true, ""explicit_abi_boundary"": false, ""extern_declaration"": false, ""extern_or_abi_boundary"": false, ""flexible_array"": false, ""free"": false, ""function_pointer"": false, ""generated_source"": false, ""global_read"": false, ""global_write"": false, ""goto"": false, ""lexical_ambiguity"": false, ""longjmp"": false, ""macro_density"": 0.0, ""macro_generated_declaration"": false, ""macro_use"": false, ""malloc"": false, ""memcpy"": false, ""memmove"": false, ""memset"": false, ""mutable_global"": false, ""parameter_count"": 2, ""platform_specific"": false, ""pointer_arithmetic"": false, ""pointer_count"": 0, ""pointer_to_pointer"": false, ""raw_pointer_parameter"": false, ""raw_pointer_return"": false, ""realloc"": false, ""setjmp"": false, ""static_local"": false, ""syscall"": false, ""third_party"": false, ""union"": false, ""va_list"": false, ""variadic"": false, ""void_pointer"": false}",TRIVIAL,no_significant_detected_blocker,"[""conditional_compilation""]",medium
2,redis-plus-plus,397f9c7be0eb82ce92545f259a7f66ab992bd7ee,src/sw/redis++/redis.h,2027,2029,function,srem,3,"{""bitfield"": false, ""branch_complexity_proxy"": 0, ""c_array"": false, ""call_count"": 4, ""callback"": false, ""calloc"": false, ""conditional_compilation"": true, ""explicit_abi_boundary"": false, ""extern_declaration"": false, ""extern_or_abi_boundary"": false, ""flexible_array"": false, ""free"": false, ""function_pointer"": false, ""generated_source"": false, ""global_read"": false, ""global_write"": false, ""goto"": false, ""lexical_ambiguity"": false, ""longjmp"": false, ""macro_density"": 0.0, ""macro_generated_declaration"": false, ""macro_use"": false, ""malloc"": false, ""memcpy"": false, ""memmove"": false, ""memset"": false, ""mutable_global"": false, ""parameter_count"": 2, ""platform_specific"": false, ""pointer_arithmetic"": false, ""pointer_count"": 0, ""pointer_to_pointer"": false, ""raw_pointer_parameter"": false, ""raw_pointer_return"": false, ""realloc"": false, ""setjmp"": false, ""static_local"": false, ""syscall"": false, ""third_party"": false, ""union"": false, ""va_list"": false, ""variadic"": false, ""void_pointer"": false}",TRIVIAL,no_significant_detected_blocker,"[""conditional_compilation""]",medium
2,redis-plus-plus,397f9c7be0eb82ce92545f259a7f66ab992bd7ee,src/sw/redis++/redis.h,2110,2112,function,sunion,3,"{""bitfield"": false, ""branch_complexity_proxy"": 0, ""c_array"": false, ""call_count"": 4, ""callback"": false, ""calloc"": false, ""conditional_compilation"": true, ""explicit_abi_boundary"": false, ""extern_declaration"": false, ""extern_or_abi_boundary"": false, ""flexible_array"": false, ""free"": false, ""function_pointer"": false, ""generated_source"": false, ""global_read"": false, ""global_write"": false, ""goto"": false, ""lexical_ambiguity"": false, ""longjmp"": false, ""macro_density"": 0.0, ""macro_generated_declaration"": false, ""macro_use"": false, ""malloc"": false, ""memcpy"": false, ""memmove"": false, ""memset"": false, ""mutable_global"": false, ""parameter_count"": 2, ""platform_specific"": false, ""pointer_arithmetic"": false, ""pointer_count"": 0, ""pointer_to_pointer"": false, ""raw_pointer_parameter"": false, ""raw_pointer_return"": false, ""realloc"": false, ""setjmp"": false, ""static_local"": false, ""syscall"": false, ""third_party"": false, ""union"": false, ""va_list"": false, ""variadic"": false, ""void_pointer"": false}",TRIVIAL,no_significant_detected_blocker,"[""conditional_compilation""]",medium
2,redis-plus-plus,397f9c7be0eb82ce92545f259a7f66ab992bd7ee,src/sw/redis++/redis.h,2136,2138,function,sunionstore,3,"{""bitfield"": false, ""branch_complexity_proxy"": 0, ""c_array"": false, ""call_count"": 4, ""callback"": false, ""calloc"": false, ""conditional_compilation"": true, ""explicit_abi_boundary"": false, ""extern_declaration"": false, ""extern_or_abi_boundary"": false, ""flexible_array"": false, ""free"": false, ""function_pointer"": false, ""generated_source"": false, ""global_read"": false, ""global_write"": false, ""goto"": false, ""lexical_ambiguity"": false, ""longjmp"": false, ""macro_density"": 0.0, ""macro_generated_declaration"": false, ""macro_use"": false, ""malloc"": false, ""memcpy"": false, ""memmove"": false, ""memset"": false, ""mutable_global"": false, ""parameter_count"": 2, ""platform_specific"": false, ""pointer_arithmetic"": false, ""pointer_count"": 0, ""pointer_to_pointer"": false, ""raw_pointer_parameter"": false, ""raw_pointer_return"": false, ""realloc"": false, ""setjmp"": false, ""static_local"": false, ""syscall"": false, ""third_party"": false, ""union"": false, ""va_list"": false, ""variadic"": false, ""void_pointer"": false}",TRIVIAL,no_significant_detected_blocker,"[""conditional_compilation""]",medium
2,redis-plus-plus,397f9c7be0eb82ce92545f259a7f66ab992bd7ee,src/sw/redis++/redis.h,2377,2382,function,zadd,6,"{""bitfield"": false, ""branch_complexity_proxy"": 0, ""c_array"": false, ""call_count"": 4, ""callback"": false, ""calloc"": false, ""conditional_compilation"": true, ""explicit_abi_boundary"": false, ""extern_declaration"": false, ""extern_or_abi_boundary"": false, ""flexible_array"": false, ""free"": false, ""function_pointer"": false, ""generated_source"": false, ""global_read"": false, ""global_write"": false, ""goto"": false, ""lexical_ambiguity"": false, ""longjmp"": false, ""macro_density"": 0.0, ""macro_generated_declaration"": false, ""macro_use"": false, ""malloc"": false, ""memcpy"": false, ""memmove"": false, ""memset"": false, ""mutable_global"": false, ""parameter_count"": 4, ""platform_specific"": false, ""pointer_arithmetic"": false, ""pointer_count"": 0, ""pointer_to_pointer"": false, ""raw_pointer_parameter"": false, ""raw_pointer_return"": false, ""realloc"": false, ""setjmp"": false, ""static_local"": false, ""syscall"": false, ""third_party"": false, ""union"": false, ""va_list"": false, ""variadic"": false, ""void_pointer"": false}",TRIVIAL,no_significant_detected_blocker,"[""conditional_compilation""]",medium
2,redis-plus-plus,397f9c7be0eb82ce92545f259a7f66ab992bd7ee,src/sw/redis++/redis.h,2514,2518,function,zinterstore,5,"{""bitfield"": false, ""branch_complexity_proxy"": 0, ""c_array"": false, ""call_count"": 4, ""callback"": false, ""calloc"": false, ""conditional_compilation"": true, ""explicit_abi_boundary"": false, ""extern_declaration"": false, ""extern_or_abi_boundary"": false, ""flexible_array"": false, ""free"": false, ""function_pointer"": false, ""generated_source"": false, ""global_read"": false, ""global_write"": false, ""goto"": false, ""lexical_ambiguity"": false, ""longjmp"": false, ""macro_density"": 0.0, ""macro_generated_declaration"": false, ""macro_use"": false, ""malloc"": false, ""memcpy"": false, ""memmove"": false, ""memset"": false, ""mutable_global"": false, ""parameter_count"": 3, ""platform_specific"": false, ""pointer_arithmetic"": false, ""pointer_count"": 0, ""pointer_to_pointer"": false, ""raw_pointer_parameter"": false, ""raw_pointer_return"": false, ""realloc"": false, ""setjmp"": false, ""static_local"": false, ""syscall"": false, ""third_party"": false, ""union"": false, ""va_list"": false, ""variadic"": false, ""void_pointer"": false}",TRIVIAL,no_significant_detected_blocker,"[""conditional_compilation""]",medium
2,redis-plus-plus,397f9c7be0eb82ce92545f259a7f66ab992bd7ee,src/sw/redis++/redis.h,2774,2776,function,zrem,3,"{""bitfield"": false, ""branch_complexity_proxy"": 0, ""c_array"": false, ""call_count"": 4, ""callback"": false, ""calloc"": false, ""conditional_compilation"": true, ""explicit_abi_boundary"": false, ""extern_declaration"": false, ""extern_or_abi_boundary"": false, ""flexible_array"": false, ""free"": false, ""function_pointer"": false, ""generated_source"": false, ""global_read"": false, ""global_write"": false, ""goto"": false, ""lexical_ambiguity"": false, ""longjmp"": false, ""macro_density"": 0.0, ""macro_generated_declaration"": false, ""macro_use"": false, ""malloc"": false, ""memcpy"": false, ""memmove"": false, ""memset"": false, ""mutable_global"": false, ""parameter_count"": 2, ""platform_specific"": false, ""pointer_arithmetic"": false, ""pointer_count"": 0, ""pointer_to_pointer"": false, ""raw_pointer_parameter"": false, ""raw_pointer_return"": false, ""realloc"": false, ""setjmp"": false, ""static_local"": false, ""syscall"": false, ""third_party"": false, ""union"": false, ""va_list"": false, ""variadic"": false, ""void_pointer"": false}",TRIVIAL,no_significant_detected_blocker,"[""conditional_compilation""]",medium
2,redis-plus-plus,397f9c7be0eb82ce92545f259a7f66ab992bd7ee,src/sw/redis++/redis.h,3119,3123,function,zunionstore,5,"{""bitfield"": false, ""branch_complexity_proxy"": 0, ""c_array"": false, ""call_count"": 4, ""callback"": false, ""calloc"": false, ""conditional_compilation"": true, ""explicit_abi_boundary"": false, ""extern_declaration"": false, ""extern_or_abi_boundary"": false, ""flexible_array"": false, ""free"": false, ""function_pointer"": false, ""generated_source"": false, ""global_read"": false, ""global_write"": false, ""goto"": false, ""lexical_ambiguity"": false, ""longjmp"": false, ""macro_density"": 0.0, ""macro_generated_declaration"": false, ""macro_use"": false, ""malloc"": false, ""memcpy"": false, ""memmove"": false, ""memset"": false, ""mutable_global"": false, ""parameter_count"": 3, ""platform_specific"": false, ""pointer_arithmetic"": false, ""pointer_count"": 0, ""pointer_to_pointer"": false, ""raw_pointer_parameter"": false, ""raw_pointer_return"": false, ""realloc"": false, ""setjmp"": false, ""static_local"": false, ""syscall"": false, ""third_party"": false, ""union"": false, ""va_list"": false, ""variadic"": false, ""void_pointer"": false}",TRIVIAL,no_significant_detected_blocker,"[""conditional_compilation""]",medium
2,redis-plus-plus,397f9c7be0eb82ce92545f259a7f66ab992bd7ee,src/sw/redis++/redis.h,3164,3166,function,pfadd,3,"{""bitfield"": false, ""branch_complexity_proxy"": 0, ""c_array"": false, ""call_count"": 4, ""callback"": false, ""calloc"": false, ""conditional_compilation"": true, ""explicit_abi_boundary"": false, ""extern_declaration"": false, ""extern_or_abi_boundary"": false, ""flexible_array"": false, ""free"": false, ""function_pointer"": false, ""generated_source"": false, ""global_read"": false, ""global_write"": false, ""goto"": false, ""lexical_ambiguity"": false, ""longjmp"": false, ""macro_density"": 0.0, ""macro_generated_declaration"": false, ""macro_use"": false, ""malloc"": false, ""memcpy"": false, ""memmove"": false, ""memset"": false, ""mutable_global"": false, ""parameter_count"": 2, ""platform_specific"": false, ""pointer_arithmetic"": false, ""pointer_count"": 0, ""pointer_to_pointer"": false, ""raw_pointer_parameter"": false, ""raw_pointer_return"": false, ""realloc"": false, ""setjmp"": false, ""static_local"": false, ""syscall"": false, ""third_party"": false, ""union"": false, ""va_list"": false, ""variadic"": false, ""void_pointer"": false}",TRIVIAL,no_significant_detected_blocker,"[""conditional_compilation""]",medium
2,redis-plus-plus,397f9c7be0eb82ce92545f259a7f66ab992bd7ee,src/sw/redis++/redis.h,3174,3176,function,pfcount,3,"{""bitfield"": false, ""branch_complexity_proxy"": 0, ""c_array"": false, ""call_count"": 4, ""callback"": false, ""calloc"": false, ""conditional_compilation"": true, ""explicit_abi_boundary"": false, ""extern_declaration"": false, ""extern_or_abi_boundary"": false, ""flexible_array"": false, ""free"": false, ""function_pointer"": false, ""generated_source"": false, ""global_read"": false, ""global_write"": false, ""goto"": false, ""lexical_ambiguity"": false, ""longjmp"": false, ""macro_density"": 0.0, ""macro_generated_declaration"": false, ""macro_use"": false, ""malloc"": false, ""memcpy"": false, ""memmove"": false, ""memset"": false, ""mutable_global"": false, ""parameter_count"": 1, ""platform_specific"": false, ""pointer_arithmetic"": false, ""pointer_count"": 0, ""pointer_to_pointer"": false, ""raw_pointer_parameter"": false, ""raw_pointer_return"": false, ""realloc"": false, ""setjmp"": false, ""static_local"": false, ""syscall"": false, ""third_party"": false, ""union"": false, ""va_list"": false, ""variadic"": false, ""void_pointer"": false}",TRIVIAL,no_significant_detected_blocker,"[""conditional_compilation""]",medium
2,redis-plus-plus,397f9c7be0eb82ce92545f259a7f66ab992bd7ee,src/sw/redis++/redis.h,3184,3186,function,pfmerge,3,"{""bitfield"": false, ""branch_complexity_proxy"": 0, ""c_array"": false, ""call_count"": 4, ""callback"": false, ""calloc"": false, ""conditional_compilation"": true, ""explicit_abi_boundary"": false, ""extern_declaration"": false, ""extern_or_abi_boundary"": false, ""flexible_array"": false, ""free"": false, ""function_pointer"": false, ""generated_source"": false, ""global_read"": false, ""global_write"": false, ""goto"": false, ""lexical_ambiguity"": false, ""longjmp"": false, ""macro_density"": 0.0, ""macro_generated_declaration"": false, ""macro_use"": false, ""malloc"": false, ""memcpy"": false, ""memmove"": false, ""memset"": false, ""mutable_global"": false, ""parameter_count"": 2, ""platform_specific"": false, ""pointer_arithmetic"": false, ""pointer_count"": 0, ""pointer_to_pointer"": false, ""raw_pointer_parameter"": false, ""raw_pointer_return"": false, ""realloc"": false, ""setjmp"": false, ""static_local"": false, ""syscall"": false, ""third_party"": false, ""union"": false, ""va_list"": false, ""variadic"": false, ""void_pointer"": false}",TRIVIAL,no_significant_detected_blocker,"[""conditional_compilation""]",medium
2,redis-plus-plus,397f9c7be0eb82ce92545f259a7f66ab992bd7ee,src/sw/redis++/redis.h,3199,3202,function,geoadd,4,"{""bitfield"": false, ""branch_complexity_proxy"": 0, ""c_array"": false, ""call_count"": 4, ""callback"": false, ""calloc"": false, ""conditional_compilation"": true, ""explicit_abi_boundary"": false, ""extern_declaration"": false, ""extern_or_abi_boundary"": false, ""flexible_array"": false, ""free"": false, ""function_pointer"": false, ""generated_source"": false, ""global_read"": false, ""global_write"": false, ""goto"": false, ""lexical_ambiguity"": false, ""longjmp"": false, ""macro_density"": 0.0, ""macro_generated_declaration"": false, ""macro_use"": false, ""malloc"": false, ""memcpy"": false, ""memmove"": false, ""memset"": false, ""mutable_global"": false, ""parameter_count"": 2, ""platform_specific"": false, ""pointer_arithmetic"": false, ""pointer_count"": 0, ""pointer_to_pointer"": false, ""raw_pointer_parameter"": false, ""raw_pointer_return"": false, ""realloc"": false, ""setjmp"": false, ""static_local"": false, ""syscall"": false, ""third_party"": false, ""union"": false, ""va_list"": false, ""variadic"": false, ""void_pointer"": false}",TRIVIAL,no_significant_detected_blocker,"[""conditional_compilation""]",medium
2,redis-plus-plus,397f9c7be0eb82ce92545f259a7f66ab992bd7ee,src/sw/redis++/redis.h,3215,3217,function,geohash,3,"{""bitfield"": false, ""branch_complexity_proxy"": 0, ""c_array"": false, ""call_count"": 4, ""callback"": false, ""calloc"": false, ""conditional_compilation"": true, ""explicit_abi_boundary"": false, ""extern_declaration"": false, ""extern_or_abi_boundary"": false, ""flexible_array"": false, ""free"": false, ""function_pointer"": false, ""generated_source"": false, ""global_read"": false, ""global_write"": false, ""goto"": false, ""lexical_ambiguity"": false, ""longjmp"": false, ""macro_density"": 0.0, ""macro_generated_declaration"": false, ""macro_use"": false, ""malloc"": false, ""memcpy"": false, ""memmove"": false, ""memset"": false, ""mutable_global"": false, ""parameter_count"": 3, ""platform_specific"": false, ""pointer_arithmetic"": false, ""pointer_count"": 0, ""pointer_to_pointer"": false, ""raw_pointer_parameter"": false, ""raw_pointer_return"": false, ""realloc"": false, ""setjmp"": false, ""static_local"": false, ""syscall"": false, ""third_party"": false, ""union"": false, ""va_list"": false, ""variadic"": false, ""void_pointer"": false}",TRIVIAL,no_significant_detected_blocker,"[""conditional_compilation""]",medium
2,redis-plus-plus,397f9c7be0eb82ce92545f259a7f66ab992bd7ee,src/sw/redis++/redis.h,3225,3227,function,geopos,3,"{""bitfield"": false, ""branch_complexity_proxy"": 0, ""c_array"": false, ""call_count"": 4, ""callback"": false, ""calloc"": false, ""conditional_compilation"": true, ""explicit_abi_boundary"": false, ""extern_declaration"": false, ""extern_or_abi_boundary"": false, ""flexible_array"": false, ""free"": false, ""function_pointer"": false, ""generated_source"": false, ""global_read"": false, ""global_write"": false, ""goto"": false, ""lexical_ambiguity"": false, ""longjmp"": false, ""macro_density"": 0.0, ""macro_generated_declaration"": false, ""macro_use"": false, ""malloc"": false, ""memcpy"": false, ""memmove"": false, ""memset"": false, ""mutable_global"": false, ""parameter_count"": 3, ""platform_specific"": false, ""pointer_arithmetic"": false, ""pointer_count"": 0, ""pointer_to_pointer"": false, ""raw_pointer_parameter"": false, ""raw_pointer_return"": false, ""realloc"": false, ""setjmp"": false, ""static_local"": false, ""syscall"": false, ""third_party"": false, ""union"": false, ""va_list"": false, ""variadic"": false, ""void_pointer"": false}",TRIVIAL,no_significant_detected_blocker,"[""conditional_compilation""]",medium
2,redis-plus-plus,397f9c7be0eb82ce92545f259a7f66ab992bd7ee,src/sw/redis++/redis.h,3397,3399,function,script_exists,3,"{""bitfield"": false, ""branch_complexity_proxy"": 0, ""c_array"": false, ""call_count"": 4, ""callback"": false, ""calloc"": false, ""conditional_compilation"": true, ""explicit_abi_boundary"": false, ""extern_declaration"": false, ""extern_or_abi_boundary"": false, ""flexible_array"": false, ""free"": false, ""function_pointer"": false, ""generated_source"": false, ""global_read"": false, ""global_write"": false, ""goto"": false, ""lexical_ambiguity"": false, ""longjmp"": false, ""macro_density"": 0.0, ""macro_generated_declaration"": false, ""macro_use"": false, ""malloc"": false, ""memcpy"": false, ""memmove"": false, ""memset"": false, ""mutable_global"": false, ""parameter_count"": 2, ""platform_specific"": false, ""pointer_arithmetic"": false, ""pointer_count"": 0, ""pointer_to_pointer"": false, ""raw_pointer_parameter"": false, ""raw_pointer_return"": false, ""realloc"": false, ""setjmp"": false, ""static_local"": false, ""syscall"": false, ""third_party"": false, ""union"": false, ""va_list"": false, ""variadic"": false, ""void_pointer"": false}",TRIVIAL,no_significant_detected_blocker,"[""conditional_compilation""]",medium
2,redis-plus-plus,397f9c7be0eb82ce92545f259a7f66ab992bd7ee,src/sw/redis++/redis.h,3476,3478,function,watch,3,"{""bitfield"": false, ""branch_complexity_proxy"": 0, ""c_array"": false, ""call_count"": 4, ""callback"": false, ""calloc"": false, ""conditional_compilation"": true, ""explicit_abi_boundary"": false, ""extern_declaration"": false, ""extern_or_abi_boundary"": false, ""flexible_array"": false, ""free"": false, ""function_pointer"": false, ""generated_source"": false, ""global_read"": false, ""global_write"": false, ""goto"": false, ""lexical_ambiguity"": false, ""longjmp"": false, ""macro_density"": 0.0, ""macro_generated_declaration"": false, ""macro_use"": false, ""malloc"": false, ""memcpy"": false, ""memmove"": false, ""memset"": false, ""mutable_global"": false, ""parameter_count"": 1, ""platform_specific"": false, ""pointer_arithmetic"": false, ""pointer_count"": 0, ""pointer_to_pointer"": false, ""raw_pointer_parameter"": false, ""raw_pointer_return"": false, ""realloc"": false, ""setjmp"": false, ""static_local"": false, ""syscall"": false, ""third_party"": false, ""union"": false, ""va_list"": false, ""variadic"": false, ""void_pointer"": false}",TRIVIAL,no_significant_detected_blocker,"[""conditional_compilation""]",medium
2,redis-plus-plus,397f9c7be0eb82ce92545f259a7f66ab992bd7ee,src/sw/redis++/redis.h,3490,3492,function,xack,3,"{""bitfield"": false, ""branch_complexity_proxy"": 0, ""c_array"": false, ""call_count"": 4, ""callback"": false, ""calloc"": false, ""conditional_compilation"": true, ""explicit_abi_boundary"": false, ""extern_declaration"": false, ""extern_or_abi_boundary"": false, ""flexible_array"": false, ""free"": false, ""function_pointer"": false, ""generated_source"": false, ""global_read"": false, ""global_write"": false, ""goto"": false, ""lexical_ambiguity"": false, ""longjmp"": false, ""macro_density"": 0.0, ""macro_generated_declaration"": false, ""macro_use"": false, ""malloc"": false, ""memcpy"": false, ""memmove"": false, ""memset"": false, ""mutable_global"": false, ""parameter_count"": 3, ""platform_specific"": false, ""pointer_arithmetic"": false, ""pointer_count"": 0, ""pointer_to_pointer"": false, ""raw_pointer_parameter"": false, ""raw_pointer_return"": false, ""realloc"": false, ""setjmp"": false, ""static_local"": false, ""syscall"": false, ""third_party"": false, ""union"": false, ""va_list"": false, ""variadic"": false, ""void_pointer"": false}",TRIVIAL,no_significant_detected_blocker,"[""conditional_compilation""]",medium
2,redis-plus-plus,397f9c7be0eb82ce92545f259a7f66ab992bd7ee,src/sw/redis++/redis.h,3537,3544,function,xclaim,8,"{""bitfield"": false, ""branch_complexity_proxy"": 0, ""c_array"": false, ""call_count"": 4, ""callback"": false, ""calloc"": false, ""conditional_compilation"": true, ""explicit_abi_boundary"": false, ""extern_declaration"": false, ""extern_or_abi_boundary"": false, ""flexible_array"": false, ""free"": false, ""function_pointer"": false, ""generated_source"": false, ""global_read"": false, ""global_write"": false, ""goto"": false, ""lexical_ambiguity"": false, ""longjmp"": false, ""macro_density"": 0.0, ""macro_generated_declaration"": false, ""macro_use"": false, ""malloc"": false, ""memcpy"": false, ""memmove"": false, ""memset"": false, ""mutable_global"": false, ""parameter_count"": 6, ""platform_specific"": false, ""pointer_arithmetic"": false, ""pointer_count"": 0, ""pointer_to_pointer"": false, ""raw_pointer_parameter"": false, ""raw_pointer_return"": false, ""realloc"": false, ""setjmp"": false, ""static_local"": false, ""syscall"": false, ""third_party"": false, ""union"": false, ""va_list"": false, ""variadic"": false, ""void_pointer"": false}",TRIVIAL,no_significant_detected_blocker,"[""conditional_compilation""]",medium
2,redis-plus-plus,397f9c7be0eb82ce92545f259a7f66ab992bd7ee,src/sw/redis++/redis.h,3552,3554,function,xdel,3,"{""bitfield"": false, ""branch_complexity_proxy"": 0, ""c_array"": false, ""call_count"": 4, ""callback"": false, ""calloc"": false, ""conditional_compilation"": true, ""explicit_abi_boundary"": false, ""extern_declaration"": false, ""extern_or_abi_boundary"": false, ""flexible_array"": false, ""free"": false, ""function_pointer"": false, ""generated_source"": false, ""global_read"": false, ""global_write"": false, ""goto"": false, ""lexical_ambiguity"": false, ""longjmp"": false, ""macro_density"": 0.0, ""macro_generated_declaration"": false, ""macro_use"": false, ""malloc"": false, ""memcpy"": false, ""memmove"": false, ""memset"": false, ""mutable_global"": false, ""parameter_count"": 2, ""platform_specific"": false, ""pointer_arithmetic"": false, ""pointer_count"": 0, ""pointer_to_pointer"": false, ""raw_pointer_parameter"": false, ""raw_pointer_return"": false, ""realloc"": false, ""setjmp"": false, ""static_local"": false, ""syscall"": false, ""third_party"": false, ""union"": false, ""va_list"": false, ""variadic"": false, ""void_pointer"": false}",TRIVIAL,no_significant_detected_blocker,"[""conditional_compilation""]",medium
2,redis-plus-plus,397f9c7be0eb82ce92545f259a7f66ab992bd7ee,src/sw/redis++/redis.h,3612,3616,function,xread,5,"{""bitfield"": false, ""branch_complexity_proxy"": 0, ""c_array"": false, ""call_count"": 2, ""callback"": false, ""calloc"": false, ""conditional_compilation"": true, ""explicit_abi_boundary"": false, ""extern_declaration"": false, ""extern_or_abi_boundary"": false, ""flexible_array"": false, ""free"": false, ""function_pointer"": false, ""generated_source"": false, ""global_read"": false, ""global_write"": false, ""goto"": false, ""lexical_ambiguity"": false, ""longjmp"": false, ""macro_density"": 0.0, ""macro_generated_declaration"": false, ""macro_use"": false, ""malloc"": false, ""memcpy"": false, ""memmove"": false, ""memset"": false, ""mutable_global"": false, ""parameter_count"": 3, ""platform_specific"": false, ""pointer_arithmetic"": false, ""pointer_count"": 0, ""pointer_to_pointer"": false, ""raw_pointer_parameter"": false, ""raw_pointer_return"": false, ""realloc"": false, ""setjmp"": false, ""static_local"": false, ""syscall"": false, ""third_party"": false, ""union"": false, ""va_list"": false, ""variadic"": false, ""void_pointer"": false}",TRIVIAL,no_significant_detected_blocker,"[""conditional_compilation""]",medium
2,redis-plus-plus,397f9c7be0eb82ce92545f259a7f66ab992bd7ee,src/sw/redis++/redis.h,3636,3641,function,xread,6,"{""bitfield"": false, ""branch_complexity_proxy"": 0, ""c_array"": false, ""call_count"": 2, ""callback"": false, ""calloc"": false, ""conditional_compilation"": true, ""explicit_abi_boundary"": false, ""extern_declaration"": false, ""extern_or_abi_boundary"": false, ""flexible_array"": false, ""free"": false, ""function_pointer"": false, ""generated_source"": false, ""global_read"": false, ""global_write"": false, ""goto"": false, ""lexical_ambiguity"": false, ""longjmp"": false, ""macro_density"": 0.0, ""macro_generated_declaration"": false, ""macro_use"": false, ""malloc"": false, ""memcpy"": false, ""memmove"": false, ""memset"": false, ""mutable_global"": false, ""parameter_count"": 4, ""platform_specific"": false, ""pointer_arithmetic"": false, ""pointer_count"": 0, ""pointer_to_pointer"": false, ""raw_pointer_parameter"": false, ""raw_pointer_return"": false, ""realloc"": false, ""setjmp"": false, ""static_local"": false, ""syscall"": false, ""third_party"": false, ""union"": false, ""va_list"": false, ""variadic"": false, ""void_pointer"": false}",TRIVIAL,no_significant_detected_blocker,"[""conditional_compilation""]",medium
2,redis-plus-plus,397f9c7be0eb82ce92545f259a7f66ab992bd7ee,src/sw/redis++/redis.h,3670,3677,function,xreadgroup,8,"{""bitfield"": false, ""branch_complexity_proxy"": 0, ""c_array"": false, ""call_count"": 2, ""callback"": false, ""calloc"": false, ""conditional_compilation"": true, ""explicit_abi_boundary"": false, ""extern_declaration"": false, ""extern_or_abi_boundary"": false, ""flexible_array"": false, ""free"": false, ""function_pointer"": false, ""generated_source"": false, ""global_read"": false, ""global_write"": false, ""goto"": false, ""lexical_ambiguity"": false, ""longjmp"": false, ""macro_density"": 0.0, ""macro_generated_declaration"": false, ""macro_use"": false, ""malloc"": false, ""memcpy"": false, ""memmove"": false, ""memset"": false, ""mutable_global"": false, ""parameter_count"": 6, ""platform_specific"": false, ""pointer_arithmetic"": false, ""pointer_count"": 0, ""pointer_to_pointer"": false, ""raw_pointer_parameter"": false, ""raw_pointer_return"": false, ""realloc"": false, ""setjmp"": false, ""static_local"": false, ""syscall"": false, ""third_party"": false, ""union"": false, ""va_list"": false, ""variadic"": false, ""void_pointer"": false}",TRIVIAL,no_significant_detected_blocker,"[""conditional_compilation""]",medium
2,redis-plus-plus,397f9c7be0eb82ce92545f259a7f66ab992bd7ee,src/sw/redis++/redis.h,3680,3686,function,xreadgroup,7,"{""bitfield"": false, ""branch_complexity_proxy"": 0, ""c_array"": false, ""call_count"": 2, ""callback"": false, ""calloc"": false, ""conditional_compilation"": true, ""explicit_abi_boundary"": false, ""extern_declaration"": false, ""extern_or_abi_boundary"": false, ""flexible_array"": false, ""free"": false, ""function_pointer"": false, ""generated_source"": false, ""global_read"": false, ""global_write"": false, ""goto"": false, ""lexical_ambiguity"": false, ""longjmp"": false, ""macro_density"": 0.0, ""macro_generated_declaration"": false, ""macro_use"": false, ""malloc"": false, ""memcpy"": false, ""memmove"": false, ""memset"": false, ""mutable_global"": false, ""parameter_count"": 5, ""platform_specific"": false, ""pointer_arithmetic"": false, ""pointer_count"": 0, ""pointer_to_pointer"": false, ""raw_pointer_parameter"": false, ""raw_pointer_return"": false, ""realloc"": false, ""setjmp"": false, ""static_local"": false, ""syscall"": false, ""third_party"": false, ""union"": false, ""va_list"": false, ""variadic"": false, ""void_pointer"": false}",TRIVIAL,no_significant_detected_blocker,"[""conditional_compilation""]",medium
2,redis-plus-plus,397f9c7be0eb82ce92545f259a7f66ab992bd7ee,src/sw/redis++/redis.h,3730,3738,function,xreadgroup,9,"{""bitfield"": false, ""branch_complexity_proxy"": 0, ""c_array"": false, ""call_count"": 2, ""callback"": false, ""calloc"": false, ""conditional_compilation"": true, ""explicit_abi_boundary"": false, ""extern_declaration"": false, ""extern_or_abi_boundary"": false, ""flexible_array"": false, ""free"": false, ""function_pointer"": false, ""generated_source"": false, ""global_read"": false, ""global_write"": false, ""goto"": false, ""lexical_ambiguity"": false, ""longjmp"": false, ""macro_density"": 0.0, ""macro_generated_declaration"": false, ""macro_use"": false, ""malloc"": false, ""memcpy"": false, ""memmove"": false, ""memset"": false, ""mutable_global"": false, ""parameter_count"": 7, ""platform_specific"": false, ""pointer_arithmetic"": false, ""pointer_count"": 0, ""pointer_to_pointer"": false, ""raw_pointer_parameter"": false, ""raw_pointer_return"": false, ""realloc"": false, ""setjmp"": false, ""static_local"": false, ""syscall"": false, ""third_party"": false, ""union"": false, ""va_list"": false, ""variadic"": false, ""void_pointer"": false}",TRIVIAL,no_significant_detected_blocker,"[""conditional_compilation""]",medium
2,redis-plus-plus,397f9c7be0eb82ce92545f259a7f66ab992bd7ee,src/sw/redis++/redis.h,3741,3748,function,xreadgroup,8,"{""bitfield"": false, ""branch_complexity_proxy"": 0, ""c_array"": false, ""call_count"": 2, ""callback"": false, ""calloc"": false, ""conditional_compilation"": true, ""explicit_abi_boundary"": false, ""extern_declaration"": false, ""extern_or_abi_boundary"": false, ""flexible_array"": false, ""free"": false, ""function_pointer"": false, ""generated_source"": false, ""global_read"": false, ""global_write"": false, ""goto"": false, ""lexical_ambiguity"": false, ""longjmp"": false, ""macro_density"": 0.0, ""macro_generated_declaration"": false, ""macro_use"": false, ""malloc"": false, ""memcpy"": false, ""memmove"": false, ""memset"": false, ""mutable_global"": false, ""parameter_count"": 6, ""platform_specific"": false, ""pointer_arithmetic"": false, ""pointer_count"": 0, ""pointer_to_pointer"": false, ""raw_pointer_parameter"": false, ""raw_pointer_return"": false, ""realloc"": false, ""setjmp"": false, ""static_local"": false, ""syscall"": false, ""third_party"": false, ""union"": false, ""va_list"": false, ""variadic"": false, ""void_pointer"": false}",TRIVIAL,no_significant_detected_blocker,"[""conditional_compilation""]",medium
2,redis-plus-plus,397f9c7be0eb82ce92545f259a7f66ab992bd7ee,src/sw/redis++/redis.h,3821,3823,function,_command,3,"{""bitfield"": false, ""branch_complexity_proxy"": 0, ""c_array"": false, ""call_count"": 2, ""callback"": false, ""calloc"": false, ""conditional_compilation"": true, ""explicit_abi_boundary"": false, ""extern_declaration"": false, ""extern_or_abi_boundary"": false, ""flexible_array"": false, ""free"": false, ""function_pointer"": false, ""generated_source"": false, ""global_read"": false, ""global_write"": false, ""goto"": false, ""lexical_ambiguity"": false, ""longjmp"": false, ""macro_density"": 0.0, ""macro_generated_declaration"": false, ""macro_use"": false, ""malloc"": false, ""memcpy"": false, ""memmove"": false, ""memset"": false, ""mutable_global"": false, ""parameter_count"": 3, ""platform_specific"": false, ""pointer_arithmetic"": false, ""pointer_count"": 0, ""pointer_to_pointer"": false, ""raw_pointer_parameter"": false, ""raw_pointer_return"": false, ""realloc"": false, ""setjmp"": false, ""static_local"": false, ""syscall"": false, ""third_party"": false, ""union"": false, ""va_list"": false, ""variadic"": true, ""void_pointer"": false}",NEEDS_TRANSPILER,variadic,[],medium
2,redis-plus-plus,397f9c7be0eb82ce92545f259a7f66ab992bd7ee,src/sw/redis++/redis_cluster.h,56,56,function,RedisCluster,1,"{""bitfield"": false, ""branch_complexity_proxy"": 0, ""c_array"": false, ""call_count"": 3, ""callback"": false, ""calloc"": false, ""conditional_compilation"": true, ""explicit_abi_boundary"": false, ""extern_declaration"": false, ""extern_or_abi_boundary"": false, ""flexible_array"": false, ""free"": false, ""function_pointer"": false, ""generated_source"": false, ""global_read"": false, ""global_write"": false, ""goto"": false, ""lexical_ambiguity"": false, ""longjmp"": false, ""macro_density"": 0.0, ""macro_generated_declaration"": false, ""macro_use"": false, ""malloc"": false, ""memcpy"": false, ""memmove"": false, ""memset"": false, ""mutable_global"": false, ""parameter_count"": 1, ""platform_specific"": false, ""pointer_arithmetic"": false, ""pointer_count"": 0, ""pointer_to_pointer"": false, ""raw_pointer_parameter"": false, ""raw_pointer_return"": false, ""realloc"": false, ""setjmp"": false, ""static_local"": false, ""syscall"": false, ""third_party"": false, ""union"": false, ""va_list"": false, ""variadic"": false, ""void_pointer"": false}",TRIVIAL,no_significant_detected_blocker,"[""conditional_compilation""]",medium
2,redis-plus-plus,397f9c7be0eb82ce92545f259a7f66ab992bd7ee,src/sw/redis++/redis_cluster.h,125,127,function,del,3,"{""bitfield"": false, ""branch_complexity_proxy"": 0, ""c_array"": false, ""call_count"": 4, ""callback"": false, ""calloc"": false, ""conditional_compilation"": true, ""explicit_abi_boundary"": false, ""extern_declaration"": false, ""extern_or_abi_boundary"": false, ""flexible_array"": false, ""free"": false, ""function_pointer"": false, ""generated_source"": false, ""global_read"": false, ""global_write"": false, ""goto"": false, ""lexical_ambiguity"": false, ""longjmp"": false, ""macro_density"": 0.0, ""macro_generated_declaration"": false, ""macro_use"": false, ""malloc"": false, ""memcpy"": false, ""memmove"": false, ""memset"": false, ""mutable_global"": false, ""parameter_count"": 1, ""platform_specific"": false, ""pointer_arithmetic"": false, ""pointer_count"": 0, ""pointer_to_pointer"": false, ""raw_pointer_parameter"": false, ""raw_pointer_return"": false, ""realloc"": false, ""setjmp"": false, ""static_local"": false, ""syscall"": false, ""third_party"": false, ""union"": false, ""va_list"": false, ""variadic"": false, ""void_pointer"": false}",TRIVIAL,no_significant_detected_blocker,"[""conditional_compilation""]",medium
2,redis-plus-plus,397f9c7be0eb82ce92545f259a7f66ab992bd7ee,src/sw/redis++/redis_cluster.h,137,139,function,exists,3,"{""bitfield"": false, ""branch_complexity_proxy"": 0, ""c_array"": false, ""call_count"": 4, ""callback"": false, ""calloc"": false, ""conditional_compilation"": true, ""explicit_abi_boundary"": false, ""extern_declaration"": false, ""extern_or_abi_boundary"": false, ""flexible_array"": false, ""free"": false, ""function_pointer"": false, ""generated_source"": false, ""global_read"": false, ""global_write"": false, ""goto"": false, ""lexical_ambiguity"": false, ""longjmp"": false, ""macro_density"": 0.0, ""macro_generated_declaration"": false, ""macro_use"": false, ""malloc"": false, ""memcpy"": false, ""memmove"": false, ""memset"": false, ""mutable_global"": false, ""parameter_count"": 1, ""platform_specific"": false, ""pointer_arithmetic"": false, ""pointer_count"": 0, ""pointer_to_pointer"": false, ""raw_pointer_parameter"": false, ""raw_pointer_return"": false, ""realloc"": false, ""setjmp"": false, ""static_local"": false, ""syscall"": false, ""third_party"": false, ""union"": false, ""va_list"": false, ""variadic"": false, ""void_pointer"": false}",TRIVIAL,no_significant_detected_blocker,"[""conditional_compilation""]",medium
2,redis-plus-plus,397f9c7be0eb82ce92545f259a7f66ab992bd7ee,src/sw/redis++/redis_cluster.h,187,189,function,touch,3,"{""bitfield"": false, ""branch_complexity_proxy"": 0, ""c_array"": false, ""call_count"": 4, ""callback"": false, ""calloc"": false, ""conditional_compilation"": true, ""explicit_abi_boundary"": false, ""extern_declaration"": false, ""extern_or_abi_boundary"": false, ""flexible_array"": false, ""free"": false, ""function_pointer"": false, ""generated_source"": false, ""global_read"": false, ""global_write"": false, ""goto"": false, ""lexical_ambiguity"": false, ""longjmp"": false, ""macro_density"": 0.0, ""macro_generated_declaration"": false, ""macro_use"": false, ""malloc"": false, ""memcpy"": false, ""memmove"": false, ""memset"": false, ""mutable_global"": false, ""parameter_count"": 1, ""platform_specific"": false, ""pointer_arithmetic"": false, ""pointer_count"": 0, ""pointer_to_pointer"": false, ""raw_pointer_parameter"": false, ""raw_pointer_return"": false, ""realloc"": false, ""setjmp"": false, ""static_local"": false, ""syscall"": false, ""third_party"": false, ""union"": false, ""va_list"": false, ""variadic"": false, ""void_pointer"": false}",TRIVIAL,no_significant_detected_blocker,"[""conditional_compilation""]",medium
2,redis-plus-plus,397f9c7be0eb82ce92545f259a7f66ab992bd7ee,src/sw/redis++/redis_cluster.h,201,203,function,unlink,3,"{""bitfield"": false, ""branch_complexity_proxy"": 0, ""c_array"": false, ""call_count"": 4, ""callback"": false, ""calloc"": false, ""conditional_compilation"": true, ""explicit_abi_boundary"": false, ""extern_declaration"": false, ""extern_or_abi_boundary"": false, ""flexible_array"": false, ""free"": false, ""function_pointer"": false, ""generated_source"": false, ""global_read"": false, ""global_write"": false, ""goto"": false, ""lexical_ambiguity"": false, ""longjmp"": false, ""macro_density"": 0.0, ""macro_generated_declaration"": false, ""macro_use"": false, ""malloc"": false, ""memcpy"": false, ""memmove"": false, ""memset"": false, ""mutable_global"": false, ""parameter_count"": 1, ""platform_specific"": false, ""pointer_arithmetic"": false, ""pointer_count"": 0, ""pointer_to_pointer"": false, ""raw_pointer_parameter"": false, ""raw_pointer_return"": false, ""realloc"": false, ""setjmp"": false, ""static_local"": false, ""syscall"": false, ""third_party"": false, ""union"": false, ""va_list"": false, ""variadic"": false, ""void_pointer"": false}",TRIVIAL,no_significant_detected_blocker,"[""conditional_compilation""]",medium
2,redis-plus-plus,397f9c7be0eb82ce92545f259a7f66ab992bd7ee,src/sw/redis++/redis_cluster.h,217,219,function,bitop,3,"{""bitfield"": false, ""branch_complexity_proxy"": 0, ""c_array"": false, ""call_count"": 4, ""callback"": false, ""calloc"": false, ""conditional_compilation"": true, ""explicit_abi_boundary"": false, ""extern_declaration"": false, ""extern_or_abi_boundary"": false, ""flexible_array"": false, ""free"": false, ""function_pointer"": false, ""generated_source"": false, ""global_read"": false, ""global_write"": false, ""goto"": false, ""lexical_ambiguity"": false, ""longjmp"": false, ""macro_density"": 0.0, ""macro_generated_declaration"": false, ""macro_use"": false, ""malloc"": false, ""memcpy"": false, ""memmove"": false, ""memset"": false, ""mutable_global"": false, ""parameter_count"": 3, ""platform_specific"": false, ""pointer_arithmetic"": false, ""pointer_count"": 0, ""pointer_to_pointer"": false, ""raw_pointer_parameter"": false, ""raw_pointer_return"": false, ""realloc"": false, ""setjmp"": false, ""static_local"": false, ""syscall"": false, ""third_party"": false, ""union"": false, ""va_list"": false, ""variadic"": false, ""void_pointer"": false}",TRIVIAL,no_significant_detected_blocker,"[""conditional_compilation""]",medium
2,redis-plus-plus,397f9c7be0eb82ce92545f259a7f66ab992bd7ee,src/sw/redis++/redis_cluster.h,248,250,function,mget,3,"{""bitfield"": false, ""branch_complexity_proxy"": 0, ""c_array"": false, ""call_count"": 4, ""callback"": false, ""calloc"": false, ""conditional_compilation"": true, ""explicit_abi_boundary"": false, ""extern_declaration"": false, ""extern_or_abi_boundary"": false, ""flexible_array"": false, ""free"": false, ""function_pointer"": false, ""generated_source"": false, ""global_read"": false, ""global_write"": false, ""goto"": false, ""lexical_ambiguity"": false, ""longjmp"": false, ""macro_density"": 0.0, ""macro_generated_declaration"": false, ""macro_use"": false, ""malloc"": false, ""memcpy"": false, ""memmove"": false, ""memset"": false, ""mutable_global"": false, ""parameter_count"": 2, ""platform_specific"": false, ""pointer_arithmetic"": false, ""pointer_count"": 0, ""pointer_to_pointer"": false, ""raw_pointer_parameter"": false, ""raw_pointer_return"": false, ""realloc"": false, ""setjmp"": false, ""static_local"": false, ""syscall"": false, ""third_party"": false, ""union"": false, ""va_list"": false, ""variadic"": false, ""void_pointer"": false}",TRIVIAL,no_significant_detected_blocker,"[""conditional_compilation""]",medium
2,redis-plus-plus,397f9c7be0eb82ce92545f259a7f66ab992bd7ee,src/sw/redis++/redis_cluster.h,256,258,function,mset,3,"{""bitfield"": false, ""branch_complexity_proxy"": 0, ""c_array"": false, ""call_count"": 4, ""callback"": false, ""calloc"": false, ""conditional_compilation"": true, ""explicit_abi_boundary"": false, ""extern_declaration"": false, ""extern_or_abi_boundary"": false, ""flexible_array"": false, ""free"": false, ""function_pointer"": false, ""generated_source"": false, ""global_read"": false, ""global_write"": false, ""goto"": false, ""lexical_ambiguity"": false, ""longjmp"": false, ""macro_density"": 0.0, ""macro_generated_declaration"": false, ""macro_use"": false, ""malloc"": false, ""memcpy"": false, ""memmove"": false, ""memset"": false, ""mutable_global"": false, ""parameter_count"": 1, ""platform_specific"": false, ""pointer_arithmetic"": false, ""pointer_count"": 0, ""pointer_to_pointer"": false, ""raw_pointer_parameter"": false, ""raw_pointer_return"": false, ""realloc"": false, ""setjmp"": false, ""static_local"": false, ""syscall"": false, ""third_party"": false, ""union"": false, ""va_list"": false, ""variadic"": false, ""void_pointer"": false}",TRIVIAL,no_significant_detected_blocker,"[""conditional_compilation""]",medium
2,redis-plus-plus,397f9c7be0eb82ce92545f259a7f66ab992bd7ee,src/sw/redis++/redis_cluster.h,264,266,function,msetnx,3,"{""bitfield"": false, ""branch_complexity_proxy"": 0, ""c_array"": false, ""call_count"": 4, ""callback"": false, ""calloc"": false, ""conditional_compilation"": true, ""explicit_abi_boundary"": false, ""extern_declaration"": false, ""extern_or_abi_boundary"": false, ""flexible_array"": false, ""free"": false, ""function_pointer"": false, ""generated_source"": false, ""global_read"": false, ""global_write"": false, ""goto"": false, ""lexical_ambiguity"": false, ""longjmp"": false, ""macro_density"": 0.0, ""macro_generated_declaration"": false, ""macro_use"": false, ""malloc"": false, ""memcpy"": false, ""memmove"": false, ""memset"": false, ""mutable_global"": false, ""parameter_count"": 1, ""platform_specific"": false, ""pointer_arithmetic"": false, ""pointer_count"": 0, ""pointer_to_pointer"": false, ""raw_pointer_parameter"": false, ""raw_pointer_return"": false, ""realloc"": false, ""setjmp"": false, ""static_local"": false, ""syscall"": false, ""third_party"": false, ""union"": false, ""va_list"": false, ""variadic"": false, ""void_pointer"": false}",TRIVIAL,no_significant_detected_blocker,"[""conditional_compilation""]",medium
2,redis-plus-plus,397f9c7be0eb82ce92545f259a7f66ab992bd7ee,src/sw/redis++/redis_cluster.h,321,323,function,blpop,3,"{""bitfield"": false, ""branch_complexity_proxy"": 0, ""c_array"": false, ""call_count"": 4, ""callback"": false, ""calloc"": false, ""conditional_compilation"": true, ""explicit_abi_boundary"": false, ""extern_declaration"": false, ""extern_or_abi_boundary"": false, ""flexible_array"": false, ""free"": false, ""function_pointer"": false, ""generated_source"": false, ""global_read"": false, ""global_write"": false, ""goto"": false, ""lexical_ambiguity"": false, ""longjmp"": false, ""macro_density"": 0.0, ""macro_generated_declaration"": false, ""macro_use"": false, ""malloc"": false, ""memcpy"": false, ""memmove"": false, ""memset"": false, ""mutable_global"": false, ""parameter_count"": 2, ""platform_specific"": false, ""pointer_arithmetic"": false, ""pointer_count"": 0, ""pointer_to_pointer"": false, ""raw_pointer_parameter"": false, ""raw_pointer_return"": false, ""realloc"": false, ""setjmp"": false, ""static_local"": false, ""syscall"": false, ""third_party"": false, ""union"": false, ""va_list"": false, ""variadic"": false, ""void_pointer"": false}",TRIVIAL,no_significant_detected_blocker,"[""conditional_compilation""]",medium
2,redis-plus-plus,397f9c7be0eb82ce92545f259a7f66ab992bd7ee,src/sw/redis++/redis_cluster.h,345,347,function,brpop,3,"{""bitfield"": false, ""branch_complexity_proxy"": 0, ""c_array"": false, ""call_count"": 4, ""callback"": false, ""calloc"": false, ""conditional_compilation"": true, ""explicit_abi_boundary"": false, ""extern_declaration"": false, ""extern_or_abi_boundary"": false, ""flexible_array"": false, ""free"": false, ""function_pointer"": false, ""generated_source"": false, ""global_read"": false, ""global_write"": false, ""goto"": false, ""lexical_ambiguity"": false, ""longjmp"": false, ""macro_density"": 0.0, ""macro_generated_declaration"": false, ""macro_use"": false, ""malloc"": false, ""memcpy"": false, ""memmove"": false, ""memset"": false, ""mutable_global"": false, ""parameter_count"": 2, ""platform_specific"": false, ""pointer_arithmetic"": false, ""pointer_count"": 0, ""pointer_to_pointer"": false, ""raw_pointer_parameter"": false, ""raw_pointer_return"": false, ""realloc"": false, ""setjmp"": false, ""static_local"": false, ""syscall"": false, ""third_party"": false, ""union"": false, ""va_list"": false, ""variadic"": false, ""void_pointer"": false}",TRIVIAL,no_significant_detected_blocker,"[""conditional_compilation""]",medium
2,redis-plus-plus,397f9c7be0eb82ce92545f259a7f66ab992bd7ee,src/sw/redis++/redis_cluster.h,385,387,function,lpush,3,"{""bitfield"": false, ""branch_complexity_proxy"": 0, ""c_array"": false, ""call_count"": 4, ""callback"": false, ""calloc"": false, ""conditional_compilation"": true, ""explicit_abi_boundary"": false, ""extern_declaration"": false, ""extern_or_abi_boundary"": false, ""flexible_array"": false, ""free"": false, ""function_pointer"": false, ""generated_source"": false, ""global_read"": false, ""global_write"": false, ""goto"": false, ""lexical_ambiguity"": false, ""longjmp"": false, ""macro_density"": 0.0, ""macro_generated_declaration"": false, ""macro_use"": false, ""malloc"": false, ""memcpy"": false, ""memmove"": false, ""memset"": false, ""mutable_global"": false, ""parameter_count"": 2, ""platform_specific"": false, ""pointer_arithmetic"": false, ""pointer_count"": 0, ""pointer_to_pointer"": false, ""raw_pointer_parameter"": false, ""raw_pointer_return"": false, ""realloc"": false, ""setjmp"": false, ""static_local"": false, ""syscall"": false, ""third_party"": false, ""union"": false, ""va_list"": false, ""variadic"": false, ""void_pointer"": false}",TRIVIAL,no_significant_detected_blocker,"[""conditional_compilation""]",medium
2,redis-plus-plus,397f9c7be0eb82ce92545f259a7f66ab992bd7ee,src/sw/redis++/redis_cluster.h,410,412,function,rpush,3,"{""bitfield"": false, ""branch_complexity_proxy"": 0, ""c_array"": false, ""call_count"": 4, ""callback"": false, ""calloc"": false, ""conditional_compilation"": true, ""explicit_abi_boundary"": false, ""extern_declaration"": false, ""extern_or_abi_boundary"": false, ""flexible_array"": false, ""free"": false, ""function_pointer"": false, ""generated_source"": false, ""global_read"": false, ""global_write"": false, ""goto"": false, ""lexical_ambiguity"": false, ""longjmp"": false, ""macro_density"": 0.0, ""macro_generated_declaration"": false, ""macro_use"": false, ""malloc"": false, ""memcpy"": false, ""memmove"": false, ""memset"": false, ""mutable_global"": false, ""parameter_count"": 2, ""platform_specific"": false, ""pointer_arithmetic"": false, ""pointer_count"": 0, ""pointer_to_pointer"": false, ""raw_pointer_parameter"": false, ""raw_pointer_return"": false, ""realloc"": false, ""setjmp"": false, ""static_local"": false, ""syscall"": false, ""third_party"": false, ""union"": false, ""va_list"": false, ""variadic"": false, ""void_pointer"": false}",TRIVIAL,no_significant_detected_blocker,"[""conditional_compilation""]",medium
2,redis-plus-plus,397f9c7be0eb82ce92545f259a7f66ab992bd7ee,src/sw/redis++/redis_cluster.h,439,441,function,hdel,3,"{""bitfield"": false, ""branch_complexity_proxy"": 0, ""c_array"": false, ""call_count"": 4, ""callback"": false, ""calloc"": false, ""conditional_compilation"": true, ""explicit_abi_boundary"": false, ""extern_declaration"": false, ""extern_or_abi_boundary"": false, ""flexible_array"": false, ""free"": false, ""function_pointer"": false, ""generated_source"": false, ""global_read"": false, ""global_write"": false, ""goto"": false, ""lexical_ambiguity"": false, ""longjmp"": false, ""macro_density"": 0.0, ""macro_generated_declaration"": false, ""macro_use"": false, ""malloc"": false, ""memcpy"": false, ""memmove"": false, ""memset"": false, ""mutable_global"": false, ""parameter_count"": 2, ""platform_specific"": false, ""pointer_arithmetic"": false, ""pointer_count"": 0, ""pointer_to_pointer"": false, ""raw_pointer_parameter"": false, ""raw_pointer_return"": false, ""realloc"": false, ""setjmp"": false, ""static_local"": false, ""syscall"": false, ""third_party"": false, ""union"": false, ""va_list"": false, ""variadic"": false, ""void_pointer"": false}",TRIVIAL,no_significant_detected_blocker,"[""conditional_compilation""]",medium
2,redis-plus-plus,397f9c7be0eb82ce92545f259a7f66ab992bd7ee,src/sw/redis++/redis_cluster.h,463,465,function,hmget,3,"{""bitfield"": false, ""branch_complexity_proxy"": 0, ""c_array"": false, ""call_count"": 4, ""callback"": false, ""calloc"": false, ""conditional_compilation"": true, ""explicit_abi_boundary"": false, ""extern_declaration"": false, ""extern_or_abi_boundary"": false, ""flexible_array"": false, ""free"": false, ""function_pointer"": false, ""generated_source"": false, ""global_read"": false, ""global_write"": false, ""goto"": false, ""lexical_ambiguity"": false, ""longjmp"": false, ""macro_density"": 0.0, ""macro_generated_declaration"": false, ""macro_use"": false, ""malloc"": false, ""memcpy"": false, ""memmove"": false, ""memset"": false, ""mutable_global"": false, ""parameter_count"": 3, ""platform_specific"": false, ""pointer_arithmetic"": false, ""pointer_count"": 0, ""pointer_to_pointer"": false, ""raw_pointer_parameter"": false, ""raw_pointer_return"": false, ""realloc"": false, ""setjmp"": false, ""static_local"": false, ""syscall"": false, ""third_party"": false, ""union"": false, ""va_list"": false, ""variadic"": false, ""void_pointer"": false}",TRIVIAL,no_significant_detected_blocker,"[""conditional_compilation""]",medium
2,redis-plus-plus,397f9c7be0eb82ce92545f259a7f66ab992bd7ee,src/sw/redis++/redis_cluster.h,471,473,function,hmset,3,"{""bitfield"": false, ""branch_complexity_proxy"": 0, ""c_array"": false, ""call_count"": 4, ""callback"": false, ""calloc"": false, ""conditional_compilation"": true, ""explicit_abi_boundary"": false, ""extern_declaration"": false, ""extern_or_abi_boundary"": false, ""flexible_array"": false, ""free"": false, ""function_pointer"": false, ""generated_source"": false, ""global_read"": false, ""global_write"": false, ""goto"": false, ""lexical_ambiguity"": false, ""longjmp"": false, ""macro_density"": 0.0, ""macro_generated_declaration"": false, ""macro_use"": false, ""malloc"": false, ""memcpy"": false, ""memmove"": false, ""memset"": false, ""mutable_global"": false, ""parameter_count"": 2, ""platform_specific"": false, ""pointer_arithmetic"": false, ""pointer_count"": 0, ""pointer_to_pointer"": false, ""raw_pointer_parameter"": false, ""raw_pointer_return"": false, ""realloc"": false, ""setjmp"": false, ""static_local"": false, ""syscall"": false, ""third_party"": false, ""union"": false, ""va_list"": false, ""variadic"": false, ""void_pointer"": false}",TRIVIAL,no_significant_detected_blocker,"[""conditional_compilation""]",medium
2,redis-plus-plus,397f9c7be0eb82ce92545f259a7f66ab992bd7ee,src/sw/redis++/redis_cluster.h,508,510,function,hset,3,"{""bitfield"": false, ""branch_complexity_proxy"": 0, ""c_array"": false, ""call_count"": 4, ""callback"": false, ""calloc"": false, ""conditional_compilation"": true, ""explicit_abi_boundary"": false, ""extern_declaration"": false, ""extern_or_abi_boundary"": false, ""flexible_array"": false, ""free"": false, ""function_pointer"": false, ""generated_source"": false, ""global_read"": false, ""global_write"": false, ""goto"": false, ""lexical_ambiguity"": false, ""longjmp"": false, ""macro_density"": 0.0, ""macro_generated_declaration"": false, ""macro_use"": false, ""malloc"": false, ""memcpy"": false, ""memmove"": false, ""memset"": false, ""mutable_global"": false, ""parameter_count"": 2, ""platform_specific"": false, ""pointer_arithmetic"": false, ""pointer_count"": 0, ""pointer_to_pointer"": false, ""raw_pointer_parameter"": false, ""raw_pointer_return"": false, ""realloc"": false, ""setjmp"": false, ""static_local"": false, ""syscall"": false, ""third_party"": false, ""union"": false, ""va_list"": false, ""variadic"": false, ""void_pointer"": false}",TRIVIAL,no_significant_detected_blocker,"[""conditional_compilation""]",medium
2,redis-plus-plus,397f9c7be0eb82ce92545f259a7f66ab992bd7ee,src/sw/redis++/redis_cluster.h,580,582,function,sadd,3,"{""bitfield"": false, ""branch_complexity_proxy"": 0, ""c_array"": false, ""call_count"": 4, ""callback"": false, ""calloc"": false, ""conditional_compilation"": true, ""explicit_abi_boundary"": false, ""extern_declaration"": false, ""extern_or_abi_boundary"": false, ""flexible_array"": false, ""free"": false, ""function_pointer"": false, ""generated_source"": false, ""global_read"": false, ""global_write"": false, ""goto"": false, ""lexical_ambiguity"": false, ""longjmp"": false, ""macro_density"": 0.0, ""macro_generated_declaration"": false, ""macro_use"": false, ""malloc"": false, ""memcpy"": false, ""memmove"": false, ""memset"": false, ""mutable_global"": false, ""parameter_count"": 2, ""platform_specific"": false, ""pointer_arithmetic"": false, ""pointer_count"": 0, ""pointer_to_pointer"": false, ""raw_pointer_parameter"": false, ""raw_pointer_return"": false, ""realloc"": false, ""setjmp"": false, ""static_local"": false, ""syscall"": false, ""third_party"": false, ""union"": false, ""va_list"": false, ""variadic"": false, ""void_pointer"": false}",TRIVIAL,no_significant_detected_blocker,"[""conditional_compilation""]",medium
2,redis-plus-plus,397f9c7be0eb82ce92545f259a7f66ab992bd7ee,src/sw/redis++/redis_cluster.h,590,592,function,sdiff,3,"{""bitfield"": false, ""branch_complexity_proxy"": 0, ""c_array"": false, ""call_count"": 4, ""callback"": false, ""calloc"": false, ""conditional_compilation"": true, ""explicit_abi_boundary"": false, ""extern_declaration"": false, ""extern_or_abi_boundary"": false, ""flexible_array"": false, ""free"": false, ""function_pointer"": false, ""generated_source"": false, ""global_read"": false, ""global_write"": false, ""goto"": false, ""lexical_ambiguity"": false, ""longjmp"": false, ""macro_density"": 0.0, ""macro_generated_declaration"": false, ""macro_use"": false, ""malloc"": false, ""memcpy"": false, ""memmove"": false, ""memset"": false, ""mutable_global"": false, ""parameter_count"": 2, ""platform_specific"": false, ""pointer_arithmetic"": false, ""pointer_count"": 0, ""pointer_to_pointer"": false, ""raw_pointer_parameter"": false, ""raw_pointer_return"": false, ""realloc"": false, ""setjmp"": false, ""static_local"": false, ""syscall"": false, ""third_party"": false, ""union"": false, ""va_list"": false, ""variadic"": false, ""void_pointer"": false}",TRIVIAL,no_significant_detected_blocker,"[""conditional_compilation""]",medium
2,redis-plus-plus,397f9c7be0eb82ce92545f259a7f66ab992bd7ee,src/sw/redis++/redis_cluster.h,602,605,function,sdiffstore,4,"{""bitfield"": false, ""branch_complexity_proxy"": 0, ""c_array"": false, ""call_count"": 4, ""callback"": false, ""calloc"": false, ""conditional_compilation"": true, ""explicit_abi_boundary"": false, ""extern_declaration"": false, ""extern_or_abi_boundary"": false, ""flexible_array"": false, ""free"": false, ""function_pointer"": false, ""generated_source"": false, ""global_read"": false, ""global_write"": false, ""goto"": false, ""lexical_ambiguity"": false, ""longjmp"": false, ""macro_density"": 0.0, ""macro_generated_declaration"": false, ""macro_use"": false, ""malloc"": false, ""memcpy"": false, ""memmove"": false, ""memset"": false, ""mutable_global"": false, ""parameter_count"": 2, ""platform_specific"": false, ""pointer_arithmetic"": false, ""pointer_count"": 0, ""pointer_to_pointer"": false, ""raw_pointer_parameter"": false, ""raw_pointer_return"": false, ""realloc"": false, ""setjmp"": false, ""static_local"": false, ""syscall"": false, ""third_party"": false, ""union"": false, ""va_list"": false, ""variadic"": false, ""void_pointer"": false}",TRIVIAL,no_significant_detected_blocker,"[""conditional_compilation""]",medium
2,redis-plus-plus,397f9c7be0eb82ce92545f259a7f66ab992bd7ee,src/sw/redis++/redis_cluster.h,611,613,function,sinter,3,"{""bitfield"": false, ""branch_complexity_proxy"": 0, ""c_array"": false, ""call_count"": 4, ""callback"": false, ""calloc"": false, ""conditional_compilation"": true, ""explicit_abi_boundary"": false, ""extern_declaration"": false, ""extern_or_abi_boundary"": false, ""flexible_array"": false, ""free"": false, ""function_pointer"": false, ""generated_source"": false, ""global_read"": false, ""global_write"": false, ""goto"": false, ""lexical_ambiguity"": false, ""longjmp"": false, ""macro_density"": 0.0, ""macro_generated_declaration"": false, ""macro_use"": false, ""malloc"": false, ""memcpy"": false, ""memmove"": false, ""memset"": false, ""mutable_global"": false, ""parameter_count"": 2, ""platform_specific"": false, ""pointer_arithmetic"": false, ""pointer_count"": 0, ""pointer_to_pointer"": false, ""raw_pointer_parameter"": false, ""raw_pointer_return"": false, ""realloc"": false, ""setjmp"": false, ""static_local"": false, ""syscall"": false, ""third_party"": false, ""union"": false, ""va_list"": false, ""variadic"": false, ""void_pointer"": false}",TRIVIAL,no_significant_detected_blocker,"[""conditional_compilation""]",medium
2,redis-plus-plus,397f9c7be0eb82ce92545f259a7f66ab992bd7ee,src/sw/redis++/redis_cluster.h,623,626,function,sinterstore,4,"{""bitfield"": false, ""branch_complexity_proxy"": 0, ""c_array"": false, ""call_count"": 4, ""callback"": false, ""calloc"": false, ""conditional_compilation"": true, ""explicit_abi_boundary"": false, ""extern_declaration"": false, ""extern_or_abi_boundary"": false, ""flexible_array"": false, ""free"": false, ""function_pointer"": false, ""generated_source"": false, ""global_read"": false, ""global_write"": false, ""goto"": false, ""lexical_ambiguity"": false, ""longjmp"": false, ""macro_density"": 0.0, ""macro_generated_declaration"": false, ""macro_use"": false, ""malloc"": false, ""memcpy"": false, ""memmove"": false, ""memset"": false, ""mutable_global"": false, ""parameter_count"": 2, ""platform_specific"": false, ""pointer_arithmetic"": false, ""pointer_count"": 0, ""pointer_to_pointer"": false, ""raw_pointer_parameter"": false, ""raw_pointer_return"": false, ""realloc"": false, ""setjmp"": false, ""static_local"": false, ""syscall"": false, ""third_party"": false, ""union"": false, ""va_list"": false, ""variadic"": false, ""void_pointer"": false}",TRIVIAL,no_significant_detected_blocker,"[""conditional_compilation""]",medium
2,redis-plus-plus,397f9c7be0eb82ce92545f259a7f66ab992bd7ee,src/sw/redis++/redis_cluster.h,653,655,function,srem,3,"{""bitfield"": false, ""branch_complexity_proxy"": 0, ""c_array"": false, ""call_count"": 4, ""callback"": false, ""calloc"": false, ""conditional_compilation"": true, ""explicit_abi_boundary"": false, ""extern_declaration"": false, ""extern_or_abi_boundary"": false, ""flexible_array"": false, ""free"": false, ""function_pointer"": false, ""generated_source"": false, ""global_read"": false, ""global_write"": false, ""goto"": false, ""lexical_ambiguity"": false, ""longjmp"": false, ""macro_density"": 0.0, ""macro_generated_declaration"": false, ""macro_use"": false, ""malloc"": false, ""memcpy"": false, ""memmove"": false, ""memset"": false, ""mutable_global"": false, ""parameter_count"": 2, ""platform_specific"": false, ""pointer_arithmetic"": false, ""pointer_count"": 0, ""pointer_to_pointer"": false, ""raw_pointer_parameter"": false, ""raw_pointer_return"": false, ""realloc"": false, ""setjmp"": false, ""static_local"": false, ""syscall"": false, ""third_party"": false, ""union"": false, ""va_list"": false, ""variadic"": false, ""void_pointer"": false}",TRIVIAL,no_significant_detected_blocker,"[""conditional_compilation""]",medium
2,redis-plus-plus,397f9c7be0eb82ce92545f259a7f66ab992bd7ee,src/sw/redis++/redis_cluster.h,685,687,function,sunion,3,"{""bitfield"": false, ""branch_complexity_proxy"": 0, ""c_array"": false, ""call_count"": 4, ""callback"": false, ""calloc"": false, ""conditional_compilation"": true, ""explicit_abi_boundary"": false, ""extern_declaration"": false, ""extern_or_abi_boundary"": false, ""flexible_array"": false, ""free"": false, ""function_pointer"": false, ""generated_source"": false, ""global_read"": false, ""global_write"": false, ""goto"": false, ""lexical_ambiguity"": false, ""longjmp"": false, ""macro_density"": 0.0, ""macro_generated_declaration"": false, ""macro_use"": false, ""malloc"": false, ""memcpy"": false, ""memmove"": false, ""memset"": false, ""mutable_global"": false, ""parameter_count"": 2, ""platform_specific"": false, ""pointer_arithmetic"": false, ""pointer_count"": 0, ""pointer_to_pointer"": false, ""raw_pointer_parameter"": false, ""raw_pointer_return"": false, ""realloc"": false, ""setjmp"": false, ""static_local"": false, ""syscall"": false, ""third_party"": false, ""union"": false, ""va_list"": false, ""variadic"": false, ""void_pointer"": false}",TRIVIAL,no_significant_detected_blocker,"[""conditional_compilation""]",medium
2,redis-plus-plus,397f9c7be0eb82ce92545f259a7f66ab992bd7ee,src/sw/redis++/redis_cluster.h,695,697,function,sunionstore,3,"{""bitfield"": false, ""branch_complexity_proxy"": 0, ""c_array"": false, ""call_count"": 4, ""callback"": false, ""calloc"": false, ""conditional_compilation"": true, ""explicit_abi_boundary"": false, ""extern_declaration"": false, ""extern_or_abi_boundary"": false, ""flexible_array"": false, ""free"": false, ""function_pointer"": false, ""generated_source"": false, ""global_read"": false, ""global_write"": false, ""goto"": false, ""lexical_ambiguity"": false, ""longjmp"": false, ""macro_density"": 0.0, ""macro_generated_declaration"": false, ""macro_use"": false, ""malloc"": false, ""memcpy"": false, ""memmove"": false, ""memset"": false, ""mutable_global"": false, ""parameter_count"": 2, ""platform_specific"": false, ""pointer_arithmetic"": false, ""pointer_count"": 0, ""pointer_to_pointer"": false, ""raw_pointer_parameter"": false, ""raw_pointer_return"": false, ""realloc"": false, ""setjmp"": false, ""static_local"": false, ""syscall"": false, ""third_party"": false, ""union"": false, ""va_list"": false, ""variadic"": false, ""void_pointer"": false}",TRIVIAL,no_significant_detected_blocker,"[""conditional_compilation""]",medium
2,redis-plus-plus,397f9c7be0eb82ce92545f259a7f66ab992bd7ee,src/sw/redis++/redis_cluster.h,776,781,function,zadd,6,"{""bitfield"": false, ""branch_complexity_proxy"": 0, ""c_array"": false, ""call_count"": 4, ""callback"": false, ""calloc"": false, ""conditional_compilation"": true, ""explicit_abi_boundary"": false, ""extern_declaration"": false, ""extern_or_abi_boundary"": false, ""flexible_array"": false, ""free"": false, ""function_pointer"": false, ""generated_source"": false, ""global_read"": false, ""global_write"": false, ""goto"": false, ""lexical_ambiguity"": false, ""longjmp"": false, ""macro_density"": 0.0, ""macro_generated_declaration"": false, ""macro_use"": false, ""malloc"": false, ""memcpy"": false, ""memmove"": false, ""memset"": false, ""mutable_global"": false, ""parameter_count"": 4, ""platform_specific"": false, ""pointer_arithmetic"": false, ""pointer_count"": 0, ""pointer_to_pointer"": false, ""raw_pointer_parameter"": false, ""raw_pointer_return"": false, ""realloc"": false, ""setjmp"": false, ""static_local"": false, ""syscall"": false, ""third_party"": false, ""union"": false, ""va_list"": false, ""variadic"": false, ""void_pointer"": false}",TRIVIAL,no_significant_detected_blocker,"[""conditional_compilation""]",medium
2,redis-plus-plus,397f9c7be0eb82ce92545f259a7f66ab992bd7ee,src/sw/redis++/redis_cluster.h,799,803,function,zinterstore,5,"{""bitfield"": false, ""branch_complexity_proxy"": 0, ""c_array"": false, ""call_count"": 4, ""callback"": false, ""calloc"": false, ""conditional_compilation"": true, ""explicit_abi_boundary"": false, ""extern_declaration"": false, ""extern_or_abi_boundary"": false, ""flexible_array"": false, ""free"": false, ""function_pointer"": false, ""generated_source"": false, ""global_read"": false, ""global_write"": false, ""goto"": false, ""lexical_ambiguity"": false, ""longjmp"": false, ""macro_density"": 0.0, ""macro_generated_declaration"": false, ""macro_use"": false, ""malloc"": false, ""memcpy"": false, ""memmove"": false, ""memset"": false, ""mutable_global"": false, ""parameter_count"": 3, ""platform_specific"": false, ""pointer_arithmetic"": false, ""pointer_count"": 0, ""pointer_to_pointer"": false, ""raw_pointer_parameter"": false, ""raw_pointer_return"": false, ""realloc"": false, ""setjmp"": false, ""static_local"": false, ""syscall"": false, ""third_party"": false, ""union"": false, ""va_list"": false, ""variadic"": false, ""void_pointer"": false}",TRIVIAL,no_significant_detected_blocker,"[""conditional_compilation""]",medium
2,redis-plus-plus,397f9c7be0eb82ce92545f259a7f66ab992bd7ee,src/sw/redis++/redis_cluster.h,866,868,function,zrem,3,"{""bitfield"": false, ""branch_complexity_proxy"": 0, ""c_array"": false, ""call_count"": 4, ""callback"": false, ""calloc"": false, ""conditional_compilation"": true, ""explicit_abi_boundary"": false, ""extern_declaration"": false, ""extern_or_abi_boundary"": false, ""flexible_array"": false, ""free"": false, ""function_pointer"": false, ""generated_source"": false, ""global_read"": false, ""global_write"": false, ""goto"": false, ""lexical_ambiguity"": false, ""longjmp"": false, ""macro_density"": 0.0, ""macro_generated_declaration"": false, ""macro_use"": false, ""malloc"": false, ""memcpy"": false, ""memmove"": false, ""memset"": false, ""mutable_global"": false, ""parameter_count"": 2, ""platform_specific"": false, ""pointer_arithmetic"": false, ""pointer_count"": 0, ""pointer_to_pointer"": false, ""raw_pointer_parameter"": false, ""raw_pointer_return"": false, ""realloc"": false, ""setjmp"": false, ""static_local"": false, ""syscall"": false, ""third_party"": false, ""union"": false, ""va_list"": false, ""variadic"": false, ""void_pointer"": false}",TRIVIAL,no_significant_detected_blocker,"[""conditional_compilation""]",medium
2,redis-plus-plus,397f9c7be0eb82ce92545f259a7f66ab992bd7ee,src/sw/redis++/redis_cluster.h,939,943,function,zunionstore,5,"{""bitfield"": false, ""branch_complexity_proxy"": 0, ""c_array"": false, ""call_count"": 4, ""callback"": false, ""calloc"": false, ""conditional_compilation"": true, ""explicit_abi_boundary"": false, ""extern_declaration"": false, ""extern_or_abi_boundary"": false, ""flexible_array"": false, ""free"": false, ""function_pointer"": false, ""generated_source"": false, ""global_read"": false, ""global_write"": false, ""goto"": false, ""lexical_ambiguity"": false, ""longjmp"": false, ""macro_density"": 0.0, ""macro_generated_declaration"": false, ""macro_use"": false, ""malloc"": false, ""memcpy"": false, ""memmove"": false, ""memset"": false, ""mutable_global"": false, ""parameter_count"": 3, ""platform_specific"": false, ""pointer_arithmetic"": false, ""pointer_count"": 0, ""pointer_to_pointer"": false, ""raw_pointer_parameter"": false, ""raw_pointer_return"": false, ""realloc"": false, ""setjmp"": false, ""static_local"": false, ""syscall"": false, ""third_party"": false, ""union"": false, ""va_list"": false, ""variadic"": false, ""void_pointer"": false}",TRIVIAL,no_significant_detected_blocker,"[""conditional_compilation""]",medium
2,redis-plus-plus,397f9c7be0eb82ce92545f259a7f66ab992bd7ee,src/sw/redis++/redis_cluster.h,953,955,function,pfadd,3,"{""bitfield"": false, ""branch_complexity_proxy"": 0, ""c_array"": false, ""call_count"": 4, ""callback"": false, ""calloc"": false, ""conditional_compilation"": true, ""explicit_abi_boundary"": false, ""extern_declaration"": false, ""extern_or_abi_boundary"": false, ""flexible_array"": false, ""free"": false, ""function_pointer"": false, ""generated_source"": false, ""global_read"": false, ""global_write"": false, ""goto"": false, ""lexical_ambiguity"": false, ""longjmp"": false, ""macro_density"": 0.0, ""macro_generated_declaration"": false, ""macro_use"": false, ""malloc"": false, ""memcpy"": false, ""memmove"": false, ""memset"": false, ""mutable_global"": false, ""parameter_count"": 2, ""platform_specific"": false, ""pointer_arithmetic"": false, ""pointer_count"": 0, ""pointer_to_pointer"": false, ""raw_pointer_parameter"": false, ""raw_pointer_return"": false, ""realloc"": false, ""setjmp"": false, ""static_local"": false, ""syscall"": false, ""third_party"": false, ""union"": false, ""va_list"": false, ""variadic"": false, ""void_pointer"": false}",TRIVIAL,no_significant_detected_blocker,"[""conditional_compilation""]",medium
2,redis-plus-plus,397f9c7be0eb82ce92545f259a7f66ab992bd7ee,src/sw/redis++/redis_cluster.h,963,965,function,pfcount,3,"{""bitfield"": false, ""branch_complexity_proxy"": 0, ""c_array"": false, ""call_count"": 4, ""callback"": false, ""calloc"": false, ""conditional_compilation"": true, ""explicit_abi_boundary"": false, ""extern_declaration"": false, ""extern_or_abi_boundary"": false, ""flexible_array"": false, ""free"": false, ""function_pointer"": false, ""generated_source"": false, ""global_read"": false, ""global_write"": false, ""goto"": false, ""lexical_ambiguity"": false, ""longjmp"": false, ""macro_density"": 0.0, ""macro_generated_declaration"": false, ""macro_use"": false, ""malloc"": false, ""memcpy"": false, ""memmove"": false, ""memset"": false, ""mutable_global"": false, ""parameter_count"": 1, ""platform_specific"": false, ""pointer_arithmetic"": false, ""pointer_count"": 0, ""pointer_to_pointer"": false, ""raw_pointer_parameter"": false, ""raw_pointer_return"": false, ""realloc"": false, ""setjmp"": false, ""static_local"": false, ""syscall"": false, ""third_party"": false, ""union"": false, ""va_list"": false, ""variadic"": false, ""void_pointer"": false}",TRIVIAL,no_significant_detected_blocker,"[""conditional_compilation""]",medium
2,redis-plus-plus,397f9c7be0eb82ce92545f259a7f66ab992bd7ee,src/sw/redis++/redis_cluster.h,973,975,function,pfmerge,3,"{""bitfield"": false, ""branch_complexity_proxy"": 0, ""c_array"": false, ""call_count"": 4, ""callback"": false, ""calloc"": false, ""conditional_compilation"": true, ""explicit_abi_boundary"": false, ""extern_declaration"": false, ""extern_or_abi_boundary"": false, ""flexible_array"": false, ""free"": false, ""function_pointer"": false, ""generated_source"": false, ""global_read"": false, ""global_write"": false, ""goto"": false, ""lexical_ambiguity"": false, ""longjmp"": false, ""macro_density"": 0.0, ""macro_generated_declaration"": false, ""macro_use"": false, ""malloc"": false, ""memcpy"": false, ""memmove"": false, ""memset"": false, ""mutable_global"": false, ""parameter_count"": 2, ""platform_specific"": false, ""pointer_arithmetic"": false, ""pointer_count"": 0, ""pointer_to_pointer"": false, ""raw_pointer_parameter"": false, ""raw_pointer_return"": false, ""realloc"": false, ""setjmp"": false, ""static_local"": false, ""syscall"": false, ""third_party"": false, ""union"": false, ""va_list"": false, ""variadic"": false, ""void_pointer"": false}",TRIVIAL,no_significant_detected_blocker,"[""conditional_compilation""]",medium
2,redis-plus-plus,397f9c7be0eb82ce92545f259a7f66ab992bd7ee,src/sw/redis++/redis_cluster.h,988,991,function,geoadd,4,"{""bitfield"": false, ""branch_complexity_proxy"": 0, ""c_array"": false, ""call_count"": 4, ""callback"": false, ""calloc"": false, ""conditional_compilation"": true, ""explicit_abi_boundary"": false, ""extern_declaration"": false, ""extern_or_abi_boundary"": false, ""flexible_array"": false, ""free"": false, ""function_pointer"": false, ""generated_source"": false, ""global_read"": false, ""global_write"": false, ""goto"": false, ""lexical_ambiguity"": false, ""longjmp"": false, ""macro_density"": 0.0, ""macro_generated_declaration"": false, ""macro_use"": false, ""malloc"": false, ""memcpy"": false, ""memmove"": false, ""memset"": false, ""mutable_global"": false, ""parameter_count"": 2, ""platform_specific"": false, ""pointer_arithmetic"": false, ""pointer_count"": 0, ""pointer_to_pointer"": false, ""raw_pointer_parameter"": false, ""raw_pointer_return"": false, ""realloc"": false, ""setjmp"": false, ""static_local"": false, ""syscall"": false, ""third_party"": false, ""union"": false, ""va_list"": false, ""variadic"": false, ""void_pointer"": false}",TRIVIAL,no_significant_detected_blocker,"[""conditional_compilation""]",medium
2,redis-plus-plus,397f9c7be0eb82ce92545f259a7f66ab992bd7ee,src/sw/redis++/redis_cluster.h,1004,1006,function,geohash,3,"{""bitfield"": false, ""branch_complexity_proxy"": 0, ""c_array"": false, ""call_count"": 4, ""callback"": false, ""calloc"": false, ""conditional_compilation"": true, ""explicit_abi_boundary"": false, ""extern_declaration"": false, ""extern_or_abi_boundary"": false, ""flexible_array"": false, ""free"": false, ""function_pointer"": false, ""generated_source"": false, ""global_read"": false, ""global_write"": false, ""goto"": false, ""lexical_ambiguity"": false, ""longjmp"": false, ""macro_density"": 0.0, ""macro_generated_declaration"": false, ""macro_use"": false, ""malloc"": false, ""memcpy"": false, ""memmove"": false, ""memset"": false, ""mutable_global"": false, ""parameter_count"": 3, ""platform_specific"": false, ""pointer_arithmetic"": false, ""pointer_count"": 0, ""pointer_to_pointer"": false, ""raw_pointer_parameter"": false, ""raw_pointer_return"": false, ""realloc"": false, ""setjmp"": false, ""static_local"": false, ""syscall"": false, ""third_party"": false, ""union"": false, ""va_list"": false, ""variadic"": false, ""void_pointer"": false}",TRIVIAL,no_significant_detected_blocker,"[""conditional_compilation""]",medium
2,redis-plus-plus,397f9c7be0eb82ce92545f259a7f66ab992bd7ee,src/sw/redis++/redis_cluster.h,1014,1016,function,geopos,3,"{""bitfield"": false, ""branch_complexity_proxy"": 0, ""c_array"": false, ""call_count"": 4, ""callback"": false, ""calloc"": false, ""conditional_compilation"": true, ""explicit_abi_boundary"": false, ""extern_declaration"": false, ""extern_or_abi_boundary"": false, ""flexible_array"": false, ""free"": false, ""function_pointer"": false, ""generated_source"": false, ""global_read"": false, ""global_write"": false, ""goto"": false, ""lexical_ambiguity"": false, ""longjmp"": false, ""macro_density"": 0.0, ""macro_generated_declaration"": false, ""macro_use"": false, ""malloc"": false, ""memcpy"": false, ""memmove"": false, ""memset"": false, ""mutable_global"": false, ""parameter_count"": 3, ""platform_specific"": false, ""pointer_arithmetic"": false, ""pointer_count"": 0, ""pointer_to_pointer"": false, ""raw_pointer_parameter"": false, ""raw_pointer_return"": false, ""realloc"": false, ""setjmp"": false, ""static_local"": false, ""syscall"": false, ""third_party"": false, ""union"": false, ""va_list"": false, ""variadic"": false, ""void_pointer"": false}",TRIVIAL,no_significant_detected_blocker,"[""conditional_compilation""]",medium
2,redis-plus-plus,397f9c7be0eb82ce92545f259a7f66ab992bd7ee,src/sw/redis++/redis_cluster.h,1210,1212,function,xack,3,"{""bitfield"": false, ""branch_complexity_proxy"": 0, ""c_array"": false, ""call_count"": 4, ""callback"": false, ""calloc"": false, ""conditional_compilation"": true, ""explicit_abi_boundary"": false, ""extern_declaration"": false, ""extern_or_abi_boundary"": false, ""flexible_array"": false, ""free"": false, ""function_pointer"": false, ""generated_source"": false, ""global_read"": false, ""global_write"": false, ""goto"": false, ""lexical_ambiguity"": false, ""longjmp"": false, ""macro_density"": 0.0, ""macro_generated_declaration"": false, ""macro_use"": false, ""malloc"": false, ""memcpy"": false, ""memmove"": false, ""memset"": false, ""mutable_global"": false, ""parameter_count"": 3, ""platform_specific"": false, ""pointer_arithmetic"": false, ""pointer_count"": 0, ""pointer_to_pointer"": false, ""raw_pointer_parameter"": false, ""raw_pointer_return"": false, ""realloc"": false, ""setjmp"": false, ""static_local"": false, ""syscall"": false, ""third_party"": false, ""union"": false, ""va_list"": false, ""variadic"": false, ""void_pointer"": false}",TRIVIAL,no_significant_detected_blocker,"[""conditional_compilation""]",medium
2,redis-plus-plus,397f9c7be0eb82ce92545f259a7f66ab992bd7ee,src/sw/redis++/redis_cluster.h,1257,1264,function,xclaim,8,"{""bitfield"": false, ""branch_complexity_proxy"": 0, ""c_array"": false, ""call_count"": 4, ""callback"": false, ""calloc"": false, ""conditional_compilation"": true, ""explicit_abi_boundary"": false, ""extern_declaration"": false, ""extern_or_abi_boundary"": false, ""flexible_array"": false, ""free"": false, ""function_pointer"": false, ""generated_source"": false, ""global_read"": false, ""global_write"": false, ""goto"": false, ""lexical_ambiguity"": false, ""longjmp"": false, ""macro_density"": 0.0, ""macro_generated_declaration"": false, ""macro_use"": false, ""malloc"": false, ""memcpy"": false, ""memmove"": false, ""memset"": false, ""mutable_global"": false, ""parameter_count"": 6, ""platform_specific"": false, ""pointer_arithmetic"": false, ""pointer_count"": 0, ""pointer_to_pointer"": false, ""raw_pointer_parameter"": false, ""raw_pointer_return"": false, ""realloc"": false, ""setjmp"": false, ""static_local"": false, ""syscall"": false, ""third_party"": false, ""union"": false, ""va_list"": false, ""variadic"": false, ""void_pointer"": false}",TRIVIAL,no_significant_detected_blocker,"[""conditional_compilation""]",medium
2,redis-plus-plus,397f9c7be0eb82ce92545f259a7f66ab992bd7ee,src/sw/redis++/redis_cluster.h,1272,1274,function,xdel,3,"{""bitfield"": false, ""branch_complexity_proxy"": 0, ""c_array"": false, ""call_count"": 4, ""callback"": false, ""calloc"": false, ""conditional_compilation"": true, ""explicit_abi_boundary"": false, ""extern_declaration"": false, ""extern_or_abi_boundary"": false, ""flexible_array"": false, ""free"": false, ""function_pointer"": false, ""generated_source"": false, ""global_read"": false, ""global_write"": false, ""goto"": false, ""lexical_ambiguity"": false, ""longjmp"": false, ""macro_density"": 0.0, ""macro_generated_declaration"": false, ""macro_use"": false, ""malloc"": false, ""memcpy"": false, ""memmove"": false, ""memset"": false, ""mutable_global"": false, ""parameter_count"": 2, ""platform_specific"": false, ""pointer_arithmetic"": false, ""pointer_count"": 0, ""pointer_to_pointer"": false, ""raw_pointer_parameter"": false, ""raw_pointer_return"": false, ""realloc"": false, ""setjmp"": false, ""static_local"": false, ""syscall"": false, ""third_party"": false, ""union"": false, ""va_list"": false, ""variadic"": false, ""void_pointer"": false}",TRIVIAL,no_significant_detected_blocker,"[""conditional_compilation""]",medium
2,redis-plus-plus,397f9c7be0eb82ce92545f259a7f66ab992bd7ee,src/sw/redis++/redis_cluster.h,1332,1336,function,xread,5,"{""bitfield"": false, ""branch_complexity_proxy"": 0, ""c_array"": false, ""call_count"": 2, ""callback"": false, ""calloc"": false, ""conditional_compilation"": true, ""explicit_abi_boundary"": false, ""extern_declaration"": false, ""extern_or_abi_boundary"": false, ""flexible_array"": false, ""free"": false, ""function_pointer"": false, ""generated_source"": false, ""global_read"": false, ""global_write"": false, ""goto"": false, ""lexical_ambiguity"": false, ""longjmp"": false, ""macro_density"": 0.0, ""macro_generated_declaration"": false, ""macro_use"": false, ""malloc"": false, ""memcpy"": false, ""memmove"": false, ""memset"": false, ""mutable_global"": false, ""parameter_count"": 3, ""platform_specific"": false, ""pointer_arithmetic"": false, ""pointer_count"": 0, ""pointer_to_pointer"": false, ""raw_pointer_parameter"": false, ""raw_pointer_return"": false, ""realloc"": false, ""setjmp"": false, ""static_local"": false, ""syscall"": false, ""third_party"": false, ""union"": false, ""va_list"": false, ""variadic"": false, ""void_pointer"": false}",TRIVIAL,no_significant_detected_blocker,"[""conditional_compilation""]",medium
2,redis-plus-plus,397f9c7be0eb82ce92545f259a7f66ab992bd7ee,src/sw/redis++/redis_cluster.h,1356,1361,function,xread,6,"{""bitfield"": false, ""branch_complexity_proxy"": 0, ""c_array"": false, ""call_count"": 2, ""callback"": false, ""calloc"": false, ""conditional_compilation"": true, ""explicit_abi_boundary"": false, ""extern_declaration"": false, ""extern_or_abi_boundary"": false, ""flexible_array"": false, ""free"": false, ""function_pointer"": false, ""generated_source"": false, ""global_read"": false, ""global_write"": false, ""goto"": false, ""lexical_ambiguity"": false, ""longjmp"": false, ""macro_density"": 0.0, ""macro_generated_declaration"": false, ""macro_use"": false, ""malloc"": false, ""memcpy"": false, ""memmove"": false, ""memset"": false, ""mutable_global"": false, ""parameter_count"": 4, ""platform_specific"": false, ""pointer_arithmetic"": false, ""pointer_count"": 0, ""pointer_to_pointer"": false, ""raw_pointer_parameter"": false, ""raw_pointer_return"": false, ""realloc"": false, ""setjmp"": false, ""static_local"": false, ""syscall"": false, ""third_party"": false, ""union"": false, ""va_list"": false, ""variadic"": false, ""void_pointer"": false}",TRIVIAL,no_significant_detected_blocker,"[""conditional_compilation""]",medium
2,redis-plus-plus,397f9c7be0eb82ce92545f259a7f66ab992bd7ee,src/sw/redis++/redis_cluster.h,1390,1397,function,xreadgroup,8,"{""bitfield"": false, ""branch_complexity_proxy"": 0, ""c_array"": false, ""call_count"": 2, ""callback"": false, ""calloc"": false, ""conditional_compilation"": true, ""explicit_abi_boundary"": false, ""extern_declaration"": false, ""extern_or_abi_boundary"": false, ""flexible_array"": false, ""free"": false, ""function_pointer"": false, ""generated_source"": false, ""global_read"": false, ""global_write"": false, ""goto"": false, ""lexical_ambiguity"": false, ""longjmp"": false, ""macro_density"": 0.0, ""macro_generated_declaration"": false, ""macro_use"": false, ""malloc"": false, ""memcpy"": false, ""memmove"": false, ""memset"": false, ""mutable_global"": false, ""parameter_count"": 6, ""platform_specific"": false, ""pointer_arithmetic"": false, ""pointer_count"": 0, ""pointer_to_pointer"": false, ""raw_pointer_parameter"": false, ""raw_pointer_return"": false, ""realloc"": false, ""setjmp"": false, ""static_local"": false, ""syscall"": false, ""third_party"": false, ""union"": false, ""va_list"": false, ""variadic"": false, ""void_pointer"": false}",TRIVIAL,no_significant_detected_blocker,"[""conditional_compilation""]",medium
2,redis-plus-plus,397f9c7be0eb82ce92545f259a7f66ab992bd7ee,src/sw/redis++/redis_cluster.h,1400,1406,function,xreadgroup,7,"{""bitfield"": false, ""branch_complexity_proxy"": 0, ""c_array"": false, ""call_count"": 2, ""callback"": false, ""calloc"": false, ""conditional_compilation"": true, ""explicit_abi_boundary"": false, ""extern_declaration"": false, ""extern_or_abi_boundary"": false, ""flexible_array"": false, ""free"": false, ""function_pointer"": false, ""generated_source"": false, ""global_read"": false, ""global_write"": false, ""goto"": false, ""lexical_ambiguity"": false, ""longjmp"": false, ""macro_density"": 0.0, ""macro_generated_declaration"": false, ""macro_use"": false, ""malloc"": false, ""memcpy"": false, ""memmove"": false, ""memset"": false, ""mutable_global"": false, ""parameter_count"": 5, ""platform_specific"": false, ""pointer_arithmetic"": false, ""pointer_count"": 0, ""pointer_to_pointer"": false, ""raw_pointer_parameter"": false, ""raw_pointer_return"": false, ""realloc"": false, ""setjmp"": false, ""static_local"": false, ""syscall"": false, ""third_party"": false, ""union"": false, ""va_list"": false, ""variadic"": false, ""void_pointer"": false}",TRIVIAL,no_significant_detected_blocker,"[""conditional_compilation""]",medium
2,redis-plus-plus,397f9c7be0eb82ce92545f259a7f66ab992bd7ee,src/sw/redis++/redis_cluster.h,1450,1458,function,xreadgroup,9,"{""bitfield"": false, ""branch_complexity_proxy"": 0, ""c_array"": false, ""call_count"": 2, ""callback"": false, ""calloc"": false, ""conditional_compilation"": true, ""explicit_abi_boundary"": false, ""extern_declaration"": false, ""extern_or_abi_boundary"": false, ""flexible_array"": false, ""free"": false, ""function_pointer"": false, ""generated_source"": false, ""global_read"": false, ""global_write"": false, ""goto"": false, ""lexical_ambiguity"": false, ""longjmp"": false, ""macro_density"": 0.0, ""macro_generated_declaration"": false, ""macro_use"": false, ""malloc"": false, ""memcpy"": false, ""memmove"": false, ""memset"": false, ""mutable_global"": false, ""parameter_count"": 7, ""platform_specific"": false, ""pointer_arithmetic"": false, ""pointer_count"": 0, ""pointer_to_pointer"": false, ""raw_pointer_parameter"": false, ""raw_pointer_return"": false, ""realloc"": false, ""setjmp"": false, ""static_local"": false, ""syscall"": false, ""third_party"": false, ""union"": false, ""va_list"": false, ""variadic"": false, ""void_pointer"": false}",TRIVIAL,no_significant_detected_blocker,"[""conditional_compilation""]",medium
2,redis-plus-plus,397f9c7be0eb82ce92545f259a7f66ab992bd7ee,src/sw/redis++/redis_cluster.h,1461,1468,function,xreadgroup,8,"{""bitfield"": false, ""branch_complexity_proxy"": 0, ""c_array"": false, ""call_count"": 2, ""callback"": false, ""calloc"": false, ""conditional_compilation"": true, ""explicit_abi_boundary"": false, ""extern_declaration"": false, ""extern_or_abi_boundary"": false, ""flexible_array"": false, ""free"": false, ""function_pointer"": false, ""generated_source"": false, ""global_read"": false, ""global_write"": false, ""goto"": false, ""lexical_ambiguity"": false, ""longjmp"": false, ""macro_density"": 0.0, ""macro_generated_declaration"": false, ""macro_use"": false, ""malloc"": false, ""memcpy"": false, ""memmove"": false, ""memset"": false, ""mutable_global"": false, ""parameter_count"": 6, ""platform_specific"": false, ""pointer_arithmetic"": false, ""pointer_count"": 0, ""pointer_to_pointer"": false, ""raw_pointer_parameter"": false, ""raw_pointer_return"": false, ""realloc"": false, ""setjmp"": false, ""static_local"": false, ""syscall"": false, ""third_party"": false, ""union"": false, ""va_list"": false, ""variadic"": false, ""void_pointer"": false}",TRIVIAL,no_significant_detected_blocker,"[""conditional_compilation""]",medium
2,redis-plus-plus,397f9c7be0eb82ce92545f259a7f66ab992bd7ee,src/sw/redis++/redis_cluster.h,1534,1534,function,Command,1,"{""bitfield"": false, ""branch_complexity_proxy"": 0, ""c_array"": false, ""call_count"": 2, ""callback"": false, ""calloc"": false, ""conditional_compilation"": true, ""explicit_abi_boundary"": false, ""extern_declaration"": false, ""extern_or_abi_boundary"": false, ""flexible_array"": false, ""free"": false, ""function_pointer"": false, ""generated_source"": false, ""global_read"": false, ""global_write"": false, ""goto"": false, ""lexical_ambiguity"": false, ""longjmp"": false, ""macro_density"": 0.0, ""macro_generated_declaration"": false, ""macro_use"": false, ""malloc"": false, ""memcpy"": false, ""memmove"": false, ""memset"": false, ""mutable_global"": false, ""parameter_count"": 1, ""platform_specific"": false, ""pointer_arithmetic"": false, ""pointer_count"": 0, ""pointer_to_pointer"": false, ""raw_pointer_parameter"": false, ""raw_pointer_return"": false, ""realloc"": false, ""setjmp"": false, ""static_local"": false, ""syscall"": false, ""third_party"": false, ""union"": false, ""va_list"": false, ""variadic"": false, ""void_pointer"": false}",TRIVIAL,no_significant_detected_blocker,"[""conditional_compilation""]",medium
2,redis-plus-plus,397f9c7be0eb82ce92545f259a7f66ab992bd7ee,src/sw/redis++/redis_cluster.h,1570,1572,function,_command,3,"{""bitfield"": false, ""branch_complexity_proxy"": 0, ""c_array"": false, ""call_count"": 2, ""callback"": false, ""calloc"": false, ""conditional_compilation"": true, ""explicit_abi_boundary"": false, ""extern_declaration"": false, ""extern_or_abi_boundary"": false, ""flexible_array"": false, ""free"": false, ""function_pointer"": false, ""generated_source"": false, ""global_read"": false, ""global_write"": false, ""goto"": false, ""lexical_ambiguity"": false, ""longjmp"": false, ""macro_density"": 0.0, ""macro_generated_declaration"": false, ""macro_use"": false, ""malloc"": false, ""memcpy"": false, ""memmove"": false, ""memset"": false, ""mutable_global"": false, ""parameter_count"": 3, ""platform_specific"": false, ""pointer_arithmetic"": false, ""pointer_count"": 0, ""pointer_to_pointer"": false, ""raw_pointer_parameter"": false, ""raw_pointer_return"": false, ""realloc"": false, ""setjmp"": false, ""static_local"": false, ""syscall"": false, ""third_party"": false, ""union"": false, ""va_list"": false, ""variadic"": true, ""void_pointer"": false}",NEEDS_TRANSPILER,variadic,[],medium
2,redis-plus-plus,397f9c7be0eb82ce92545f259a7f66ab992bd7ee,src/sw/redis++/reply.cpp,93,99,function,parse,7,"{""bitfield"": false, ""branch_complexity_proxy"": 1, ""c_array"": false, ""call_count"": 4, ""callback"": false, ""calloc"": false, ""conditional_compilation"": false, ""explicit_abi_boundary"": false, ""extern_declaration"": false, ""extern_or_abi_boundary"": false, ""flexible_array"": false, ""free"": false, ""function_pointer"": false, ""generated_source"": false, ""global_read"": false, ""global_write"": false, ""goto"": false, ""lexical_ambiguity"": false, ""longjmp"": false, ""macro_density"": 0.0, ""macro_generated_declaration"": false, ""macro_use"": false, ""malloc"": false, ""memcpy"": false, ""memmove"": false, ""memset"": false, ""mutable_global"": false, ""parameter_count"": 2, ""platform_specific"": false, ""pointer_arithmetic"": false, ""pointer_count"": 0, ""pointer_to_pointer"": false, ""raw_pointer_parameter"": false, ""raw_pointer_return"": false, ""realloc"": false, ""setjmp"": false, ""static_local"": false, ""syscall"": false, ""third_party"": false, ""union"": false, ""va_list"": false, ""variadic"": false, ""void_pointer"": false}",TRIVIAL,no_significant_detected_blocker,[],medium
2,redis-plus-plus,397f9c7be0eb82ce92545f259a7f66ab992bd7ee,src/sw/redis++/reply.cpp,101,118,function,parse,18,"{""bitfield"": false, ""branch_complexity_proxy"": 1, ""c_array"": false, ""call_count"": 8, ""callback"": false, ""calloc"": false, ""conditional_compilation"": false, ""explicit_abi_boundary"": false, ""extern_declaration"": false, ""extern_or_abi_boundary"": false, ""flexible_array"": false, ""free"": false, ""function_pointer"": false, ""generated_source"": false, ""global_read"": false, ""global_write"": false, ""goto"": false, ""lexical_ambiguity"": false, ""longjmp"": false, ""macro_density"": 0.222222, ""macro_generated_declaration"": false, ""macro_use"": false, ""malloc"": false, ""memcpy"": false, ""memmove"": false, ""memset"": false, ""mutable_global"": false, ""parameter_count"": 2, ""platform_specific"": false, ""pointer_arithmetic"": false, ""pointer_count"": 0, ""pointer_to_pointer"": false, ""raw_pointer_parameter"": false, ""raw_pointer_return"": false, ""realloc"": false, ""setjmp"": false, ""static_local"": false, ""syscall"": false, ""third_party"": false, ""union"": false, ""va_list"": false, ""variadic"": false, ""void_pointer"": false}",TRIVIAL,no_significant_detected_blocker,[],medium
2,redis-plus-plus,397f9c7be0eb82ce92545f259a7f66ab992bd7ee,src/sw/redis++/reply.cpp,120,139,function,parse,20,"{""bitfield"": false, ""branch_complexity_proxy"": 3, ""c_array"": false, ""call_count"": 9, ""callback"": false, ""calloc"": false, ""conditional_compilation"": false, ""explicit_abi_boundary"": false, ""extern_declaration"": false, ""extern_or_abi_boundary"": false, ""flexible_array"": false, ""free"": false, ""function_pointer"": false, ""generated_source"": false, ""global_read"": false, ""global_write"": false, ""goto"": false, ""lexical_ambiguity"": false, ""longjmp"": false, ""macro_density"": 0.15, ""macro_generated_declaration"": false, ""macro_use"": false, ""malloc"": false, ""memcpy"": false, ""memmove"": false, ""memset"": false, ""mutable_global"": false, ""parameter_count"": 2, ""platform_specific"": false, ""pointer_arithmetic"": false, ""pointer_count"": 0, ""pointer_to_pointer"": false, ""raw_pointer_parameter"": false, ""raw_pointer_return"": false, ""realloc"": false, ""setjmp"": false, ""static_local"": false, ""syscall"": false, ""third_party"": false, ""union"": false, ""va_list"": false, ""variadic"": false, ""void_pointer"": false}",TRIVIAL,no_significant_detected_blocker,[],medium
2,redis-plus-plus,397f9c7be0eb82ce92545f259a7f66ab992bd7ee,src/sw/redis++/reply.cpp,141,158,function,parse,18,"{""bitfield"": false, ""branch_complexity_proxy"": 3, ""c_array"": false, ""call_count"": 12, ""callback"": false, ""calloc"": false, ""conditional_compilation"": false, ""explicit_abi_boundary"": false, ""extern_declaration"": false, ""extern_or_abi_boundary"": false, ""flexible_array"": false, ""free"": false, ""function_pointer"": false, ""generated_source"": false, ""global_read"": false, ""global_write"": false, ""goto"": false, ""lexical_ambiguity"": false, ""longjmp"": false, ""macro_density"": 0.0, ""macro_generated_declaration"": false, ""macro_use"": false, ""malloc"": false, ""memcpy"": false, ""memmove"": false, ""memset"": false, ""mutable_global"": false, ""parameter_count"": 2, ""platform_specific"": false, ""pointer_arithmetic"": false, ""pointer_count"": 0, ""pointer_to_pointer"": false, ""raw_pointer_parameter"": false, ""raw_pointer_return"": false, ""realloc"": false, ""setjmp"": false, ""static_local"": true, ""syscall"": false, ""third_party"": false, ""union"": false, ""va_list"": false, ""variadic"": false, ""void_pointer"": false}",REFACTOR_THEN_DSL,static_local,[],medium
2,redis-plus-plus,397f9c7be0eb82ce92545f259a7f66ab992bd7ee,src/sw/redis++/reply.cpp,160,171,function,parse_set_reply,12,"{""bitfield"": false, ""branch_complexity_proxy"": 1, ""c_array"": false, ""call_count"": 3, ""callback"": false, ""calloc"": false, ""conditional_compilation"": false, ""explicit_abi_boundary"": false, ""extern_declaration"": false, ""extern_or_abi_boundary"": false, ""flexible_array"": false, ""free"": false, ""function_pointer"": false, ""generated_source"": false, ""global_read"": false, ""global_write"": false, ""goto"": false, ""lexical_ambiguity"": false, ""longjmp"": false, ""macro_density"": 0.0, ""macro_generated_declaration"": false, ""macro_use"": false, ""malloc"": false, ""memcpy"": false, ""memmove"": false, ""memset"": false, ""mutable_global"": false, ""parameter_count"": 1, ""platform_specific"": false, ""pointer_arithmetic"": false, ""pointer_count"": 0, ""pointer_to_pointer"": false, ""raw_pointer_parameter"": false, ""raw_pointer_return"": false, ""realloc"": false, ""setjmp"": false, ""static_local"": false, ""syscall"": false, ""third_party"": false, ""union"": false, ""va_list"": false, ""variadic"": false, ""void_pointer"": false}",TRIVIAL,no_significant_detected_blocker,[],medium
2,redis-plus-plus,397f9c7be0eb82ce92545f259a7f66ab992bd7ee,src/sw/redis++/reply.cpp,173,178,function,rewrite_empty_array_reply,6,"{""bitfield"": false, ""branch_complexity_proxy"": 1, ""c_array"": false, ""call_count"": 3, ""callback"": false, ""calloc"": false, ""conditional_compilation"": false, ""explicit_abi_boundary"": false, ""extern_declaration"": false, ""extern_or_abi_boundary"": false, ""flexible_array"": false, ""free"": false, ""function_pointer"": false, ""generated_source"": false, ""global_read"": false, ""global_write"": false, ""goto"": false, ""lexical_ambiguity"": false, ""longjmp"": false, ""macro_density"": 0.0, ""macro_generated_declaration"": false, ""macro_use"": false, ""malloc"": false, ""memcpy"": false, ""memmove"": false, ""memset"": false, ""mutable_global"": false, ""parameter_count"": 1, ""platform_specific"": false, ""pointer_arithmetic"": false, ""pointer_count"": 0, ""pointer_to_pointer"": false, ""raw_pointer_parameter"": false, ""raw_pointer_return"": false, ""realloc"": false, ""setjmp"": false, ""static_local"": false, ""syscall"": false, ""third_party"": false, ""union"": false, ""va_list"": false, ""variadic"": false, ""void_pointer"": false}",TRIVIAL,no_significant_detected_blocker,[],medium
2,redis-plus-plus,397f9c7be0eb82ce92545f259a7f66ab992bd7ee,src/sw/redis++/reply.cpp,182,202,function,is_flat_array,21,"{""bitfield"": false, ""branch_complexity_proxy"": 2, ""c_array"": true, ""call_count"": 10, ""callback"": false, ""calloc"": false, ""conditional_compilation"": false, ""explicit_abi_boundary"": false, ""extern_declaration"": false, ""extern_or_abi_boundary"": false, ""flexible_array"": false, ""free"": false, ""function_pointer"": true, ""generated_source"": false, ""global_read"": false, ""global_write"": false, ""goto"": false, ""lexical_ambiguity"": false, ""longjmp"": false, ""macro_density"": 0.142857, ""macro_generated_declaration"": false, ""macro_use"": false, ""malloc"": false, ""memcpy"": false, ""memmove"": false, ""memset"": false, ""mutable_global"": false, ""parameter_count"": 1, ""platform_specific"": false, ""pointer_arithmetic"": false, ""pointer_count"": 2, ""pointer_to_pointer"": false, ""raw_pointer_parameter"": false, ""raw_pointer_return"": false, ""realloc"": false, ""setjmp"": false, ""static_local"": false, ""syscall"": false, ""third_party"": false, ""union"": false, ""va_list"": false, ""variadic"": false, ""void_pointer"": false}",NEEDS_TRANSPILER,function_pointer,[],medium
2,redis-plus-plus,397f9c7be0eb82ce92545f259a7f66ab992bd7ee,src/sw/redis++/reply.h,41,47,struct,ReplyDeleter,7,"{""bitfield"": false, ""branch_complexity_proxy"": 1, ""c_array"": false, ""call_count"": 3, ""callback"": false, ""calloc"": false, ""conditional_compilation"": true, ""explicit_abi_boundary"": false, ""extern_declaration"": false, ""extern_or_abi_boundary"": false, ""flexible_array"": false, ""free"": false, ""function_pointer"": false, ""generated_source"": false, ""global_read"": false, ""global_write"": false, ""goto"": false, ""lexical_ambiguity"": false, ""longjmp"": false, ""macro_density"": 0.0, ""macro_generated_declaration"": false, ""macro_use"": false, ""malloc"": false, ""memcpy"": false, ""memmove"": false, ""memset"": false, ""mutable_global"": false, ""parameter_count"": 0, ""platform_specific"": false, ""pointer_arithmetic"": false, ""pointer_count"": 1, ""pointer_to_pointer"": false, ""raw_pointer_parameter"": false, ""raw_pointer_return"": false, ""realloc"": false, ""setjmp"": false, ""static_local"": false, ""syscall"": false, ""third_party"": false, ""union"": false, ""va_list"": false, ""variadic"": false, ""void_pointer"": false}",TRIVIAL,no_significant_detected_blocker,"[""conditional_compilation""]",medium
2,redis-plus-plus,397f9c7be0eb82ce92545f259a7f66ab992bd7ee,src/sw/redis++/reply.h,72,72,struct,ParseTag,1,"{""bitfield"": false, ""branch_complexity_proxy"": 0, ""c_array"": false, ""call_count"": 0, ""callback"": false, ""calloc"": false, ""conditional_compilation"": true, ""explicit_abi_boundary"": false, ""extern_declaration"": false, ""extern_or_abi_boundary"": false, ""flexible_array"": false, ""free"": false, ""function_pointer"": false, ""generated_source"": false, ""global_read"": false, ""global_write"": false, ""goto"": false, ""lexical_ambiguity"": false, ""longjmp"": false, ""macro_density"": 0.0, ""macro_generated_declaration"": false, ""macro_use"": false, ""malloc"": false, ""memcpy"": false, ""memmove"": false, ""memset"": false, ""mutable_global"": false, ""parameter_count"": 0, ""platform_specific"": false, ""pointer_arithmetic"": false, ""pointer_count"": 0, ""pointer_to_pointer"": false, ""raw_pointer_parameter"": false, ""raw_pointer_return"": false, ""realloc"": false, ""setjmp"": false, ""static_local"": false, ""syscall"": false, ""third_party"": false, ""union"": false, ""va_list"": false, ""variadic"": false, ""void_pointer"": false}",TRIVIAL,no_significant_detected_blocker,"[""conditional_compilation""]",medium
2,redis-plus-plus,397f9c7be0eb82ce92545f259a7f66ab992bd7ee,src/sw/redis++/reply.h,75,77,function,parse,3,"{""bitfield"": false, ""branch_complexity_proxy"": 0, ""c_array"": false, ""call_count"": 2, ""callback"": false, ""calloc"": false, ""conditional_compilation"": true, ""explicit_abi_boundary"": false, ""extern_declaration"": false, ""extern_or_abi_boundary"": false, ""flexible_array"": false, ""free"": false, ""function_pointer"": false, ""generated_source"": false, ""global_read"": false, ""global_write"": false, ""goto"": false, ""lexical_ambiguity"": false, ""longjmp"": false, ""macro_density"": 0.0, ""macro_generated_declaration"": false, ""macro_use"": false, ""malloc"": false, ""memcpy"": false, ""memmove"": false, ""memset"": false, ""mutable_global"": false, ""parameter_count"": 1, ""platform_specific"": false, ""pointer_arithmetic"": false, ""pointer_count"": 0, ""pointer_to_pointer"": false, ""raw_pointer_parameter"": false, ""raw_pointer_return"": false, ""realloc"": false, ""setjmp"": false, ""static_local"": false, ""syscall"": false, ""third_party"": false, ""union"": false, ""va_list"": false, ""variadic"": false, ""void_pointer"": false}",TRIVIAL,no_significant_detected_blocker,"[""conditional_compilation""]",medium
2,redis-plus-plus,397f9c7be0eb82ce92545f259a7f66ab992bd7ee,src/sw/redis++/reply.h,103,106,function,parse,4,"{""bitfield"": false, ""branch_complexity_proxy"": 0, ""c_array"": false, ""call_count"": 1, ""callback"": false, ""calloc"": false, ""conditional_compilation"": true, ""explicit_abi_boundary"": false, ""extern_declaration"": false, ""extern_or_abi_boundary"": false, ""flexible_array"": false, ""free"": false, ""function_pointer"": false, ""generated_source"": false, ""global_read"": false, ""global_write"": false, ""goto"": false, ""lexical_ambiguity"": false, ""longjmp"": false, ""macro_density"": 0.0, ""macro_generated_declaration"": false, ""macro_use"": false, ""malloc"": false, ""memcpy"": false, ""memmove"": false, ""memset"": false, ""mutable_global"": false, ""parameter_count"": 2, ""platform_specific"": false, ""pointer_arithmetic"": false, ""pointer_count"": 0, ""pointer_to_pointer"": false, ""raw_pointer_parameter"": false, ""raw_pointer_return"": false, ""realloc"": false, ""setjmp"": false, ""static_local"": false, ""syscall"": false, ""third_party"": false, ""union"": false, ""va_list"": false, ""variadic"": false, ""void_pointer"": false}",TRIVIAL,no_significant_detected_blocker,"[""conditional_compilation""]",medium
2,redis-plus-plus,397f9c7be0eb82ce92545f259a7f66ab992bd7ee,src/sw/redis++/reply.h,122,124,function,is_error,3,"{""bitfield"": false, ""branch_complexity_proxy"": 0, ""c_array"": false, ""call_count"": 1, ""callback"": false, ""calloc"": false, ""conditional_compilation"": true, ""explicit_abi_boundary"": false, ""extern_declaration"": false, ""extern_or_abi_boundary"": false, ""flexible_array"": false, ""free"": false, ""function_pointer"": false, ""generated_source"": false, ""global_read"": false, ""global_write"": false, ""goto"": false, ""lexical_ambiguity"": false, ""longjmp"": false, ""macro_density"": 0.0, ""macro_generated_declaration"": false, ""macro_use"": false, ""malloc"": false, ""memcpy"": false, ""memmove"": false, ""memset"": false, ""mutable_global"": false, ""parameter_count"": 1, ""platform_specific"": false, ""pointer_arithmetic"": false, ""pointer_count"": 0, ""pointer_to_pointer"": false, ""raw_pointer_parameter"": false, ""raw_pointer_return"": false, ""realloc"": false, ""setjmp"": false, ""static_local"": false, ""syscall"": false, ""third_party"": false, ""union"": false, ""va_list"": false, ""variadic"": false, ""void_pointer"": false}",TRIVIAL,no_significant_detected_blocker,"[""conditional_compilation""]",medium
2,redis-plus-plus,397f9c7be0eb82ce92545f259a7f66ab992bd7ee,src/sw/redis++/reply.h,126,128,function,is_nil,3,"{""bitfield"": false, ""branch_complexity_proxy"": 0, ""c_array"": false, ""call_count"": 1, ""callback"": false, ""calloc"": false, ""conditional_compilation"": true, ""explicit_abi_boundary"": false, ""extern_declaration"": false, ""extern_or_abi_boundary"": false, ""flexible_array"": false, ""free"": false, ""function_pointer"": false, ""generated_source"": false, ""global_read"": false, ""global_write"": false, ""goto"": false, ""lexical_ambiguity"": false, ""longjmp"": false, ""macro_density"": 0.0, ""macro_generated_declaration"": false, ""macro_use"": false, ""malloc"": false, ""memcpy"": false, ""memmove"": false, ""memset"": false, ""mutable_global"": false, ""parameter_count"": 1, ""platform_specific"": false, ""pointer_arithmetic"": false, ""pointer_count"": 0, ""pointer_to_pointer"": false, ""raw_pointer_parameter"": false, ""raw_pointer_return"": false, ""realloc"": false, ""setjmp"": false, ""static_local"": false, ""syscall"": false, ""third_party"": false, ""union"": false, ""va_list"": false, ""variadic"": false, ""void_pointer"": false}",TRIVIAL,no_significant_detected_blocker,"[""conditional_compilation""]",medium
2,redis-plus-plus,397f9c7be0eb82ce92545f259a7f66ab992bd7ee,src/sw/redis++/reply.h,130,132,function,is_string,3,"{""bitfield"": false, ""branch_complexity_proxy"": 0, ""c_array"": false, ""call_count"": 1, ""callback"": false, ""calloc"": false, ""conditional_compilation"": true, ""explicit_abi_boundary"": false, ""extern_declaration"": false, ""extern_or_abi_boundary"": false, ""flexible_array"": false, ""free"": false, ""function_pointer"": false, ""generated_source"": false, ""global_read"": false, ""global_write"": false, ""goto"": false, ""lexical_ambiguity"": false, ""longjmp"": false, ""macro_density"": 0.0, ""macro_generated_declaration"": false, ""macro_use"": false, ""malloc"": false, ""memcpy"": false, ""memmove"": false, ""memset"": false, ""mutable_global"": false, ""parameter_count"": 1, ""platform_specific"": false, ""pointer_arithmetic"": false, ""pointer_count"": 0, ""pointer_to_pointer"": false, ""raw_pointer_parameter"": false, ""raw_pointer_return"": false, ""realloc"": false, ""setjmp"": false, ""static_local"": false, ""syscall"": false, ""third_party"": false, ""union"": false, ""va_list"": false, ""variadic"": false, ""void_pointer"": false}",TRIVIAL,no_significant_detected_blocker,"[""conditional_compilation""]",medium
2,redis-plus-plus,397f9c7be0eb82ce92545f259a7f66ab992bd7ee,src/sw/redis++/reply.h,134,136,function,is_status,3,"{""bitfield"": false, ""branch_complexity_proxy"": 0, ""c_array"": false, ""call_count"": 1, ""callback"": false, ""calloc"": false, ""conditional_compilation"": true, ""explicit_abi_boundary"": false, ""extern_declaration"": false, ""extern_or_abi_boundary"": false, ""flexible_array"": false, ""free"": false, ""function_pointer"": false, ""generated_source"": false, ""global_read"": false, ""global_write"": false, ""goto"": false, ""lexical_ambiguity"": false, ""longjmp"": false, ""macro_density"": 0.0, ""macro_generated_declaration"": false, ""macro_use"": false, ""malloc"": false, ""memcpy"": false, ""memmove"": false, ""memset"": false, ""mutable_global"": false, ""parameter_count"": 1, ""platform_specific"": false, ""pointer_arithmetic"": false, ""pointer_count"": 0, ""pointer_to_pointer"": false, ""raw_pointer_parameter"": false, ""raw_pointer_return"": false, ""realloc"": false, ""setjmp"": false, ""static_local"": false, ""syscall"": false, ""third_party"": false, ""union"": false, ""va_list"": false, ""variadic"": false, ""void_pointer"": false}",TRIVIAL,no_significant_detected_blocker,"[""conditional_compilation""]",medium
2,redis-plus-plus,397f9c7be0eb82ce92545f259a7f66ab992bd7ee,src/sw/redis++/reply.h,138,140,function,is_integer,3,"{""bitfield"": false, ""branch_complexity_proxy"": 0, ""c_array"": false, ""call_count"": 1, ""callback"": false, ""calloc"": false, ""conditional_compilation"": true, ""explicit_abi_boundary"": false, ""extern_declaration"": false, ""extern_or_abi_boundary"": false, ""flexible_array"": false, ""free"": false, ""function_pointer"": false, ""generated_source"": false, ""global_read"": false, ""global_write"": false, ""goto"": false, ""lexical_ambiguity"": false, ""longjmp"": false, ""macro_density"": 0.0, ""macro_generated_declaration"": false, ""macro_use"": false, ""malloc"": false, ""memcpy"": false, ""memmove"": false, ""memset"": false, ""mutable_global"": false, ""parameter_count"": 1, ""platform_specific"": false, ""pointer_arithmetic"": false, ""pointer_count"": 0, ""pointer_to_pointer"": false, ""raw_pointer_parameter"": false, ""raw_pointer_return"": false, ""realloc"": false, ""setjmp"": false, ""static_local"": false, ""syscall"": false, ""third_party"": false, ""union"": false, ""va_list"": false, ""variadic"": false, ""void_pointer"": false}",TRIVIAL,no_significant_detected_blocker,"[""conditional_compilation""]",medium
2,redis-plus-plus,397f9c7be0eb82ce92545f259a7f66ab992bd7ee,src/sw/redis++/reply.h,142,144,function,is_array,3,"{""bitfield"": false, ""branch_complexity_proxy"": 0, ""c_array"": false, ""call_count"": 1, ""callback"": false, ""calloc"": false, ""conditional_compilation"": true, ""explicit_abi_boundary"": false, ""extern_declaration"": false, ""extern_or_abi_boundary"": false, ""flexible_array"": false, ""free"": false, ""function_pointer"": false, ""generated_source"": false, ""global_read"": false, ""global_write"": false, ""goto"": false, ""lexical_ambiguity"": false, ""longjmp"": false, ""macro_density"": 0.0, ""macro_generated_declaration"": false, ""macro_use"": false, ""malloc"": false, ""memcpy"": false, ""memmove"": false, ""memset"": false, ""mutable_global"": false, ""parameter_count"": 1, ""platform_specific"": false, ""pointer_arithmetic"": false, ""pointer_count"": 0, ""pointer_to_pointer"": false, ""raw_pointer_parameter"": false, ""raw_pointer_return"": false, ""realloc"": false, ""setjmp"": false, ""static_local"": false, ""syscall"": false, ""third_party"": false, ""union"": false, ""va_list"": false, ""variadic"": false, ""void_pointer"": false}",TRIVIAL,no_significant_detected_blocker,"[""conditional_compilation""]",medium
2,redis-plus-plus,397f9c7be0eb82ce92545f259a7f66ab992bd7ee,src/sw/redis++/reply.h,148,150,function,is_double,3,"{""bitfield"": false, ""branch_complexity_proxy"": 0, ""c_array"": false, ""call_count"": 1, ""callback"": false, ""calloc"": false, ""conditional_compilation"": true, ""explicit_abi_boundary"": false, ""extern_declaration"": false, ""extern_or_abi_boundary"": false, ""flexible_array"": false, ""free"": false, ""function_pointer"": false, ""generated_source"": false, ""global_read"": false, ""global_write"": false, ""goto"": false, ""lexical_ambiguity"": false, ""longjmp"": false, ""macro_density"": 0.0, ""macro_generated_declaration"": false, ""macro_use"": false, ""malloc"": false, ""memcpy"": false, ""memmove"": false, ""memset"": false, ""mutable_global"": false, ""parameter_count"": 1, ""platform_specific"": false, ""pointer_arithmetic"": false, ""pointer_count"": 0, ""pointer_to_pointer"": false, ""raw_pointer_parameter"": false, ""raw_pointer_return"": false, ""realloc"": false, ""setjmp"": false, ""static_local"": false, ""syscall"": false, ""third_party"": false, ""union"": false, ""va_list"": false, ""variadic"": false, ""void_pointer"": false}",TRIVIAL,no_significant_detected_blocker,"[""conditional_compilation""]",medium
2,redis-plus-plus,397f9c7be0eb82ce92545f259a7f66ab992bd7ee,src/sw/redis++/reply.h,152,154,function,is_bool,3,"{""bitfield"": false, ""branch_complexity_proxy"": 0, ""c_array"": false, ""call_count"": 1, ""callback"": false, ""calloc"": false, ""conditional_compilation"": true, ""explicit_abi_boundary"": false, ""extern_declaration"": false, ""extern_or_abi_boundary"": false, ""flexible_array"": false, ""free"": false, ""function_pointer"": false, ""generated_source"": false, ""global_read"": false, ""global_write"": false, ""goto"": false, ""lexical_ambiguity"": false, ""longjmp"": false, ""macro_density"": 0.0, ""macro_generated_declaration"": false, ""macro_use"": false, ""malloc"": false, ""memcpy"": false, ""memmove"": false, ""memset"": false, ""mutable_global"": false, ""parameter_count"": 1, ""platform_specific"": false, ""pointer_arithmetic"": false, ""pointer_count"": 0, ""pointer_to_pointer"": false, ""raw_pointer_parameter"": false, ""raw_pointer_return"": false, ""realloc"": false, ""setjmp"": false, ""static_local"": false, ""syscall"": false, ""third_party"": false, ""union"": false, ""va_list"": false, ""variadic"": false, ""void_pointer"": false}",TRIVIAL,no_significant_detected_blocker,"[""conditional_compilation""]",medium
2,redis-plus-plus,397f9c7be0eb82ce92545f259a7f66ab992bd7ee,src/sw/redis++/reply.h,156,158,function,is_map,3,"{""bitfield"": false, ""branch_complexity_proxy"": 0, ""c_array"": false, ""call_count"": 1, ""callback"": false, ""calloc"": false, ""conditional_compilation"": true, ""explicit_abi_boundary"": false, ""extern_declaration"": false, ""extern_or_abi_boundary"": false, ""flexible_array"": false, ""free"": false, ""function_pointer"": false, ""generated_source"": false, ""global_read"": false, ""global_write"": false, ""goto"": false, ""lexical_ambiguity"": false, ""longjmp"": false, ""macro_density"": 0.0, ""macro_generated_declaration"": false, ""macro_use"": false, ""malloc"": false, ""memcpy"": false, ""memmove"": false, ""memset"": false, ""mutable_global"": false, ""parameter_count"": 1, ""platform_specific"": false, ""pointer_arithmetic"": false, ""pointer_count"": 0, ""pointer_to_pointer"": false, ""raw_pointer_parameter"": false, ""raw_pointer_return"": false, ""realloc"": false, ""setjmp"": false, ""static_local"": false, ""syscall"": false, ""third_party"": false, ""union"": false, ""va_list"": false, ""variadic"": false, ""void_pointer"": false}",TRIVIAL,no_significant_detected_blocker,"[""conditional_compilation""]",medium
2,redis-plus-plus,397f9c7be0eb82ce92545f259a7f66ab992bd7ee,src/sw/redis++/reply.h,160,162,function,is_set,3,"{""bitfield"": false, ""branch_complexity_proxy"": 0, ""c_array"": false, ""call_count"": 1, ""callback"": false, ""calloc"": false, ""conditional_compilation"": true, ""explicit_abi_boundary"": false, ""extern_declaration"": false, ""extern_or_abi_boundary"": false, ""flexible_array"": false, ""free"": false, ""function_pointer"": false, ""generated_source"": false, ""global_read"": false, ""global_write"": false, ""goto"": false, ""lexical_ambiguity"": false, ""longjmp"": false, ""macro_density"": 0.0, ""macro_generated_declaration"": false, ""macro_use"": false, ""malloc"": false, ""memcpy"": false, ""memmove"": false, ""memset"": false, ""mutable_global"": false, ""parameter_count"": 1, ""platform_specific"": false, ""pointer_arithmetic"": false, ""pointer_count"": 0, ""pointer_to_pointer"": false, ""raw_pointer_parameter"": false, ""raw_pointer_return"": false, ""realloc"": false, ""setjmp"": false, ""static_local"": false, ""syscall"": false, ""third_party"": false, ""union"": false, ""va_list"": false, ""variadic"": false, ""void_pointer"": false}",TRIVIAL,no_significant_detected_blocker,"[""conditional_compilation""]",medium
2,redis-plus-plus,397f9c7be0eb82ce92545f259a7f66ab992bd7ee,src/sw/redis++/reply.h,164,166,function,is_attr,3,"{""bitfield"": false, ""branch_complexity_proxy"": 0, ""c_array"": false, ""call_count"": 1, ""callback"": false, ""calloc"": false, ""conditional_compilation"": true, ""explicit_abi_boundary"": false, ""extern_declaration"": false, ""extern_or_abi_boundary"": false, ""flexible_array"": false, ""free"": false, ""function_pointer"": false, ""generated_source"": false, ""global_read"": false, ""global_write"": false, ""goto"": false, ""lexical_ambiguity"": false, ""longjmp"": false, ""macro_density"": 0.0, ""macro_generated_declaration"": false, ""macro_use"": false, ""malloc"": false, ""memcpy"": false, ""memmove"": false, ""memset"": false, ""mutable_global"": false, ""parameter_count"": 1, ""platform_specific"": false, ""pointer_arithmetic"": false, ""pointer_count"": 0, ""pointer_to_pointer"": false, ""raw_pointer_parameter"": false, ""raw_pointer_return"": false, ""realloc"": false, ""setjmp"": false, ""static_local"": false, ""syscall"": false, ""third_party"": false, ""union"": false, ""va_list"": false, ""variadic"": false, ""void_pointer"": false}",TRIVIAL,no_significant_detected_blocker,"[""conditional_compilation""]",medium
2,redis-plus-plus,397f9c7be0eb82ce92545f259a7f66ab992bd7ee,src/sw/redis++/reply.h,168,170,function,is_push,3,"{""bitfield"": false, ""branch_complexity_proxy"": 0, ""c_array"": false, ""call_count"": 1, ""callback"": false, ""calloc"": false, ""conditional_compilation"": true, ""explicit_abi_boundary"": false, ""extern_declaration"": false, ""extern_or_abi_boundary"": false, ""flexible_array"": false, ""free"": false, ""function_pointer"": false, ""generated_source"": false, ""global_read"": false, ""global_write"": false, ""goto"": false, ""lexical_ambiguity"": false, ""longjmp"": false, ""macro_density"": 0.0, ""macro_generated_declaration"": false, ""macro_use"": false, ""malloc"": false, ""memcpy"": false, ""memmove"": false, ""memset"": false, ""mutable_global"": false, ""parameter_count"": 1, ""platform_specific"": false, ""pointer_arithmetic"": false, ""pointer_count"": 0, ""pointer_to_pointer"": false, ""raw_pointer_parameter"": false, ""raw_pointer_return"": false, ""realloc"": false, ""setjmp"": false, ""static_local"": false, ""syscall"": false, ""third_party"": false, ""union"": false, ""va_list"": false, ""variadic"": false, ""void_pointer"": false}",TRIVIAL,no_significant_detected_blocker,"[""conditional_compilation""]",medium
2,redis-plus-plus,397f9c7be0eb82ce92545f259a7f66ab992bd7ee,src/sw/redis++/reply.h,172,174,function,is_bignum,3,"{""bitfield"": false, ""branch_complexity_proxy"": 0, ""c_array"": false, ""call_count"": 1, ""callback"": false, ""calloc"": false, ""conditional_compilation"": true, ""explicit_abi_boundary"": false, ""extern_declaration"": false, ""extern_or_abi_boundary"": false, ""flexible_array"": false, ""free"": false, ""function_pointer"": false, ""generated_source"": false, ""global_read"": false, ""global_write"": false, ""goto"": false, ""lexical_ambiguity"": false, ""longjmp"": false, ""macro_density"": 0.0, ""macro_generated_declaration"": false, ""macro_use"": false, ""malloc"": false, ""memcpy"": false, ""memmove"": false, ""memset"": false, ""mutable_global"": false, ""parameter_count"": 1, ""platform_specific"": false, ""pointer_arithmetic"": false, ""pointer_count"": 0, ""pointer_to_pointer"": false, ""raw_pointer_parameter"": false, ""raw_pointer_return"": false, ""realloc"": false, ""setjmp"": false, ""static_local"": false, ""syscall"": false, ""third_party"": false, ""union"": false, ""va_list"": false, ""variadic"": false, ""void_pointer"": false}",TRIVIAL,no_significant_detected_blocker,"[""conditional_compilation""]",medium
2,redis-plus-plus,397f9c7be0eb82ce92545f259a7f66ab992bd7ee,src/sw/redis++/reply.h,176,178,function,is_verb,3,"{""bitfield"": false, ""branch_complexity_proxy"": 0, ""c_array"": false, ""call_count"": 1, ""callback"": false, ""calloc"": false, ""conditional_compilation"": true, ""explicit_abi_boundary"": false, ""extern_declaration"": false, ""extern_or_abi_boundary"": false, ""flexible_array"": false, ""free"": false, ""function_pointer"": false, ""generated_source"": false, ""global_read"": false, ""global_write"": false, ""goto"": false, ""lexical_ambiguity"": false, ""longjmp"": false, ""macro_density"": 0.0, ""macro_generated_declaration"": false, ""macro_use"": false, ""malloc"": false, ""memcpy"": false, ""memmove"": false, ""memset"": false, ""mutable_global"": false, ""parameter_count"": 1, ""platform_specific"": false, ""pointer_arithmetic"": false, ""pointer_count"": 0, ""pointer_to_pointer"": false, ""raw_pointer_parameter"": false, ""raw_pointer_return"": false, ""realloc"": false, ""setjmp"": false, ""static_local"": false, ""syscall"": false, ""third_party"": false, ""union"": false, ""va_list"": false, ""variadic"": false, ""void_pointer"": false}",TRIVIAL,no_significant_detected_blocker,"[""conditional_compilation""]",medium
2,redis-plus-plus,397f9c7be0eb82ce92545f259a7f66ab992bd7ee,src/sw/redis++/reply.h,213,239,function,to_array,27,"{""bitfield"": false, ""branch_complexity_proxy"": 5, ""c_array"": false, ""call_count"": 13, ""callback"": false, ""calloc"": false, ""conditional_compilation"": true, ""explicit_abi_boundary"": false, ""extern_declaration"": false, ""extern_or_abi_boundary"": false, ""flexible_array"": false, ""free"": false, ""function_pointer"": true, ""generated_source"": false, ""global_read"": false, ""global_write"": false, ""goto"": false, ""lexical_ambiguity"": false, ""longjmp"": false, ""macro_density"": 0.111111, ""macro_generated_declaration"": false, ""macro_use"": false, ""malloc"": false, ""memcpy"": false, ""memmove"": false, ""memset"": false, ""mutable_global"": false, ""parameter_count"": 2, ""platform_specific"": false, ""pointer_arithmetic"": false, ""pointer_count"": 3, ""pointer_to_pointer"": false, ""raw_pointer_parameter"": false, ""raw_pointer_return"": false, ""realloc"": false, ""setjmp"": false, ""static_local"": false, ""syscall"": false, ""third_party"": false, ""union"": false, ""va_list"": false, ""variadic"": false, ""void_pointer"": false}",NEEDS_TRANSPILER,function_pointer,[],medium
2,redis-plus-plus,397f9c7be0eb82ce92545f259a7f66ab992bd7ee,src/sw/redis++/reply.h,244,269,function,to_flat_array,26,"{""bitfield"": false, ""branch_complexity_proxy"": 4, ""c_array"": false, ""call_count"": 8, ""callback"": false, ""calloc"": false, ""conditional_compilation"": true, ""explicit_abi_boundary"": false, ""extern_declaration"": false, ""extern_or_abi_boundary"": false, ""flexible_array"": false, ""free"": false, ""function_pointer"": true, ""generated_source"": false, ""global_read"": false, ""global_write"": false, ""goto"": false, ""lexical_ambiguity"": false, ""longjmp"": false, ""macro_density"": 0.0, ""macro_generated_declaration"": false, ""macro_use"": false, ""malloc"": false, ""memcpy"": false, ""memmove"": false, ""memset"": false, ""mutable_global"": false, ""parameter_count"": 2, ""platform_specific"": false, ""pointer_arithmetic"": true, ""pointer_count"": 5, ""pointer_to_pointer"": false, ""raw_pointer_parameter"": false, ""raw_pointer_return"": false, ""realloc"": false, ""setjmp"": false, ""static_local"": false, ""syscall"": false, ""third_party"": false, ""union"": false, ""va_list"": false, ""variadic"": false, ""void_pointer"": false}",NEEDS_TRANSPILER,function_pointer,[],medium
2,redis-plus-plus,397f9c7be0eb82ce92545f259a7f66ab992bd7ee,src/sw/redis++/reply.h,272,278,function,to_array,7,"{""bitfield"": false, ""branch_complexity_proxy"": 1, ""c_array"": false, ""call_count"": 5, ""callback"": false, ""calloc"": false, ""conditional_compilation"": true, ""explicit_abi_boundary"": false, ""extern_declaration"": false, ""extern_or_abi_boundary"": false, ""flexible_array"": false, ""free"": false, ""function_pointer"": false, ""generated_source"": false, ""global_read"": false, ""global_write"": false, ""goto"": false, ""lexical_ambiguity"": false, ""longjmp"": false, ""macro_density"": 0.0, ""macro_generated_declaration"": false, ""macro_use"": false, ""malloc"": false, ""memcpy"": false, ""memmove"": false, ""memset"": false, ""mutable_global"": false, ""parameter_count"": 3, ""platform_specific"": false, ""pointer_arithmetic"": false, ""pointer_count"": 0, ""pointer_to_pointer"": false, ""raw_pointer_parameter"": false, ""raw_pointer_return"": false, ""realloc"": false, ""setjmp"": false, ""static_local"": false, ""syscall"": false, ""third_party"": false, ""union"": false, ""va_list"": false, ""variadic"": false, ""void_pointer"": false}",TRIVIAL,no_significant_detected_blocker,"[""conditional_compilation""]",medium
2,redis-plus-plus,397f9c7be0eb82ce92545f259a7f66ab992bd7ee,src/sw/redis++/reply.h,281,283,function,to_array,3,"{""bitfield"": false, ""branch_complexity_proxy"": 0, ""c_array"": false, ""call_count"": 2, ""callback"": false, ""calloc"": false, ""conditional_compilation"": true, ""explicit_abi_boundary"": false, ""extern_declaration"": false, ""extern_or_abi_boundary"": false, ""flexible_array"": false, ""free"": false, ""function_pointer"": false, ""generated_source"": false, ""global_read"": false, ""global_write"": false, ""goto"": false, ""lexical_ambiguity"": false, ""longjmp"": false, ""macro_density"": 0.0, ""macro_generated_declaration"": false, ""macro_use"": false, ""malloc"": false, ""memcpy"": false, ""memmove"": false, ""memset"": false, ""mutable_global"": false, ""parameter_count"": 3, ""platform_specific"": false, ""pointer_arithmetic"": false, ""pointer_count"": 0, ""pointer_to_pointer"": false, ""raw_pointer_parameter"": false, ""raw_pointer_return"": false, ""realloc"": false, ""setjmp"": false, ""static_local"": false, ""syscall"": false, ""third_party"": false, ""union"": false, ""va_list"": false, ""variadic"": false, ""void_pointer"": false}",TRIVIAL,no_significant_detected_blocker,"[""conditional_compilation""]",medium
2,redis-plus-plus,397f9c7be0eb82ce92545f259a7f66ab992bd7ee,src/sw/redis++/reply.h,348,350,function,is_parsable,3,"{""bitfield"": false, ""branch_complexity_proxy"": 0, ""c_array"": false, ""call_count"": 2, ""callback"": false, ""calloc"": false, ""conditional_compilation"": true, ""explicit_abi_boundary"": false, ""extern_declaration"": false, ""extern_or_abi_boundary"": false, ""flexible_array"": false, ""free"": false, ""function_pointer"": false, ""generated_source"": false, ""global_read"": false, ""global_write"": false, ""goto"": false, ""lexical_ambiguity"": false, ""longjmp"": false, ""macro_density"": 0.0, ""macro_generated_declaration"": false, ""macro_use"": false, ""malloc"": false, ""memcpy"": false, ""memmove"": false, ""memset"": false, ""mutable_global"": false, ""parameter_count"": 1, ""platform_specific"": false, ""pointer_arithmetic"": false, ""pointer_count"": 0, ""pointer_to_pointer"": false, ""raw_pointer_parameter"": false, ""raw_pointer_return"": false, ""realloc"": false, ""setjmp"": false, ""static_local"": false, ""syscall"": false, ""third_party"": false, ""union"": false, ""va_list"": false, ""variadic"": false, ""void_pointer"": false}",TRIVIAL,no_significant_detected_blocker,"[""conditional_compilation""]",medium
2,redis-plus-plus,397f9c7be0eb82ce92545f259a7f66ab992bd7ee,src/sw/redis++/reply.h,352,359,function,is_parsable,8,"{""bitfield"": false, ""branch_complexity_proxy"": 0, ""c_array"": false, ""call_count"": 7, ""callback"": false, ""calloc"": false, ""conditional_compilation"": true, ""explicit_abi_boundary"": false, ""extern_declaration"": false, ""extern_or_abi_boundary"": false, ""flexible_array"": false, ""free"": false, ""function_pointer"": false, ""generated_source"": false, ""global_read"": false, ""global_write"": false, ""goto"": false, ""lexical_ambiguity"": false, ""longjmp"": false, ""macro_density"": 0.375, ""macro_generated_declaration"": false, ""macro_use"": false, ""malloc"": false, ""memcpy"": false, ""memmove"": false, ""memset"": false, ""mutable_global"": false, ""parameter_count"": 2, ""platform_specific"": false, ""pointer_arithmetic"": false, ""pointer_count"": 0, ""pointer_to_pointer"": false, ""raw_pointer_parameter"": false, ""raw_pointer_return"": false, ""realloc"": false, ""setjmp"": false, ""static_local"": false, ""syscall"": false, ""third_party"": false, ""union"": false, ""va_list"": false, ""variadic"": false, ""void_pointer"": false}",TRIVIAL,no_significant_detected_blocker,"[""conditional_compilation""]",medium
2,redis-plus-plus,397f9c7be0eb82ce92545f259a7f66ab992bd7ee,src/sw/redis++/reply.h,361,363,function,is_parsable,3,"{""bitfield"": false, ""branch_complexity_proxy"": 0, ""c_array"": false, ""call_count"": 2, ""callback"": false, ""calloc"": false, ""conditional_compilation"": true, ""explicit_abi_boundary"": false, ""extern_declaration"": false, ""extern_or_abi_boundary"": false, ""flexible_array"": false, ""free"": false, ""function_pointer"": false, ""generated_source"": false, ""global_read"": false, ""global_write"": false, ""goto"": false, ""lexical_ambiguity"": false, ""longjmp"": false, ""macro_density"": 0.0, ""macro_generated_declaration"": false, ""macro_use"": false, ""malloc"": false, ""memcpy"": false, ""memmove"": false, ""memset"": false, ""mutable_global"": false, ""parameter_count"": 2, ""platform_specific"": false, ""pointer_arithmetic"": false, ""pointer_count"": 0, ""pointer_to_pointer"": false, ""raw_pointer_parameter"": false, ""raw_pointer_return"": false, ""realloc"": false, ""setjmp"": false, ""static_local"": false, ""syscall"": false, ""third_party"": false, ""union"": false, ""va_list"": false, ""variadic"": false, ""void_pointer"": false}",TRIVIAL,no_significant_detected_blocker,"[""conditional_compilation""]",medium
2,redis-plus-plus,397f9c7be0eb82ce92545f259a7f66ab992bd7ee,src/sw/redis++/reply.h,365,379,function,is_parsable,15,"{""bitfield"": false, ""branch_complexity_proxy"": 2, ""c_array"": false, ""call_count"": 6, ""callback"": false, ""calloc"": false, ""conditional_compilation"": true, ""explicit_abi_boundary"": false, ""extern_declaration"": false, ""extern_or_abi_boundary"": false, ""flexible_array"": false, ""free"": false, ""function_pointer"": false, ""generated_source"": false, ""global_read"": false, ""global_write"": false, ""goto"": false, ""lexical_ambiguity"": false, ""longjmp"": false, ""macro_density"": 0.133333, ""macro_generated_declaration"": false, ""macro_use"": false, ""malloc"": false, ""memcpy"": false, ""memmove"": false, ""memset"": false, ""mutable_global"": false, ""parameter_count"": 2, ""platform_specific"": false, ""pointer_arithmetic"": false, ""pointer_count"": 1, ""pointer_to_pointer"": false, ""raw_pointer_parameter"": false, ""raw_pointer_return"": false, ""realloc"": false, ""setjmp"": false, ""static_local"": false, ""syscall"": false, ""third_party"": false, ""union"": false, ""va_list"": false, ""variadic"": false, ""void_pointer"": false}",TRIVIAL,no_significant_detected_blocker,"[""conditional_compilation""]",medium
2,redis-plus-plus,397f9c7be0eb82ce92545f259a7f66ab992bd7ee,src/sw/redis++/reply.h,381,393,function,is_parsable,13,"{""bitfield"": false, ""branch_complexity_proxy"": 2, ""c_array"": false, ""call_count"": 6, ""callback"": false, ""calloc"": false, ""conditional_compilation"": true, ""explicit_abi_boundary"": false, ""extern_declaration"": false, ""extern_or_abi_boundary"": false, ""flexible_array"": false, ""free"": false, ""function_pointer"": false, ""generated_source"": false, ""global_read"": false, ""global_write"": false, ""goto"": false, ""lexical_ambiguity"": false, ""longjmp"": false, ""macro_density"": 0.230769, ""macro_generated_declaration"": false, ""macro_use"": false, ""malloc"": false, ""memcpy"": false, ""memmove"": false, ""memset"": false, ""mutable_global"": false, ""parameter_count"": 2, ""platform_specific"": false, ""pointer_arithmetic"": false, ""pointer_count"": 0, ""pointer_to_pointer"": false, ""raw_pointer_parameter"": false, ""raw_pointer_return"": false, ""realloc"": false, ""setjmp"": false, ""static_local"": false, ""syscall"": false, ""third_party"": false, ""union"": false, ""va_list"": false, ""variadic"": false, ""void_pointer"": false}",TRIVIAL,no_significant_detected_blocker,"[""conditional_compilation""]",medium
2,redis-plus-plus,397f9c7be0eb82ce92545f259a7f66ab992bd7ee,src/sw/redis++/reply.h,395,397,function,is_parsable,3,"{""bitfield"": false, ""branch_complexity_proxy"": 0, ""c_array"": false, ""call_count"": 2, ""callback"": false, ""calloc"": false, ""conditional_compilation"": true, ""explicit_abi_boundary"": false, ""extern_declaration"": false, ""extern_or_abi_boundary"": false, ""flexible_array"": false, ""free"": false, ""function_pointer"": false, ""generated_source"": false, ""global_read"": false, ""global_write"": false, ""goto"": false, ""lexical_ambiguity"": false, ""longjmp"": false, ""macro_density"": 0.0, ""macro_generated_declaration"": false, ""macro_use"": false, ""malloc"": false, ""memcpy"": false, ""memmove"": false, ""memset"": false, ""mutable_global"": false, ""parameter_count"": 2, ""platform_specific"": false, ""pointer_arithmetic"": false, ""pointer_count"": 0, ""pointer_to_pointer"": false, ""raw_pointer_parameter"": false, ""raw_pointer_return"": false, ""realloc"": false, ""setjmp"": false, ""static_local"": false, ""syscall"": false, ""third_party"": false, ""union"": false, ""va_list"": false, ""variadic"": false, ""void_pointer"": false}",TRIVIAL,no_significant_detected_blocker,"[""conditional_compilation""]",medium
2,redis-plus-plus,397f9c7be0eb82ce92545f259a7f66ab992bd7ee,src/sw/redis++/reply.h,400,406,function,is_parsable,7,"{""bitfield"": false, ""branch_complexity_proxy"": 1, ""c_array"": false, ""call_count"": 3, ""callback"": false, ""calloc"": false, ""conditional_compilation"": true, ""explicit_abi_boundary"": false, ""extern_declaration"": false, ""extern_or_abi_boundary"": false, ""flexible_array"": false, ""free"": false, ""function_pointer"": false, ""generated_source"": false, ""global_read"": false, ""global_write"": false, ""goto"": false, ""lexical_ambiguity"": false, ""longjmp"": false, ""macro_density"": 0.0, ""macro_generated_declaration"": false, ""macro_use"": false, ""malloc"": false, ""memcpy"": false, ""memmove"": false, ""memset"": false, ""mutable_global"": false, ""parameter_count"": 2, ""platform_specific"": false, ""pointer_arithmetic"": false, ""pointer_count"": 0, ""pointer_to_pointer"": false, ""raw_pointer_parameter"": false, ""raw_pointer_return"": false, ""realloc"": false, ""setjmp"": false, ""static_local"": false, ""syscall"": false, ""third_party"": false, ""union"": false, ""va_list"": false, ""variadic"": false, ""void_pointer"": false}",TRIVIAL,no_significant_detected_blocker,"[""conditional_compilation""]",medium
2,redis-plus-plus,397f9c7be0eb82ce92545f259a7f66ab992bd7ee,src/sw/redis++/reply.h,409,440,function,is_parsable,32,"{""bitfield"": false, ""branch_complexity_proxy"": 6, ""c_array"": true, ""call_count"": 11, ""callback"": false, ""calloc"": false, ""conditional_compilation"": true, ""explicit_abi_boundary"": false, ""extern_declaration"": false, ""extern_or_abi_boundary"": false, ""flexible_array"": false, ""free"": false, ""function_pointer"": false, ""generated_source"": false, ""global_read"": false, ""global_write"": false, ""goto"": false, ""lexical_ambiguity"": false, ""longjmp"": false, ""macro_density"": 0.0, ""macro_generated_declaration"": false, ""macro_use"": false, ""malloc"": false, ""memcpy"": false, ""memmove"": false, ""memset"": false, ""mutable_global"": false, ""parameter_count"": 3, ""platform_specific"": false, ""pointer_arithmetic"": false, ""pointer_count"": 6, ""pointer_to_pointer"": false, ""raw_pointer_parameter"": false, ""raw_pointer_return"": false, ""realloc"": false, ""setjmp"": false, ""static_local"": false, ""syscall"": false, ""third_party"": false, ""union"": false, ""va_list"": false, ""variadic"": false, ""void_pointer"": false}",TRIVIAL,no_significant_detected_blocker,"[""c_array"", ""conditional_compilation""]",medium
2,redis-plus-plus,397f9c7be0eb82ce92545f259a7f66ab992bd7ee,src/sw/redis++/reply.h,443,452,function,is_tuple_parsable,10,"{""bitfield"": false, ""branch_complexity_proxy"": 1, ""c_array"": false, ""call_count"": 3, ""callback"": false, ""calloc"": false, ""conditional_compilation"": true, ""explicit_abi_boundary"": false, ""extern_declaration"": false, ""extern_or_abi_boundary"": false, ""flexible_array"": false, ""free"": false, ""function_pointer"": true, ""generated_source"": false, ""global_read"": false, ""global_write"": false, ""goto"": false, ""lexical_ambiguity"": false, ""longjmp"": false, ""macro_density"": 0.0, ""macro_generated_declaration"": false, ""macro_use"": false, ""malloc"": false, ""memcpy"": false, ""memmove"": false, ""memset"": false, ""mutable_global"": false, ""parameter_count"": 2, ""platform_specific"": false, ""pointer_arithmetic"": false, ""pointer_count"": 4, ""pointer_to_pointer"": true, ""raw_pointer_parameter"": true, ""raw_pointer_return"": false, ""realloc"": false, ""setjmp"": false, ""static_local"": false, ""syscall"": false, ""third_party"": false, ""union"": false, ""va_list"": false, ""variadic"": false, ""void_pointer"": false}",NEEDS_TRANSPILER,function_pointer,[],medium
2,redis-plus-plus,397f9c7be0eb82ce92545f259a7f66ab992bd7ee,src/sw/redis++/reply.h,464,482,function,is_parsable,19,"{""bitfield"": false, ""branch_complexity_proxy"": 3, ""c_array"": false, ""call_count"": 6, ""callback"": false, ""calloc"": false, ""conditional_compilation"": true, ""explicit_abi_boundary"": false, ""extern_declaration"": false, ""extern_or_abi_boundary"": false, ""flexible_array"": false, ""free"": false, ""function_pointer"": false, ""generated_source"": false, ""global_read"": false, ""global_write"": false, ""goto"": false, ""lexical_ambiguity"": false, ""longjmp"": false, ""macro_density"": 0.0, ""macro_generated_declaration"": false, ""macro_use"": false, ""malloc"": false, ""memcpy"": false, ""memmove"": false, ""memset"": false, ""mutable_global"": false, ""parameter_count"": 2, ""platform_specific"": false, ""pointer_arithmetic"": false, ""pointer_count"": 0, ""pointer_to_pointer"": false, ""raw_pointer_parameter"": false, ""raw_pointer_return"": false, ""realloc"": false, ""setjmp"": false, ""static_local"": false, ""syscall"": false, ""third_party"": false, ""union"": false, ""va_list"": false, ""variadic"": true, ""void_pointer"": false}",NEEDS_TRANSPILER,variadic,[],medium
2,redis-plus-plus,397f9c7be0eb82ce92545f259a7f66ab992bd7ee,src/sw/redis++/reply.h,485,506,function,is_flat_kv_parsable,22,"{""bitfield"": false, ""branch_complexity_proxy"": 3, ""c_array"": true, ""call_count"": 4, ""callback"": false, ""calloc"": false, ""conditional_compilation"": true, ""explicit_abi_boundary"": false, ""extern_declaration"": false, ""extern_or_abi_boundary"": false, ""flexible_array"": false, ""free"": false, ""function_pointer"": true, ""generated_source"": false, ""global_read"": false, ""global_write"": false, ""goto"": false, ""lexical_ambiguity"": false, ""longjmp"": false, ""macro_density"": 0.0, ""macro_generated_declaration"": false, ""macro_use"": false, ""malloc"": false, ""memcpy"": false, ""memmove"": false, ""memset"": false, ""mutable_global"": false, ""parameter_count"": 1, ""platform_specific"": false, ""pointer_arithmetic"": false, ""pointer_count"": 4, ""pointer_to_pointer"": false, ""raw_pointer_parameter"": false, ""raw_pointer_return"": false, ""realloc"": false, ""setjmp"": false, ""static_local"": false, ""syscall"": false, ""third_party"": false, ""union"": false, ""va_list"": false, ""variadic"": false, ""void_pointer"": false}",NEEDS_TRANSPILER,function_pointer,[],medium
2,redis-plus-plus,397f9c7be0eb82ce92545f259a7f66ab992bd7ee,src/sw/redis++/reply.h,509,521,function,is_container_parsable,13,"{""bitfield"": false, ""branch_complexity_proxy"": 2, ""c_array"": true, ""call_count"": 3, ""callback"": false, ""calloc"": false, ""conditional_compilation"": true, ""explicit_abi_boundary"": false, ""extern_declaration"": false, ""extern_or_abi_boundary"": false, ""flexible_array"": false, ""free"": false, ""function_pointer"": true, ""generated_source"": false, ""global_read"": false, ""global_write"": false, ""goto"": false, ""lexical_ambiguity"": false, ""longjmp"": false, ""macro_density"": 0.0, ""macro_generated_declaration"": false, ""macro_use"": false, ""malloc"": false, ""memcpy"": false, ""memmove"": false, ""memset"": false, ""mutable_global"": false, ""parameter_count"": 2, ""platform_specific"": false, ""pointer_arithmetic"": false, ""pointer_count"": 2, ""pointer_to_pointer"": false, ""raw_pointer_parameter"": false, ""raw_pointer_return"": false, ""realloc"": false, ""setjmp"": false, ""static_local"": false, ""syscall"": false, ""third_party"": false, ""union"": false, ""va_list"": false, ""variadic"": false, ""void_pointer"": false}",NEEDS_TRANSPILER,function_pointer,[],medium
2,redis-plus-plus,397f9c7be0eb82ce92545f259a7f66ab992bd7ee,src/sw/redis++/reply.h,524,530,function,is_container_parsable,7,"{""bitfield"": false, ""branch_complexity_proxy"": 1, ""c_array"": false, ""call_count"": 3, ""callback"": false, ""calloc"": false, ""conditional_compilation"": true, ""explicit_abi_boundary"": false, ""extern_declaration"": false, ""extern_or_abi_boundary"": false, ""flexible_array"": false, ""free"": false, ""function_pointer"": false, ""generated_source"": false, ""global_read"": false, ""global_write"": false, ""goto"": false, ""lexical_ambiguity"": false, ""longjmp"": false, ""macro_density"": 0.0, ""macro_generated_declaration"": false, ""macro_use"": false, ""malloc"": false, ""memcpy"": false, ""memmove"": false, ""memset"": false, ""mutable_global"": false, ""parameter_count"": 2, ""platform_specific"": false, ""pointer_arithmetic"": false, ""pointer_count"": 0, ""pointer_to_pointer"": false, ""raw_pointer_parameter"": false, ""raw_pointer_return"": false, ""realloc"": false, ""setjmp"": false, ""static_local"": false, ""syscall"": false, ""third_party"": false, ""union"": false, ""va_list"": false, ""variadic"": false, ""void_pointer"": false}",TRIVIAL,no_significant_detected_blocker,"[""conditional_compilation""]",medium
2,redis-plus-plus,397f9c7be0eb82ce92545f259a7f66ab992bd7ee,src/sw/redis++/reply.h,533,820,function,is_parsable,288,"{""bitfield"": false, ""branch_complexity_proxy"": 34, ""c_array"": true, ""call_count"": 126, ""callback"": false, ""calloc"": false, ""conditional_compilation"": true, ""explicit_abi_boundary"": false, ""extern_declaration"": false, ""extern_or_abi_boundary"": false, ""flexible_array"": false, ""free"": false, ""function_pointer"": true, ""generated_source"": false, ""global_read"": false, ""global_write"": false, ""goto"": false, ""lexical_ambiguity"": false, ""longjmp"": false, ""macro_density"": 0.076389, ""macro_generated_declaration"": false, ""macro_use"": false, ""malloc"": false, ""memcpy"": false, ""memmove"": false, ""memset"": false, ""mutable_global"": false, ""parameter_count"": 2, ""platform_specific"": false, ""pointer_arithmetic"": false, ""pointer_count"": 16, ""pointer_to_pointer"": false, ""raw_pointer_parameter"": false, ""raw_pointer_return"": false, ""realloc"": false, ""setjmp"": false, ""static_local"": false, ""syscall"": false, ""third_party"": false, ""union"": false, ""va_list"": false, ""variadic"": false, ""void_pointer"": false}",NEEDS_TRANSPILER,function_pointer,[],medium
2,redis-plus-plus,397f9c7be0eb82ce92545f259a7f66ab992bd7ee,src/sw/redis++/reply.h,547,609,function,is_parsable,63,"{""bitfield"": false, ""branch_complexity_proxy"": 5, ""c_array"": false, ""call_count"": 25, ""callback"": false, ""calloc"": false, ""conditional_compilation"": true, ""explicit_abi_boundary"": false, ""extern_declaration"": false, ""extern_or_abi_boundary"": false, ""flexible_array"": false, ""free"": false, ""function_pointer"": false, ""generated_source"": false, ""global_read"": false, ""global_write"": false, ""goto"": false, ""lexical_ambiguity"": false, ""longjmp"": false, ""macro_density"": 0.079365, ""macro_generated_declaration"": false, ""macro_use"": false, ""malloc"": false, ""memcpy"": false, ""memmove"": false, ""memset"": false, ""mutable_global"": false, ""parameter_count"": 2, ""platform_specific"": false, ""pointer_arithmetic"": false, ""pointer_count"": 0, ""pointer_to_pointer"": false, ""raw_pointer_parameter"": false, ""raw_pointer_return"": false, ""realloc"": false, ""setjmp"": false, ""static_local"": false, ""syscall"": false, ""third_party"": false, ""union"": false, ""va_list"": false, ""variadic"": false, ""void_pointer"": false}",TRIVIAL,no_significant_detected_blocker,"[""conditional_compilation""]",medium
2,redis-plus-plus,397f9c7be0eb82ce92545f259a7f66ab992bd7ee,src/sw/redis++/reply.h,562,572,function,parse_variant,11,"{""bitfield"": false, ""branch_complexity_proxy"": 1, ""c_array"": false, ""call_count"": 6, ""callback"": false, ""calloc"": false, ""conditional_compilation"": true, ""explicit_abi_boundary"": false, ""extern_declaration"": false, ""extern_or_abi_boundary"": false, ""flexible_array"": false, ""free"": false, ""function_pointer"": false, ""generated_source"": false, ""global_read"": false, ""global_write"": false, ""goto"": false, ""lexical_ambiguity"": false, ""longjmp"": false, ""macro_density"": 0.0, ""macro_generated_declaration"": false, ""macro_use"": false, ""malloc"": false, ""memcpy"": false, ""memmove"": false, ""memset"": false, ""mutable_global"": false, ""parameter_count"": 1, ""platform_specific"": false, ""pointer_arithmetic"": false, ""pointer_count"": 0, ""pointer_to_pointer"": false, ""raw_pointer_parameter"": false, ""raw_pointer_return"": false, ""realloc"": false, ""setjmp"": false, ""static_local"": false, ""syscall"": false, ""third_party"": false, ""union"": false, ""va_list"": false, ""variadic"": false, ""void_pointer"": false}",TRIVIAL,no_significant_detected_blocker,"[""conditional_compilation""]",medium
2,redis-plus-plus,397f9c7be0eb82ce92545f259a7f66ab992bd7ee,src/sw/redis++/reply.h,588,590,function,is_parsable,3,"{""bitfield"": false, ""branch_complexity_proxy"": 0, ""c_array"": false, ""call_count"": 1, ""callback"": false, ""calloc"": false, ""conditional_compilation"": true, ""explicit_abi_boundary"": false, ""extern_declaration"": false, ""extern_or_abi_boundary"": false, ""flexible_array"": false, ""free"": false, ""function_pointer"": false, ""generated_source"": false, ""global_read"": false, ""global_write"": false, ""goto"": false, ""lexical_ambiguity"": false, ""longjmp"": false, ""macro_density"": 0.0, ""macro_generated_declaration"": false, ""macro_use"": false, ""malloc"": false, ""memcpy"": false, ""memmove"": false, ""memset"": false, ""mutable_global"": false, ""parameter_count"": 2, ""platform_specific"": false, ""pointer_arithmetic"": false, ""pointer_count"": 0, ""pointer_to_pointer"": false, ""raw_pointer_parameter"": false, ""raw_pointer_return"": false, ""realloc"": false, ""setjmp"": false, ""static_local"": false, ""syscall"": false, ""third_party"": false, ""union"": false, ""va_list"": false, ""variadic"": false, ""void_pointer"": false}",TRIVIAL,no_significant_detected_blocker,"[""conditional_compilation""]",medium
2,redis-plus-plus,397f9c7be0eb82ce92545f259a7f66ab992bd7ee,src/sw/redis++/reply.h,593,595,function,is_parsable,3,"{""bitfield"": false, ""branch_complexity_proxy"": 0, ""c_array"": false, ""call_count"": 2, ""callback"": false, ""calloc"": false, ""conditional_compilation"": true, ""explicit_abi_boundary"": false, ""extern_declaration"": false, ""extern_or_abi_boundary"": false, ""flexible_array"": false, ""free"": false, ""function_pointer"": false, ""generated_source"": false, ""global_read"": false, ""global_write"": false, ""goto"": false, ""lexical_ambiguity"": false, ""longjmp"": false, ""macro_density"": 0.0, ""macro_generated_declaration"": false, ""macro_use"": false, ""malloc"": false, ""memcpy"": false, ""memmove"": false, ""memset"": false, ""mutable_global"": false, ""parameter_count"": 2, ""platform_specific"": false, ""pointer_arithmetic"": false, ""pointer_count"": 0, ""pointer_to_pointer"": false, ""raw_pointer_parameter"": false, ""raw_pointer_return"": false, ""realloc"": false, ""setjmp"": false, ""static_local"": false, ""syscall"": false, ""third_party"": false, ""union"": false, ""va_list"": false, ""variadic"": false, ""void_pointer"": false}",TRIVIAL,no_significant_detected_blocker,"[""conditional_compilation""]",medium
2,redis-plus-plus,397f9c7be0eb82ce92545f259a7f66ab992bd7ee,src/sw/redis++/reply.h,612,625,function,parse_leniently,14,"{""bitfield"": false, ""branch_complexity_proxy"": 3, ""c_array"": true, ""call_count"": 6, ""callback"": false, ""calloc"": false, ""conditional_compilation"": true, ""explicit_abi_boundary"": false, ""extern_declaration"": false, ""extern_or_abi_boundary"": false, ""flexible_array"": false, ""free"": false, ""function_pointer"": true, ""generated_source"": false, ""global_read"": false, ""global_write"": false, ""goto"": false, ""lexical_ambiguity"": false, ""longjmp"": false, ""macro_density"": 0.0, ""macro_generated_declaration"": false, ""macro_use"": false, ""malloc"": false, ""memcpy"": false, ""memmove"": false, ""memset"": false, ""mutable_global"": false, ""parameter_count"": 1, ""platform_specific"": false, ""pointer_arithmetic"": false, ""pointer_count"": 2, ""pointer_to_pointer"": false, ""raw_pointer_parameter"": false, ""raw_pointer_return"": false, ""realloc"": false, ""setjmp"": false, ""static_local"": false, ""syscall"": false, ""third_party"": false, ""union"": false, ""va_list"": false, ""variadic"": false, ""void_pointer"": false}",NEEDS_TRANSPILER,function_pointer,[],medium
2,redis-plus-plus,397f9c7be0eb82ce92545f259a7f66ab992bd7ee,src/sw/redis++/reply.h,708,818,function,parse,111,"{""bitfield"": false, ""branch_complexity_proxy"": 13, ""c_array"": true, ""call_count"": 58, ""callback"": false, ""calloc"": false, ""conditional_compilation"": true, ""explicit_abi_boundary"": false, ""extern_declaration"": false, ""extern_or_abi_boundary"": false, ""flexible_array"": false, ""free"": false, ""function_pointer"": true, ""generated_source"": false, ""global_read"": false, ""global_write"": false, ""goto"": false, ""lexical_ambiguity"": false, ""longjmp"": false, ""macro_density"": 0.081081, ""macro_generated_declaration"": false, ""macro_use"": false, ""malloc"": false, ""memcpy"": false, ""memmove"": false, ""memset"": false, ""mutable_global"": false, ""parameter_count"": 2, ""platform_specific"": false, ""pointer_arithmetic"": false, ""pointer_count"": 8, ""pointer_to_pointer"": false, ""raw_pointer_parameter"": false, ""raw_pointer_return"": false, ""realloc"": false, ""setjmp"": false, ""static_local"": false, ""syscall"": false, ""third_party"": false, ""union"": false, ""va_list"": false, ""variadic"": false, ""void_pointer"": false}",NEEDS_TRANSPILER,function_pointer,[],medium
2,redis-plus-plus,397f9c7be0eb82ce92545f259a7f66ab992bd7ee,src/sw/redis++/reply.h,726,816,function,parse,91,"{""bitfield"": false, ""branch_complexity_proxy"": 11, ""c_array"": true, ""call_count"": 48, ""callback"": false, ""calloc"": false, ""conditional_compilation"": true, ""explicit_abi_boundary"": false, ""extern_declaration"": false, ""extern_or_abi_boundary"": false, ""flexible_array"": false, ""free"": false, ""function_pointer"": true, ""generated_source"": false, ""global_read"": false, ""global_write"": false, ""goto"": false, ""lexical_ambiguity"": false, ""longjmp"": false, ""macro_density"": 0.065934, ""macro_generated_declaration"": false, ""macro_use"": false, ""malloc"": false, ""memcpy"": false, ""memmove"": false, ""memset"": false, ""mutable_global"": false, ""parameter_count"": 2, ""platform_specific"": false, ""pointer_arithmetic"": false, ""pointer_count"": 8, ""pointer_to_pointer"": false, ""raw_pointer_parameter"": false, ""raw_pointer_return"": false, ""realloc"": false, ""setjmp"": false, ""static_local"": false, ""syscall"": false, ""third_party"": false, ""union"": false, ""va_list"": false, ""variadic"": false, ""void_pointer"": false}",NEEDS_TRANSPILER,function_pointer,[],medium
2,redis-plus-plus,397f9c7be0eb82ce92545f259a7f66ab992bd7ee,src/sw/redis++/reply.h,743,765,function,parse_scan_reply,23,"{""bitfield"": false, ""branch_complexity_proxy"": 2, ""c_array"": true, ""call_count"": 9, ""callback"": false, ""calloc"": false, ""conditional_compilation"": true, ""explicit_abi_boundary"": false, ""extern_declaration"": false, ""extern_or_abi_boundary"": false, ""flexible_array"": false, ""free"": false, ""function_pointer"": true, ""generated_source"": false, ""global_read"": false, ""global_write"": false, ""goto"": false, ""lexical_ambiguity"": false, ""longjmp"": false, ""macro_density"": 0.0, ""macro_generated_declaration"": false, ""macro_use"": false, ""malloc"": false, ""memcpy"": false, ""memmove"": false, ""memset"": false, ""mutable_global"": false, ""parameter_count"": 2, ""platform_specific"": false, ""pointer_arithmetic"": false, ""pointer_count"": 4, ""pointer_to_pointer"": false, ""raw_pointer_parameter"": false, ""raw_pointer_return"": false, ""realloc"": false, ""setjmp"": false, ""static_local"": false, ""syscall"": false, ""third_party"": false, ""union"": false, ""va_list"": false, ""variadic"": false, ""void_pointer"": false}",NEEDS_TRANSPILER,function_pointer,[],medium
2,redis-plus-plus,397f9c7be0eb82ce92545f259a7f66ab992bd7ee,src/sw/redis++/reply.h,768,780,function,to_array,13,"{""bitfield"": false, ""branch_complexity_proxy"": 2, ""c_array"": false, ""call_count"": 11, ""callback"": false, ""calloc"": false, ""conditional_compilation"": true, ""explicit_abi_boundary"": false, ""extern_declaration"": false, ""extern_or_abi_boundary"": false, ""flexible_array"": false, ""free"": false, ""function_pointer"": false, ""generated_source"": false, ""global_read"": false, ""global_write"": false, ""goto"": false, ""lexical_ambiguity"": false, ""longjmp"": false, ""macro_density"": 0.230769, ""macro_generated_declaration"": false, ""macro_use"": false, ""malloc"": false, ""memcpy"": false, ""memmove"": false, ""memset"": false, ""mutable_global"": false, ""parameter_count"": 2, ""platform_specific"": false, ""pointer_arithmetic"": false, ""pointer_count"": 0, ""pointer_to_pointer"": false, ""raw_pointer_parameter"": false, ""raw_pointer_return"": false, ""realloc"": false, ""setjmp"": false, ""static_local"": false, ""syscall"": false, ""third_party"": false, ""union"": false, ""va_list"": false, ""variadic"": false, ""void_pointer"": false}",TRIVIAL,no_significant_detected_blocker,"[""conditional_compilation""]",medium
2,redis-plus-plus,397f9c7be0eb82ce92545f259a7f66ab992bd7ee,src/sw/redis++/reply.h,783,789,function,to_optional_array,7,"{""bitfield"": false, ""branch_complexity_proxy"": 1, ""c_array"": false, ""call_count"": 4, ""callback"": false, ""calloc"": false, ""conditional_compilation"": true, ""explicit_abi_boundary"": false, ""extern_declaration"": false, ""extern_or_abi_boundary"": false, ""flexible_array"": false, ""free"": false, ""function_pointer"": false, ""generated_source"": false, ""global_read"": false, ""global_write"": false, ""goto"": false, ""lexical_ambiguity"": false, ""longjmp"": false, ""macro_density"": 0.0, ""macro_generated_declaration"": false, ""macro_use"": false, ""malloc"": false, ""memcpy"": false, ""memmove"": false, ""memset"": false, ""mutable_global"": false, ""parameter_count"": 2, ""platform_specific"": false, ""pointer_arithmetic"": false, ""pointer_count"": 0, ""pointer_to_pointer"": false, ""raw_pointer_parameter"": false, ""raw_pointer_return"": false, ""realloc"": false, ""setjmp"": false, ""static_local"": false, ""syscall"": false, ""third_party"": false, ""union"": false, ""va_list"": false, ""variadic"": false, ""void_pointer"": false}",TRIVIAL,no_significant_detected_blocker,"[""conditional_compilation""]",medium
2,redis-plus-plus,397f9c7be0eb82ce92545f259a7f66ab992bd7ee,src/sw/redis++/sentinel.h,34,54,struct,SentinelOptions,21,"{""bitfield"": false, ""branch_complexity_proxy"": 0, ""c_array"": false, ""call_count"": 0, ""callback"": false, ""calloc"": false, ""conditional_compilation"": true, ""explicit_abi_boundary"": false, ""extern_declaration"": false, ""extern_or_abi_boundary"": false, ""flexible_array"": false, ""free"": false, ""function_pointer"": false, ""generated_source"": false, ""global_read"": false, ""global_write"": false, ""goto"": false, ""lexical_ambiguity"": false, ""longjmp"": false, ""macro_density"": 0.0, ""macro_generated_declaration"": false, ""macro_use"": false, ""malloc"": false, ""memcpy"": false, ""memmove"": false, ""memset"": false, ""mutable_global"": false, ""parameter_count"": 0, ""platform_specific"": false, ""pointer_arithmetic"": false, ""pointer_count"": 0, ""pointer_to_pointer"": false, ""raw_pointer_parameter"": false, ""raw_pointer_return"": false, ""realloc"": false, ""setjmp"": false, ""static_local"": false, ""syscall"": false, ""third_party"": false, ""union"": false, ""va_list"": false, ""variadic"": false, ""void_pointer"": false}",TRIVIAL,no_significant_detected_blocker,"[""conditional_compilation""]",medium
2,redis-plus-plus,397f9c7be0eb82ce92545f259a7f66ab992bd7ee,src/sw/redis++/sentinel.h,130,130,function,StopIterError,1,"{""bitfield"": false, ""branch_complexity_proxy"": 0, ""c_array"": false, ""call_count"": 3, ""callback"": false, ""calloc"": false, ""conditional_compilation"": true, ""explicit_abi_boundary"": false, ""extern_declaration"": false, ""extern_or_abi_boundary"": false, ""flexible_array"": false, ""free"": false, ""function_pointer"": false, ""generated_source"": false, ""global_read"": false, ""global_write"": false, ""goto"": false, ""lexical_ambiguity"": false, ""longjmp"": false, ""macro_density"": 0.0, ""macro_generated_declaration"": false, ""macro_use"": false, ""malloc"": false, ""memcpy"": false, ""memmove"": false, ""memset"": false, ""mutable_global"": false, ""parameter_count"": 1, ""platform_specific"": false, ""pointer_arithmetic"": false, ""pointer_count"": 0, ""pointer_to_pointer"": false, ""raw_pointer_parameter"": false, ""raw_pointer_return"": false, ""realloc"": false, ""setjmp"": false, ""static_local"": false, ""syscall"": false, ""third_party"": false, ""union"": false, ""va_list"": false, ""variadic"": false, ""void_pointer"": false}",TRIVIAL,no_significant_detected_blocker,"[""conditional_compilation""]",medium
2,redis-plus-plus,397f9c7be0eb82ce92545f259a7f66ab992bd7ee,src/sw/redis++/shards.h,30,33,struct,SlotRange,4,"{""bitfield"": false, ""branch_complexity_proxy"": 0, ""c_array"": false, ""call_count"": 0, ""callback"": false, ""calloc"": false, ""conditional_compilation"": true, ""explicit_abi_boundary"": false, ""extern_declaration"": false, ""extern_or_abi_boundary"": false, ""flexible_array"": false, ""free"": false, ""function_pointer"": false, ""generated_source"": false, ""global_read"": false, ""global_write"": false, ""goto"": false, ""lexical_ambiguity"": false, ""longjmp"": false, ""macro_density"": 0.0, ""macro_generated_declaration"": false, ""macro_use"": false, ""malloc"": false, ""memcpy"": false, ""memmove"": false, ""memset"": false, ""mutable_global"": false, ""parameter_count"": 0, ""platform_specific"": false, ""pointer_arithmetic"": false, ""pointer_count"": 0, ""pointer_to_pointer"": false, ""raw_pointer_parameter"": false, ""raw_pointer_return"": false, ""realloc"": false, ""setjmp"": false, ""static_local"": false, ""syscall"": false, ""third_party"": false, ""union"": false, ""va_list"": false, ""variadic"": false, ""void_pointer"": false}",TRIVIAL,no_significant_detected_blocker,"[""conditional_compilation""]",medium
2,redis-plus-plus,397f9c7be0eb82ce92545f259a7f66ab992bd7ee,src/sw/redis++/shards.h,39,42,struct,Node,4,"{""bitfield"": false, ""branch_complexity_proxy"": 0, ""c_array"": false, ""call_count"": 0, ""callback"": false, ""calloc"": false, ""conditional_compilation"": true, ""explicit_abi_boundary"": false, ""extern_declaration"": false, ""extern_or_abi_boundary"": false, ""flexible_array"": false, ""free"": false, ""function_pointer"": false, ""generated_source"": false, ""global_read"": false, ""global_write"": false, ""goto"": false, ""lexical_ambiguity"": false, ""longjmp"": false, ""macro_density"": 0.0, ""macro_generated_declaration"": false, ""macro_use"": false, ""malloc"": false, ""memcpy"": false, ""memmove"": false, ""memset"": false, ""mutable_global"": false, ""parameter_count"": 0, ""platform_specific"": false, ""pointer_arithmetic"": false, ""pointer_count"": 0, ""pointer_to_pointer"": false, ""raw_pointer_parameter"": false, ""raw_pointer_return"": false, ""realloc"": false, ""setjmp"": false, ""static_local"": false, ""syscall"": false, ""third_party"": false, ""union"": false, ""va_list"": false, ""variadic"": false, ""void_pointer"": false}",TRIVIAL,no_significant_detected_blocker,"[""conditional_compilation""]",medium
2,redis-plus-plus,397f9c7be0eb82ce92545f259a7f66ab992bd7ee,src/sw/redis++/shards.h,48,54,struct,NodeHash,7,"{""bitfield"": false, ""branch_complexity_proxy"": 0, ""c_array"": false, ""call_count"": 1, ""callback"": false, ""calloc"": false, ""conditional_compilation"": true, ""explicit_abi_boundary"": false, ""extern_declaration"": false, ""extern_or_abi_boundary"": false, ""flexible_array"": false, ""free"": false, ""function_pointer"": false, ""generated_source"": false, ""global_read"": false, ""global_write"": false, ""goto"": false, ""lexical_ambiguity"": false, ""longjmp"": false, ""macro_density"": 0.0, ""macro_generated_declaration"": false, ""macro_use"": false, ""malloc"": false, ""memcpy"": false, ""memmove"": false, ""memset"": false, ""mutable_global"": false, ""parameter_count"": 0, ""platform_specific"": false, ""pointer_arithmetic"": false, ""pointer_count"": 0, ""pointer_to_pointer"": false, ""raw_pointer_parameter"": false, ""raw_pointer_return"": false, ""realloc"": false, ""setjmp"": false, ""static_local"": false, ""syscall"": false, ""third_party"": false, ""union"": false, ""va_list"": false, ""variadic"": false, ""void_pointer"": false}",TRIVIAL,no_significant_detected_blocker,"[""conditional_compilation""]",medium
2,redis-plus-plus,397f9c7be0eb82ce92545f259a7f66ab992bd7ee,src/sw/redis++/shards.h,87,87,function,MovedError,1,"{""bitfield"": false, ""branch_complexity_proxy"": 0, ""c_array"": false, ""call_count"": 2, ""callback"": false, ""calloc"": false, ""conditional_compilation"": true, ""explicit_abi_boundary"": false, ""extern_declaration"": false, ""extern_or_abi_boundary"": false, ""flexible_array"": false, ""free"": false, ""function_pointer"": false, ""generated_source"": false, ""global_read"": false, ""global_write"": false, ""goto"": false, ""lexical_ambiguity"": false, ""longjmp"": false, ""macro_density"": 0.0, ""macro_generated_declaration"": false, ""macro_use"": false, ""malloc"": false, ""memcpy"": false, ""memmove"": false, ""memset"": false, ""mutable_global"": false, ""parameter_count"": 1, ""platform_specific"": false, ""pointer_arithmetic"": false, ""pointer_count"": 0, ""pointer_to_pointer"": false, ""raw_pointer_parameter"": false, ""raw_pointer_return"": false, ""realloc"": false, ""setjmp"": false, ""static_local"": false, ""syscall"": false, ""third_party"": false, ""union"": false, ""va_list"": false, ""variadic"": false, ""void_pointer"": false}",TRIVIAL,no_significant_detected_blocker,"[""conditional_compilation""]",medium
2,redis-plus-plus,397f9c7be0eb82ce92545f259a7f66ab992bd7ee,src/sw/redis++/shards.h,100,100,function,AskError,1,"{""bitfield"": false, ""branch_complexity_proxy"": 0, ""c_array"": false, ""call_count"": 2, ""callback"": false, ""calloc"": false, ""conditional_compilation"": true, ""explicit_abi_boundary"": false, ""extern_declaration"": false, ""extern_or_abi_boundary"": false, ""flexible_array"": false, ""free"": false, ""function_pointer"": false, ""generated_source"": false, ""global_read"": false, ""global_write"": false, ""goto"": false, ""lexical_ambiguity"": false, ""longjmp"": false, ""macro_density"": 0.0, ""macro_generated_declaration"": false, ""macro_use"": false, ""malloc"": false, ""memcpy"": false, ""memmove"": false, ""memset"": false, ""mutable_global"": false, ""parameter_count"": 1, ""platform_specific"": false, ""pointer_arithmetic"": false, ""pointer_count"": 0, ""pointer_to_pointer"": false, ""raw_pointer_parameter"": false, ""raw_pointer_return"": false, ""realloc"": false, ""setjmp"": false, ""static_local"": false, ""syscall"": false, ""third_party"": false, ""union"": false, ""va_list"": false, ""variadic"": false, ""void_pointer"": false}",TRIVIAL,no_significant_detected_blocker,"[""conditional_compilation""]",medium
2,redis-plus-plus,397f9c7be0eb82ce92545f259a7f66ab992bd7ee,src/sw/redis++/shards.h,113,114,function,SlotUncoveredError,2,"{""bitfield"": false, ""branch_complexity_proxy"": 0, ""c_array"": false, ""call_count"": 3, ""callback"": false, ""calloc"": false, ""conditional_compilation"": true, ""explicit_abi_boundary"": false, ""extern_declaration"": false, ""extern_or_abi_boundary"": false, ""flexible_array"": false, ""free"": false, ""function_pointer"": false, ""generated_source"": false, ""global_read"": false, ""global_write"": false, ""goto"": false, ""lexical_ambiguity"": false, ""longjmp"": false, ""macro_density"": 0.0, ""macro_generated_declaration"": false, ""macro_use"": false, ""malloc"": false, ""memcpy"": false, ""memmove"": false, ""memset"": false, ""mutable_global"": false, ""parameter_count"": 1, ""platform_specific"": false, ""pointer_arithmetic"": false, ""pointer_count"": 0, ""pointer_to_pointer"": false, ""raw_pointer_parameter"": false, ""raw_pointer_return"": false, ""realloc"": false, ""setjmp"": false, ""static_local"": false, ""syscall"": false, ""third_party"": false, ""union"": false, ""va_list"": false, ""variadic"": false, ""void_pointer"": false}",TRIVIAL,no_significant_detected_blocker,"[""conditional_compilation""]",medium
2,redis-plus-plus,397f9c7be0eb82ce92545f259a7f66ab992bd7ee,src/sw/redis++/shards_pool.h,38,41,struct,ClusterOptions,4,"{""bitfield"": false, ""branch_complexity_proxy"": 0, ""c_array"": false, ""call_count"": 1, ""callback"": false, ""calloc"": false, ""conditional_compilation"": true, ""explicit_abi_boundary"": false, ""extern_declaration"": false, ""extern_or_abi_boundary"": false, ""flexible_array"": false, ""free"": false, ""function_pointer"": false, ""generated_source"": false, ""global_read"": false, ""global_write"": false, ""goto"": false, ""lexical_ambiguity"": false, ""longjmp"": false, ""macro_density"": 0.0, ""macro_generated_declaration"": false, ""macro_use"": false, ""malloc"": false, ""memcpy"": false, ""memmove"": false, ""memset"": false, ""mutable_global"": false, ""parameter_count"": 0, ""platform_specific"": false, ""pointer_arithmetic"": false, ""pointer_count"": 0, ""pointer_to_pointer"": false, ""raw_pointer_parameter"": false, ""raw_pointer_return"": false, ""realloc"": false, ""setjmp"": false, ""static_local"": false, ""syscall"": false, ""third_party"": false, ""union"": false, ""va_list"": false, ""variadic"": false, ""void_pointer"": false}",TRIVIAL,no_significant_detected_blocker,"[""conditional_compilation""]",medium
2,redis-plus-plus,397f9c7be0eb82ce92545f259a7f66ab992bd7ee,src/sw/redis++/subscriber.h,73,84,enum,class,12,"{""bitfield"": false, ""branch_complexity_proxy"": 0, ""c_array"": false, ""call_count"": 0, ""callback"": false, ""calloc"": false, ""conditional_compilation"": true, ""explicit_abi_boundary"": false, ""extern_declaration"": false, ""extern_or_abi_boundary"": false, ""flexible_array"": false, ""free"": false, ""function_pointer"": false, ""generated_source"": false, ""global_read"": false, ""global_write"": false, ""goto"": false, ""lexical_ambiguity"": false, ""longjmp"": false, ""macro_density"": 0.0, ""macro_generated_declaration"": false, ""macro_use"": false, ""malloc"": false, ""memcpy"": false, ""memmove"": false, ""memset"": false, ""mutable_global"": false, ""parameter_count"": 0, ""platform_specific"": false, ""pointer_arithmetic"": false, ""pointer_count"": 0, ""pointer_to_pointer"": false, ""raw_pointer_parameter"": false, ""raw_pointer_return"": false, ""realloc"": false, ""setjmp"": false, ""static_local"": false, ""syscall"": false, ""third_party"": false, ""union"": false, ""va_list"": false, ""variadic"": false, ""void_pointer"": false}",TRIVIAL,no_significant_detected_blocker,"[""conditional_compilation""]",medium
2,redis-plus-plus,397f9c7be0eb82ce92545f259a7f66ab992bd7ee,src/sw/redis++/subscriber.h,104,106,function,subscribe,3,"{""bitfield"": false, ""branch_complexity_proxy"": 0, ""c_array"": false, ""call_count"": 4, ""callback"": false, ""calloc"": false, ""conditional_compilation"": true, ""explicit_abi_boundary"": false, ""extern_declaration"": false, ""extern_or_abi_boundary"": false, ""flexible_array"": false, ""free"": false, ""function_pointer"": false, ""generated_source"": false, ""global_read"": false, ""global_write"": false, ""goto"": false, ""lexical_ambiguity"": false, ""longjmp"": false, ""macro_density"": 0.0, ""macro_generated_declaration"": false, ""macro_use"": false, ""malloc"": false, ""memcpy"": false, ""memmove"": false, ""memset"": false, ""mutable_global"": false, ""parameter_count"": 1, ""platform_specific"": false, ""pointer_arithmetic"": false, ""pointer_count"": 0, ""pointer_to_pointer"": false, ""raw_pointer_parameter"": false, ""raw_pointer_return"": false, ""realloc"": false, ""setjmp"": false, ""static_local"": false, ""syscall"": false, ""third_party"": false, ""union"": false, ""va_list"": false, ""variadic"": false, ""void_pointer"": false}",TRIVIAL,no_significant_detected_blocker,"[""conditional_compilation""]",medium
2,redis-plus-plus,397f9c7be0eb82ce92545f259a7f66ab992bd7ee,src/sw/redis++/subscriber.h,116,118,function,unsubscribe,3,"{""bitfield"": false, ""branch_complexity_proxy"": 0, ""c_array"": false, ""call_count"": 4, ""callback"": false, ""calloc"": false, ""conditional_compilation"": true, ""explicit_abi_boundary"": false, ""extern_declaration"": false, ""extern_or_abi_boundary"": false, ""flexible_array"": false, ""free"": false, ""function_pointer"": false, ""generated_source"": false, ""global_read"": false, ""global_write"": false, ""goto"": false, ""lexical_ambiguity"": false, ""longjmp"": false, ""macro_density"": 0.0, ""macro_generated_declaration"": false, ""macro_use"": false, ""malloc"": false, ""memcpy"": false, ""memmove"": false, ""memset"": false, ""mutable_global"": false, ""parameter_count"": 1, ""platform_specific"": false, ""pointer_arithmetic"": false, ""pointer_count"": 0, ""pointer_to_pointer"": false, ""raw_pointer_parameter"": false, ""raw_pointer_return"": false, ""realloc"": false, ""setjmp"": false, ""static_local"": false, ""syscall"": false, ""third_party"": false, ""union"": false, ""va_list"": false, ""variadic"": false, ""void_pointer"": false}",TRIVIAL,no_significant_detected_blocker,"[""conditional_compilation""]",medium
2,redis-plus-plus,397f9c7be0eb82ce92545f259a7f66ab992bd7ee,src/sw/redis++/subscriber.h,126,128,function,psubscribe,3,"{""bitfield"": false, ""branch_complexity_proxy"": 0, ""c_array"": false, ""call_count"": 4, ""callback"": false, ""calloc"": false, ""conditional_compilation"": true, ""explicit_abi_boundary"": false, ""extern_declaration"": false, ""extern_or_abi_boundary"": false, ""flexible_array"": false, ""free"": false, ""function_pointer"": false, ""generated_source"": false, ""global_read"": false, ""global_write"": false, ""goto"": false, ""lexical_ambiguity"": false, ""longjmp"": false, ""macro_density"": 0.0, ""macro_generated_declaration"": false, ""macro_use"": false, ""malloc"": false, ""memcpy"": false, ""memmove"": false, ""memset"": false, ""mutable_global"": false, ""parameter_count"": 1, ""platform_specific"": false, ""pointer_arithmetic"": false, ""pointer_count"": 0, ""pointer_to_pointer"": false, ""raw_pointer_parameter"": false, ""raw_pointer_return"": false, ""realloc"": false, ""setjmp"": false, ""static_local"": false, ""syscall"": false, ""third_party"": false, ""union"": false, ""va_list"": false, ""variadic"": false, ""void_pointer"": false}",TRIVIAL,no_significant_detected_blocker,"[""conditional_compilation""]",medium
2,redis-plus-plus,397f9c7be0eb82ce92545f259a7f66ab992bd7ee,src/sw/redis++/subscriber.h,138,140,function,punsubscribe,3,"{""bitfield"": false, ""branch_complexity_proxy"": 0, ""c_array"": false, ""call_count"": 4, ""callback"": false, ""calloc"": false, ""conditional_compilation"": true, ""explicit_abi_boundary"": false, ""extern_declaration"": false, ""extern_or_abi_boundary"": false, ""flexible_array"": false, ""free"": false, ""function_pointer"": false, ""generated_source"": false, ""global_read"": false, ""global_write"": false, ""goto"": false, ""lexical_ambiguity"": false, ""longjmp"": false, ""macro_density"": 0.0, ""macro_generated_declaration"": false, ""macro_use"": false, ""malloc"": false, ""memcpy"": false, ""memmove"": false, ""memset"": false, ""mutable_global"": false, ""parameter_count"": 1, ""platform_specific"": false, ""pointer_arithmetic"": false, ""pointer_count"": 0, ""pointer_to_pointer"": false, ""raw_pointer_parameter"": false, ""raw_pointer_return"": false, ""realloc"": false, ""setjmp"": false, ""static_local"": false, ""syscall"": false, ""third_party"": false, ""union"": false, ""va_list"": false, ""variadic"": false, ""void_pointer"": false}",TRIVIAL,no_significant_detected_blocker,"[""conditional_compilation""]",medium
2,redis-plus-plus,397f9c7be0eb82ce92545f259a7f66ab992bd7ee,src/sw/redis++/subscriber.h,148,150,function,ssubscribe,3,"{""bitfield"": false, ""branch_complexity_proxy"": 0, ""c_array"": false, ""call_count"": 4, ""callback"": false, ""calloc"": false, ""conditional_compilation"": true, ""explicit_abi_boundary"": false, ""extern_declaration"": false, ""extern_or_abi_boundary"": false, ""flexible_array"": false, ""free"": false, ""function_pointer"": false, ""generated_source"": false, ""global_read"": false, ""global_write"": false, ""goto"": false, ""lexical_ambiguity"": false, ""longjmp"": false, ""macro_density"": 0.0, ""macro_generated_declaration"": false, ""macro_use"": false, ""malloc"": false, ""memcpy"": false, ""memmove"": false, ""memset"": false, ""mutable_global"": false, ""parameter_count"": 1, ""platform_specific"": false, ""pointer_arithmetic"": false, ""pointer_count"": 0, ""pointer_to_pointer"": false, ""raw_pointer_parameter"": false, ""raw_pointer_return"": false, ""realloc"": false, ""setjmp"": false, ""static_local"": false, ""syscall"": false, ""third_party"": false, ""union"": false, ""va_list"": false, ""variadic"": false, ""void_pointer"": false}",TRIVIAL,no_significant_detected_blocker,"[""conditional_compilation""]",medium
2,redis-plus-plus,397f9c7be0eb82ce92545f259a7f66ab992bd7ee,src/sw/redis++/subscriber.h,160,162,function,sunsubscribe,3,"{""bitfield"": false, ""branch_complexity_proxy"": 0, ""c_array"": false, ""call_count"": 4, ""callback"": false, ""calloc"": false, ""conditional_compilation"": true, ""explicit_abi_boundary"": false, ""extern_declaration"": false, ""extern_or_abi_boundary"": false, ""flexible_array"": false, ""free"": false, ""function_pointer"": false, ""generated_source"": false, ""global_read"": false, ""global_write"": false, ""goto"": false, ""lexical_ambiguity"": false, ""longjmp"": false, ""macro_density"": 0.0, ""macro_generated_declaration"": false, ""macro_use"": false, ""malloc"": false, ""memcpy"": false, ""memmove"": false, ""memset"": false, ""mutable_global"": false, ""parameter_count"": 1, ""platform_specific"": false, ""pointer_arithmetic"": false, ""pointer_count"": 0, ""pointer_to_pointer"": false, ""raw_pointer_parameter"": false, ""raw_pointer_return"": false, ""realloc"": false, ""setjmp"": false, ""static_local"": false, ""syscall"": false, ""third_party"": false, ""union"": false, ""va_list"": false, ""variadic"": false, ""void_pointer"": false}",TRIVIAL,no_significant_detected_blocker,"[""conditional_compilation""]",medium
2,redis-plus-plus,397f9c7be0eb82ce92545f259a7f66ab992bd7ee,src/sw/redis++/tls/sw/redis++/tls.cpp,33,35,function,disable_auto_init,3,"{""bitfield"": false, ""branch_complexity_proxy"": 0, ""c_array"": false, ""call_count"": 2, ""callback"": false, ""calloc"": false, ""conditional_compilation"": false, ""explicit_abi_boundary"": false, ""extern_declaration"": false, ""extern_or_abi_boundary"": false, ""flexible_array"": false, ""free"": false, ""function_pointer"": false, ""generated_source"": false, ""global_read"": false, ""global_write"": false, ""goto"": false, ""lexical_ambiguity"": false, ""longjmp"": false, ""macro_density"": 0.0, ""macro_generated_declaration"": false, ""macro_use"": false, ""malloc"": false, ""memcpy"": false, ""memmove"": false, ""memset"": false, ""mutable_global"": false, ""parameter_count"": 0, ""platform_specific"": false, ""pointer_arithmetic"": false, ""pointer_count"": 0, ""pointer_to_pointer"": false, ""raw_pointer_parameter"": false, ""raw_pointer_return"": false, ""realloc"": false, ""setjmp"": false, ""static_local"": false, ""syscall"": false, ""third_party"": false, ""union"": false, ""va_list"": false, ""variadic"": false, ""void_pointer"": false}",TRIVIAL,no_significant_detected_blocker,[],medium
2,redis-plus-plus,397f9c7be0eb82ce92545f259a7f66ab992bd7ee,src/sw/redis++/tls/sw/redis++/tls.cpp,43,81,function,secure_connection,39,"{""bitfield"": false, ""branch_complexity_proxy"": 2, ""c_array"": false, ""call_count"": 27, ""callback"": false, ""calloc"": false, ""conditional_compilation"": false, ""explicit_abi_boundary"": false, ""extern_declaration"": false, ""extern_or_abi_boundary"": false, ""flexible_array"": false, ""free"": false, ""function_pointer"": false, ""generated_source"": false, ""global_read"": false, ""global_write"": false, ""goto"": false, ""lexical_ambiguity"": false, ""longjmp"": false, ""macro_density"": 0.076923, ""macro_generated_declaration"": false, ""macro_use"": false, ""malloc"": false, ""memcpy"": false, ""memmove"": false, ""memset"": true, ""mutable_global"": false, ""parameter_count"": 2, ""platform_specific"": false, ""pointer_arithmetic"": false, ""pointer_count"": 0, ""pointer_to_pointer"": false, ""raw_pointer_parameter"": false, ""raw_pointer_return"": false, ""realloc"": false, ""setjmp"": false, ""static_local"": true, ""syscall"": false, ""third_party"": false, ""union"": false, ""va_list"": false, ""variadic"": false, ""void_pointer"": false}",REFACTOR_THEN_DSL,memset,"[""static_local""]",medium
2,redis-plus-plus,397f9c7be0eb82ce92545f259a7f66ab992bd7ee,src/sw/redis++/tls/sw/redis++/tls.h,45,61,struct,TlsOptions,17,"{""bitfield"": false, ""branch_complexity_proxy"": 0, ""c_array"": false, ""call_count"": 0, ""callback"": false, ""calloc"": false, ""conditional_compilation"": true, ""explicit_abi_boundary"": false, ""extern_declaration"": false, ""extern_or_abi_boundary"": false, ""flexible_array"": false, ""free"": false, ""function_pointer"": false, ""generated_source"": false, ""global_read"": false, ""global_write"": false, ""goto"": false, ""lexical_ambiguity"": false, ""longjmp"": false, ""macro_density"": 0.117647, ""macro_generated_declaration"": false, ""macro_use"": false, ""malloc"": false, ""memcpy"": false, ""memmove"": false, ""memset"": false, ""mutable_global"": false, ""parameter_count"": 0, ""platform_specific"": false, ""pointer_arithmetic"": false, ""pointer_count"": 0, ""pointer_to_pointer"": false, ""raw_pointer_parameter"": false, ""raw_pointer_return"": false, ""realloc"": false, ""setjmp"": false, ""static_local"": false, ""syscall"": false, ""third_party"": false, ""union"": false, ""va_list"": false, ""variadic"": false, ""void_pointer"": false}",TRIVIAL,no_significant_detected_blocker,"[""conditional_compilation""]",medium
2,redis-plus-plus,397f9c7be0eb82ce92545f259a7f66ab992bd7ee,src/sw/redis++/tls/sw/redis++/tls.h,63,65,function,enabled,3,"{""bitfield"": false, ""branch_complexity_proxy"": 0, ""c_array"": false, ""call_count"": 1, ""callback"": false, ""calloc"": false, ""conditional_compilation"": true, ""explicit_abi_boundary"": false, ""extern_declaration"": false, ""extern_or_abi_boundary"": false, ""flexible_array"": false, ""free"": false, ""function_pointer"": false, ""generated_source"": false, ""global_read"": false, ""global_write"": false, ""goto"": false, ""lexical_ambiguity"": false, ""longjmp"": false, ""macro_density"": 0.0, ""macro_generated_declaration"": false, ""macro_use"": false, ""malloc"": false, ""memcpy"": false, ""memmove"": false, ""memset"": false, ""mutable_global"": false, ""parameter_count"": 1, ""platform_specific"": false, ""pointer_arithmetic"": false, ""pointer_count"": 0, ""pointer_to_pointer"": false, ""raw_pointer_parameter"": false, ""raw_pointer_return"": false, ""realloc"": false, ""setjmp"": false, ""static_local"": false, ""syscall"": false, ""third_party"": false, ""union"": false, ""va_list"": false, ""variadic"": false, ""void_pointer"": false}",TRIVIAL,no_significant_detected_blocker,"[""conditional_compilation""]",medium
2,redis-plus-plus,397f9c7be0eb82ce92545f259a7f66ab992bd7ee,src/sw/redis++/tls/sw/redis++/tls.h,67,73,struct,TlsContextDeleter,7,"{""bitfield"": false, ""branch_complexity_proxy"": 1, ""c_array"": false, ""call_count"": 3, ""callback"": false, ""calloc"": false, ""conditional_compilation"": true, ""explicit_abi_boundary"": false, ""extern_declaration"": false, ""extern_or_abi_boundary"": false, ""flexible_array"": false, ""free"": false, ""function_pointer"": false, ""generated_source"": false, ""global_read"": false, ""global_write"": false, ""goto"": false, ""lexical_ambiguity"": false, ""longjmp"": false, ""macro_density"": 0.0, ""macro_generated_declaration"": false, ""macro_use"": false, ""malloc"": false, ""memcpy"": false, ""memmove"": false, ""memset"": false, ""mutable_global"": false, ""parameter_count"": 0, ""platform_specific"": false, ""pointer_arithmetic"": false, ""pointer_count"": 1, ""pointer_to_pointer"": false, ""raw_pointer_parameter"": false, ""raw_pointer_return"": false, ""realloc"": false, ""setjmp"": false, ""static_local"": false, ""syscall"": false, ""third_party"": false, ""union"": false, ""va_list"": false, ""variadic"": false, ""void_pointer"": false}",TRIVIAL,no_significant_detected_blocker,"[""conditional_compilation""]",medium
2,redis-plus-plus,397f9c7be0eb82ce92545f259a7f66ab992bd7ee,src/sw/redis++/transaction.h,31,31,function,TransactionImpl,1,"{""bitfield"": false, ""branch_complexity_proxy"": 0, ""c_array"": false, ""call_count"": 2, ""callback"": false, ""calloc"": false, ""conditional_compilation"": true, ""explicit_abi_boundary"": false, ""extern_declaration"": false, ""extern_or_abi_boundary"": false, ""flexible_array"": false, ""free"": false, ""function_pointer"": false, ""generated_source"": false, ""global_read"": false, ""global_write"": false, ""goto"": false, ""lexical_ambiguity"": false, ""longjmp"": false, ""macro_density"": 0.0, ""macro_generated_declaration"": false, ""macro_use"": false, ""malloc"": false, ""memcpy"": false, ""memmove"": false, ""memset"": false, ""mutable_global"": false, ""parameter_count"": 1, ""platform_specific"": false, ""pointer_arithmetic"": false, ""pointer_count"": 0, ""pointer_to_pointer"": false, ""raw_pointer_parameter"": false, ""raw_pointer_return"": false, ""realloc"": false, ""setjmp"": false, ""static_local"": false, ""syscall"": false, ""third_party"": false, ""union"": false, ""va_list"": false, ""variadic"": false, ""void_pointer"": false}",TRIVIAL,no_significant_detected_blocker,"[""conditional_compilation""]",medium
2,redis-plus-plus,397f9c7be0eb82ce92545f259a7f66ab992bd7ee,src/sw/redis++/utils.h,39,39,struct,IsKvPair,1,"{""bitfield"": false, ""branch_complexity_proxy"": 0, ""c_array"": false, ""call_count"": 0, ""callback"": false, ""calloc"": false, ""conditional_compilation"": true, ""explicit_abi_boundary"": false, ""extern_declaration"": false, ""extern_or_abi_boundary"": false, ""flexible_array"": false, ""free"": false, ""function_pointer"": false, ""generated_source"": false, ""global_read"": false, ""global_write"": false, ""goto"": false, ""lexical_ambiguity"": false, ""longjmp"": false, ""macro_density"": 0.0, ""macro_generated_declaration"": false, ""macro_use"": false, ""malloc"": false, ""memcpy"": false, ""memmove"": false, ""memset"": false, ""mutable_global"": false, ""parameter_count"": 0, ""platform_specific"": false, ""pointer_arithmetic"": false, ""pointer_count"": 0, ""pointer_to_pointer"": false, ""raw_pointer_parameter"": false, ""raw_pointer_return"": false, ""realloc"": false, ""setjmp"": false, ""static_local"": false, ""syscall"": false, ""third_party"": false, ""union"": false, ""va_list"": false, ""variadic"": false, ""void_pointer"": false}",TRIVIAL,no_significant_detected_blocker,"[""conditional_compilation""]",medium
2,redis-plus-plus,397f9c7be0eb82ce92545f259a7f66ab992bd7ee,src/sw/redis++/utils.h,42,42,struct,IsKvPair,1,"{""bitfield"": false, ""branch_complexity_proxy"": 0, ""c_array"": false, ""call_count"": 0, ""callback"": false, ""calloc"": false, ""conditional_compilation"": true, ""explicit_abi_boundary"": false, ""extern_declaration"": false, ""extern_or_abi_boundary"": false, ""flexible_array"": false, ""free"": false, ""function_pointer"": false, ""generated_source"": false, ""global_read"": false, ""global_write"": false, ""goto"": false, ""lexical_ambiguity"": false, ""longjmp"": false, ""macro_density"": 0.0, ""macro_generated_declaration"": false, ""macro_use"": false, ""malloc"": false, ""memcpy"": false, ""memmove"": false, ""memset"": false, ""mutable_global"": false, ""parameter_count"": 0, ""platform_specific"": false, ""pointer_arithmetic"": false, ""pointer_count"": 0, ""pointer_to_pointer"": false, ""raw_pointer_parameter"": false, ""raw_pointer_return"": false, ""realloc"": false, ""setjmp"": false, ""static_local"": false, ""syscall"": false, ""third_party"": false, ""union"": false, ""va_list"": false, ""variadic"": false, ""void_pointer"": false}",TRIVIAL,no_significant_detected_blocker,"[""conditional_compilation""]",medium
2,redis-plus-plus,397f9c7be0eb82ce92545f259a7f66ab992bd7ee,src/sw/redis++/utils.h,48,48,struct,IsInserter,1,"{""bitfield"": false, ""branch_complexity_proxy"": 0, ""c_array"": false, ""call_count"": 0, ""callback"": false, ""calloc"": false, ""conditional_compilation"": true, ""explicit_abi_boundary"": false, ""extern_declaration"": false, ""extern_or_abi_boundary"": false, ""flexible_array"": false, ""free"": false, ""function_pointer"": false, ""generated_source"": false, ""global_read"": false, ""global_write"": false, ""goto"": false, ""lexical_ambiguity"": false, ""longjmp"": false, ""macro_density"": 0.0, ""macro_generated_declaration"": false, ""macro_use"": false, ""malloc"": false, ""memcpy"": false, ""memmove"": false, ""memset"": false, ""mutable_global"": false, ""parameter_count"": 0, ""platform_specific"": false, ""pointer_arithmetic"": false, ""pointer_count"": 0, ""pointer_to_pointer"": false, ""raw_pointer_parameter"": false, ""raw_pointer_return"": false, ""realloc"": false, ""setjmp"": false, ""static_local"": false, ""syscall"": false, ""third_party"": false, ""union"": false, ""va_list"": false, ""variadic"": false, ""void_pointer"": false}",TRIVIAL,no_significant_detected_blocker,"[""conditional_compilation""]",medium
2,redis-plus-plus,397f9c7be0eb82ce92545f259a7f66ab992bd7ee,src/sw/redis++/utils.h,52,54,struct,IsInserter,3,"{""bitfield"": false, ""branch_complexity_proxy"": 0, ""c_array"": false, ""call_count"": 0, ""callback"": false, ""calloc"": false, ""conditional_compilation"": true, ""explicit_abi_boundary"": false, ""extern_declaration"": false, ""extern_or_abi_boundary"": false, ""flexible_array"": false, ""free"": false, ""function_pointer"": false, ""generated_source"": false, ""global_read"": false, ""global_write"": false, ""goto"": false, ""lexical_ambiguity"": false, ""longjmp"": false, ""macro_density"": 0.0, ""macro_generated_declaration"": false, ""macro_use"": false, ""malloc"": false, ""memcpy"": false, ""memmove"": false, ""memset"": false, ""mutable_global"": false, ""parameter_count"": 0, ""platform_specific"": false, ""pointer_arithmetic"": false, ""pointer_count"": 0, ""pointer_to_pointer"": false, ""raw_pointer_parameter"": false, ""raw_pointer_return"": false, ""realloc"": false, ""setjmp"": false, ""static_local"": false, ""syscall"": false, ""third_party"": false, ""union"": false, ""va_list"": false, ""variadic"": false, ""void_pointer"": false}",TRIVIAL,no_significant_detected_blocker,"[""conditional_compilation""]",medium
2,redis-plus-plus,397f9c7be0eb82ce92545f259a7f66ab992bd7ee,src/sw/redis++/utils.h,57,59,struct,IterType,3,"{""bitfield"": false, ""branch_complexity_proxy"": 0, ""c_array"": false, ""call_count"": 0, ""callback"": false, ""calloc"": false, ""conditional_compilation"": true, ""explicit_abi_boundary"": false, ""extern_declaration"": false, ""extern_or_abi_boundary"": false, ""flexible_array"": false, ""free"": false, ""function_pointer"": false, ""generated_source"": false, ""global_read"": false, ""global_write"": false, ""goto"": false, ""lexical_ambiguity"": false, ""longjmp"": false, ""macro_density"": 0.0, ""macro_generated_declaration"": false, ""macro_use"": false, ""malloc"": false, ""memcpy"": false, ""memmove"": false, ""memset"": false, ""mutable_global"": false, ""parameter_count"": 0, ""platform_specific"": false, ""pointer_arithmetic"": false, ""pointer_count"": 0, ""pointer_to_pointer"": false, ""raw_pointer_parameter"": false, ""raw_pointer_return"": false, ""realloc"": false, ""setjmp"": false, ""static_local"": false, ""syscall"": false, ""third_party"": false, ""union"": false, ""va_list"": false, ""variadic"": false, ""void_pointer"": false}",TRIVIAL,no_significant_detected_blocker,"[""conditional_compilation""]",medium
2,redis-plus-plus,397f9c7be0eb82ce92545f259a7f66ab992bd7ee,src/sw/redis++/utils.h,63,67,struct,IterType,5,"{""bitfield"": false, ""branch_complexity_proxy"": 0, ""c_array"": false, ""call_count"": 0, ""callback"": false, ""calloc"": false, ""conditional_compilation"": true, ""explicit_abi_boundary"": false, ""extern_declaration"": false, ""extern_or_abi_boundary"": false, ""flexible_array"": false, ""free"": false, ""function_pointer"": false, ""generated_source"": false, ""global_read"": false, ""global_write"": false, ""goto"": false, ""lexical_ambiguity"": false, ""longjmp"": false, ""macro_density"": 0.0, ""macro_generated_declaration"": false, ""macro_use"": false, ""malloc"": false, ""memcpy"": false, ""memmove"": false, ""memset"": false, ""mutable_global"": false, ""parameter_count"": 0, ""platform_specific"": false, ""pointer_arithmetic"": false, ""pointer_count"": 0, ""pointer_to_pointer"": false, ""raw_pointer_parameter"": false, ""raw_pointer_return"": false, ""realloc"": false, ""setjmp"": false, ""static_local"": false, ""syscall"": false, ""third_party"": false, ""union"": false, ""va_list"": false, ""variadic"": false, ""void_pointer"": false}",TRIVIAL,no_significant_detected_blocker,"[""conditional_compilation""]",medium
2,redis-plus-plus,397f9c7be0eb82ce92545f259a7f66ab992bd7ee,src/sw/redis++/utils.h,70,70,struct,IsIter,1,"{""bitfield"": false, ""branch_complexity_proxy"": 0, ""c_array"": false, ""call_count"": 0, ""callback"": false, ""calloc"": false, ""conditional_compilation"": true, ""explicit_abi_boundary"": false, ""extern_declaration"": false, ""extern_or_abi_boundary"": false, ""flexible_array"": false, ""free"": false, ""function_pointer"": false, ""generated_source"": false, ""global_read"": false, ""global_write"": false, ""goto"": false, ""lexical_ambiguity"": false, ""longjmp"": false, ""macro_density"": 0.0, ""macro_generated_declaration"": false, ""macro_use"": false, ""malloc"": false, ""memcpy"": false, ""memmove"": false, ""memset"": false, ""mutable_global"": false, ""parameter_count"": 0, ""platform_specific"": false, ""pointer_arithmetic"": false, ""pointer_count"": 0, ""pointer_to_pointer"": false, ""raw_pointer_parameter"": false, ""raw_pointer_return"": false, ""realloc"": false, ""setjmp"": false, ""static_local"": false, ""syscall"": false, ""third_party"": false, ""union"": false, ""va_list"": false, ""variadic"": false, ""void_pointer"": false}",TRIVIAL,no_significant_detected_blocker,"[""conditional_compilation""]",medium
2,redis-plus-plus,397f9c7be0eb82ce92545f259a7f66ab992bd7ee,src/sw/redis++/utils.h,73,73,struct,IsIter,1,"{""bitfield"": false, ""branch_complexity_proxy"": 0, ""c_array"": false, ""call_count"": 0, ""callback"": false, ""calloc"": false, ""conditional_compilation"": true, ""explicit_abi_boundary"": false, ""extern_declaration"": false, ""extern_or_abi_boundary"": false, ""flexible_array"": false, ""free"": false, ""function_pointer"": false, ""generated_source"": false, ""global_read"": false, ""global_write"": false, ""goto"": false, ""lexical_ambiguity"": false, ""longjmp"": false, ""macro_density"": 0.0, ""macro_generated_declaration"": false, ""macro_use"": false, ""malloc"": false, ""memcpy"": false, ""memmove"": false, ""memset"": false, ""mutable_global"": false, ""parameter_count"": 0, ""platform_specific"": false, ""pointer_arithmetic"": false, ""pointer_count"": 0, ""pointer_to_pointer"": false, ""raw_pointer_parameter"": false, ""raw_pointer_return"": false, ""realloc"": false, ""setjmp"": false, ""static_local"": false, ""syscall"": false, ""third_party"": false, ""union"": false, ""va_list"": false, ""variadic"": false, ""void_pointer"": false}",TRIVIAL,no_significant_detected_blocker,"[""conditional_compilation""]",medium
2,redis-plus-plus,397f9c7be0eb82ce92545f259a7f66ab992bd7ee,src/sw/redis++/utils.h,77,80,struct,IsIter,4,"{""bitfield"": false, ""branch_complexity_proxy"": 0, ""c_array"": false, ""call_count"": 0, ""callback"": false, ""calloc"": false, ""conditional_compilation"": true, ""explicit_abi_boundary"": false, ""extern_declaration"": false, ""extern_or_abi_boundary"": false, ""flexible_array"": false, ""free"": false, ""function_pointer"": false, ""generated_source"": false, ""global_read"": false, ""global_write"": false, ""goto"": false, ""lexical_ambiguity"": false, ""longjmp"": false, ""macro_density"": 0.0, ""macro_generated_declaration"": false, ""macro_use"": false, ""malloc"": false, ""memcpy"": false, ""memmove"": false, ""memset"": false, ""mutable_global"": false, ""parameter_count"": 0, ""platform_specific"": false, ""pointer_arithmetic"": false, ""pointer_count"": 0, ""pointer_to_pointer"": false, ""raw_pointer_parameter"": false, ""raw_pointer_return"": false, ""realloc"": false, ""setjmp"": false, ""static_local"": false, ""syscall"": false, ""third_party"": false, ""union"": false, ""va_list"": false, ""variadic"": false, ""void_pointer"": false}",TRIVIAL,no_significant_detected_blocker,"[""conditional_compilation""]",medium
2,redis-plus-plus,397f9c7be0eb82ce92545f259a7f66ab992bd7ee,src/sw/redis++/utils.h,83,83,struct,IsKvPairIter,1,"{""bitfield"": false, ""branch_complexity_proxy"": 0, ""c_array"": false, ""call_count"": 0, ""callback"": false, ""calloc"": false, ""conditional_compilation"": true, ""explicit_abi_boundary"": false, ""extern_declaration"": false, ""extern_or_abi_boundary"": false, ""flexible_array"": false, ""free"": false, ""function_pointer"": false, ""generated_source"": false, ""global_read"": false, ""global_write"": false, ""goto"": false, ""lexical_ambiguity"": false, ""longjmp"": false, ""macro_density"": 0.0, ""macro_generated_declaration"": false, ""macro_use"": false, ""malloc"": false, ""memcpy"": false, ""memmove"": false, ""memset"": false, ""mutable_global"": false, ""parameter_count"": 0, ""platform_specific"": false, ""pointer_arithmetic"": false, ""pointer_count"": 0, ""pointer_to_pointer"": false, ""raw_pointer_parameter"": false, ""raw_pointer_return"": false, ""realloc"": false, ""setjmp"": false, ""static_local"": false, ""syscall"": false, ""third_party"": false, ""union"": false, ""va_list"": false, ""variadic"": false, ""void_pointer"": false}",TRIVIAL,no_significant_detected_blocker,"[""conditional_compilation""]",medium
2,redis-plus-plus,397f9c7be0eb82ce92545f259a7f66ab992bd7ee,src/sw/redis++/utils.h,86,86,struct,TupleWithType,1,"{""bitfield"": false, ""branch_complexity_proxy"": 0, ""c_array"": false, ""call_count"": 0, ""callback"": false, ""calloc"": false, ""conditional_compilation"": true, ""explicit_abi_boundary"": false, ""extern_declaration"": false, ""extern_or_abi_boundary"": false, ""flexible_array"": false, ""free"": false, ""function_pointer"": false, ""generated_source"": false, ""global_read"": false, ""global_write"": false, ""goto"": false, ""lexical_ambiguity"": false, ""longjmp"": false, ""macro_density"": 0.0, ""macro_generated_declaration"": false, ""macro_use"": false, ""malloc"": false, ""memcpy"": false, ""memmove"": false, ""memset"": false, ""mutable_global"": false, ""parameter_count"": 0, ""platform_specific"": false, ""pointer_arithmetic"": false, ""pointer_count"": 0, ""pointer_to_pointer"": false, ""raw_pointer_parameter"": false, ""raw_pointer_return"": false, ""realloc"": false, ""setjmp"": false, ""static_local"": false, ""syscall"": false, ""third_party"": false, ""union"": false, ""va_list"": false, ""variadic"": false, ""void_pointer"": false}",TRIVIAL,no_significant_detected_blocker,"[""conditional_compilation""]",medium
2,redis-plus-plus,397f9c7be0eb82ce92545f259a7f66ab992bd7ee,src/sw/redis++/utils.h,89,89,struct,TupleWithType,1,"{""bitfield"": false, ""branch_complexity_proxy"": 0, ""c_array"": false, ""call_count"": 0, ""callback"": false, ""calloc"": false, ""conditional_compilation"": true, ""explicit_abi_boundary"": false, ""extern_declaration"": false, ""extern_or_abi_boundary"": false, ""flexible_array"": false, ""free"": false, ""function_pointer"": false, ""generated_source"": false, ""global_read"": false, ""global_write"": false, ""goto"": false, ""lexical_ambiguity"": false, ""longjmp"": false, ""macro_density"": 0.0, ""macro_generated_declaration"": false, ""macro_use"": false, ""malloc"": false, ""memcpy"": false, ""memmove"": false, ""memset"": false, ""mutable_global"": false, ""parameter_count"": 0, ""platform_specific"": false, ""pointer_arithmetic"": false, ""pointer_count"": 0, ""pointer_to_pointer"": false, ""raw_pointer_parameter"": false, ""raw_pointer_return"": false, ""realloc"": false, ""setjmp"": false, ""static_local"": false, ""syscall"": false, ""third_party"": false, ""union"": false, ""va_list"": false, ""variadic"": false, ""void_pointer"": false}",TRIVIAL,no_significant_detected_blocker,"[""conditional_compilation""]",medium
2,redis-plus-plus,397f9c7be0eb82ce92545f259a7f66ab992bd7ee,src/sw/redis++/utils.h,92,92,struct,TupleWithType,1,"{""bitfield"": false, ""branch_complexity_proxy"": 0, ""c_array"": false, ""call_count"": 0, ""callback"": false, ""calloc"": false, ""conditional_compilation"": true, ""explicit_abi_boundary"": false, ""extern_declaration"": false, ""extern_or_abi_boundary"": false, ""flexible_array"": false, ""free"": false, ""function_pointer"": false, ""generated_source"": false, ""global_read"": false, ""global_write"": false, ""goto"": false, ""lexical_ambiguity"": false, ""longjmp"": false, ""macro_density"": 0.0, ""macro_generated_declaration"": false, ""macro_use"": false, ""malloc"": false, ""memcpy"": false, ""memmove"": false, ""memset"": false, ""mutable_global"": false, ""parameter_count"": 0, ""platform_specific"": false, ""pointer_arithmetic"": false, ""pointer_count"": 0, ""pointer_to_pointer"": false, ""raw_pointer_parameter"": false, ""raw_pointer_return"": false, ""realloc"": false, ""setjmp"": false, ""static_local"": false, ""syscall"": false, ""third_party"": false, ""union"": false, ""va_list"": false, ""variadic"": false, ""void_pointer"": false}",TRIVIAL,no_significant_detected_blocker,"[""conditional_compilation""]",medium
2,redis-plus-plus,397f9c7be0eb82ce92545f259a7f66ab992bd7ee,src/sw/redis++/utils.h,95,95,struct,TupleWithType,1,"{""bitfield"": false, ""branch_complexity_proxy"": 0, ""c_array"": false, ""call_count"": 0, ""callback"": false, ""calloc"": false, ""conditional_compilation"": true, ""explicit_abi_boundary"": false, ""extern_declaration"": false, ""extern_or_abi_boundary"": false, ""flexible_array"": false, ""free"": false, ""function_pointer"": false, ""generated_source"": false, ""global_read"": false, ""global_write"": false, ""goto"": false, ""lexical_ambiguity"": false, ""longjmp"": false, ""macro_density"": 0.0, ""macro_generated_declaration"": false, ""macro_use"": false, ""malloc"": false, ""memcpy"": false, ""memmove"": false, ""memset"": false, ""mutable_global"": false, ""parameter_count"": 0, ""platform_specific"": false, ""pointer_arithmetic"": false, ""pointer_count"": 0, ""pointer_to_pointer"": false, ""raw_pointer_parameter"": false, ""raw_pointer_return"": false, ""realloc"": false, ""setjmp"": false, ""static_local"": false, ""syscall"": false, ""third_party"": false, ""union"": false, ""va_list"": false, ""variadic"": false, ""void_pointer"": false}",TRIVIAL,no_significant_detected_blocker,"[""conditional_compilation""]",medium
2,redis-plus-plus,397f9c7be0eb82ce92545f259a7f66ab992bd7ee,src/sw/redis++/utils.h,98,98,struct,IndexSequence,1,"{""bitfield"": false, ""branch_complexity_proxy"": 0, ""c_array"": false, ""call_count"": 0, ""callback"": false, ""calloc"": false, ""conditional_compilation"": true, ""explicit_abi_boundary"": false, ""extern_declaration"": false, ""extern_or_abi_boundary"": false, ""flexible_array"": false, ""free"": false, ""function_pointer"": false, ""generated_source"": false, ""global_read"": false, ""global_write"": false, ""goto"": false, ""lexical_ambiguity"": false, ""longjmp"": false, ""macro_density"": 0.0, ""macro_generated_declaration"": false, ""macro_use"": false, ""malloc"": false, ""memcpy"": false, ""memmove"": false, ""memset"": false, ""mutable_global"": false, ""parameter_count"": 0, ""platform_specific"": false, ""pointer_arithmetic"": false, ""pointer_count"": 0, ""pointer_to_pointer"": false, ""raw_pointer_parameter"": false, ""raw_pointer_return"": false, ""realloc"": false, ""setjmp"": false, ""static_local"": false, ""syscall"": false, ""third_party"": false, ""union"": false, ""va_list"": false, ""variadic"": false, ""void_pointer"": false}",TRIVIAL,no_significant_detected_blocker,"[""conditional_compilation""]",medium
2,redis-plus-plus,397f9c7be0eb82ce92545f259a7f66ab992bd7ee,src/sw/redis++/utils.h,101,101,struct,MakeIndexSequence,1,"{""bitfield"": false, ""branch_complexity_proxy"": 0, ""c_array"": false, ""call_count"": 0, ""callback"": false, ""calloc"": false, ""conditional_compilation"": true, ""explicit_abi_boundary"": false, ""extern_declaration"": false, ""extern_or_abi_boundary"": false, ""flexible_array"": false, ""free"": false, ""function_pointer"": false, ""generated_source"": false, ""global_read"": false, ""global_write"": false, ""goto"": false, ""lexical_ambiguity"": false, ""longjmp"": false, ""macro_density"": 0.0, ""macro_generated_declaration"": false, ""macro_use"": false, ""malloc"": false, ""memcpy"": false, ""memmove"": false, ""memset"": false, ""mutable_global"": false, ""parameter_count"": 0, ""platform_specific"": false, ""pointer_arithmetic"": false, ""pointer_count"": 0, ""pointer_to_pointer"": false, ""raw_pointer_parameter"": false, ""raw_pointer_return"": false, ""realloc"": false, ""setjmp"": false, ""static_local"": false, ""syscall"": false, ""third_party"": false, ""union"": false, ""va_list"": false, ""variadic"": false, ""void_pointer"": false}",TRIVIAL,no_significant_detected_blocker,"[""conditional_compilation""]",medium
2,redis-plus-plus,397f9c7be0eb82ce92545f259a7f66ab992bd7ee,src/sw/redis++/utils.h,104,104,struct,MakeIndexSequence,1,"{""bitfield"": false, ""branch_complexity_proxy"": 0, ""c_array"": false, ""call_count"": 0, ""callback"": false, ""calloc"": false, ""conditional_compilation"": true, ""explicit_abi_boundary"": false, ""extern_declaration"": false, ""extern_or_abi_boundary"": false, ""flexible_array"": false, ""free"": false, ""function_pointer"": false, ""generated_source"": false, ""global_read"": false, ""global_write"": false, ""goto"": false, ""lexical_ambiguity"": false, ""longjmp"": false, ""macro_density"": 0.0, ""macro_generated_declaration"": false, ""macro_use"": false, ""malloc"": false, ""memcpy"": false, ""memmove"": false, ""memset"": false, ""mutable_global"": false, ""parameter_count"": 0, ""platform_specific"": false, ""pointer_arithmetic"": false, ""pointer_count"": 0, ""pointer_to_pointer"": false, ""raw_pointer_parameter"": false, ""raw_pointer_return"": false, ""realloc"": false, ""setjmp"": false, ""static_local"": false, ""syscall"": false, ""third_party"": false, ""union"": false, ""va_list"": false, ""variadic"": false, ""void_pointer"": false}",TRIVIAL,no_significant_detected_blocker,"[""conditional_compilation""]",medium
2,redis-plus-plus,397f9c7be0eb82ce92545f259a7f66ab992bd7ee,src/sw/redis++/utils.h,109,109,struct,NthType,1,"{""bitfield"": false, ""branch_complexity_proxy"": 0, ""c_array"": false, ""call_count"": 0, ""callback"": false, ""calloc"": false, ""conditional_compilation"": true, ""explicit_abi_boundary"": false, ""extern_declaration"": false, ""extern_or_abi_boundary"": false, ""flexible_array"": false, ""free"": false, ""function_pointer"": false, ""generated_source"": false, ""global_read"": false, ""global_write"": false, ""goto"": false, ""lexical_ambiguity"": false, ""longjmp"": false, ""macro_density"": 0.0, ""macro_generated_declaration"": false, ""macro_use"": false, ""malloc"": false, ""memcpy"": false, ""memmove"": false, ""memset"": false, ""mutable_global"": false, ""parameter_count"": 0, ""platform_specific"": false, ""pointer_arithmetic"": false, ""pointer_count"": 0, ""pointer_to_pointer"": false, ""raw_pointer_parameter"": false, ""raw_pointer_return"": false, ""realloc"": false, ""setjmp"": false, ""static_local"": false, ""syscall"": false, ""third_party"": false, ""union"": false, ""va_list"": false, ""variadic"": false, ""void_pointer"": false}",TRIVIAL,no_significant_detected_blocker,"[""conditional_compilation""]",medium
2,redis-plus-plus,397f9c7be0eb82ce92545f259a7f66ab992bd7ee,src/sw/redis++/utils.h,112,114,struct,NthType,3,"{""bitfield"": false, ""branch_complexity_proxy"": 0, ""c_array"": false, ""call_count"": 0, ""callback"": false, ""calloc"": false, ""conditional_compilation"": true, ""explicit_abi_boundary"": false, ""extern_declaration"": false, ""extern_or_abi_boundary"": false, ""flexible_array"": false, ""free"": false, ""function_pointer"": false, ""generated_source"": false, ""global_read"": false, ""global_write"": false, ""goto"": false, ""lexical_ambiguity"": false, ""longjmp"": false, ""macro_density"": 0.0, ""macro_generated_declaration"": false, ""macro_use"": false, ""malloc"": false, ""memcpy"": false, ""memmove"": false, ""memset"": false, ""mutable_global"": false, ""parameter_count"": 0, ""platform_specific"": false, ""pointer_arithmetic"": false, ""pointer_count"": 0, ""pointer_to_pointer"": false, ""raw_pointer_parameter"": false, ""raw_pointer_return"": false, ""realloc"": false, ""setjmp"": false, ""static_local"": false, ""syscall"": false, ""third_party"": false, ""union"": false, ""va_list"": false, ""variadic"": false, ""void_pointer"": false}",TRIVIAL,no_significant_detected_blocker,"[""conditional_compilation""]",medium
2,redis-plus-plus,397f9c7be0eb82ce92545f259a7f66ab992bd7ee,src/sw/redis++/utils.h,117,119,struct,NthType,3,"{""bitfield"": false, ""branch_complexity_proxy"": 0, ""c_array"": false, ""call_count"": 0, ""callback"": false, ""calloc"": false, ""conditional_compilation"": true, ""explicit_abi_boundary"": false, ""extern_declaration"": false, ""extern_or_abi_boundary"": false, ""flexible_array"": false, ""free"": false, ""function_pointer"": false, ""generated_source"": false, ""global_read"": false, ""global_write"": false, ""goto"": false, ""lexical_ambiguity"": false, ""longjmp"": false, ""macro_density"": 0.0, ""macro_generated_declaration"": false, ""macro_use"": false, ""malloc"": false, ""memcpy"": false, ""memmove"": false, ""memset"": false, ""mutable_global"": false, ""parameter_count"": 0, ""platform_specific"": false, ""pointer_arithmetic"": false, ""pointer_count"": 0, ""pointer_to_pointer"": false, ""raw_pointer_parameter"": false, ""raw_pointer_return"": false, ""realloc"": false, ""setjmp"": false, ""static_local"": false, ""syscall"": false, ""third_party"": false, ""union"": false, ""va_list"": false, ""variadic"": false, ""void_pointer"": false}",TRIVIAL,no_significant_detected_blocker,"[""conditional_compilation""]",medium
2,redis-plus-plus,397f9c7be0eb82ce92545f259a7f66ab992bd7ee,src/sw/redis++/utils.h,122,124,struct,LastType,3,"{""bitfield"": false, ""branch_complexity_proxy"": 0, ""c_array"": false, ""call_count"": 0, ""callback"": false, ""calloc"": false, ""conditional_compilation"": true, ""explicit_abi_boundary"": false, ""extern_declaration"": false, ""extern_or_abi_boundary"": false, ""flexible_array"": false, ""free"": false, ""function_pointer"": false, ""generated_source"": false, ""global_read"": false, ""global_write"": false, ""goto"": false, ""lexical_ambiguity"": false, ""longjmp"": false, ""macro_density"": 0.0, ""macro_generated_declaration"": false, ""macro_use"": false, ""malloc"": false, ""memcpy"": false, ""memmove"": false, ""memset"": false, ""mutable_global"": false, ""parameter_count"": 0, ""platform_specific"": false, ""pointer_arithmetic"": false, ""pointer_count"": 0, ""pointer_to_pointer"": false, ""raw_pointer_parameter"": false, ""raw_pointer_return"": false, ""realloc"": false, ""setjmp"": false, ""static_local"": false, ""syscall"": false, ""third_party"": false, ""union"": false, ""va_list"": false, ""variadic"": false, ""void_pointer"": false}",TRIVIAL,no_significant_detected_blocker,"[""conditional_compilation""]",medium
2,redis-plus-plus,397f9c7be0eb82ce92545f259a7f66ab992bd7ee,src/sw/redis++/utils.h,126,126,struct,InvalidLastType,1,"{""bitfield"": false, ""branch_complexity_proxy"": 0, ""c_array"": false, ""call_count"": 0, ""callback"": false, ""calloc"": false, ""conditional_compilation"": true, ""explicit_abi_boundary"": false, ""extern_declaration"": false, ""extern_or_abi_boundary"": false, ""flexible_array"": false, ""free"": false, ""function_pointer"": false, ""generated_source"": false, ""global_read"": false, ""global_write"": false, ""goto"": false, ""lexical_ambiguity"": false, ""longjmp"": false, ""macro_density"": 0.0, ""macro_generated_declaration"": false, ""macro_use"": false, ""malloc"": false, ""memcpy"": false, ""memmove"": false, ""memset"": false, ""mutable_global"": false, ""parameter_count"": 0, ""platform_specific"": false, ""pointer_arithmetic"": false, ""pointer_count"": 0, ""pointer_to_pointer"": false, ""raw_pointer_parameter"": false, ""raw_pointer_return"": false, ""realloc"": false, ""setjmp"": false, ""static_local"": false, ""syscall"": false, ""third_party"": false, ""union"": false, ""va_list"": false, ""variadic"": false, ""void_pointer"": false}",TRIVIAL,no_significant_detected_blocker,"[""conditional_compilation""]",medium
2,redis-plus-plus,397f9c7be0eb82ce92545f259a7f66ab992bd7ee,src/sw/redis++/utils.h,129,131,struct,LastType,3,"{""bitfield"": false, ""branch_complexity_proxy"": 0, ""c_array"": false, ""call_count"": 0, ""callback"": false, ""calloc"": false, ""conditional_compilation"": true, ""explicit_abi_boundary"": false, ""extern_declaration"": false, ""extern_or_abi_boundary"": false, ""flexible_array"": false, ""free"": false, ""function_pointer"": false, ""generated_source"": false, ""global_read"": false, ""global_write"": false, ""goto"": false, ""lexical_ambiguity"": false, ""longjmp"": false, ""macro_density"": 0.0, ""macro_generated_declaration"": false, ""macro_use"": false, ""malloc"": false, ""memcpy"": false, ""memmove"": false, ""memset"": false, ""mutable_global"": false, ""parameter_count"": 0, ""platform_specific"": false, ""pointer_arithmetic"": false, ""pointer_count"": 0, ""pointer_to_pointer"": false, ""raw_pointer_parameter"": false, ""raw_pointer_return"": false, ""realloc"": false, ""setjmp"": false, ""static_local"": false, ""syscall"": false, ""third_party"": false, ""union"": false, ""va_list"": false, ""variadic"": false, ""void_pointer"": false}",TRIVIAL,no_significant_detected_blocker,"[""conditional_compilation""]",medium
2,redis-plus-plus,397f9c7be0eb82ce92545f259a7f66ab992bd7ee,src/sw/redis++/utils.h,149,154,function,LastValue,6,"{""bitfield"": false, ""branch_complexity_proxy"": 0, ""c_array"": false, ""call_count"": 2, ""callback"": false, ""calloc"": false, ""conditional_compilation"": true, ""explicit_abi_boundary"": false, ""extern_declaration"": false, ""extern_or_abi_boundary"": false, ""flexible_array"": false, ""free"": false, ""function_pointer"": false, ""generated_source"": false, ""global_read"": false, ""global_write"": false, ""goto"": false, ""lexical_ambiguity"": false, ""longjmp"": false, ""macro_density"": 0.0, ""macro_generated_declaration"": false, ""macro_use"": false, ""malloc"": false, ""memcpy"": false, ""memmove"": false, ""memset"": false, ""mutable_global"": false, ""parameter_count"": 1, ""platform_specific"": false, ""pointer_arithmetic"": false, ""pointer_count"": 0, ""pointer_to_pointer"": false, ""raw_pointer_parameter"": false, ""raw_pointer_return"": false, ""realloc"": false, ""setjmp"": false, ""static_local"": false, ""syscall"": false, ""third_party"": false, ""union"": false, ""va_list"": false, ""variadic"": true, ""void_pointer"": false}",NEEDS_TRANSPILER,variadic,[],medium
2,redis-plus-plus,397f9c7be0eb82ce92545f259a7f66ab992bd7ee,src/sw/redis++/utils.h,157,157,struct,HasPushBack,1,"{""bitfield"": false, ""branch_complexity_proxy"": 0, ""c_array"": false, ""call_count"": 0, ""callback"": false, ""calloc"": false, ""conditional_compilation"": true, ""explicit_abi_boundary"": false, ""extern_declaration"": false, ""extern_or_abi_boundary"": false, ""flexible_array"": false, ""free"": false, ""function_pointer"": false, ""generated_source"": false, ""global_read"": false, ""global_write"": false, ""goto"": false, ""lexical_ambiguity"": false, ""longjmp"": false, ""macro_density"": 0.0, ""macro_generated_declaration"": false, ""macro_use"": false, ""malloc"": false, ""memcpy"": false, ""memmove"": false, ""memset"": false, ""mutable_global"": false, ""parameter_count"": 0, ""platform_specific"": false, ""pointer_arithmetic"": false, ""pointer_count"": 0, ""pointer_to_pointer"": false, ""raw_pointer_parameter"": false, ""raw_pointer_return"": false, ""realloc"": false, ""setjmp"": false, ""static_local"": false, ""syscall"": false, ""third_party"": false, ""union"": false, ""va_list"": false, ""variadic"": false, ""void_pointer"": false}",TRIVIAL,no_significant_detected_blocker,"[""conditional_compilation""]",medium
2,redis-plus-plus,397f9c7be0eb82ce92545f259a7f66ab992bd7ee,src/sw/redis++/utils.h,160,164,struct,HasPushBack,5,"{""bitfield"": false, ""branch_complexity_proxy"": 0, ""c_array"": false, ""call_count"": 2, ""callback"": false, ""calloc"": false, ""conditional_compilation"": true, ""explicit_abi_boundary"": false, ""extern_declaration"": false, ""extern_or_abi_boundary"": false, ""flexible_array"": false, ""free"": false, ""function_pointer"": false, ""generated_source"": false, ""global_read"": false, ""global_write"": false, ""goto"": false, ""lexical_ambiguity"": false, ""longjmp"": false, ""macro_density"": 0.0, ""macro_generated_declaration"": false, ""macro_use"": false, ""malloc"": false, ""memcpy"": false, ""memmove"": false, ""memset"": false, ""mutable_global"": false, ""parameter_count"": 0, ""platform_specific"": false, ""pointer_arithmetic"": false, ""pointer_count"": 0, ""pointer_to_pointer"": false, ""raw_pointer_parameter"": false, ""raw_pointer_return"": false, ""realloc"": false, ""setjmp"": false, ""static_local"": false, ""syscall"": false, ""third_party"": false, ""union"": false, ""va_list"": false, ""variadic"": false, ""void_pointer"": false}",TRIVIAL,no_significant_detected_blocker,"[""conditional_compilation""]",medium
2,redis-plus-plus,397f9c7be0eb82ce92545f259a7f66ab992bd7ee,src/sw/redis++/utils.h,167,167,struct,HasInsert,1,"{""bitfield"": false, ""branch_complexity_proxy"": 0, ""c_array"": false, ""call_count"": 0, ""callback"": false, ""calloc"": false, ""conditional_compilation"": true, ""explicit_abi_boundary"": false, ""extern_declaration"": false, ""extern_or_abi_boundary"": false, ""flexible_array"": false, ""free"": false, ""function_pointer"": false, ""generated_source"": false, ""global_read"": false, ""global_write"": false, ""goto"": false, ""lexical_ambiguity"": false, ""longjmp"": false, ""macro_density"": 0.0, ""macro_generated_declaration"": false, ""macro_use"": false, ""malloc"": false, ""memcpy"": false, ""memmove"": false, ""memset"": false, ""mutable_global"": false, ""parameter_count"": 0, ""platform_specific"": false, ""pointer_arithmetic"": false, ""pointer_count"": 0, ""pointer_to_pointer"": false, ""raw_pointer_parameter"": false, ""raw_pointer_return"": false, ""realloc"": false, ""setjmp"": false, ""static_local"": false, ""syscall"": false, ""third_party"": false, ""union"": false, ""va_list"": false, ""variadic"": false, ""void_pointer"": false}",TRIVIAL,no_significant_detected_blocker,"[""conditional_compilation""]",medium
2,redis-plus-plus,397f9c7be0eb82ce92545f259a7f66ab992bd7ee,src/sw/redis++/utils.h,170,175,struct,HasInsert,6,"{""bitfield"": false, ""branch_complexity_proxy"": 0, ""c_array"": false, ""call_count"": 2, ""callback"": false, ""calloc"": false, ""conditional_compilation"": true, ""explicit_abi_boundary"": false, ""extern_declaration"": false, ""extern_or_abi_boundary"": false, ""flexible_array"": false, ""free"": false, ""function_pointer"": false, ""generated_source"": false, ""global_read"": false, ""global_write"": false, ""goto"": false, ""lexical_ambiguity"": false, ""longjmp"": false, ""macro_density"": 0.0, ""macro_generated_declaration"": false, ""macro_use"": false, ""malloc"": false, ""memcpy"": false, ""memmove"": false, ""memset"": false, ""mutable_global"": false, ""parameter_count"": 0, ""platform_specific"": false, ""pointer_arithmetic"": false, ""pointer_count"": 0, ""pointer_to_pointer"": false, ""raw_pointer_parameter"": false, ""raw_pointer_return"": false, ""realloc"": false, ""setjmp"": false, ""static_local"": false, ""syscall"": false, ""third_party"": false, ""union"": false, ""va_list"": false, ""variadic"": false, ""void_pointer"": false}",TRIVIAL,no_significant_detected_blocker,"[""conditional_compilation""]",medium
2,redis-plus-plus,397f9c7be0eb82ce92545f259a7f66ab992bd7ee,src/sw/redis++/utils.h,178,181,struct,IsSequenceContainer,4,"{""bitfield"": false, ""branch_complexity_proxy"": 0, ""c_array"": false, ""call_count"": 0, ""callback"": false, ""calloc"": false, ""conditional_compilation"": true, ""explicit_abi_boundary"": false, ""extern_declaration"": false, ""extern_or_abi_boundary"": false, ""flexible_array"": false, ""free"": false, ""function_pointer"": false, ""generated_source"": false, ""global_read"": false, ""global_write"": false, ""goto"": false, ""lexical_ambiguity"": false, ""longjmp"": false, ""macro_density"": 0.0, ""macro_generated_declaration"": false, ""macro_use"": false, ""malloc"": false, ""memcpy"": false, ""memmove"": false, ""memset"": false, ""mutable_global"": false, ""parameter_count"": 0, ""platform_specific"": false, ""pointer_arithmetic"": false, ""pointer_count"": 0, ""pointer_to_pointer"": false, ""raw_pointer_parameter"": false, ""raw_pointer_return"": false, ""realloc"": false, ""setjmp"": false, ""static_local"": false, ""syscall"": false, ""third_party"": false, ""union"": false, ""va_list"": false, ""variadic"": false, ""void_pointer"": false}",TRIVIAL,no_significant_detected_blocker,"[""conditional_compilation""]",medium
2,redis-plus-plus,397f9c7be0eb82ce92545f259a7f66ab992bd7ee,src/sw/redis++/utils.h,184,186,struct,IsAssociativeContainer,3,"{""bitfield"": false, ""branch_complexity_proxy"": 0, ""c_array"": false, ""call_count"": 0, ""callback"": false, ""calloc"": false, ""conditional_compilation"": true, ""explicit_abi_boundary"": false, ""extern_declaration"": false, ""extern_or_abi_boundary"": false, ""flexible_array"": false, ""free"": false, ""function_pointer"": false, ""generated_source"": false, ""global_read"": false, ""global_write"": false, ""goto"": false, ""lexical_ambiguity"": false, ""longjmp"": false, ""macro_density"": 0.0, ""macro_generated_declaration"": false, ""macro_use"": false, ""malloc"": false, ""memcpy"": false, ""memmove"": false, ""memset"": false, ""mutable_global"": false, ""parameter_count"": 0, ""platform_specific"": false, ""pointer_arithmetic"": false, ""pointer_count"": 0, ""pointer_to_pointer"": false, ""raw_pointer_parameter"": false, ""raw_pointer_return"": false, ""realloc"": false, ""setjmp"": false, ""static_local"": false, ""syscall"": false, ""third_party"": false, ""union"": false, ""va_list"": false, ""variadic"": false, ""void_pointer"": false}",TRIVIAL,no_significant_detected_blocker,"[""conditional_compilation""]",medium
