inventory_methodology_version,application,application_commit,file,line,end_line,kind,name,loc,features,bucket,primary_reason,secondary_reasons,confidence
2,poco-net,a2cf8ccfc48e858d0af493d58e695c5475bc6780,Net/src/DNS.cpp,42,42,typedef,punycode_uint,1,"{""bitfield"": false, ""branch_complexity_proxy"": 0, ""c_array"": false, ""call_count"": 0, ""callback"": false, ""calloc"": false, ""conditional_compilation"": false, ""explicit_abi_boundary"": false, ""extern_declaration"": false, ""extern_or_abi_boundary"": false, ""flexible_array"": false, ""free"": false, ""function_pointer"": false, ""generated_source"": false, ""global_read"": false, ""global_write"": false, ""goto"": false, ""lexical_ambiguity"": false, ""longjmp"": false, ""macro_density"": 0.0, ""macro_generated_declaration"": false, ""macro_use"": false, ""malloc"": false, ""memcpy"": false, ""memmove"": false, ""memset"": false, ""mutable_global"": false, ""parameter_count"": 0, ""platform_specific"": false, ""pointer_arithmetic"": false, ""pointer_count"": 0, ""pointer_to_pointer"": false, ""raw_pointer_parameter"": false, ""raw_pointer_return"": false, ""realloc"": false, ""setjmp"": false, ""static_local"": false, ""syscall"": false, ""third_party"": false, ""union"": false, ""va_list"": false, ""variadic"": false, ""void_pointer"": false}",TRIVIAL,no_significant_detected_blocker,[],medium
2,poco-net,a2cf8ccfc48e858d0af493d58e695c5475bc6780,Net/src/DNS.cpp,45,51,enum,anonymous_enum_45,7,"{""bitfield"": false, ""branch_complexity_proxy"": 0, ""c_array"": false, ""call_count"": 0, ""callback"": false, ""calloc"": false, ""conditional_compilation"": false, ""explicit_abi_boundary"": false, ""extern_declaration"": false, ""extern_or_abi_boundary"": false, ""flexible_array"": false, ""free"": false, ""function_pointer"": false, ""generated_source"": false, ""global_read"": false, ""global_write"": false, ""goto"": false, ""lexical_ambiguity"": false, ""longjmp"": false, ""macro_density"": 0.0, ""macro_generated_declaration"": false, ""macro_use"": false, ""malloc"": false, ""memcpy"": false, ""memmove"": false, ""memset"": false, ""mutable_global"": false, ""parameter_count"": 0, ""platform_specific"": false, ""pointer_arithmetic"": false, ""pointer_count"": 0, ""pointer_to_pointer"": false, ""raw_pointer_parameter"": false, ""raw_pointer_return"": false, ""realloc"": false, ""setjmp"": false, ""static_local"": false, ""syscall"": false, ""third_party"": false, ""union"": false, ""va_list"": false, ""variadic"": false, ""void_pointer"": false}",TRIVIAL,no_significant_detected_blocker,[],medium
2,poco-net,a2cf8ccfc48e858d0af493d58e695c5475bc6780,Net/src/DNS.cpp,169,173,function,if,5,"{""bitfield"": false, ""branch_complexity_proxy"": 1, ""c_array"": false, ""call_count"": 4, ""callback"": false, ""calloc"": false, ""conditional_compilation"": false, ""explicit_abi_boundary"": false, ""extern_declaration"": false, ""extern_or_abi_boundary"": false, ""flexible_array"": false, ""free"": false, ""function_pointer"": false, ""generated_source"": false, ""global_read"": false, ""global_write"": false, ""goto"": false, ""lexical_ambiguity"": false, ""longjmp"": false, ""macro_density"": 0.0, ""macro_generated_declaration"": false, ""macro_use"": false, ""malloc"": false, ""memcpy"": false, ""memmove"": false, ""memset"": false, ""mutable_global"": false, ""parameter_count"": 1, ""platform_specific"": false, ""pointer_arithmetic"": false, ""pointer_count"": 0, ""pointer_to_pointer"": false, ""raw_pointer_parameter"": false, ""raw_pointer_return"": false, ""realloc"": false, ""setjmp"": false, ""static_local"": false, ""syscall"": false, ""third_party"": false, ""union"": false, ""va_list"": false, ""variadic"": false, ""void_pointer"": false}",TRIVIAL,no_significant_detected_blocker,[],medium
2,poco-net,a2cf8ccfc48e858d0af493d58e695c5475bc6780,Net/src/DNS.cpp,457,462,function,encode_digit,6,"{""bitfield"": false, ""branch_complexity_proxy"": 0, ""c_array"": false, ""call_count"": 1, ""callback"": false, ""calloc"": false, ""conditional_compilation"": false, ""explicit_abi_boundary"": false, ""extern_declaration"": false, ""extern_or_abi_boundary"": false, ""flexible_array"": false, ""free"": false, ""function_pointer"": false, ""generated_source"": false, ""global_read"": false, ""global_write"": false, ""goto"": false, ""lexical_ambiguity"": false, ""longjmp"": false, ""macro_density"": 0.0, ""macro_generated_declaration"": false, ""macro_use"": false, ""malloc"": false, ""memcpy"": false, ""memmove"": false, ""memset"": false, ""mutable_global"": false, ""parameter_count"": 2, ""platform_specific"": false, ""pointer_arithmetic"": false, ""pointer_count"": 1, ""pointer_to_pointer"": false, ""raw_pointer_parameter"": false, ""raw_pointer_return"": false, ""realloc"": false, ""setjmp"": false, ""static_local"": false, ""syscall"": false, ""third_party"": false, ""union"": false, ""va_list"": false, ""variadic"": false, ""void_pointer"": false}",TRIVIAL,no_significant_detected_blocker,[],medium
2,poco-net,a2cf8ccfc48e858d0af493d58e695c5475bc6780,Net/src/DNS.cpp,468,472,function,decode_digit,5,"{""bitfield"": false, ""branch_complexity_proxy"": 0, ""c_array"": false, ""call_count"": 2, ""callback"": false, ""calloc"": false, ""conditional_compilation"": false, ""explicit_abi_boundary"": false, ""extern_declaration"": false, ""extern_or_abi_boundary"": false, ""flexible_array"": false, ""free"": false, ""function_pointer"": false, ""generated_source"": false, ""global_read"": false, ""global_write"": false, ""goto"": false, ""lexical_ambiguity"": false, ""longjmp"": false, ""macro_density"": 0.0, ""macro_generated_declaration"": false, ""macro_use"": false, ""malloc"": false, ""memcpy"": false, ""memmove"": false, ""memset"": false, ""mutable_global"": false, ""parameter_count"": 1, ""platform_specific"": false, ""pointer_arithmetic"": false, ""pointer_count"": 0, ""pointer_to_pointer"": false, ""raw_pointer_parameter"": false, ""raw_pointer_return"": false, ""realloc"": false, ""setjmp"": false, ""static_local"": false, ""syscall"": false, ""third_party"": false, ""union"": false, ""va_list"": false, ""variadic"": false, ""void_pointer"": false}",TRIVIAL,no_significant_detected_blocker,[],medium
2,poco-net,a2cf8ccfc48e858d0af493d58e695c5475bc6780,Net/src/DNS.cpp,484,498,function,adapt,15,"{""bitfield"": false, ""branch_complexity_proxy"": 1, ""c_array"": false, ""call_count"": 2, ""callback"": false, ""calloc"": false, ""conditional_compilation"": false, ""explicit_abi_boundary"": false, ""extern_declaration"": false, ""extern_or_abi_boundary"": false, ""flexible_array"": false, ""free"": false, ""function_pointer"": false, ""generated_source"": false, ""global_read"": false, ""global_write"": false, ""goto"": false, ""lexical_ambiguity"": false, ""longjmp"": false, ""macro_density"": 0.0, ""macro_generated_declaration"": false, ""macro_use"": false, ""malloc"": false, ""memcpy"": false, ""memmove"": false, ""memset"": false, ""mutable_global"": false, ""parameter_count"": 3, ""platform_specific"": false, ""pointer_arithmetic"": false, ""pointer_count"": 2, ""pointer_to_pointer"": false, ""raw_pointer_parameter"": false, ""raw_pointer_return"": false, ""realloc"": false, ""setjmp"": false, ""static_local"": false, ""syscall"": false, ""third_party"": false, ""union"": false, ""va_list"": false, ""variadic"": false, ""void_pointer"": false}",TRIVIAL,no_significant_detected_blocker,[],medium
2,poco-net,a2cf8ccfc48e858d0af493d58e695c5475bc6780,Net/src/DNS.cpp,502,595,function,punycode_encode,94,"{""bitfield"": false, ""branch_complexity_proxy"": 16, ""c_array"": false, ""call_count"": 21, ""callback"": false, ""calloc"": false, ""conditional_compilation"": false, ""explicit_abi_boundary"": false, ""extern_declaration"": false, ""extern_or_abi_boundary"": false, ""flexible_array"": false, ""free"": false, ""function_pointer"": false, ""generated_source"": false, ""global_read"": false, ""global_write"": false, ""goto"": false, ""lexical_ambiguity"": false, ""longjmp"": false, ""macro_density"": 0.0, ""macro_generated_declaration"": false, ""macro_use"": false, ""malloc"": false, ""memcpy"": false, ""memmove"": false, ""memset"": false, ""mutable_global"": false, ""parameter_count"": 4, ""platform_specific"": false, ""pointer_arithmetic"": true, ""pointer_count"": 4, ""pointer_to_pointer"": false, ""raw_pointer_parameter"": true, ""raw_pointer_return"": false, ""realloc"": false, ""setjmp"": false, ""static_local"": false, ""syscall"": false, ""third_party"": false, ""union"": false, ""va_list"": false, ""variadic"": false, ""void_pointer"": false}",REFACTOR_THEN_DSL,pointer_arithmetic,[],medium
2,poco-net,a2cf8ccfc48e858d0af493d58e695c5475bc6780,Net/src/DNS.cpp,599,674,function,punycode_decode,76,"{""bitfield"": false, ""branch_complexity_proxy"": 14, ""c_array"": false, ""call_count"": 20, ""callback"": false, ""calloc"": false, ""conditional_compilation"": false, ""explicit_abi_boundary"": false, ""extern_declaration"": false, ""extern_or_abi_boundary"": false, ""flexible_array"": false, ""free"": false, ""function_pointer"": false, ""generated_source"": false, ""global_read"": false, ""global_write"": false, ""goto"": false, ""lexical_ambiguity"": false, ""longjmp"": false, ""macro_density"": 0.0, ""macro_generated_declaration"": false, ""macro_use"": false, ""malloc"": false, ""memcpy"": false, ""memmove"": true, ""memset"": false, ""mutable_global"": false, ""parameter_count"": 4, ""platform_specific"": false, ""pointer_arithmetic"": false, ""pointer_count"": 8, ""pointer_to_pointer"": false, ""raw_pointer_parameter"": true, ""raw_pointer_return"": false, ""realloc"": false, ""setjmp"": false, ""static_local"": false, ""syscall"": false, ""third_party"": false, ""union"": false, ""va_list"": false, ""variadic"": false, ""void_pointer"": false}",REFACTOR_THEN_DSL,memmove,[],medium
2,poco-net,a2cf8ccfc48e858d0af493d58e695c5475bc6780,Net/src/FTPClientSession.cpp,564,567,function,if,4,"{""bitfield"": false, ""branch_complexity_proxy"": 1, ""c_array"": false, ""call_count"": 2, ""callback"": false, ""calloc"": false, ""conditional_compilation"": false, ""explicit_abi_boundary"": false, ""extern_declaration"": false, ""extern_or_abi_boundary"": false, ""flexible_array"": false, ""free"": false, ""function_pointer"": false, ""generated_source"": false, ""global_read"": false, ""global_write"": false, ""goto"": false, ""lexical_ambiguity"": false, ""longjmp"": false, ""macro_density"": 0.0, ""macro_generated_declaration"": false, ""macro_use"": false, ""malloc"": false, ""memcpy"": false, ""memmove"": false, ""memset"": false, ""mutable_global"": false, ""parameter_count"": 1, ""platform_specific"": false, ""pointer_arithmetic"": false, ""pointer_count"": 0, ""pointer_to_pointer"": false, ""raw_pointer_parameter"": false, ""raw_pointer_return"": false, ""realloc"": false, ""setjmp"": false, ""static_local"": false, ""syscall"": false, ""third_party"": false, ""union"": false, ""va_list"": false, ""variadic"": false, ""void_pointer"": false}",TRIVIAL,no_significant_detected_blocker,[],medium
2,poco-net,a2cf8ccfc48e858d0af493d58e695c5475bc6780,Net/src/FTPStreamFactory.cpp,49,52,function,readFromDevice,4,"{""bitfield"": false, ""branch_complexity_proxy"": 0, ""c_array"": false, ""call_count"": 2, ""callback"": false, ""calloc"": false, ""conditional_compilation"": false, ""explicit_abi_boundary"": false, ""extern_declaration"": false, ""extern_or_abi_boundary"": false, ""flexible_array"": false, ""free"": false, ""function_pointer"": false, ""generated_source"": false, ""global_read"": false, ""global_write"": false, ""goto"": false, ""lexical_ambiguity"": false, ""longjmp"": false, ""macro_density"": 0.0, ""macro_generated_declaration"": false, ""macro_use"": false, ""malloc"": false, ""memcpy"": false, ""memmove"": false, ""memset"": false, ""mutable_global"": false, ""parameter_count"": 0, ""platform_specific"": false, ""pointer_arithmetic"": false, ""pointer_count"": 0, ""pointer_to_pointer"": false, ""raw_pointer_parameter"": false, ""raw_pointer_return"": false, ""realloc"": false, ""setjmp"": false, ""static_local"": false, ""syscall"": false, ""third_party"": false, ""union"": false, ""va_list"": false, ""variadic"": false, ""void_pointer"": false}",TRIVIAL,no_significant_detected_blocker,[],medium
2,poco-net,a2cf8ccfc48e858d0af493d58e695c5475bc6780,Net/src/FTPStreamFactory.cpp,204,210,function,if,7,"{""bitfield"": false, ""branch_complexity_proxy"": 2, ""c_array"": false, ""call_count"": 8, ""callback"": false, ""calloc"": false, ""conditional_compilation"": false, ""explicit_abi_boundary"": false, ""extern_declaration"": false, ""extern_or_abi_boundary"": false, ""flexible_array"": false, ""free"": false, ""function_pointer"": false, ""generated_source"": false, ""global_read"": false, ""global_write"": false, ""goto"": false, ""lexical_ambiguity"": false, ""longjmp"": false, ""macro_density"": 0.0, ""macro_generated_declaration"": false, ""macro_use"": false, ""malloc"": false, ""memcpy"": false, ""memmove"": false, ""memset"": false, ""mutable_global"": false, ""parameter_count"": 1, ""platform_specific"": false, ""pointer_arithmetic"": false, ""pointer_count"": 0, ""pointer_to_pointer"": false, ""raw_pointer_parameter"": false, ""raw_pointer_return"": false, ""realloc"": false, ""setjmp"": false, ""static_local"": false, ""syscall"": false, ""third_party"": false, ""union"": false, ""va_list"": false, ""variadic"": false, ""void_pointer"": false}",TRIVIAL,no_significant_detected_blocker,[],medium
2,poco-net,a2cf8ccfc48e858d0af493d58e695c5475bc6780,Net/src/HTMLForm.cpp,62,65,function,setValid,4,"{""bitfield"": false, ""branch_complexity_proxy"": 0, ""c_array"": false, ""call_count"": 1, ""callback"": false, ""calloc"": false, ""conditional_compilation"": false, ""explicit_abi_boundary"": false, ""extern_declaration"": false, ""extern_or_abi_boundary"": false, ""flexible_array"": false, ""free"": false, ""function_pointer"": false, ""generated_source"": false, ""global_read"": false, ""global_write"": false, ""goto"": false, ""lexical_ambiguity"": false, ""longjmp"": false, ""macro_density"": 0.0, ""macro_generated_declaration"": false, ""macro_use"": false, ""malloc"": false, ""memcpy"": false, ""memmove"": false, ""memset"": false, ""mutable_global"": false, ""parameter_count"": 1, ""platform_specific"": false, ""pointer_arithmetic"": false, ""pointer_count"": 0, ""pointer_to_pointer"": false, ""raw_pointer_parameter"": false, ""raw_pointer_return"": false, ""realloc"": false, ""setjmp"": false, ""static_local"": false, ""syscall"": false, ""third_party"": false, ""union"": false, ""va_list"": false, ""variadic"": false, ""void_pointer"": false}",TRIVIAL,no_significant_detected_blocker,[],medium
2,poco-net,a2cf8ccfc48e858d0af493d58e695c5475bc6780,Net/src/HTMLForm.cpp,231,234,function,if,4,"{""bitfield"": false, ""branch_complexity_proxy"": 1, ""c_array"": false, ""call_count"": 2, ""callback"": false, ""calloc"": false, ""conditional_compilation"": false, ""explicit_abi_boundary"": false, ""extern_declaration"": false, ""extern_or_abi_boundary"": false, ""flexible_array"": false, ""free"": false, ""function_pointer"": false, ""generated_source"": false, ""global_read"": false, ""global_write"": false, ""goto"": false, ""lexical_ambiguity"": false, ""longjmp"": false, ""macro_density"": 0.0, ""macro_generated_declaration"": false, ""macro_use"": false, ""malloc"": false, ""memcpy"": false, ""memmove"": false, ""memset"": false, ""mutable_global"": false, ""parameter_count"": 1, ""platform_specific"": false, ""pointer_arithmetic"": false, ""pointer_count"": 0, ""pointer_to_pointer"": false, ""raw_pointer_parameter"": false, ""raw_pointer_return"": false, ""realloc"": false, ""setjmp"": false, ""static_local"": false, ""syscall"": false, ""third_party"": false, ""union"": false, ""va_list"": false, ""variadic"": false, ""void_pointer"": false}",TRIVIAL,no_significant_detected_blocker,[],medium
2,poco-net,a2cf8ccfc48e858d0af493d58e695c5475bc6780,Net/src/HTTPAuthenticationParams.cpp,31,43,function,mustBeQuoted,13,"{""bitfield"": false, ""branch_complexity_proxy"": 0, ""c_array"": false, ""call_count"": 10, ""callback"": false, ""calloc"": false, ""conditional_compilation"": false, ""explicit_abi_boundary"": false, ""extern_declaration"": false, ""extern_or_abi_boundary"": false, ""flexible_array"": false, ""free"": false, ""function_pointer"": false, ""generated_source"": false, ""global_read"": false, ""global_write"": false, ""goto"": false, ""lexical_ambiguity"": false, ""longjmp"": false, ""macro_density"": 0.0, ""macro_generated_declaration"": false, ""macro_use"": false, ""malloc"": false, ""memcpy"": false, ""memmove"": false, ""memset"": false, ""mutable_global"": false, ""parameter_count"": 1, ""platform_specific"": false, ""pointer_arithmetic"": false, ""pointer_count"": 0, ""pointer_to_pointer"": false, ""raw_pointer_parameter"": false, ""raw_pointer_return"": false, ""realloc"": false, ""setjmp"": false, ""static_local"": false, ""syscall"": false, ""third_party"": false, ""union"": false, ""va_list"": false, ""variadic"": false, ""void_pointer"": false}",TRIVIAL,no_significant_detected_blocker,[],medium
2,poco-net,a2cf8ccfc48e858d0af493d58e695c5475bc6780,Net/src/HTTPAuthenticationParams.cpp,46,60,function,formatParameter,15,"{""bitfield"": false, ""branch_complexity_proxy"": 1, ""c_array"": false, ""call_count"": 3, ""callback"": false, ""calloc"": false, ""conditional_compilation"": false, ""explicit_abi_boundary"": false, ""extern_declaration"": false, ""extern_or_abi_boundary"": false, ""flexible_array"": false, ""free"": false, ""function_pointer"": false, ""generated_source"": false, ""global_read"": false, ""global_write"": false, ""goto"": false, ""lexical_ambiguity"": false, ""longjmp"": false, ""macro_density"": 0.0, ""macro_generated_declaration"": false, ""macro_use"": false, ""malloc"": false, ""memcpy"": false, ""memmove"": false, ""memset"": false, ""mutable_global"": false, ""parameter_count"": 3, ""platform_specific"": false, ""pointer_arithmetic"": false, ""pointer_count"": 0, ""pointer_to_pointer"": false, ""raw_pointer_parameter"": false, ""raw_pointer_return"": false, ""realloc"": false, ""setjmp"": false, ""static_local"": false, ""syscall"": false, ""third_party"": false, ""union"": false, ""va_list"": false, ""variadic"": false, ""void_pointer"": false}",TRIVIAL,no_significant_detected_blocker,[],medium
2,poco-net,a2cf8ccfc48e858d0af493d58e695c5475bc6780,Net/src/HTTPAuthenticationParams.cpp,142,146,function,if,5,"{""bitfield"": false, ""branch_complexity_proxy"": 1, ""c_array"": false, ""call_count"": 5, ""callback"": false, ""calloc"": false, ""conditional_compilation"": false, ""explicit_abi_boundary"": false, ""extern_declaration"": false, ""extern_or_abi_boundary"": false, ""flexible_array"": false, ""free"": false, ""function_pointer"": false, ""generated_source"": false, ""global_read"": false, ""global_write"": false, ""goto"": false, ""lexical_ambiguity"": false, ""longjmp"": false, ""macro_density"": 0.0, ""macro_generated_declaration"": false, ""macro_use"": false, ""malloc"": false, ""memcpy"": false, ""memmove"": false, ""memset"": false, ""mutable_global"": false, ""parameter_count"": 4, ""platform_specific"": false, ""pointer_arithmetic"": false, ""pointer_count"": 0, ""pointer_to_pointer"": false, ""raw_pointer_parameter"": false, ""raw_pointer_return"": false, ""realloc"": false, ""setjmp"": false, ""static_local"": false, ""syscall"": false, ""third_party"": false, ""union"": false, ""va_list"": false, ""variadic"": false, ""void_pointer"": false}",TRIVIAL,no_significant_detected_blocker,[],medium
2,poco-net,a2cf8ccfc48e858d0af493d58e695c5475bc6780,Net/src/HTTPAuthenticationParams.cpp,147,151,function,if,5,"{""bitfield"": false, ""branch_complexity_proxy"": 1, ""c_array"": false, ""call_count"": 4, ""callback"": false, ""calloc"": false, ""conditional_compilation"": false, ""explicit_abi_boundary"": false, ""extern_declaration"": false, ""extern_or_abi_boundary"": false, ""flexible_array"": false, ""free"": false, ""function_pointer"": false, ""generated_source"": false, ""global_read"": false, ""global_write"": false, ""goto"": false, ""lexical_ambiguity"": false, ""longjmp"": false, ""macro_density"": 0.0, ""macro_generated_declaration"": false, ""macro_use"": false, ""malloc"": false, ""memcpy"": false, ""memmove"": false, ""memset"": false, ""mutable_global"": false, ""parameter_count"": 4, ""platform_specific"": false, ""pointer_arithmetic"": false, ""pointer_count"": 0, ""pointer_to_pointer"": false, ""raw_pointer_parameter"": false, ""raw_pointer_return"": false, ""realloc"": false, ""setjmp"": false, ""static_local"": false, ""syscall"": false, ""third_party"": false, ""union"": false, ""va_list"": false, ""variadic"": false, ""void_pointer"": false}",TRIVIAL,no_significant_detected_blocker,[],medium
2,poco-net,a2cf8ccfc48e858d0af493d58e695c5475bc6780,Net/src/HTTPAuthenticationParams.cpp,199,211,enum,State,13,"{""bitfield"": false, ""branch_complexity_proxy"": 0, ""c_array"": false, ""call_count"": 0, ""callback"": false, ""calloc"": false, ""conditional_compilation"": false, ""explicit_abi_boundary"": false, ""extern_declaration"": false, ""extern_or_abi_boundary"": false, ""flexible_array"": false, ""free"": false, ""function_pointer"": false, ""generated_source"": false, ""global_read"": false, ""global_write"": false, ""goto"": false, ""lexical_ambiguity"": false, ""longjmp"": false, ""macro_density"": 0.0, ""macro_generated_declaration"": false, ""macro_use"": false, ""malloc"": false, ""memcpy"": false, ""memmove"": false, ""memset"": false, ""mutable_global"": false, ""parameter_count"": 0, ""platform_specific"": false, ""pointer_arithmetic"": false, ""pointer_count"": 0, ""pointer_to_pointer"": false, ""raw_pointer_parameter"": false, ""raw_pointer_return"": false, ""realloc"": false, ""setjmp"": false, ""static_local"": false, ""syscall"": false, ""third_party"": false, ""union"": false, ""va_list"": false, ""variadic"": false, ""void_pointer"": false}",TRIVIAL,no_significant_detected_blocker,[],medium
2,poco-net,a2cf8ccfc48e858d0af493d58e695c5475bc6780,Net/src/HTTPAuthenticationParams.cpp,227,230,function,if,4,"{""bitfield"": false, ""branch_complexity_proxy"": 1, ""c_array"": false, ""call_count"": 2, ""callback"": false, ""calloc"": false, ""conditional_compilation"": false, ""explicit_abi_boundary"": false, ""extern_declaration"": false, ""extern_or_abi_boundary"": false, ""flexible_array"": false, ""free"": false, ""function_pointer"": true, ""generated_source"": false, ""global_read"": false, ""global_write"": false, ""goto"": false, ""lexical_ambiguity"": false, ""longjmp"": false, ""macro_density"": 0.0, ""macro_generated_declaration"": false, ""macro_use"": false, ""malloc"": false, ""memcpy"": false, ""memmove"": false, ""memset"": false, ""mutable_global"": false, ""parameter_count"": 1, ""platform_specific"": false, ""pointer_arithmetic"": false, ""pointer_count"": 1, ""pointer_to_pointer"": false, ""raw_pointer_parameter"": true, ""raw_pointer_return"": false, ""realloc"": false, ""setjmp"": false, ""static_local"": false, ""syscall"": false, ""third_party"": false, ""union"": false, ""va_list"": false, ""variadic"": false, ""void_pointer"": false}",NEEDS_TRANSPILER,function_pointer,[],medium
2,poco-net,a2cf8ccfc48e858d0af493d58e695c5475bc6780,Net/src/HTTPAuthenticationParams.cpp,239,242,function,if,4,"{""bitfield"": false, ""branch_complexity_proxy"": 1, ""c_array"": false, ""call_count"": 2, ""callback"": false, ""calloc"": false, ""conditional_compilation"": false, ""explicit_abi_boundary"": false, ""extern_declaration"": false, ""extern_or_abi_boundary"": false, ""flexible_array"": false, ""free"": false, ""function_pointer"": true, ""generated_source"": false, ""global_read"": false, ""global_write"": false, ""goto"": false, ""lexical_ambiguity"": false, ""longjmp"": false, ""macro_density"": 0.0, ""macro_generated_declaration"": false, ""macro_use"": false, ""malloc"": false, ""memcpy"": false, ""memmove"": false, ""memset"": false, ""mutable_global"": false, ""parameter_count"": 1, ""platform_specific"": false, ""pointer_arithmetic"": false, ""pointer_count"": 4, ""pointer_to_pointer"": false, ""raw_pointer_parameter"": true, ""raw_pointer_return"": false, ""realloc"": false, ""setjmp"": false, ""static_local"": false, ""syscall"": false, ""third_party"": false, ""union"": false, ""va_list"": false, ""variadic"": false, ""void_pointer"": false}",NEEDS_TRANSPILER,function_pointer,[],medium
2,poco-net,a2cf8ccfc48e858d0af493d58e695c5475bc6780,Net/src/HTTPAuthenticationParams.cpp,252,255,function,if,4,"{""bitfield"": false, ""branch_complexity_proxy"": 1, ""c_array"": false, ""call_count"": 1, ""callback"": false, ""calloc"": false, ""conditional_compilation"": false, ""explicit_abi_boundary"": false, ""extern_declaration"": false, ""extern_or_abi_boundary"": false, ""flexible_array"": false, ""free"": false, ""function_pointer"": false, ""generated_source"": false, ""global_read"": false, ""global_write"": false, ""goto"": false, ""lexical_ambiguity"": false, ""longjmp"": false, ""macro_density"": 0.0, ""macro_generated_declaration"": false, ""macro_use"": false, ""malloc"": false, ""memcpy"": false, ""memmove"": false, ""memset"": false, ""mutable_global"": false, ""parameter_count"": 1, ""platform_specific"": false, ""pointer_arithmetic"": false, ""pointer_count"": 1, ""pointer_to_pointer"": false, ""raw_pointer_parameter"": true, ""raw_pointer_return"": false, ""realloc"": false, ""setjmp"": false, ""static_local"": false, ""syscall"": false, ""third_party"": false, ""union"": false, ""va_list"": false, ""variadic"": false, ""void_pointer"": false}",TRIVIAL,no_significant_detected_blocker,"[""raw_pointer_parameter""]",medium
2,poco-net,a2cf8ccfc48e858d0af493d58e695c5475bc6780,Net/src/HTTPAuthenticationParams.cpp,264,270,function,if,7,"{""bitfield"": false, ""branch_complexity_proxy"": 1, ""c_array"": false, ""call_count"": 4, ""callback"": false, ""calloc"": false, ""conditional_compilation"": false, ""explicit_abi_boundary"": false, ""extern_declaration"": false, ""extern_or_abi_boundary"": false, ""flexible_array"": false, ""free"": false, ""function_pointer"": false, ""generated_source"": false, ""global_read"": false, ""global_write"": false, ""goto"": false, ""lexical_ambiguity"": false, ""longjmp"": false, ""macro_density"": 0.0, ""macro_generated_declaration"": false, ""macro_use"": false, ""malloc"": false, ""memcpy"": false, ""memmove"": false, ""memset"": false, ""mutable_global"": false, ""parameter_count"": 1, ""platform_specific"": false, ""pointer_arithmetic"": false, ""pointer_count"": 1, ""pointer_to_pointer"": false, ""raw_pointer_parameter"": true, ""raw_pointer_return"": false, ""realloc"": false, ""setjmp"": false, ""static_local"": false, ""syscall"": false, ""third_party"": false, ""union"": false, ""va_list"": false, ""variadic"": false, ""void_pointer"": false}",TRIVIAL,no_significant_detected_blocker,"[""raw_pointer_parameter""]",medium
2,poco-net,a2cf8ccfc48e858d0af493d58e695c5475bc6780,Net/src/HTTPAuthenticationParams.cpp,290,296,function,if,7,"{""bitfield"": false, ""branch_complexity_proxy"": 1, ""c_array"": false, ""call_count"": 4, ""callback"": false, ""calloc"": false, ""conditional_compilation"": false, ""explicit_abi_boundary"": false, ""extern_declaration"": false, ""extern_or_abi_boundary"": false, ""flexible_array"": false, ""free"": false, ""function_pointer"": false, ""generated_source"": false, ""global_read"": false, ""global_write"": false, ""goto"": false, ""lexical_ambiguity"": false, ""longjmp"": false, ""macro_density"": 0.0, ""macro_generated_declaration"": false, ""macro_use"": false, ""malloc"": false, ""memcpy"": false, ""memmove"": false, ""memset"": false, ""mutable_global"": false, ""parameter_count"": 1, ""platform_specific"": false, ""pointer_arithmetic"": false, ""pointer_count"": 1, ""pointer_to_pointer"": false, ""raw_pointer_parameter"": true, ""raw_pointer_return"": false, ""realloc"": false, ""setjmp"": false, ""static_local"": false, ""syscall"": false, ""third_party"": false, ""union"": false, ""va_list"": false, ""variadic"": false, ""void_pointer"": false}",TRIVIAL,no_significant_detected_blocker,"[""raw_pointer_parameter""]",medium
2,poco-net,a2cf8ccfc48e858d0af493d58e695c5475bc6780,Net/src/HTTPAuthenticationParams.cpp,308,311,function,if,4,"{""bitfield"": false, ""branch_complexity_proxy"": 1, ""c_array"": false, ""call_count"": 2, ""callback"": false, ""calloc"": false, ""conditional_compilation"": false, ""explicit_abi_boundary"": false, ""extern_declaration"": false, ""extern_or_abi_boundary"": false, ""flexible_array"": false, ""free"": false, ""function_pointer"": true, ""generated_source"": false, ""global_read"": false, ""global_write"": false, ""goto"": false, ""lexical_ambiguity"": false, ""longjmp"": false, ""macro_density"": 0.0, ""macro_generated_declaration"": false, ""macro_use"": false, ""malloc"": false, ""memcpy"": false, ""memmove"": false, ""memset"": false, ""mutable_global"": false, ""parameter_count"": 1, ""platform_specific"": false, ""pointer_arithmetic"": false, ""pointer_count"": 1, ""pointer_to_pointer"": false, ""raw_pointer_parameter"": true, ""raw_pointer_return"": false, ""realloc"": false, ""setjmp"": false, ""static_local"": false, ""syscall"": false, ""third_party"": false, ""union"": false, ""va_list"": false, ""variadic"": false, ""void_pointer"": false}",NEEDS_TRANSPILER,function_pointer,[],medium
2,poco-net,a2cf8ccfc48e858d0af493d58e695c5475bc6780,Net/src/HTTPChunkedStream.cpp,105,128,function,if,24,"{""bitfield"": false, ""branch_complexity_proxy"": 4, ""c_array"": false, ""call_count"": 10, ""callback"": false, ""calloc"": false, ""conditional_compilation"": false, ""explicit_abi_boundary"": false, ""extern_declaration"": false, ""extern_or_abi_boundary"": false, ""flexible_array"": false, ""free"": false, ""function_pointer"": false, ""generated_source"": false, ""global_read"": false, ""global_write"": false, ""goto"": false, ""lexical_ambiguity"": false, ""longjmp"": false, ""macro_density"": 0.0, ""macro_generated_declaration"": false, ""macro_use"": false, ""malloc"": false, ""memcpy"": false, ""memmove"": false, ""memset"": false, ""mutable_global"": false, ""parameter_count"": 1, ""platform_specific"": false, ""pointer_arithmetic"": false, ""pointer_count"": 0, ""pointer_to_pointer"": false, ""raw_pointer_parameter"": false, ""raw_pointer_return"": false, ""realloc"": false, ""setjmp"": false, ""static_local"": false, ""syscall"": true, ""third_party"": false, ""union"": false, ""va_list"": false, ""variadic"": false, ""void_pointer"": false}",TRIVIAL,no_significant_detected_blocker,"[""syscall""]",medium
2,poco-net,a2cf8ccfc48e858d0af493d58e695c5475bc6780,Net/src/HTTPClientSession.cpp,379,389,function,if,11,"{""bitfield"": false, ""branch_complexity_proxy"": 2, ""c_array"": false, ""call_count"": 10, ""callback"": false, ""calloc"": false, ""conditional_compilation"": false, ""explicit_abi_boundary"": false, ""extern_declaration"": false, ""extern_or_abi_boundary"": false, ""flexible_array"": false, ""free"": false, ""function_pointer"": true, ""generated_source"": false, ""global_read"": false, ""global_write"": false, ""goto"": false, ""lexical_ambiguity"": false, ""longjmp"": false, ""macro_density"": 0.272727, ""macro_generated_declaration"": false, ""macro_use"": false, ""malloc"": false, ""memcpy"": false, ""memmove"": false, ""memset"": false, ""mutable_global"": false, ""parameter_count"": 1, ""platform_specific"": false, ""pointer_arithmetic"": false, ""pointer_count"": 3, ""pointer_to_pointer"": false, ""raw_pointer_parameter"": false, ""raw_pointer_return"": false, ""realloc"": false, ""setjmp"": false, ""static_local"": false, ""syscall"": true, ""third_party"": false, ""union"": false, ""va_list"": false, ""variadic"": false, ""void_pointer"": false}",NEEDS_TRANSPILER,function_pointer,[],medium
2,poco-net,a2cf8ccfc48e858d0af493d58e695c5475bc6780,Net/src/HTTPCookie.cpp,78,81,function,if,4,"{""bitfield"": false, ""branch_complexity_proxy"": 1, ""c_array"": false, ""call_count"": 3, ""callback"": false, ""calloc"": false, ""conditional_compilation"": false, ""explicit_abi_boundary"": false, ""extern_declaration"": false, ""extern_or_abi_boundary"": false, ""flexible_array"": false, ""free"": false, ""function_pointer"": false, ""generated_source"": false, ""global_read"": false, ""global_write"": false, ""goto"": false, ""lexical_ambiguity"": false, ""longjmp"": false, ""macro_density"": 0.0, ""macro_generated_declaration"": false, ""macro_use"": false, ""malloc"": false, ""memcpy"": false, ""memmove"": false, ""memset"": false, ""mutable_global"": false, ""parameter_count"": 2, ""platform_specific"": false, ""pointer_arithmetic"": false, ""pointer_count"": 0, ""pointer_to_pointer"": false, ""raw_pointer_parameter"": false, ""raw_pointer_return"": false, ""realloc"": false, ""setjmp"": false, ""static_local"": false, ""syscall"": false, ""third_party"": false, ""union"": false, ""va_list"": false, ""variadic"": false, ""void_pointer"": false}",TRIVIAL,no_significant_detected_blocker,[],medium
2,poco-net,a2cf8ccfc48e858d0af493d58e695c5475bc6780,Net/src/HTTPCookie.cpp,82,85,function,if,4,"{""bitfield"": false, ""branch_complexity_proxy"": 1, ""c_array"": false, ""call_count"": 3, ""callback"": false, ""calloc"": false, ""conditional_compilation"": false, ""explicit_abi_boundary"": false, ""extern_declaration"": false, ""extern_or_abi_boundary"": false, ""flexible_array"": false, ""free"": false, ""function_pointer"": false, ""generated_source"": false, ""global_read"": false, ""global_write"": false, ""goto"": false, ""lexical_ambiguity"": false, ""longjmp"": false, ""macro_density"": 0.0, ""macro_generated_declaration"": false, ""macro_use"": false, ""malloc"": false, ""memcpy"": false, ""memmove"": false, ""memset"": false, ""mutable_global"": false, ""parameter_count"": 2, ""platform_specific"": false, ""pointer_arithmetic"": false, ""pointer_count"": 0, ""pointer_to_pointer"": false, ""raw_pointer_parameter"": false, ""raw_pointer_return"": false, ""realloc"": false, ""setjmp"": false, ""static_local"": false, ""syscall"": false, ""third_party"": false, ""union"": false, ""va_list"": false, ""variadic"": false, ""void_pointer"": false}",TRIVIAL,no_significant_detected_blocker,[],medium
2,poco-net,a2cf8ccfc48e858d0af493d58e695c5475bc6780,Net/src/HTTPCookie.cpp,86,89,function,if,4,"{""bitfield"": false, ""branch_complexity_proxy"": 1, ""c_array"": false, ""call_count"": 3, ""callback"": false, ""calloc"": false, ""conditional_compilation"": false, ""explicit_abi_boundary"": false, ""extern_declaration"": false, ""extern_or_abi_boundary"": false, ""flexible_array"": false, ""free"": false, ""function_pointer"": false, ""generated_source"": false, ""global_read"": false, ""global_write"": false, ""goto"": false, ""lexical_ambiguity"": false, ""longjmp"": false, ""macro_density"": 0.0, ""macro_generated_declaration"": false, ""macro_use"": false, ""malloc"": false, ""memcpy"": false, ""memmove"": false, ""memset"": false, ""mutable_global"": false, ""parameter_count"": 2, ""platform_specific"": false, ""pointer_arithmetic"": false, ""pointer_count"": 0, ""pointer_to_pointer"": false, ""raw_pointer_parameter"": false, ""raw_pointer_return"": false, ""realloc"": false, ""setjmp"": false, ""static_local"": false, ""syscall"": false, ""third_party"": false, ""union"": false, ""va_list"": false, ""variadic"": false, ""void_pointer"": false}",TRIVIAL,no_significant_detected_blocker,[],medium
2,poco-net,a2cf8ccfc48e858d0af493d58e695c5475bc6780,Net/src/HTTPCookie.cpp,90,93,function,if,4,"{""bitfield"": false, ""branch_complexity_proxy"": 1, ""c_array"": false, ""call_count"": 4, ""callback"": false, ""calloc"": false, ""conditional_compilation"": false, ""explicit_abi_boundary"": false, ""extern_declaration"": false, ""extern_or_abi_boundary"": false, ""flexible_array"": false, ""free"": false, ""function_pointer"": false, ""generated_source"": false, ""global_read"": false, ""global_write"": false, ""goto"": false, ""lexical_ambiguity"": false, ""longjmp"": false, ""macro_density"": 0.0, ""macro_generated_declaration"": false, ""macro_use"": false, ""malloc"": false, ""memcpy"": false, ""memmove"": false, ""memset"": false, ""mutable_global"": false, ""parameter_count"": 2, ""platform_specific"": false, ""pointer_arithmetic"": false, ""pointer_count"": 0, ""pointer_to_pointer"": false, ""raw_pointer_parameter"": false, ""raw_pointer_return"": false, ""realloc"": false, ""setjmp"": false, ""static_local"": false, ""syscall"": false, ""third_party"": false, ""union"": false, ""va_list"": false, ""variadic"": false, ""void_pointer"": false}",TRIVIAL,no_significant_detected_blocker,[],medium
2,poco-net,a2cf8ccfc48e858d0af493d58e695c5475bc6780,Net/src/HTTPCookie.cpp,94,100,function,if,7,"{""bitfield"": false, ""branch_complexity_proxy"": 1, ""c_array"": false, ""call_count"": 6, ""callback"": false, ""calloc"": false, ""conditional_compilation"": false, ""explicit_abi_boundary"": false, ""extern_declaration"": false, ""extern_or_abi_boundary"": false, ""flexible_array"": false, ""free"": false, ""function_pointer"": false, ""generated_source"": false, ""global_read"": false, ""global_write"": false, ""goto"": false, ""lexical_ambiguity"": false, ""longjmp"": false, ""macro_density"": 0.0, ""macro_generated_declaration"": false, ""macro_use"": false, ""malloc"": false, ""memcpy"": false, ""memmove"": false, ""memset"": false, ""mutable_global"": false, ""parameter_count"": 2, ""platform_specific"": false, ""pointer_arithmetic"": false, ""pointer_count"": 0, ""pointer_to_pointer"": false, ""raw_pointer_parameter"": false, ""raw_pointer_return"": false, ""realloc"": false, ""setjmp"": false, ""static_local"": false, ""syscall"": false, ""third_party"": false, ""union"": false, ""va_list"": false, ""variadic"": false, ""void_pointer"": false}",TRIVIAL,no_significant_detected_blocker,[],medium
2,poco-net,a2cf8ccfc48e858d0af493d58e695c5475bc6780,Net/src/HTTPCookie.cpp,101,104,function,if,4,"{""bitfield"": false, ""branch_complexity_proxy"": 1, ""c_array"": false, ""call_count"": 3, ""callback"": false, ""calloc"": false, ""conditional_compilation"": false, ""explicit_abi_boundary"": false, ""extern_declaration"": false, ""extern_or_abi_boundary"": false, ""flexible_array"": false, ""free"": false, ""function_pointer"": false, ""generated_source"": false, ""global_read"": false, ""global_write"": false, ""goto"": false, ""lexical_ambiguity"": false, ""longjmp"": false, ""macro_density"": 0.0, ""macro_generated_declaration"": false, ""macro_use"": false, ""malloc"": false, ""memcpy"": false, ""memmove"": false, ""memset"": false, ""mutable_global"": false, ""parameter_count"": 2, ""platform_specific"": false, ""pointer_arithmetic"": false, ""pointer_count"": 0, ""pointer_to_pointer"": false, ""raw_pointer_parameter"": false, ""raw_pointer_return"": false, ""realloc"": false, ""setjmp"": false, ""static_local"": false, ""syscall"": false, ""third_party"": false, ""union"": false, ""va_list"": false, ""variadic"": false, ""void_pointer"": false}",TRIVIAL,no_significant_detected_blocker,[],medium
2,poco-net,a2cf8ccfc48e858d0af493d58e695c5475bc6780,Net/src/HTTPCookie.cpp,105,113,function,if,9,"{""bitfield"": false, ""branch_complexity_proxy"": 4, ""c_array"": false, ""call_count"": 8, ""callback"": false, ""calloc"": false, ""conditional_compilation"": false, ""explicit_abi_boundary"": false, ""extern_declaration"": false, ""extern_or_abi_boundary"": false, ""flexible_array"": false, ""free"": false, ""function_pointer"": false, ""generated_source"": false, ""global_read"": false, ""global_write"": false, ""goto"": false, ""lexical_ambiguity"": false, ""longjmp"": false, ""macro_density"": 0.0, ""macro_generated_declaration"": false, ""macro_use"": false, ""malloc"": false, ""memcpy"": false, ""memmove"": false, ""memset"": false, ""mutable_global"": false, ""parameter_count"": 2, ""platform_specific"": false, ""pointer_arithmetic"": false, ""pointer_count"": 0, ""pointer_to_pointer"": false, ""raw_pointer_parameter"": false, ""raw_pointer_return"": false, ""realloc"": false, ""setjmp"": false, ""static_local"": false, ""syscall"": false, ""third_party"": false, ""union"": false, ""va_list"": false, ""variadic"": false, ""void_pointer"": false}",TRIVIAL,no_significant_detected_blocker,[],medium
2,poco-net,a2cf8ccfc48e858d0af493d58e695c5475bc6780,Net/src/HTTPCookie.cpp,114,117,function,if,4,"{""bitfield"": false, ""branch_complexity_proxy"": 1, ""c_array"": false, ""call_count"": 3, ""callback"": false, ""calloc"": false, ""conditional_compilation"": false, ""explicit_abi_boundary"": false, ""extern_declaration"": false, ""extern_or_abi_boundary"": false, ""flexible_array"": false, ""free"": false, ""function_pointer"": false, ""generated_source"": false, ""global_read"": false, ""global_write"": false, ""goto"": false, ""lexical_ambiguity"": false, ""longjmp"": false, ""macro_density"": 0.0, ""macro_generated_declaration"": false, ""macro_use"": false, ""malloc"": false, ""memcpy"": false, ""memmove"": false, ""memset"": false, ""mutable_global"": false, ""parameter_count"": 2, ""platform_specific"": false, ""pointer_arithmetic"": false, ""pointer_count"": 0, ""pointer_to_pointer"": false, ""raw_pointer_parameter"": false, ""raw_pointer_return"": false, ""realloc"": false, ""setjmp"": false, ""static_local"": false, ""syscall"": false, ""third_party"": false, ""union"": false, ""va_list"": false, ""variadic"": false, ""void_pointer"": false}",TRIVIAL,no_significant_detected_blocker,[],medium
2,poco-net,a2cf8ccfc48e858d0af493d58e695c5475bc6780,Net/src/HTTPCookie.cpp,118,121,function,if,4,"{""bitfield"": false, ""branch_complexity_proxy"": 1, ""c_array"": false, ""call_count"": 3, ""callback"": false, ""calloc"": false, ""conditional_compilation"": false, ""explicit_abi_boundary"": false, ""extern_declaration"": false, ""extern_or_abi_boundary"": false, ""flexible_array"": false, ""free"": false, ""function_pointer"": false, ""generated_source"": false, ""global_read"": false, ""global_write"": false, ""goto"": false, ""lexical_ambiguity"": false, ""longjmp"": false, ""macro_density"": 0.0, ""macro_generated_declaration"": false, ""macro_use"": false, ""malloc"": false, ""memcpy"": false, ""memmove"": false, ""memset"": false, ""mutable_global"": false, ""parameter_count"": 2, ""platform_specific"": false, ""pointer_arithmetic"": false, ""pointer_count"": 0, ""pointer_to_pointer"": false, ""raw_pointer_parameter"": false, ""raw_pointer_return"": false, ""realloc"": false, ""setjmp"": false, ""static_local"": false, ""syscall"": false, ""third_party"": false, ""union"": false, ""va_list"": false, ""variadic"": false, ""void_pointer"": false}",TRIVIAL,no_significant_detected_blocker,[],medium
2,poco-net,a2cf8ccfc48e858d0af493d58e695c5475bc6780,Net/src/HTTPCookie.cpp,122,126,function,if,5,"{""bitfield"": false, ""branch_complexity_proxy"": 1, ""c_array"": false, ""call_count"": 4, ""callback"": false, ""calloc"": false, ""conditional_compilation"": false, ""explicit_abi_boundary"": false, ""extern_declaration"": false, ""extern_or_abi_boundary"": false, ""flexible_array"": false, ""free"": false, ""function_pointer"": false, ""generated_source"": false, ""global_read"": false, ""global_write"": false, ""goto"": false, ""lexical_ambiguity"": false, ""longjmp"": false, ""macro_density"": 0.0, ""macro_generated_declaration"": false, ""macro_use"": false, ""malloc"": false, ""memcpy"": false, ""memmove"": false, ""memset"": false, ""mutable_global"": false, ""parameter_count"": 1, ""platform_specific"": false, ""pointer_arithmetic"": false, ""pointer_count"": 0, ""pointer_to_pointer"": false, ""raw_pointer_parameter"": false, ""raw_pointer_return"": false, ""realloc"": false, ""setjmp"": false, ""static_local"": false, ""syscall"": false, ""third_party"": false, ""union"": false, ""va_list"": false, ""variadic"": false, ""void_pointer"": false}",TRIVIAL,no_significant_detected_blocker,[],medium
2,poco-net,a2cf8ccfc48e858d0af493d58e695c5475bc6780,Net/src/HTTPCredentials.cpp,90,94,function,if,5,"{""bitfield"": false, ""branch_complexity_proxy"": 1, ""c_array"": false, ""call_count"": 5, ""callback"": false, ""calloc"": false, ""conditional_compilation"": false, ""explicit_abi_boundary"": false, ""extern_declaration"": false, ""extern_or_abi_boundary"": false, ""flexible_array"": false, ""free"": false, ""function_pointer"": false, ""generated_source"": false, ""global_read"": false, ""global_write"": false, ""goto"": false, ""lexical_ambiguity"": false, ""longjmp"": false, ""macro_density"": 0.0, ""macro_generated_declaration"": false, ""macro_use"": false, ""malloc"": false, ""memcpy"": false, ""memmove"": false, ""memset"": false, ""mutable_global"": false, ""parameter_count"": 1, ""platform_specific"": false, ""pointer_arithmetic"": false, ""pointer_count"": 0, ""pointer_to_pointer"": false, ""raw_pointer_parameter"": false, ""raw_pointer_return"": false, ""realloc"": false, ""setjmp"": false, ""static_local"": false, ""syscall"": false, ""third_party"": false, ""union"": false, ""va_list"": false, ""variadic"": false, ""void_pointer"": false}",TRIVIAL,no_significant_detected_blocker,[],medium
2,poco-net,a2cf8ccfc48e858d0af493d58e695c5475bc6780,Net/src/HTTPCredentials.cpp,95,105,function,if,11,"{""bitfield"": false, ""branch_complexity_proxy"": 2, ""c_array"": false, ""call_count"": 13, ""callback"": false, ""calloc"": false, ""conditional_compilation"": false, ""explicit_abi_boundary"": false, ""extern_declaration"": false, ""extern_or_abi_boundary"": false, ""flexible_array"": false, ""free"": false, ""function_pointer"": false, ""generated_source"": false, ""global_read"": false, ""global_write"": false, ""goto"": false, ""lexical_ambiguity"": false, ""longjmp"": false, ""macro_density"": 0.0, ""macro_generated_declaration"": false, ""macro_use"": false, ""malloc"": false, ""memcpy"": false, ""memmove"": false, ""memset"": false, ""mutable_global"": false, ""parameter_count"": 1, ""platform_specific"": false, ""pointer_arithmetic"": false, ""pointer_count"": 0, ""pointer_to_pointer"": false, ""raw_pointer_parameter"": false, ""raw_pointer_return"": false, ""realloc"": false, ""setjmp"": false, ""static_local"": false, ""syscall"": false, ""third_party"": false, ""union"": false, ""va_list"": false, ""variadic"": false, ""void_pointer"": false}",TRIVIAL,no_significant_detected_blocker,[],medium
2,poco-net,a2cf8ccfc48e858d0af493d58e695c5475bc6780,Net/src/HTTPCredentials.cpp,120,123,function,if,4,"{""bitfield"": false, ""branch_complexity_proxy"": 1, ""c_array"": false, ""call_count"": 3, ""callback"": false, ""calloc"": false, ""conditional_compilation"": false, ""explicit_abi_boundary"": false, ""extern_declaration"": false, ""extern_or_abi_boundary"": false, ""flexible_array"": false, ""free"": false, ""function_pointer"": false, ""generated_source"": false, ""global_read"": false, ""global_write"": false, ""goto"": false, ""lexical_ambiguity"": false, ""longjmp"": false, ""macro_density"": 0.0, ""macro_generated_declaration"": false, ""macro_use"": false, ""malloc"": false, ""memcpy"": false, ""memmove"": false, ""memset"": false, ""mutable_global"": false, ""parameter_count"": 1, ""platform_specific"": false, ""pointer_arithmetic"": false, ""pointer_count"": 0, ""pointer_to_pointer"": false, ""raw_pointer_parameter"": false, ""raw_pointer_return"": false, ""realloc"": false, ""setjmp"": false, ""static_local"": false, ""syscall"": false, ""third_party"": false, ""union"": false, ""va_list"": false, ""variadic"": false, ""void_pointer"": false}",TRIVIAL,no_significant_detected_blocker,[],medium
2,poco-net,a2cf8ccfc48e858d0af493d58e695c5475bc6780,Net/src/HTTPCredentials.cpp,124,127,function,if,4,"{""bitfield"": false, ""branch_complexity_proxy"": 1, ""c_array"": false, ""call_count"": 3, ""callback"": false, ""calloc"": false, ""conditional_compilation"": false, ""explicit_abi_boundary"": false, ""extern_declaration"": false, ""extern_or_abi_boundary"": false, ""flexible_array"": false, ""free"": false, ""function_pointer"": false, ""generated_source"": false, ""global_read"": false, ""global_write"": false, ""goto"": false, ""lexical_ambiguity"": false, ""longjmp"": false, ""macro_density"": 0.0, ""macro_generated_declaration"": false, ""macro_use"": false, ""malloc"": false, ""memcpy"": false, ""memmove"": false, ""memset"": false, ""mutable_global"": false, ""parameter_count"": 1, ""platform_specific"": false, ""pointer_arithmetic"": false, ""pointer_count"": 0, ""pointer_to_pointer"": false, ""raw_pointer_parameter"": false, ""raw_pointer_return"": false, ""realloc"": false, ""setjmp"": false, ""static_local"": false, ""syscall"": false, ""third_party"": false, ""union"": false, ""va_list"": false, ""variadic"": false, ""void_pointer"": false}",TRIVIAL,no_significant_detected_blocker,[],medium
2,poco-net,a2cf8ccfc48e858d0af493d58e695c5475bc6780,Net/src/HTTPCredentials.cpp,141,145,function,if,5,"{""bitfield"": false, ""branch_complexity_proxy"": 1, ""c_array"": false, ""call_count"": 5, ""callback"": false, ""calloc"": false, ""conditional_compilation"": false, ""explicit_abi_boundary"": false, ""extern_declaration"": false, ""extern_or_abi_boundary"": false, ""flexible_array"": false, ""free"": false, ""function_pointer"": false, ""generated_source"": false, ""global_read"": false, ""global_write"": false, ""goto"": false, ""lexical_ambiguity"": false, ""longjmp"": false, ""macro_density"": 0.0, ""macro_generated_declaration"": false, ""macro_use"": false, ""malloc"": false, ""memcpy"": false, ""memmove"": false, ""memset"": false, ""mutable_global"": false, ""parameter_count"": 1, ""platform_specific"": false, ""pointer_arithmetic"": false, ""pointer_count"": 0, ""pointer_to_pointer"": false, ""raw_pointer_parameter"": false, ""raw_pointer_return"": false, ""realloc"": false, ""setjmp"": false, ""static_local"": false, ""syscall"": false, ""third_party"": false, ""union"": false, ""va_list"": false, ""variadic"": false, ""void_pointer"": false}",TRIVIAL,no_significant_detected_blocker,[],medium
2,poco-net,a2cf8ccfc48e858d0af493d58e695c5475bc6780,Net/src/HTTPCredentials.cpp,146,152,function,if,7,"{""bitfield"": false, ""branch_complexity_proxy"": 1, ""c_array"": false, ""call_count"": 8, ""callback"": false, ""calloc"": false, ""conditional_compilation"": false, ""explicit_abi_boundary"": false, ""extern_declaration"": false, ""extern_or_abi_boundary"": false, ""flexible_array"": false, ""free"": false, ""function_pointer"": false, ""generated_source"": false, ""global_read"": false, ""global_write"": false, ""goto"": false, ""lexical_ambiguity"": false, ""longjmp"": false, ""macro_density"": 0.0, ""macro_generated_declaration"": false, ""macro_use"": false, ""malloc"": false, ""memcpy"": false, ""memmove"": false, ""memset"": false, ""mutable_global"": false, ""parameter_count"": 1, ""platform_specific"": false, ""pointer_arithmetic"": false, ""pointer_count"": 0, ""pointer_to_pointer"": false, ""raw_pointer_parameter"": false, ""raw_pointer_return"": false, ""realloc"": false, ""setjmp"": false, ""static_local"": false, ""syscall"": false, ""third_party"": false, ""union"": false, ""va_list"": false, ""variadic"": false, ""void_pointer"": false}",TRIVIAL,no_significant_detected_blocker,[],medium
2,poco-net,a2cf8ccfc48e858d0af493d58e695c5475bc6780,Net/src/HTTPCredentials.cpp,167,170,function,if,4,"{""bitfield"": false, ""branch_complexity_proxy"": 1, ""c_array"": false, ""call_count"": 3, ""callback"": false, ""calloc"": false, ""conditional_compilation"": false, ""explicit_abi_boundary"": false, ""extern_declaration"": false, ""extern_or_abi_boundary"": false, ""flexible_array"": false, ""free"": false, ""function_pointer"": false, ""generated_source"": false, ""global_read"": false, ""global_write"": false, ""goto"": false, ""lexical_ambiguity"": false, ""longjmp"": false, ""macro_density"": 0.0, ""macro_generated_declaration"": false, ""macro_use"": false, ""malloc"": false, ""memcpy"": false, ""memmove"": false, ""memset"": false, ""mutable_global"": false, ""parameter_count"": 1, ""platform_specific"": false, ""pointer_arithmetic"": false, ""pointer_count"": 0, ""pointer_to_pointer"": false, ""raw_pointer_parameter"": false, ""raw_pointer_return"": false, ""realloc"": false, ""setjmp"": false, ""static_local"": false, ""syscall"": false, ""third_party"": false, ""union"": false, ""va_list"": false, ""variadic"": false, ""void_pointer"": false}",TRIVIAL,no_significant_detected_blocker,[],medium
2,poco-net,a2cf8ccfc48e858d0af493d58e695c5475bc6780,Net/src/HTTPCredentials.cpp,171,174,function,if,4,"{""bitfield"": false, ""branch_complexity_proxy"": 1, ""c_array"": false, ""call_count"": 3, ""callback"": false, ""calloc"": false, ""conditional_compilation"": false, ""explicit_abi_boundary"": false, ""extern_declaration"": false, ""extern_or_abi_boundary"": false, ""flexible_array"": false, ""free"": false, ""function_pointer"": false, ""generated_source"": false, ""global_read"": false, ""global_write"": false, ""goto"": false, ""lexical_ambiguity"": false, ""longjmp"": false, ""macro_density"": 0.0, ""macro_generated_declaration"": false, ""macro_use"": false, ""malloc"": false, ""memcpy"": false, ""memmove"": false, ""memset"": false, ""mutable_global"": false, ""parameter_count"": 1, ""platform_specific"": false, ""pointer_arithmetic"": false, ""pointer_count"": 0, ""pointer_to_pointer"": false, ""raw_pointer_parameter"": false, ""raw_pointer_return"": false, ""realloc"": false, ""setjmp"": false, ""static_local"": false, ""syscall"": false, ""third_party"": false, ""union"": false, ""va_list"": false, ""variadic"": false, ""void_pointer"": false}",TRIVIAL,no_significant_detected_blocker,[],medium
2,poco-net,a2cf8ccfc48e858d0af493d58e695c5475bc6780,Net/src/HTTPDigestCredentials.cpp,129,132,function,if,4,"{""bitfield"": false, ""branch_complexity_proxy"": 1, ""c_array"": false, ""call_count"": 3, ""callback"": false, ""calloc"": false, ""conditional_compilation"": false, ""explicit_abi_boundary"": false, ""extern_declaration"": false, ""extern_or_abi_boundary"": false, ""flexible_array"": false, ""free"": false, ""function_pointer"": false, ""generated_source"": false, ""global_read"": false, ""global_write"": false, ""goto"": false, ""lexical_ambiguity"": false, ""longjmp"": false, ""macro_density"": 0.0, ""macro_generated_declaration"": false, ""macro_use"": false, ""malloc"": false, ""memcpy"": false, ""memmove"": false, ""memset"": false, ""mutable_global"": false, ""parameter_count"": 3, ""platform_specific"": false, ""pointer_arithmetic"": false, ""pointer_count"": 0, ""pointer_to_pointer"": false, ""raw_pointer_parameter"": false, ""raw_pointer_return"": false, ""realloc"": false, ""setjmp"": false, ""static_local"": false, ""syscall"": false, ""third_party"": false, ""union"": false, ""va_list"": false, ""variadic"": false, ""void_pointer"": false}",TRIVIAL,no_significant_detected_blocker,[],medium
2,poco-net,a2cf8ccfc48e858d0af493d58e695c5475bc6780,Net/src/HTTPDigestCredentials.cpp,133,136,function,if,4,"{""bitfield"": false, ""branch_complexity_proxy"": 1, ""c_array"": false, ""call_count"": 3, ""callback"": false, ""calloc"": false, ""conditional_compilation"": false, ""explicit_abi_boundary"": false, ""extern_declaration"": false, ""extern_or_abi_boundary"": false, ""flexible_array"": false, ""free"": false, ""function_pointer"": false, ""generated_source"": false, ""global_read"": false, ""global_write"": false, ""goto"": false, ""lexical_ambiguity"": false, ""longjmp"": false, ""macro_density"": 0.0, ""macro_generated_declaration"": false, ""macro_use"": false, ""malloc"": false, ""memcpy"": false, ""memmove"": false, ""memset"": false, ""mutable_global"": false, ""parameter_count"": 3, ""platform_specific"": false, ""pointer_arithmetic"": false, ""pointer_count"": 0, ""pointer_to_pointer"": false, ""raw_pointer_parameter"": false, ""raw_pointer_return"": false, ""realloc"": false, ""setjmp"": false, ""static_local"": false, ""syscall"": false, ""third_party"": false, ""union"": false, ""va_list"": false, ""variadic"": false, ""void_pointer"": false}",TRIVIAL,no_significant_detected_blocker,[],medium
2,poco-net,a2cf8ccfc48e858d0af493d58e695c5475bc6780,Net/src/HTTPDigestCredentials.cpp,143,146,function,isSessionAlgorithm,4,"{""bitfield"": false, ""branch_complexity_proxy"": 0, ""c_array"": false, ""call_count"": 1, ""callback"": false, ""calloc"": false, ""conditional_compilation"": false, ""explicit_abi_boundary"": false, ""extern_declaration"": false, ""extern_or_abi_boundary"": false, ""flexible_array"": false, ""free"": false, ""function_pointer"": false, ""generated_source"": false, ""global_read"": false, ""global_write"": false, ""goto"": false, ""lexical_ambiguity"": false, ""longjmp"": false, ""macro_density"": 0.0, ""macro_generated_declaration"": false, ""macro_use"": false, ""malloc"": false, ""memcpy"": false, ""memmove"": false, ""memset"": false, ""mutable_global"": false, ""parameter_count"": 0, ""platform_specific"": false, ""pointer_arithmetic"": false, ""pointer_count"": 0, ""pointer_to_pointer"": false, ""raw_pointer_parameter"": false, ""raw_pointer_return"": false, ""realloc"": false, ""setjmp"": false, ""static_local"": false, ""syscall"": false, ""third_party"": false, ""union"": false, ""va_list"": false, ""variadic"": false, ""void_pointer"": false}",TRIVIAL,no_significant_detected_blocker,[],medium
2,poco-net,a2cf8ccfc48e858d0af493d58e695c5475bc6780,Net/src/HTTPDigestCredentials.cpp,327,352,function,if,26,"{""bitfield"": false, ""branch_complexity_proxy"": 3, ""c_array"": false, ""call_count"": 22, ""callback"": false, ""calloc"": false, ""conditional_compilation"": false, ""explicit_abi_boundary"": false, ""extern_declaration"": false, ""extern_or_abi_boundary"": false, ""flexible_array"": false, ""free"": false, ""function_pointer"": false, ""generated_source"": false, ""global_read"": false, ""global_write"": false, ""goto"": false, ""lexical_ambiguity"": false, ""longjmp"": false, ""macro_density"": 0.0, ""macro_generated_declaration"": false, ""macro_use"": false, ""malloc"": false, ""memcpy"": false, ""memmove"": false, ""memset"": false, ""mutable_global"": false, ""parameter_count"": 2, ""platform_specific"": false, ""pointer_arithmetic"": false, ""pointer_count"": 0, ""pointer_to_pointer"": false, ""raw_pointer_parameter"": false, ""raw_pointer_return"": false, ""realloc"": false, ""setjmp"": false, ""static_local"": false, ""syscall"": false, ""third_party"": false, ""union"": false, ""va_list"": false, ""variadic"": false, ""void_pointer"": false}",TRIVIAL,no_significant_detected_blocker,[],medium
2,poco-net,a2cf8ccfc48e858d0af493d58e695c5475bc6780,Net/src/HTTPDigestCredentials.cpp,377,399,function,if,23,"{""bitfield"": false, ""branch_complexity_proxy"": 3, ""c_array"": false, ""call_count"": 18, ""callback"": false, ""calloc"": false, ""conditional_compilation"": false, ""explicit_abi_boundary"": false, ""extern_declaration"": false, ""extern_or_abi_boundary"": false, ""flexible_array"": false, ""free"": false, ""function_pointer"": false, ""generated_source"": false, ""global_read"": false, ""global_write"": false, ""goto"": false, ""lexical_ambiguity"": false, ""longjmp"": false, ""macro_density"": 0.0, ""macro_generated_declaration"": false, ""macro_use"": false, ""malloc"": false, ""memcpy"": false, ""memmove"": false, ""memset"": false, ""mutable_global"": false, ""parameter_count"": 2, ""platform_specific"": false, ""pointer_arithmetic"": false, ""pointer_count"": 0, ""pointer_to_pointer"": false, ""raw_pointer_parameter"": false, ""raw_pointer_return"": false, ""realloc"": false, ""setjmp"": false, ""static_local"": false, ""syscall"": false, ""third_party"": false, ""union"": false, ""va_list"": false, ""variadic"": false, ""void_pointer"": false}",TRIVIAL,no_significant_detected_blocker,[],medium
2,poco-net,a2cf8ccfc48e858d0af493d58e695c5475bc6780,Net/src/HTTPReactorServerSession.cpp,39,39,enum,State,1,"{""bitfield"": false, ""branch_complexity_proxy"": 0, ""c_array"": false, ""call_count"": 0, ""callback"": false, ""calloc"": false, ""conditional_compilation"": false, ""explicit_abi_boundary"": false, ""extern_declaration"": false, ""extern_or_abi_boundary"": false, ""flexible_array"": false, ""free"": false, ""function_pointer"": false, ""generated_source"": false, ""global_read"": false, ""global_write"": false, ""goto"": false, ""lexical_ambiguity"": false, ""longjmp"": false, ""macro_density"": 0.0, ""macro_generated_declaration"": false, ""macro_use"": false, ""malloc"": false, ""memcpy"": false, ""memmove"": false, ""memset"": false, ""mutable_global"": false, ""parameter_count"": 0, ""platform_specific"": false, ""pointer_arithmetic"": false, ""pointer_count"": 0, ""pointer_to_pointer"": false, ""raw_pointer_parameter"": false, ""raw_pointer_return"": false, ""realloc"": false, ""setjmp"": false, ""static_local"": false, ""syscall"": false, ""third_party"": false, ""union"": false, ""va_list"": false, ""variadic"": false, ""void_pointer"": false}",TRIVIAL,no_significant_detected_blocker,[],medium
2,poco-net,a2cf8ccfc48e858d0af493d58e695c5475bc6780,Net/src/HTTPServerResponseImpl.cpp,85,90,function,if,6,"{""bitfield"": false, ""branch_complexity_proxy"": 1, ""c_array"": false, ""call_count"": 6, ""callback"": false, ""calloc"": false, ""conditional_compilation"": false, ""explicit_abi_boundary"": false, ""extern_declaration"": false, ""extern_or_abi_boundary"": false, ""flexible_array"": false, ""free"": false, ""function_pointer"": false, ""generated_source"": false, ""global_read"": false, ""global_write"": false, ""goto"": false, ""lexical_ambiguity"": false, ""longjmp"": false, ""macro_density"": 0.0, ""macro_generated_declaration"": false, ""macro_use"": false, ""malloc"": false, ""memcpy"": false, ""memmove"": false, ""memset"": false, ""mutable_global"": false, ""parameter_count"": 1, ""platform_specific"": false, ""pointer_arithmetic"": false, ""pointer_count"": 0, ""pointer_to_pointer"": false, ""raw_pointer_parameter"": false, ""raw_pointer_return"": false, ""realloc"": false, ""setjmp"": false, ""static_local"": false, ""syscall"": true, ""third_party"": false, ""union"": false, ""va_list"": false, ""variadic"": false, ""void_pointer"": false}",TRIVIAL,no_significant_detected_blocker,"[""syscall""]",medium
2,poco-net,a2cf8ccfc48e858d0af493d58e695c5475bc6780,Net/src/HTTPServerResponseImpl.cpp,91,101,function,if,11,"{""bitfield"": false, ""branch_complexity_proxy"": 2, ""c_array"": false, ""call_count"": 11, ""callback"": false, ""calloc"": false, ""conditional_compilation"": false, ""explicit_abi_boundary"": false, ""extern_declaration"": false, ""extern_or_abi_boundary"": false, ""flexible_array"": false, ""free"": false, ""function_pointer"": true, ""generated_source"": false, ""global_read"": false, ""global_write"": false, ""goto"": false, ""lexical_ambiguity"": false, ""longjmp"": false, ""macro_density"": 0.272727, ""macro_generated_declaration"": false, ""macro_use"": false, ""malloc"": false, ""memcpy"": false, ""memmove"": false, ""memset"": false, ""mutable_global"": false, ""parameter_count"": 1, ""platform_specific"": false, ""pointer_arithmetic"": false, ""pointer_count"": 1, ""pointer_to_pointer"": false, ""raw_pointer_parameter"": false, ""raw_pointer_return"": false, ""realloc"": false, ""setjmp"": false, ""static_local"": false, ""syscall"": true, ""third_party"": false, ""union"": false, ""va_list"": false, ""variadic"": false, ""void_pointer"": false}",NEEDS_TRANSPILER,function_pointer,[],medium
2,poco-net,a2cf8ccfc48e858d0af493d58e695c5475bc6780,Net/src/HTTPServerSession.cpp,47,52,function,if,6,"{""bitfield"": false, ""branch_complexity_proxy"": 2, ""c_array"": false, ""call_count"": 6, ""callback"": false, ""calloc"": false, ""conditional_compilation"": false, ""explicit_abi_boundary"": false, ""extern_declaration"": false, ""extern_or_abi_boundary"": false, ""flexible_array"": false, ""free"": false, ""function_pointer"": false, ""generated_source"": false, ""global_read"": false, ""global_write"": false, ""goto"": false, ""lexical_ambiguity"": false, ""longjmp"": false, ""macro_density"": 0.0, ""macro_generated_declaration"": false, ""macro_use"": false, ""malloc"": false, ""memcpy"": false, ""memmove"": false, ""memset"": false, ""mutable_global"": false, ""parameter_count"": 1, ""platform_specific"": false, ""pointer_arithmetic"": false, ""pointer_count"": 0, ""pointer_to_pointer"": false, ""raw_pointer_parameter"": false, ""raw_pointer_return"": false, ""realloc"": false, ""setjmp"": false, ""static_local"": false, ""syscall"": false, ""third_party"": false, ""union"": false, ""va_list"": false, ""variadic"": false, ""void_pointer"": false}",TRIVIAL,no_significant_detected_blocker,[],medium
2,poco-net,a2cf8ccfc48e858d0af493d58e695c5475bc6780,Net/src/HTTPStreamFactory.cpp,139,142,function,if,4,"{""bitfield"": false, ""branch_complexity_proxy"": 1, ""c_array"": false, ""call_count"": 3, ""callback"": false, ""calloc"": false, ""conditional_compilation"": false, ""explicit_abi_boundary"": false, ""extern_declaration"": false, ""extern_or_abi_boundary"": false, ""flexible_array"": false, ""free"": false, ""function_pointer"": false, ""generated_source"": false, ""global_read"": false, ""global_write"": false, ""goto"": false, ""lexical_ambiguity"": false, ""longjmp"": false, ""macro_density"": 0.0, ""macro_generated_declaration"": false, ""macro_use"": false, ""malloc"": false, ""memcpy"": false, ""memmove"": false, ""memset"": false, ""mutable_global"": false, ""parameter_count"": 1, ""platform_specific"": false, ""pointer_arithmetic"": false, ""pointer_count"": 0, ""pointer_to_pointer"": false, ""raw_pointer_parameter"": false, ""raw_pointer_return"": false, ""realloc"": false, ""setjmp"": false, ""static_local"": false, ""syscall"": false, ""third_party"": false, ""union"": false, ""va_list"": false, ""variadic"": false, ""void_pointer"": false}",TRIVIAL,no_significant_detected_blocker,[],medium
2,poco-net,a2cf8ccfc48e858d0af493d58e695c5475bc6780,Net/src/HTTPStreamFactory.cpp,143,154,function,if,12,"{""bitfield"": false, ""branch_complexity_proxy"": 1, ""c_array"": false, ""call_count"": 4, ""callback"": false, ""calloc"": false, ""conditional_compilation"": false, ""explicit_abi_boundary"": false, ""extern_declaration"": false, ""extern_or_abi_boundary"": false, ""flexible_array"": false, ""free"": false, ""function_pointer"": false, ""generated_source"": false, ""global_read"": false, ""global_write"": false, ""goto"": false, ""lexical_ambiguity"": false, ""longjmp"": false, ""macro_density"": 0.0, ""macro_generated_declaration"": false, ""macro_use"": false, ""malloc"": false, ""memcpy"": false, ""memmove"": false, ""memset"": false, ""mutable_global"": false, ""parameter_count"": 1, ""platform_specific"": false, ""pointer_arithmetic"": false, ""pointer_count"": 0, ""pointer_to_pointer"": false, ""raw_pointer_parameter"": false, ""raw_pointer_return"": false, ""realloc"": false, ""setjmp"": false, ""static_local"": false, ""syscall"": false, ""third_party"": false, ""union"": false, ""va_list"": false, ""variadic"": false, ""void_pointer"": false}",TRIVIAL,no_significant_detected_blocker,[],medium
2,poco-net,a2cf8ccfc48e858d0af493d58e695c5475bc6780,Net/src/HTTPStreamFactory.cpp,155,161,function,if,7,"{""bitfield"": false, ""branch_complexity_proxy"": 1, ""c_array"": false, ""call_count"": 3, ""callback"": false, ""calloc"": false, ""conditional_compilation"": false, ""explicit_abi_boundary"": false, ""extern_declaration"": false, ""extern_or_abi_boundary"": false, ""flexible_array"": false, ""free"": false, ""function_pointer"": false, ""generated_source"": false, ""global_read"": false, ""global_write"": false, ""goto"": false, ""lexical_ambiguity"": false, ""longjmp"": false, ""macro_density"": 0.0, ""macro_generated_declaration"": false, ""macro_use"": false, ""malloc"": false, ""memcpy"": false, ""memmove"": false, ""memset"": false, ""mutable_global"": false, ""parameter_count"": 1, ""platform_specific"": false, ""pointer_arithmetic"": false, ""pointer_count"": 0, ""pointer_to_pointer"": false, ""raw_pointer_parameter"": false, ""raw_pointer_return"": false, ""realloc"": false, ""setjmp"": false, ""static_local"": false, ""syscall"": false, ""third_party"": false, ""union"": false, ""va_list"": false, ""variadic"": false, ""void_pointer"": false}",TRIVIAL,no_significant_detected_blocker,[],medium
2,poco-net,a2cf8ccfc48e858d0af493d58e695c5475bc6780,Net/src/HostEntry.cpp,25,33,function,removeDuplicates,9,"{""bitfield"": false, ""branch_complexity_proxy"": 0, ""c_array"": false, ""call_count"": 7, ""callback"": false, ""calloc"": false, ""conditional_compilation"": false, ""explicit_abi_boundary"": false, ""extern_declaration"": false, ""extern_or_abi_boundary"": false, ""flexible_array"": false, ""free"": false, ""function_pointer"": false, ""generated_source"": false, ""global_read"": false, ""global_write"": false, ""goto"": false, ""lexical_ambiguity"": false, ""longjmp"": false, ""macro_density"": 0.0, ""macro_generated_declaration"": false, ""macro_use"": false, ""malloc"": false, ""memcpy"": false, ""memmove"": false, ""memset"": false, ""mutable_global"": false, ""parameter_count"": 1, ""platform_specific"": false, ""pointer_arithmetic"": false, ""pointer_count"": 0, ""pointer_to_pointer"": false, ""raw_pointer_parameter"": false, ""raw_pointer_return"": false, ""realloc"": false, ""setjmp"": false, ""static_local"": false, ""syscall"": false, ""third_party"": false, ""union"": false, ""va_list"": false, ""variadic"": false, ""void_pointer"": false}",TRIVIAL,no_significant_detected_blocker,[],medium
2,poco-net,a2cf8ccfc48e858d0af493d58e695c5475bc6780,Net/src/ICMPPacket.cpp,85,88,struct,timeval,4,"{""bitfield"": false, ""branch_complexity_proxy"": 0, ""c_array"": false, ""call_count"": 2, ""callback"": false, ""calloc"": false, ""conditional_compilation"": false, ""explicit_abi_boundary"": false, ""extern_declaration"": false, ""extern_or_abi_boundary"": false, ""flexible_array"": false, ""free"": false, ""function_pointer"": false, ""generated_source"": false, ""global_read"": false, ""global_write"": false, ""goto"": false, ""lexical_ambiguity"": false, ""longjmp"": false, ""macro_density"": 0.0, ""macro_generated_declaration"": false, ""macro_use"": false, ""malloc"": false, ""memcpy"": false, ""memmove"": false, ""memset"": false, ""mutable_global"": false, ""parameter_count"": 0, ""platform_specific"": false, ""pointer_arithmetic"": false, ""pointer_count"": 1, ""pointer_to_pointer"": false, ""raw_pointer_parameter"": false, ""raw_pointer_return"": false, ""realloc"": false, ""setjmp"": false, ""static_local"": false, ""syscall"": false, ""third_party"": false, ""union"": false, ""va_list"": false, ""variadic"": false, ""void_pointer"": false}",TRIVIAL,no_significant_detected_blocker,[],medium
2,poco-net,a2cf8ccfc48e858d0af493d58e695c5475bc6780,Net/src/ICMPv4PacketImpl.cpp,146,163,struct,timeval,18,"{""bitfield"": false, ""branch_complexity_proxy"": 2, ""c_array"": false, ""call_count"": 12, ""callback"": false, ""calloc"": false, ""conditional_compilation"": false, ""explicit_abi_boundary"": false, ""extern_declaration"": false, ""extern_or_abi_boundary"": false, ""flexible_array"": false, ""free"": false, ""function_pointer"": false, ""generated_source"": false, ""global_read"": false, ""global_write"": false, ""goto"": false, ""lexical_ambiguity"": false, ""longjmp"": false, ""macro_density"": 0.0, ""macro_generated_declaration"": false, ""macro_use"": false, ""malloc"": false, ""memcpy"": true, ""memmove"": false, ""memset"": false, ""mutable_global"": false, ""parameter_count"": 0, ""platform_specific"": false, ""pointer_arithmetic"": false, ""pointer_count"": 3, ""pointer_to_pointer"": false, ""raw_pointer_parameter"": false, ""raw_pointer_return"": false, ""realloc"": false, ""setjmp"": false, ""static_local"": false, ""syscall"": false, ""third_party"": false, ""union"": false, ""va_list"": false, ""variadic"": false, ""void_pointer"": false}",REFACTOR_THEN_DSL,memcpy,[],medium
2,poco-net,a2cf8ccfc48e858d0af493d58e695c5475bc6780,Net/src/IPAddress.cpp,134,139,function,if,6,"{""bitfield"": false, ""branch_complexity_proxy"": 1, ""c_array"": false, ""call_count"": 6, ""callback"": false, ""calloc"": false, ""conditional_compilation"": true, ""explicit_abi_boundary"": false, ""extern_declaration"": false, ""extern_or_abi_boundary"": false, ""flexible_array"": false, ""free"": false, ""function_pointer"": false, ""generated_source"": false, ""global_read"": false, ""global_write"": false, ""goto"": false, ""lexical_ambiguity"": false, ""longjmp"": false, ""macro_density"": 0.0, ""macro_generated_declaration"": false, ""macro_use"": false, ""malloc"": false, ""memcpy"": false, ""memmove"": false, ""memset"": false, ""mutable_global"": false, ""parameter_count"": 1, ""platform_specific"": false, ""pointer_arithmetic"": false, ""pointer_count"": 0, ""pointer_to_pointer"": false, ""raw_pointer_parameter"": false, ""raw_pointer_return"": false, ""realloc"": false, ""setjmp"": false, ""static_local"": false, ""syscall"": false, ""third_party"": false, ""union"": false, ""va_list"": false, ""variadic"": false, ""void_pointer"": false}",TRIVIAL,no_significant_detected_blocker,"[""conditional_compilation""]",medium
2,poco-net,a2cf8ccfc48e858d0af493d58e695c5475bc6780,Net/src/IPAddress.cpp,180,186,function,if,7,"{""bitfield"": false, ""branch_complexity_proxy"": 2, ""c_array"": false, ""call_count"": 4, ""callback"": false, ""calloc"": false, ""conditional_compilation"": true, ""explicit_abi_boundary"": false, ""extern_declaration"": false, ""extern_or_abi_boundary"": false, ""flexible_array"": false, ""free"": false, ""function_pointer"": false, ""generated_source"": false, ""global_read"": false, ""global_write"": false, ""goto"": false, ""lexical_ambiguity"": false, ""longjmp"": false, ""macro_density"": 0.0, ""macro_generated_declaration"": false, ""macro_use"": false, ""malloc"": false, ""memcpy"": false, ""memmove"": false, ""memset"": false, ""mutable_global"": false, ""parameter_count"": 1, ""platform_specific"": false, ""pointer_arithmetic"": false, ""pointer_count"": 0, ""pointer_to_pointer"": false, ""raw_pointer_parameter"": false, ""raw_pointer_return"": false, ""realloc"": false, ""setjmp"": false, ""static_local"": false, ""syscall"": false, ""third_party"": false, ""union"": false, ""va_list"": false, ""variadic"": false, ""void_pointer"": false}",TRIVIAL,no_significant_detected_blocker,"[""conditional_compilation""]",medium
2,poco-net,a2cf8ccfc48e858d0af493d58e695c5475bc6780,Net/src/IPAddress.cpp,427,433,function,if,7,"{""bitfield"": false, ""branch_complexity_proxy"": 1, ""c_array"": false, ""call_count"": 16, ""callback"": false, ""calloc"": false, ""conditional_compilation"": true, ""explicit_abi_boundary"": false, ""extern_declaration"": false, ""extern_or_abi_boundary"": false, ""flexible_array"": false, ""free"": false, ""function_pointer"": false, ""generated_source"": false, ""global_read"": false, ""global_write"": false, ""goto"": false, ""lexical_ambiguity"": false, ""longjmp"": false, ""macro_density"": 0.0, ""macro_generated_declaration"": false, ""macro_use"": false, ""malloc"": false, ""memcpy"": false, ""memmove"": false, ""memset"": false, ""mutable_global"": false, ""parameter_count"": 1, ""platform_specific"": false, ""pointer_arithmetic"": false, ""pointer_count"": 0, ""pointer_to_pointer"": false, ""raw_pointer_parameter"": false, ""raw_pointer_return"": false, ""realloc"": false, ""setjmp"": false, ""static_local"": false, ""syscall"": false, ""third_party"": false, ""union"": false, ""va_list"": false, ""variadic"": false, ""void_pointer"": false}",TRIVIAL,no_significant_detected_blocker,"[""conditional_compilation""]",medium
2,poco-net,a2cf8ccfc48e858d0af493d58e695c5475bc6780,Net/src/IPAddress.cpp,452,458,function,if,7,"{""bitfield"": false, ""branch_complexity_proxy"": 1, ""c_array"": false, ""call_count"": 16, ""callback"": false, ""calloc"": false, ""conditional_compilation"": true, ""explicit_abi_boundary"": false, ""extern_declaration"": false, ""extern_or_abi_boundary"": false, ""flexible_array"": false, ""free"": false, ""function_pointer"": false, ""generated_source"": false, ""global_read"": false, ""global_write"": false, ""goto"": false, ""lexical_ambiguity"": false, ""longjmp"": false, ""macro_density"": 0.0, ""macro_generated_declaration"": false, ""macro_use"": false, ""malloc"": false, ""memcpy"": false, ""memmove"": false, ""memset"": false, ""mutable_global"": false, ""parameter_count"": 1, ""platform_specific"": false, ""pointer_arithmetic"": false, ""pointer_count"": 0, ""pointer_to_pointer"": false, ""raw_pointer_parameter"": false, ""raw_pointer_return"": false, ""realloc"": false, ""setjmp"": false, ""static_local"": false, ""syscall"": false, ""third_party"": false, ""union"": false, ""va_list"": false, ""variadic"": false, ""void_pointer"": false}",TRIVIAL,no_significant_detected_blocker,"[""conditional_compilation""]",medium
2,poco-net,a2cf8ccfc48e858d0af493d58e695c5475bc6780,Net/src/IPAddress.cpp,477,483,function,if,7,"{""bitfield"": false, ""branch_complexity_proxy"": 1, ""c_array"": false, ""call_count"": 16, ""callback"": false, ""calloc"": false, ""conditional_compilation"": true, ""explicit_abi_boundary"": false, ""extern_declaration"": false, ""extern_or_abi_boundary"": false, ""flexible_array"": false, ""free"": false, ""function_pointer"": false, ""generated_source"": false, ""global_read"": false, ""global_write"": false, ""goto"": false, ""lexical_ambiguity"": false, ""longjmp"": false, ""macro_density"": 0.0, ""macro_generated_declaration"": false, ""macro_use"": false, ""malloc"": false, ""memcpy"": false, ""memmove"": false, ""memset"": false, ""mutable_global"": false, ""parameter_count"": 1, ""platform_specific"": false, ""pointer_arithmetic"": false, ""pointer_count"": 0, ""pointer_to_pointer"": false, ""raw_pointer_parameter"": false, ""raw_pointer_return"": false, ""realloc"": false, ""setjmp"": false, ""static_local"": false, ""syscall"": false, ""third_party"": false, ""union"": false, ""va_list"": false, ""variadic"": false, ""void_pointer"": false}",TRIVIAL,no_significant_detected_blocker,"[""conditional_compilation""]",medium
2,poco-net,a2cf8ccfc48e858d0af493d58e695c5475bc6780,Net/src/IPAddress.cpp,499,504,function,if,6,"{""bitfield"": false, ""branch_complexity_proxy"": 1, ""c_array"": false, ""call_count"": 11, ""callback"": false, ""calloc"": false, ""conditional_compilation"": true, ""explicit_abi_boundary"": false, ""extern_declaration"": false, ""extern_or_abi_boundary"": false, ""flexible_array"": false, ""free"": false, ""function_pointer"": false, ""generated_source"": false, ""global_read"": false, ""global_write"": false, ""goto"": false, ""lexical_ambiguity"": false, ""longjmp"": false, ""macro_density"": 0.0, ""macro_generated_declaration"": false, ""macro_use"": false, ""malloc"": false, ""memcpy"": false, ""memmove"": false, ""memset"": false, ""mutable_global"": false, ""parameter_count"": 1, ""platform_specific"": false, ""pointer_arithmetic"": false, ""pointer_count"": 0, ""pointer_to_pointer"": false, ""raw_pointer_parameter"": false, ""raw_pointer_return"": false, ""realloc"": false, ""setjmp"": false, ""static_local"": false, ""syscall"": false, ""third_party"": false, ""union"": false, ""va_list"": false, ""variadic"": false, ""void_pointer"": false}",TRIVIAL,no_significant_detected_blocker,"[""conditional_compilation""]",medium
2,poco-net,a2cf8ccfc48e858d0af493d58e695c5475bc6780,Net/src/IPAddressImpl.cpp,41,55,function,maskBits,15,"{""bitfield"": false, ""branch_complexity_proxy"": 2, ""c_array"": false, ""call_count"": 3, ""callback"": false, ""calloc"": false, ""conditional_compilation"": false, ""explicit_abi_boundary"": false, ""extern_declaration"": false, ""extern_or_abi_boundary"": false, ""flexible_array"": false, ""free"": false, ""function_pointer"": false, ""generated_source"": false, ""global_read"": false, ""global_write"": false, ""goto"": false, ""lexical_ambiguity"": false, ""longjmp"": false, ""macro_density"": 0.0, ""macro_generated_declaration"": false, ""macro_use"": false, ""malloc"": false, ""memcpy"": false, ""memmove"": false, ""memset"": false, ""mutable_global"": false, ""parameter_count"": 2, ""platform_specific"": false, ""pointer_arithmetic"": false, ""pointer_count"": 0, ""pointer_to_pointer"": false, ""raw_pointer_parameter"": false, ""raw_pointer_return"": false, ""realloc"": false, ""setjmp"": false, ""static_local"": false, ""syscall"": false, ""third_party"": false, ""union"": false, ""va_list"": false, ""variadic"": false, ""void_pointer"": false}",TRIVIAL,no_significant_detected_blocker,[],medium
2,poco-net,a2cf8ccfc48e858d0af493d58e695c5475bc6780,Net/src/MailMessage.cpp,74,131,function,handlePart,58,"{""bitfield"": false, ""branch_complexity_proxy"": 12, ""c_array"": false, ""call_count"": 31, ""callback"": false, ""calloc"": false, ""conditional_compilation"": false, ""explicit_abi_boundary"": false, ""extern_declaration"": false, ""extern_or_abi_boundary"": false, ""flexible_array"": false, ""free"": false, ""function_pointer"": false, ""generated_source"": false, ""global_read"": false, ""global_write"": false, ""goto"": false, ""lexical_ambiguity"": false, ""longjmp"": false, ""macro_density"": 0.0, ""macro_generated_declaration"": false, ""macro_use"": false, ""malloc"": false, ""memcpy"": false, ""memmove"": false, ""memset"": false, ""mutable_global"": false, ""parameter_count"": 2, ""platform_specific"": false, ""pointer_arithmetic"": false, ""pointer_count"": 1, ""pointer_to_pointer"": false, ""raw_pointer_parameter"": false, ""raw_pointer_return"": false, ""realloc"": false, ""setjmp"": false, ""static_local"": true, ""syscall"": false, ""third_party"": false, ""union"": false, ""va_list"": false, ""variadic"": false, ""void_pointer"": false}",REFACTOR_THEN_DSL,static_local,[],medium
2,poco-net,a2cf8ccfc48e858d0af493d58e695c5475bc6780,Net/src/MailMessage.cpp,168,174,function,handlePart,7,"{""bitfield"": false, ""branch_complexity_proxy"": 0, ""c_array"": false, ""call_count"": 3, ""callback"": false, ""calloc"": false, ""conditional_compilation"": false, ""explicit_abi_boundary"": false, ""extern_declaration"": false, ""extern_or_abi_boundary"": false, ""flexible_array"": false, ""free"": false, ""function_pointer"": false, ""generated_source"": false, ""global_read"": false, ""global_write"": false, ""goto"": false, ""lexical_ambiguity"": false, ""longjmp"": false, ""macro_density"": 0.0, ""macro_generated_declaration"": false, ""macro_use"": false, ""malloc"": false, ""memcpy"": false, ""memmove"": false, ""memset"": false, ""mutable_global"": false, ""parameter_count"": 2, ""platform_specific"": false, ""pointer_arithmetic"": false, ""pointer_count"": 0, ""pointer_to_pointer"": false, ""raw_pointer_parameter"": false, ""raw_pointer_return"": false, ""realloc"": false, ""setjmp"": false, ""static_local"": false, ""syscall"": false, ""third_party"": false, ""union"": false, ""va_list"": false, ""variadic"": false, ""void_pointer"": false}",TRIVIAL,no_significant_detected_blocker,[],medium
2,poco-net,a2cf8ccfc48e858d0af493d58e695c5475bc6780,Net/src/MailMessage.cpp,521,526,function,if,6,"{""bitfield"": false, ""branch_complexity_proxy"": 1, ""c_array"": false, ""call_count"": 4, ""callback"": false, ""calloc"": false, ""conditional_compilation"": false, ""explicit_abi_boundary"": false, ""extern_declaration"": false, ""extern_or_abi_boundary"": false, ""flexible_array"": false, ""free"": false, ""function_pointer"": false, ""generated_source"": false, ""global_read"": false, ""global_write"": false, ""goto"": false, ""lexical_ambiguity"": false, ""longjmp"": false, ""macro_density"": 0.0, ""macro_generated_declaration"": false, ""macro_use"": false, ""malloc"": false, ""memcpy"": false, ""memmove"": false, ""memset"": false, ""mutable_global"": false, ""parameter_count"": 2, ""platform_specific"": false, ""pointer_arithmetic"": false, ""pointer_count"": 0, ""pointer_to_pointer"": false, ""raw_pointer_parameter"": false, ""raw_pointer_return"": false, ""realloc"": false, ""setjmp"": false, ""static_local"": false, ""syscall"": false, ""third_party"": false, ""union"": false, ""va_list"": false, ""variadic"": false, ""void_pointer"": false}",TRIVIAL,no_significant_detected_blocker,[],medium
2,poco-net,a2cf8ccfc48e858d0af493d58e695c5475bc6780,Net/src/MailStream.cpp,154,158,function,if,5,"{""bitfield"": false, ""branch_complexity_proxy"": 1, ""c_array"": false, ""call_count"": 1, ""callback"": false, ""calloc"": false, ""conditional_compilation"": false, ""explicit_abi_boundary"": false, ""extern_declaration"": false, ""extern_or_abi_boundary"": false, ""flexible_array"": false, ""free"": false, ""function_pointer"": false, ""generated_source"": false, ""global_read"": false, ""global_write"": false, ""goto"": false, ""lexical_ambiguity"": false, ""longjmp"": false, ""macro_density"": 0.0, ""macro_generated_declaration"": false, ""macro_use"": false, ""malloc"": false, ""memcpy"": false, ""memmove"": false, ""memset"": false, ""mutable_global"": false, ""parameter_count"": 1, ""platform_specific"": false, ""pointer_arithmetic"": false, ""pointer_count"": 0, ""pointer_to_pointer"": false, ""raw_pointer_parameter"": false, ""raw_pointer_return"": false, ""realloc"": false, ""setjmp"": false, ""static_local"": false, ""syscall"": false, ""third_party"": false, ""union"": false, ""va_list"": false, ""variadic"": false, ""void_pointer"": false}",TRIVIAL,no_significant_detected_blocker,[],medium
2,poco-net,a2cf8ccfc48e858d0af493d58e695c5475bc6780,Net/src/MailStream.cpp,159,166,function,if,8,"{""bitfield"": false, ""branch_complexity_proxy"": 1, ""c_array"": false, ""call_count"": 6, ""callback"": false, ""calloc"": false, ""conditional_compilation"": false, ""explicit_abi_boundary"": false, ""extern_declaration"": false, ""extern_or_abi_boundary"": false, ""flexible_array"": false, ""free"": false, ""function_pointer"": false, ""generated_source"": false, ""global_read"": false, ""global_write"": false, ""goto"": false, ""lexical_ambiguity"": false, ""longjmp"": false, ""macro_density"": 0.0, ""macro_generated_declaration"": false, ""macro_use"": false, ""malloc"": false, ""memcpy"": false, ""memmove"": false, ""memset"": false, ""mutable_global"": false, ""parameter_count"": 1, ""platform_specific"": false, ""pointer_arithmetic"": false, ""pointer_count"": 0, ""pointer_to_pointer"": false, ""raw_pointer_parameter"": false, ""raw_pointer_return"": false, ""realloc"": false, ""setjmp"": false, ""static_local"": false, ""syscall"": true, ""third_party"": false, ""union"": false, ""va_list"": false, ""variadic"": false, ""void_pointer"": false}",TRIVIAL,no_significant_detected_blocker,"[""syscall""]",medium
2,poco-net,a2cf8ccfc48e858d0af493d58e695c5475bc6780,Net/src/MessageHeader.cpp,249,253,function,if,5,"{""bitfield"": false, ""branch_complexity_proxy"": 2, ""c_array"": false, ""call_count"": 2, ""callback"": false, ""calloc"": false, ""conditional_compilation"": false, ""explicit_abi_boundary"": false, ""extern_declaration"": false, ""extern_or_abi_boundary"": false, ""flexible_array"": false, ""free"": false, ""function_pointer"": false, ""generated_source"": false, ""global_read"": false, ""global_write"": false, ""goto"": false, ""lexical_ambiguity"": false, ""longjmp"": false, ""macro_density"": 0.0, ""macro_generated_declaration"": false, ""macro_use"": false, ""malloc"": false, ""memcpy"": false, ""memmove"": false, ""memset"": false, ""mutable_global"": false, ""parameter_count"": 1, ""platform_specific"": false, ""pointer_arithmetic"": false, ""pointer_count"": 2, ""pointer_to_pointer"": false, ""raw_pointer_parameter"": true, ""raw_pointer_return"": false, ""realloc"": false, ""setjmp"": false, ""static_local"": false, ""syscall"": false, ""third_party"": false, ""union"": false, ""va_list"": false, ""variadic"": false, ""void_pointer"": false}",TRIVIAL,no_significant_detected_blocker,"[""raw_pointer_parameter""]",medium
2,poco-net,a2cf8ccfc48e858d0af493d58e695c5475bc6780,Net/src/MessageHeader.cpp,254,261,function,if,8,"{""bitfield"": false, ""branch_complexity_proxy"": 2, ""c_array"": false, ""call_count"": 6, ""callback"": false, ""calloc"": false, ""conditional_compilation"": false, ""explicit_abi_boundary"": false, ""extern_declaration"": false, ""extern_or_abi_boundary"": false, ""flexible_array"": false, ""free"": false, ""function_pointer"": false, ""generated_source"": false, ""global_read"": false, ""global_write"": false, ""goto"": false, ""lexical_ambiguity"": false, ""longjmp"": false, ""macro_density"": 0.0, ""macro_generated_declaration"": false, ""macro_use"": false, ""malloc"": false, ""memcpy"": false, ""memmove"": false, ""memset"": false, ""mutable_global"": false, ""parameter_count"": 1, ""platform_specific"": false, ""pointer_arithmetic"": false, ""pointer_count"": 1, ""pointer_to_pointer"": false, ""raw_pointer_parameter"": true, ""raw_pointer_return"": false, ""realloc"": false, ""setjmp"": false, ""static_local"": false, ""syscall"": false, ""third_party"": false, ""union"": false, ""va_list"": false, ""variadic"": false, ""void_pointer"": false}",TRIVIAL,no_significant_detected_blocker,"[""raw_pointer_parameter""]",medium
2,poco-net,a2cf8ccfc48e858d0af493d58e695c5475bc6780,Net/src/MessageHeader.cpp,319,323,function,if,5,"{""bitfield"": false, ""branch_complexity_proxy"": 2, ""c_array"": false, ""call_count"": 2, ""callback"": false, ""calloc"": false, ""conditional_compilation"": false, ""explicit_abi_boundary"": false, ""extern_declaration"": false, ""extern_or_abi_boundary"": false, ""flexible_array"": false, ""free"": false, ""function_pointer"": false, ""generated_source"": false, ""global_read"": false, ""global_write"": false, ""goto"": false, ""lexical_ambiguity"": false, ""longjmp"": false, ""macro_density"": 0.0, ""macro_generated_declaration"": false, ""macro_use"": false, ""malloc"": false, ""memcpy"": false, ""memmove"": false, ""memset"": false, ""mutable_global"": false, ""parameter_count"": 1, ""platform_specific"": false, ""pointer_arithmetic"": false, ""pointer_count"": 2, ""pointer_to_pointer"": false, ""raw_pointer_parameter"": true, ""raw_pointer_return"": false, ""realloc"": false, ""setjmp"": false, ""static_local"": false, ""syscall"": false, ""third_party"": false, ""union"": false, ""va_list"": false, ""variadic"": false, ""void_pointer"": false}",TRIVIAL,no_significant_detected_blocker,"[""raw_pointer_parameter""]",medium
2,poco-net,a2cf8ccfc48e858d0af493d58e695c5475bc6780,Net/src/MessageHeader.cpp,364,394,function,if,31,"{""bitfield"": false, ""branch_complexity_proxy"": 7, ""c_array"": false, ""call_count"": 13, ""callback"": false, ""calloc"": false, ""conditional_compilation"": false, ""explicit_abi_boundary"": false, ""extern_declaration"": false, ""extern_or_abi_boundary"": false, ""flexible_array"": false, ""free"": false, ""function_pointer"": false, ""generated_source"": false, ""global_read"": false, ""global_write"": false, ""goto"": false, ""lexical_ambiguity"": false, ""longjmp"": false, ""macro_density"": 0.0, ""macro_generated_declaration"": false, ""macro_use"": false, ""malloc"": false, ""memcpy"": false, ""memmove"": false, ""memset"": false, ""mutable_global"": false, ""parameter_count"": 1, ""platform_specific"": false, ""pointer_arithmetic"": false, ""pointer_count"": 0, ""pointer_to_pointer"": false, ""raw_pointer_parameter"": false, ""raw_pointer_return"": false, ""realloc"": false, ""setjmp"": false, ""static_local"": false, ""syscall"": false, ""third_party"": false, ""union"": false, ""va_list"": false, ""variadic"": false, ""void_pointer"": false}",TRIVIAL,no_significant_detected_blocker,[],medium
2,poco-net,a2cf8ccfc48e858d0af493d58e695c5475bc6780,Net/src/MulticastSocket.cpp,30,34,struct,ip_mreq,5,"{""bitfield"": false, ""branch_complexity_proxy"": 0, ""c_array"": false, ""call_count"": 0, ""callback"": false, ""calloc"": false, ""conditional_compilation"": true, ""explicit_abi_boundary"": false, ""extern_declaration"": false, ""extern_or_abi_boundary"": false, ""flexible_array"": false, ""free"": false, ""function_pointer"": false, ""generated_source"": false, ""global_read"": false, ""global_write"": false, ""goto"": false, ""lexical_ambiguity"": false, ""longjmp"": false, ""macro_density"": 0.0, ""macro_generated_declaration"": false, ""macro_use"": false, ""malloc"": false, ""memcpy"": false, ""memmove"": false, ""memset"": false, ""mutable_global"": false, ""parameter_count"": 0, ""platform_specific"": false, ""pointer_arithmetic"": false, ""pointer_count"": 0, ""pointer_to_pointer"": false, ""raw_pointer_parameter"": false, ""raw_pointer_return"": false, ""realloc"": false, ""setjmp"": false, ""static_local"": false, ""syscall"": false, ""third_party"": false, ""union"": false, ""va_list"": false, ""variadic"": false, ""void_pointer"": false}",TRIVIAL,no_significant_detected_blocker,"[""conditional_compilation""]",medium
2,poco-net,a2cf8ccfc48e858d0af493d58e695c5475bc6780,Net/src/MulticastSocket.cpp,91,94,function,if,4,"{""bitfield"": false, ""branch_complexity_proxy"": 1, ""c_array"": false, ""call_count"": 6, ""callback"": false, ""calloc"": false, ""conditional_compilation"": true, ""explicit_abi_boundary"": false, ""extern_declaration"": false, ""extern_or_abi_boundary"": false, ""flexible_array"": false, ""free"": false, ""function_pointer"": false, ""generated_source"": false, ""global_read"": false, ""global_write"": false, ""goto"": false, ""lexical_ambiguity"": false, ""longjmp"": false, ""macro_density"": 0.0, ""macro_generated_declaration"": false, ""macro_use"": false, ""malloc"": false, ""memcpy"": false, ""memmove"": false, ""memset"": false, ""mutable_global"": false, ""parameter_count"": 1, ""platform_specific"": false, ""pointer_arithmetic"": false, ""pointer_count"": 0, ""pointer_to_pointer"": false, ""raw_pointer_parameter"": false, ""raw_pointer_return"": false, ""realloc"": false, ""setjmp"": false, ""static_local"": false, ""syscall"": false, ""third_party"": false, ""union"": false, ""va_list"": false, ""variadic"": false, ""void_pointer"": false}",TRIVIAL,no_significant_detected_blocker,"[""conditional_compilation""]",medium
2,poco-net,a2cf8ccfc48e858d0af493d58e695c5475bc6780,Net/src/MulticastSocket.cpp,238,250,function,if,13,"{""bitfield"": false, ""branch_complexity_proxy"": 3, ""c_array"": false, ""call_count"": 9, ""callback"": false, ""calloc"": false, ""conditional_compilation"": true, ""explicit_abi_boundary"": false, ""extern_declaration"": false, ""extern_or_abi_boundary"": false, ""flexible_array"": false, ""free"": false, ""function_pointer"": false, ""generated_source"": false, ""global_read"": false, ""global_write"": false, ""goto"": false, ""lexical_ambiguity"": false, ""longjmp"": false, ""macro_density"": 0.0, ""macro_generated_declaration"": false, ""macro_use"": false, ""malloc"": false, ""memcpy"": false, ""memmove"": false, ""memset"": false, ""mutable_global"": false, ""parameter_count"": 1, ""platform_specific"": false, ""pointer_arithmetic"": false, ""pointer_count"": 0, ""pointer_to_pointer"": false, ""raw_pointer_parameter"": false, ""raw_pointer_return"": false, ""realloc"": false, ""setjmp"": false, ""static_local"": false, ""syscall"": false, ""third_party"": false, ""union"": false, ""va_list"": false, ""variadic"": false, ""void_pointer"": false}",TRIVIAL,no_significant_detected_blocker,"[""conditional_compilation""]",medium
2,poco-net,a2cf8ccfc48e858d0af493d58e695c5475bc6780,Net/src/MultipartReader.cpp,53,58,function,ReadWindow,6,"{""bitfield"": false, ""branch_complexity_proxy"": 0, ""c_array"": false, ""call_count"": 7, ""callback"": false, ""calloc"": false, ""conditional_compilation"": false, ""explicit_abi_boundary"": false, ""extern_declaration"": false, ""extern_or_abi_boundary"": false, ""flexible_array"": false, ""free"": false, ""function_pointer"": false, ""generated_source"": false, ""global_read"": false, ""global_write"": false, ""goto"": false, ""lexical_ambiguity"": false, ""longjmp"": false, ""macro_density"": 0.0, ""macro_generated_declaration"": false, ""macro_use"": false, ""malloc"": false, ""memcpy"": false, ""memmove"": false, ""memset"": false, ""mutable_global"": false, ""parameter_count"": 1, ""platform_specific"": false, ""pointer_arithmetic"": false, ""pointer_count"": 0, ""pointer_to_pointer"": false, ""raw_pointer_parameter"": false, ""raw_pointer_return"": false, ""realloc"": false, ""setjmp"": false, ""static_local"": false, ""syscall"": false, ""third_party"": false, ""union"": false, ""va_list"": false, ""variadic"": false, ""void_pointer"": false}",TRIVIAL,no_significant_detected_blocker,[],medium
2,poco-net,a2cf8ccfc48e858d0af493d58e695c5475bc6780,Net/src/MultipartReader.cpp,73,77,function,consume,5,"{""bitfield"": false, ""branch_complexity_proxy"": 0, ""c_array"": false, ""call_count"": 7, ""callback"": false, ""calloc"": false, ""conditional_compilation"": false, ""explicit_abi_boundary"": false, ""extern_declaration"": false, ""extern_or_abi_boundary"": false, ""flexible_array"": false, ""free"": false, ""function_pointer"": false, ""generated_source"": false, ""global_read"": false, ""global_write"": false, ""goto"": false, ""lexical_ambiguity"": false, ""longjmp"": false, ""macro_density"": 0.0, ""macro_generated_declaration"": false, ""macro_use"": false, ""malloc"": false, ""memcpy"": false, ""memmove"": false, ""memset"": false, ""mutable_global"": false, ""parameter_count"": 1, ""platform_specific"": false, ""pointer_arithmetic"": false, ""pointer_count"": 0, ""pointer_to_pointer"": false, ""raw_pointer_parameter"": false, ""raw_pointer_return"": false, ""realloc"": false, ""setjmp"": false, ""static_local"": false, ""syscall"": false, ""third_party"": false, ""union"": false, ""va_list"": false, ""variadic"": false, ""void_pointer"": false}",TRIVIAL,no_significant_detected_blocker,[],medium
2,poco-net,a2cf8ccfc48e858d0af493d58e695c5475bc6780,Net/src/MultipartReader.cpp,285,288,function,if,4,"{""bitfield"": false, ""branch_complexity_proxy"": 1, ""c_array"": false, ""call_count"": 1, ""callback"": false, ""calloc"": false, ""conditional_compilation"": false, ""explicit_abi_boundary"": false, ""extern_declaration"": false, ""extern_or_abi_boundary"": false, ""flexible_array"": false, ""free"": false, ""function_pointer"": false, ""generated_source"": false, ""global_read"": false, ""global_write"": false, ""goto"": false, ""lexical_ambiguity"": false, ""longjmp"": false, ""macro_density"": 0.0, ""macro_generated_declaration"": false, ""macro_use"": false, ""malloc"": false, ""memcpy"": false, ""memmove"": false, ""memset"": false, ""mutable_global"": false, ""parameter_count"": 1, ""platform_specific"": false, ""pointer_arithmetic"": true, ""pointer_count"": 0, ""pointer_to_pointer"": false, ""raw_pointer_parameter"": false, ""raw_pointer_return"": false, ""realloc"": false, ""setjmp"": false, ""static_local"": false, ""syscall"": false, ""third_party"": false, ""union"": false, ""va_list"": false, ""variadic"": false, ""void_pointer"": false}",REFACTOR_THEN_DSL,pointer_arithmetic,[],medium
2,poco-net,a2cf8ccfc48e858d0af493d58e695c5475bc6780,Net/src/MultipartReader.cpp,289,292,function,if,4,"{""bitfield"": false, ""branch_complexity_proxy"": 1, ""c_array"": false, ""call_count"": 1, ""callback"": false, ""calloc"": false, ""conditional_compilation"": false, ""explicit_abi_boundary"": false, ""extern_declaration"": false, ""extern_or_abi_boundary"": false, ""flexible_array"": false, ""free"": false, ""function_pointer"": false, ""generated_source"": false, ""global_read"": false, ""global_write"": false, ""goto"": false, ""lexical_ambiguity"": false, ""longjmp"": false, ""macro_density"": 0.0, ""macro_generated_declaration"": false, ""macro_use"": false, ""malloc"": false, ""memcpy"": false, ""memmove"": false, ""memset"": false, ""mutable_global"": false, ""parameter_count"": 1, ""platform_specific"": false, ""pointer_arithmetic"": false, ""pointer_count"": 0, ""pointer_to_pointer"": false, ""raw_pointer_parameter"": false, ""raw_pointer_return"": false, ""realloc"": false, ""setjmp"": false, ""static_local"": false, ""syscall"": false, ""third_party"": false, ""union"": false, ""va_list"": false, ""variadic"": false, ""void_pointer"": false}",TRIVIAL,no_significant_detected_blocker,[],medium
2,poco-net,a2cf8ccfc48e858d0af493d58e695c5475bc6780,Net/src/MultipartReader.cpp,391,394,function,if,4,"{""bitfield"": false, ""branch_complexity_proxy"": 1, ""c_array"": false, ""call_count"": 3, ""callback"": false, ""calloc"": false, ""conditional_compilation"": false, ""explicit_abi_boundary"": false, ""extern_declaration"": false, ""extern_or_abi_boundary"": false, ""flexible_array"": false, ""free"": false, ""function_pointer"": false, ""generated_source"": false, ""global_read"": false, ""global_write"": false, ""goto"": false, ""lexical_ambiguity"": false, ""longjmp"": false, ""macro_density"": 0.0, ""macro_generated_declaration"": false, ""macro_use"": false, ""malloc"": false, ""memcpy"": false, ""memmove"": false, ""memset"": false, ""mutable_global"": false, ""parameter_count"": 1, ""platform_specific"": false, ""pointer_arithmetic"": false, ""pointer_count"": 0, ""pointer_to_pointer"": false, ""raw_pointer_parameter"": false, ""raw_pointer_return"": false, ""realloc"": false, ""setjmp"": false, ""static_local"": false, ""syscall"": false, ""third_party"": false, ""union"": false, ""va_list"": false, ""variadic"": false, ""void_pointer"": false}",TRIVIAL,no_significant_detected_blocker,[],medium
2,poco-net,a2cf8ccfc48e858d0af493d58e695c5475bc6780,Net/src/MultipartReader.cpp,395,398,function,if,4,"{""bitfield"": false, ""branch_complexity_proxy"": 1, ""c_array"": false, ""call_count"": 1, ""callback"": false, ""calloc"": false, ""conditional_compilation"": false, ""explicit_abi_boundary"": false, ""extern_declaration"": false, ""extern_or_abi_boundary"": false, ""flexible_array"": false, ""free"": false, ""function_pointer"": false, ""generated_source"": false, ""global_read"": false, ""global_write"": false, ""goto"": false, ""lexical_ambiguity"": false, ""longjmp"": false, ""macro_density"": 0.0, ""macro_generated_declaration"": false, ""macro_use"": false, ""malloc"": false, ""memcpy"": false, ""memmove"": false, ""memset"": false, ""mutable_global"": false, ""parameter_count"": 1, ""platform_specific"": false, ""pointer_arithmetic"": false, ""pointer_count"": 0, ""pointer_to_pointer"": false, ""raw_pointer_parameter"": false, ""raw_pointer_return"": false, ""realloc"": false, ""setjmp"": false, ""static_local"": false, ""syscall"": false, ""third_party"": false, ""union"": false, ""va_list"": false, ""variadic"": false, ""void_pointer"": false}",TRIVIAL,no_significant_detected_blocker,[],medium
2,poco-net,a2cf8ccfc48e858d0af493d58e695c5475bc6780,Net/src/MultipartReader.cpp,520,523,function,if,4,"{""bitfield"": false, ""branch_complexity_proxy"": 1, ""c_array"": false, ""call_count"": 3, ""callback"": false, ""calloc"": false, ""conditional_compilation"": false, ""explicit_abi_boundary"": false, ""extern_declaration"": false, ""extern_or_abi_boundary"": false, ""flexible_array"": false, ""free"": false, ""function_pointer"": false, ""generated_source"": false, ""global_read"": false, ""global_write"": false, ""goto"": false, ""lexical_ambiguity"": false, ""longjmp"": false, ""macro_density"": 0.0, ""macro_generated_declaration"": false, ""macro_use"": false, ""malloc"": false, ""memcpy"": false, ""memmove"": false, ""memset"": false, ""mutable_global"": false, ""parameter_count"": 1, ""platform_specific"": false, ""pointer_arithmetic"": false, ""pointer_count"": 0, ""pointer_to_pointer"": false, ""raw_pointer_parameter"": false, ""raw_pointer_return"": false, ""realloc"": false, ""setjmp"": false, ""static_local"": false, ""syscall"": false, ""third_party"": false, ""union"": false, ""va_list"": false, ""variadic"": false, ""void_pointer"": false}",TRIVIAL,no_significant_detected_blocker,[],medium
2,poco-net,a2cf8ccfc48e858d0af493d58e695c5475bc6780,Net/src/NTPPacket.cpp,29,44,struct,NTPPacketData,16,"{""bitfield"": true, ""branch_complexity_proxy"": 0, ""c_array"": false, ""call_count"": 0, ""callback"": false, ""calloc"": false, ""conditional_compilation"": false, ""explicit_abi_boundary"": false, ""extern_declaration"": false, ""extern_or_abi_boundary"": false, ""flexible_array"": false, ""free"": false, ""function_pointer"": false, ""generated_source"": false, ""global_read"": false, ""global_write"": false, ""goto"": false, ""lexical_ambiguity"": false, ""longjmp"": false, ""macro_density"": 0.0, ""macro_generated_declaration"": false, ""macro_use"": false, ""malloc"": false, ""memcpy"": false, ""memmove"": false, ""memset"": false, ""mutable_global"": false, ""parameter_count"": 0, ""platform_specific"": false, ""pointer_arithmetic"": false, ""pointer_count"": 0, ""pointer_to_pointer"": false, ""raw_pointer_parameter"": false, ""raw_pointer_return"": false, ""realloc"": false, ""setjmp"": false, ""static_local"": false, ""syscall"": false, ""third_party"": false, ""union"": false, ""va_list"": false, ""variadic"": false, ""void_pointer"": false}",REFACTOR_THEN_DSL,bitfield,[],medium
2,poco-net,a2cf8ccfc48e858d0af493d58e695c5475bc6780,Net/src/Net.cpp,25,33,function,initializeNetwork,9,"{""bitfield"": false, ""branch_complexity_proxy"": 2, ""c_array"": false, ""call_count"": 6, ""callback"": false, ""calloc"": false, ""conditional_compilation"": false, ""explicit_abi_boundary"": false, ""extern_declaration"": false, ""extern_or_abi_boundary"": false, ""flexible_array"": false, ""free"": false, ""function_pointer"": false, ""generated_source"": false, ""global_read"": false, ""global_write"": false, ""goto"": false, ""lexical_ambiguity"": false, ""longjmp"": false, ""macro_density"": 0.222222, ""macro_generated_declaration"": false, ""macro_use"": true, ""malloc"": false, ""memcpy"": false, ""memmove"": false, ""memset"": false, ""mutable_global"": false, ""parameter_count"": 0, ""platform_specific"": false, ""pointer_arithmetic"": false, ""pointer_count"": 0, ""pointer_to_pointer"": false, ""raw_pointer_parameter"": false, ""raw_pointer_return"": false, ""realloc"": false, ""setjmp"": false, ""static_local"": false, ""syscall"": false, ""third_party"": false, ""union"": false, ""va_list"": false, ""variadic"": false, ""void_pointer"": false}",TRIVIAL,no_significant_detected_blocker,"[""macro_use""]",medium
2,poco-net,a2cf8ccfc48e858d0af493d58e695c5475bc6780,Net/src/Net.cpp,36,41,function,uninitializeNetwork,6,"{""bitfield"": false, ""branch_complexity_proxy"": 1, ""c_array"": false, ""call_count"": 3, ""callback"": false, ""calloc"": false, ""conditional_compilation"": false, ""explicit_abi_boundary"": false, ""extern_declaration"": false, ""extern_or_abi_boundary"": false, ""flexible_array"": false, ""free"": false, ""function_pointer"": false, ""generated_source"": false, ""global_read"": false, ""global_write"": false, ""goto"": false, ""lexical_ambiguity"": false, ""longjmp"": false, ""macro_density"": 0.333333, ""macro_generated_declaration"": false, ""macro_use"": false, ""malloc"": false, ""memcpy"": false, ""memmove"": false, ""memset"": false, ""mutable_global"": false, ""parameter_count"": 0, ""platform_specific"": false, ""pointer_arithmetic"": false, ""pointer_count"": 0, ""pointer_to_pointer"": false, ""raw_pointer_parameter"": false, ""raw_pointer_return"": false, ""realloc"": false, ""setjmp"": false, ""static_local"": false, ""syscall"": false, ""third_party"": false, ""union"": false, ""va_list"": false, ""variadic"": false, ""void_pointer"": false}",TRIVIAL,no_significant_detected_blocker,[],medium
2,poco-net,a2cf8ccfc48e858d0af493d58e695c5475bc6780,Net/src/Net.cpp,69,91,struct,NetworkInitializer,23,"{""bitfield"": false, ""branch_complexity_proxy"": 0, ""c_array"": false, ""call_count"": 6, ""callback"": false, ""calloc"": false, ""conditional_compilation"": true, ""explicit_abi_boundary"": false, ""extern_declaration"": false, ""extern_or_abi_boundary"": false, ""flexible_array"": false, ""free"": false, ""function_pointer"": false, ""generated_source"": false, ""global_read"": false, ""global_write"": false, ""goto"": false, ""lexical_ambiguity"": false, ""longjmp"": false, ""macro_density"": 0.0, ""macro_generated_declaration"": false, ""macro_use"": false, ""malloc"": false, ""memcpy"": false, ""memmove"": false, ""memset"": false, ""mutable_global"": false, ""parameter_count"": 0, ""platform_specific"": false, ""pointer_arithmetic"": false, ""pointer_count"": 0, ""pointer_to_pointer"": false, ""raw_pointer_parameter"": false, ""raw_pointer_return"": false, ""realloc"": false, ""setjmp"": false, ""static_local"": false, ""syscall"": false, ""third_party"": false, ""union"": false, ""va_list"": false, ""variadic"": false, ""void_pointer"": false}",TRIVIAL,no_significant_detected_blocker,"[""conditional_compilation""]",medium
2,poco-net,a2cf8ccfc48e858d0af493d58e695c5475bc6780,Net/src/NetworkInterface.cpp,245,245,struct,ifreq,1,"{""bitfield"": false, ""branch_complexity_proxy"": 0, ""c_array"": false, ""call_count"": 0, ""callback"": false, ""calloc"": false, ""conditional_compilation"": true, ""explicit_abi_boundary"": false, ""extern_declaration"": false, ""extern_or_abi_boundary"": false, ""flexible_array"": false, ""free"": false, ""function_pointer"": false, ""generated_source"": false, ""global_read"": false, ""global_write"": false, ""goto"": false, ""lexical_ambiguity"": false, ""longjmp"": false, ""macro_density"": 0.0, ""macro_generated_declaration"": false, ""macro_use"": false, ""malloc"": false, ""memcpy"": false, ""memmove"": false, ""memset"": false, ""mutable_global"": false, ""parameter_count"": 0, ""platform_specific"": false, ""pointer_arithmetic"": false, ""pointer_count"": 0, ""pointer_to_pointer"": false, ""raw_pointer_parameter"": false, ""raw_pointer_return"": false, ""realloc"": false, ""setjmp"": false, ""static_local"": false, ""syscall"": false, ""third_party"": false, ""union"": false, ""va_list"": false, ""variadic"": false, ""void_pointer"": false}",TRIVIAL,no_significant_detected_blocker,"[""conditional_compilation""]",medium
2,poco-net,a2cf8ccfc48e858d0af493d58e695c5475bc6780,Net/src/NetworkInterface.cpp,949,981,function,getBroadcastAddress,33,"{""bitfield"": false, ""branch_complexity_proxy"": 5, ""c_array"": false, ""call_count"": 11, ""callback"": false, ""calloc"": false, ""conditional_compilation"": true, ""explicit_abi_boundary"": false, ""extern_declaration"": false, ""extern_or_abi_boundary"": false, ""flexible_array"": false, ""free"": false, ""function_pointer"": false, ""generated_source"": false, ""global_read"": false, ""global_write"": false, ""goto"": false, ""lexical_ambiguity"": false, ""longjmp"": false, ""macro_density"": 0.0, ""macro_generated_declaration"": false, ""macro_use"": false, ""malloc"": false, ""memcpy"": false, ""memmove"": false, ""memset"": false, ""mutable_global"": false, ""parameter_count"": 3, ""platform_specific"": false, ""pointer_arithmetic"": false, ""pointer_count"": 2, ""pointer_to_pointer"": false, ""raw_pointer_parameter"": true, ""raw_pointer_return"": false, ""realloc"": false, ""setjmp"": false, ""static_local"": false, ""syscall"": false, ""third_party"": false, ""union"": false, ""va_list"": false, ""variadic"": false, ""void_pointer"": false}",TRIVIAL,no_significant_detected_blocker,"[""conditional_compilation"", ""raw_pointer_parameter""]",medium
2,poco-net,a2cf8ccfc48e858d0af493d58e695c5475bc6780,Net/src/NetworkInterface.cpp,1002,1032,function,subnetMaskForInterface,31,"{""bitfield"": false, ""branch_complexity_proxy"": 4, ""c_array"": true, ""call_count"": 19, ""callback"": false, ""calloc"": false, ""conditional_compilation"": true, ""explicit_abi_boundary"": false, ""extern_declaration"": false, ""extern_or_abi_boundary"": false, ""flexible_array"": false, ""free"": false, ""function_pointer"": false, ""generated_source"": false, ""global_read"": false, ""global_write"": false, ""goto"": false, ""lexical_ambiguity"": false, ""longjmp"": false, ""macro_density"": 0.0, ""macro_generated_declaration"": false, ""macro_use"": false, ""malloc"": false, ""memcpy"": false, ""memmove"": false, ""memset"": false, ""mutable_global"": false, ""parameter_count"": 2, ""platform_specific"": false, ""pointer_arithmetic"": false, ""pointer_count"": 0, ""pointer_to_pointer"": false, ""raw_pointer_parameter"": false, ""raw_pointer_return"": false, ""realloc"": false, ""setjmp"": false, ""static_local"": false, ""syscall"": false, ""third_party"": false, ""union"": false, ""va_list"": false, ""variadic"": false, ""void_pointer"": false}",TRIVIAL,no_significant_detected_blocker,"[""c_array"", ""conditional_compilation""]",medium
2,poco-net,a2cf8ccfc48e858d0af493d58e695c5475bc6780,Net/src/NetworkInterface.cpp,1294,1307,function,setInterfaceParams,14,"{""bitfield"": false, ""branch_complexity_proxy"": 1, ""c_array"": false, ""call_count"": 10, ""callback"": false, ""calloc"": false, ""conditional_compilation"": true, ""explicit_abi_boundary"": false, ""extern_declaration"": false, ""extern_or_abi_boundary"": false, ""flexible_array"": false, ""free"": false, ""function_pointer"": false, ""generated_source"": false, ""global_read"": false, ""global_write"": false, ""goto"": false, ""lexical_ambiguity"": false, ""longjmp"": false, ""macro_density"": 0.0, ""macro_generated_declaration"": false, ""macro_use"": true, ""malloc"": false, ""memcpy"": false, ""memmove"": false, ""memset"": false, ""mutable_global"": false, ""parameter_count"": 2, ""platform_specific"": false, ""pointer_arithmetic"": false, ""pointer_count"": 3, ""pointer_to_pointer"": false, ""raw_pointer_parameter"": true, ""raw_pointer_return"": false, ""realloc"": false, ""setjmp"": false, ""static_local"": false, ""syscall"": false, ""third_party"": false, ""union"": false, ""va_list"": false, ""variadic"": false, ""void_pointer"": false}",TRIVIAL,no_significant_detected_blocker,"[""conditional_compilation"", ""macro_use"", ""raw_pointer_parameter""]",medium
2,poco-net,a2cf8ccfc48e858d0af493d58e695c5475bc6780,Net/src/NetworkInterface.cpp,1474,1521,function,setInterfaceParams,48,"{""bitfield"": false, ""branch_complexity_proxy"": 5, ""c_array"": true, ""call_count"": 34, ""callback"": false, ""calloc"": false, ""conditional_compilation"": true, ""explicit_abi_boundary"": false, ""extern_declaration"": false, ""extern_or_abi_boundary"": false, ""flexible_array"": false, ""free"": false, ""function_pointer"": true, ""generated_source"": false, ""global_read"": false, ""global_write"": false, ""goto"": false, ""lexical_ambiguity"": false, ""longjmp"": false, ""macro_density"": 0.0625, ""macro_generated_declaration"": false, ""macro_use"": false, ""malloc"": false, ""memcpy"": false, ""memmove"": false, ""memset"": false, ""mutable_global"": false, ""parameter_count"": 2, ""platform_specific"": false, ""pointer_arithmetic"": false, ""pointer_count"": 4, ""pointer_to_pointer"": false, ""raw_pointer_parameter"": true, ""raw_pointer_return"": false, ""realloc"": false, ""setjmp"": false, ""static_local"": false, ""syscall"": true, ""third_party"": false, ""union"": false, ""va_list"": false, ""variadic"": false, ""void_pointer"": false}",NEEDS_TRANSPILER,function_pointer,[],medium
2,poco-net,a2cf8ccfc48e858d0af493d58e695c5475bc6780,Net/src/OAuth10Credentials.cpp,199,205,function,if,7,"{""bitfield"": false, ""branch_complexity_proxy"": 1, ""c_array"": false, ""call_count"": 7, ""callback"": false, ""calloc"": false, ""conditional_compilation"": false, ""explicit_abi_boundary"": false, ""extern_declaration"": false, ""extern_or_abi_boundary"": false, ""flexible_array"": false, ""free"": false, ""function_pointer"": false, ""generated_source"": false, ""global_read"": false, ""global_write"": false, ""goto"": false, ""lexical_ambiguity"": false, ""longjmp"": false, ""macro_density"": 0.0, ""macro_generated_declaration"": false, ""macro_use"": false, ""malloc"": false, ""memcpy"": false, ""memmove"": false, ""memset"": false, ""mutable_global"": false, ""parameter_count"": 2, ""platform_specific"": false, ""pointer_arithmetic"": false, ""pointer_count"": 0, ""pointer_to_pointer"": false, ""raw_pointer_parameter"": false, ""raw_pointer_return"": false, ""realloc"": false, ""setjmp"": false, ""static_local"": false, ""syscall"": false, ""third_party"": false, ""union"": false, ""va_list"": false, ""variadic"": false, ""void_pointer"": false}",TRIVIAL,no_significant_detected_blocker,[],medium
2,poco-net,a2cf8ccfc48e858d0af493d58e695c5475bc6780,Net/src/POP3ClientSession.cpp,47,50,function,readFromDevice,4,"{""bitfield"": false, ""branch_complexity_proxy"": 0, ""c_array"": false, ""call_count"": 2, ""callback"": false, ""calloc"": false, ""conditional_compilation"": false, ""explicit_abi_boundary"": false, ""extern_declaration"": false, ""extern_or_abi_boundary"": false, ""flexible_array"": false, ""free"": false, ""function_pointer"": false, ""generated_source"": false, ""global_read"": false, ""global_write"": false, ""goto"": false, ""lexical_ambiguity"": false, ""longjmp"": false, ""macro_density"": 0.0, ""macro_generated_declaration"": false, ""macro_use"": false, ""malloc"": false, ""memcpy"": false, ""memmove"": false, ""memset"": false, ""mutable_global"": false, ""parameter_count"": 0, ""platform_specific"": false, ""pointer_arithmetic"": false, ""pointer_count"": 0, ""pointer_to_pointer"": false, ""raw_pointer_parameter"": false, ""raw_pointer_return"": false, ""realloc"": false, ""setjmp"": false, ""static_local"": false, ""syscall"": false, ""third_party"": false, ""union"": false, ""va_list"": false, ""variadic"": false, ""void_pointer"": false}",TRIVIAL,no_significant_detected_blocker,[],medium
2,poco-net,a2cf8ccfc48e858d0af493d58e695c5475bc6780,Net/src/PollSet.cpp,53,56,function,close,4,"{""bitfield"": false, ""branch_complexity_proxy"": 0, ""c_array"": false, ""call_count"": 2, ""callback"": false, ""calloc"": false, ""conditional_compilation"": true, ""explicit_abi_boundary"": false, ""extern_declaration"": false, ""extern_or_abi_boundary"": false, ""flexible_array"": false, ""free"": false, ""function_pointer"": false, ""generated_source"": false, ""global_read"": false, ""global_write"": false, ""goto"": false, ""lexical_ambiguity"": false, ""longjmp"": false, ""macro_density"": 0.0, ""macro_generated_declaration"": false, ""macro_use"": false, ""malloc"": false, ""memcpy"": false, ""memmove"": false, ""memset"": false, ""mutable_global"": false, ""parameter_count"": 1, ""platform_specific"": false, ""pointer_arithmetic"": false, ""pointer_count"": 0, ""pointer_to_pointer"": false, ""raw_pointer_parameter"": false, ""raw_pointer_return"": false, ""realloc"": false, ""setjmp"": false, ""static_local"": false, ""syscall"": true, ""third_party"": false, ""union"": false, ""va_list"": false, ""variadic"": false, ""void_pointer"": false}",TRIVIAL,no_significant_detected_blocker,"[""conditional_compilation"", ""syscall""]",medium
2,poco-net,a2cf8ccfc48e858d0af493d58e695c5475bc6780,Net/src/PollSet.cpp,101,110,function,add,10,"{""bitfield"": false, ""branch_complexity_proxy"": 2, ""c_array"": false, ""call_count"": 8, ""callback"": false, ""calloc"": false, ""conditional_compilation"": true, ""explicit_abi_boundary"": false, ""extern_declaration"": false, ""extern_or_abi_boundary"": false, ""flexible_array"": false, ""free"": false, ""function_pointer"": false, ""generated_source"": false, ""global_read"": false, ""global_write"": false, ""goto"": false, ""lexical_ambiguity"": false, ""longjmp"": false, ""macro_density"": 0.0, ""macro_generated_declaration"": false, ""macro_use"": false, ""malloc"": false, ""memcpy"": false, ""memmove"": false, ""memset"": false, ""mutable_global"": false, ""parameter_count"": 2, ""platform_specific"": false, ""pointer_arithmetic"": false, ""pointer_count"": 0, ""pointer_to_pointer"": false, ""raw_pointer_parameter"": false, ""raw_pointer_return"": false, ""realloc"": false, ""setjmp"": false, ""static_local"": false, ""syscall"": false, ""third_party"": false, ""union"": false, ""va_list"": false, ""variadic"": false, ""void_pointer"": false}",TRIVIAL,no_significant_detected_blocker,"[""conditional_compilation""]",medium
2,poco-net,a2cf8ccfc48e858d0af493d58e695c5475bc6780,Net/src/PollSet.cpp,112,116,function,update,5,"{""bitfield"": false, ""branch_complexity_proxy"": 1, ""c_array"": false, ""call_count"": 4, ""callback"": false, ""calloc"": false, ""conditional_compilation"": true, ""explicit_abi_boundary"": false, ""extern_declaration"": false, ""extern_or_abi_boundary"": false, ""flexible_array"": false, ""free"": false, ""function_pointer"": false, ""generated_source"": false, ""global_read"": false, ""global_write"": false, ""goto"": false, ""lexical_ambiguity"": false, ""longjmp"": false, ""macro_density"": 0.0, ""macro_generated_declaration"": false, ""macro_use"": false, ""malloc"": false, ""memcpy"": false, ""memmove"": false, ""memset"": false, ""mutable_global"": false, ""parameter_count"": 2, ""platform_specific"": false, ""pointer_arithmetic"": false, ""pointer_count"": 0, ""pointer_to_pointer"": false, ""raw_pointer_parameter"": false, ""raw_pointer_return"": false, ""realloc"": false, ""setjmp"": false, ""static_local"": false, ""syscall"": false, ""third_party"": false, ""union"": false, ""va_list"": false, ""variadic"": false, ""void_pointer"": false}",TRIVIAL,no_significant_detected_blocker,"[""conditional_compilation""]",medium
2,poco-net,a2cf8ccfc48e858d0af493d58e695c5475bc6780,Net/src/PollSet.cpp,118,129,function,remove,12,"{""bitfield"": false, ""branch_complexity_proxy"": 1, ""c_array"": false, ""call_count"": 9, ""callback"": false, ""calloc"": false, ""conditional_compilation"": true, ""explicit_abi_boundary"": false, ""extern_declaration"": false, ""extern_or_abi_boundary"": false, ""flexible_array"": false, ""free"": false, ""function_pointer"": false, ""generated_source"": false, ""global_read"": false, ""global_write"": false, ""goto"": false, ""lexical_ambiguity"": false, ""longjmp"": false, ""macro_density"": 0.0, ""macro_generated_declaration"": false, ""macro_use"": false, ""malloc"": false, ""memcpy"": false, ""memmove"": false, ""memset"": false, ""mutable_global"": false, ""parameter_count"": 1, ""platform_specific"": false, ""pointer_arithmetic"": false, ""pointer_count"": 0, ""pointer_to_pointer"": false, ""raw_pointer_parameter"": false, ""raw_pointer_return"": false, ""realloc"": false, ""setjmp"": false, ""static_local"": false, ""syscall"": false, ""third_party"": false, ""union"": false, ""va_list"": false, ""variadic"": false, ""void_pointer"": false}",TRIVIAL,no_significant_detected_blocker,"[""conditional_compilation""]",medium
2,poco-net,a2cf8ccfc48e858d0af493d58e695c5475bc6780,Net/src/PollSet.cpp,145,164,function,clear,20,"{""bitfield"": false, ""branch_complexity_proxy"": 2, ""c_array"": false, ""call_count"": 13, ""callback"": false, ""calloc"": false, ""conditional_compilation"": true, ""explicit_abi_boundary"": false, ""extern_declaration"": false, ""extern_or_abi_boundary"": false, ""flexible_array"": false, ""free"": false, ""function_pointer"": false, ""generated_source"": false, ""global_read"": false, ""global_write"": false, ""goto"": false, ""lexical_ambiguity"": false, ""longjmp"": false, ""macro_density"": 0.25, ""macro_generated_declaration"": false, ""macro_use"": false, ""malloc"": false, ""memcpy"": false, ""memmove"": false, ""memset"": false, ""mutable_global"": false, ""parameter_count"": 0, ""platform_specific"": false, ""pointer_arithmetic"": false, ""pointer_count"": 0, ""pointer_to_pointer"": false, ""raw_pointer_parameter"": false, ""raw_pointer_return"": false, ""realloc"": false, ""setjmp"": false, ""static_local"": false, ""syscall"": true, ""third_party"": false, ""union"": false, ""va_list"": false, ""variadic"": false, ""void_pointer"": false}",TRIVIAL,no_significant_detected_blocker,"[""conditional_compilation"", ""syscall""]",medium
2,poco-net,a2cf8ccfc48e858d0af493d58e695c5475bc6780,Net/src/PollSet.cpp,193,205,function,if,13,"{""bitfield"": false, ""branch_complexity_proxy"": 4, ""c_array"": false, ""call_count"": 9, ""callback"": false, ""calloc"": false, ""conditional_compilation"": true, ""explicit_abi_boundary"": false, ""extern_declaration"": false, ""extern_or_abi_boundary"": false, ""flexible_array"": false, ""free"": false, ""function_pointer"": false, ""generated_source"": false, ""global_read"": false, ""global_write"": false, ""goto"": false, ""lexical_ambiguity"": false, ""longjmp"": false, ""macro_density"": 0.0, ""macro_generated_declaration"": false, ""macro_use"": false, ""malloc"": false, ""memcpy"": false, ""memmove"": false, ""memset"": false, ""mutable_global"": false, ""parameter_count"": 1, ""platform_specific"": false, ""pointer_arithmetic"": false, ""pointer_count"": 0, ""pointer_to_pointer"": false, ""raw_pointer_parameter"": false, ""raw_pointer_return"": false, ""realloc"": false, ""setjmp"": false, ""static_local"": false, ""syscall"": false, ""third_party"": false, ""union"": false, ""va_list"": false, ""variadic"": false, ""void_pointer"": false}",TRIVIAL,no_significant_detected_blocker,"[""conditional_compilation""]",medium
2,poco-net,a2cf8ccfc48e858d0af493d58e695c5475bc6780,Net/src/PollSet.cpp,200,203,function,if,4,"{""bitfield"": false, ""branch_complexity_proxy"": 1, ""c_array"": false, ""call_count"": 2, ""callback"": false, ""calloc"": false, ""conditional_compilation"": true, ""explicit_abi_boundary"": false, ""extern_declaration"": false, ""extern_or_abi_boundary"": false, ""flexible_array"": false, ""free"": false, ""function_pointer"": false, ""generated_source"": false, ""global_read"": false, ""global_write"": false, ""goto"": false, ""lexical_ambiguity"": false, ""longjmp"": false, ""macro_density"": 0.0, ""macro_generated_declaration"": false, ""macro_use"": false, ""malloc"": false, ""memcpy"": false, ""memmove"": false, ""memset"": false, ""mutable_global"": false, ""parameter_count"": 1, ""platform_specific"": false, ""pointer_arithmetic"": false, ""pointer_count"": 0, ""pointer_to_pointer"": false, ""raw_pointer_parameter"": false, ""raw_pointer_return"": false, ""realloc"": false, ""setjmp"": false, ""static_local"": false, ""syscall"": false, ""third_party"": false, ""union"": false, ""va_list"": false, ""variadic"": false, ""void_pointer"": false}",TRIVIAL,no_significant_detected_blocker,"[""conditional_compilation""]",medium
2,poco-net,a2cf8ccfc48e858d0af493d58e695c5475bc6780,Net/src/PollSet.cpp,226,240,function,if,15,"{""bitfield"": false, ""branch_complexity_proxy"": 3, ""c_array"": false, ""call_count"": 8, ""callback"": false, ""calloc"": false, ""conditional_compilation"": true, ""explicit_abi_boundary"": false, ""extern_declaration"": false, ""extern_or_abi_boundary"": false, ""flexible_array"": false, ""free"": false, ""function_pointer"": false, ""generated_source"": false, ""global_read"": false, ""global_write"": false, ""goto"": false, ""lexical_ambiguity"": false, ""longjmp"": false, ""macro_density"": 0.2, ""macro_generated_declaration"": false, ""macro_use"": false, ""malloc"": false, ""memcpy"": false, ""memmove"": false, ""memset"": false, ""mutable_global"": false, ""parameter_count"": 1, ""platform_specific"": false, ""pointer_arithmetic"": false, ""pointer_count"": 0, ""pointer_to_pointer"": false, ""raw_pointer_parameter"": false, ""raw_pointer_return"": false, ""realloc"": false, ""setjmp"": false, ""static_local"": false, ""syscall"": true, ""third_party"": false, ""union"": false, ""va_list"": false, ""variadic"": false, ""void_pointer"": false}",TRIVIAL,no_significant_detected_blocker,"[""conditional_compilation"", ""syscall""]",medium
2,poco-net,a2cf8ccfc48e858d0af493d58e695c5475bc6780,Net/src/PollSet.cpp,245,259,function,wakeUp,15,"{""bitfield"": false, ""branch_complexity_proxy"": 1, ""c_array"": false, ""call_count"": 8, ""callback"": false, ""calloc"": false, ""conditional_compilation"": true, ""explicit_abi_boundary"": false, ""extern_declaration"": false, ""extern_or_abi_boundary"": false, ""flexible_array"": false, ""free"": false, ""function_pointer"": false, ""generated_source"": false, ""global_read"": false, ""global_write"": false, ""goto"": false, ""lexical_ambiguity"": false, ""longjmp"": false, ""macro_density"": 0.2, ""macro_generated_declaration"": false, ""macro_use"": false, ""malloc"": false, ""memcpy"": false, ""memmove"": false, ""memset"": false, ""mutable_global"": false, ""parameter_count"": 0, ""platform_specific"": false, ""pointer_arithmetic"": false, ""pointer_count"": 0, ""pointer_to_pointer"": false, ""raw_pointer_parameter"": false, ""raw_pointer_return"": false, ""realloc"": false, ""setjmp"": false, ""static_local"": false, ""syscall"": true, ""third_party"": false, ""union"": false, ""va_list"": false, ""variadic"": false, ""void_pointer"": false}",TRIVIAL,no_significant_detected_blocker,"[""conditional_compilation"", ""syscall""]",medium
2,poco-net,a2cf8ccfc48e858d0af493d58e695c5475bc6780,Net/src/PollSet.cpp,268,275,function,getNewMode,8,"{""bitfield"": false, ""branch_complexity_proxy"": 1, ""c_array"": false, ""call_count"": 5, ""callback"": false, ""calloc"": false, ""conditional_compilation"": true, ""explicit_abi_boundary"": false, ""extern_declaration"": false, ""extern_or_abi_boundary"": false, ""flexible_array"": false, ""free"": false, ""function_pointer"": false, ""generated_source"": false, ""global_read"": false, ""global_write"": false, ""goto"": false, ""lexical_ambiguity"": false, ""longjmp"": false, ""macro_density"": 0.0, ""macro_generated_declaration"": false, ""macro_use"": false, ""malloc"": false, ""memcpy"": false, ""memmove"": false, ""memset"": false, ""mutable_global"": false, ""parameter_count"": 2, ""platform_specific"": false, ""pointer_arithmetic"": false, ""pointer_count"": 1, ""pointer_to_pointer"": false, ""raw_pointer_parameter"": true, ""raw_pointer_return"": false, ""realloc"": false, ""setjmp"": false, ""static_local"": false, ""syscall"": false, ""third_party"": false, ""union"": false, ""va_list"": false, ""variadic"": false, ""void_pointer"": false}",TRIVIAL,no_significant_detected_blocker,"[""conditional_compilation"", ""raw_pointer_parameter""]",medium
2,poco-net,a2cf8ccfc48e858d0af493d58e695c5475bc6780,Net/src/PollSet.cpp,277,282,function,socketMapUpdate,6,"{""bitfield"": false, ""branch_complexity_proxy"": 0, ""c_array"": false, ""call_count"": 3, ""callback"": false, ""calloc"": false, ""conditional_compilation"": true, ""explicit_abi_boundary"": false, ""extern_declaration"": false, ""extern_or_abi_boundary"": false, ""flexible_array"": false, ""free"": false, ""function_pointer"": false, ""generated_source"": false, ""global_read"": false, ""global_write"": false, ""goto"": false, ""lexical_ambiguity"": false, ""longjmp"": false, ""macro_density"": 0.0, ""macro_generated_declaration"": false, ""macro_use"": false, ""malloc"": false, ""memcpy"": false, ""memmove"": false, ""memset"": false, ""mutable_global"": false, ""parameter_count"": 2, ""platform_specific"": false, ""pointer_arithmetic"": false, ""pointer_count"": 1, ""pointer_to_pointer"": false, ""raw_pointer_parameter"": false, ""raw_pointer_return"": false, ""realloc"": false, ""setjmp"": false, ""static_local"": false, ""syscall"": false, ""third_party"": false, ""union"": false, ""va_list"": false, ""variadic"": false, ""void_pointer"": false}",TRIVIAL,no_significant_detected_blocker,"[""conditional_compilation""]",medium
2,poco-net,a2cf8ccfc48e858d0af493d58e695c5475bc6780,Net/src/PollSet.cpp,284,291,function,updateImpl,8,"{""bitfield"": false, ""branch_complexity_proxy"": 1, ""c_array"": false, ""call_count"": 7, ""callback"": false, ""calloc"": false, ""conditional_compilation"": true, ""explicit_abi_boundary"": false, ""extern_declaration"": false, ""extern_or_abi_boundary"": false, ""flexible_array"": false, ""free"": false, ""function_pointer"": false, ""generated_source"": false, ""global_read"": false, ""global_write"": false, ""goto"": false, ""lexical_ambiguity"": false, ""longjmp"": false, ""macro_density"": 0.0, ""macro_generated_declaration"": false, ""macro_use"": false, ""malloc"": false, ""memcpy"": false, ""memmove"": false, ""memset"": false, ""mutable_global"": false, ""parameter_count"": 2, ""platform_specific"": false, ""pointer_arithmetic"": false, ""pointer_count"": 1, ""pointer_to_pointer"": false, ""raw_pointer_parameter"": false, ""raw_pointer_return"": false, ""realloc"": false, ""setjmp"": false, ""static_local"": false, ""syscall"": false, ""third_party"": false, ""union"": false, ""va_list"": false, ""variadic"": false, ""void_pointer"": false}",TRIVIAL,no_significant_detected_blocker,"[""conditional_compilation""]",medium
2,poco-net,a2cf8ccfc48e858d0af493d58e695c5475bc6780,Net/src/PollSet.cpp,293,301,function,addImpl,9,"{""bitfield"": false, ""branch_complexity_proxy"": 1, ""c_array"": false, ""call_count"": 8, ""callback"": false, ""calloc"": false, ""conditional_compilation"": true, ""explicit_abi_boundary"": false, ""extern_declaration"": false, ""extern_or_abi_boundary"": false, ""flexible_array"": false, ""free"": false, ""function_pointer"": false, ""generated_source"": false, ""global_read"": false, ""global_write"": false, ""goto"": false, ""lexical_ambiguity"": false, ""longjmp"": false, ""macro_density"": 0.0, ""macro_generated_declaration"": false, ""macro_use"": false, ""malloc"": false, ""memcpy"": false, ""memmove"": false, ""memset"": false, ""mutable_global"": false, ""parameter_count"": 2, ""platform_specific"": false, ""pointer_arithmetic"": false, ""pointer_count"": 1, ""pointer_to_pointer"": false, ""raw_pointer_parameter"": false, ""raw_pointer_return"": false, ""realloc"": false, ""setjmp"": false, ""static_local"": false, ""syscall"": false, ""third_party"": false, ""union"": false, ""va_list"": false, ""variadic"": false, ""void_pointer"": false}",TRIVIAL,no_significant_detected_blocker,"[""conditional_compilation""]",medium
2,poco-net,a2cf8ccfc48e858d0af493d58e695c5475bc6780,Net/src/PollSet.cpp,303,315,function,addFD,13,"{""bitfield"": false, ""branch_complexity_proxy"": 3, ""c_array"": false, ""call_count"": 5, ""callback"": false, ""calloc"": false, ""conditional_compilation"": true, ""explicit_abi_boundary"": false, ""extern_declaration"": false, ""extern_or_abi_boundary"": false, ""flexible_array"": false, ""free"": false, ""function_pointer"": false, ""generated_source"": false, ""global_read"": false, ""global_write"": false, ""goto"": false, ""lexical_ambiguity"": false, ""longjmp"": false, ""macro_density"": 0.0, ""macro_generated_declaration"": false, ""macro_use"": false, ""malloc"": false, ""memcpy"": false, ""memmove"": false, ""memset"": false, ""mutable_global"": false, ""parameter_count"": 4, ""platform_specific"": false, ""pointer_arithmetic"": false, ""pointer_count"": 1, ""pointer_to_pointer"": false, ""raw_pointer_parameter"": true, ""raw_pointer_return"": false, ""realloc"": false, ""setjmp"": false, ""static_local"": false, ""syscall"": false, ""third_party"": false, ""union"": false, ""va_list"": false, ""variadic"": false, ""void_pointer"": true}",TRIVIAL,no_significant_detected_blocker,"[""conditional_compilation"", ""raw_pointer_parameter"", ""void_pointer""]",medium
2,poco-net,a2cf8ccfc48e858d0af493d58e695c5475bc6780,Net/src/PollSet.cpp,317,327,function,keepWaiting,11,"{""bitfield"": false, ""branch_complexity_proxy"": 1, ""c_array"": false, ""call_count"": 2, ""callback"": false, ""calloc"": false, ""conditional_compilation"": true, ""explicit_abi_boundary"": false, ""extern_declaration"": false, ""extern_or_abi_boundary"": false, ""flexible_array"": false, ""free"": false, ""function_pointer"": false, ""generated_source"": false, ""global_read"": false, ""global_write"": false, ""goto"": false, ""lexical_ambiguity"": false, ""longjmp"": false, ""macro_density"": 0.0, ""macro_generated_declaration"": false, ""macro_use"": false, ""malloc"": false, ""memcpy"": false, ""memmove"": false, ""memset"": false, ""mutable_global"": false, ""parameter_count"": 2, ""platform_specific"": false, ""pointer_arithmetic"": false, ""pointer_count"": 0, ""pointer_to_pointer"": false, ""raw_pointer_parameter"": false, ""raw_pointer_return"": false, ""realloc"": false, ""setjmp"": false, ""static_local"": false, ""syscall"": false, ""third_party"": false, ""union"": false, ""va_list"": false, ""variadic"": false, ""void_pointer"": false}",TRIVIAL,no_significant_detected_blocker,"[""conditional_compilation""]",medium
2,poco-net,a2cf8ccfc48e858d0af493d58e695c5475bc6780,Net/src/PollSet.cpp,334,343,function,eventfd,10,"{""bitfield"": false, ""branch_complexity_proxy"": 1, ""c_array"": false, ""call_count"": 8, ""callback"": false, ""calloc"": false, ""conditional_compilation"": true, ""explicit_abi_boundary"": false, ""extern_declaration"": false, ""extern_or_abi_boundary"": false, ""flexible_array"": false, ""free"": false, ""function_pointer"": false, ""generated_source"": false, ""global_read"": false, ""global_write"": false, ""goto"": false, ""lexical_ambiguity"": false, ""longjmp"": false, ""macro_density"": 0.0, ""macro_generated_declaration"": false, ""macro_use"": false, ""malloc"": false, ""memcpy"": false, ""memmove"": false, ""memset"": false, ""mutable_global"": false, ""parameter_count"": 2, ""platform_specific"": false, ""pointer_arithmetic"": false, ""pointer_count"": 0, ""pointer_to_pointer"": false, ""raw_pointer_parameter"": false, ""raw_pointer_return"": false, ""realloc"": false, ""setjmp"": false, ""static_local"": false, ""syscall"": false, ""third_party"": false, ""union"": false, ""va_list"": false, ""variadic"": false, ""void_pointer"": false}",TRIVIAL,no_significant_detected_blocker,"[""conditional_compilation""]",medium
2,poco-net,a2cf8ccfc48e858d0af493d58e695c5475bc6780,Net/src/PollSet.cpp,385,392,function,add,8,"{""bitfield"": false, ""branch_complexity_proxy"": 0, ""c_array"": false, ""call_count"": 5, ""callback"": false, ""calloc"": false, ""conditional_compilation"": true, ""explicit_abi_boundary"": false, ""extern_declaration"": false, ""extern_or_abi_boundary"": false, ""flexible_array"": false, ""free"": false, ""function_pointer"": false, ""generated_source"": false, ""global_read"": false, ""global_write"": false, ""goto"": false, ""lexical_ambiguity"": false, ""longjmp"": false, ""macro_density"": 0.0, ""macro_generated_declaration"": false, ""macro_use"": false, ""malloc"": false, ""memcpy"": false, ""memmove"": false, ""memset"": false, ""mutable_global"": false, ""parameter_count"": 2, ""platform_specific"": false, ""pointer_arithmetic"": false, ""pointer_count"": 0, ""pointer_to_pointer"": false, ""raw_pointer_parameter"": false, ""raw_pointer_return"": false, ""realloc"": false, ""setjmp"": false, ""static_local"": false, ""syscall"": false, ""third_party"": false, ""union"": false, ""va_list"": false, ""variadic"": false, ""void_pointer"": false}",TRIVIAL,no_significant_detected_blocker,"[""conditional_compilation""]",medium
2,poco-net,a2cf8ccfc48e858d0af493d58e695c5475bc6780,Net/src/PollSet.cpp,394,401,function,remove,8,"{""bitfield"": false, ""branch_complexity_proxy"": 0, ""c_array"": false, ""call_count"": 7, ""callback"": false, ""calloc"": false, ""conditional_compilation"": true, ""explicit_abi_boundary"": false, ""extern_declaration"": false, ""extern_or_abi_boundary"": false, ""flexible_array"": false, ""free"": false, ""function_pointer"": false, ""generated_source"": false, ""global_read"": false, ""global_write"": false, ""goto"": false, ""lexical_ambiguity"": false, ""longjmp"": false, ""macro_density"": 0.0, ""macro_generated_declaration"": false, ""macro_use"": false, ""malloc"": false, ""memcpy"": false, ""memmove"": false, ""memset"": false, ""mutable_global"": false, ""parameter_count"": 1, ""platform_specific"": false, ""pointer_arithmetic"": false, ""pointer_count"": 0, ""pointer_to_pointer"": false, ""raw_pointer_parameter"": false, ""raw_pointer_return"": false, ""realloc"": false, ""setjmp"": false, ""static_local"": false, ""syscall"": false, ""third_party"": false, ""union"": false, ""va_list"": false, ""variadic"": false, ""void_pointer"": false}",TRIVIAL,no_significant_detected_blocker,"[""conditional_compilation""]",medium
2,poco-net,a2cf8ccfc48e858d0af493d58e695c5475bc6780,Net/src/PollSet.cpp,417,430,function,update,14,"{""bitfield"": false, ""branch_complexity_proxy"": 2, ""c_array"": false, ""call_count"": 7, ""callback"": false, ""calloc"": false, ""conditional_compilation"": true, ""explicit_abi_boundary"": false, ""extern_declaration"": false, ""extern_or_abi_boundary"": false, ""flexible_array"": false, ""free"": false, ""function_pointer"": false, ""generated_source"": false, ""global_read"": false, ""global_write"": false, ""goto"": false, ""lexical_ambiguity"": false, ""longjmp"": false, ""macro_density"": 0.0, ""macro_generated_declaration"": false, ""macro_use"": false, ""malloc"": false, ""memcpy"": false, ""memmove"": false, ""memset"": false, ""mutable_global"": false, ""parameter_count"": 2, ""platform_specific"": false, ""pointer_arithmetic"": false, ""pointer_count"": 0, ""pointer_to_pointer"": false, ""raw_pointer_parameter"": false, ""raw_pointer_return"": false, ""realloc"": false, ""setjmp"": false, ""static_local"": false, ""syscall"": false, ""third_party"": false, ""union"": false, ""va_list"": false, ""variadic"": false, ""void_pointer"": false}",TRIVIAL,no_significant_detected_blocker,"[""conditional_compilation""]",medium
2,poco-net,a2cf8ccfc48e858d0af493d58e695c5475bc6780,Net/src/PollSet.cpp,432,440,function,clear,9,"{""bitfield"": false, ""branch_complexity_proxy"": 0, ""c_array"": false, ""call_count"": 6, ""callback"": false, ""calloc"": false, ""conditional_compilation"": true, ""explicit_abi_boundary"": false, ""extern_declaration"": false, ""extern_or_abi_boundary"": false, ""flexible_array"": false, ""free"": false, ""function_pointer"": false, ""generated_source"": false, ""global_read"": false, ""global_write"": false, ""goto"": false, ""lexical_ambiguity"": false, ""longjmp"": false, ""macro_density"": 0.0, ""macro_generated_declaration"": false, ""macro_use"": false, ""malloc"": false, ""memcpy"": false, ""memmove"": false, ""memset"": false, ""mutable_global"": false, ""parameter_count"": 0, ""platform_specific"": false, ""pointer_arithmetic"": false, ""pointer_count"": 0, ""pointer_to_pointer"": false, ""raw_pointer_parameter"": false, ""raw_pointer_return"": false, ""realloc"": false, ""setjmp"": false, ""static_local"": false, ""syscall"": false, ""third_party"": false, ""union"": false, ""va_list"": false, ""variadic"": false, ""void_pointer"": false}",TRIVIAL,no_significant_detected_blocker,"[""conditional_compilation""]",medium
2,poco-net,a2cf8ccfc48e858d0af493d58e695c5475bc6780,Net/src/PollSet.cpp,534,540,function,wakeUp,7,"{""bitfield"": false, ""branch_complexity_proxy"": 1, ""c_array"": false, ""call_count"": 4, ""callback"": false, ""calloc"": false, ""conditional_compilation"": true, ""explicit_abi_boundary"": false, ""extern_declaration"": false, ""extern_or_abi_boundary"": false, ""flexible_array"": false, ""free"": false, ""function_pointer"": false, ""generated_source"": false, ""global_read"": false, ""global_write"": false, ""goto"": false, ""lexical_ambiguity"": false, ""longjmp"": false, ""macro_density"": 0.0, ""macro_generated_declaration"": false, ""macro_use"": false, ""malloc"": false, ""memcpy"": false, ""memmove"": false, ""memset"": false, ""mutable_global"": false, ""parameter_count"": 0, ""platform_specific"": false, ""pointer_arithmetic"": false, ""pointer_count"": 0, ""pointer_to_pointer"": false, ""raw_pointer_parameter"": false, ""raw_pointer_return"": false, ""realloc"": false, ""setjmp"": false, ""static_local"": true, ""syscall"": false, ""third_party"": false, ""union"": false, ""va_list"": false, ""variadic"": false, ""void_pointer"": false}",REFACTOR_THEN_DSL,static_local,[],medium
2,poco-net,a2cf8ccfc48e858d0af493d58e695c5475bc6780,Net/src/PollSet.cpp,549,556,function,setMode,8,"{""bitfield"": false, ""branch_complexity_proxy"": 2, ""c_array"": false, ""call_count"": 3, ""callback"": false, ""calloc"": false, ""conditional_compilation"": true, ""explicit_abi_boundary"": false, ""extern_declaration"": false, ""extern_or_abi_boundary"": false, ""flexible_array"": false, ""free"": false, ""function_pointer"": false, ""generated_source"": false, ""global_read"": false, ""global_write"": false, ""goto"": false, ""lexical_ambiguity"": false, ""longjmp"": false, ""macro_density"": 0.0, ""macro_generated_declaration"": false, ""macro_use"": false, ""malloc"": false, ""memcpy"": false, ""memmove"": false, ""memset"": false, ""mutable_global"": false, ""parameter_count"": 2, ""platform_specific"": false, ""pointer_arithmetic"": false, ""pointer_count"": 0, ""pointer_to_pointer"": false, ""raw_pointer_parameter"": false, ""raw_pointer_return"": false, ""realloc"": false, ""setjmp"": false, ""static_local"": false, ""syscall"": false, ""third_party"": false, ""union"": false, ""va_list"": false, ""variadic"": false, ""void_pointer"": false}",TRIVIAL,no_significant_detected_blocker,"[""conditional_compilation""]",medium
2,poco-net,a2cf8ccfc48e858d0af493d58e695c5475bc6780,Net/src/PollSet.cpp,584,588,function,add,5,"{""bitfield"": false, ""branch_complexity_proxy"": 0, ""c_array"": false, ""call_count"": 2, ""callback"": false, ""calloc"": false, ""conditional_compilation"": true, ""explicit_abi_boundary"": false, ""extern_declaration"": false, ""extern_or_abi_boundary"": false, ""flexible_array"": false, ""free"": false, ""function_pointer"": false, ""generated_source"": false, ""global_read"": false, ""global_write"": false, ""goto"": false, ""lexical_ambiguity"": false, ""longjmp"": false, ""macro_density"": 0.0, ""macro_generated_declaration"": false, ""macro_use"": false, ""malloc"": false, ""memcpy"": false, ""memmove"": false, ""memset"": false, ""mutable_global"": false, ""parameter_count"": 2, ""platform_specific"": false, ""pointer_arithmetic"": false, ""pointer_count"": 0, ""pointer_to_pointer"": false, ""raw_pointer_parameter"": false, ""raw_pointer_return"": false, ""realloc"": false, ""setjmp"": false, ""static_local"": false, ""syscall"": false, ""third_party"": false, ""union"": false, ""va_list"": false, ""variadic"": false, ""void_pointer"": false}",TRIVIAL,no_significant_detected_blocker,"[""conditional_compilation""]",medium
2,poco-net,a2cf8ccfc48e858d0af493d58e695c5475bc6780,Net/src/PollSet.cpp,590,594,function,remove,5,"{""bitfield"": false, ""branch_complexity_proxy"": 0, ""c_array"": false, ""call_count"": 3, ""callback"": false, ""calloc"": false, ""conditional_compilation"": true, ""explicit_abi_boundary"": false, ""extern_declaration"": false, ""extern_or_abi_boundary"": false, ""flexible_array"": false, ""free"": false, ""function_pointer"": false, ""generated_source"": false, ""global_read"": false, ""global_write"": false, ""goto"": false, ""lexical_ambiguity"": false, ""longjmp"": false, ""macro_density"": 0.0, ""macro_generated_declaration"": false, ""macro_use"": false, ""malloc"": false, ""memcpy"": false, ""memmove"": false, ""memset"": false, ""mutable_global"": false, ""parameter_count"": 1, ""platform_specific"": false, ""pointer_arithmetic"": false, ""pointer_count"": 0, ""pointer_to_pointer"": false, ""raw_pointer_parameter"": false, ""raw_pointer_return"": false, ""realloc"": false, ""setjmp"": false, ""static_local"": false, ""syscall"": false, ""third_party"": false, ""union"": false, ""va_list"": false, ""variadic"": false, ""void_pointer"": false}",TRIVIAL,no_significant_detected_blocker,"[""conditional_compilation""]",medium
2,poco-net,a2cf8ccfc48e858d0af493d58e695c5475bc6780,Net/src/PollSet.cpp,608,612,function,update,5,"{""bitfield"": false, ""branch_complexity_proxy"": 0, ""c_array"": false, ""call_count"": 2, ""callback"": false, ""calloc"": false, ""conditional_compilation"": true, ""explicit_abi_boundary"": false, ""extern_declaration"": false, ""extern_or_abi_boundary"": false, ""flexible_array"": false, ""free"": false, ""function_pointer"": false, ""generated_source"": false, ""global_read"": false, ""global_write"": false, ""goto"": false, ""lexical_ambiguity"": false, ""longjmp"": false, ""macro_density"": 0.0, ""macro_generated_declaration"": false, ""macro_use"": false, ""malloc"": false, ""memcpy"": false, ""memmove"": false, ""memset"": false, ""mutable_global"": false, ""parameter_count"": 2, ""platform_specific"": false, ""pointer_arithmetic"": false, ""pointer_count"": 0, ""pointer_to_pointer"": false, ""raw_pointer_parameter"": false, ""raw_pointer_return"": false, ""realloc"": false, ""setjmp"": false, ""static_local"": false, ""syscall"": false, ""third_party"": false, ""union"": false, ""va_list"": false, ""variadic"": false, ""void_pointer"": false}",TRIVIAL,no_significant_detected_blocker,"[""conditional_compilation""]",medium
2,poco-net,a2cf8ccfc48e858d0af493d58e695c5475bc6780,Net/src/PollSet.cpp,614,618,function,clear,5,"{""bitfield"": false, ""branch_complexity_proxy"": 0, ""c_array"": false, ""call_count"": 3, ""callback"": false, ""calloc"": false, ""conditional_compilation"": true, ""explicit_abi_boundary"": false, ""extern_declaration"": false, ""extern_or_abi_boundary"": false, ""flexible_array"": false, ""free"": false, ""function_pointer"": false, ""generated_source"": false, ""global_read"": false, ""global_write"": false, ""goto"": false, ""lexical_ambiguity"": false, ""longjmp"": false, ""macro_density"": 0.0, ""macro_generated_declaration"": false, ""macro_use"": false, ""malloc"": false, ""memcpy"": false, ""memmove"": false, ""memset"": false, ""mutable_global"": false, ""parameter_count"": 0, ""platform_specific"": false, ""pointer_arithmetic"": false, ""pointer_count"": 0, ""pointer_to_pointer"": false, ""raw_pointer_parameter"": false, ""raw_pointer_return"": false, ""realloc"": false, ""setjmp"": false, ""static_local"": false, ""syscall"": false, ""third_party"": false, ""union"": false, ""va_list"": false, ""variadic"": false, ""void_pointer"": false}",TRIVIAL,no_significant_detected_blocker,"[""conditional_compilation""]",medium
2,poco-net,a2cf8ccfc48e858d0af493d58e695c5475bc6780,Net/src/PollSet.cpp,716,719,function,wakeUp,4,"{""bitfield"": false, ""branch_complexity_proxy"": 0, ""c_array"": false, ""call_count"": 1, ""callback"": false, ""calloc"": false, ""conditional_compilation"": true, ""explicit_abi_boundary"": false, ""extern_declaration"": false, ""extern_or_abi_boundary"": false, ""flexible_array"": false, ""free"": false, ""function_pointer"": false, ""generated_source"": false, ""global_read"": false, ""global_write"": false, ""goto"": false, ""lexical_ambiguity"": false, ""longjmp"": false, ""macro_density"": 0.0, ""macro_generated_declaration"": false, ""macro_use"": false, ""malloc"": false, ""memcpy"": false, ""memmove"": false, ""memset"": false, ""mutable_global"": false, ""parameter_count"": 0, ""platform_specific"": false, ""pointer_arithmetic"": false, ""pointer_count"": 0, ""pointer_to_pointer"": false, ""raw_pointer_parameter"": false, ""raw_pointer_return"": false, ""realloc"": false, ""setjmp"": false, ""static_local"": false, ""syscall"": false, ""third_party"": false, ""union"": false, ""va_list"": false, ""variadic"": false, ""void_pointer"": false}",TRIVIAL,no_significant_detected_blocker,"[""conditional_compilation""]",medium
2,poco-net,a2cf8ccfc48e858d0af493d58e695c5475bc6780,Net/src/QuotedPrintableDecoder.cpp,50,61,function,if,12,"{""bitfield"": false, ""branch_complexity_proxy"": 2, ""c_array"": false, ""call_count"": 7, ""callback"": false, ""calloc"": false, ""conditional_compilation"": false, ""explicit_abi_boundary"": false, ""extern_declaration"": false, ""extern_or_abi_boundary"": false, ""flexible_array"": false, ""free"": false, ""function_pointer"": false, ""generated_source"": false, ""global_read"": false, ""global_write"": false, ""goto"": false, ""lexical_ambiguity"": false, ""longjmp"": false, ""macro_density"": 0.0, ""macro_generated_declaration"": false, ""macro_use"": false, ""malloc"": false, ""memcpy"": false, ""memmove"": false, ""memset"": false, ""mutable_global"": false, ""parameter_count"": 1, ""platform_specific"": false, ""pointer_arithmetic"": false, ""pointer_count"": 0, ""pointer_to_pointer"": false, ""raw_pointer_parameter"": false, ""raw_pointer_return"": false, ""realloc"": false, ""setjmp"": false, ""static_local"": false, ""syscall"": false, ""third_party"": false, ""union"": false, ""va_list"": false, ""variadic"": false, ""void_pointer"": false}",TRIVIAL,no_significant_detected_blocker,[],medium
2,poco-net,a2cf8ccfc48e858d0af493d58e695c5475bc6780,Net/src/QuotedPrintableDecoder.cpp,62,65,function,if,4,"{""bitfield"": false, ""branch_complexity_proxy"": 1, ""c_array"": false, ""call_count"": 2, ""callback"": false, ""calloc"": false, ""conditional_compilation"": false, ""explicit_abi_boundary"": false, ""extern_declaration"": false, ""extern_or_abi_boundary"": false, ""flexible_array"": false, ""free"": false, ""function_pointer"": false, ""generated_source"": false, ""global_read"": false, ""global_write"": false, ""goto"": false, ""lexical_ambiguity"": false, ""longjmp"": false, ""macro_density"": 0.0, ""macro_generated_declaration"": false, ""macro_use"": false, ""malloc"": false, ""memcpy"": false, ""memmove"": false, ""memset"": false, ""mutable_global"": false, ""parameter_count"": 1, ""platform_specific"": false, ""pointer_arithmetic"": false, ""pointer_count"": 0, ""pointer_to_pointer"": false, ""raw_pointer_parameter"": false, ""raw_pointer_return"": false, ""realloc"": false, ""setjmp"": false, ""static_local"": false, ""syscall"": false, ""third_party"": false, ""union"": false, ""va_list"": false, ""variadic"": false, ""void_pointer"": false}",TRIVIAL,no_significant_detected_blocker,[],medium
2,poco-net,a2cf8ccfc48e858d0af493d58e695c5475bc6780,Net/src/QuotedPrintableEncoder.cpp,63,66,function,if,4,"{""bitfield"": false, ""branch_complexity_proxy"": 1, ""c_array"": false, ""call_count"": 2, ""callback"": false, ""calloc"": false, ""conditional_compilation"": false, ""explicit_abi_boundary"": false, ""extern_declaration"": false, ""extern_or_abi_boundary"": false, ""flexible_array"": false, ""free"": false, ""function_pointer"": false, ""generated_source"": false, ""global_read"": false, ""global_write"": false, ""goto"": false, ""lexical_ambiguity"": false, ""longjmp"": false, ""macro_density"": 0.0, ""macro_generated_declaration"": false, ""macro_use"": false, ""malloc"": false, ""memcpy"": false, ""memmove"": false, ""memset"": false, ""mutable_global"": false, ""parameter_count"": 1, ""platform_specific"": false, ""pointer_arithmetic"": false, ""pointer_count"": 0, ""pointer_to_pointer"": false, ""raw_pointer_parameter"": false, ""raw_pointer_return"": false, ""realloc"": false, ""setjmp"": false, ""static_local"": false, ""syscall"": false, ""third_party"": false, ""union"": false, ""va_list"": false, ""variadic"": false, ""void_pointer"": false}",TRIVIAL,no_significant_detected_blocker,[],medium
2,poco-net,a2cf8ccfc48e858d0af493d58e695c5475bc6780,Net/src/QuotedPrintableEncoder.cpp,94,98,function,if,5,"{""bitfield"": false, ""branch_complexity_proxy"": 1, ""c_array"": false, ""call_count"": 2, ""callback"": false, ""calloc"": false, ""conditional_compilation"": false, ""explicit_abi_boundary"": false, ""extern_declaration"": false, ""extern_or_abi_boundary"": false, ""flexible_array"": false, ""free"": false, ""function_pointer"": false, ""generated_source"": false, ""global_read"": false, ""global_write"": false, ""goto"": false, ""lexical_ambiguity"": false, ""longjmp"": false, ""macro_density"": 0.0, ""macro_generated_declaration"": false, ""macro_use"": false, ""malloc"": false, ""memcpy"": false, ""memmove"": false, ""memset"": false, ""mutable_global"": false, ""parameter_count"": 1, ""platform_specific"": false, ""pointer_arithmetic"": false, ""pointer_count"": 0, ""pointer_to_pointer"": false, ""raw_pointer_parameter"": false, ""raw_pointer_return"": false, ""realloc"": false, ""setjmp"": false, ""static_local"": false, ""syscall"": false, ""third_party"": false, ""union"": false, ""va_list"": false, ""variadic"": false, ""void_pointer"": false}",TRIVIAL,no_significant_detected_blocker,[],medium
2,poco-net,a2cf8ccfc48e858d0af493d58e695c5475bc6780,Net/src/RemoteSyslogChannel.cpp,173,231,function,if,59,"{""bitfield"": false, ""branch_complexity_proxy"": 27, ""c_array"": false, ""call_count"": 34, ""callback"": false, ""calloc"": false, ""conditional_compilation"": false, ""explicit_abi_boundary"": false, ""extern_declaration"": false, ""extern_or_abi_boundary"": false, ""flexible_array"": false, ""free"": false, ""function_pointer"": false, ""generated_source"": false, ""global_read"": false, ""global_write"": false, ""goto"": false, ""lexical_ambiguity"": false, ""longjmp"": false, ""macro_density"": 0.0, ""macro_generated_declaration"": false, ""macro_use"": false, ""malloc"": false, ""memcpy"": false, ""memmove"": false, ""memset"": false, ""mutable_global"": false, ""parameter_count"": 1, ""platform_specific"": false, ""pointer_arithmetic"": false, ""pointer_count"": 0, ""pointer_to_pointer"": false, ""raw_pointer_parameter"": false, ""raw_pointer_return"": false, ""realloc"": false, ""setjmp"": false, ""static_local"": false, ""syscall"": false, ""third_party"": false, ""union"": false, ""va_list"": false, ""variadic"": false, ""void_pointer"": false}",TRIVIAL,no_significant_detected_blocker,[],medium
2,poco-net,a2cf8ccfc48e858d0af493d58e695c5475bc6780,Net/src/RemoteSyslogChannel.cpp,232,235,function,if,4,"{""bitfield"": false, ""branch_complexity_proxy"": 1, ""c_array"": false, ""call_count"": 1, ""callback"": false, ""calloc"": false, ""conditional_compilation"": false, ""explicit_abi_boundary"": false, ""extern_declaration"": false, ""extern_or_abi_boundary"": false, ""flexible_array"": false, ""free"": false, ""function_pointer"": false, ""generated_source"": false, ""global_read"": false, ""global_write"": false, ""goto"": false, ""lexical_ambiguity"": false, ""longjmp"": false, ""macro_density"": 0.0, ""macro_generated_declaration"": false, ""macro_use"": false, ""malloc"": false, ""memcpy"": false, ""memmove"": false, ""memset"": false, ""mutable_global"": false, ""parameter_count"": 1, ""platform_specific"": false, ""pointer_arithmetic"": false, ""pointer_count"": 0, ""pointer_to_pointer"": false, ""raw_pointer_parameter"": false, ""raw_pointer_return"": false, ""realloc"": false, ""setjmp"": false, ""static_local"": false, ""syscall"": false, ""third_party"": false, ""union"": false, ""va_list"": false, ""variadic"": false, ""void_pointer"": false}",TRIVIAL,no_significant_detected_blocker,[],medium
2,poco-net,a2cf8ccfc48e858d0af493d58e695c5475bc6780,Net/src/RemoteSyslogChannel.cpp,236,239,function,if,4,"{""bitfield"": false, ""branch_complexity_proxy"": 1, ""c_array"": false, ""call_count"": 1, ""callback"": false, ""calloc"": false, ""conditional_compilation"": false, ""explicit_abi_boundary"": false, ""extern_declaration"": false, ""extern_or_abi_boundary"": false, ""flexible_array"": false, ""free"": false, ""function_pointer"": false, ""generated_source"": false, ""global_read"": false, ""global_write"": false, ""goto"": false, ""lexical_ambiguity"": false, ""longjmp"": false, ""macro_density"": 0.0, ""macro_generated_declaration"": false, ""macro_use"": false, ""malloc"": false, ""memcpy"": false, ""memmove"": false, ""memset"": false, ""mutable_global"": false, ""parameter_count"": 1, ""platform_specific"": false, ""pointer_arithmetic"": false, ""pointer_count"": 0, ""pointer_to_pointer"": false, ""raw_pointer_parameter"": false, ""raw_pointer_return"": false, ""realloc"": false, ""setjmp"": false, ""static_local"": false, ""syscall"": false, ""third_party"": false, ""union"": false, ""va_list"": false, ""variadic"": false, ""void_pointer"": false}",TRIVIAL,no_significant_detected_blocker,[],medium
2,poco-net,a2cf8ccfc48e858d0af493d58e695c5475bc6780,Net/src/RemoteSyslogChannel.cpp,240,243,function,if,4,"{""bitfield"": false, ""branch_complexity_proxy"": 1, ""c_array"": false, ""call_count"": 1, ""callback"": false, ""calloc"": false, ""conditional_compilation"": false, ""explicit_abi_boundary"": false, ""extern_declaration"": false, ""extern_or_abi_boundary"": false, ""flexible_array"": false, ""free"": false, ""function_pointer"": false, ""generated_source"": false, ""global_read"": false, ""global_write"": false, ""goto"": false, ""lexical_ambiguity"": false, ""longjmp"": false, ""macro_density"": 0.0, ""macro_generated_declaration"": false, ""macro_use"": false, ""malloc"": false, ""memcpy"": false, ""memmove"": false, ""memset"": false, ""mutable_global"": false, ""parameter_count"": 1, ""platform_specific"": false, ""pointer_arithmetic"": false, ""pointer_count"": 0, ""pointer_to_pointer"": false, ""raw_pointer_parameter"": false, ""raw_pointer_return"": false, ""realloc"": false, ""setjmp"": false, ""static_local"": false, ""syscall"": false, ""third_party"": false, ""union"": false, ""va_list"": false, ""variadic"": false, ""void_pointer"": false}",TRIVIAL,no_significant_detected_blocker,[],medium
2,poco-net,a2cf8ccfc48e858d0af493d58e695c5475bc6780,Net/src/RemoteSyslogChannel.cpp,244,247,function,if,4,"{""bitfield"": false, ""branch_complexity_proxy"": 1, ""c_array"": false, ""call_count"": 2, ""callback"": false, ""calloc"": false, ""conditional_compilation"": false, ""explicit_abi_boundary"": false, ""extern_declaration"": false, ""extern_or_abi_boundary"": false, ""flexible_array"": false, ""free"": false, ""function_pointer"": false, ""generated_source"": false, ""global_read"": false, ""global_write"": false, ""goto"": false, ""lexical_ambiguity"": false, ""longjmp"": false, ""macro_density"": 0.0, ""macro_generated_declaration"": false, ""macro_use"": false, ""malloc"": false, ""memcpy"": false, ""memmove"": false, ""memset"": false, ""mutable_global"": false, ""parameter_count"": 1, ""platform_specific"": false, ""pointer_arithmetic"": false, ""pointer_count"": 0, ""pointer_to_pointer"": false, ""raw_pointer_parameter"": false, ""raw_pointer_return"": false, ""realloc"": false, ""setjmp"": false, ""static_local"": false, ""syscall"": false, ""third_party"": false, ""union"": false, ""va_list"": false, ""variadic"": false, ""void_pointer"": false}",TRIVIAL,no_significant_detected_blocker,[],medium
2,poco-net,a2cf8ccfc48e858d0af493d58e695c5475bc6780,Net/src/RemoteSyslogChannel.cpp,264,316,function,if,53,"{""bitfield"": false, ""branch_complexity_proxy"": 25, ""c_array"": false, ""call_count"": 25, ""callback"": false, ""calloc"": false, ""conditional_compilation"": false, ""explicit_abi_boundary"": false, ""extern_declaration"": false, ""extern_or_abi_boundary"": false, ""flexible_array"": false, ""free"": false, ""function_pointer"": false, ""generated_source"": false, ""global_read"": false, ""global_write"": false, ""goto"": false, ""lexical_ambiguity"": false, ""longjmp"": false, ""macro_density"": 0.0, ""macro_generated_declaration"": false, ""macro_use"": false, ""malloc"": false, ""memcpy"": false, ""memmove"": false, ""memset"": false, ""mutable_global"": false, ""parameter_count"": 1, ""platform_specific"": false, ""pointer_arithmetic"": false, ""pointer_count"": 0, ""pointer_to_pointer"": false, ""raw_pointer_parameter"": false, ""raw_pointer_return"": false, ""realloc"": false, ""setjmp"": false, ""static_local"": false, ""syscall"": false, ""third_party"": false, ""union"": false, ""va_list"": false, ""variadic"": false, ""void_pointer"": false}",TRIVIAL,no_significant_detected_blocker,[],medium
2,poco-net,a2cf8ccfc48e858d0af493d58e695c5475bc6780,Net/src/RemoteSyslogChannel.cpp,317,320,function,if,4,"{""bitfield"": false, ""branch_complexity_proxy"": 1, ""c_array"": false, ""call_count"": 1, ""callback"": false, ""calloc"": false, ""conditional_compilation"": false, ""explicit_abi_boundary"": false, ""extern_declaration"": false, ""extern_or_abi_boundary"": false, ""flexible_array"": false, ""free"": false, ""function_pointer"": false, ""generated_source"": false, ""global_read"": false, ""global_write"": false, ""goto"": false, ""lexical_ambiguity"": false, ""longjmp"": false, ""macro_density"": 0.0, ""macro_generated_declaration"": false, ""macro_use"": false, ""malloc"": false, ""memcpy"": false, ""memmove"": false, ""memset"": false, ""mutable_global"": false, ""parameter_count"": 1, ""platform_specific"": false, ""pointer_arithmetic"": false, ""pointer_count"": 0, ""pointer_to_pointer"": false, ""raw_pointer_parameter"": false, ""raw_pointer_return"": false, ""realloc"": false, ""setjmp"": false, ""static_local"": false, ""syscall"": false, ""third_party"": false, ""union"": false, ""va_list"": false, ""variadic"": false, ""void_pointer"": false}",TRIVIAL,no_significant_detected_blocker,[],medium
2,poco-net,a2cf8ccfc48e858d0af493d58e695c5475bc6780,Net/src/RemoteSyslogChannel.cpp,321,324,function,if,4,"{""bitfield"": false, ""branch_complexity_proxy"": 1, ""c_array"": false, ""call_count"": 1, ""callback"": false, ""calloc"": false, ""conditional_compilation"": false, ""explicit_abi_boundary"": false, ""extern_declaration"": false, ""extern_or_abi_boundary"": false, ""flexible_array"": false, ""free"": false, ""function_pointer"": false, ""generated_source"": false, ""global_read"": false, ""global_write"": false, ""goto"": false, ""lexical_ambiguity"": false, ""longjmp"": false, ""macro_density"": 0.0, ""macro_generated_declaration"": false, ""macro_use"": false, ""malloc"": false, ""memcpy"": false, ""memmove"": false, ""memset"": false, ""mutable_global"": false, ""parameter_count"": 1, ""platform_specific"": false, ""pointer_arithmetic"": false, ""pointer_count"": 0, ""pointer_to_pointer"": false, ""raw_pointer_parameter"": false, ""raw_pointer_return"": false, ""realloc"": false, ""setjmp"": false, ""static_local"": false, ""syscall"": false, ""third_party"": false, ""union"": false, ""va_list"": false, ""variadic"": false, ""void_pointer"": false}",TRIVIAL,no_significant_detected_blocker,[],medium
2,poco-net,a2cf8ccfc48e858d0af493d58e695c5475bc6780,Net/src/RemoteSyslogChannel.cpp,325,328,function,if,4,"{""bitfield"": false, ""branch_complexity_proxy"": 1, ""c_array"": false, ""call_count"": 1, ""callback"": false, ""calloc"": false, ""conditional_compilation"": false, ""explicit_abi_boundary"": false, ""extern_declaration"": false, ""extern_or_abi_boundary"": false, ""flexible_array"": false, ""free"": false, ""function_pointer"": false, ""generated_source"": false, ""global_read"": false, ""global_write"": false, ""goto"": false, ""lexical_ambiguity"": false, ""longjmp"": false, ""macro_density"": 0.0, ""macro_generated_declaration"": false, ""macro_use"": false, ""malloc"": false, ""memcpy"": false, ""memmove"": false, ""memset"": false, ""mutable_global"": false, ""parameter_count"": 1, ""platform_specific"": false, ""pointer_arithmetic"": false, ""pointer_count"": 0, ""pointer_to_pointer"": false, ""raw_pointer_parameter"": false, ""raw_pointer_return"": false, ""realloc"": false, ""setjmp"": false, ""static_local"": false, ""syscall"": false, ""third_party"": false, ""union"": false, ""va_list"": false, ""variadic"": false, ""void_pointer"": false}",TRIVIAL,no_significant_detected_blocker,[],medium
2,poco-net,a2cf8ccfc48e858d0af493d58e695c5475bc6780,Net/src/RemoteSyslogChannel.cpp,329,332,function,if,4,"{""bitfield"": false, ""branch_complexity_proxy"": 1, ""c_array"": false, ""call_count"": 2, ""callback"": false, ""calloc"": false, ""conditional_compilation"": false, ""explicit_abi_boundary"": false, ""extern_declaration"": false, ""extern_or_abi_boundary"": false, ""flexible_array"": false, ""free"": false, ""function_pointer"": false, ""generated_source"": false, ""global_read"": false, ""global_write"": false, ""goto"": false, ""lexical_ambiguity"": false, ""longjmp"": false, ""macro_density"": 0.0, ""macro_generated_declaration"": false, ""macro_use"": false, ""malloc"": false, ""memcpy"": false, ""memmove"": false, ""memset"": false, ""mutable_global"": false, ""parameter_count"": 1, ""platform_specific"": false, ""pointer_arithmetic"": false, ""pointer_count"": 0, ""pointer_to_pointer"": false, ""raw_pointer_parameter"": false, ""raw_pointer_return"": false, ""realloc"": false, ""setjmp"": false, ""static_local"": false, ""syscall"": false, ""third_party"": false, ""union"": false, ""va_list"": false, ""variadic"": false, ""void_pointer"": false}",TRIVIAL,no_significant_detected_blocker,[],medium
2,poco-net,a2cf8ccfc48e858d0af493d58e695c5475bc6780,Net/src/RemoteSyslogListener.cpp,83,87,enum,anonymous_enum_83,5,"{""bitfield"": false, ""branch_complexity_proxy"": 0, ""c_array"": false, ""call_count"": 0, ""callback"": false, ""calloc"": false, ""conditional_compilation"": false, ""explicit_abi_boundary"": false, ""extern_declaration"": false, ""extern_or_abi_boundary"": false, ""flexible_array"": false, ""free"": false, ""function_pointer"": false, ""generated_source"": false, ""global_read"": false, ""global_write"": false, ""goto"": false, ""lexical_ambiguity"": false, ""longjmp"": false, ""macro_density"": 0.0, ""macro_generated_declaration"": false, ""macro_use"": false, ""malloc"": false, ""memcpy"": false, ""memmove"": false, ""memset"": false, ""mutable_global"": false, ""parameter_count"": 0, ""platform_specific"": false, ""pointer_arithmetic"": false, ""pointer_count"": 0, ""pointer_to_pointer"": false, ""raw_pointer_parameter"": false, ""raw_pointer_return"": false, ""realloc"": false, ""setjmp"": false, ""static_local"": false, ""syscall"": false, ""third_party"": false, ""union"": false, ""va_list"": false, ""variadic"": false, ""void_pointer"": false}",TRIVIAL,no_significant_detected_blocker,[],medium
2,poco-net,a2cf8ccfc48e858d0af493d58e695c5475bc6780,Net/src/RemoteSyslogListener.cpp,161,164,enum,anonymous_enum_161,4,"{""bitfield"": false, ""branch_complexity_proxy"": 0, ""c_array"": false, ""call_count"": 0, ""callback"": false, ""calloc"": false, ""conditional_compilation"": false, ""explicit_abi_boundary"": false, ""extern_declaration"": false, ""extern_or_abi_boundary"": false, ""flexible_array"": false, ""free"": false, ""function_pointer"": false, ""generated_source"": false, ""global_read"": false, ""global_write"": false, ""goto"": false, ""lexical_ambiguity"": false, ""longjmp"": false, ""macro_density"": 0.0, ""macro_generated_declaration"": false, ""macro_use"": false, ""malloc"": false, ""memcpy"": false, ""memmove"": false, ""memset"": false, ""mutable_global"": false, ""parameter_count"": 0, ""platform_specific"": false, ""pointer_arithmetic"": false, ""pointer_count"": 0, ""pointer_to_pointer"": false, ""raw_pointer_parameter"": false, ""raw_pointer_return"": false, ""realloc"": false, ""setjmp"": false, ""static_local"": false, ""syscall"": false, ""third_party"": false, ""union"": false, ""va_list"": false, ""variadic"": false, ""void_pointer"": false}",TRIVIAL,no_significant_detected_blocker,[],medium
2,poco-net,a2cf8ccfc48e858d0af493d58e695c5475bc6780,Net/src/RemoteSyslogListener.cpp,353,361,function,if,9,"{""bitfield"": false, ""branch_complexity_proxy"": 2, ""c_array"": false, ""call_count"": 5, ""callback"": false, ""calloc"": false, ""conditional_compilation"": false, ""explicit_abi_boundary"": false, ""extern_declaration"": false, ""extern_or_abi_boundary"": false, ""flexible_array"": false, ""free"": false, ""function_pointer"": false, ""generated_source"": false, ""global_read"": false, ""global_write"": false, ""goto"": false, ""lexical_ambiguity"": false, ""longjmp"": false, ""macro_density"": 0.0, ""macro_generated_declaration"": false, ""macro_use"": false, ""malloc"": false, ""memcpy"": false, ""memmove"": false, ""memset"": false, ""mutable_global"": false, ""parameter_count"": 1, ""platform_specific"": false, ""pointer_arithmetic"": false, ""pointer_count"": 0, ""pointer_to_pointer"": false, ""raw_pointer_parameter"": false, ""raw_pointer_return"": false, ""realloc"": false, ""setjmp"": false, ""static_local"": false, ""syscall"": false, ""third_party"": false, ""union"": false, ""va_list"": false, ""variadic"": false, ""void_pointer"": false}",TRIVIAL,no_significant_detected_blocker,[],medium
2,poco-net,a2cf8ccfc48e858d0af493d58e695c5475bc6780,Net/src/RemoteSyslogListener.cpp,418,433,function,if,16,"{""bitfield"": false, ""branch_complexity_proxy"": 4, ""c_array"": false, ""call_count"": 10, ""callback"": false, ""calloc"": false, ""conditional_compilation"": false, ""explicit_abi_boundary"": false, ""extern_declaration"": false, ""extern_or_abi_boundary"": false, ""flexible_array"": false, ""free"": false, ""function_pointer"": false, ""generated_source"": false, ""global_read"": false, ""global_write"": false, ""goto"": false, ""lexical_ambiguity"": false, ""longjmp"": false, ""macro_density"": 0.0, ""macro_generated_declaration"": false, ""macro_use"": false, ""malloc"": false, ""memcpy"": false, ""memmove"": false, ""memset"": false, ""mutable_global"": false, ""parameter_count"": 1, ""platform_specific"": false, ""pointer_arithmetic"": false, ""pointer_count"": 0, ""pointer_to_pointer"": false, ""raw_pointer_parameter"": false, ""raw_pointer_return"": false, ""realloc"": false, ""setjmp"": false, ""static_local"": false, ""syscall"": false, ""third_party"": false, ""union"": false, ""va_list"": false, ""variadic"": false, ""void_pointer"": false}",TRIVIAL,no_significant_detected_blocker,[],medium
2,poco-net,a2cf8ccfc48e858d0af493d58e695c5475bc6780,Net/src/RemoteSyslogListener.cpp,449,458,function,if,10,"{""bitfield"": false, ""branch_complexity_proxy"": 3, ""c_array"": false, ""call_count"": 5, ""callback"": false, ""calloc"": false, ""conditional_compilation"": false, ""explicit_abi_boundary"": false, ""extern_declaration"": false, ""extern_or_abi_boundary"": false, ""flexible_array"": false, ""free"": false, ""function_pointer"": false, ""generated_source"": false, ""global_read"": false, ""global_write"": false, ""goto"": false, ""lexical_ambiguity"": false, ""longjmp"": false, ""macro_density"": 0.0, ""macro_generated_declaration"": false, ""macro_use"": false, ""malloc"": false, ""memcpy"": false, ""memmove"": false, ""memset"": false, ""mutable_global"": false, ""parameter_count"": 1, ""platform_specific"": false, ""pointer_arithmetic"": false, ""pointer_count"": 0, ""pointer_to_pointer"": false, ""raw_pointer_parameter"": false, ""raw_pointer_return"": false, ""realloc"": false, ""setjmp"": false, ""static_local"": false, ""syscall"": false, ""third_party"": false, ""union"": false, ""va_list"": false, ""variadic"": false, ""void_pointer"": false}",TRIVIAL,no_significant_detected_blocker,[],medium
2,poco-net,a2cf8ccfc48e858d0af493d58e695c5475bc6780,Net/src/RemoteSyslogListener.cpp,584,587,function,if,4,"{""bitfield"": false, ""branch_complexity_proxy"": 1, ""c_array"": false, ""call_count"": 2, ""callback"": false, ""calloc"": false, ""conditional_compilation"": false, ""explicit_abi_boundary"": false, ""extern_declaration"": false, ""extern_or_abi_boundary"": false, ""flexible_array"": false, ""free"": false, ""function_pointer"": false, ""generated_source"": false, ""global_read"": false, ""global_write"": false, ""goto"": false, ""lexical_ambiguity"": false, ""longjmp"": false, ""macro_density"": 0.0, ""macro_generated_declaration"": false, ""macro_use"": false, ""malloc"": false, ""memcpy"": false, ""memmove"": false, ""memset"": false, ""mutable_global"": false, ""parameter_count"": 1, ""platform_specific"": false, ""pointer_arithmetic"": false, ""pointer_count"": 0, ""pointer_to_pointer"": false, ""raw_pointer_parameter"": false, ""raw_pointer_return"": false, ""realloc"": false, ""setjmp"": false, ""static_local"": false, ""syscall"": false, ""third_party"": false, ""union"": false, ""va_list"": false, ""variadic"": false, ""void_pointer"": false}",TRIVIAL,no_significant_detected_blocker,[],medium
2,poco-net,a2cf8ccfc48e858d0af493d58e695c5475bc6780,Net/src/RemoteSyslogListener.cpp,588,595,function,if,8,"{""bitfield"": false, ""branch_complexity_proxy"": 2, ""c_array"": false, ""call_count"": 4, ""callback"": false, ""calloc"": false, ""conditional_compilation"": false, ""explicit_abi_boundary"": false, ""extern_declaration"": false, ""extern_or_abi_boundary"": false, ""flexible_array"": false, ""free"": false, ""function_pointer"": false, ""generated_source"": false, ""global_read"": false, ""global_write"": false, ""goto"": false, ""lexical_ambiguity"": false, ""longjmp"": false, ""macro_density"": 0.0, ""macro_generated_declaration"": false, ""macro_use"": false, ""malloc"": false, ""memcpy"": false, ""memmove"": false, ""memset"": false, ""mutable_global"": false, ""parameter_count"": 1, ""platform_specific"": false, ""pointer_arithmetic"": false, ""pointer_count"": 0, ""pointer_to_pointer"": false, ""raw_pointer_parameter"": false, ""raw_pointer_return"": false, ""realloc"": false, ""setjmp"": false, ""static_local"": false, ""syscall"": false, ""third_party"": false, ""union"": false, ""va_list"": false, ""variadic"": false, ""void_pointer"": false}",TRIVIAL,no_significant_detected_blocker,[],medium
2,poco-net,a2cf8ccfc48e858d0af493d58e695c5475bc6780,Net/src/RemoteSyslogListener.cpp,596,599,function,if,4,"{""bitfield"": false, ""branch_complexity_proxy"": 1, ""c_array"": false, ""call_count"": 2, ""callback"": false, ""calloc"": false, ""conditional_compilation"": false, ""explicit_abi_boundary"": false, ""extern_declaration"": false, ""extern_or_abi_boundary"": false, ""flexible_array"": false, ""free"": false, ""function_pointer"": false, ""generated_source"": false, ""global_read"": false, ""global_write"": false, ""goto"": false, ""lexical_ambiguity"": false, ""longjmp"": false, ""macro_density"": 0.0, ""macro_generated_declaration"": false, ""macro_use"": false, ""malloc"": false, ""memcpy"": false, ""memmove"": false, ""memset"": false, ""mutable_global"": false, ""parameter_count"": 1, ""platform_specific"": false, ""pointer_arithmetic"": false, ""pointer_count"": 0, ""pointer_to_pointer"": false, ""raw_pointer_parameter"": false, ""raw_pointer_return"": false, ""realloc"": false, ""setjmp"": false, ""static_local"": false, ""syscall"": false, ""third_party"": false, ""union"": false, ""va_list"": false, ""variadic"": false, ""void_pointer"": false}",TRIVIAL,no_significant_detected_blocker,[],medium
2,poco-net,a2cf8ccfc48e858d0af493d58e695c5475bc6780,Net/src/SMTPChannel.cpp,125,125,typedef,SST,1,"{""bitfield"": false, ""branch_complexity_proxy"": 0, ""c_array"": false, ""call_count"": 0, ""callback"": false, ""calloc"": false, ""conditional_compilation"": false, ""explicit_abi_boundary"": false, ""extern_declaration"": false, ""extern_or_abi_boundary"": false, ""flexible_array"": false, ""free"": false, ""function_pointer"": false, ""generated_source"": false, ""global_read"": false, ""global_write"": false, ""goto"": false, ""lexical_ambiguity"": false, ""longjmp"": false, ""macro_density"": 0.0, ""macro_generated_declaration"": false, ""macro_use"": false, ""malloc"": false, ""memcpy"": false, ""memmove"": false, ""memset"": false, ""mutable_global"": false, ""parameter_count"": 0, ""platform_specific"": false, ""pointer_arithmetic"": false, ""pointer_count"": 0, ""pointer_to_pointer"": false, ""raw_pointer_parameter"": false, ""raw_pointer_return"": false, ""realloc"": false, ""setjmp"": false, ""static_local"": false, ""syscall"": false, ""third_party"": false, ""union"": false, ""va_list"": false, ""variadic"": false, ""void_pointer"": false}",TRIVIAL,no_significant_detected_blocker,[],medium
2,poco-net,a2cf8ccfc48e858d0af493d58e695c5475bc6780,Net/src/SMTPClientSession.cpp,202,209,function,if,8,"{""bitfield"": false, ""branch_complexity_proxy"": 3, ""c_array"": false, ""call_count"": 12, ""callback"": false, ""calloc"": false, ""conditional_compilation"": false, ""explicit_abi_boundary"": false, ""extern_declaration"": false, ""extern_or_abi_boundary"": false, ""flexible_array"": false, ""free"": false, ""function_pointer"": false, ""generated_source"": false, ""global_read"": false, ""global_write"": false, ""goto"": false, ""lexical_ambiguity"": false, ""longjmp"": false, ""macro_density"": 0.0, ""macro_generated_declaration"": false, ""macro_use"": false, ""malloc"": false, ""memcpy"": false, ""memmove"": false, ""memset"": false, ""mutable_global"": false, ""parameter_count"": 4, ""platform_specific"": false, ""pointer_arithmetic"": false, ""pointer_count"": 0, ""pointer_to_pointer"": false, ""raw_pointer_parameter"": false, ""raw_pointer_return"": false, ""realloc"": false, ""setjmp"": false, ""static_local"": false, ""syscall"": false, ""third_party"": false, ""union"": false, ""va_list"": false, ""variadic"": false, ""void_pointer"": false}",TRIVIAL,no_significant_detected_blocker,[],medium
2,poco-net,a2cf8ccfc48e858d0af493d58e695c5475bc6780,Net/src/SMTPClientSession.cpp,327,334,function,if,8,"{""bitfield"": false, ""branch_complexity_proxy"": 2, ""c_array"": false, ""call_count"": 5, ""callback"": false, ""calloc"": false, ""conditional_compilation"": false, ""explicit_abi_boundary"": false, ""extern_declaration"": false, ""extern_or_abi_boundary"": false, ""flexible_array"": false, ""free"": false, ""function_pointer"": false, ""generated_source"": false, ""global_read"": false, ""global_write"": false, ""goto"": false, ""lexical_ambiguity"": false, ""longjmp"": false, ""macro_density"": 0.0, ""macro_generated_declaration"": false, ""macro_use"": false, ""malloc"": false, ""memcpy"": false, ""memmove"": false, ""memset"": false, ""mutable_global"": false, ""parameter_count"": 1, ""platform_specific"": false, ""pointer_arithmetic"": false, ""pointer_count"": 0, ""pointer_to_pointer"": false, ""raw_pointer_parameter"": false, ""raw_pointer_return"": false, ""realloc"": false, ""setjmp"": false, ""static_local"": false, ""syscall"": false, ""third_party"": false, ""union"": false, ""va_list"": false, ""variadic"": false, ""void_pointer"": false}",TRIVIAL,no_significant_detected_blocker,[],medium
2,poco-net,a2cf8ccfc48e858d0af493d58e695c5475bc6780,Net/src/SMTPClientSession.cpp,335,342,function,if,8,"{""bitfield"": false, ""branch_complexity_proxy"": 2, ""c_array"": false, ""call_count"": 5, ""callback"": false, ""calloc"": false, ""conditional_compilation"": false, ""explicit_abi_boundary"": false, ""extern_declaration"": false, ""extern_or_abi_boundary"": false, ""flexible_array"": false, ""free"": false, ""function_pointer"": false, ""generated_source"": false, ""global_read"": false, ""global_write"": false, ""goto"": false, ""lexical_ambiguity"": false, ""longjmp"": false, ""macro_density"": 0.0, ""macro_generated_declaration"": false, ""macro_use"": false, ""malloc"": false, ""memcpy"": false, ""memmove"": false, ""memset"": false, ""mutable_global"": false, ""parameter_count"": 1, ""platform_specific"": false, ""pointer_arithmetic"": false, ""pointer_count"": 0, ""pointer_to_pointer"": false, ""raw_pointer_parameter"": false, ""raw_pointer_return"": false, ""realloc"": false, ""setjmp"": false, ""static_local"": false, ""syscall"": false, ""third_party"": false, ""union"": false, ""va_list"": false, ""variadic"": false, ""void_pointer"": false}",TRIVIAL,no_significant_detected_blocker,[],medium
2,poco-net,a2cf8ccfc48e858d0af493d58e695c5475bc6780,Net/src/SMTPClientSession.cpp,343,350,function,if,8,"{""bitfield"": false, ""branch_complexity_proxy"": 2, ""c_array"": false, ""call_count"": 5, ""callback"": false, ""calloc"": false, ""conditional_compilation"": false, ""explicit_abi_boundary"": false, ""extern_declaration"": false, ""extern_or_abi_boundary"": false, ""flexible_array"": false, ""free"": false, ""function_pointer"": false, ""generated_source"": false, ""global_read"": false, ""global_write"": false, ""goto"": false, ""lexical_ambiguity"": false, ""longjmp"": false, ""macro_density"": 0.0, ""macro_generated_declaration"": false, ""macro_use"": false, ""malloc"": false, ""memcpy"": false, ""memmove"": false, ""memset"": false, ""mutable_global"": false, ""parameter_count"": 1, ""platform_specific"": false, ""pointer_arithmetic"": false, ""pointer_count"": 0, ""pointer_to_pointer"": false, ""raw_pointer_parameter"": false, ""raw_pointer_return"": false, ""realloc"": false, ""setjmp"": false, ""static_local"": false, ""syscall"": false, ""third_party"": false, ""union"": false, ""va_list"": false, ""variadic"": false, ""void_pointer"": false}",TRIVIAL,no_significant_detected_blocker,[],medium
2,poco-net,a2cf8ccfc48e858d0af493d58e695c5475bc6780,Net/src/SMTPClientSession.cpp,351,358,function,if,8,"{""bitfield"": false, ""branch_complexity_proxy"": 2, ""c_array"": false, ""call_count"": 5, ""callback"": false, ""calloc"": false, ""conditional_compilation"": false, ""explicit_abi_boundary"": false, ""extern_declaration"": false, ""extern_or_abi_boundary"": false, ""flexible_array"": false, ""free"": false, ""function_pointer"": false, ""generated_source"": false, ""global_read"": false, ""global_write"": false, ""goto"": false, ""lexical_ambiguity"": false, ""longjmp"": false, ""macro_density"": 0.0, ""macro_generated_declaration"": false, ""macro_use"": false, ""malloc"": false, ""memcpy"": false, ""memmove"": false, ""memset"": false, ""mutable_global"": false, ""parameter_count"": 1, ""platform_specific"": false, ""pointer_arithmetic"": false, ""pointer_count"": 0, ""pointer_to_pointer"": false, ""raw_pointer_parameter"": false, ""raw_pointer_return"": false, ""realloc"": false, ""setjmp"": false, ""static_local"": false, ""syscall"": false, ""third_party"": false, ""union"": false, ""va_list"": false, ""variadic"": false, ""void_pointer"": false}",TRIVIAL,no_significant_detected_blocker,[],medium
2,poco-net,a2cf8ccfc48e858d0af493d58e695c5475bc6780,Net/src/SMTPClientSession.cpp,359,366,function,if,8,"{""bitfield"": false, ""branch_complexity_proxy"": 2, ""c_array"": false, ""call_count"": 5, ""callback"": false, ""calloc"": false, ""conditional_compilation"": false, ""explicit_abi_boundary"": false, ""extern_declaration"": false, ""extern_or_abi_boundary"": false, ""flexible_array"": false, ""free"": false, ""function_pointer"": false, ""generated_source"": false, ""global_read"": false, ""global_write"": false, ""goto"": false, ""lexical_ambiguity"": false, ""longjmp"": false, ""macro_density"": 0.0, ""macro_generated_declaration"": false, ""macro_use"": false, ""malloc"": false, ""memcpy"": false, ""memmove"": false, ""memset"": false, ""mutable_global"": false, ""parameter_count"": 1, ""platform_specific"": false, ""pointer_arithmetic"": false, ""pointer_count"": 0, ""pointer_to_pointer"": false, ""raw_pointer_parameter"": false, ""raw_pointer_return"": false, ""realloc"": false, ""setjmp"": false, ""static_local"": false, ""syscall"": false, ""third_party"": false, ""union"": false, ""va_list"": false, ""variadic"": false, ""void_pointer"": false}",TRIVIAL,no_significant_detected_blocker,[],medium
2,poco-net,a2cf8ccfc48e858d0af493d58e695c5475bc6780,Net/src/SMTPClientSession.cpp,367,370,function,if,4,"{""bitfield"": false, ""branch_complexity_proxy"": 1, ""c_array"": false, ""call_count"": 2, ""callback"": false, ""calloc"": false, ""conditional_compilation"": false, ""explicit_abi_boundary"": false, ""extern_declaration"": false, ""extern_or_abi_boundary"": false, ""flexible_array"": false, ""free"": false, ""function_pointer"": false, ""generated_source"": false, ""global_read"": false, ""global_write"": false, ""goto"": false, ""lexical_ambiguity"": false, ""longjmp"": false, ""macro_density"": 0.0, ""macro_generated_declaration"": false, ""macro_use"": false, ""malloc"": false, ""memcpy"": false, ""memmove"": false, ""memset"": false, ""mutable_global"": false, ""parameter_count"": 1, ""platform_specific"": false, ""pointer_arithmetic"": false, ""pointer_count"": 0, ""pointer_to_pointer"": false, ""raw_pointer_parameter"": false, ""raw_pointer_return"": false, ""realloc"": false, ""setjmp"": false, ""static_local"": false, ""syscall"": false, ""third_party"": false, ""union"": false, ""va_list"": false, ""variadic"": false, ""void_pointer"": false}",TRIVIAL,no_significant_detected_blocker,[],medium
2,poco-net,a2cf8ccfc48e858d0af493d58e695c5475bc6780,Net/src/SSPINTLMCredentials.cpp,33,46,struct,NTLMContextImpl,14,"{""bitfield"": false, ""branch_complexity_proxy"": 0, ""c_array"": false, ""call_count"": 4, ""callback"": false, ""calloc"": false, ""conditional_compilation"": true, ""explicit_abi_boundary"": false, ""extern_declaration"": false, ""extern_or_abi_boundary"": false, ""flexible_array"": false, ""free"": false, ""function_pointer"": false, ""generated_source"": false, ""global_read"": false, ""global_write"": false, ""goto"": false, ""lexical_ambiguity"": false, ""longjmp"": false, ""macro_density"": 0.0, ""macro_generated_declaration"": false, ""macro_use"": false, ""malloc"": false, ""memcpy"": false, ""memmove"": false, ""memset"": false, ""mutable_global"": false, ""parameter_count"": 0, ""platform_specific"": false, ""pointer_arithmetic"": false, ""pointer_count"": 0, ""pointer_to_pointer"": false, ""raw_pointer_parameter"": false, ""raw_pointer_return"": false, ""realloc"": false, ""setjmp"": false, ""static_local"": false, ""syscall"": false, ""third_party"": false, ""union"": false, ""va_list"": false, ""variadic"": false, ""void_pointer"": false}",TRIVIAL,no_significant_detected_blocker,"[""conditional_compilation""]",medium
2,poco-net,a2cf8ccfc48e858d0af493d58e695c5475bc6780,Net/src/SSPINTLMCredentials.cpp,68,79,function,available,12,"{""bitfield"": false, ""branch_complexity_proxy"": 1, ""c_array"": false, ""call_count"": 4, ""callback"": false, ""calloc"": false, ""conditional_compilation"": true, ""explicit_abi_boundary"": false, ""extern_declaration"": false, ""extern_or_abi_boundary"": false, ""flexible_array"": false, ""free"": false, ""function_pointer"": false, ""generated_source"": false, ""global_read"": false, ""global_write"": false, ""goto"": false, ""lexical_ambiguity"": false, ""longjmp"": false, ""macro_density"": 0.0, ""macro_generated_declaration"": false, ""macro_use"": false, ""malloc"": false, ""memcpy"": false, ""memmove"": false, ""memset"": false, ""mutable_global"": false, ""parameter_count"": 0, ""platform_specific"": false, ""pointer_arithmetic"": false, ""pointer_count"": 0, ""pointer_to_pointer"": false, ""raw_pointer_parameter"": false, ""raw_pointer_return"": false, ""realloc"": false, ""setjmp"": false, ""static_local"": false, ""syscall"": false, ""third_party"": false, ""union"": false, ""va_list"": false, ""variadic"": false, ""void_pointer"": false}",TRIVIAL,no_significant_detected_blocker,"[""conditional_compilation""]",medium
2,poco-net,a2cf8ccfc48e858d0af493d58e695c5475bc6780,Net/src/SSPINTLMCredentials.cpp,150,153,function,if,4,"{""bitfield"": false, ""branch_complexity_proxy"": 1, ""c_array"": false, ""call_count"": 2, ""callback"": false, ""calloc"": false, ""conditional_compilation"": true, ""explicit_abi_boundary"": false, ""extern_declaration"": false, ""extern_or_abi_boundary"": false, ""flexible_array"": false, ""free"": false, ""function_pointer"": false, ""generated_source"": false, ""global_read"": false, ""global_write"": false, ""goto"": false, ""lexical_ambiguity"": false, ""longjmp"": false, ""macro_density"": 0.0, ""macro_generated_declaration"": false, ""macro_use"": false, ""malloc"": false, ""memcpy"": false, ""memmove"": false, ""memset"": false, ""mutable_global"": false, ""parameter_count"": 1, ""platform_specific"": false, ""pointer_arithmetic"": false, ""pointer_count"": 0, ""pointer_to_pointer"": false, ""raw_pointer_parameter"": false, ""raw_pointer_return"": false, ""realloc"": false, ""setjmp"": false, ""static_local"": false, ""syscall"": false, ""third_party"": false, ""union"": false, ""va_list"": false, ""variadic"": false, ""void_pointer"": false}",TRIVIAL,no_significant_detected_blocker,"[""conditional_compilation""]",medium
2,poco-net,a2cf8ccfc48e858d0af493d58e695c5475bc6780,Net/src/SSPINTLMCredentials.cpp,208,218,function,clearNTLMContext,11,"{""bitfield"": false, ""branch_complexity_proxy"": 2, ""c_array"": false, ""call_count"": 7, ""callback"": false, ""calloc"": false, ""conditional_compilation"": true, ""explicit_abi_boundary"": false, ""extern_declaration"": false, ""extern_or_abi_boundary"": false, ""flexible_array"": false, ""free"": false, ""function_pointer"": false, ""generated_source"": false, ""global_read"": false, ""global_write"": false, ""goto"": false, ""lexical_ambiguity"": false, ""longjmp"": false, ""macro_density"": 0.0, ""macro_generated_declaration"": false, ""macro_use"": false, ""malloc"": false, ""memcpy"": false, ""memmove"": false, ""memset"": false, ""mutable_global"": false, ""parameter_count"": 1, ""platform_specific"": false, ""pointer_arithmetic"": false, ""pointer_count"": 0, ""pointer_to_pointer"": false, ""raw_pointer_parameter"": false, ""raw_pointer_return"": false, ""realloc"": false, ""setjmp"": false, ""static_local"": false, ""syscall"": false, ""third_party"": false, ""union"": false, ""va_list"": false, ""variadic"": false, ""void_pointer"": false}",TRIVIAL,no_significant_detected_blocker,"[""conditional_compilation""]",medium
2,poco-net,a2cf8ccfc48e858d0af493d58e695c5475bc6780,Net/src/Socket.cpp,133,133,typedef,SharedPollArray,1,"{""bitfield"": false, ""branch_complexity_proxy"": 0, ""c_array"": false, ""call_count"": 0, ""callback"": false, ""calloc"": false, ""conditional_compilation"": true, ""explicit_abi_boundary"": false, ""extern_declaration"": false, ""extern_or_abi_boundary"": false, ""flexible_array"": false, ""free"": false, ""function_pointer"": false, ""generated_source"": false, ""global_read"": false, ""global_write"": false, ""goto"": false, ""lexical_ambiguity"": false, ""longjmp"": false, ""macro_density"": 0.0, ""macro_generated_declaration"": false, ""macro_use"": false, ""malloc"": false, ""memcpy"": false, ""memmove"": false, ""memset"": false, ""mutable_global"": false, ""parameter_count"": 0, ""platform_specific"": false, ""pointer_arithmetic"": false, ""pointer_count"": 0, ""pointer_to_pointer"": false, ""raw_pointer_parameter"": false, ""raw_pointer_return"": false, ""realloc"": false, ""setjmp"": false, ""static_local"": false, ""syscall"": false, ""third_party"": false, ""union"": false, ""va_list"": false, ""variadic"": false, ""void_pointer"": false}",TRIVIAL,no_significant_detected_blocker,"[""conditional_compilation""]",medium
2,poco-net,a2cf8ccfc48e858d0af493d58e695c5475bc6780,Net/src/Socket.cpp,135,135,typedef,nfds_t,1,"{""bitfield"": false, ""branch_complexity_proxy"": 0, ""c_array"": false, ""call_count"": 0, ""callback"": false, ""calloc"": false, ""conditional_compilation"": true, ""explicit_abi_boundary"": false, ""extern_declaration"": false, ""extern_or_abi_boundary"": false, ""flexible_array"": false, ""free"": false, ""function_pointer"": false, ""generated_source"": false, ""global_read"": false, ""global_write"": false, ""goto"": false, ""lexical_ambiguity"": false, ""longjmp"": false, ""macro_density"": 0.0, ""macro_generated_declaration"": false, ""macro_use"": false, ""malloc"": false, ""memcpy"": false, ""memmove"": false, ""memset"": false, ""mutable_global"": false, ""parameter_count"": 0, ""platform_specific"": false, ""pointer_arithmetic"": false, ""pointer_count"": 0, ""pointer_to_pointer"": false, ""raw_pointer_parameter"": false, ""raw_pointer_return"": false, ""realloc"": false, ""setjmp"": false, ""static_local"": false, ""syscall"": false, ""third_party"": false, ""union"": false, ""va_list"": false, ""variadic"": false, ""void_pointer"": false}",TRIVIAL,no_significant_detected_blocker,"[""conditional_compilation""]",medium
2,poco-net,a2cf8ccfc48e858d0af493d58e695c5475bc6780,Net/src/SocketAddress.cpp,46,52,struct,AFLT,7,"{""bitfield"": false, ""branch_complexity_proxy"": 0, ""c_array"": false, ""call_count"": 3, ""callback"": false, ""calloc"": false, ""conditional_compilation"": false, ""explicit_abi_boundary"": false, ""extern_declaration"": false, ""extern_or_abi_boundary"": false, ""flexible_array"": false, ""free"": false, ""function_pointer"": false, ""generated_source"": false, ""global_read"": false, ""global_write"": false, ""goto"": false, ""lexical_ambiguity"": false, ""longjmp"": false, ""macro_density"": 0.0, ""macro_generated_declaration"": false, ""macro_use"": false, ""malloc"": false, ""memcpy"": false, ""memmove"": false, ""memset"": false, ""mutable_global"": false, ""parameter_count"": 0, ""platform_specific"": false, ""pointer_arithmetic"": false, ""pointer_count"": 0, ""pointer_to_pointer"": false, ""raw_pointer_parameter"": false, ""raw_pointer_return"": false, ""realloc"": false, ""setjmp"": false, ""static_local"": false, ""syscall"": false, ""third_party"": false, ""union"": false, ""va_list"": false, ""variadic"": false, ""void_pointer"": false}",TRIVIAL,no_significant_detected_blocker,[],medium
2,poco-net,a2cf8ccfc48e858d0af493d58e695c5475bc6780,Net/src/SocketAddress.cpp,48,51,function,operator,4,"{""bitfield"": false, ""branch_complexity_proxy"": 0, ""c_array"": false, ""call_count"": 3, ""callback"": false, ""calloc"": false, ""conditional_compilation"": false, ""explicit_abi_boundary"": false, ""extern_declaration"": false, ""extern_or_abi_boundary"": false, ""flexible_array"": false, ""free"": false, ""function_pointer"": false, ""generated_source"": false, ""global_read"": false, ""global_write"": false, ""goto"": false, ""lexical_ambiguity"": false, ""longjmp"": false, ""macro_density"": 0.0, ""macro_generated_declaration"": false, ""macro_use"": false, ""malloc"": false, ""memcpy"": false, ""memmove"": false, ""memset"": false, ""mutable_global"": false, ""parameter_count"": 2, ""platform_specific"": false, ""pointer_arithmetic"": false, ""pointer_count"": 0, ""pointer_to_pointer"": false, ""raw_pointer_parameter"": false, ""raw_pointer_return"": false, ""realloc"": false, ""setjmp"": false, ""static_local"": false, ""syscall"": false, ""third_party"": false, ""union"": false, ""va_list"": false, ""variadic"": false, ""void_pointer"": false}",TRIVIAL,no_significant_detected_blocker,[],medium
2,poco-net,a2cf8ccfc48e858d0af493d58e695c5475bc6780,Net/src/SocketImpl.cpp,79,82,function,close,4,"{""bitfield"": false, ""branch_complexity_proxy"": 0, ""c_array"": false, ""call_count"": 2, ""callback"": false, ""calloc"": false, ""conditional_compilation"": true, ""explicit_abi_boundary"": false, ""extern_declaration"": false, ""extern_or_abi_boundary"": false, ""flexible_array"": false, ""free"": false, ""function_pointer"": false, ""generated_source"": false, ""global_read"": false, ""global_write"": false, ""goto"": false, ""lexical_ambiguity"": false, ""longjmp"": false, ""macro_density"": 0.0, ""macro_generated_declaration"": false, ""macro_use"": false, ""malloc"": false, ""memcpy"": false, ""memmove"": false, ""memset"": false, ""mutable_global"": false, ""parameter_count"": 1, ""platform_specific"": false, ""pointer_arithmetic"": false, ""pointer_count"": 0, ""pointer_to_pointer"": false, ""raw_pointer_parameter"": false, ""raw_pointer_return"": false, ""realloc"": false, ""setjmp"": false, ""static_local"": false, ""syscall"": true, ""third_party"": false, ""union"": false, ""va_list"": false, ""variadic"": false, ""void_pointer"": false}",TRIVIAL,no_significant_detected_blocker,"[""conditional_compilation"", ""syscall""]",medium
2,poco-net,a2cf8ccfc48e858d0af493d58e695c5475bc6780,Net/src/SocketImpl.cpp,91,104,function,checkIsBrokenTimeout,14,"{""bitfield"": false, ""branch_complexity_proxy"": 2, ""c_array"": false, ""call_count"": 6, ""callback"": false, ""calloc"": false, ""conditional_compilation"": false, ""explicit_abi_boundary"": false, ""extern_declaration"": false, ""extern_or_abi_boundary"": false, ""flexible_array"": false, ""free"": false, ""function_pointer"": false, ""generated_source"": false, ""global_read"": false, ""global_write"": false, ""goto"": false, ""lexical_ambiguity"": false, ""longjmp"": false, ""macro_density"": 0.214286, ""macro_generated_declaration"": false, ""macro_use"": false, ""malloc"": false, ""memcpy"": false, ""memmove"": false, ""memset"": false, ""mutable_global"": false, ""parameter_count"": 0, ""platform_specific"": false, ""pointer_arithmetic"": false, ""pointer_count"": 0, ""pointer_to_pointer"": false, ""raw_pointer_parameter"": false, ""raw_pointer_return"": false, ""realloc"": false, ""setjmp"": false, ""static_local"": false, ""syscall"": false, ""third_party"": false, ""union"": false, ""va_list"": false, ""variadic"": false, ""void_pointer"": false}",TRIVIAL,no_significant_detected_blocker,[],medium
2,poco-net,a2cf8ccfc48e858d0af493d58e695c5475bc6780,Net/src/SocketProactor.cpp,52,55,function,addWork,4,"{""bitfield"": false, ""branch_complexity_proxy"": 0, ""c_array"": false, ""call_count"": 3, ""callback"": false, ""calloc"": false, ""conditional_compilation"": false, ""explicit_abi_boundary"": false, ""extern_declaration"": false, ""extern_or_abi_boundary"": false, ""flexible_array"": false, ""free"": false, ""function_pointer"": false, ""generated_source"": false, ""global_read"": false, ""global_write"": false, ""goto"": false, ""lexical_ambiguity"": false, ""longjmp"": false, ""macro_density"": 0.0, ""macro_generated_declaration"": false, ""macro_use"": false, ""malloc"": false, ""memcpy"": false, ""memmove"": false, ""memset"": false, ""mutable_global"": false, ""parameter_count"": 2, ""platform_specific"": false, ""pointer_arithmetic"": false, ""pointer_count"": 0, ""pointer_to_pointer"": false, ""raw_pointer_parameter"": false, ""raw_pointer_return"": false, ""realloc"": false, ""setjmp"": false, ""static_local"": false, ""syscall"": false, ""third_party"": false, ""union"": false, ""va_list"": false, ""variadic"": false, ""void_pointer"": false}",TRIVIAL,no_significant_detected_blocker,[],medium
2,poco-net,a2cf8ccfc48e858d0af493d58e695c5475bc6780,Net/src/SocketProactor.cpp,57,74,function,addWork,18,"{""bitfield"": false, ""branch_complexity_proxy"": 2, ""c_array"": false, ""call_count"": 14, ""callback"": false, ""calloc"": false, ""conditional_compilation"": false, ""explicit_abi_boundary"": false, ""extern_declaration"": false, ""extern_or_abi_boundary"": false, ""flexible_array"": false, ""free"": false, ""function_pointer"": false, ""generated_source"": false, ""global_read"": false, ""global_write"": false, ""goto"": false, ""lexical_ambiguity"": false, ""longjmp"": false, ""macro_density"": 0.0, ""macro_generated_declaration"": false, ""macro_use"": false, ""malloc"": false, ""memcpy"": false, ""memmove"": false, ""memset"": false, ""mutable_global"": false, ""parameter_count"": 3, ""platform_specific"": false, ""pointer_arithmetic"": false, ""pointer_count"": 1, ""pointer_to_pointer"": false, ""raw_pointer_parameter"": false, ""raw_pointer_return"": false, ""realloc"": false, ""setjmp"": false, ""static_local"": false, ""syscall"": false, ""third_party"": false, ""union"": false, ""va_list"": false, ""variadic"": false, ""void_pointer"": false}",TRIVIAL,no_significant_detected_blocker,[],medium
2,poco-net,a2cf8ccfc48e858d0af493d58e695c5475bc6780,Net/src/SocketProactor.cpp,76,80,function,removeWork,5,"{""bitfield"": false, ""branch_complexity_proxy"": 0, ""c_array"": false, ""call_count"": 3, ""callback"": false, ""calloc"": false, ""conditional_compilation"": false, ""explicit_abi_boundary"": false, ""extern_declaration"": false, ""extern_or_abi_boundary"": false, ""flexible_array"": false, ""free"": false, ""function_pointer"": false, ""generated_source"": false, ""global_read"": false, ""global_write"": false, ""goto"": false, ""lexical_ambiguity"": false, ""longjmp"": false, ""macro_density"": 0.0, ""macro_generated_declaration"": false, ""macro_use"": false, ""malloc"": false, ""memcpy"": false, ""memmove"": false, ""memset"": false, ""mutable_global"": false, ""parameter_count"": 0, ""platform_specific"": false, ""pointer_arithmetic"": false, ""pointer_count"": 0, ""pointer_to_pointer"": false, ""raw_pointer_parameter"": false, ""raw_pointer_return"": false, ""realloc"": false, ""setjmp"": false, ""static_local"": false, ""syscall"": false, ""third_party"": false, ""union"": false, ""va_list"": false, ""variadic"": false, ""void_pointer"": false}",TRIVIAL,no_significant_detected_blocker,[],medium
2,poco-net,a2cf8ccfc48e858d0af493d58e695c5475bc6780,Net/src/SocketProactor.cpp,82,92,function,scheduledWork,11,"{""bitfield"": false, ""branch_complexity_proxy"": 2, ""c_array"": false, ""call_count"": 7, ""callback"": false, ""calloc"": false, ""conditional_compilation"": false, ""explicit_abi_boundary"": false, ""extern_declaration"": false, ""extern_or_abi_boundary"": false, ""flexible_array"": false, ""free"": false, ""function_pointer"": false, ""generated_source"": false, ""global_read"": false, ""global_write"": false, ""goto"": false, ""lexical_ambiguity"": false, ""longjmp"": false, ""macro_density"": 0.0, ""macro_generated_declaration"": false, ""macro_use"": false, ""malloc"": false, ""memcpy"": false, ""memmove"": false, ""memset"": false, ""mutable_global"": false, ""parameter_count"": 0, ""platform_specific"": false, ""pointer_arithmetic"": false, ""pointer_count"": 0, ""pointer_to_pointer"": false, ""raw_pointer_parameter"": false, ""raw_pointer_return"": false, ""realloc"": false, ""setjmp"": false, ""static_local"": false, ""syscall"": false, ""third_party"": false, ""union"": false, ""va_list"": false, ""variadic"": false, ""void_pointer"": false}",TRIVIAL,no_significant_detected_blocker,[],medium
2,poco-net,a2cf8ccfc48e858d0af493d58e695c5475bc6780,Net/src/SocketProactor.cpp,94,99,function,removeScheduledWork,6,"{""bitfield"": false, ""branch_complexity_proxy"": 0, ""c_array"": false, ""call_count"": 3, ""callback"": false, ""calloc"": false, ""conditional_compilation"": false, ""explicit_abi_boundary"": false, ""extern_declaration"": false, ""extern_or_abi_boundary"": false, ""flexible_array"": false, ""free"": false, ""function_pointer"": false, ""generated_source"": false, ""global_read"": false, ""global_write"": false, ""goto"": false, ""lexical_ambiguity"": false, ""longjmp"": false, ""macro_density"": 0.0, ""macro_generated_declaration"": false, ""macro_use"": false, ""malloc"": false, ""memcpy"": false, ""memmove"": false, ""memset"": false, ""mutable_global"": false, ""parameter_count"": 1, ""platform_specific"": false, ""pointer_arithmetic"": false, ""pointer_count"": 0, ""pointer_to_pointer"": false, ""raw_pointer_parameter"": false, ""raw_pointer_return"": false, ""realloc"": false, ""setjmp"": false, ""static_local"": false, ""syscall"": false, ""third_party"": false, ""union"": false, ""va_list"": false, ""variadic"": false, ""void_pointer"": false}",TRIVIAL,no_significant_detected_blocker,[],medium
2,poco-net,a2cf8ccfc48e858d0af493d58e695c5475bc6780,Net/src/SocketProactor.cpp,101,112,function,permanentWork,12,"{""bitfield"": false, ""branch_complexity_proxy"": 2, ""c_array"": false, ""call_count"": 7, ""callback"": false, ""calloc"": false, ""conditional_compilation"": false, ""explicit_abi_boundary"": false, ""extern_declaration"": false, ""extern_or_abi_boundary"": false, ""flexible_array"": false, ""free"": false, ""function_pointer"": false, ""generated_source"": false, ""global_read"": false, ""global_write"": false, ""goto"": false, ""lexical_ambiguity"": false, ""longjmp"": false, ""macro_density"": 0.0, ""macro_generated_declaration"": false, ""macro_use"": false, ""malloc"": false, ""memcpy"": false, ""memmove"": false, ""memset"": false, ""mutable_global"": false, ""parameter_count"": 0, ""platform_specific"": false, ""pointer_arithmetic"": false, ""pointer_count"": 0, ""pointer_to_pointer"": false, ""raw_pointer_parameter"": false, ""raw_pointer_return"": false, ""realloc"": false, ""setjmp"": false, ""static_local"": false, ""syscall"": false, ""third_party"": false, ""union"": false, ""va_list"": false, ""variadic"": false, ""void_pointer"": false}",TRIVIAL,no_significant_detected_blocker,[],medium
2,poco-net,a2cf8ccfc48e858d0af493d58e695c5475bc6780,Net/src/SocketProactor.cpp,115,120,function,removePermanentWork,6,"{""bitfield"": false, ""branch_complexity_proxy"": 0, ""c_array"": false, ""call_count"": 3, ""callback"": false, ""calloc"": false, ""conditional_compilation"": false, ""explicit_abi_boundary"": false, ""extern_declaration"": false, ""extern_or_abi_boundary"": false, ""flexible_array"": false, ""free"": false, ""function_pointer"": false, ""generated_source"": false, ""global_read"": false, ""global_write"": false, ""goto"": false, ""lexical_ambiguity"": false, ""longjmp"": false, ""macro_density"": 0.0, ""macro_generated_declaration"": false, ""macro_use"": false, ""malloc"": false, ""memcpy"": false, ""memmove"": false, ""memset"": false, ""mutable_global"": false, ""parameter_count"": 1, ""platform_specific"": false, ""pointer_arithmetic"": false, ""pointer_count"": 0, ""pointer_to_pointer"": false, ""raw_pointer_parameter"": false, ""raw_pointer_return"": false, ""realloc"": false, ""setjmp"": false, ""static_local"": false, ""syscall"": false, ""third_party"": false, ""union"": false, ""va_list"": false, ""variadic"": false, ""void_pointer"": false}",TRIVIAL,no_significant_detected_blocker,[],medium
2,poco-net,a2cf8ccfc48e858d0af493d58e695c5475bc6780,Net/src/SocketProactor.cpp,122,125,function,isPermanent,4,"{""bitfield"": false, ""branch_complexity_proxy"": 0, ""c_array"": false, ""call_count"": 2, ""callback"": false, ""calloc"": false, ""conditional_compilation"": false, ""explicit_abi_boundary"": false, ""extern_declaration"": false, ""extern_or_abi_boundary"": false, ""flexible_array"": false, ""free"": false, ""function_pointer"": false, ""generated_source"": false, ""global_read"": false, ""global_write"": false, ""goto"": false, ""lexical_ambiguity"": false, ""longjmp"": false, ""macro_density"": 0.0, ""macro_generated_declaration"": false, ""macro_use"": false, ""malloc"": false, ""memcpy"": false, ""memmove"": false, ""memset"": false, ""mutable_global"": false, ""parameter_count"": 1, ""platform_specific"": false, ""pointer_arithmetic"": false, ""pointer_count"": 0, ""pointer_to_pointer"": false, ""raw_pointer_parameter"": false, ""raw_pointer_return"": false, ""realloc"": false, ""setjmp"": false, ""static_local"": false, ""syscall"": false, ""third_party"": false, ""union"": false, ""va_list"": false, ""variadic"": false, ""void_pointer"": false}",TRIVIAL,no_significant_detected_blocker,[],medium
2,poco-net,a2cf8ccfc48e858d0af493d58e695c5475bc6780,Net/src/SocketProactor.cpp,127,181,function,doWork,55,"{""bitfield"": false, ""branch_complexity_proxy"": 6, ""c_array"": false, ""call_count"": 28, ""callback"": false, ""calloc"": false, ""conditional_compilation"": false, ""explicit_abi_boundary"": false, ""extern_declaration"": false, ""extern_or_abi_boundary"": false, ""flexible_array"": false, ""free"": false, ""function_pointer"": true, ""generated_source"": false, ""global_read"": false, ""global_write"": false, ""goto"": false, ""lexical_ambiguity"": false, ""longjmp"": false, ""macro_density"": 0.0, ""macro_generated_declaration"": false, ""macro_use"": false, ""malloc"": false, ""memcpy"": false, ""memmove"": false, ""memset"": false, ""mutable_global"": false, ""parameter_count"": 2, ""platform_specific"": false, ""pointer_arithmetic"": false, ""pointer_count"": 1, ""pointer_to_pointer"": false, ""raw_pointer_parameter"": false, ""raw_pointer_return"": false, ""realloc"": false, ""setjmp"": false, ""static_local"": false, ""syscall"": false, ""third_party"": false, ""union"": false, ""va_list"": false, ""variadic"": false, ""void_pointer"": false}",NEEDS_TRANSPILER,function_pointer,[],medium
2,poco-net,a2cf8ccfc48e858d0af493d58e695c5475bc6780,Net/src/SocketProactor.cpp,146,150,function,if,5,"{""bitfield"": false, ""branch_complexity_proxy"": 1, ""c_array"": false, ""call_count"": 3, ""callback"": false, ""calloc"": false, ""conditional_compilation"": false, ""explicit_abi_boundary"": false, ""extern_declaration"": false, ""extern_or_abi_boundary"": false, ""flexible_array"": false, ""free"": false, ""function_pointer"": false, ""generated_source"": false, ""global_read"": false, ""global_write"": false, ""goto"": false, ""lexical_ambiguity"": false, ""longjmp"": false, ""macro_density"": 0.0, ""macro_generated_declaration"": false, ""macro_use"": false, ""malloc"": false, ""memcpy"": false, ""memmove"": false, ""memset"": false, ""mutable_global"": false, ""parameter_count"": 1, ""platform_specific"": false, ""pointer_arithmetic"": false, ""pointer_count"": 0, ""pointer_to_pointer"": false, ""raw_pointer_parameter"": false, ""raw_pointer_return"": false, ""realloc"": false, ""setjmp"": false, ""static_local"": false, ""syscall"": false, ""third_party"": false, ""union"": false, ""va_list"": false, ""variadic"": false, ""void_pointer"": false}",TRIVIAL,no_significant_detected_blocker,[],medium
2,poco-net,a2cf8ccfc48e858d0af493d58e695c5475bc6780,Net/src/SocketProactor.cpp,183,192,function,runOne,10,"{""bitfield"": false, ""branch_complexity_proxy"": 1, ""c_array"": false, ""call_count"": 4, ""callback"": false, ""calloc"": false, ""conditional_compilation"": false, ""explicit_abi_boundary"": false, ""extern_declaration"": false, ""extern_or_abi_boundary"": false, ""flexible_array"": false, ""free"": false, ""function_pointer"": false, ""generated_source"": false, ""global_read"": false, ""global_write"": false, ""goto"": false, ""lexical_ambiguity"": false, ""longjmp"": false, ""macro_density"": 0.0, ""macro_generated_declaration"": false, ""macro_use"": false, ""malloc"": false, ""memcpy"": false, ""memmove"": false, ""memset"": false, ""mutable_global"": false, ""parameter_count"": 0, ""platform_specific"": false, ""pointer_arithmetic"": false, ""pointer_count"": 0, ""pointer_to_pointer"": false, ""raw_pointer_parameter"": false, ""raw_pointer_return"": false, ""realloc"": false, ""setjmp"": false, ""static_local"": false, ""syscall"": false, ""third_party"": false, ""union"": false, ""va_list"": false, ""variadic"": false, ""void_pointer"": false}",TRIVIAL,no_significant_detected_blocker,[],medium
2,poco-net,a2cf8ccfc48e858d0af493d58e695c5475bc6780,Net/src/SocketProactor.cpp,196,216,function,removeWork,21,"{""bitfield"": false, ""branch_complexity_proxy"": 2, ""c_array"": false, ""call_count"": 9, ""callback"": false, ""calloc"": false, ""conditional_compilation"": false, ""explicit_abi_boundary"": false, ""extern_declaration"": false, ""extern_or_abi_boundary"": false, ""flexible_array"": false, ""free"": false, ""function_pointer"": false, ""generated_source"": false, ""global_read"": false, ""global_write"": false, ""goto"": false, ""lexical_ambiguity"": false, ""longjmp"": false, ""macro_density"": 0.0, ""macro_generated_declaration"": false, ""macro_use"": false, ""malloc"": false, ""memcpy"": false, ""memmove"": false, ""memset"": false, ""mutable_global"": false, ""parameter_count"": 2, ""platform_specific"": false, ""pointer_arithmetic"": false, ""pointer_count"": 0, ""pointer_to_pointer"": false, ""raw_pointer_parameter"": false, ""raw_pointer_return"": false, ""realloc"": false, ""setjmp"": false, ""static_local"": false, ""syscall"": false, ""third_party"": false, ""union"": false, ""va_list"": false, ""variadic"": false, ""void_pointer"": false}",TRIVIAL,no_significant_detected_blocker,[],medium
2,poco-net,a2cf8ccfc48e858d0af493d58e695c5475bc6780,Net/src/WebSocket.cpp,239,263,function,if,25,"{""bitfield"": false, ""branch_complexity_proxy"": 5, ""c_array"": false, ""call_count"": 21, ""callback"": false, ""calloc"": false, ""conditional_compilation"": false, ""explicit_abi_boundary"": false, ""extern_declaration"": false, ""extern_or_abi_boundary"": false, ""flexible_array"": false, ""free"": false, ""function_pointer"": false, ""generated_source"": false, ""global_read"": false, ""global_write"": false, ""goto"": false, ""lexical_ambiguity"": false, ""longjmp"": false, ""macro_density"": 0.0, ""macro_generated_declaration"": false, ""macro_use"": false, ""malloc"": false, ""memcpy"": false, ""memmove"": false, ""memset"": false, ""mutable_global"": false, ""parameter_count"": 1, ""platform_specific"": false, ""pointer_arithmetic"": false, ""pointer_count"": 0, ""pointer_to_pointer"": false, ""raw_pointer_parameter"": false, ""raw_pointer_return"": false, ""realloc"": false, ""setjmp"": false, ""static_local"": false, ""syscall"": false, ""third_party"": false, ""union"": false, ""va_list"": false, ""variadic"": false, ""void_pointer"": false}",TRIVIAL,no_significant_detected_blocker,[],medium
2,poco-net,a2cf8ccfc48e858d0af493d58e695c5475bc6780,Net/src/WebSocket.cpp,257,260,function,if,4,"{""bitfield"": false, ""branch_complexity_proxy"": 1, ""c_array"": false, ""call_count"": 3, ""callback"": false, ""calloc"": false, ""conditional_compilation"": false, ""explicit_abi_boundary"": false, ""extern_declaration"": false, ""extern_or_abi_boundary"": false, ""flexible_array"": false, ""free"": false, ""function_pointer"": false, ""generated_source"": false, ""global_read"": false, ""global_write"": false, ""goto"": false, ""lexical_ambiguity"": false, ""longjmp"": false, ""macro_density"": 0.0, ""macro_generated_declaration"": false, ""macro_use"": false, ""malloc"": false, ""memcpy"": false, ""memmove"": false, ""memset"": false, ""mutable_global"": false, ""parameter_count"": 1, ""platform_specific"": false, ""pointer_arithmetic"": false, ""pointer_count"": 0, ""pointer_to_pointer"": false, ""raw_pointer_parameter"": false, ""raw_pointer_return"": false, ""realloc"": false, ""setjmp"": false, ""static_local"": false, ""syscall"": false, ""third_party"": false, ""union"": false, ""va_list"": false, ""variadic"": false, ""void_pointer"": false}",TRIVIAL,no_significant_detected_blocker,[],medium
2,poco-net,a2cf8ccfc48e858d0af493d58e695c5475bc6780,Net/src/WebSocketImpl.cpp,125,129,function,if,5,"{""bitfield"": false, ""branch_complexity_proxy"": 1, ""c_array"": false, ""call_count"": 1, ""callback"": false, ""calloc"": false, ""conditional_compilation"": false, ""explicit_abi_boundary"": false, ""extern_declaration"": false, ""extern_or_abi_boundary"": false, ""flexible_array"": false, ""free"": false, ""function_pointer"": false, ""generated_source"": false, ""global_read"": false, ""global_write"": false, ""goto"": false, ""lexical_ambiguity"": false, ""longjmp"": false, ""macro_density"": 0.0, ""macro_generated_declaration"": false, ""macro_use"": false, ""malloc"": false, ""memcpy"": false, ""memmove"": false, ""memset"": false, ""mutable_global"": false, ""parameter_count"": 1, ""platform_specific"": false, ""pointer_arithmetic"": false, ""pointer_count"": 0, ""pointer_to_pointer"": false, ""raw_pointer_parameter"": false, ""raw_pointer_return"": false, ""realloc"": false, ""setjmp"": false, ""static_local"": false, ""syscall"": false, ""third_party"": false, ""union"": false, ""va_list"": false, ""variadic"": false, ""void_pointer"": false}",TRIVIAL,no_significant_detected_blocker,[],medium
2,poco-net,a2cf8ccfc48e858d0af493d58e695c5475bc6780,Net/src/WebSocketImpl.cpp,218,232,function,if,15,"{""bitfield"": false, ""branch_complexity_proxy"": 3, ""c_array"": false, ""call_count"": 6, ""callback"": false, ""calloc"": false, ""conditional_compilation"": false, ""explicit_abi_boundary"": false, ""extern_declaration"": false, ""extern_or_abi_boundary"": false, ""flexible_array"": false, ""free"": false, ""function_pointer"": false, ""generated_source"": false, ""global_read"": false, ""global_write"": false, ""goto"": false, ""lexical_ambiguity"": false, ""longjmp"": false, ""macro_density"": 0.0, ""macro_generated_declaration"": false, ""macro_use"": false, ""malloc"": false, ""memcpy"": false, ""memmove"": false, ""memset"": false, ""mutable_global"": false, ""parameter_count"": 1, ""platform_specific"": false, ""pointer_arithmetic"": false, ""pointer_count"": 0, ""pointer_to_pointer"": false, ""raw_pointer_parameter"": false, ""raw_pointer_return"": false, ""realloc"": false, ""setjmp"": false, ""static_local"": false, ""syscall"": false, ""third_party"": false, ""union"": false, ""va_list"": false, ""variadic"": false, ""void_pointer"": false}",TRIVIAL,no_significant_detected_blocker,[],medium
2,poco-net,a2cf8ccfc48e858d0af493d58e695c5475bc6780,Net/src/WebSocketImpl.cpp,310,313,function,if,4,"{""bitfield"": false, ""branch_complexity_proxy"": 1, ""c_array"": false, ""call_count"": 3, ""callback"": false, ""calloc"": false, ""conditional_compilation"": false, ""explicit_abi_boundary"": false, ""extern_declaration"": false, ""extern_or_abi_boundary"": false, ""flexible_array"": false, ""free"": false, ""function_pointer"": false, ""generated_source"": false, ""global_read"": false, ""global_write"": false, ""goto"": false, ""lexical_ambiguity"": false, ""longjmp"": false, ""macro_density"": 0.0, ""macro_generated_declaration"": false, ""macro_use"": false, ""malloc"": false, ""memcpy"": false, ""memmove"": false, ""memset"": false, ""mutable_global"": false, ""parameter_count"": 1, ""platform_specific"": false, ""pointer_arithmetic"": false, ""pointer_count"": 0, ""pointer_to_pointer"": false, ""raw_pointer_parameter"": false, ""raw_pointer_return"": false, ""realloc"": false, ""setjmp"": false, ""static_local"": false, ""syscall"": false, ""third_party"": false, ""union"": false, ""va_list"": false, ""variadic"": false, ""void_pointer"": false}",TRIVIAL,no_significant_detected_blocker,[],medium
2,poco-net,a2cf8ccfc48e858d0af493d58e695c5475bc6780,Net/src/WebSocketImpl.cpp,332,335,function,if,4,"{""bitfield"": false, ""branch_complexity_proxy"": 1, ""c_array"": false, ""call_count"": 3, ""callback"": false, ""calloc"": false, ""conditional_compilation"": false, ""explicit_abi_boundary"": false, ""extern_declaration"": false, ""extern_or_abi_boundary"": false, ""flexible_array"": false, ""free"": false, ""function_pointer"": false, ""generated_source"": false, ""global_read"": false, ""global_write"": false, ""goto"": false, ""lexical_ambiguity"": false, ""longjmp"": false, ""macro_density"": 0.0, ""macro_generated_declaration"": false, ""macro_use"": false, ""malloc"": false, ""memcpy"": false, ""memmove"": false, ""memset"": false, ""mutable_global"": false, ""parameter_count"": 1, ""platform_specific"": false, ""pointer_arithmetic"": false, ""pointer_count"": 0, ""pointer_to_pointer"": false, ""raw_pointer_parameter"": false, ""raw_pointer_return"": false, ""realloc"": false, ""setjmp"": false, ""static_local"": false, ""syscall"": false, ""third_party"": false, ""union"": false, ""va_list"": false, ""variadic"": false, ""void_pointer"": false}",TRIVIAL,no_significant_detected_blocker,[],medium
2,poco-net,a2cf8ccfc48e858d0af493d58e695c5475bc6780,Net/src/WebSocketImpl.cpp,341,344,function,if,4,"{""bitfield"": false, ""branch_complexity_proxy"": 1, ""c_array"": false, ""call_count"": 3, ""callback"": false, ""calloc"": false, ""conditional_compilation"": false, ""explicit_abi_boundary"": false, ""extern_declaration"": false, ""extern_or_abi_boundary"": false, ""flexible_array"": false, ""free"": false, ""function_pointer"": false, ""generated_source"": false, ""global_read"": false, ""global_write"": false, ""goto"": false, ""lexical_ambiguity"": false, ""longjmp"": false, ""macro_density"": 0.0, ""macro_generated_declaration"": false, ""macro_use"": false, ""malloc"": false, ""memcpy"": false, ""memmove"": false, ""memset"": false, ""mutable_global"": false, ""parameter_count"": 1, ""platform_specific"": false, ""pointer_arithmetic"": false, ""pointer_count"": 0, ""pointer_to_pointer"": false, ""raw_pointer_parameter"": false, ""raw_pointer_return"": false, ""realloc"": false, ""setjmp"": false, ""static_local"": false, ""syscall"": false, ""third_party"": false, ""union"": false, ""va_list"": false, ""variadic"": false, ""void_pointer"": false}",TRIVIAL,no_significant_detected_blocker,[],medium
2,poco-net,a2cf8ccfc48e858d0af493d58e695c5475bc6780,Net/src/WebSocketImpl.cpp,362,365,function,if,4,"{""bitfield"": false, ""branch_complexity_proxy"": 1, ""c_array"": false, ""call_count"": 2, ""callback"": false, ""calloc"": false, ""conditional_compilation"": false, ""explicit_abi_boundary"": false, ""extern_declaration"": false, ""extern_or_abi_boundary"": false, ""flexible_array"": false, ""free"": false, ""function_pointer"": false, ""generated_source"": false, ""global_read"": false, ""global_write"": false, ""goto"": false, ""lexical_ambiguity"": false, ""longjmp"": false, ""macro_density"": 0.0, ""macro_generated_declaration"": false, ""macro_use"": false, ""malloc"": false, ""memcpy"": false, ""memmove"": false, ""memset"": false, ""mutable_global"": false, ""parameter_count"": 1, ""platform_specific"": false, ""pointer_arithmetic"": false, ""pointer_count"": 0, ""pointer_to_pointer"": false, ""raw_pointer_parameter"": false, ""raw_pointer_return"": false, ""realloc"": false, ""setjmp"": false, ""static_local"": false, ""syscall"": false, ""third_party"": false, ""union"": false, ""va_list"": false, ""variadic"": false, ""void_pointer"": false}",TRIVIAL,no_significant_detected_blocker,[],medium
2,poco-net,a2cf8ccfc48e858d0af493d58e695c5475bc6780,Net/src/WebSocketImpl.cpp,434,437,function,if,4,"{""bitfield"": false, ""branch_complexity_proxy"": 1, ""c_array"": false, ""call_count"": 2, ""callback"": false, ""calloc"": false, ""conditional_compilation"": false, ""explicit_abi_boundary"": false, ""extern_declaration"": false, ""extern_or_abi_boundary"": false, ""flexible_array"": false, ""free"": false, ""function_pointer"": false, ""generated_source"": false, ""global_read"": false, ""global_write"": false, ""goto"": false, ""lexical_ambiguity"": false, ""longjmp"": false, ""macro_density"": 0.0, ""macro_generated_declaration"": false, ""macro_use"": false, ""malloc"": false, ""memcpy"": false, ""memmove"": false, ""memset"": false, ""mutable_global"": false, ""parameter_count"": 1, ""platform_specific"": false, ""pointer_arithmetic"": false, ""pointer_count"": 0, ""pointer_to_pointer"": false, ""raw_pointer_parameter"": false, ""raw_pointer_return"": false, ""realloc"": false, ""setjmp"": false, ""static_local"": false, ""syscall"": false, ""third_party"": false, ""union"": false, ""va_list"": false, ""variadic"": false, ""void_pointer"": false}",TRIVIAL,no_significant_detected_blocker,[],medium
