file,qualified_name,start_line,end_line,source_kind,generated,rustycpp_status,migration_class,reason
builds/deprecated-msvc/vs2015_xp/test_zmq/test_multithread.cpp,message_fill,32,33,HANDWRITTEN_CPP,False,CPP_UNVERIFIED,D_BOUNDARY,external/runtime/raw-pointer boundary
builds/deprecated-msvc/vs2015_xp/test_zmq/test_multithread.cpp,message_check,45,46,HANDWRITTEN_CPP,False,CPP_UNVERIFIED,D_BOUNDARY,external/runtime/raw-pointer boundary
builds/deprecated-msvc/vs2015_xp/test_zmq/test_multithread.cpp,worker,83,83,HANDWRITTEN_CPP,False,CPP_UNVERIFIED,D_BOUNDARY,external/runtime/raw-pointer boundary
builds/deprecated-msvc/vs2015_xp/test_zmq/test_multithread.cpp,server,103,103,HANDWRITTEN_CPP,False,CPP_UNVERIFIED,D_BOUNDARY,external/runtime/raw-pointer boundary
builds/deprecated-msvc/vs2015_xp/test_zmq/test_multithread.cpp,client,134,135,HANDWRITTEN_CPP,False,CPP_UNVERIFIED,D_BOUNDARY,external/runtime/raw-pointer boundary
builds/deprecated-msvc/vs2015_xp/test_zmq/test_multithread.cpp,main,193,193,HANDWRITTEN_CPP,False,CPP_UNVERIFIED,D_BOUNDARY,external/runtime/raw-pointer boundary
builds/zos/test_fork.cpp,main,10,12,HANDWRITTEN_CPP,False,CPP_UNVERIFIED,D_BOUNDARY,external/runtime/raw-pointer boundary
external/unity/unity.h,setUp,39,39,HANDWRITTEN_CPP,False,CPP_UNVERIFIED,B_DIRECT_MIGRATION,ordinary C++ control/data-flow without detected boundary
external/unity/unity.h,tearDown,40,40,HANDWRITTEN_CPP,False,CPP_UNVERIFIED,B_DIRECT_MIGRATION,ordinary C++ control/data-flow without detected boundary
external/unity/unity.h,suiteSetUp,41,41,HANDWRITTEN_CPP,False,CPP_UNVERIFIED,B_DIRECT_MIGRATION,ordinary C++ control/data-flow without detected boundary
external/unity/unity.h,suiteTearDown,42,42,HANDWRITTEN_CPP,False,CPP_UNVERIFIED,B_DIRECT_MIGRATION,ordinary C++ control/data-flow without detected boundary
external/unity/unity.h,setUp,45,45,HANDWRITTEN_CPP,False,CPP_UNVERIFIED,B_DIRECT_MIGRATION,ordinary C++ control/data-flow without detected boundary
external/unity/unity.h,tearDown,47,47,HANDWRITTEN_CPP,False,CPP_UNVERIFIED,B_DIRECT_MIGRATION,ordinary C++ control/data-flow without detected boundary
external/unity/unity.h,suiteSetUp,49,49,HANDWRITTEN_CPP,False,CPP_UNVERIFIED,B_DIRECT_MIGRATION,ordinary C++ control/data-flow without detected boundary
external/unity/unity.h,suiteTearDown,51,51,HANDWRITTEN_CPP,False,CPP_UNVERIFIED,B_DIRECT_MIGRATION,ordinary C++ control/data-flow without detected boundary
perf/benchmark_radix_tree.cpp,benchmark_lookup,22,26,HANDWRITTEN_CPP,False,CPP_UNVERIFIED,B_DIRECT_MIGRATION,ordinary C++ control/data-flow without detected boundary
perf/benchmark_radix_tree.cpp,main,53,55,HANDWRITTEN_CPP,False,CPP_UNVERIFIED,D_BOUNDARY,external/runtime/raw-pointer boundary
perf/benchmark_radix_tree.cpp,main,99,101,HANDWRITTEN_CPP,False,CPP_UNVERIFIED,B_DIRECT_MIGRATION,ordinary C++ control/data-flow without detected boundary
perf/inproc_lat.cpp,main,81,83,HANDWRITTEN_CPP,False,CPP_UNVERIFIED,D_BOUNDARY,external/runtime/raw-pointer boundary
perf/inproc_thr.cpp,main,78,80,HANDWRITTEN_CPP,False,CPP_UNVERIFIED,D_BOUNDARY,external/runtime/raw-pointer boundary
perf/local_lat.cpp,main,6,8,HANDWRITTEN_CPP,False,CPP_UNVERIFIED,D_BOUNDARY,external/runtime/raw-pointer boundary
perf/local_thr.cpp,main,9,11,HANDWRITTEN_CPP,False,CPP_UNVERIFIED,D_BOUNDARY,external/runtime/raw-pointer boundary
perf/proxy_thr.cpp,test_assert_success_message_errno_helper,74,79,HANDWRITTEN_CPP,False,CPP_UNVERIFIED,B_DIRECT_MIGRATION,ordinary C++ control/data-flow without detected boundary
perf/proxy_thr.cpp,set_hwm,91,93,HANDWRITTEN_CPP,False,CPP_UNVERIFIED,B_DIRECT_MIGRATION,ordinary C++ control/data-flow without detected boundary
perf/proxy_thr.cpp,publisher_thread_main,102,104,HANDWRITTEN_CPP,False,CPP_UNVERIFIED,D_BOUNDARY,external/runtime/raw-pointer boundary
perf/proxy_thr.cpp,subscriber_thread_main,165,167,HANDWRITTEN_CPP,False,CPP_UNVERIFIED,D_BOUNDARY,external/runtime/raw-pointer boundary
perf/proxy_thr.cpp,proxy_thread_main,204,206,HANDWRITTEN_CPP,False,CPP_UNVERIFIED,D_BOUNDARY,external/runtime/raw-pointer boundary
perf/proxy_thr.cpp,terminate_proxy,273,275,HANDWRITTEN_CPP,False,CPP_UNVERIFIED,D_BOUNDARY,external/runtime/raw-pointer boundary
perf/proxy_thr.cpp,main,297,299,HANDWRITTEN_CPP,False,CPP_UNVERIFIED,B_DIRECT_MIGRATION,ordinary C++ control/data-flow without detected boundary
perf/remote_lat.cpp,main,7,9,HANDWRITTEN_CPP,False,CPP_UNVERIFIED,D_BOUNDARY,external/runtime/raw-pointer boundary
perf/remote_thr.cpp,main,12,14,HANDWRITTEN_CPP,False,CPP_UNVERIFIED,D_BOUNDARY,external/runtime/raw-pointer boundary
src/address.cpp,if,48,48,HANDWRITTEN_CPP,False,CPP_UNVERIFIED,B_DIRECT_MIGRATION,ordinary C++ control/data-flow without detected boundary
src/address.cpp,if,54,54,HANDWRITTEN_CPP,False,CPP_UNVERIFIED,B_DIRECT_MIGRATION,ordinary C++ control/data-flow without detected boundary
src/address.cpp,if,60,60,HANDWRITTEN_CPP,False,CPP_UNVERIFIED,B_DIRECT_MIGRATION,ordinary C++ control/data-flow without detected boundary
src/address.cpp,if,65,65,HANDWRITTEN_CPP,False,CPP_UNVERIFIED,B_DIRECT_MIGRATION,ordinary C++ control/data-flow without detected boundary
src/address.cpp,if,70,70,HANDWRITTEN_CPP,False,CPP_UNVERIFIED,B_DIRECT_MIGRATION,ordinary C++ control/data-flow without detected boundary
src/address.cpp,if,75,75,HANDWRITTEN_CPP,False,CPP_UNVERIFIED,B_DIRECT_MIGRATION,ordinary C++ control/data-flow without detected boundary
src/address.hpp,get_socket_name,127,130,HANDWRITTEN_CPP,False,CPP_UNVERIFIED,B_DIRECT_MIGRATION,ordinary C++ control/data-flow without detected boundary
src/array.hpp,array_item_t,28,29,HANDWRITTEN_CPP,False,CPP_UNVERIFIED,B_DIRECT_MIGRATION,ordinary C++ control/data-flow without detected boundary
src/array.hpp,set_array_index,34,35,HANDWRITTEN_CPP,False,CPP_UNVERIFIED,B_DIRECT_MIGRATION,ordinary C++ control/data-flow without detected boundary
src/array.hpp,size,55,56,HANDWRITTEN_CPP,False,CPP_UNVERIFIED,B_DIRECT_MIGRATION,ordinary C++ control/data-flow without detected boundary
src/array.hpp,empty,57,58,HANDWRITTEN_CPP,False,CPP_UNVERIFIED,B_DIRECT_MIGRATION,ordinary C++ control/data-flow without detected boundary
src/array.hpp,push_back,61,63,HANDWRITTEN_CPP,False,CPP_UNVERIFIED,B_DIRECT_MIGRATION,ordinary C++ control/data-flow without detected boundary
src/array.hpp,erase,69,71,HANDWRITTEN_CPP,False,CPP_UNVERIFIED,B_DIRECT_MIGRATION,ordinary C++ control/data-flow without detected boundary
src/array.hpp,erase,74,76,HANDWRITTEN_CPP,False,CPP_UNVERIFIED,B_DIRECT_MIGRATION,ordinary C++ control/data-flow without detected boundary
src/array.hpp,swap,85,87,HANDWRITTEN_CPP,False,CPP_UNVERIFIED,B_DIRECT_MIGRATION,ordinary C++ control/data-flow without detected boundary
src/array.hpp,clear,96,97,HANDWRITTEN_CPP,False,CPP_UNVERIFIED,B_DIRECT_MIGRATION,ordinary C++ control/data-flow without detected boundary
src/array.hpp,index,98,100,HANDWRITTEN_CPP,False,CPP_UNVERIFIED,B_DIRECT_MIGRATION,ordinary C++ control/data-flow without detected boundary
src/atomic_ptr.hpp,_value,217,218,HANDWRITTEN_CPP,False,CPP_UNVERIFIED,B_DIRECT_MIGRATION,ordinary C++ control/data-flow without detected boundary
src/blob.hpp,blob_t,52,56,HANDWRITTEN_CPP,False,CPP_UNVERIFIED,B_DIRECT_MIGRATION,ordinary C++ control/data-flow without detected boundary
src/blob.hpp,set_deep_copy,100,101,HANDWRITTEN_CPP,False,CPP_UNVERIFIED,D_BOUNDARY,external/runtime/raw-pointer boundary
src/blob.hpp,set,113,114,HANDWRITTEN_CPP,False,CPP_UNVERIFIED,D_BOUNDARY,external/runtime/raw-pointer boundary
src/blob.hpp,clear,126,127,HANDWRITTEN_CPP,False,CPP_UNVERIFIED,B_DIRECT_MIGRATION,ordinary C++ control/data-flow without detected boundary
src/clock.cpp,alt_clock_gettime,36,37,HANDWRITTEN_CPP,False,CPP_UNVERIFIED,B_DIRECT_MIGRATION,ordinary C++ control/data-flow without detected boundary
src/clock.cpp,compatible_get_tick_count64,53,55,HANDWRITTEN_CPP,False,CPP_UNVERIFIED,C_LOCAL_REFACTOR,"ownership, callback, threading, or template shape"
src/clock.cpp,init_compatible_get_tick_count64,76,78,HANDWRITTEN_CPP,False,CPP_UNVERIFIED,B_DIRECT_MIGRATION,ordinary C++ control/data-flow without detected boundary
src/compat.hpp,strlcpy,17,19,HANDWRITTEN_CPP,False,CPP_UNVERIFIED,B_DIRECT_MIGRATION,ordinary C++ control/data-flow without detected boundary
src/compat.hpp,strcpy_s,28,30,HANDWRITTEN_CPP,False,CPP_UNVERIFIED,B_DIRECT_MIGRATION,ordinary C++ control/data-flow without detected boundary
src/compat.hpp,strnlen,37,38,HANDWRITTEN_CPP,False,CPP_UNVERIFIED,B_DIRECT_MIGRATION,ordinary C++ control/data-flow without detected boundary
src/condition_variable.hpp,condition_variable_t,17,18,HANDWRITTEN_CPP,False,CPP_UNVERIFIED,B_DIRECT_MIGRATION,ordinary C++ control/data-flow without detected boundary
src/condition_variable.hpp,wait,19,21,HANDWRITTEN_CPP,False,CPP_UNVERIFIED,B_DIRECT_MIGRATION,ordinary C++ control/data-flow without detected boundary
src/condition_variable.hpp,broadcast,25,26,HANDWRITTEN_CPP,False,CPP_UNVERIFIED,B_DIRECT_MIGRATION,ordinary C++ control/data-flow without detected boundary
src/condition_variable.hpp,condition_variable_t,40,41,HANDWRITTEN_CPP,False,CPP_UNVERIFIED,B_DIRECT_MIGRATION,ordinary C++ control/data-flow without detected boundary
src/condition_variable.hpp,wait,42,44,HANDWRITTEN_CPP,False,CPP_UNVERIFIED,C_LOCAL_REFACTOR,"ownership, callback, threading, or template shape"
src/condition_variable.hpp,broadcast,58,59,HANDWRITTEN_CPP,False,CPP_UNVERIFIED,B_DIRECT_MIGRATION,ordinary C++ control/data-flow without detected boundary
src/condition_variable.hpp,wait,78,80,HANDWRITTEN_CPP,False,CPP_UNVERIFIED,C_LOCAL_REFACTOR,"ownership, callback, threading, or template shape"
src/condition_variable.hpp,broadcast,94,96,HANDWRITTEN_CPP,False,CPP_UNVERIFIED,C_LOCAL_REFACTOR,"ownership, callback, threading, or template shape"
src/condition_variable.hpp,~condition_variable_t,118,120,HANDWRITTEN_CPP,False,CPP_UNVERIFIED,B_DIRECT_MIGRATION,ordinary C++ control/data-flow without detected boundary
src/condition_variable.hpp,wait,126,128,HANDWRITTEN_CPP,False,CPP_UNVERIFIED,B_DIRECT_MIGRATION,ordinary C++ control/data-flow without detected boundary
src/condition_variable.hpp,broadcast,174,176,HANDWRITTEN_CPP,False,CPP_UNVERIFIED,B_DIRECT_MIGRATION,ordinary C++ control/data-flow without detected boundary
src/condition_variable.hpp,condition_variable_t,206,208,HANDWRITTEN_CPP,False,CPP_UNVERIFIED,B_DIRECT_MIGRATION,ordinary C++ control/data-flow without detected boundary
src/condition_variable.hpp,~condition_variable_t,217,219,HANDWRITTEN_CPP,False,CPP_UNVERIFIED,B_DIRECT_MIGRATION,ordinary C++ control/data-flow without detected boundary
src/condition_variable.hpp,wait,223,225,HANDWRITTEN_CPP,False,CPP_UNVERIFIED,B_DIRECT_MIGRATION,ordinary C++ control/data-flow without detected boundary
src/condition_variable.hpp,broadcast,270,272,HANDWRITTEN_CPP,False,CPP_UNVERIFIED,B_DIRECT_MIGRATION,ordinary C++ control/data-flow without detected boundary
src/ctx.cpp,clipped_maxsocket,42,44,HANDWRITTEN_CPP,False,CPP_UNVERIFIED,B_DIRECT_MIGRATION,ordinary C++ control/data-flow without detected boundary
src/ctx.cpp,if,243,244,HANDWRITTEN_CPP,False,CPP_UNVERIFIED,B_DIRECT_MIGRATION,ordinary C++ control/data-flow without detected boundary
src/ctx.cpp,if,250,252,HANDWRITTEN_CPP,False,CPP_UNVERIFIED,B_DIRECT_MIGRATION,ordinary C++ control/data-flow without detected boundary
src/ctx.cpp,if,258,260,HANDWRITTEN_CPP,False,CPP_UNVERIFIED,B_DIRECT_MIGRATION,ordinary C++ control/data-flow without detected boundary
src/ctx.cpp,if,266,268,HANDWRITTEN_CPP,False,CPP_UNVERIFIED,B_DIRECT_MIGRATION,ordinary C++ control/data-flow without detected boundary
src/ctx.cpp,if,274,276,HANDWRITTEN_CPP,False,CPP_UNVERIFIED,B_DIRECT_MIGRATION,ordinary C++ control/data-flow without detected boundary
src/ctx.cpp,if,282,284,HANDWRITTEN_CPP,False,CPP_UNVERIFIED,B_DIRECT_MIGRATION,ordinary C++ control/data-flow without detected boundary
src/ctx.cpp,if,306,307,HANDWRITTEN_CPP,False,CPP_UNVERIFIED,B_DIRECT_MIGRATION,ordinary C++ control/data-flow without detected boundary
src/ctx.cpp,if,313,315,HANDWRITTEN_CPP,False,CPP_UNVERIFIED,B_DIRECT_MIGRATION,ordinary C++ control/data-flow without detected boundary
src/ctx.cpp,if,320,322,HANDWRITTEN_CPP,False,CPP_UNVERIFIED,B_DIRECT_MIGRATION,ordinary C++ control/data-flow without detected boundary
src/ctx.cpp,if,328,330,HANDWRITTEN_CPP,False,CPP_UNVERIFIED,B_DIRECT_MIGRATION,ordinary C++ control/data-flow without detected boundary
src/ctx.cpp,if,336,338,HANDWRITTEN_CPP,False,CPP_UNVERIFIED,B_DIRECT_MIGRATION,ordinary C++ control/data-flow without detected boundary
src/ctx.cpp,if,344,346,HANDWRITTEN_CPP,False,CPP_UNVERIFIED,B_DIRECT_MIGRATION,ordinary C++ control/data-flow without detected boundary
src/ctx.cpp,if,352,354,HANDWRITTEN_CPP,False,CPP_UNVERIFIED,B_DIRECT_MIGRATION,ordinary C++ control/data-flow without detected boundary
src/ctx.cpp,if,360,362,HANDWRITTEN_CPP,False,CPP_UNVERIFIED,B_DIRECT_MIGRATION,ordinary C++ control/data-flow without detected boundary
src/ctx.cpp,if,556,557,HANDWRITTEN_CPP,False,CPP_UNVERIFIED,B_DIRECT_MIGRATION,ordinary C++ control/data-flow without detected boundary
src/ctx.cpp,if,563,565,HANDWRITTEN_CPP,False,CPP_UNVERIFIED,B_DIRECT_MIGRATION,ordinary C++ control/data-flow without detected boundary
src/ctx.cpp,if,571,573,HANDWRITTEN_CPP,False,CPP_UNVERIFIED,B_DIRECT_MIGRATION,ordinary C++ control/data-flow without detected boundary
src/ctx.cpp,if,582,584,HANDWRITTEN_CPP,False,CPP_UNVERIFIED,B_DIRECT_MIGRATION,ordinary C++ control/data-flow without detected boundary
src/ctx.cpp,if,620,621,HANDWRITTEN_CPP,False,CPP_UNVERIFIED,B_DIRECT_MIGRATION,ordinary C++ control/data-flow without detected boundary
src/ctx.cpp,if,627,629,HANDWRITTEN_CPP,False,CPP_UNVERIFIED,B_DIRECT_MIGRATION,ordinary C++ control/data-flow without detected boundary
src/curve_client_tools.hpp,produce_hello,28,33,HANDWRITTEN_CPP,False,CPP_UNVERIFIED,D_BOUNDARY,external/runtime/raw-pointer boundary
src/curve_client_tools.hpp,process_welcome,66,74,HANDWRITTEN_CPP,False,CPP_UNVERIFIED,B_DIRECT_MIGRATION,ordinary C++ control/data-flow without detected boundary
src/curve_client_tools.hpp,produce_initiate,110,123,HANDWRITTEN_CPP,False,CPP_UNVERIFIED,D_BOUNDARY,external/runtime/raw-pointer boundary
src/curve_client_tools.hpp,is_handshake_command_welcome,200,203,HANDWRITTEN_CPP,False,CPP_UNVERIFIED,B_DIRECT_MIGRATION,ordinary C++ control/data-flow without detected boundary
src/curve_client_tools.hpp,is_handshake_command_ready,206,209,HANDWRITTEN_CPP,False,CPP_UNVERIFIED,B_DIRECT_MIGRATION,ordinary C++ control/data-flow without detected boundary
src/curve_client_tools.hpp,is_handshake_command_error,212,215,HANDWRITTEN_CPP,False,CPP_UNVERIFIED,B_DIRECT_MIGRATION,ordinary C++ control/data-flow without detected boundary
src/curve_client_tools.hpp,uint8_t,221,224,HANDWRITTEN_CPP,False,CPP_UNVERIFIED,D_BOUNDARY,external/runtime/raw-pointer boundary
src/curve_client_tools.hpp,process_welcome,242,246,HANDWRITTEN_CPP,False,CPP_UNVERIFIED,B_DIRECT_MIGRATION,ordinary C++ control/data-flow without detected boundary
src/curve_client_tools.hpp,is_handshake_command,283,289,HANDWRITTEN_CPP,False,CPP_UNVERIFIED,B_DIRECT_MIGRATION,ordinary C++ control/data-flow without detected boundary
src/curve_mechanism_base.cpp,if,150,150,HANDWRITTEN_CPP,False,CPP_UNVERIFIED,D_BOUNDARY,external/runtime/raw-pointer boundary
src/curve_mechanism_base.hpp,get_and_inc_nonce,40,41,HANDWRITTEN_CPP,False,CPP_UNVERIFIED,B_DIRECT_MIGRATION,ordinary C++ control/data-flow without detected boundary
src/curve_mechanism_base.hpp,set_peer_nonce,42,42,HANDWRITTEN_CPP,False,CPP_UNVERIFIED,B_DIRECT_MIGRATION,ordinary C++ control/data-flow without detected boundary
src/dbuffer.hpp,dbuffer_t,33,35,HANDWRITTEN_CPP,False,CPP_UNVERIFIED,B_DIRECT_MIGRATION,ordinary C++ control/data-flow without detected boundary
src/dbuffer.hpp,write,45,47,HANDWRITTEN_CPP,False,CPP_UNVERIFIED,B_DIRECT_MIGRATION,ordinary C++ control/data-flow without detected boundary
src/dbuffer.hpp,read,60,62,HANDWRITTEN_CPP,False,CPP_UNVERIFIED,B_DIRECT_MIGRATION,ordinary C++ control/data-flow without detected boundary
src/dbuffer.hpp,check_read,80,83,HANDWRITTEN_CPP,False,CPP_UNVERIFIED,B_DIRECT_MIGRATION,ordinary C++ control/data-flow without detected boundary
src/dbuffer.hpp,probe,88,90,HANDWRITTEN_CPP,False,CPP_UNVERIFIED,B_DIRECT_MIGRATION,ordinary C++ control/data-flow without detected boundary
src/dealer.cpp,if,59,60,HANDWRITTEN_CPP,False,CPP_UNVERIFIED,B_DIRECT_MIGRATION,ordinary C++ control/data-flow without detected boundary
src/decoder.hpp,decoder_base_t,32,35,HANDWRITTEN_CPP,False,CPP_UNVERIFIED,B_DIRECT_MIGRATION,ordinary C++ control/data-flow without detected boundary
src/decoder.hpp,next_step,132,133,HANDWRITTEN_CPP,False,CPP_UNVERIFIED,D_BOUNDARY,external/runtime/raw-pointer boundary
src/decoder_allocators.hpp,c_single_allocator,18,22,HANDWRITTEN_CPP,False,CPP_UNVERIFIED,B_DIRECT_MIGRATION,ordinary C++ control/data-flow without detected boundary
src/decoder_allocators.hpp,deallocate,29,30,HANDWRITTEN_CPP,False,CPP_UNVERIFIED,B_DIRECT_MIGRATION,ordinary C++ control/data-flow without detected boundary
src/decoder_allocators.hpp,resize,35,35,HANDWRITTEN_CPP,False,CPP_UNVERIFIED,B_DIRECT_MIGRATION,ordinary C++ control/data-flow without detected boundary
src/decoder_allocators.hpp,resize,88,89,HANDWRITTEN_CPP,False,CPP_UNVERIFIED,B_DIRECT_MIGRATION,ordinary C++ control/data-flow without detected boundary
src/decoder_allocators.hpp,advance_content,92,93,HANDWRITTEN_CPP,False,CPP_UNVERIFIED,B_DIRECT_MIGRATION,ordinary C++ control/data-flow without detected boundary
src/encoder.hpp,encoder_base_t,29,38,HANDWRITTEN_CPP,False,CPP_UNVERIFIED,B_DIRECT_MIGRATION,ordinary C++ control/data-flow without detected boundary
src/encoder.hpp,next_step,115,119,HANDWRITTEN_CPP,False,CPP_UNVERIFIED,D_BOUNDARY,external/runtime/raw-pointer boundary
src/generic_mtrie_impl.hpp,if,329,332,HANDWRITTEN_CPP,False,CPP_UNVERIFIED,B_DIRECT_MIGRATION,ordinary C++ control/data-flow without detected boundary
src/ip.cpp,tune_socket,321,322,HANDWRITTEN_CPP,False,CPP_UNVERIFIED,D_BOUNDARY,external/runtime/raw-pointer boundary
src/ip.cpp,make_fdpair_tcpip,331,333,HANDWRITTEN_CPP,False,CPP_UNVERIFIED,D_BOUNDARY,external/runtime/raw-pointer boundary
src/ip_resolver.cpp,if,382,383,HANDWRITTEN_CPP,False,CPP_UNVERIFIED,B_DIRECT_MIGRATION,ordinary C++ control/data-flow without detected boundary
src/ip_resolver.hpp,~ip_resolver_t,66,66,HANDWRITTEN_CPP,False,CPP_UNVERIFIED,B_DIRECT_MIGRATION,ordinary C++ control/data-flow without detected boundary
src/ipc_connecter.cpp,if,66,66,HANDWRITTEN_CPP,False,CPP_UNVERIFIED,B_DIRECT_MIGRATION,ordinary C++ control/data-flow without detected boundary
src/ipc_connecter.cpp,if,77,79,HANDWRITTEN_CPP,False,CPP_UNVERIFIED,D_BOUNDARY,external/runtime/raw-pointer boundary
src/mechanism.cpp,property_len,98,100,HANDWRITTEN_CPP,False,CPP_UNVERIFIED,B_DIRECT_MIGRATION,ordinary C++ control/data-flow without detected boundary
src/mechanism.cpp,name_len,103,105,HANDWRITTEN_CPP,False,CPP_UNVERIFIED,B_DIRECT_MIGRATION,ordinary C++ control/data-flow without detected boundary
src/mechanism.cpp,if,242,242,HANDWRITTEN_CPP,False,CPP_UNVERIFIED,D_BOUNDARY,external/runtime/raw-pointer boundary
src/mechanism.cpp,strequals,273,278,HANDWRITTEN_CPP,False,CPP_UNVERIFIED,B_DIRECT_MIGRATION,ordinary C++ control/data-flow without detected boundary
src/mechanism.hpp,encode,38,39,HANDWRITTEN_CPP,False,CPP_UNVERIFIED,B_DIRECT_MIGRATION,ordinary C++ control/data-flow without detected boundary
src/mechanism.hpp,decode,40,41,HANDWRITTEN_CPP,False,CPP_UNVERIFIED,B_DIRECT_MIGRATION,ordinary C++ control/data-flow without detected boundary
src/mechanism.hpp,zap_msg_available,44,44,HANDWRITTEN_CPP,False,CPP_UNVERIFIED,B_DIRECT_MIGRATION,ordinary C++ control/data-flow without detected boundary
src/msg.hpp,close_and_return,299,301,HANDWRITTEN_CPP,False,CPP_UNVERIFIED,D_BOUNDARY,external/runtime/raw-pointer boundary
src/msg.hpp,close_and_return,309,311,HANDWRITTEN_CPP,False,CPP_UNVERIFIED,B_DIRECT_MIGRATION,ordinary C++ control/data-flow without detected boundary
src/mutex.hpp,mutex_t,19,20,HANDWRITTEN_CPP,False,CPP_UNVERIFIED,B_DIRECT_MIGRATION,ordinary C++ control/data-flow without detected boundary
src/mutex.hpp,lock,23,24,HANDWRITTEN_CPP,False,CPP_UNVERIFIED,B_DIRECT_MIGRATION,ordinary C++ control/data-flow without detected boundary
src/mutex.hpp,try_lock,25,26,HANDWRITTEN_CPP,False,CPP_UNVERIFIED,B_DIRECT_MIGRATION,ordinary C++ control/data-flow without detected boundary
src/mutex.hpp,unlock,27,28,HANDWRITTEN_CPP,False,CPP_UNVERIFIED,B_DIRECT_MIGRATION,ordinary C++ control/data-flow without detected boundary
src/mutex.hpp,mutex_t,48,50,HANDWRITTEN_CPP,False,CPP_UNVERIFIED,B_DIRECT_MIGRATION,ordinary C++ control/data-flow without detected boundary
src/mutex.hpp,~mutex_t,54,55,HANDWRITTEN_CPP,False,CPP_UNVERIFIED,B_DIRECT_MIGRATION,ordinary C++ control/data-flow without detected boundary
src/mutex.hpp,lock,56,57,HANDWRITTEN_CPP,False,CPP_UNVERIFIED,B_DIRECT_MIGRATION,ordinary C++ control/data-flow without detected boundary
src/mutex.hpp,try_lock,58,60,HANDWRITTEN_CPP,False,CPP_UNVERIFIED,B_DIRECT_MIGRATION,ordinary C++ control/data-flow without detected boundary
src/mutex.hpp,unlock,66,67,HANDWRITTEN_CPP,False,CPP_UNVERIFIED,B_DIRECT_MIGRATION,ordinary C++ control/data-flow without detected boundary
src/mutex.hpp,mutex_t,84,86,HANDWRITTEN_CPP,False,CPP_UNVERIFIED,C_LOCAL_REFACTOR,"ownership, callback, threading, or template shape"
src/mutex.hpp,~mutex_t,96,98,HANDWRITTEN_CPP,False,CPP_UNVERIFIED,C_LOCAL_REFACTOR,"ownership, callback, threading, or template shape"
src/mutex.hpp,lock,105,107,HANDWRITTEN_CPP,False,CPP_UNVERIFIED,C_LOCAL_REFACTOR,"ownership, callback, threading, or template shape"
src/mutex.hpp,try_lock,111,113,HANDWRITTEN_CPP,False,CPP_UNVERIFIED,C_LOCAL_REFACTOR,"ownership, callback, threading, or template shape"
src/mutex.hpp,unlock,121,123,HANDWRITTEN_CPP,False,CPP_UNVERIFIED,C_LOCAL_REFACTOR,"ownership, callback, threading, or template shape"
src/norm_engine.cpp,if,430,432,HANDWRITTEN_CPP,False,CPP_UNVERIFIED,B_DIRECT_MIGRATION,ordinary C++ control/data-flow without detected boundary
src/norm_engine.cpp,normWrapperThread,814,815,HANDWRITTEN_CPP,False,CPP_UNVERIFIED,B_DIRECT_MIGRATION,ordinary C++ control/data-flow without detected boundary
src/norm_engine.hpp,SetRxReady,88,89,HANDWRITTEN_CPP,False,CPP_UNVERIFIED,B_DIRECT_MIGRATION,ordinary C++ control/data-flow without detected boundary
src/norm_engine.hpp,SetSync,91,92,HANDWRITTEN_CPP,False,CPP_UNVERIFIED,B_DIRECT_MIGRATION,ordinary C++ control/data-flow without detected boundary
src/norm_engine.hpp,IncrementBufferCount,99,99,HANDWRITTEN_CPP,False,CPP_UNVERIFIED,B_DIRECT_MIGRATION,ordinary C++ control/data-flow without detected boundary
src/options.cpp,sockopt_invalid,21,23,HANDWRITTEN_CPP,False,CPP_UNVERIFIED,B_DIRECT_MIGRATION,ordinary C++ control/data-flow without detected boundary
src/options.cpp,do_getsockopt_curve_key,60,63,HANDWRITTEN_CPP,False,CPP_UNVERIFIED,D_BOUNDARY,external/runtime/raw-pointer boundary
src/options.cpp,do_setsockopt,76,81,HANDWRITTEN_CPP,False,CPP_UNVERIFIED,D_BOUNDARY,external/runtime/raw-pointer boundary
src/options.cpp,do_setsockopt_string_allow_empty_strict,116,122,HANDWRITTEN_CPP,False,CPP_UNVERIFIED,B_DIRECT_MIGRATION,ordinary C++ control/data-flow without detected boundary
src/options.cpp,do_setsockopt_string_allow_empty_relaxed,135,141,HANDWRITTEN_CPP,False,CPP_UNVERIFIED,D_BOUNDARY,external/runtime/raw-pointer boundary
src/options.cpp,do_setsockopt_set,150,155,HANDWRITTEN_CPP,False,CPP_UNVERIFIED,B_DIRECT_MIGRATION,ordinary C++ control/data-flow without detected boundary
src/options.cpp,if,307,308,HANDWRITTEN_CPP,False,CPP_UNVERIFIED,B_DIRECT_MIGRATION,ordinary C++ control/data-flow without detected boundary
src/options.cpp,if,313,315,HANDWRITTEN_CPP,False,CPP_UNVERIFIED,B_DIRECT_MIGRATION,ordinary C++ control/data-flow without detected boundary
src/options.cpp,if,332,334,HANDWRITTEN_CPP,False,CPP_UNVERIFIED,B_DIRECT_MIGRATION,ordinary C++ control/data-flow without detected boundary
src/options.cpp,if,339,341,HANDWRITTEN_CPP,False,CPP_UNVERIFIED,B_DIRECT_MIGRATION,ordinary C++ control/data-flow without detected boundary
src/options.cpp,if,346,348,HANDWRITTEN_CPP,False,CPP_UNVERIFIED,B_DIRECT_MIGRATION,ordinary C++ control/data-flow without detected boundary
src/options.cpp,if,353,355,HANDWRITTEN_CPP,False,CPP_UNVERIFIED,B_DIRECT_MIGRATION,ordinary C++ control/data-flow without detected boundary
src/options.cpp,if,360,362,HANDWRITTEN_CPP,False,CPP_UNVERIFIED,B_DIRECT_MIGRATION,ordinary C++ control/data-flow without detected boundary
src/options.cpp,if,367,369,HANDWRITTEN_CPP,False,CPP_UNVERIFIED,B_DIRECT_MIGRATION,ordinary C++ control/data-flow without detected boundary
src/options.cpp,if,374,376,HANDWRITTEN_CPP,False,CPP_UNVERIFIED,B_DIRECT_MIGRATION,ordinary C++ control/data-flow without detected boundary
src/options.cpp,if,381,383,HANDWRITTEN_CPP,False,CPP_UNVERIFIED,B_DIRECT_MIGRATION,ordinary C++ control/data-flow without detected boundary
src/options.cpp,if,388,390,HANDWRITTEN_CPP,False,CPP_UNVERIFIED,B_DIRECT_MIGRATION,ordinary C++ control/data-flow without detected boundary
src/options.cpp,if,395,397,HANDWRITTEN_CPP,False,CPP_UNVERIFIED,B_DIRECT_MIGRATION,ordinary C++ control/data-flow without detected boundary
src/options.cpp,if,402,404,HANDWRITTEN_CPP,False,CPP_UNVERIFIED,B_DIRECT_MIGRATION,ordinary C++ control/data-flow without detected boundary
src/options.cpp,if,409,411,HANDWRITTEN_CPP,False,CPP_UNVERIFIED,B_DIRECT_MIGRATION,ordinary C++ control/data-flow without detected boundary
src/options.cpp,if,419,421,HANDWRITTEN_CPP,False,CPP_UNVERIFIED,B_DIRECT_MIGRATION,ordinary C++ control/data-flow without detected boundary
src/options.cpp,if,426,428,HANDWRITTEN_CPP,False,CPP_UNVERIFIED,B_DIRECT_MIGRATION,ordinary C++ control/data-flow without detected boundary
src/options.cpp,if,433,435,HANDWRITTEN_CPP,False,CPP_UNVERIFIED,B_DIRECT_MIGRATION,ordinary C++ control/data-flow without detected boundary
src/options.cpp,if,440,442,HANDWRITTEN_CPP,False,CPP_UNVERIFIED,B_DIRECT_MIGRATION,ordinary C++ control/data-flow without detected boundary
src/options.cpp,if,485,486,HANDWRITTEN_CPP,False,CPP_UNVERIFIED,B_DIRECT_MIGRATION,ordinary C++ control/data-flow without detected boundary
src/options.cpp,if,491,493,HANDWRITTEN_CPP,False,CPP_UNVERIFIED,B_DIRECT_MIGRATION,ordinary C++ control/data-flow without detected boundary
src/options.cpp,if,498,500,HANDWRITTEN_CPP,False,CPP_UNVERIFIED,B_DIRECT_MIGRATION,ordinary C++ control/data-flow without detected boundary
src/options.cpp,if,505,507,HANDWRITTEN_CPP,False,CPP_UNVERIFIED,B_DIRECT_MIGRATION,ordinary C++ control/data-flow without detected boundary
src/options.cpp,if,555,557,HANDWRITTEN_CPP,False,CPP_UNVERIFIED,B_DIRECT_MIGRATION,ordinary C++ control/data-flow without detected boundary
src/options.cpp,if,563,565,HANDWRITTEN_CPP,False,CPP_UNVERIFIED,B_DIRECT_MIGRATION,ordinary C++ control/data-flow without detected boundary
src/options.cpp,if,577,579,HANDWRITTEN_CPP,False,CPP_UNVERIFIED,B_DIRECT_MIGRATION,ordinary C++ control/data-flow without detected boundary
src/options.cpp,if,598,599,HANDWRITTEN_CPP,False,CPP_UNVERIFIED,B_DIRECT_MIGRATION,ordinary C++ control/data-flow without detected boundary
src/options.cpp,if,605,607,HANDWRITTEN_CPP,False,CPP_UNVERIFIED,B_DIRECT_MIGRATION,ordinary C++ control/data-flow without detected boundary
src/options.cpp,if,611,613,HANDWRITTEN_CPP,False,CPP_UNVERIFIED,B_DIRECT_MIGRATION,ordinary C++ control/data-flow without detected boundary
src/options.cpp,if,617,619,HANDWRITTEN_CPP,False,CPP_UNVERIFIED,B_DIRECT_MIGRATION,ordinary C++ control/data-flow without detected boundary
src/options.cpp,if,632,633,HANDWRITTEN_CPP,False,CPP_UNVERIFIED,B_DIRECT_MIGRATION,ordinary C++ control/data-flow without detected boundary
src/options.cpp,if,639,641,HANDWRITTEN_CPP,False,CPP_UNVERIFIED,D_BOUNDARY,external/runtime/raw-pointer boundary
src/options.cpp,if,647,649,HANDWRITTEN_CPP,False,CPP_UNVERIFIED,D_BOUNDARY,external/runtime/raw-pointer boundary
src/options.cpp,if,661,666,HANDWRITTEN_CPP,False,CPP_UNVERIFIED,B_DIRECT_MIGRATION,ordinary C++ control/data-flow without detected boundary
src/options.cpp,if,671,676,HANDWRITTEN_CPP,False,CPP_UNVERIFIED,B_DIRECT_MIGRATION,ordinary C++ control/data-flow without detected boundary
src/options.cpp,if,682,684,HANDWRITTEN_CPP,False,CPP_UNVERIFIED,B_DIRECT_MIGRATION,ordinary C++ control/data-flow without detected boundary
src/options.cpp,if,693,695,HANDWRITTEN_CPP,False,CPP_UNVERIFIED,B_DIRECT_MIGRATION,ordinary C++ control/data-flow without detected boundary
src/options.cpp,if,709,711,HANDWRITTEN_CPP,False,CPP_UNVERIFIED,B_DIRECT_MIGRATION,ordinary C++ control/data-flow without detected boundary
src/options.cpp,if,730,732,HANDWRITTEN_CPP,False,CPP_UNVERIFIED,B_DIRECT_MIGRATION,ordinary C++ control/data-flow without detected boundary
src/options.cpp,if,749,751,HANDWRITTEN_CPP,False,CPP_UNVERIFIED,D_BOUNDARY,external/runtime/raw-pointer boundary
src/options.cpp,if,775,776,HANDWRITTEN_CPP,False,CPP_UNVERIFIED,B_DIRECT_MIGRATION,ordinary C++ control/data-flow without detected boundary
src/options.cpp,if,781,783,HANDWRITTEN_CPP,False,CPP_UNVERIFIED,B_DIRECT_MIGRATION,ordinary C++ control/data-flow without detected boundary
src/options.cpp,if,788,790,HANDWRITTEN_CPP,False,CPP_UNVERIFIED,B_DIRECT_MIGRATION,ordinary C++ control/data-flow without detected boundary
src/options.cpp,if,817,818,HANDWRITTEN_CPP,False,CPP_UNVERIFIED,B_DIRECT_MIGRATION,ordinary C++ control/data-flow without detected boundary
src/options.cpp,if,827,829,HANDWRITTEN_CPP,False,CPP_UNVERIFIED,B_DIRECT_MIGRATION,ordinary C++ control/data-flow without detected boundary
src/options.cpp,if,834,836,HANDWRITTEN_CPP,False,CPP_UNVERIFIED,B_DIRECT_MIGRATION,ordinary C++ control/data-flow without detected boundary
src/options.cpp,if,841,843,HANDWRITTEN_CPP,False,CPP_UNVERIFIED,B_DIRECT_MIGRATION,ordinary C++ control/data-flow without detected boundary
src/options.cpp,if,848,850,HANDWRITTEN_CPP,False,CPP_UNVERIFIED,B_DIRECT_MIGRATION,ordinary C++ control/data-flow without detected boundary
src/options.cpp,if,855,857,HANDWRITTEN_CPP,False,CPP_UNVERIFIED,B_DIRECT_MIGRATION,ordinary C++ control/data-flow without detected boundary
src/options.cpp,if,867,869,HANDWRITTEN_CPP,False,CPP_UNVERIFIED,D_BOUNDARY,external/runtime/raw-pointer boundary
src/options.cpp,if,878,880,HANDWRITTEN_CPP,False,CPP_UNVERIFIED,D_BOUNDARY,external/runtime/raw-pointer boundary
src/options.cpp,if,889,891,HANDWRITTEN_CPP,False,CPP_UNVERIFIED,B_DIRECT_MIGRATION,ordinary C++ control/data-flow without detected boundary
src/options.cpp,if,896,898,HANDWRITTEN_CPP,False,CPP_UNVERIFIED,D_BOUNDARY,external/runtime/raw-pointer boundary
src/options.cpp,if,949,950,HANDWRITTEN_CPP,False,CPP_UNVERIFIED,B_DIRECT_MIGRATION,ordinary C++ control/data-flow without detected boundary
src/options.cpp,if,955,957,HANDWRITTEN_CPP,False,CPP_UNVERIFIED,B_DIRECT_MIGRATION,ordinary C++ control/data-flow without detected boundary
src/options.cpp,if,962,964,HANDWRITTEN_CPP,False,CPP_UNVERIFIED,B_DIRECT_MIGRATION,ordinary C++ control/data-flow without detected boundary
src/options.cpp,if,973,975,HANDWRITTEN_CPP,False,CPP_UNVERIFIED,B_DIRECT_MIGRATION,ordinary C++ control/data-flow without detected boundary
src/options.cpp,if,980,982,HANDWRITTEN_CPP,False,CPP_UNVERIFIED,B_DIRECT_MIGRATION,ordinary C++ control/data-flow without detected boundary
src/options.cpp,if,987,989,HANDWRITTEN_CPP,False,CPP_UNVERIFIED,B_DIRECT_MIGRATION,ordinary C++ control/data-flow without detected boundary
src/options.cpp,if,994,996,HANDWRITTEN_CPP,False,CPP_UNVERIFIED,B_DIRECT_MIGRATION,ordinary C++ control/data-flow without detected boundary
src/options.cpp,if,1001,1003,HANDWRITTEN_CPP,False,CPP_UNVERIFIED,B_DIRECT_MIGRATION,ordinary C++ control/data-flow without detected boundary
src/options.cpp,if,1008,1010,HANDWRITTEN_CPP,False,CPP_UNVERIFIED,B_DIRECT_MIGRATION,ordinary C++ control/data-flow without detected boundary
src/options.cpp,if,1015,1017,HANDWRITTEN_CPP,False,CPP_UNVERIFIED,B_DIRECT_MIGRATION,ordinary C++ control/data-flow without detected boundary
src/options.cpp,if,1022,1024,HANDWRITTEN_CPP,False,CPP_UNVERIFIED,B_DIRECT_MIGRATION,ordinary C++ control/data-flow without detected boundary
src/options.cpp,if,1029,1031,HANDWRITTEN_CPP,False,CPP_UNVERIFIED,B_DIRECT_MIGRATION,ordinary C++ control/data-flow without detected boundary
src/options.cpp,if,1036,1038,HANDWRITTEN_CPP,False,CPP_UNVERIFIED,B_DIRECT_MIGRATION,ordinary C++ control/data-flow without detected boundary
src/options.cpp,if,1043,1045,HANDWRITTEN_CPP,False,CPP_UNVERIFIED,B_DIRECT_MIGRATION,ordinary C++ control/data-flow without detected boundary
src/options.cpp,if,1050,1052,HANDWRITTEN_CPP,False,CPP_UNVERIFIED,B_DIRECT_MIGRATION,ordinary C++ control/data-flow without detected boundary
src/options.cpp,if,1057,1059,HANDWRITTEN_CPP,False,CPP_UNVERIFIED,B_DIRECT_MIGRATION,ordinary C++ control/data-flow without detected boundary
src/options.cpp,if,1064,1066,HANDWRITTEN_CPP,False,CPP_UNVERIFIED,B_DIRECT_MIGRATION,ordinary C++ control/data-flow without detected boundary
src/options.cpp,if,1072,1074,HANDWRITTEN_CPP,False,CPP_UNVERIFIED,B_DIRECT_MIGRATION,ordinary C++ control/data-flow without detected boundary
src/options.cpp,if,1079,1081,HANDWRITTEN_CPP,False,CPP_UNVERIFIED,B_DIRECT_MIGRATION,ordinary C++ control/data-flow without detected boundary
src/options.cpp,if,1086,1088,HANDWRITTEN_CPP,False,CPP_UNVERIFIED,B_DIRECT_MIGRATION,ordinary C++ control/data-flow without detected boundary
src/options.cpp,if,1093,1095,HANDWRITTEN_CPP,False,CPP_UNVERIFIED,B_DIRECT_MIGRATION,ordinary C++ control/data-flow without detected boundary
src/options.cpp,if,1100,1102,HANDWRITTEN_CPP,False,CPP_UNVERIFIED,B_DIRECT_MIGRATION,ordinary C++ control/data-flow without detected boundary
src/options.cpp,if,1107,1109,HANDWRITTEN_CPP,False,CPP_UNVERIFIED,B_DIRECT_MIGRATION,ordinary C++ control/data-flow without detected boundary
src/options.cpp,if,1114,1116,HANDWRITTEN_CPP,False,CPP_UNVERIFIED,B_DIRECT_MIGRATION,ordinary C++ control/data-flow without detected boundary
src/options.cpp,if,1130,1132,HANDWRITTEN_CPP,False,CPP_UNVERIFIED,B_DIRECT_MIGRATION,ordinary C++ control/data-flow without detected boundary
src/options.cpp,if,1137,1139,HANDWRITTEN_CPP,False,CPP_UNVERIFIED,B_DIRECT_MIGRATION,ordinary C++ control/data-flow without detected boundary
src/options.cpp,if,1144,1146,HANDWRITTEN_CPP,False,CPP_UNVERIFIED,B_DIRECT_MIGRATION,ordinary C++ control/data-flow without detected boundary
src/options.cpp,if,1151,1153,HANDWRITTEN_CPP,False,CPP_UNVERIFIED,B_DIRECT_MIGRATION,ordinary C++ control/data-flow without detected boundary
src/options.cpp,if,1158,1160,HANDWRITTEN_CPP,False,CPP_UNVERIFIED,B_DIRECT_MIGRATION,ordinary C++ control/data-flow without detected boundary
src/options.cpp,if,1165,1167,HANDWRITTEN_CPP,False,CPP_UNVERIFIED,B_DIRECT_MIGRATION,ordinary C++ control/data-flow without detected boundary
src/options.cpp,if,1184,1185,HANDWRITTEN_CPP,False,CPP_UNVERIFIED,B_DIRECT_MIGRATION,ordinary C++ control/data-flow without detected boundary
src/options.cpp,if,1203,1205,HANDWRITTEN_CPP,False,CPP_UNVERIFIED,B_DIRECT_MIGRATION,ordinary C++ control/data-flow without detected boundary
src/options.cpp,if,1213,1214,HANDWRITTEN_CPP,False,CPP_UNVERIFIED,B_DIRECT_MIGRATION,ordinary C++ control/data-flow without detected boundary
src/options.cpp,if,1225,1227,HANDWRITTEN_CPP,False,CPP_UNVERIFIED,B_DIRECT_MIGRATION,ordinary C++ control/data-flow without detected boundary
src/options.cpp,if,1232,1234,HANDWRITTEN_CPP,False,CPP_UNVERIFIED,B_DIRECT_MIGRATION,ordinary C++ control/data-flow without detected boundary
src/options.cpp,if,1239,1240,HANDWRITTEN_CPP,False,CPP_UNVERIFIED,B_DIRECT_MIGRATION,ordinary C++ control/data-flow without detected boundary
src/options.cpp,if,1246,1248,HANDWRITTEN_CPP,False,CPP_UNVERIFIED,B_DIRECT_MIGRATION,ordinary C++ control/data-flow without detected boundary
src/options.cpp,if,1253,1255,HANDWRITTEN_CPP,False,CPP_UNVERIFIED,B_DIRECT_MIGRATION,ordinary C++ control/data-flow without detected boundary
src/options.cpp,if,1260,1262,HANDWRITTEN_CPP,False,CPP_UNVERIFIED,B_DIRECT_MIGRATION,ordinary C++ control/data-flow without detected boundary
src/options.cpp,if,1267,1269,HANDWRITTEN_CPP,False,CPP_UNVERIFIED,B_DIRECT_MIGRATION,ordinary C++ control/data-flow without detected boundary
src/options.cpp,if,1275,1277,HANDWRITTEN_CPP,False,CPP_UNVERIFIED,B_DIRECT_MIGRATION,ordinary C++ control/data-flow without detected boundary
src/options.cpp,if,1282,1284,HANDWRITTEN_CPP,False,CPP_UNVERIFIED,B_DIRECT_MIGRATION,ordinary C++ control/data-flow without detected boundary
src/options.cpp,if,1292,1294,HANDWRITTEN_CPP,False,CPP_UNVERIFIED,B_DIRECT_MIGRATION,ordinary C++ control/data-flow without detected boundary
src/options.cpp,if,1299,1301,HANDWRITTEN_CPP,False,CPP_UNVERIFIED,B_DIRECT_MIGRATION,ordinary C++ control/data-flow without detected boundary
src/options.cpp,if,1306,1308,HANDWRITTEN_CPP,False,CPP_UNVERIFIED,B_DIRECT_MIGRATION,ordinary C++ control/data-flow without detected boundary
src/options.cpp,if,1315,1316,HANDWRITTEN_CPP,False,CPP_UNVERIFIED,B_DIRECT_MIGRATION,ordinary C++ control/data-flow without detected boundary
src/options.cpp,if,1321,1323,HANDWRITTEN_CPP,False,CPP_UNVERIFIED,B_DIRECT_MIGRATION,ordinary C++ control/data-flow without detected boundary
src/options.cpp,if,1328,1330,HANDWRITTEN_CPP,False,CPP_UNVERIFIED,B_DIRECT_MIGRATION,ordinary C++ control/data-flow without detected boundary
src/options.cpp,if,1335,1337,HANDWRITTEN_CPP,False,CPP_UNVERIFIED,B_DIRECT_MIGRATION,ordinary C++ control/data-flow without detected boundary
src/options.cpp,if,1342,1344,HANDWRITTEN_CPP,False,CPP_UNVERIFIED,B_DIRECT_MIGRATION,ordinary C++ control/data-flow without detected boundary
src/options.cpp,if,1350,1351,HANDWRITTEN_CPP,False,CPP_UNVERIFIED,B_DIRECT_MIGRATION,ordinary C++ control/data-flow without detected boundary
src/options.cpp,if,1356,1358,HANDWRITTEN_CPP,False,CPP_UNVERIFIED,B_DIRECT_MIGRATION,ordinary C++ control/data-flow without detected boundary
src/options.cpp,if,1363,1365,HANDWRITTEN_CPP,False,CPP_UNVERIFIED,B_DIRECT_MIGRATION,ordinary C++ control/data-flow without detected boundary
src/options.cpp,if,1370,1372,HANDWRITTEN_CPP,False,CPP_UNVERIFIED,B_DIRECT_MIGRATION,ordinary C++ control/data-flow without detected boundary
src/options.cpp,if,1377,1379,HANDWRITTEN_CPP,False,CPP_UNVERIFIED,B_DIRECT_MIGRATION,ordinary C++ control/data-flow without detected boundary
src/options.cpp,if,1384,1386,HANDWRITTEN_CPP,False,CPP_UNVERIFIED,B_DIRECT_MIGRATION,ordinary C++ control/data-flow without detected boundary
src/options.cpp,if,1391,1393,HANDWRITTEN_CPP,False,CPP_UNVERIFIED,B_DIRECT_MIGRATION,ordinary C++ control/data-flow without detected boundary
src/options.cpp,if,1398,1400,HANDWRITTEN_CPP,False,CPP_UNVERIFIED,B_DIRECT_MIGRATION,ordinary C++ control/data-flow without detected boundary
src/options.hpp,get_effective_conflate_option,302,304,HANDWRITTEN_CPP,False,CPP_UNVERIFIED,B_DIRECT_MIGRATION,ordinary C++ control/data-flow without detected boundary
src/options.hpp,do_getsockopt,316,319,HANDWRITTEN_CPP,False,CPP_UNVERIFIED,B_DIRECT_MIGRATION,ordinary C++ control/data-flow without detected boundary
src/pgm_receiver.hpp,has_handshake_stage,31,31,HANDWRITTEN_CPP,False,CPP_UNVERIFIED,B_DIRECT_MIGRATION,ordinary C++ control/data-flow without detected boundary
src/pgm_receiver.hpp,zap_msg_available,36,36,HANDWRITTEN_CPP,False,CPP_UNVERIFIED,B_DIRECT_MIGRATION,ordinary C++ control/data-flow without detected boundary
src/pgm_sender.hpp,has_handshake_stage,30,30,HANDWRITTEN_CPP,False,CPP_UNVERIFIED,B_DIRECT_MIGRATION,ordinary C++ control/data-flow without detected boundary
src/pgm_sender.hpp,zap_msg_available,35,35,HANDWRITTEN_CPP,False,CPP_UNVERIFIED,B_DIRECT_MIGRATION,ordinary C++ control/data-flow without detected boundary
src/pgm_socket.cpp,if,334,336,HANDWRITTEN_CPP,False,CPP_UNVERIFIED,B_DIRECT_MIGRATION,ordinary C++ control/data-flow without detected boundary
src/pipe.cpp,if,325,325,HANDWRITTEN_CPP,False,CPP_UNVERIFIED,B_DIRECT_MIGRATION,ordinary C++ control/data-flow without detected boundary
src/pipe.cpp,if,334,334,HANDWRITTEN_CPP,False,CPP_UNVERIFIED,B_DIRECT_MIGRATION,ordinary C++ control/data-flow without detected boundary
src/pipe.cpp,if,411,411,HANDWRITTEN_CPP,False,CPP_UNVERIFIED,B_DIRECT_MIGRATION,ordinary C++ control/data-flow without detected boundary
src/pipe.cpp,if,419,419,HANDWRITTEN_CPP,False,CPP_UNVERIFIED,B_DIRECT_MIGRATION,ordinary C++ control/data-flow without detected boundary
src/pipe.cpp,if,424,424,HANDWRITTEN_CPP,False,CPP_UNVERIFIED,B_DIRECT_MIGRATION,ordinary C++ control/data-flow without detected boundary
src/polling_util.hpp,fast_vector_t,25,27,HANDWRITTEN_CPP,False,CPP_UNVERIFIED,B_DIRECT_MIGRATION,ordinary C++ control/data-flow without detected boundary
src/polling_util.hpp,resizable_fast_vector_t,54,55,HANDWRITTEN_CPP,False,CPP_UNVERIFIED,B_DIRECT_MIGRATION,ordinary C++ control/data-flow without detected boundary
src/polling_util.hpp,resize,56,58,HANDWRITTEN_CPP,False,CPP_UNVERIFIED,B_DIRECT_MIGRATION,ordinary C++ control/data-flow without detected boundary
src/polling_util.hpp,valid_pollset_bytes,95,96,HANDWRITTEN_CPP,False,CPP_UNVERIFIED,D_BOUNDARY,external/runtime/raw-pointer boundary
src/polling_util.hpp,valid_pollset_bytes,106,107,HANDWRITTEN_CPP,False,CPP_UNVERIFIED,B_DIRECT_MIGRATION,ordinary C++ control/data-flow without detected boundary
src/polling_util.hpp,optimized_fd_set_t,122,123,HANDWRITTEN_CPP,False,CPP_UNVERIFIED,B_DIRECT_MIGRATION,ordinary C++ control/data-flow without detected boundary
src/polling_util.hpp,resize,133,134,HANDWRITTEN_CPP,False,CPP_UNVERIFIED,B_DIRECT_MIGRATION,ordinary C++ control/data-flow without detected boundary
src/polling_util.hpp,optimized_fd_set_t,144,145,HANDWRITTEN_CPP,False,CPP_UNVERIFIED,B_DIRECT_MIGRATION,ordinary C++ control/data-flow without detected boundary
src/polling_util.hpp,resizable_optimized_fd_set_t,155,156,HANDWRITTEN_CPP,False,CPP_UNVERIFIED,B_DIRECT_MIGRATION,ordinary C++ control/data-flow without detected boundary
src/polling_util.hpp,resize,157,158,HANDWRITTEN_CPP,False,CPP_UNVERIFIED,B_DIRECT_MIGRATION,ordinary C++ control/data-flow without detected boundary
src/proxy.cpp,capture,57,60,HANDWRITTEN_CPP,False,CPP_UNVERIFIED,B_DIRECT_MIGRATION,ordinary C++ control/data-flow without detected boundary
src/proxy.cpp,forward,89,96,HANDWRITTEN_CPP,False,CPP_UNVERIFIED,B_DIRECT_MIGRATION,ordinary C++ control/data-flow without detected boundary
src/proxy.cpp,handle_control,149,152,HANDWRITTEN_CPP,False,CPP_UNVERIFIED,B_DIRECT_MIGRATION,ordinary C++ control/data-flow without detected boundary
src/radix_tree.cpp,make_node,140,142,HANDWRITTEN_CPP,False,CPP_UNVERIFIED,D_BOUNDARY,external/runtime/raw-pointer boundary
src/radix_tree.cpp,free_nodes,161,163,HANDWRITTEN_CPP,False,CPP_UNVERIFIED,B_DIRECT_MIGRATION,ordinary C++ control/data-flow without detected boundary
src/radix_tree.cpp,visit_keys,514,520,HANDWRITTEN_CPP,False,CPP_UNVERIFIED,B_DIRECT_MIGRATION,ordinary C++ control/data-flow without detected boundary
src/random.cpp,manage_random,38,40,HANDWRITTEN_CPP,False,CPP_UNVERIFIED,B_DIRECT_MIGRATION,ordinary C++ control/data-flow without detected boundary
src/raw_decoder.hpp,resize_buffer,28,29,HANDWRITTEN_CPP,False,CPP_UNVERIFIED,B_DIRECT_MIGRATION,ordinary C++ control/data-flow without detected boundary
src/req.cpp,if,192,193,HANDWRITTEN_CPP,False,CPP_UNVERIFIED,B_DIRECT_MIGRATION,ordinary C++ control/data-flow without detected boundary
src/req.cpp,if,198,200,HANDWRITTEN_CPP,False,CPP_UNVERIFIED,B_DIRECT_MIGRATION,ordinary C++ control/data-flow without detected boundary
src/req.cpp,if,254,255,HANDWRITTEN_CPP,False,CPP_UNVERIFIED,B_DIRECT_MIGRATION,ordinary C++ control/data-flow without detected boundary
src/req.cpp,if,269,270,HANDWRITTEN_CPP,False,CPP_UNVERIFIED,B_DIRECT_MIGRATION,ordinary C++ control/data-flow without detected boundary
src/router.cpp,if,85,86,HANDWRITTEN_CPP,False,CPP_UNVERIFIED,B_DIRECT_MIGRATION,ordinary C++ control/data-flow without detected boundary
src/router.cpp,if,95,97,HANDWRITTEN_CPP,False,CPP_UNVERIFIED,B_DIRECT_MIGRATION,ordinary C++ control/data-flow without detected boundary
src/router.cpp,if,102,104,HANDWRITTEN_CPP,False,CPP_UNVERIFIED,B_DIRECT_MIGRATION,ordinary C++ control/data-flow without detected boundary
src/router.cpp,if,109,111,HANDWRITTEN_CPP,False,CPP_UNVERIFIED,B_DIRECT_MIGRATION,ordinary C++ control/data-flow without detected boundary
src/router.cpp,if,118,120,HANDWRITTEN_CPP,False,CPP_UNVERIFIED,B_DIRECT_MIGRATION,ordinary C++ control/data-flow without detected boundary
src/router.cpp,check_pipe_hwm,386,388,HANDWRITTEN_CPP,False,CPP_UNVERIFIED,B_DIRECT_MIGRATION,ordinary C++ control/data-flow without detected boundary
src/secure_allocator.hpp,construct,54,56,HANDWRITTEN_CPP,False,CPP_UNVERIFIED,D_BOUNDARY,external/runtime/raw-pointer boundary
src/secure_allocator.hpp,destroy,59,59,HANDWRITTEN_CPP,False,CPP_UNVERIFIED,B_DIRECT_MIGRATION,ordinary C++ control/data-flow without detected boundary
src/session_base.cpp,if,459,460,HANDWRITTEN_CPP,False,CPP_UNVERIFIED,B_DIRECT_MIGRATION,ordinary C++ control/data-flow without detected boundary
src/session_base.cpp,if,464,466,HANDWRITTEN_CPP,False,CPP_UNVERIFIED,B_DIRECT_MIGRATION,ordinary C++ control/data-flow without detected boundary
src/session_base.cpp,if,617,617,HANDWRITTEN_CPP,False,CPP_UNVERIFIED,B_DIRECT_MIGRATION,ordinary C++ control/data-flow without detected boundary
src/session_base.cpp,if,623,623,HANDWRITTEN_CPP,False,CPP_UNVERIFIED,B_DIRECT_MIGRATION,ordinary C++ control/data-flow without detected boundary
src/session_base.cpp,if,629,629,HANDWRITTEN_CPP,False,CPP_UNVERIFIED,B_DIRECT_MIGRATION,ordinary C++ control/data-flow without detected boundary
src/session_base.cpp,if,635,635,HANDWRITTEN_CPP,False,CPP_UNVERIFIED,B_DIRECT_MIGRATION,ordinary C++ control/data-flow without detected boundary
src/session_base.cpp,if,641,641,HANDWRITTEN_CPP,False,CPP_UNVERIFIED,B_DIRECT_MIGRATION,ordinary C++ control/data-flow without detected boundary
src/session_base.cpp,if,647,647,HANDWRITTEN_CPP,False,CPP_UNVERIFIED,B_DIRECT_MIGRATION,ordinary C++ control/data-flow without detected boundary
src/signaler.cpp,sleep_ms,49,50,HANDWRITTEN_CPP,False,CPP_UNVERIFIED,B_DIRECT_MIGRATION,ordinary C++ control/data-flow without detected boundary
src/signaler.cpp,close_wait_ms,70,71,HANDWRITTEN_CPP,False,CPP_UNVERIFIED,B_DIRECT_MIGRATION,ordinary C++ control/data-flow without detected boundary
src/socket_base.cpp,if,989,989,HANDWRITTEN_CPP,False,CPP_UNVERIFIED,B_DIRECT_MIGRATION,ordinary C++ control/data-flow without detected boundary
src/socket_base.cpp,if,997,997,HANDWRITTEN_CPP,False,CPP_UNVERIFIED,B_DIRECT_MIGRATION,ordinary C++ control/data-flow without detected boundary
src/socket_base.cpp,if,1014,1014,HANDWRITTEN_CPP,False,CPP_UNVERIFIED,B_DIRECT_MIGRATION,ordinary C++ control/data-flow without detected boundary
src/socket_base.cpp,if,1058,1058,HANDWRITTEN_CPP,False,CPP_UNVERIFIED,B_DIRECT_MIGRATION,ordinary C++ control/data-flow without detected boundary
src/socket_base.cpp,if,1079,1079,HANDWRITTEN_CPP,False,CPP_UNVERIFIED,B_DIRECT_MIGRATION,ordinary C++ control/data-flow without detected boundary
src/socket_base.cpp,if,1091,1091,HANDWRITTEN_CPP,False,CPP_UNVERIFIED,B_DIRECT_MIGRATION,ordinary C++ control/data-flow without detected boundary
src/socket_base.hpp,any_of_out_pipes,367,368,HANDWRITTEN_CPP,False,CPP_UNVERIFIED,B_DIRECT_MIGRATION,ordinary C++ control/data-flow without detected boundary
src/socket_poller.cpp,is_thread_safe,11,13,HANDWRITTEN_CPP,False,CPP_UNVERIFIED,B_DIRECT_MIGRATION,ordinary C++ control/data-flow without detected boundary
src/socket_poller.cpp,find_if2,20,21,HANDWRITTEN_CPP,False,CPP_UNVERIFIED,B_DIRECT_MIGRATION,ordinary C++ control/data-flow without detected boundary
src/socket_poller.cpp,if,412,412,HANDWRITTEN_CPP,False,CPP_UNVERIFIED,B_DIRECT_MIGRATION,ordinary C++ control/data-flow without detected boundary
src/socket_poller.hpp,is_socket,84,85,HANDWRITTEN_CPP,False,CPP_UNVERIFIED,B_DIRECT_MIGRATION,ordinary C++ control/data-flow without detected boundary
src/socket_poller.hpp,is_fd,88,89,HANDWRITTEN_CPP,False,CPP_UNVERIFIED,B_DIRECT_MIGRATION,ordinary C++ control/data-flow without detected boundary
src/socks_connecter.cpp,if,72,72,HANDWRITTEN_CPP,False,CPP_UNVERIFIED,B_DIRECT_MIGRATION,ordinary C++ control/data-flow without detected boundary
src/socks_connecter.cpp,if,88,88,HANDWRITTEN_CPP,False,CPP_UNVERIFIED,B_DIRECT_MIGRATION,ordinary C++ control/data-flow without detected boundary
src/socks_connecter.cpp,if,102,102,HANDWRITTEN_CPP,False,CPP_UNVERIFIED,B_DIRECT_MIGRATION,ordinary C++ control/data-flow without detected boundary
src/socks_connecter.cpp,if,157,157,HANDWRITTEN_CPP,False,CPP_UNVERIFIED,B_DIRECT_MIGRATION,ordinary C++ control/data-flow without detected boundary
src/socks_connecter.cpp,if,167,167,HANDWRITTEN_CPP,False,CPP_UNVERIFIED,B_DIRECT_MIGRATION,ordinary C++ control/data-flow without detected boundary
src/socks_connecter.cpp,if,177,177,HANDWRITTEN_CPP,False,CPP_UNVERIFIED,B_DIRECT_MIGRATION,ordinary C++ control/data-flow without detected boundary
src/socks_connecter.cpp,if,199,199,HANDWRITTEN_CPP,False,CPP_UNVERIFIED,B_DIRECT_MIGRATION,ordinary C++ control/data-flow without detected boundary
src/stream_engine_base.cpp,get_peer_address,38,40,HANDWRITTEN_CPP,False,CPP_UNVERIFIED,B_DIRECT_MIGRATION,ordinary C++ control/data-flow without detected boundary
src/stream_engine_base.cpp,if,47,47,HANDWRITTEN_CPP,False,CPP_UNVERIFIED,B_DIRECT_MIGRATION,ordinary C++ control/data-flow without detected boundary
src/stream_engine_base.cpp,if,57,57,HANDWRITTEN_CPP,False,CPP_UNVERIFIED,B_DIRECT_MIGRATION,ordinary C++ control/data-flow without detected boundary
src/stream_engine_base.cpp,if,432,432,HANDWRITTEN_CPP,False,CPP_UNVERIFIED,B_DIRECT_MIGRATION,ordinary C++ control/data-flow without detected boundary
src/stream_engine_base.cpp,if,480,480,HANDWRITTEN_CPP,False,CPP_UNVERIFIED,B_DIRECT_MIGRATION,ordinary C++ control/data-flow without detected boundary
src/stream_engine_base.hpp,handshake,70,71,HANDWRITTEN_CPP,False,CPP_UNVERIFIED,B_DIRECT_MIGRATION,ordinary C++ control/data-flow without detected boundary
src/stream_engine_base.hpp,plug_internal,72,72,HANDWRITTEN_CPP,False,CPP_UNVERIFIED,B_DIRECT_MIGRATION,ordinary C++ control/data-flow without detected boundary
src/stream_engine_base.hpp,process_command_message,73,75,HANDWRITTEN_CPP,False,CPP_UNVERIFIED,B_DIRECT_MIGRATION,ordinary C++ control/data-flow without detected boundary
src/stream_engine_base.hpp,produce_ping_message,79,80,HANDWRITTEN_CPP,False,CPP_UNVERIFIED,B_DIRECT_MIGRATION,ordinary C++ control/data-flow without detected boundary
src/stream_engine_base.hpp,process_heartbeat_message,84,85,HANDWRITTEN_CPP,False,CPP_UNVERIFIED,B_DIRECT_MIGRATION,ordinary C++ control/data-flow without detected boundary
src/stream_engine_base.hpp,produce_pong_message,89,90,HANDWRITTEN_CPP,False,CPP_UNVERIFIED,B_DIRECT_MIGRATION,ordinary C++ control/data-flow without detected boundary
src/stream_engine_base.hpp,reset_pollout,97,98,HANDWRITTEN_CPP,False,CPP_UNVERIFIED,B_DIRECT_MIGRATION,ordinary C++ control/data-flow without detected boundary
src/stream_engine_base.hpp,set_pollout,99,99,HANDWRITTEN_CPP,False,CPP_UNVERIFIED,B_DIRECT_MIGRATION,ordinary C++ control/data-flow without detected boundary
src/stream_engine_base.hpp,set_pollin,100,100,HANDWRITTEN_CPP,False,CPP_UNVERIFIED,B_DIRECT_MIGRATION,ordinary C++ control/data-flow without detected boundary
src/tcp_address.cpp,make_address_string,89,93,HANDWRITTEN_CPP,False,CPP_UNVERIFIED,D_BOUNDARY,external/runtime/raw-pointer boundary
src/tcp_connecter.cpp,if,121,121,HANDWRITTEN_CPP,False,CPP_UNVERIFIED,B_DIRECT_MIGRATION,ordinary C++ control/data-flow without detected boundary
src/thread.hpp,thread_t,28,35,HANDWRITTEN_CPP,False,CPP_UNVERIFIED,B_DIRECT_MIGRATION,ordinary C++ control/data-flow without detected boundary
src/tipc_connecter.cpp,if,66,66,HANDWRITTEN_CPP,False,CPP_UNVERIFIED,B_DIRECT_MIGRATION,ordinary C++ control/data-flow without detected boundary
src/trie.hpp,trie_with_size_t,62,63,HANDWRITTEN_CPP,False,CPP_UNVERIFIED,B_DIRECT_MIGRATION,ordinary C++ control/data-flow without detected boundary
src/trie.hpp,add,65,67,HANDWRITTEN_CPP,False,CPP_UNVERIFIED,B_DIRECT_MIGRATION,ordinary C++ control/data-flow without detected boundary
src/trie.hpp,rm,74,76,HANDWRITTEN_CPP,False,CPP_UNVERIFIED,B_DIRECT_MIGRATION,ordinary C++ control/data-flow without detected boundary
src/trie.hpp,apply,88,91,HANDWRITTEN_CPP,False,CPP_UNVERIFIED,B_DIRECT_MIGRATION,ordinary C++ control/data-flow without detected boundary
src/udp_engine.hpp,zap_msg_available,42,43,HANDWRITTEN_CPP,False,CPP_UNVERIFIED,B_DIRECT_MIGRATION,ordinary C++ control/data-flow without detected boundary
src/vmci_connecter.cpp,if,144,144,HANDWRITTEN_CPP,False,CPP_UNVERIFIED,B_DIRECT_MIGRATION,ordinary C++ control/data-flow without detected boundary
src/vsock_connecter.cpp,if,131,131,HANDWRITTEN_CPP,False,CPP_UNVERIFIED,B_DIRECT_MIGRATION,ordinary C++ control/data-flow without detected boundary
src/windows.hpp,poll,59,60,HANDWRITTEN_CPP,False,CPP_UNVERIFIED,B_DIRECT_MIGRATION,ordinary C++ control/data-flow without detected boundary
src/windows.hpp,utf8_to_utf16,88,89,HANDWRITTEN_CPP,False,CPP_UNVERIFIED,B_DIRECT_MIGRATION,ordinary C++ control/data-flow without detected boundary
src/windows.hpp,unlink_utf8,113,115,HANDWRITTEN_CPP,False,CPP_UNVERIFIED,B_DIRECT_MIGRATION,ordinary C++ control/data-flow without detected boundary
src/windows.hpp,rmdir_utf8,118,120,HANDWRITTEN_CPP,False,CPP_UNVERIFIED,B_DIRECT_MIGRATION,ordinary C++ control/data-flow without detected boundary
src/wire.hpp,put_uint8,12,14,HANDWRITTEN_CPP,False,CPP_UNVERIFIED,B_DIRECT_MIGRATION,ordinary C++ control/data-flow without detected boundary
src/wire.hpp,get_uint8,17,19,HANDWRITTEN_CPP,False,CPP_UNVERIFIED,B_DIRECT_MIGRATION,ordinary C++ control/data-flow without detected boundary
src/wire.hpp,put_uint16,22,24,HANDWRITTEN_CPP,False,CPP_UNVERIFIED,B_DIRECT_MIGRATION,ordinary C++ control/data-flow without detected boundary
src/wire.hpp,get_uint16,28,30,HANDWRITTEN_CPP,False,CPP_UNVERIFIED,B_DIRECT_MIGRATION,ordinary C++ control/data-flow without detected boundary
src/wire.hpp,put_uint32,34,36,HANDWRITTEN_CPP,False,CPP_UNVERIFIED,B_DIRECT_MIGRATION,ordinary C++ control/data-flow without detected boundary
src/wire.hpp,get_uint32,42,44,HANDWRITTEN_CPP,False,CPP_UNVERIFIED,B_DIRECT_MIGRATION,ordinary C++ control/data-flow without detected boundary
src/wire.hpp,put_uint64,50,52,HANDWRITTEN_CPP,False,CPP_UNVERIFIED,B_DIRECT_MIGRATION,ordinary C++ control/data-flow without detected boundary
src/wire.hpp,get_uint64,62,64,HANDWRITTEN_CPP,False,CPP_UNVERIFIED,B_DIRECT_MIGRATION,ordinary C++ control/data-flow without detected boundary
src/ws_connecter.cpp,if,130,130,HANDWRITTEN_CPP,False,CPP_UNVERIFIED,B_DIRECT_MIGRATION,ordinary C++ control/data-flow without detected boundary
src/ws_decoder.cpp,if,82,82,HANDWRITTEN_CPP,False,CPP_UNVERIFIED,B_DIRECT_MIGRATION,ordinary C++ control/data-flow without detected boundary
src/ws_decoder.cpp,if,103,103,HANDWRITTEN_CPP,False,CPP_UNVERIFIED,B_DIRECT_MIGRATION,ordinary C++ control/data-flow without detected boundary
src/ws_decoder.cpp,if,121,121,HANDWRITTEN_CPP,False,CPP_UNVERIFIED,B_DIRECT_MIGRATION,ordinary C++ control/data-flow without detected boundary
src/ws_encoder.cpp,if,54,54,HANDWRITTEN_CPP,False,CPP_UNVERIFIED,B_DIRECT_MIGRATION,ordinary C++ control/data-flow without detected boundary
src/ws_engine.cpp,if,218,219,HANDWRITTEN_CPP,False,CPP_UNVERIFIED,B_DIRECT_MIGRATION,ordinary C++ control/data-flow without detected boundary
src/ws_engine.cpp,switch,378,379,HANDWRITTEN_CPP,False,CPP_UNVERIFIED,B_DIRECT_MIGRATION,ordinary C++ control/data-flow without detected boundary
src/ws_engine.cpp,if,396,396,HANDWRITTEN_CPP,False,CPP_UNVERIFIED,B_DIRECT_MIGRATION,ordinary C++ control/data-flow without detected boundary
src/ws_engine.cpp,if,424,424,HANDWRITTEN_CPP,False,CPP_UNVERIFIED,D_BOUNDARY,external/runtime/raw-pointer boundary
src/ws_engine.cpp,if,430,430,HANDWRITTEN_CPP,False,CPP_UNVERIFIED,D_BOUNDARY,external/runtime/raw-pointer boundary
src/ws_engine.cpp,if,445,446,HANDWRITTEN_CPP,False,CPP_UNVERIFIED,D_BOUNDARY,external/runtime/raw-pointer boundary
src/ws_engine.cpp,if,482,483,HANDWRITTEN_CPP,False,CPP_UNVERIFIED,D_BOUNDARY,external/runtime/raw-pointer boundary
src/ws_engine.cpp,switch,767,768,HANDWRITTEN_CPP,False,CPP_UNVERIFIED,B_DIRECT_MIGRATION,ordinary C++ control/data-flow without detected boundary
src/ws_engine.cpp,if,785,785,HANDWRITTEN_CPP,False,CPP_UNVERIFIED,B_DIRECT_MIGRATION,ordinary C++ control/data-flow without detected boundary
src/ws_engine.cpp,if,814,814,HANDWRITTEN_CPP,False,CPP_UNVERIFIED,B_DIRECT_MIGRATION,ordinary C++ control/data-flow without detected boundary
src/ws_engine.cpp,if,826,827,HANDWRITTEN_CPP,False,CPP_UNVERIFIED,B_DIRECT_MIGRATION,ordinary C++ control/data-flow without detected boundary
src/ws_engine.cpp,if,850,851,HANDWRITTEN_CPP,False,CPP_UNVERIFIED,B_DIRECT_MIGRATION,ordinary C++ control/data-flow without detected boundary
src/ws_engine.cpp,encode_base64,989,992,HANDWRITTEN_CPP,False,CPP_UNVERIFIED,B_DIRECT_MIGRATION,ordinary C++ control/data-flow without detected boundary
src/ws_engine.cpp,compute_accept_key,1028,1030,HANDWRITTEN_CPP,False,CPP_UNVERIFIED,D_BOUNDARY,external/runtime/raw-pointer boundary
src/wss_engine.cpp,verify_certificate_callback,5,7,HANDWRITTEN_CPP,False,CPP_UNVERIFIED,D_BOUNDARY,external/runtime/raw-pointer boundary
src/xpub.cpp,stub,245,247,HANDWRITTEN_CPP,False,CPP_UNVERIFIED,B_DIRECT_MIGRATION,ordinary C++ control/data-flow without detected boundary
src/xsub.cpp,if,88,88,HANDWRITTEN_CPP,False,CPP_UNVERIFIED,B_DIRECT_MIGRATION,ordinary C++ control/data-flow without detected boundary
src/ypipe.hpp,write,47,48,HANDWRITTEN_CPP,False,CPP_UNVERIFIED,B_DIRECT_MIGRATION,ordinary C++ control/data-flow without detected boundary
src/ypipe.hpp,unwrite,64,65,HANDWRITTEN_CPP,False,CPP_UNVERIFIED,B_DIRECT_MIGRATION,ordinary C++ control/data-flow without detected boundary
src/ypipe.hpp,flush,76,77,HANDWRITTEN_CPP,False,CPP_UNVERIFIED,B_DIRECT_MIGRATION,ordinary C++ control/data-flow without detected boundary
src/ypipe.hpp,check_read,101,102,HANDWRITTEN_CPP,False,CPP_UNVERIFIED,B_DIRECT_MIGRATION,ordinary C++ control/data-flow without detected boundary
src/ypipe.hpp,read,126,127,HANDWRITTEN_CPP,False,CPP_UNVERIFIED,B_DIRECT_MIGRATION,ordinary C++ control/data-flow without detected boundary
src/ypipe.hpp,probe,142,143,HANDWRITTEN_CPP,False,CPP_UNVERIFIED,B_DIRECT_MIGRATION,ordinary C++ control/data-flow without detected boundary
src/ypipe_conflate.hpp,write,33,34,HANDWRITTEN_CPP,False,CPP_UNVERIFIED,D_BOUNDARY,external/runtime/raw-pointer boundary
src/ypipe_conflate.hpp,unwrite,45,45,HANDWRITTEN_CPP,False,CPP_UNVERIFIED,B_DIRECT_MIGRATION,ordinary C++ control/data-flow without detected boundary
src/ypipe_conflate.hpp,flush,51,51,HANDWRITTEN_CPP,False,CPP_UNVERIFIED,B_DIRECT_MIGRATION,ordinary C++ control/data-flow without detected boundary
src/ypipe_conflate.hpp,check_read,54,55,HANDWRITTEN_CPP,False,CPP_UNVERIFIED,B_DIRECT_MIGRATION,ordinary C++ control/data-flow without detected boundary
src/ypipe_conflate.hpp,read,65,66,HANDWRITTEN_CPP,False,CPP_UNVERIFIED,D_BOUNDARY,external/runtime/raw-pointer boundary
src/ypipe_conflate.hpp,probe,76,76,HANDWRITTEN_CPP,False,CPP_UNVERIFIED,B_DIRECT_MIGRATION,ordinary C++ control/data-flow without detected boundary
src/yqueue.hpp,yqueue_t,41,42,HANDWRITTEN_CPP,False,CPP_UNVERIFIED,B_DIRECT_MIGRATION,ordinary C++ control/data-flow without detected boundary
src/yqueue.hpp,~yqueue_t,53,54,HANDWRITTEN_CPP,False,CPP_UNVERIFIED,B_DIRECT_MIGRATION,ordinary C++ control/data-flow without detected boundary
src/yqueue.hpp,push,78,79,HANDWRITTEN_CPP,False,CPP_UNVERIFIED,B_DIRECT_MIGRATION,ordinary C++ control/data-flow without detected boundary
src/yqueue.hpp,unpush,106,107,HANDWRITTEN_CPP,False,CPP_UNVERIFIED,B_DIRECT_MIGRATION,ordinary C++ control/data-flow without detected boundary
src/yqueue.hpp,pop,131,132,HANDWRITTEN_CPP,False,CPP_UNVERIFIED,B_DIRECT_MIGRATION,ordinary C++ control/data-flow without detected boundary
src/zmq.cpp,zmq_version,86,89,HANDWRITTEN_CPP,False,CPP_UNVERIFIED,B_DIRECT_MIGRATION,ordinary C++ control/data-flow without detected boundary
src/zmq.cpp,zmq_errno,100,102,HANDWRITTEN_CPP,False,CPP_UNVERIFIED,B_DIRECT_MIGRATION,ordinary C++ control/data-flow without detected boundary
src/zmq.cpp,zmq_ctx_term,127,129,HANDWRITTEN_CPP,False,CPP_UNVERIFIED,B_DIRECT_MIGRATION,ordinary C++ control/data-flow without detected boundary
src/zmq.cpp,zmq_ctx_shutdown,146,148,HANDWRITTEN_CPP,False,CPP_UNVERIFIED,B_DIRECT_MIGRATION,ordinary C++ control/data-flow without detected boundary
src/zmq.cpp,zmq_ctx_set,155,157,HANDWRITTEN_CPP,False,CPP_UNVERIFIED,B_DIRECT_MIGRATION,ordinary C++ control/data-flow without detected boundary
src/zmq.cpp,zmq_ctx_set_ext,160,165,HANDWRITTEN_CPP,False,CPP_UNVERIFIED,B_DIRECT_MIGRATION,ordinary C++ control/data-flow without detected boundary
src/zmq.cpp,zmq_ctx_get,173,175,HANDWRITTEN_CPP,False,CPP_UNVERIFIED,B_DIRECT_MIGRATION,ordinary C++ control/data-flow without detected boundary
src/zmq.cpp,zmq_ctx_get_ext,182,184,HANDWRITTEN_CPP,False,CPP_UNVERIFIED,B_DIRECT_MIGRATION,ordinary C++ control/data-flow without detected boundary
src/zmq.cpp,zmq_term,206,208,HANDWRITTEN_CPP,False,CPP_UNVERIFIED,B_DIRECT_MIGRATION,ordinary C++ control/data-flow without detected boundary
src/zmq.cpp,zmq_ctx_destroy,211,213,HANDWRITTEN_CPP,False,CPP_UNVERIFIED,B_DIRECT_MIGRATION,ordinary C++ control/data-flow without detected boundary
src/zmq.cpp,zmq_close,240,242,HANDWRITTEN_CPP,False,CPP_UNVERIFIED,D_BOUNDARY,external/runtime/raw-pointer boundary
src/zmq.cpp,zmq_setsockopt,249,254,HANDWRITTEN_CPP,False,CPP_UNVERIFIED,B_DIRECT_MIGRATION,ordinary C++ control/data-flow without detected boundary
src/zmq.cpp,zmq_getsockopt,260,262,HANDWRITTEN_CPP,False,CPP_UNVERIFIED,B_DIRECT_MIGRATION,ordinary C++ control/data-flow without detected boundary
src/zmq.cpp,zmq_socket_monitor_versioned,268,271,HANDWRITTEN_CPP,False,CPP_UNVERIFIED,B_DIRECT_MIGRATION,ordinary C++ control/data-flow without detected boundary
src/zmq.cpp,zmq_socket_monitor,277,279,HANDWRITTEN_CPP,False,CPP_UNVERIFIED,B_DIRECT_MIGRATION,ordinary C++ control/data-flow without detected boundary
src/zmq.cpp,zmq_join,282,284,HANDWRITTEN_CPP,False,CPP_UNVERIFIED,B_DIRECT_MIGRATION,ordinary C++ control/data-flow without detected boundary
src/zmq.cpp,zmq_leave,290,292,HANDWRITTEN_CPP,False,CPP_UNVERIFIED,B_DIRECT_MIGRATION,ordinary C++ control/data-flow without detected boundary
src/zmq.cpp,zmq_bind,298,300,HANDWRITTEN_CPP,False,CPP_UNVERIFIED,B_DIRECT_MIGRATION,ordinary C++ control/data-flow without detected boundary
src/zmq.cpp,zmq_connect,306,308,HANDWRITTEN_CPP,False,CPP_UNVERIFIED,B_DIRECT_MIGRATION,ordinary C++ control/data-flow without detected boundary
src/zmq.cpp,zmq_connect_peer,314,316,HANDWRITTEN_CPP,False,CPP_UNVERIFIED,B_DIRECT_MIGRATION,ordinary C++ control/data-flow without detected boundary
src/zmq.cpp,zmq_disconnect_peer,335,337,HANDWRITTEN_CPP,False,CPP_UNVERIFIED,B_DIRECT_MIGRATION,ordinary C++ control/data-flow without detected boundary
src/zmq.cpp,zmq_unbind,343,346,HANDWRITTEN_CPP,False,CPP_UNVERIFIED,B_DIRECT_MIGRATION,ordinary C++ control/data-flow without detected boundary
src/zmq.cpp,zmq_disconnect,352,354,HANDWRITTEN_CPP,False,CPP_UNVERIFIED,B_DIRECT_MIGRATION,ordinary C++ control/data-flow without detected boundary
src/zmq.cpp,s_sendmsg,362,365,HANDWRITTEN_CPP,False,CPP_UNVERIFIED,B_DIRECT_MIGRATION,ordinary C++ control/data-flow without detected boundary
src/zmq.cpp,zmq_sendmsg,380,381,HANDWRITTEN_CPP,False,CPP_UNVERIFIED,B_DIRECT_MIGRATION,ordinary C++ control/data-flow without detected boundary
src/zmq.cpp,zmq_send,384,386,HANDWRITTEN_CPP,False,CPP_UNVERIFIED,B_DIRECT_MIGRATION,ordinary C++ control/data-flow without detected boundary
src/zmq.cpp,zmq_send_const,407,409,HANDWRITTEN_CPP,False,CPP_UNVERIFIED,D_BOUNDARY,external/runtime/raw-pointer boundary
src/zmq.cpp,zmq_sendiov,440,441,HANDWRITTEN_CPP,False,CPP_UNVERIFIED,B_DIRECT_MIGRATION,ordinary C++ control/data-flow without detected boundary
src/zmq.cpp,s_recvmsg,476,478,HANDWRITTEN_CPP,False,CPP_UNVERIFIED,B_DIRECT_MIGRATION,ordinary C++ control/data-flow without detected boundary
src/zmq.cpp,zmq_recvmsg,489,490,HANDWRITTEN_CPP,False,CPP_UNVERIFIED,B_DIRECT_MIGRATION,ordinary C++ control/data-flow without detected boundary
src/zmq.cpp,zmq_recv,493,496,HANDWRITTEN_CPP,False,CPP_UNVERIFIED,B_DIRECT_MIGRATION,ordinary C++ control/data-flow without detected boundary
src/zmq.cpp,zmq_recviov,543,544,HANDWRITTEN_CPP,False,CPP_UNVERIFIED,B_DIRECT_MIGRATION,ordinary C++ control/data-flow without detected boundary
src/zmq.cpp,zmq_msg_init,594,596,HANDWRITTEN_CPP,False,CPP_UNVERIFIED,B_DIRECT_MIGRATION,ordinary C++ control/data-flow without detected boundary
src/zmq.cpp,zmq_msg_init_size,599,601,HANDWRITTEN_CPP,False,CPP_UNVERIFIED,B_DIRECT_MIGRATION,ordinary C++ control/data-flow without detected boundary
src/zmq.cpp,zmq_msg_init_buffer,604,606,HANDWRITTEN_CPP,False,CPP_UNVERIFIED,B_DIRECT_MIGRATION,ordinary C++ control/data-flow without detected boundary
src/zmq.cpp,zmq_msg_init_data,609,612,HANDWRITTEN_CPP,False,CPP_UNVERIFIED,B_DIRECT_MIGRATION,ordinary C++ control/data-flow without detected boundary
src/zmq.cpp,zmq_msg_send,616,618,HANDWRITTEN_CPP,False,CPP_UNVERIFIED,B_DIRECT_MIGRATION,ordinary C++ control/data-flow without detected boundary
src/zmq.cpp,zmq_msg_recv,624,626,HANDWRITTEN_CPP,False,CPP_UNVERIFIED,B_DIRECT_MIGRATION,ordinary C++ control/data-flow without detected boundary
src/zmq.cpp,zmq_msg_close,632,634,HANDWRITTEN_CPP,False,CPP_UNVERIFIED,D_BOUNDARY,external/runtime/raw-pointer boundary
src/zmq.cpp,zmq_msg_move,637,639,HANDWRITTEN_CPP,False,CPP_UNVERIFIED,B_DIRECT_MIGRATION,ordinary C++ control/data-flow without detected boundary
src/zmq.cpp,zmq_msg_copy,643,645,HANDWRITTEN_CPP,False,CPP_UNVERIFIED,B_DIRECT_MIGRATION,ordinary C++ control/data-flow without detected boundary
src/zmq.cpp,zmq_msg_size,654,656,HANDWRITTEN_CPP,False,CPP_UNVERIFIED,B_DIRECT_MIGRATION,ordinary C++ control/data-flow without detected boundary
src/zmq.cpp,zmq_msg_more,659,661,HANDWRITTEN_CPP,False,CPP_UNVERIFIED,B_DIRECT_MIGRATION,ordinary C++ control/data-flow without detected boundary
src/zmq.cpp,zmq_msg_get,664,666,HANDWRITTEN_CPP,False,CPP_UNVERIFIED,D_BOUNDARY,external/runtime/raw-pointer boundary
src/zmq.cpp,zmq_msg_set,688,690,HANDWRITTEN_CPP,False,CPP_UNVERIFIED,B_DIRECT_MIGRATION,ordinary C++ control/data-flow without detected boundary
src/zmq.cpp,zmq_msg_set_routing_id,695,697,HANDWRITTEN_CPP,False,CPP_UNVERIFIED,B_DIRECT_MIGRATION,ordinary C++ control/data-flow without detected boundary
src/zmq.cpp,zmq_msg_routing_id,701,703,HANDWRITTEN_CPP,False,CPP_UNVERIFIED,B_DIRECT_MIGRATION,ordinary C++ control/data-flow without detected boundary
src/zmq.cpp,zmq_msg_set_group,706,708,HANDWRITTEN_CPP,False,CPP_UNVERIFIED,B_DIRECT_MIGRATION,ordinary C++ control/data-flow without detected boundary
src/zmq.cpp,zmq_poller_poll,736,737,HANDWRITTEN_CPP,False,CPP_UNVERIFIED,B_DIRECT_MIGRATION,ordinary C++ control/data-flow without detected boundary
src/zmq.cpp,zmq_poll,834,836,HANDWRITTEN_CPP,False,CPP_UNVERIFIED,B_DIRECT_MIGRATION,ordinary C++ control/data-flow without detected boundary
src/zmq.cpp,zmq_poll_check_items_,1139,1140,HANDWRITTEN_CPP,False,CPP_UNVERIFIED,B_DIRECT_MIGRATION,ordinary C++ control/data-flow without detected boundary
src/zmq.cpp,zmq_poll_select_fds_t_,1169,1177,HANDWRITTEN_CPP,False,CPP_UNVERIFIED,B_DIRECT_MIGRATION,ordinary C++ control/data-flow without detected boundary
src/zmq.cpp,zmq_poll_build_select_fds_,1191,1194,HANDWRITTEN_CPP,False,CPP_UNVERIFIED,B_DIRECT_MIGRATION,ordinary C++ control/data-flow without detected boundary
src/zmq.cpp,zmq_poll_select_check_events_,1274,1279,HANDWRITTEN_CPP,False,CPP_UNVERIFIED,B_DIRECT_MIGRATION,ordinary C++ control/data-flow without detected boundary
src/zmq.cpp,zmq_poll_must_break_loop_,1315,1322,HANDWRITTEN_CPP,False,CPP_UNVERIFIED,B_DIRECT_MIGRATION,ordinary C++ control/data-flow without detected boundary
src/zmq.cpp,zmq_poller_destroy,1445,1447,HANDWRITTEN_CPP,False,CPP_UNVERIFIED,B_DIRECT_MIGRATION,ordinary C++ control/data-flow without detected boundary
src/zmq.cpp,check_poller,1460,1463,HANDWRITTEN_CPP,False,CPP_UNVERIFIED,B_DIRECT_MIGRATION,ordinary C++ control/data-flow without detected boundary
src/zmq.cpp,check_events,1472,1474,HANDWRITTEN_CPP,False,CPP_UNVERIFIED,B_DIRECT_MIGRATION,ordinary C++ control/data-flow without detected boundary
src/zmq.cpp,check_poller_registration_args,1481,1483,HANDWRITTEN_CPP,False,CPP_UNVERIFIED,B_DIRECT_MIGRATION,ordinary C++ control/data-flow without detected boundary
src/zmq.cpp,check_poller_fd_registration_args,1494,1497,HANDWRITTEN_CPP,False,CPP_UNVERIFIED,B_DIRECT_MIGRATION,ordinary C++ control/data-flow without detected boundary
src/zmq.cpp,zmq_poller_size,1508,1510,HANDWRITTEN_CPP,False,CPP_UNVERIFIED,B_DIRECT_MIGRATION,ordinary C++ control/data-flow without detected boundary
src/zmq.cpp,zmq_poller_add,1516,1518,HANDWRITTEN_CPP,False,CPP_UNVERIFIED,B_DIRECT_MIGRATION,ordinary C++ control/data-flow without detected boundary
src/zmq.cpp,zmq_poller_add_fd,1528,1533,HANDWRITTEN_CPP,False,CPP_UNVERIFIED,B_DIRECT_MIGRATION,ordinary C++ control/data-flow without detected boundary
src/zmq.cpp,zmq_poller_modify,1541,1544,HANDWRITTEN_CPP,False,CPP_UNVERIFIED,B_DIRECT_MIGRATION,ordinary C++ control/data-flow without detected boundary
src/zmq.cpp,zmq_poller_modify_fd,1555,1557,HANDWRITTEN_CPP,False,CPP_UNVERIFIED,B_DIRECT_MIGRATION,ordinary C++ control/data-flow without detected boundary
src/zmq.cpp,zmq_poller_remove,1565,1567,HANDWRITTEN_CPP,False,CPP_UNVERIFIED,B_DIRECT_MIGRATION,ordinary C++ control/data-flow without detected boundary
src/zmq.cpp,zmq_poller_remove_fd,1575,1577,HANDWRITTEN_CPP,False,CPP_UNVERIFIED,B_DIRECT_MIGRATION,ordinary C++ control/data-flow without detected boundary
src/zmq.cpp,zmq_poller_wait,1583,1585,HANDWRITTEN_CPP,False,CPP_UNVERIFIED,B_DIRECT_MIGRATION,ordinary C++ control/data-flow without detected boundary
src/zmq.cpp,zmq_poller_wait_all,1597,1602,HANDWRITTEN_CPP,False,CPP_UNVERIFIED,B_DIRECT_MIGRATION,ordinary C++ control/data-flow without detected boundary
src/zmq.cpp,zmq_poller_fd,1622,1624,HANDWRITTEN_CPP,False,CPP_UNVERIFIED,B_DIRECT_MIGRATION,ordinary C++ control/data-flow without detected boundary
src/zmq.cpp,zmq_socket_get_peer_state,1634,1638,HANDWRITTEN_CPP,False,CPP_UNVERIFIED,B_DIRECT_MIGRATION,ordinary C++ control/data-flow without detected boundary
src/zmq.cpp,zmq_timers_destroy,1654,1656,HANDWRITTEN_CPP,False,CPP_UNVERIFIED,D_BOUNDARY,external/runtime/raw-pointer boundary
src/zmq.cpp,zmq_timers_add,1666,1671,HANDWRITTEN_CPP,False,CPP_UNVERIFIED,B_DIRECT_MIGRATION,ordinary C++ control/data-flow without detected boundary
src/zmq.cpp,zmq_timers_cancel,1680,1682,HANDWRITTEN_CPP,False,CPP_UNVERIFIED,B_DIRECT_MIGRATION,ordinary C++ control/data-flow without detected boundary
src/zmq.cpp,zmq_timers_set_interval,1690,1692,HANDWRITTEN_CPP,False,CPP_UNVERIFIED,B_DIRECT_MIGRATION,ordinary C++ control/data-flow without detected boundary
src/zmq.cpp,zmq_timers_reset,1701,1703,HANDWRITTEN_CPP,False,CPP_UNVERIFIED,B_DIRECT_MIGRATION,ordinary C++ control/data-flow without detected boundary
src/zmq.cpp,zmq_timers_timeout,1711,1713,HANDWRITTEN_CPP,False,CPP_UNVERIFIED,B_DIRECT_MIGRATION,ordinary C++ control/data-flow without detected boundary
src/zmq.cpp,zmq_timers_execute,1721,1723,HANDWRITTEN_CPP,False,CPP_UNVERIFIED,B_DIRECT_MIGRATION,ordinary C++ control/data-flow without detected boundary
src/zmq.cpp,zmq_proxy,1733,1735,HANDWRITTEN_CPP,False,CPP_UNVERIFIED,B_DIRECT_MIGRATION,ordinary C++ control/data-flow without detected boundary
src/zmq.cpp,zmq_proxy_steerable,1745,1750,HANDWRITTEN_CPP,False,CPP_UNVERIFIED,B_DIRECT_MIGRATION,ordinary C++ control/data-flow without detected boundary
src/zmq.cpp,zmq_device,1762,1764,HANDWRITTEN_CPP,False,CPP_UNVERIFIED,B_DIRECT_MIGRATION,ordinary C++ control/data-flow without detected boundary
src/zmq.cpp,zmq_has,1770,1772,HANDWRITTEN_CPP,False,CPP_UNVERIFIED,B_DIRECT_MIGRATION,ordinary C++ control/data-flow without detected boundary
src/zmq.cpp,zmq_socket_monitor_pipes_stats,1820,1822,HANDWRITTEN_CPP,False,CPP_UNVERIFIED,B_DIRECT_MIGRATION,ordinary C++ control/data-flow without detected boundary
src/zmq_utils.cpp,zmq_sleep,22,24,HANDWRITTEN_CPP,False,CPP_UNVERIFIED,B_DIRECT_MIGRATION,ordinary C++ control/data-flow without detected boundary
src/zmq_utils.cpp,zmq_stopwatch_intermediate,39,41,HANDWRITTEN_CPP,False,CPP_UNVERIFIED,B_DIRECT_MIGRATION,ordinary C++ control/data-flow without detected boundary
src/zmq_utils.cpp,zmq_stopwatch_stop,46,48,HANDWRITTEN_CPP,False,CPP_UNVERIFIED,B_DIRECT_MIGRATION,ordinary C++ control/data-flow without detected boundary
src/zmq_utils.cpp,zmq_threadclose,61,63,HANDWRITTEN_CPP,False,CPP_UNVERIFIED,B_DIRECT_MIGRATION,ordinary C++ control/data-flow without detected boundary
src/zmq_utils.cpp,zmq_curve_keypair,189,191,HANDWRITTEN_CPP,False,CPP_UNVERIFIED,B_DIRECT_MIGRATION,ordinary C++ control/data-flow without detected boundary
src/zmq_utils.cpp,zmq_curve_public,221,223,HANDWRITTEN_CPP,False,CPP_UNVERIFIED,B_DIRECT_MIGRATION,ordinary C++ control/data-flow without detected boundary
src/zmq_utils.cpp,zmq_atomic_counter_set,263,265,HANDWRITTEN_CPP,False,CPP_UNVERIFIED,B_DIRECT_MIGRATION,ordinary C++ control/data-flow without detected boundary
src/zmq_utils.cpp,zmq_atomic_counter_inc,270,272,HANDWRITTEN_CPP,False,CPP_UNVERIFIED,B_DIRECT_MIGRATION,ordinary C++ control/data-flow without detected boundary
src/zmq_utils.cpp,zmq_atomic_counter_dec,278,280,HANDWRITTEN_CPP,False,CPP_UNVERIFIED,B_DIRECT_MIGRATION,ordinary C++ control/data-flow without detected boundary
src/zmq_utils.cpp,zmq_atomic_counter_value,285,287,HANDWRITTEN_CPP,False,CPP_UNVERIFIED,B_DIRECT_MIGRATION,ordinary C++ control/data-flow without detected boundary
src/zmq_utils.cpp,zmq_atomic_counter_destroy,292,294,HANDWRITTEN_CPP,False,CPP_UNVERIFIED,B_DIRECT_MIGRATION,ordinary C++ control/data-flow without detected boundary
src/zmtp_engine.cpp,switch,213,214,HANDWRITTEN_CPP,False,CPP_UNVERIFIED,B_DIRECT_MIGRATION,ordinary C++ control/data-flow without detected boundary
src/zmtp_engine.cpp,if,340,343,HANDWRITTEN_CPP,False,CPP_UNVERIFIED,B_DIRECT_MIGRATION,ordinary C++ control/data-flow without detected boundary
src/zmtp_engine.cpp,if,354,357,HANDWRITTEN_CPP,False,CPP_UNVERIFIED,B_DIRECT_MIGRATION,ordinary C++ control/data-flow without detected boundary
tests/test_abstract_ipc.cpp,test_roundtrip,12,14,HANDWRITTEN_CPP,False,CPP_UNVERIFIED,D_BOUNDARY,external/runtime/raw-pointer boundary
tests/test_abstract_ipc.cpp,test_empty_abstract_name,32,34,HANDWRITTEN_CPP,False,CPP_UNVERIFIED,D_BOUNDARY,external/runtime/raw-pointer boundary
tests/test_abstract_ipc.cpp,main,40,42,HANDWRITTEN_CPP,False,CPP_UNVERIFIED,B_DIRECT_MIGRATION,ordinary C++ control/data-flow without detected boundary
tests/test_address_tipc.cpp,test_tipc_port_name_and_domain,5,9,HANDWRITTEN_CPP,False,CPP_UNVERIFIED,D_BOUNDARY,external/runtime/raw-pointer boundary
tests/test_address_tipc.cpp,test_tipc_port_identity,22,24,HANDWRITTEN_CPP,False,CPP_UNVERIFIED,D_BOUNDARY,external/runtime/raw-pointer boundary
tests/test_address_tipc.cpp,test_tipc_bad_addresses,48,50,HANDWRITTEN_CPP,False,CPP_UNVERIFIED,D_BOUNDARY,external/runtime/raw-pointer boundary
tests/test_address_tipc.cpp,main,63,66,HANDWRITTEN_CPP,False,CPP_UNVERIFIED,B_DIRECT_MIGRATION,ordinary C++ control/data-flow without detected boundary
tests/test_ancillaries.cpp,setUp,12,14,HANDWRITTEN_CPP,False,CPP_UNVERIFIED,B_DIRECT_MIGRATION,ordinary C++ control/data-flow without detected boundary
tests/test_ancillaries.cpp,tearDown,16,18,HANDWRITTEN_CPP,False,CPP_UNVERIFIED,B_DIRECT_MIGRATION,ordinary C++ control/data-flow without detected boundary
tests/test_ancillaries.cpp,test_version,20,22,HANDWRITTEN_CPP,False,CPP_UNVERIFIED,B_DIRECT_MIGRATION,ordinary C++ control/data-flow without detected boundary
tests/test_ancillaries.cpp,test_strerrror,30,32,HANDWRITTEN_CPP,False,CPP_UNVERIFIED,B_DIRECT_MIGRATION,ordinary C++ control/data-flow without detected boundary
tests/test_ancillaries.cpp,main,35,37,HANDWRITTEN_CPP,False,CPP_UNVERIFIED,B_DIRECT_MIGRATION,ordinary C++ control/data-flow without detected boundary
tests/test_app_meta.cpp,setUp,8,10,HANDWRITTEN_CPP,False,CPP_UNVERIFIED,B_DIRECT_MIGRATION,ordinary C++ control/data-flow without detected boundary
tests/test_app_meta.cpp,tearDown,12,13,HANDWRITTEN_CPP,False,CPP_UNVERIFIED,B_DIRECT_MIGRATION,ordinary C++ control/data-flow without detected boundary
tests/test_app_meta.cpp,test_app_meta_reqrep,15,17,HANDWRITTEN_CPP,False,CPP_UNVERIFIED,D_BOUNDARY,external/runtime/raw-pointer boundary
tests/test_app_meta.cpp,main,132,135,HANDWRITTEN_CPP,False,CPP_UNVERIFIED,B_DIRECT_MIGRATION,ordinary C++ control/data-flow without detected boundary
tests/test_atomics.cpp,setUp,7,9,HANDWRITTEN_CPP,False,CPP_UNVERIFIED,B_DIRECT_MIGRATION,ordinary C++ control/data-flow without detected boundary
tests/test_atomics.cpp,tearDown,11,13,HANDWRITTEN_CPP,False,CPP_UNVERIFIED,B_DIRECT_MIGRATION,ordinary C++ control/data-flow without detected boundary
tests/test_atomics.cpp,test,15,17,HANDWRITTEN_CPP,False,CPP_UNVERIFIED,D_BOUNDARY,external/runtime/raw-pointer boundary
tests/test_atomics.cpp,main,32,34,HANDWRITTEN_CPP,False,CPP_UNVERIFIED,B_DIRECT_MIGRATION,ordinary C++ control/data-flow without detected boundary
tests/test_base85.cpp,setUp,5,7,HANDWRITTEN_CPP,False,CPP_UNVERIFIED,B_DIRECT_MIGRATION,ordinary C++ control/data-flow without detected boundary
tests/test_base85.cpp,tearDown,9,11,HANDWRITTEN_CPP,False,CPP_UNVERIFIED,B_DIRECT_MIGRATION,ordinary C++ control/data-flow without detected boundary
tests/test_base85.cpp,test__zmq_z85_encode__valid__success,15,16,HANDWRITTEN_CPP,False,CPP_UNVERIFIED,B_DIRECT_MIGRATION,ordinary C++ control/data-flow without detected boundary
tests/test_base85.cpp,test__zmq_z85_encode__invalid__failure,31,32,HANDWRITTEN_CPP,False,CPP_UNVERIFIED,B_DIRECT_MIGRATION,ordinary C++ control/data-flow without detected boundary
tests/test_base85.cpp,test__zmq_z85_decode__valid__success,39,40,HANDWRITTEN_CPP,False,CPP_UNVERIFIED,B_DIRECT_MIGRATION,ordinary C++ control/data-flow without detected boundary
tests/test_base85.cpp,test__zmq_z85_decode__invalid__failure,54,56,HANDWRITTEN_CPP,False,CPP_UNVERIFIED,B_DIRECT_MIGRATION,ordinary C++ control/data-flow without detected boundary
tests/test_base85.cpp,test__zmq_z85_encode__zmq_z85_decode__roundtrip,65,68,HANDWRITTEN_CPP,False,CPP_UNVERIFIED,D_BOUNDARY,external/runtime/raw-pointer boundary
tests/test_base85.cpp,test__zmq_z85_decode__zmq_z85_encode__roundtrip,82,85,HANDWRITTEN_CPP,False,CPP_UNVERIFIED,D_BOUNDARY,external/runtime/raw-pointer boundary
tests/test_base85.cpp,main,153,155,HANDWRITTEN_CPP,False,CPP_UNVERIFIED,B_DIRECT_MIGRATION,ordinary C++ control/data-flow without detected boundary
tests/test_bind_after_connect_tcp.cpp,test_x,5,9,HANDWRITTEN_CPP,False,CPP_UNVERIFIED,D_BOUNDARY,external/runtime/raw-pointer boundary
tests/test_bind_after_connect_tcp.cpp,main,28,30,HANDWRITTEN_CPP,False,CPP_UNVERIFIED,B_DIRECT_MIGRATION,ordinary C++ control/data-flow without detected boundary
tests/test_bind_curve_fuzzer.cpp,test_bind_curve_fuzzer,94,95,HANDWRITTEN_CPP,False,CPP_UNVERIFIED,D_BOUNDARY,external/runtime/raw-pointer boundary
tests/test_bind_curve_fuzzer.cpp,main,113,115,HANDWRITTEN_CPP,False,CPP_UNVERIFIED,B_DIRECT_MIGRATION,ordinary C++ control/data-flow without detected boundary
tests/test_bind_fuzzer.cpp,test_bind_fuzzer,40,41,HANDWRITTEN_CPP,False,CPP_UNVERIFIED,D_BOUNDARY,external/runtime/raw-pointer boundary
tests/test_bind_fuzzer.cpp,main,59,61,HANDWRITTEN_CPP,False,CPP_UNVERIFIED,B_DIRECT_MIGRATION,ordinary C++ control/data-flow without detected boundary
tests/test_bind_null_fuzzer.cpp,test_bind_null_fuzzer,57,58,HANDWRITTEN_CPP,False,CPP_UNVERIFIED,D_BOUNDARY,external/runtime/raw-pointer boundary
tests/test_bind_null_fuzzer.cpp,main,76,78,HANDWRITTEN_CPP,False,CPP_UNVERIFIED,B_DIRECT_MIGRATION,ordinary C++ control/data-flow without detected boundary
tests/test_bind_src_address.cpp,test_x,5,9,HANDWRITTEN_CPP,False,CPP_UNVERIFIED,D_BOUNDARY,external/runtime/raw-pointer boundary
tests/test_bind_src_address.cpp,main,21,23,HANDWRITTEN_CPP,False,CPP_UNVERIFIED,B_DIRECT_MIGRATION,ordinary C++ control/data-flow without detected boundary
tests/test_bind_stream_fuzzer.cpp,test_bind_stream_fuzzer,76,77,HANDWRITTEN_CPP,False,CPP_UNVERIFIED,D_BOUNDARY,external/runtime/raw-pointer boundary
tests/test_bind_stream_fuzzer.cpp,main,95,97,HANDWRITTEN_CPP,False,CPP_UNVERIFIED,B_DIRECT_MIGRATION,ordinary C++ control/data-flow without detected boundary
tests/test_bind_ws_fuzzer.cpp,test_bind_ws_fuzzer,69,70,HANDWRITTEN_CPP,False,CPP_UNVERIFIED,D_BOUNDARY,external/runtime/raw-pointer boundary
tests/test_bind_ws_fuzzer.cpp,main,88,90,HANDWRITTEN_CPP,False,CPP_UNVERIFIED,B_DIRECT_MIGRATION,ordinary C++ control/data-flow without detected boundary
tests/test_busy_poll.cpp,test_busy_poll,5,9,HANDWRITTEN_CPP,False,CPP_UNVERIFIED,D_BOUNDARY,external/runtime/raw-pointer boundary
tests/test_busy_poll.cpp,main,24,26,HANDWRITTEN_CPP,False,CPP_UNVERIFIED,B_DIRECT_MIGRATION,ordinary C++ control/data-flow without detected boundary
tests/test_capabilities.cpp,setUp,5,7,HANDWRITTEN_CPP,False,CPP_UNVERIFIED,B_DIRECT_MIGRATION,ordinary C++ control/data-flow without detected boundary
tests/test_capabilities.cpp,tearDown,9,11,HANDWRITTEN_CPP,False,CPP_UNVERIFIED,B_DIRECT_MIGRATION,ordinary C++ control/data-flow without detected boundary
tests/test_capabilities.cpp,test_capabilities,13,15,HANDWRITTEN_CPP,False,CPP_UNVERIFIED,B_DIRECT_MIGRATION,ordinary C++ control/data-flow without detected boundary
tests/test_capabilities.cpp,main,70,72,HANDWRITTEN_CPP,False,CPP_UNVERIFIED,B_DIRECT_MIGRATION,ordinary C++ control/data-flow without detected boundary
tests/test_channel.cpp,setUp,10,12,HANDWRITTEN_CPP,False,CPP_UNVERIFIED,B_DIRECT_MIGRATION,ordinary C++ control/data-flow without detected boundary
tests/test_channel.cpp,tearDown,21,23,HANDWRITTEN_CPP,False,CPP_UNVERIFIED,B_DIRECT_MIGRATION,ordinary C++ control/data-flow without detected boundary
tests/test_channel.cpp,test_roundtrip,29,31,HANDWRITTEN_CPP,False,CPP_UNVERIFIED,B_DIRECT_MIGRATION,ordinary C++ control/data-flow without detected boundary
tests/test_channel.cpp,test_sndmore_fails,38,40,HANDWRITTEN_CPP,False,CPP_UNVERIFIED,B_DIRECT_MIGRATION,ordinary C++ control/data-flow without detected boundary
tests/test_channel.cpp,main,45,47,HANDWRITTEN_CPP,False,CPP_UNVERIFIED,B_DIRECT_MIGRATION,ordinary C++ control/data-flow without detected boundary
tests/test_client_server.cpp,create_inproc_client_server_pair,5,9,HANDWRITTEN_CPP,False,CPP_UNVERIFIED,B_DIRECT_MIGRATION,ordinary C++ control/data-flow without detected boundary
tests/test_client_server.cpp,send_sndmore_expect_failure,18,20,HANDWRITTEN_CPP,False,CPP_UNVERIFIED,B_DIRECT_MIGRATION,ordinary C++ control/data-flow without detected boundary
tests/test_client_server.cpp,test_client_sndmore_fails,25,27,HANDWRITTEN_CPP,False,CPP_UNVERIFIED,D_BOUNDARY,external/runtime/raw-pointer boundary
tests/test_client_server.cpp,test_server_sndmore_fails,36,38,HANDWRITTEN_CPP,False,CPP_UNVERIFIED,D_BOUNDARY,external/runtime/raw-pointer boundary
tests/test_client_server.cpp,test_routing_id,47,49,HANDWRITTEN_CPP,False,CPP_UNVERIFIED,D_BOUNDARY,external/runtime/raw-pointer boundary
tests/test_client_server.cpp,main,98,100,HANDWRITTEN_CPP,False,CPP_UNVERIFIED,B_DIRECT_MIGRATION,ordinary C++ control/data-flow without detected boundary
tests/test_conflate.cpp,test_conflate,5,9,HANDWRITTEN_CPP,False,CPP_UNVERIFIED,D_BOUNDARY,external/runtime/raw-pointer boundary
tests/test_conflate.cpp,main,41,43,HANDWRITTEN_CPP,False,CPP_UNVERIFIED,B_DIRECT_MIGRATION,ordinary C++ control/data-flow without detected boundary
tests/test_connect_curve_fuzzer.cpp,test_connect_curve_fuzzer,83,84,HANDWRITTEN_CPP,False,CPP_UNVERIFIED,D_BOUNDARY,external/runtime/raw-pointer boundary
tests/test_connect_curve_fuzzer.cpp,main,102,104,HANDWRITTEN_CPP,False,CPP_UNVERIFIED,B_DIRECT_MIGRATION,ordinary C++ control/data-flow without detected boundary
tests/test_connect_delay_tipc.cpp,test_send_one_connected_one_unconnected,6,10,HANDWRITTEN_CPP,False,CPP_UNVERIFIED,D_BOUNDARY,external/runtime/raw-pointer boundary
tests/test_connect_delay_tipc.cpp,test_send_one_connected_one_unconnected_with_delay,71,73,HANDWRITTEN_CPP,False,CPP_UNVERIFIED,D_BOUNDARY,external/runtime/raw-pointer boundary
tests/test_connect_delay_tipc.cpp,test_send_disconnected_with_delay,138,140,HANDWRITTEN_CPP,False,CPP_UNVERIFIED,D_BOUNDARY,external/runtime/raw-pointer boundary
tests/test_connect_delay_tipc.cpp,main,206,208,HANDWRITTEN_CPP,False,CPP_UNVERIFIED,B_DIRECT_MIGRATION,ordinary C++ control/data-flow without detected boundary
tests/test_connect_fuzzer.cpp,test_connect_fuzzer,27,28,HANDWRITTEN_CPP,False,CPP_UNVERIFIED,D_BOUNDARY,external/runtime/raw-pointer boundary
tests/test_connect_fuzzer.cpp,main,46,48,HANDWRITTEN_CPP,False,CPP_UNVERIFIED,B_DIRECT_MIGRATION,ordinary C++ control/data-flow without detected boundary
tests/test_connect_null_fuzzer.cpp,test_connect_null_fuzzer,62,63,HANDWRITTEN_CPP,False,CPP_UNVERIFIED,D_BOUNDARY,external/runtime/raw-pointer boundary
tests/test_connect_null_fuzzer.cpp,main,81,83,HANDWRITTEN_CPP,False,CPP_UNVERIFIED,B_DIRECT_MIGRATION,ordinary C++ control/data-flow without detected boundary
tests/test_connect_resolve.cpp,setUp,10,12,HANDWRITTEN_CPP,False,CPP_UNVERIFIED,B_DIRECT_MIGRATION,ordinary C++ control/data-flow without detected boundary
tests/test_connect_resolve.cpp,tearDown,16,18,HANDWRITTEN_CPP,False,CPP_UNVERIFIED,B_DIRECT_MIGRATION,ordinary C++ control/data-flow without detected boundary
tests/test_connect_resolve.cpp,test_hostname_ipv4,23,25,HANDWRITTEN_CPP,False,CPP_UNVERIFIED,B_DIRECT_MIGRATION,ordinary C++ control/data-flow without detected boundary
tests/test_connect_resolve.cpp,test_loopback_ipv6,28,30,HANDWRITTEN_CPP,False,CPP_UNVERIFIED,B_DIRECT_MIGRATION,ordinary C++ control/data-flow without detected boundary
tests/test_connect_resolve.cpp,test_invalid_service_fails,33,35,HANDWRITTEN_CPP,False,CPP_UNVERIFIED,B_DIRECT_MIGRATION,ordinary C++ control/data-flow without detected boundary
tests/test_connect_resolve.cpp,test_hostname_with_spaces_fails,39,41,HANDWRITTEN_CPP,False,CPP_UNVERIFIED,B_DIRECT_MIGRATION,ordinary C++ control/data-flow without detected boundary
tests/test_connect_resolve.cpp,test_no_hostname_fails,45,47,HANDWRITTEN_CPP,False,CPP_UNVERIFIED,B_DIRECT_MIGRATION,ordinary C++ control/data-flow without detected boundary
tests/test_connect_resolve.cpp,test_x,51,53,HANDWRITTEN_CPP,False,CPP_UNVERIFIED,B_DIRECT_MIGRATION,ordinary C++ control/data-flow without detected boundary
tests/test_connect_resolve.cpp,test_invalid_proto_fails,57,59,HANDWRITTEN_CPP,False,CPP_UNVERIFIED,B_DIRECT_MIGRATION,ordinary C++ control/data-flow without detected boundary
tests/test_connect_resolve.cpp,main,64,66,HANDWRITTEN_CPP,False,CPP_UNVERIFIED,B_DIRECT_MIGRATION,ordinary C++ control/data-flow without detected boundary
tests/test_connect_rid.cpp,test_stream_2_stream,14,16,HANDWRITTEN_CPP,False,CPP_UNVERIFIED,D_BOUNDARY,external/runtime/raw-pointer boundary
tests/test_connect_rid.cpp,test_router_2_router,63,65,HANDWRITTEN_CPP,False,CPP_UNVERIFIED,D_BOUNDARY,external/runtime/raw-pointer boundary
tests/test_connect_rid.cpp,test_router_2_router_while_receiving,130,132,HANDWRITTEN_CPP,False,CPP_UNVERIFIED,D_BOUNDARY,external/runtime/raw-pointer boundary
tests/test_connect_rid.cpp,test_router_2_router_unnamed,204,206,HANDWRITTEN_CPP,False,CPP_UNVERIFIED,B_DIRECT_MIGRATION,ordinary C++ control/data-flow without detected boundary
tests/test_connect_rid.cpp,test_router_2_router_named,209,211,HANDWRITTEN_CPP,False,CPP_UNVERIFIED,B_DIRECT_MIGRATION,ordinary C++ control/data-flow without detected boundary
tests/test_connect_rid.cpp,main,214,216,HANDWRITTEN_CPP,False,CPP_UNVERIFIED,B_DIRECT_MIGRATION,ordinary C++ control/data-flow without detected boundary
tests/test_connect_stream_fuzzer.cpp,test_connect_null_fuzzer,61,62,HANDWRITTEN_CPP,False,CPP_UNVERIFIED,D_BOUNDARY,external/runtime/raw-pointer boundary
tests/test_connect_stream_fuzzer.cpp,main,80,82,HANDWRITTEN_CPP,False,CPP_UNVERIFIED,B_DIRECT_MIGRATION,ordinary C++ control/data-flow without detected boundary
tests/test_connect_ws_fuzzer.cpp,test_connect_ws_fuzzer,69,70,HANDWRITTEN_CPP,False,CPP_UNVERIFIED,D_BOUNDARY,external/runtime/raw-pointer boundary
tests/test_connect_ws_fuzzer.cpp,main,88,90,HANDWRITTEN_CPP,False,CPP_UNVERIFIED,B_DIRECT_MIGRATION,ordinary C++ control/data-flow without detected boundary
tests/test_ctx_destroy.cpp,setUp,7,9,HANDWRITTEN_CPP,False,CPP_UNVERIFIED,B_DIRECT_MIGRATION,ordinary C++ control/data-flow without detected boundary
tests/test_ctx_destroy.cpp,tearDown,11,13,HANDWRITTEN_CPP,False,CPP_UNVERIFIED,B_DIRECT_MIGRATION,ordinary C++ control/data-flow without detected boundary
tests/test_ctx_destroy.cpp,receiver,15,17,HANDWRITTEN_CPP,False,CPP_UNVERIFIED,B_DIRECT_MIGRATION,ordinary C++ control/data-flow without detected boundary
tests/test_ctx_destroy.cpp,test_ctx_destroy,23,25,HANDWRITTEN_CPP,False,CPP_UNVERIFIED,D_BOUNDARY,external/runtime/raw-pointer boundary
tests/test_ctx_destroy.cpp,test_ctx_shutdown,39,41,HANDWRITTEN_CPP,False,CPP_UNVERIFIED,D_BOUNDARY,external/runtime/raw-pointer boundary
tests/test_ctx_destroy.cpp,test_ctx_shutdown_socket_opened_after,67,69,HANDWRITTEN_CPP,False,CPP_UNVERIFIED,D_BOUNDARY,external/runtime/raw-pointer boundary
tests/test_ctx_destroy.cpp,test_ctx_shutdown_only_socket_opened_after,89,91,HANDWRITTEN_CPP,False,CPP_UNVERIFIED,D_BOUNDARY,external/runtime/raw-pointer boundary
tests/test_ctx_destroy.cpp,test_zmq_ctx_term_null_fails,106,108,HANDWRITTEN_CPP,False,CPP_UNVERIFIED,B_DIRECT_MIGRATION,ordinary C++ control/data-flow without detected boundary
tests/test_ctx_destroy.cpp,test_zmq_term_null_fails,113,115,HANDWRITTEN_CPP,False,CPP_UNVERIFIED,B_DIRECT_MIGRATION,ordinary C++ control/data-flow without detected boundary
tests/test_ctx_destroy.cpp,test_zmq_ctx_shutdown_null_fails,120,122,HANDWRITTEN_CPP,False,CPP_UNVERIFIED,B_DIRECT_MIGRATION,ordinary C++ control/data-flow without detected boundary
tests/test_ctx_destroy.cpp,run_poller,135,137,HANDWRITTEN_CPP,False,CPP_UNVERIFIED,D_BOUNDARY,external/runtime/raw-pointer boundary
tests/test_ctx_destroy.cpp,test_poller_exists_with_socket_on_zmq_ctx_term,162,164,HANDWRITTEN_CPP,False,CPP_UNVERIFIED,D_BOUNDARY,external/runtime/raw-pointer boundary
tests/test_ctx_destroy.cpp,test_poller_exists_with_socket_on_zmq_ctx_term_thread_safe_socket,194,196,HANDWRITTEN_CPP,False,CPP_UNVERIFIED,B_DIRECT_MIGRATION,ordinary C++ control/data-flow without detected boundary
tests/test_ctx_destroy.cpp,test_poller_exists_with_socket_on_zmq_ctx_term_non_thread_safe_socket,203,205,HANDWRITTEN_CPP,False,CPP_UNVERIFIED,B_DIRECT_MIGRATION,ordinary C++ control/data-flow without detected boundary
tests/test_ctx_destroy.cpp,main,208,210,HANDWRITTEN_CPP,False,CPP_UNVERIFIED,B_DIRECT_MIGRATION,ordinary C++ control/data-flow without detected boundary
tests/test_ctx_options.cpp,is_allowed_to_raise_priority,19,21,HANDWRITTEN_CPP,False,CPP_UNVERIFIED,B_DIRECT_MIGRATION,ordinary C++ control/data-flow without detected boundary
tests/test_ctx_options.cpp,is_allowed_to_raise_priority,45,47,HANDWRITTEN_CPP,False,CPP_UNVERIFIED,B_DIRECT_MIGRATION,ordinary C++ control/data-flow without detected boundary
tests/test_ctx_options.cpp,test_ctx_thread_opts,52,55,HANDWRITTEN_CPP,False,CPP_UNVERIFIED,B_DIRECT_MIGRATION,ordinary C++ control/data-flow without detected boundary
tests/test_ctx_options.cpp,test_ctx_zero_copy,137,139,HANDWRITTEN_CPP,False,CPP_UNVERIFIED,D_BOUNDARY,external/runtime/raw-pointer boundary
tests/test_ctx_options.cpp,test_ctx_option_max_sockets,180,182,HANDWRITTEN_CPP,False,CPP_UNVERIFIED,B_DIRECT_MIGRATION,ordinary C++ control/data-flow without detected boundary
tests/test_ctx_options.cpp,test_ctx_option_socket_limit,186,188,HANDWRITTEN_CPP,False,CPP_UNVERIFIED,B_DIRECT_MIGRATION,ordinary C++ control/data-flow without detected boundary
tests/test_ctx_options.cpp,test_ctx_option_io_threads,196,198,HANDWRITTEN_CPP,False,CPP_UNVERIFIED,B_DIRECT_MIGRATION,ordinary C++ control/data-flow without detected boundary
tests/test_ctx_options.cpp,test_ctx_option_ipv6,202,204,HANDWRITTEN_CPP,False,CPP_UNVERIFIED,B_DIRECT_MIGRATION,ordinary C++ control/data-flow without detected boundary
tests/test_ctx_options.cpp,test_ctx_option_msg_t_size,207,209,HANDWRITTEN_CPP,False,CPP_UNVERIFIED,B_DIRECT_MIGRATION,ordinary C++ control/data-flow without detected boundary
tests/test_ctx_options.cpp,test_ctx_option_ipv6_set,215,217,HANDWRITTEN_CPP,False,CPP_UNVERIFIED,B_DIRECT_MIGRATION,ordinary C++ control/data-flow without detected boundary
tests/test_ctx_options.cpp,test_ctx_option_blocky,222,224,HANDWRITTEN_CPP,False,CPP_UNVERIFIED,D_BOUNDARY,external/runtime/raw-pointer boundary
tests/test_ctx_options.cpp,test_ctx_option_invalid,258,260,HANDWRITTEN_CPP,False,CPP_UNVERIFIED,B_DIRECT_MIGRATION,ordinary C++ control/data-flow without detected boundary
tests/test_ctx_options.cpp,main,266,268,HANDWRITTEN_CPP,False,CPP_UNVERIFIED,B_DIRECT_MIGRATION,ordinary C++ control/data-flow without detected boundary
tests/test_dgram.cpp,str_send_to,8,12,HANDWRITTEN_CPP,False,CPP_UNVERIFIED,B_DIRECT_MIGRATION,ordinary C++ control/data-flow without detected boundary
tests/test_dgram.cpp,str_recv_from,16,18,HANDWRITTEN_CPP,False,CPP_UNVERIFIED,B_DIRECT_MIGRATION,ordinary C++ control/data-flow without detected boundary
tests/test_dgram.cpp,test_connect_fails,28,30,HANDWRITTEN_CPP,False,CPP_UNVERIFIED,D_BOUNDARY,external/runtime/raw-pointer boundary
tests/test_dgram.cpp,test_roundtrip,39,41,HANDWRITTEN_CPP,False,CPP_UNVERIFIED,D_BOUNDARY,external/runtime/raw-pointer boundary
tests/test_dgram.cpp,main,71,73,HANDWRITTEN_CPP,False,CPP_UNVERIFIED,B_DIRECT_MIGRATION,ordinary C++ control/data-flow without detected boundary
tests/test_diffserv.cpp,test_diffserv,5,9,HANDWRITTEN_CPP,False,CPP_UNVERIFIED,D_BOUNDARY,external/runtime/raw-pointer boundary
tests/test_diffserv.cpp,main,37,39,HANDWRITTEN_CPP,False,CPP_UNVERIFIED,B_DIRECT_MIGRATION,ordinary C++ control/data-flow without detected boundary
tests/test_disconnect_inproc.cpp,test_disconnect_inproc,18,20,HANDWRITTEN_CPP,False,CPP_UNVERIFIED,D_BOUNDARY,external/runtime/raw-pointer boundary
tests/test_disconnect_inproc.cpp,main,102,104,HANDWRITTEN_CPP,False,CPP_UNVERIFIED,B_DIRECT_MIGRATION,ordinary C++ control/data-flow without detected boundary
tests/test_disconnect_msg.cpp,test,5,9,HANDWRITTEN_CPP,False,CPP_UNVERIFIED,D_BOUNDARY,external/runtime/raw-pointer boundary
tests/test_disconnect_msg.cpp,test_tcp,37,39,HANDWRITTEN_CPP,False,CPP_UNVERIFIED,B_DIRECT_MIGRATION,ordinary C++ control/data-flow without detected boundary
tests/test_disconnect_msg.cpp,test_inproc,42,44,HANDWRITTEN_CPP,False,CPP_UNVERIFIED,B_DIRECT_MIGRATION,ordinary C++ control/data-flow without detected boundary
tests/test_disconnect_msg.cpp,test_inproc_disconnect,47,50,HANDWRITTEN_CPP,False,CPP_UNVERIFIED,D_BOUNDARY,external/runtime/raw-pointer boundary
tests/test_disconnect_msg.cpp,main,81,83,HANDWRITTEN_CPP,False,CPP_UNVERIFIED,B_DIRECT_MIGRATION,ordinary C++ control/data-flow without detected boundary
tests/test_filter_ipc.cpp,bounce_fail,8,12,HANDWRITTEN_CPP,False,CPP_UNVERIFIED,D_BOUNDARY,external/runtime/raw-pointer boundary
tests/test_filter_ipc.cpp,run_test,34,38,HANDWRITTEN_CPP,False,CPP_UNVERIFIED,D_BOUNDARY,external/runtime/raw-pointer boundary
tests/test_filter_ipc.cpp,init_groups,84,86,HANDWRITTEN_CPP,False,CPP_UNVERIFIED,B_DIRECT_MIGRATION,ordinary C++ control/data-flow without detected boundary
tests/test_filter_ipc.cpp,test_no_filters,104,106,HANDWRITTEN_CPP,False,CPP_UNVERIFIED,B_DIRECT_MIGRATION,ordinary C++ control/data-flow without detected boundary
tests/test_filter_ipc.cpp,test_filter_with_process_owner_uid,111,112,HANDWRITTEN_CPP,False,CPP_UNVERIFIED,B_DIRECT_MIGRATION,ordinary C++ control/data-flow without detected boundary
tests/test_filter_ipc.cpp,test_filter_with_possibly_nonexistent_uid,115,116,HANDWRITTEN_CPP,False,CPP_UNVERIFIED,B_DIRECT_MIGRATION,ordinary C++ control/data-flow without detected boundary
tests/test_filter_ipc.cpp,test_filter_with_process_owner_gid,119,120,HANDWRITTEN_CPP,False,CPP_UNVERIFIED,B_DIRECT_MIGRATION,ordinary C++ control/data-flow without detected boundary
tests/test_filter_ipc.cpp,test_filter_with_supplemental_process_owner_gid,123,124,HANDWRITTEN_CPP,False,CPP_UNVERIFIED,B_DIRECT_MIGRATION,ordinary C++ control/data-flow without detected boundary
tests/test_filter_ipc.cpp,test_filter_with_possibly_nonexistent_gid,127,128,HANDWRITTEN_CPP,False,CPP_UNVERIFIED,B_DIRECT_MIGRATION,ordinary C++ control/data-flow without detected boundary
tests/test_filter_ipc.cpp,test_filter_with_current_process_pid,132,133,HANDWRITTEN_CPP,False,CPP_UNVERIFIED,B_DIRECT_MIGRATION,ordinary C++ control/data-flow without detected boundary
tests/test_filter_ipc.cpp,test_filter_with_possibly_nonexistent_pid,136,137,HANDWRITTEN_CPP,False,CPP_UNVERIFIED,B_DIRECT_MIGRATION,ordinary C++ control/data-flow without detected boundary
tests/test_filter_ipc.cpp,test_filter_with_pid_fails,141,142,HANDWRITTEN_CPP,False,CPP_UNVERIFIED,B_DIRECT_MIGRATION,ordinary C++ control/data-flow without detected boundary
tests/test_filter_ipc.cpp,test_filter_with_zero_uid_fails,149,150,HANDWRITTEN_CPP,False,CPP_UNVERIFIED,B_DIRECT_MIGRATION,ordinary C++ control/data-flow without detected boundary
tests/test_filter_ipc.cpp,test_filter_with_zero_gid_fails,153,154,HANDWRITTEN_CPP,False,CPP_UNVERIFIED,B_DIRECT_MIGRATION,ordinary C++ control/data-flow without detected boundary
tests/test_filter_ipc.cpp,test_filter_with_zero_pid_fails,157,158,HANDWRITTEN_CPP,False,CPP_UNVERIFIED,B_DIRECT_MIGRATION,ordinary C++ control/data-flow without detected boundary
tests/test_filter_ipc.cpp,main,162,164,HANDWRITTEN_CPP,False,CPP_UNVERIFIED,B_DIRECT_MIGRATION,ordinary C++ control/data-flow without detected boundary
tests/test_fork.cpp,test_fork,17,19,HANDWRITTEN_CPP,False,CPP_UNVERIFIED,D_BOUNDARY,external/runtime/raw-pointer boundary
tests/test_fork.cpp,main,68,70,HANDWRITTEN_CPP,False,CPP_UNVERIFIED,B_DIRECT_MIGRATION,ordinary C++ control/data-flow without detected boundary
tests/test_getsockopt_memset.cpp,test_getsockopt_memset,7,11,HANDWRITTEN_CPP,False,CPP_UNVERIFIED,D_BOUNDARY,external/runtime/raw-pointer boundary
tests/test_getsockopt_memset.cpp,main,31,33,HANDWRITTEN_CPP,False,CPP_UNVERIFIED,B_DIRECT_MIGRATION,ordinary C++ control/data-flow without detected boundary
tests/test_heartbeats.cpp,get_monitor_event,33,35,HANDWRITTEN_CPP,False,CPP_UNVERIFIED,B_DIRECT_MIGRATION,ordinary C++ control/data-flow without detected boundary
tests/test_heartbeats.cpp,recv_with_retry,60,62,HANDWRITTEN_CPP,False,CPP_UNVERIFIED,B_DIRECT_MIGRATION,ordinary C++ control/data-flow without detected boundary
tests/test_heartbeats.cpp,mock_handshake,74,76,HANDWRITTEN_CPP,False,CPP_UNVERIFIED,D_BOUNDARY,external/runtime/raw-pointer boundary
tests/test_heartbeats.cpp,setup_curve,125,127,HANDWRITTEN_CPP,False,CPP_UNVERIFIED,D_BOUNDARY,external/runtime/raw-pointer boundary
tests/test_heartbeats.cpp,prep_server_socket,153,161,HANDWRITTEN_CPP,False,CPP_UNVERIFIED,D_BOUNDARY,external/runtime/raw-pointer boundary
tests/test_heartbeats.cpp,test_heartbeat_timeout,198,199,HANDWRITTEN_CPP,False,CPP_UNVERIFIED,D_BOUNDARY,external/runtime/raw-pointer boundary
tests/test_heartbeats.cpp,test_heartbeat_ttl,233,234,HANDWRITTEN_CPP,False,CPP_UNVERIFIED,D_BOUNDARY,external/runtime/raw-pointer boundary
tests/test_heartbeats.cpp,test_heartbeat_notimeout,275,277,HANDWRITTEN_CPP,False,CPP_UNVERIFIED,D_BOUNDARY,external/runtime/raw-pointer boundary
tests/test_heartbeats.cpp,test_heartbeat_timeout_router,309,311,HANDWRITTEN_CPP,False,CPP_UNVERIFIED,B_DIRECT_MIGRATION,ordinary C++ control/data-flow without detected boundary
tests/test_heartbeats.cpp,test_heartbeat_timeout_router_mock_ping,314,316,HANDWRITTEN_CPP,False,CPP_UNVERIFIED,B_DIRECT_MIGRATION,ordinary C++ control/data-flow without detected boundary
tests/test_heartbeats.cpp,test_setsockopt_heartbeat_success,348,350,HANDWRITTEN_CPP,False,CPP_UNVERIFIED,D_BOUNDARY,external/runtime/raw-pointer boundary
tests/test_heartbeats.cpp,test_setsockopt_heartbeat_ttl_max,365,367,HANDWRITTEN_CPP,False,CPP_UNVERIFIED,B_DIRECT_MIGRATION,ordinary C++ control/data-flow without detected boundary
tests/test_heartbeats.cpp,test_setsockopt_heartbeat_ttl_more_than_max_fails,370,372,HANDWRITTEN_CPP,False,CPP_UNVERIFIED,D_BOUNDARY,external/runtime/raw-pointer boundary
tests/test_heartbeats.cpp,test_setsockopt_heartbeat_ttl_near_zero,381,383,HANDWRITTEN_CPP,False,CPP_UNVERIFIED,B_DIRECT_MIGRATION,ordinary C++ control/data-flow without detected boundary
tests/test_heartbeats.cpp,main,386,388,HANDWRITTEN_CPP,False,CPP_UNVERIFIED,B_DIRECT_MIGRATION,ordinary C++ control/data-flow without detected boundary
tests/test_hello_msg.cpp,test,5,9,HANDWRITTEN_CPP,False,CPP_UNVERIFIED,D_BOUNDARY,external/runtime/raw-pointer boundary
tests/test_hello_msg.cpp,test_tcp,31,33,HANDWRITTEN_CPP,False,CPP_UNVERIFIED,B_DIRECT_MIGRATION,ordinary C++ control/data-flow without detected boundary
tests/test_hello_msg.cpp,test_inproc,36,38,HANDWRITTEN_CPP,False,CPP_UNVERIFIED,B_DIRECT_MIGRATION,ordinary C++ control/data-flow without detected boundary
tests/test_hello_msg.cpp,test_inproc_late_bind,41,43,HANDWRITTEN_CPP,False,CPP_UNVERIFIED,D_BOUNDARY,external/runtime/raw-pointer boundary
tests/test_hello_msg.cpp,main,70,72,HANDWRITTEN_CPP,False,CPP_UNVERIFIED,B_DIRECT_MIGRATION,ordinary C++ control/data-flow without detected boundary
tests/test_hiccup_msg.cpp,test,5,9,HANDWRITTEN_CPP,False,CPP_UNVERIFIED,D_BOUNDARY,external/runtime/raw-pointer boundary
tests/test_hiccup_msg.cpp,main,41,43,HANDWRITTEN_CPP,False,CPP_UNVERIFIED,B_DIRECT_MIGRATION,ordinary C++ control/data-flow without detected boundary
tests/test_hwm.cpp,test_defaults,15,17,HANDWRITTEN_CPP,False,CPP_UNVERIFIED,D_BOUNDARY,external/runtime/raw-pointer boundary
tests/test_hwm.cpp,count_msg,48,50,HANDWRITTEN_CPP,False,CPP_UNVERIFIED,D_BOUNDARY,external/runtime/raw-pointer boundary
tests/test_hwm.cpp,test_inproc_bind_first,108,110,HANDWRITTEN_CPP,False,CPP_UNVERIFIED,B_DIRECT_MIGRATION,ordinary C++ control/data-flow without detected boundary
tests/test_hwm.cpp,test_inproc_connect_first,113,115,HANDWRITTEN_CPP,False,CPP_UNVERIFIED,B_DIRECT_MIGRATION,ordinary C++ control/data-flow without detected boundary
tests/test_hwm.cpp,test_inproc_connect_and_close_first,118,120,HANDWRITTEN_CPP,False,CPP_UNVERIFIED,D_BOUNDARY,external/runtime/raw-pointer boundary
tests/test_hwm.cpp,test_inproc_bind_and_close_first,154,156,HANDWRITTEN_CPP,False,CPP_UNVERIFIED,D_BOUNDARY,external/runtime/raw-pointer boundary
tests/test_hwm.cpp,test_infinite_both_inproc_bind_first,191,193,HANDWRITTEN_CPP,False,CPP_UNVERIFIED,B_DIRECT_MIGRATION,ordinary C++ control/data-flow without detected boundary
tests/test_hwm.cpp,test_infinite_both_inproc_connect_first,197,199,HANDWRITTEN_CPP,False,CPP_UNVERIFIED,B_DIRECT_MIGRATION,ordinary C++ control/data-flow without detected boundary
tests/test_hwm.cpp,test_infinite_receive_inproc_bind_first,203,205,HANDWRITTEN_CPP,False,CPP_UNVERIFIED,B_DIRECT_MIGRATION,ordinary C++ control/data-flow without detected boundary
tests/test_hwm.cpp,test_infinite_receive_inproc_connect_first,209,211,HANDWRITTEN_CPP,False,CPP_UNVERIFIED,B_DIRECT_MIGRATION,ordinary C++ control/data-flow without detected boundary
tests/test_hwm.cpp,test_infinite_send_inproc_bind_first,215,217,HANDWRITTEN_CPP,False,CPP_UNVERIFIED,B_DIRECT_MIGRATION,ordinary C++ control/data-flow without detected boundary
tests/test_hwm.cpp,test_infinite_send_inproc_connect_first,221,223,HANDWRITTEN_CPP,False,CPP_UNVERIFIED,B_DIRECT_MIGRATION,ordinary C++ control/data-flow without detected boundary
tests/test_hwm.cpp,test_finite_both_bind_first,227,229,HANDWRITTEN_CPP,False,CPP_UNVERIFIED,B_DIRECT_MIGRATION,ordinary C++ control/data-flow without detected boundary
tests/test_hwm.cpp,test_finite_both_connect_first,234,235,HANDWRITTEN_CPP,False,CPP_UNVERIFIED,B_DIRECT_MIGRATION,ordinary C++ control/data-flow without detected boundary
tests/test_hwm.cpp,test_infinite_recv_connect_and_close_first,240,242,HANDWRITTEN_CPP,False,CPP_UNVERIFIED,B_DIRECT_MIGRATION,ordinary C++ control/data-flow without detected boundary
tests/test_hwm.cpp,test_infinite_recv_bind_and_close_first,247,249,HANDWRITTEN_CPP,False,CPP_UNVERIFIED,B_DIRECT_MIGRATION,ordinary C++ control/data-flow without detected boundary
tests/test_hwm.cpp,main,255,257,HANDWRITTEN_CPP,False,CPP_UNVERIFIED,B_DIRECT_MIGRATION,ordinary C++ control/data-flow without detected boundary
tests/test_hwm_pubsub.cpp,test_defaults,11,15,HANDWRITTEN_CPP,False,CPP_UNVERIFIED,D_BOUNDARY,external/runtime/raw-pointer boundary
tests/test_hwm_pubsub.cpp,receive,61,63,HANDWRITTEN_CPP,False,CPP_UNVERIFIED,B_DIRECT_MIGRATION,ordinary C++ control/data-flow without detected boundary
tests/test_hwm_pubsub.cpp,test_blocking,81,83,HANDWRITTEN_CPP,False,CPP_UNVERIFIED,D_BOUNDARY,external/runtime/raw-pointer boundary
tests/test_hwm_pubsub.cpp,test_reset_hwm,158,159,HANDWRITTEN_CPP,False,CPP_UNVERIFIED,D_BOUNDARY,external/runtime/raw-pointer boundary
tests/test_hwm_pubsub.cpp,test_defaults_large,219,221,HANDWRITTEN_CPP,False,CPP_UNVERIFIED,B_DIRECT_MIGRATION,ordinary C++ control/data-flow without detected boundary
tests/test_hwm_pubsub.cpp,test_defaults_small,225,227,HANDWRITTEN_CPP,False,CPP_UNVERIFIED,B_DIRECT_MIGRATION,ordinary C++ control/data-flow without detected boundary
tests/test_hwm_pubsub.cpp,test_blocking,231,233,HANDWRITTEN_CPP,False,CPP_UNVERIFIED,B_DIRECT_MIGRATION,ordinary C++ control/data-flow without detected boundary
tests/test_hwm_pubsub.cpp,main,265,267,HANDWRITTEN_CPP,False,CPP_UNVERIFIED,B_DIRECT_MIGRATION,ordinary C++ control/data-flow without detected boundary
tests/test_immediate.cpp,test_immediate_1,5,9,HANDWRITTEN_CPP,False,CPP_UNVERIFIED,D_BOUNDARY,external/runtime/raw-pointer boundary
tests/test_immediate.cpp,test_immediate_2,71,74,HANDWRITTEN_CPP,False,CPP_UNVERIFIED,D_BOUNDARY,external/runtime/raw-pointer boundary
tests/test_immediate.cpp,test_immediate_3,130,132,HANDWRITTEN_CPP,False,CPP_UNVERIFIED,D_BOUNDARY,external/runtime/raw-pointer boundary
tests/test_immediate.cpp,main,189,191,HANDWRITTEN_CPP,False,CPP_UNVERIFIED,B_DIRECT_MIGRATION,ordinary C++ control/data-flow without detected boundary
tests/test_inproc_connect.cpp,pusher,5,9,HANDWRITTEN_CPP,False,CPP_UNVERIFIED,D_BOUNDARY,external/runtime/raw-pointer boundary
tests/test_inproc_connect.cpp,simult_conn,22,24,HANDWRITTEN_CPP,False,CPP_UNVERIFIED,D_BOUNDARY,external/runtime/raw-pointer boundary
tests/test_inproc_connect.cpp,simult_bind,37,39,HANDWRITTEN_CPP,False,CPP_UNVERIFIED,D_BOUNDARY,external/runtime/raw-pointer boundary
tests/test_inproc_connect.cpp,test_bind_before_connect,52,54,HANDWRITTEN_CPP,False,CPP_UNVERIFIED,D_BOUNDARY,external/runtime/raw-pointer boundary
tests/test_inproc_connect.cpp,test_connect_before_bind,73,75,HANDWRITTEN_CPP,False,CPP_UNVERIFIED,D_BOUNDARY,external/runtime/raw-pointer boundary
tests/test_inproc_connect.cpp,test_connect_before_bind_pub_sub,94,96,HANDWRITTEN_CPP,False,CPP_UNVERIFIED,D_BOUNDARY,external/runtime/raw-pointer boundary
tests/test_inproc_connect.cpp,test_connect_before_bind_ctx_term,123,125,HANDWRITTEN_CPP,False,CPP_UNVERIFIED,D_BOUNDARY,external/runtime/raw-pointer boundary
tests/test_inproc_connect.cpp,test_multiple_connects,138,140,HANDWRITTEN_CPP,False,CPP_UNVERIFIED,D_BOUNDARY,external/runtime/raw-pointer boundary
tests/test_inproc_connect.cpp,test_multiple_threads,170,172,HANDWRITTEN_CPP,False,CPP_UNVERIFIED,D_BOUNDARY,external/runtime/raw-pointer boundary
tests/test_inproc_connect.cpp,test_simultaneous_connect_bind_threads,198,200,HANDWRITTEN_CPP,False,CPP_UNVERIFIED,D_BOUNDARY,external/runtime/raw-pointer boundary
tests/test_inproc_connect.cpp,test_routing_id,224,226,HANDWRITTEN_CPP,False,CPP_UNVERIFIED,D_BOUNDARY,external/runtime/raw-pointer boundary
tests/test_inproc_connect.cpp,test_connect_only,262,264,HANDWRITTEN_CPP,False,CPP_UNVERIFIED,D_BOUNDARY,external/runtime/raw-pointer boundary
tests/test_inproc_connect.cpp,test_unbind,270,273,HANDWRITTEN_CPP,False,CPP_UNVERIFIED,D_BOUNDARY,external/runtime/raw-pointer boundary
tests/test_inproc_connect.cpp,test_shutdown_during_pend,298,300,HANDWRITTEN_CPP,False,CPP_UNVERIFIED,D_BOUNDARY,external/runtime/raw-pointer boundary
tests/test_inproc_connect.cpp,main,310,312,HANDWRITTEN_CPP,False,CPP_UNVERIFIED,B_DIRECT_MIGRATION,ordinary C++ control/data-flow without detected boundary
tests/test_invalid_rep.cpp,test_invalid_rep,5,9,HANDWRITTEN_CPP,False,CPP_UNVERIFIED,D_BOUNDARY,external/runtime/raw-pointer boundary
tests/test_invalid_rep.cpp,main,56,58,HANDWRITTEN_CPP,False,CPP_UNVERIFIED,B_DIRECT_MIGRATION,ordinary C++ control/data-flow without detected boundary
tests/test_iov.cpp,do_check,21,23,HANDWRITTEN_CPP,False,CPP_UNVERIFIED,D_BOUNDARY,external/runtime/raw-pointer boundary
tests/test_iov.cpp,test_iov,99,101,HANDWRITTEN_CPP,False,CPP_UNVERIFIED,D_BOUNDARY,external/runtime/raw-pointer boundary
tests/test_iov.cpp,main,119,121,HANDWRITTEN_CPP,False,CPP_UNVERIFIED,B_DIRECT_MIGRATION,ordinary C++ control/data-flow without detected boundary
tests/test_ipc_wildcard.cpp,test_ipc_wildcard,5,9,HANDWRITTEN_CPP,False,CPP_UNVERIFIED,D_BOUNDARY,external/runtime/raw-pointer boundary
tests/test_ipc_wildcard.cpp,main,22,24,HANDWRITTEN_CPP,False,CPP_UNVERIFIED,B_DIRECT_MIGRATION,ordinary C++ control/data-flow without detected boundary
tests/test_issue_566.cpp,test_issue_566,12,13,HANDWRITTEN_CPP,False,CPP_UNVERIFIED,D_BOUNDARY,external/runtime/raw-pointer boundary
tests/test_issue_566.cpp,main,63,65,HANDWRITTEN_CPP,False,CPP_UNVERIFIED,B_DIRECT_MIGRATION,ordinary C++ control/data-flow without detected boundary
tests/test_last_endpoint.cpp,do_bind_and_verify,5,9,HANDWRITTEN_CPP,False,CPP_UNVERIFIED,B_DIRECT_MIGRATION,ordinary C++ control/data-flow without detected boundary
tests/test_last_endpoint.cpp,test_last_endpoint,17,19,HANDWRITTEN_CPP,False,CPP_UNVERIFIED,D_BOUNDARY,external/runtime/raw-pointer boundary
tests/test_last_endpoint.cpp,main,30,32,HANDWRITTEN_CPP,False,CPP_UNVERIFIED,B_DIRECT_MIGRATION,ordinary C++ control/data-flow without detected boundary
tests/test_many_sockets.cpp,test_system_max,9,13,HANDWRITTEN_CPP,False,CPP_UNVERIFIED,D_BOUNDARY,external/runtime/raw-pointer boundary
tests/test_many_sockets.cpp,test_zmq_default_max,38,40,HANDWRITTEN_CPP,False,CPP_UNVERIFIED,D_BOUNDARY,external/runtime/raw-pointer boundary
tests/test_many_sockets.cpp,main,62,64,HANDWRITTEN_CPP,False,CPP_UNVERIFIED,B_DIRECT_MIGRATION,ordinary C++ control/data-flow without detected boundary
tests/test_metadata.cpp,setUp,8,10,HANDWRITTEN_CPP,False,CPP_UNVERIFIED,B_DIRECT_MIGRATION,ordinary C++ control/data-flow without detected boundary
tests/test_metadata.cpp,tearDown,12,14,HANDWRITTEN_CPP,False,CPP_UNVERIFIED,B_DIRECT_MIGRATION,ordinary C++ control/data-flow without detected boundary
tests/test_metadata.cpp,zap_handler,16,18,HANDWRITTEN_CPP,False,CPP_UNVERIFIED,B_DIRECT_MIGRATION,ordinary C++ control/data-flow without detected boundary
tests/test_metadata.cpp,test_metadata,59,61,HANDWRITTEN_CPP,False,CPP_UNVERIFIED,D_BOUNDARY,external/runtime/raw-pointer boundary
tests/test_metadata.cpp,test_router_prefetch_metadata,102,104,HANDWRITTEN_CPP,False,CPP_UNVERIFIED,D_BOUNDARY,external/runtime/raw-pointer boundary
tests/test_metadata.cpp,main,151,154,HANDWRITTEN_CPP,False,CPP_UNVERIFIED,B_DIRECT_MIGRATION,ordinary C++ control/data-flow without detected boundary
tests/test_mock_pub_sub.cpp,get_monitor_event,14,16,HANDWRITTEN_CPP,False,CPP_UNVERIFIED,B_DIRECT_MIGRATION,ordinary C++ control/data-flow without detected boundary
tests/test_mock_pub_sub.cpp,recv_with_retry,41,43,HANDWRITTEN_CPP,False,CPP_UNVERIFIED,B_DIRECT_MIGRATION,ordinary C++ control/data-flow without detected boundary
tests/test_mock_pub_sub.cpp,mock_handshake,55,57,HANDWRITTEN_CPP,False,CPP_UNVERIFIED,D_BOUNDARY,external/runtime/raw-pointer boundary
tests/test_mock_pub_sub.cpp,prep_server_socket,87,93,HANDWRITTEN_CPP,False,CPP_UNVERIFIED,D_BOUNDARY,external/runtime/raw-pointer boundary
tests/test_mock_pub_sub.cpp,test_mock_pub_sub,117,119,HANDWRITTEN_CPP,False,CPP_UNVERIFIED,D_BOUNDARY,external/runtime/raw-pointer boundary
tests/test_mock_pub_sub.cpp,test_mock_sub_command,194,196,HANDWRITTEN_CPP,False,CPP_UNVERIFIED,B_DIRECT_MIGRATION,ordinary C++ control/data-flow without detected boundary
tests/test_mock_pub_sub.cpp,test_mock_sub_legacy,199,201,HANDWRITTEN_CPP,False,CPP_UNVERIFIED,B_DIRECT_MIGRATION,ordinary C++ control/data-flow without detected boundary
tests/test_mock_pub_sub.cpp,test_mock_pub_command,204,206,HANDWRITTEN_CPP,False,CPP_UNVERIFIED,B_DIRECT_MIGRATION,ordinary C++ control/data-flow without detected boundary
tests/test_mock_pub_sub.cpp,test_mock_pub_legacy,209,211,HANDWRITTEN_CPP,False,CPP_UNVERIFIED,B_DIRECT_MIGRATION,ordinary C++ control/data-flow without detected boundary
tests/test_mock_pub_sub.cpp,main,214,216,HANDWRITTEN_CPP,False,CPP_UNVERIFIED,B_DIRECT_MIGRATION,ordinary C++ control/data-flow without detected boundary
tests/test_monitor.cpp,test_monitor_invalid_protocol_fails,10,14,HANDWRITTEN_CPP,False,CPP_UNVERIFIED,D_BOUNDARY,external/runtime/raw-pointer boundary
tests/test_monitor.cpp,test_monitor_basic,30,32,HANDWRITTEN_CPP,False,CPP_UNVERIFIED,D_BOUNDARY,external/runtime/raw-pointer boundary
tests/test_monitor.cpp,test_monitor_versioned_invalid_socket_type,108,109,HANDWRITTEN_CPP,False,CPP_UNVERIFIED,D_BOUNDARY,external/runtime/raw-pointer boundary
tests/test_monitor.cpp,test_monitor_versioned_basic,119,123,HANDWRITTEN_CPP,False,CPP_UNVERIFIED,D_BOUNDARY,external/runtime/raw-pointer boundary
tests/test_monitor.cpp,test_monitor_versioned_basic_tcp_ipv4,251,253,HANDWRITTEN_CPP,False,CPP_UNVERIFIED,B_DIRECT_MIGRATION,ordinary C++ control/data-flow without detected boundary
tests/test_monitor.cpp,test_monitor_versioned_basic_tcp_ipv6,259,261,HANDWRITTEN_CPP,False,CPP_UNVERIFIED,B_DIRECT_MIGRATION,ordinary C++ control/data-flow without detected boundary
tests/test_monitor.cpp,test_monitor_versioned_basic_ipc,267,269,HANDWRITTEN_CPP,False,CPP_UNVERIFIED,B_DIRECT_MIGRATION,ordinary C++ control/data-flow without detected boundary
tests/test_monitor.cpp,test_monitor_versioned_basic_tipc,275,277,HANDWRITTEN_CPP,False,CPP_UNVERIFIED,B_DIRECT_MIGRATION,ordinary C++ control/data-flow without detected boundary
tests/test_monitor.cpp,test_monitor_versioned_stats,285,287,HANDWRITTEN_CPP,False,CPP_UNVERIFIED,D_BOUNDARY,external/runtime/raw-pointer boundary
tests/test_monitor.cpp,test_monitor_versioned_stats_tcp_ipv4,393,395,HANDWRITTEN_CPP,False,CPP_UNVERIFIED,B_DIRECT_MIGRATION,ordinary C++ control/data-flow without detected boundary
tests/test_monitor.cpp,test_monitor_versioned_stats_tcp_ipv6,399,401,HANDWRITTEN_CPP,False,CPP_UNVERIFIED,B_DIRECT_MIGRATION,ordinary C++ control/data-flow without detected boundary
tests/test_monitor.cpp,test_monitor_versioned_stats_ipc,405,407,HANDWRITTEN_CPP,False,CPP_UNVERIFIED,B_DIRECT_MIGRATION,ordinary C++ control/data-flow without detected boundary
tests/test_monitor.cpp,main,413,415,HANDWRITTEN_CPP,False,CPP_UNVERIFIED,B_DIRECT_MIGRATION,ordinary C++ control/data-flow without detected boundary
tests/test_msg_ffn.cpp,ffn,7,11,HANDWRITTEN_CPP,False,CPP_UNVERIFIED,D_BOUNDARY,external/runtime/raw-pointer boundary
tests/test_msg_ffn.cpp,test_msg_init_ffn,16,18,HANDWRITTEN_CPP,False,CPP_UNVERIFIED,D_BOUNDARY,external/runtime/raw-pointer boundary
tests/test_msg_ffn.cpp,main,91,93,HANDWRITTEN_CPP,False,CPP_UNVERIFIED,B_DIRECT_MIGRATION,ordinary C++ control/data-flow without detected boundary
tests/test_msg_flags.cpp,test_more,5,9,HANDWRITTEN_CPP,False,CPP_UNVERIFIED,D_BOUNDARY,external/runtime/raw-pointer boundary
tests/test_msg_flags.cpp,test_shared_refcounted,41,43,HANDWRITTEN_CPP,False,CPP_UNVERIFIED,B_DIRECT_MIGRATION,ordinary C++ control/data-flow without detected boundary
tests/test_msg_flags.cpp,test_shared_const,65,67,HANDWRITTEN_CPP,False,CPP_UNVERIFIED,D_BOUNDARY,external/runtime/raw-pointer boundary
tests/test_msg_flags.cpp,main,80,82,HANDWRITTEN_CPP,False,CPP_UNVERIFIED,B_DIRECT_MIGRATION,ordinary C++ control/data-flow without detected boundary
tests/test_msg_init.cpp,test_msg_init,7,11,HANDWRITTEN_CPP,False,CPP_UNVERIFIED,B_DIRECT_MIGRATION,ordinary C++ control/data-flow without detected boundary
tests/test_msg_init.cpp,test_msg_init_size,17,19,HANDWRITTEN_CPP,False,CPP_UNVERIFIED,D_BOUNDARY,external/runtime/raw-pointer boundary
tests/test_msg_init.cpp,test_msg_init_buffer,33,35,HANDWRITTEN_CPP,False,CPP_UNVERIFIED,D_BOUNDARY,external/runtime/raw-pointer boundary
tests/test_msg_init.cpp,main,49,51,HANDWRITTEN_CPP,False,CPP_UNVERIFIED,B_DIRECT_MIGRATION,ordinary C++ control/data-flow without detected boundary
tests/test_pair_inproc.cpp,setUp,10,12,HANDWRITTEN_CPP,False,CPP_UNVERIFIED,B_DIRECT_MIGRATION,ordinary C++ control/data-flow without detected boundary
tests/test_pair_inproc.cpp,tearDown,21,23,HANDWRITTEN_CPP,False,CPP_UNVERIFIED,B_DIRECT_MIGRATION,ordinary C++ control/data-flow without detected boundary
tests/test_pair_inproc.cpp,test_roundtrip,29,31,HANDWRITTEN_CPP,False,CPP_UNVERIFIED,B_DIRECT_MIGRATION,ordinary C++ control/data-flow without detected boundary
tests/test_pair_inproc.cpp,test_zmq_send_const,36,37,HANDWRITTEN_CPP,False,CPP_UNVERIFIED,B_DIRECT_MIGRATION,ordinary C++ control/data-flow without detected boundary
tests/test_pair_inproc.cpp,main,46,48,HANDWRITTEN_CPP,False,CPP_UNVERIFIED,B_DIRECT_MIGRATION,ordinary C++ control/data-flow without detected boundary
tests/test_pair_ipc.cpp,test_roundtrip,7,11,HANDWRITTEN_CPP,False,CPP_UNVERIFIED,D_BOUNDARY,external/runtime/raw-pointer boundary
tests/test_pair_ipc.cpp,test_endpoint_too_long,27,29,HANDWRITTEN_CPP,False,CPP_UNVERIFIED,B_DIRECT_MIGRATION,ordinary C++ control/data-flow without detected boundary
tests/test_pair_ipc.cpp,main,44,47,HANDWRITTEN_CPP,False,CPP_UNVERIFIED,B_DIRECT_MIGRATION,ordinary C++ control/data-flow without detected boundary
tests/test_pair_tcp.cpp,set_sockopt_fastpath,17,18,HANDWRITTEN_CPP,False,CPP_UNVERIFIED,B_DIRECT_MIGRATION,ordinary C++ control/data-flow without detected boundary
tests/test_pair_tcp.cpp,test_pair_tcp,25,27,HANDWRITTEN_CPP,False,CPP_UNVERIFIED,D_BOUNDARY,external/runtime/raw-pointer boundary
tests/test_pair_tcp.cpp,test_pair_tcp_regular,47,49,HANDWRITTEN_CPP,False,CPP_UNVERIFIED,B_DIRECT_MIGRATION,ordinary C++ control/data-flow without detected boundary
tests/test_pair_tcp.cpp,test_pair_tcp_connect_by_name,52,54,HANDWRITTEN_CPP,False,CPP_UNVERIFIED,D_BOUNDARY,external/runtime/raw-pointer boundary
tests/test_pair_tcp.cpp,test_pair_tcp_fastpath,84,85,HANDWRITTEN_CPP,False,CPP_UNVERIFIED,B_DIRECT_MIGRATION,ordinary C++ control/data-flow without detected boundary
tests/test_pair_tcp.cpp,test_io_completion_port,91,92,HANDWRITTEN_CPP,False,CPP_UNVERIFIED,D_BOUNDARY,external/runtime/raw-pointer boundary
tests/test_pair_tcp.cpp,main,118,120,HANDWRITTEN_CPP,False,CPP_UNVERIFIED,B_DIRECT_MIGRATION,ordinary C++ control/data-flow without detected boundary
tests/test_pair_tcp_cap_net_admin.cpp,set_sockopt_bind_to_device,9,11,HANDWRITTEN_CPP,False,CPP_UNVERIFIED,B_DIRECT_MIGRATION,ordinary C++ control/data-flow without detected boundary
tests/test_pair_tcp_cap_net_admin.cpp,test_pair_tcp,18,19,HANDWRITTEN_CPP,False,CPP_UNVERIFIED,D_BOUNDARY,external/runtime/raw-pointer boundary
tests/test_pair_tcp_cap_net_admin.cpp,test_pair_tcp_bind_to_device,45,47,HANDWRITTEN_CPP,False,CPP_UNVERIFIED,B_DIRECT_MIGRATION,ordinary C++ control/data-flow without detected boundary
tests/test_pair_tcp_cap_net_admin.cpp,main,50,52,HANDWRITTEN_CPP,False,CPP_UNVERIFIED,B_DIRECT_MIGRATION,ordinary C++ control/data-flow without detected boundary
tests/test_pair_tipc.cpp,test_roundtrip,6,10,HANDWRITTEN_CPP,False,CPP_UNVERIFIED,D_BOUNDARY,external/runtime/raw-pointer boundary
tests/test_pair_tipc.cpp,main,22,24,HANDWRITTEN_CPP,False,CPP_UNVERIFIED,B_DIRECT_MIGRATION,ordinary C++ control/data-flow without detected boundary
tests/test_pair_vmci.cpp,test_pair_vmci,9,13,HANDWRITTEN_CPP,False,CPP_UNVERIFIED,D_BOUNDARY,external/runtime/raw-pointer boundary
tests/test_pair_vmci.cpp,main,35,37,HANDWRITTEN_CPP,False,CPP_UNVERIFIED,B_DIRECT_MIGRATION,ordinary C++ control/data-flow without detected boundary
tests/test_pair_vsock.cpp,test_pair_vsock,12,16,HANDWRITTEN_CPP,False,CPP_UNVERIFIED,B_DIRECT_MIGRATION,ordinary C++ control/data-flow without detected boundary
tests/test_pair_vsock.cpp,main,39,41,HANDWRITTEN_CPP,False,CPP_UNVERIFIED,B_DIRECT_MIGRATION,ordinary C++ control/data-flow without detected boundary
tests/test_peer.cpp,test_peer,5,9,HANDWRITTEN_CPP,False,CPP_UNVERIFIED,D_BOUNDARY,external/runtime/raw-pointer boundary
tests/test_peer.cpp,main,78,80,HANDWRITTEN_CPP,False,CPP_UNVERIFIED,B_DIRECT_MIGRATION,ordinary C++ control/data-flow without detected boundary
tests/test_peer_disconnect.cpp,test_peer_disconnect,7,11,HANDWRITTEN_CPP,False,CPP_UNVERIFIED,D_BOUNDARY,external/runtime/raw-pointer boundary
tests/test_peer_disconnect.cpp,main,68,70,HANDWRITTEN_CPP,False,CPP_UNVERIFIED,B_DIRECT_MIGRATION,ordinary C++ control/data-flow without detected boundary
tests/test_poller.cpp,get_fd,14,18,HANDWRITTEN_CPP,False,CPP_UNVERIFIED,B_DIRECT_MIGRATION,ordinary C++ control/data-flow without detected boundary
tests/test_poller.cpp,test_null_poller_pointers_destroy_direct,24,26,HANDWRITTEN_CPP,False,CPP_UNVERIFIED,B_DIRECT_MIGRATION,ordinary C++ control/data-flow without detected boundary
tests/test_poller.cpp,test_null_poller_pointers_destroy_indirect,29,31,HANDWRITTEN_CPP,False,CPP_UNVERIFIED,D_BOUNDARY,external/runtime/raw-pointer boundary
tests/test_poller.cpp,test_null_poller_pointers_size_direct,35,37,HANDWRITTEN_CPP,False,CPP_UNVERIFIED,B_DIRECT_MIGRATION,ordinary C++ control/data-flow without detected boundary
tests/test_poller.cpp,test_null_poller_pointers_size_indirect,40,42,HANDWRITTEN_CPP,False,CPP_UNVERIFIED,D_BOUNDARY,external/runtime/raw-pointer boundary
tests/test_poller.cpp,test_null_poller_pointers_add_direct,46,48,HANDWRITTEN_CPP,False,CPP_UNVERIFIED,D_BOUNDARY,external/runtime/raw-pointer boundary
tests/test_poller.cpp,test_null_poller_pointers_add_indirect,54,56,HANDWRITTEN_CPP,False,CPP_UNVERIFIED,D_BOUNDARY,external/runtime/raw-pointer boundary
tests/test_poller.cpp,test_null_poller_pointers_modify_direct,63,65,HANDWRITTEN_CPP,False,CPP_UNVERIFIED,D_BOUNDARY,external/runtime/raw-pointer boundary
tests/test_poller.cpp,test_null_poller_pointers_modify_indirect,71,73,HANDWRITTEN_CPP,False,CPP_UNVERIFIED,D_BOUNDARY,external/runtime/raw-pointer boundary
tests/test_poller.cpp,test_null_poller_pointers_remove_direct,80,82,HANDWRITTEN_CPP,False,CPP_UNVERIFIED,D_BOUNDARY,external/runtime/raw-pointer boundary
tests/test_poller.cpp,test_null_poller_pointers_remove_indirect,87,89,HANDWRITTEN_CPP,False,CPP_UNVERIFIED,D_BOUNDARY,external/runtime/raw-pointer boundary
tests/test_poller.cpp,test_null_poller_pointers_add_fd_direct,96,98,HANDWRITTEN_CPP,False,CPP_UNVERIFIED,D_BOUNDARY,external/runtime/raw-pointer boundary
tests/test_poller.cpp,test_null_poller_pointers_add_fd_indirect,106,108,HANDWRITTEN_CPP,False,CPP_UNVERIFIED,D_BOUNDARY,external/runtime/raw-pointer boundary
tests/test_poller.cpp,test_null_poller_pointers_modify_fd_direct,116,118,HANDWRITTEN_CPP,False,CPP_UNVERIFIED,D_BOUNDARY,external/runtime/raw-pointer boundary
tests/test_poller.cpp,test_null_poller_pointers_modify_fd_indirect,125,127,HANDWRITTEN_CPP,False,CPP_UNVERIFIED,D_BOUNDARY,external/runtime/raw-pointer boundary
tests/test_poller.cpp,test_null_poller_pointers_remove_fd_direct,135,137,HANDWRITTEN_CPP,False,CPP_UNVERIFIED,D_BOUNDARY,external/runtime/raw-pointer boundary
tests/test_poller.cpp,test_null_poller_pointers_remove_fd_indirect,143,145,HANDWRITTEN_CPP,False,CPP_UNVERIFIED,D_BOUNDARY,external/runtime/raw-pointer boundary
tests/test_poller.cpp,test_null_poller_pointers_wait_direct,152,154,HANDWRITTEN_CPP,False,CPP_UNVERIFIED,B_DIRECT_MIGRATION,ordinary C++ control/data-flow without detected boundary
tests/test_poller.cpp,test_null_poller_pointers_wait_indirect,158,160,HANDWRITTEN_CPP,False,CPP_UNVERIFIED,D_BOUNDARY,external/runtime/raw-pointer boundary
tests/test_poller.cpp,test_null_poller_pointers_wait_all_direct,166,168,HANDWRITTEN_CPP,False,CPP_UNVERIFIED,B_DIRECT_MIGRATION,ordinary C++ control/data-flow without detected boundary
tests/test_poller.cpp,test_null_poller_pointers_wait_all_indirect,173,175,HANDWRITTEN_CPP,False,CPP_UNVERIFIED,D_BOUNDARY,external/runtime/raw-pointer boundary
tests/test_poller.cpp,test_null_poller_pointer_poller_fd,181,183,HANDWRITTEN_CPP,False,CPP_UNVERIFIED,D_BOUNDARY,external/runtime/raw-pointer boundary
tests/test_poller.cpp,test_null_socket_pointers,188,190,HANDWRITTEN_CPP,False,CPP_UNVERIFIED,D_BOUNDARY,external/runtime/raw-pointer boundary
tests/test_poller.cpp,test_with_empty_poller,217,219,HANDWRITTEN_CPP,False,CPP_UNVERIFIED,D_BOUNDARY,external/runtime/raw-pointer boundary
tests/test_poller.cpp,test_with_valid_poller,233,235,HANDWRITTEN_CPP,False,CPP_UNVERIFIED,D_BOUNDARY,external/runtime/raw-pointer boundary
tests/test_poller.cpp,test_call_poller_fd_no_signaler,250,252,HANDWRITTEN_CPP,False,CPP_UNVERIFIED,D_BOUNDARY,external/runtime/raw-pointer boundary
tests/test_poller.cpp,test_call_poller_fd,268,270,HANDWRITTEN_CPP,False,CPP_UNVERIFIED,D_BOUNDARY,external/runtime/raw-pointer boundary
tests/test_poller.cpp,call_poller_wait_null_event_fails,286,288,HANDWRITTEN_CPP,False,CPP_UNVERIFIED,B_DIRECT_MIGRATION,ordinary C++ control/data-flow without detected boundary
tests/test_poller.cpp,call_poller_wait_all_null_event_fails_event_count_nonzero,291,293,HANDWRITTEN_CPP,False,CPP_UNVERIFIED,B_DIRECT_MIGRATION,ordinary C++ control/data-flow without detected boundary
tests/test_poller.cpp,call_poller_wait_all_null_event_fails_event_count_zero,297,299,HANDWRITTEN_CPP,False,CPP_UNVERIFIED,B_DIRECT_MIGRATION,ordinary C++ control/data-flow without detected boundary
tests/test_poller.cpp,call_poller_size,320,322,HANDWRITTEN_CPP,False,CPP_UNVERIFIED,D_BOUNDARY,external/runtime/raw-pointer boundary
tests/test_poller.cpp,call_poller_add_twice_fails,356,358,HANDWRITTEN_CPP,False,CPP_UNVERIFIED,B_DIRECT_MIGRATION,ordinary C++ control/data-flow without detected boundary
tests/test_poller.cpp,call_poller_remove_unregistered_fails,368,370,HANDWRITTEN_CPP,False,CPP_UNVERIFIED,B_DIRECT_MIGRATION,ordinary C++ control/data-flow without detected boundary
tests/test_poller.cpp,call_poller_modify_unregistered_fails,374,376,HANDWRITTEN_CPP,False,CPP_UNVERIFIED,B_DIRECT_MIGRATION,ordinary C++ control/data-flow without detected boundary
tests/test_poller.cpp,call_poller_add_no_events,381,383,HANDWRITTEN_CPP,False,CPP_UNVERIFIED,B_DIRECT_MIGRATION,ordinary C++ control/data-flow without detected boundary
tests/test_poller.cpp,call_poller_modify_no_events,389,391,HANDWRITTEN_CPP,False,CPP_UNVERIFIED,B_DIRECT_MIGRATION,ordinary C++ control/data-flow without detected boundary
tests/test_poller.cpp,call_poller_add_fd_twice_fails,398,400,HANDWRITTEN_CPP,False,CPP_UNVERIFIED,D_BOUNDARY,external/runtime/raw-pointer boundary
tests/test_poller.cpp,call_poller_remove_fd_unregistered_fails,413,416,HANDWRITTEN_CPP,False,CPP_UNVERIFIED,D_BOUNDARY,external/runtime/raw-pointer boundary
tests/test_poller.cpp,call_poller_modify_fd_unregistered_fails,425,428,HANDWRITTEN_CPP,False,CPP_UNVERIFIED,D_BOUNDARY,external/runtime/raw-pointer boundary
tests/test_poller.cpp,call_poller_add_invalid_events_fails,437,439,HANDWRITTEN_CPP,False,CPP_UNVERIFIED,B_DIRECT_MIGRATION,ordinary C++ control/data-flow without detected boundary
tests/test_poller.cpp,call_poller_modify_invalid_events_fails,443,446,HANDWRITTEN_CPP,False,CPP_UNVERIFIED,B_DIRECT_MIGRATION,ordinary C++ control/data-flow without detected boundary
tests/test_poller.cpp,call_poller_add_fd_invalid_events_fails,453,456,HANDWRITTEN_CPP,False,CPP_UNVERIFIED,D_BOUNDARY,external/runtime/raw-pointer boundary
tests/test_poller.cpp,call_poller_modify_fd_invalid_events_fails,463,466,HANDWRITTEN_CPP,False,CPP_UNVERIFIED,D_BOUNDARY,external/runtime/raw-pointer boundary
tests/test_poller.cpp,call_poller_wait_empty_with_timeout_fails,498,501,HANDWRITTEN_CPP,False,CPP_UNVERIFIED,B_DIRECT_MIGRATION,ordinary C++ control/data-flow without detected boundary
tests/test_poller.cpp,call_poller_wait_empty_without_timeout_fails,506,509,HANDWRITTEN_CPP,False,CPP_UNVERIFIED,B_DIRECT_MIGRATION,ordinary C++ control/data-flow without detected boundary
tests/test_poller.cpp,call_poller_wait_all_empty_negative_count_fails,514,517,HANDWRITTEN_CPP,False,CPP_UNVERIFIED,B_DIRECT_MIGRATION,ordinary C++ control/data-flow without detected boundary
tests/test_poller.cpp,call_poller_wait_all_empty_without_timeout_fails,522,525,HANDWRITTEN_CPP,False,CPP_UNVERIFIED,B_DIRECT_MIGRATION,ordinary C++ control/data-flow without detected boundary
tests/test_poller.cpp,call_poller_wait_all_empty_with_timeout_fails,530,533,HANDWRITTEN_CPP,False,CPP_UNVERIFIED,B_DIRECT_MIGRATION,ordinary C++ control/data-flow without detected boundary
tests/test_poller.cpp,call_poller_wait_all_inf_disabled_fails,539,541,HANDWRITTEN_CPP,False,CPP_UNVERIFIED,B_DIRECT_MIGRATION,ordinary C++ control/data-flow without detected boundary
tests/test_poller.cpp,test_poll_basic,563,565,HANDWRITTEN_CPP,False,CPP_UNVERIFIED,D_BOUNDARY,external/runtime/raw-pointer boundary
tests/test_poller.cpp,test_poll_fd,604,606,HANDWRITTEN_CPP,False,CPP_UNVERIFIED,D_BOUNDARY,external/runtime/raw-pointer boundary
tests/test_poller.cpp,test_poll_client_server,638,640,HANDWRITTEN_CPP,False,CPP_UNVERIFIED,D_BOUNDARY,external/runtime/raw-pointer boundary
tests/test_poller.cpp,main,692,694,HANDWRITTEN_CPP,False,CPP_UNVERIFIED,B_DIRECT_MIGRATION,ordinary C++ control/data-flow without detected boundary
tests/test_probe_router.cpp,test_probe_router_router,5,9,HANDWRITTEN_CPP,False,CPP_UNVERIFIED,D_BOUNDARY,external/runtime/raw-pointer boundary
tests/test_probe_router.cpp,test_probe_router_dealer,44,46,HANDWRITTEN_CPP,False,CPP_UNVERIFIED,D_BOUNDARY,external/runtime/raw-pointer boundary
tests/test_probe_router.cpp,main,75,77,HANDWRITTEN_CPP,False,CPP_UNVERIFIED,B_DIRECT_MIGRATION,ordinary C++ control/data-flow without detected boundary
tests/test_proxy.cpp,setUp,25,27,HANDWRITTEN_CPP,False,CPP_UNVERIFIED,B_DIRECT_MIGRATION,ordinary C++ control/data-flow without detected boundary
tests/test_proxy.cpp,client_task,44,46,HANDWRITTEN_CPP,False,CPP_UNVERIFIED,D_BOUNDARY,external/runtime/raw-pointer boundary
tests/test_proxy.cpp,server_task,158,160,HANDWRITTEN_CPP,False,CPP_UNVERIFIED,D_BOUNDARY,external/runtime/raw-pointer boundary
tests/test_proxy.cpp,server_worker,217,219,HANDWRITTEN_CPP,False,CPP_UNVERIFIED,D_BOUNDARY,external/runtime/raw-pointer boundary
tests/test_proxy.cpp,test_proxy,292,294,HANDWRITTEN_CPP,False,CPP_UNVERIFIED,D_BOUNDARY,external/runtime/raw-pointer boundary
tests/test_proxy.cpp,main,336,338,HANDWRITTEN_CPP,False,CPP_UNVERIFIED,B_DIRECT_MIGRATION,ordinary C++ control/data-flow without detected boundary
tests/test_proxy_hwm.cpp,lower_hwm,46,48,HANDWRITTEN_CPP,False,CPP_UNVERIFIED,B_DIRECT_MIGRATION,ordinary C++ control/data-flow without detected boundary
tests/test_proxy_hwm.cpp,publisher_thread_main,56,58,HANDWRITTEN_CPP,False,CPP_UNVERIFIED,D_BOUNDARY,external/runtime/raw-pointer boundary
tests/test_proxy_hwm.cpp,subscriber_thread_main,112,114,HANDWRITTEN_CPP,False,CPP_UNVERIFIED,D_BOUNDARY,external/runtime/raw-pointer boundary
tests/test_proxy_hwm.cpp,proxy_stats_asker_thread_main,167,169,HANDWRITTEN_CPP,False,CPP_UNVERIFIED,D_BOUNDARY,external/runtime/raw-pointer boundary
tests/test_proxy_hwm.cpp,proxy_thread_main,212,214,HANDWRITTEN_CPP,False,CPP_UNVERIFIED,D_BOUNDARY,external/runtime/raw-pointer boundary
tests/test_proxy_hwm.cpp,main,276,278,HANDWRITTEN_CPP,False,CPP_UNVERIFIED,D_BOUNDARY,external/runtime/raw-pointer boundary
tests/test_proxy_single_socket.cpp,setUp,7,9,HANDWRITTEN_CPP,False,CPP_UNVERIFIED,B_DIRECT_MIGRATION,ordinary C++ control/data-flow without detected boundary
tests/test_proxy_single_socket.cpp,server_task,15,17,HANDWRITTEN_CPP,False,CPP_UNVERIFIED,D_BOUNDARY,external/runtime/raw-pointer boundary
tests/test_proxy_single_socket.cpp,test_proxy_single_socket,39,40,HANDWRITTEN_CPP,False,CPP_UNVERIFIED,D_BOUNDARY,external/runtime/raw-pointer boundary
tests/test_proxy_single_socket.cpp,main,68,70,HANDWRITTEN_CPP,False,CPP_UNVERIFIED,B_DIRECT_MIGRATION,ordinary C++ control/data-flow without detected boundary
tests/test_proxy_steerable.cpp,setUp,32,34,HANDWRITTEN_CPP,False,CPP_UNVERIFIED,B_DIRECT_MIGRATION,ordinary C++ control/data-flow without detected boundary
tests/test_proxy_steerable.cpp,client_task,51,53,HANDWRITTEN_CPP,False,CPP_UNVERIFIED,D_BOUNDARY,external/runtime/raw-pointer boundary
tests/test_proxy_steerable.cpp,server_task,167,169,HANDWRITTEN_CPP,False,CPP_UNVERIFIED,D_BOUNDARY,external/runtime/raw-pointer boundary
tests/test_proxy_steerable.cpp,server_worker,239,241,HANDWRITTEN_CPP,False,CPP_UNVERIFIED,D_BOUNDARY,external/runtime/raw-pointer boundary
tests/test_proxy_steerable.cpp,read_stat_value,339,341,HANDWRITTEN_CPP,False,CPP_UNVERIFIED,B_DIRECT_MIGRATION,ordinary C++ control/data-flow without detected boundary
tests/test_proxy_steerable.cpp,statistics,352,353,HANDWRITTEN_CPP,False,CPP_UNVERIFIED,B_DIRECT_MIGRATION,ordinary C++ control/data-flow without detected boundary
tests/test_proxy_steerable.cpp,steer,391,393,HANDWRITTEN_CPP,False,CPP_UNVERIFIED,B_DIRECT_MIGRATION,ordinary C++ control/data-flow without detected boundary
tests/test_proxy_steerable.cpp,test_proxy_steerable,411,413,HANDWRITTEN_CPP,False,CPP_UNVERIFIED,D_BOUNDARY,external/runtime/raw-pointer boundary
tests/test_proxy_steerable.cpp,main,507,509,HANDWRITTEN_CPP,False,CPP_UNVERIFIED,B_DIRECT_MIGRATION,ordinary C++ control/data-flow without detected boundary
tests/test_proxy_terminate.cpp,setUp,7,9,HANDWRITTEN_CPP,False,CPP_UNVERIFIED,B_DIRECT_MIGRATION,ordinary C++ control/data-flow without detected boundary
tests/test_proxy_terminate.cpp,server_task,17,19,HANDWRITTEN_CPP,False,CPP_UNVERIFIED,D_BOUNDARY,external/runtime/raw-pointer boundary
tests/test_proxy_terminate.cpp,test_proxy_terminate,49,50,HANDWRITTEN_CPP,False,CPP_UNVERIFIED,D_BOUNDARY,external/runtime/raw-pointer boundary
tests/test_proxy_terminate.cpp,main,83,85,HANDWRITTEN_CPP,False,CPP_UNVERIFIED,B_DIRECT_MIGRATION,ordinary C++ control/data-flow without detected boundary
tests/test_pub_invert_matching.cpp,test,7,11,HANDWRITTEN_CPP,False,CPP_UNVERIFIED,D_BOUNDARY,external/runtime/raw-pointer boundary
tests/test_pub_invert_matching.cpp,main,85,87,HANDWRITTEN_CPP,False,CPP_UNVERIFIED,B_DIRECT_MIGRATION,ordinary C++ control/data-flow without detected boundary
tests/test_pubsub.cpp,test,5,9,HANDWRITTEN_CPP,False,CPP_UNVERIFIED,D_BOUNDARY,external/runtime/raw-pointer boundary
tests/test_pubsub.cpp,test_norm,38,40,HANDWRITTEN_CPP,False,CPP_UNVERIFIED,B_DIRECT_MIGRATION,ordinary C++ control/data-flow without detected boundary
tests/test_pubsub.cpp,main,47,49,HANDWRITTEN_CPP,False,CPP_UNVERIFIED,B_DIRECT_MIGRATION,ordinary C++ control/data-flow without detected boundary
tests/test_pubsub_topics_count.cpp,settle_subscriptions,6,11,HANDWRITTEN_CPP,False,CPP_UNVERIFIED,B_DIRECT_MIGRATION,ordinary C++ control/data-flow without detected boundary
tests/test_pubsub_topics_count.cpp,get_subscription_count,19,21,HANDWRITTEN_CPP,False,CPP_UNVERIFIED,B_DIRECT_MIGRATION,ordinary C++ control/data-flow without detected boundary
tests/test_pubsub_topics_count.cpp,test_independent_topic_prefixes,31,33,HANDWRITTEN_CPP,False,CPP_UNVERIFIED,D_BOUNDARY,external/runtime/raw-pointer boundary
tests/test_pubsub_topics_count.cpp,test_nested_topic_prefixes,73,75,HANDWRITTEN_CPP,False,CPP_UNVERIFIED,D_BOUNDARY,external/runtime/raw-pointer boundary
tests/test_pubsub_topics_count.cpp,main,115,117,HANDWRITTEN_CPP,False,CPP_UNVERIFIED,B_DIRECT_MIGRATION,ordinary C++ control/data-flow without detected boundary
tests/test_radio_dish.cpp,msg_send_expect_success,29,33,HANDWRITTEN_CPP,False,CPP_UNVERIFIED,D_BOUNDARY,external/runtime/raw-pointer boundary
tests/test_radio_dish.cpp,msg_recv_cmp,48,50,HANDWRITTEN_CPP,False,CPP_UNVERIFIED,B_DIRECT_MIGRATION,ordinary C++ control/data-flow without detected boundary
tests/test_radio_dish.cpp,test_leave_unjoined_fails,64,66,HANDWRITTEN_CPP,False,CPP_UNVERIFIED,D_BOUNDARY,external/runtime/raw-pointer boundary
tests/test_radio_dish.cpp,test_long_group,74,76,HANDWRITTEN_CPP,False,CPP_UNVERIFIED,D_BOUNDARY,external/runtime/raw-pointer boundary
tests/test_radio_dish.cpp,test_join_too_long_fails,103,105,HANDWRITTEN_CPP,False,CPP_UNVERIFIED,D_BOUNDARY,external/runtime/raw-pointer boundary
tests/test_radio_dish.cpp,test_join_twice_fails,117,119,HANDWRITTEN_CPP,False,CPP_UNVERIFIED,D_BOUNDARY,external/runtime/raw-pointer boundary
tests/test_radio_dish.cpp,test_radio_dish_tcp_poll,129,131,HANDWRITTEN_CPP,False,CPP_UNVERIFIED,D_BOUNDARY,external/runtime/raw-pointer boundary
tests/test_radio_dish.cpp,test_dish_connect_fails,198,200,HANDWRITTEN_CPP,False,CPP_UNVERIFIED,D_BOUNDARY,external/runtime/raw-pointer boundary
tests/test_radio_dish.cpp,test_radio_bind_fails,214,216,HANDWRITTEN_CPP,False,CPP_UNVERIFIED,D_BOUNDARY,external/runtime/raw-pointer boundary
tests/test_radio_dish.cpp,test_radio_dish_udp,230,232,HANDWRITTEN_CPP,False,CPP_UNVERIFIED,D_BOUNDARY,external/runtime/raw-pointer boundary
tests/test_radio_dish.cpp,is_multicast_available,283,284,HANDWRITTEN_CPP,False,CPP_UNVERIFIED,D_BOUNDARY,external/runtime/raw-pointer boundary
tests/test_radio_dish.cpp,if,422,424,HANDWRITTEN_CPP,False,CPP_UNVERIFIED,D_BOUNDARY,external/runtime/raw-pointer boundary
tests/test_radio_dish.cpp,ignore_if_unavailable,434,436,HANDWRITTEN_CPP,False,CPP_UNVERIFIED,B_DIRECT_MIGRATION,ordinary C++ control/data-flow without detected boundary
tests/test_radio_dish.cpp,test_radio_dish_mcast,442,444,HANDWRITTEN_CPP,False,CPP_UNVERIFIED,D_BOUNDARY,external/runtime/raw-pointer boundary
tests/test_radio_dish.cpp,test_radio_dish_no_loop,471,473,HANDWRITTEN_CPP,False,CPP_UNVERIFIED,D_BOUNDARY,external/runtime/raw-pointer boundary
tests/test_radio_dish.cpp,main,513,515,HANDWRITTEN_CPP,False,CPP_UNVERIFIED,B_DIRECT_MIGRATION,ordinary C++ control/data-flow without detected boundary
tests/test_rebind_ipc.cpp,test_rebind_ipc,5,9,HANDWRITTEN_CPP,False,CPP_UNVERIFIED,D_BOUNDARY,external/runtime/raw-pointer boundary
tests/test_rebind_ipc.cpp,main,34,36,HANDWRITTEN_CPP,False,CPP_UNVERIFIED,B_DIRECT_MIGRATION,ordinary C++ control/data-flow without detected boundary
tests/test_reconnect_ivl.cpp,test_reconnect_ivl_against_pair_socket,5,10,HANDWRITTEN_CPP,False,CPP_UNVERIFIED,D_BOUNDARY,external/runtime/raw-pointer boundary
tests/test_reconnect_ivl.cpp,test_reconnect_ivl_ipc,35,36,HANDWRITTEN_CPP,False,CPP_UNVERIFIED,D_BOUNDARY,external/runtime/raw-pointer boundary
tests/test_reconnect_ivl.cpp,test_reconnect_ivl_tcp,47,49,HANDWRITTEN_CPP,False,CPP_UNVERIFIED,D_BOUNDARY,external/runtime/raw-pointer boundary
tests/test_reconnect_ivl.cpp,test_reconnect_ivl_tcp_ipv4,58,60,HANDWRITTEN_CPP,False,CPP_UNVERIFIED,B_DIRECT_MIGRATION,ordinary C++ control/data-flow without detected boundary
tests/test_reconnect_ivl.cpp,test_reconnect_ivl_tcp_ipv6,63,65,HANDWRITTEN_CPP,False,CPP_UNVERIFIED,B_DIRECT_MIGRATION,ordinary C++ control/data-flow without detected boundary
tests/test_reconnect_ivl.cpp,main,71,73,HANDWRITTEN_CPP,False,CPP_UNVERIFIED,B_DIRECT_MIGRATION,ordinary C++ control/data-flow without detected boundary
tests/test_reconnect_options.cpp,reconnect_default,11,12,HANDWRITTEN_CPP,False,CPP_UNVERIFIED,D_BOUNDARY,external/runtime/raw-pointer boundary
tests/test_reconnect_options.cpp,reconnect_success,65,66,HANDWRITTEN_CPP,False,CPP_UNVERIFIED,D_BOUNDARY,external/runtime/raw-pointer boundary
tests/test_reconnect_options.cpp,reconnect_stop_on_refused,136,137,HANDWRITTEN_CPP,False,CPP_UNVERIFIED,D_BOUNDARY,external/runtime/raw-pointer boundary
tests/test_reconnect_options.cpp,reconnect_stop_on_handshake_failed,198,199,HANDWRITTEN_CPP,False,CPP_UNVERIFIED,D_BOUNDARY,external/runtime/raw-pointer boundary
tests/test_reconnect_options.cpp,reconnect_stop_after_disconnect,251,252,HANDWRITTEN_CPP,False,CPP_UNVERIFIED,D_BOUNDARY,external/runtime/raw-pointer boundary
tests/test_reconnect_options.cpp,setUp,288,290,HANDWRITTEN_CPP,False,CPP_UNVERIFIED,B_DIRECT_MIGRATION,ordinary C++ control/data-flow without detected boundary
tests/test_reconnect_options.cpp,tearDown,293,295,HANDWRITTEN_CPP,False,CPP_UNVERIFIED,B_DIRECT_MIGRATION,ordinary C++ control/data-flow without detected boundary
tests/test_reconnect_options.cpp,main,298,300,HANDWRITTEN_CPP,False,CPP_UNVERIFIED,B_DIRECT_MIGRATION,ordinary C++ control/data-flow without detected boundary
tests/test_req_correlate.cpp,test_req_correlate,5,9,HANDWRITTEN_CPP,False,CPP_UNVERIFIED,D_BOUNDARY,external/runtime/raw-pointer boundary
tests/test_req_correlate.cpp,main,85,87,HANDWRITTEN_CPP,False,CPP_UNVERIFIED,B_DIRECT_MIGRATION,ordinary C++ control/data-flow without detected boundary
tests/test_req_relaxed.cpp,setUp,12,14,HANDWRITTEN_CPP,False,CPP_UNVERIFIED,B_DIRECT_MIGRATION,ordinary C++ control/data-flow without detected boundary
tests/test_req_relaxed.cpp,tearDown,40,42,HANDWRITTEN_CPP,False,CPP_UNVERIFIED,B_DIRECT_MIGRATION,ordinary C++ control/data-flow without detected boundary
tests/test_req_relaxed.cpp,bounce,49,51,HANDWRITTEN_CPP,False,CPP_UNVERIFIED,B_DIRECT_MIGRATION,ordinary C++ control/data-flow without detected boundary
tests/test_req_relaxed.cpp,get_events,72,74,HANDWRITTEN_CPP,False,CPP_UNVERIFIED,B_DIRECT_MIGRATION,ordinary C++ control/data-flow without detected boundary
tests/test_req_relaxed.cpp,test_case_1,81,83,HANDWRITTEN_CPP,False,CPP_UNVERIFIED,B_DIRECT_MIGRATION,ordinary C++ control/data-flow without detected boundary
tests/test_req_relaxed.cpp,test_case_2,116,118,HANDWRITTEN_CPP,False,CPP_UNVERIFIED,B_DIRECT_MIGRATION,ordinary C++ control/data-flow without detected boundary
tests/test_req_relaxed.cpp,test_case_3,140,142,HANDWRITTEN_CPP,False,CPP_UNVERIFIED,D_BOUNDARY,external/runtime/raw-pointer boundary
tests/test_req_relaxed.cpp,test_case_4,154,156,HANDWRITTEN_CPP,False,CPP_UNVERIFIED,D_BOUNDARY,external/runtime/raw-pointer boundary
tests/test_req_relaxed.cpp,main,195,197,HANDWRITTEN_CPP,False,CPP_UNVERIFIED,B_DIRECT_MIGRATION,ordinary C++ control/data-flow without detected boundary
tests/test_reqrep_device.cpp,test_roundtrip,5,9,HANDWRITTEN_CPP,False,CPP_UNVERIFIED,D_BOUNDARY,external/runtime/raw-pointer boundary
tests/test_reqrep_device.cpp,main,90,92,HANDWRITTEN_CPP,False,CPP_UNVERIFIED,B_DIRECT_MIGRATION,ordinary C++ control/data-flow without detected boundary
tests/test_reqrep_device_tipc.cpp,test_roundtrip,9,10,HANDWRITTEN_CPP,False,CPP_UNVERIFIED,D_BOUNDARY,external/runtime/raw-pointer boundary
tests/test_reqrep_device_tipc.cpp,main,87,89,HANDWRITTEN_CPP,False,CPP_UNVERIFIED,B_DIRECT_MIGRATION,ordinary C++ control/data-flow without detected boundary
tests/test_reqrep_inproc.cpp,test_roundtrip,5,9,HANDWRITTEN_CPP,False,CPP_UNVERIFIED,D_BOUNDARY,external/runtime/raw-pointer boundary
tests/test_reqrep_inproc.cpp,main,21,23,HANDWRITTEN_CPP,False,CPP_UNVERIFIED,B_DIRECT_MIGRATION,ordinary C++ control/data-flow without detected boundary
tests/test_reqrep_ipc.cpp,test_leak,7,11,HANDWRITTEN_CPP,False,CPP_UNVERIFIED,D_BOUNDARY,external/runtime/raw-pointer boundary
tests/test_reqrep_ipc.cpp,test_simple,34,36,HANDWRITTEN_CPP,False,CPP_UNVERIFIED,D_BOUNDARY,external/runtime/raw-pointer boundary
tests/test_reqrep_ipc.cpp,main,50,52,HANDWRITTEN_CPP,False,CPP_UNVERIFIED,B_DIRECT_MIGRATION,ordinary C++ control/data-flow without detected boundary
tests/test_reqrep_tcp.cpp,test_single_connect,7,11,HANDWRITTEN_CPP,False,CPP_UNVERIFIED,D_BOUNDARY,external/runtime/raw-pointer boundary
tests/test_reqrep_tcp.cpp,make_connect_address,36,41,HANDWRITTEN_CPP,False,CPP_UNVERIFIED,B_DIRECT_MIGRATION,ordinary C++ control/data-flow without detected boundary
tests/test_reqrep_tcp.cpp,test_multi_connect,49,51,HANDWRITTEN_CPP,False,CPP_UNVERIFIED,D_BOUNDARY,external/runtime/raw-pointer boundary
tests/test_reqrep_tcp.cpp,test_multi_connect_same_port,98,100,HANDWRITTEN_CPP,False,CPP_UNVERIFIED,D_BOUNDARY,external/runtime/raw-pointer boundary
tests/test_reqrep_tcp.cpp,test_single_connect_ipv4,153,155,HANDWRITTEN_CPP,False,CPP_UNVERIFIED,B_DIRECT_MIGRATION,ordinary C++ control/data-flow without detected boundary
tests/test_reqrep_tcp.cpp,test_multi_connect_ipv4,158,160,HANDWRITTEN_CPP,False,CPP_UNVERIFIED,B_DIRECT_MIGRATION,ordinary C++ control/data-flow without detected boundary
tests/test_reqrep_tcp.cpp,test_multi_connect_same_port_ipv4,163,165,HANDWRITTEN_CPP,False,CPP_UNVERIFIED,B_DIRECT_MIGRATION,ordinary C++ control/data-flow without detected boundary
tests/test_reqrep_tcp.cpp,test_single_connect_ipv6,168,170,HANDWRITTEN_CPP,False,CPP_UNVERIFIED,B_DIRECT_MIGRATION,ordinary C++ control/data-flow without detected boundary
tests/test_reqrep_tcp.cpp,test_multi_connect_ipv6,173,175,HANDWRITTEN_CPP,False,CPP_UNVERIFIED,B_DIRECT_MIGRATION,ordinary C++ control/data-flow without detected boundary
tests/test_reqrep_tcp.cpp,test_multi_connect_same_port_ipv6,178,180,HANDWRITTEN_CPP,False,CPP_UNVERIFIED,B_DIRECT_MIGRATION,ordinary C++ control/data-flow without detected boundary
tests/test_reqrep_tcp.cpp,main,183,185,HANDWRITTEN_CPP,False,CPP_UNVERIFIED,B_DIRECT_MIGRATION,ordinary C++ control/data-flow without detected boundary
tests/test_reqrep_tipc.cpp,test_roundtrip,5,9,HANDWRITTEN_CPP,False,CPP_UNVERIFIED,D_BOUNDARY,external/runtime/raw-pointer boundary
tests/test_reqrep_tipc.cpp,main,21,23,HANDWRITTEN_CPP,False,CPP_UNVERIFIED,B_DIRECT_MIGRATION,ordinary C++ control/data-flow without detected boundary
tests/test_reqrep_vmci.cpp,test_reqrep_vmci,9,13,HANDWRITTEN_CPP,False,CPP_UNVERIFIED,D_BOUNDARY,external/runtime/raw-pointer boundary
tests/test_reqrep_vmci.cpp,main,35,37,HANDWRITTEN_CPP,False,CPP_UNVERIFIED,B_DIRECT_MIGRATION,ordinary C++ control/data-flow without detected boundary
tests/test_reqrep_vsock.cpp,test_reqrep_vsock,12,16,HANDWRITTEN_CPP,False,CPP_UNVERIFIED,B_DIRECT_MIGRATION,ordinary C++ control/data-flow without detected boundary
tests/test_reqrep_vsock.cpp,test_reqrep_vsock_loopback,56,58,HANDWRITTEN_CPP,False,CPP_UNVERIFIED,B_DIRECT_MIGRATION,ordinary C++ control/data-flow without detected boundary
tests/test_reqrep_vsock.cpp,test_reqrep_vsock_wildcard,87,89,HANDWRITTEN_CPP,False,CPP_UNVERIFIED,B_DIRECT_MIGRATION,ordinary C++ control/data-flow without detected boundary
tests/test_reqrep_vsock.cpp,main,117,119,HANDWRITTEN_CPP,False,CPP_UNVERIFIED,B_DIRECT_MIGRATION,ordinary C++ control/data-flow without detected boundary
tests/test_router_handover.cpp,test_with_handover,5,9,HANDWRITTEN_CPP,False,CPP_UNVERIFIED,D_BOUNDARY,external/runtime/raw-pointer boundary
tests/test_router_handover.cpp,test_without_handover,62,64,HANDWRITTEN_CPP,False,CPP_UNVERIFIED,D_BOUNDARY,external/runtime/raw-pointer boundary
tests/test_router_handover.cpp,main,119,121,HANDWRITTEN_CPP,False,CPP_UNVERIFIED,B_DIRECT_MIGRATION,ordinary C++ control/data-flow without detected boundary
tests/test_router_mandatory.cpp,send_msg_to_peer_if_ready,11,12,HANDWRITTEN_CPP,False,CPP_UNVERIFIED,B_DIRECT_MIGRATION,ordinary C++ control/data-flow without detected boundary
tests/test_router_mandatory.cpp,test_get_peer_state,26,28,HANDWRITTEN_CPP,False,CPP_UNVERIFIED,D_BOUNDARY,external/runtime/raw-pointer boundary
tests/test_router_mandatory.cpp,test_get_peer_state_corner_cases,126,128,HANDWRITTEN_CPP,False,CPP_UNVERIFIED,D_BOUNDARY,external/runtime/raw-pointer boundary
tests/test_router_mandatory.cpp,test_basic,157,159,HANDWRITTEN_CPP,False,CPP_UNVERIFIED,D_BOUNDARY,external/runtime/raw-pointer boundary
tests/test_router_mandatory.cpp,main,195,197,HANDWRITTEN_CPP,False,CPP_UNVERIFIED,B_DIRECT_MIGRATION,ordinary C++ control/data-flow without detected boundary
tests/test_router_mandatory_hwm.cpp,test_router_mandatory_hwm,14,16,HANDWRITTEN_CPP,False,CPP_UNVERIFIED,D_BOUNDARY,external/runtime/raw-pointer boundary
tests/test_router_mandatory_hwm.cpp,main,85,87,HANDWRITTEN_CPP,False,CPP_UNVERIFIED,B_DIRECT_MIGRATION,ordinary C++ control/data-flow without detected boundary
tests/test_router_mandatory_tipc.cpp,test_router_mandatory_tipc,7,11,HANDWRITTEN_CPP,False,CPP_UNVERIFIED,B_DIRECT_MIGRATION,ordinary C++ control/data-flow without detected boundary
tests/test_router_mandatory_tipc.cpp,main,37,39,HANDWRITTEN_CPP,False,CPP_UNVERIFIED,B_DIRECT_MIGRATION,ordinary C++ control/data-flow without detected boundary
tests/test_router_notify.cpp,test_sockopt_router_notify,7,11,HANDWRITTEN_CPP,False,CPP_UNVERIFIED,D_BOUNDARY,external/runtime/raw-pointer boundary
tests/test_router_notify.cpp,test_router_notify_helper,110,113,HANDWRITTEN_CPP,False,CPP_UNVERIFIED,D_BOUNDARY,external/runtime/raw-pointer boundary
tests/test_router_notify.cpp,test_router_notify_connect,177,180,HANDWRITTEN_CPP,False,CPP_UNVERIFIED,B_DIRECT_MIGRATION,ordinary C++ control/data-flow without detected boundary
tests/test_router_notify.cpp,test_router_notify_disconnect,183,186,HANDWRITTEN_CPP,False,CPP_UNVERIFIED,B_DIRECT_MIGRATION,ordinary C++ control/data-flow without detected boundary
tests/test_router_notify.cpp,test_router_notify_both,189,192,HANDWRITTEN_CPP,False,CPP_UNVERIFIED,B_DIRECT_MIGRATION,ordinary C++ control/data-flow without detected boundary
tests/test_router_notify.cpp,test_handshake_fail,195,198,HANDWRITTEN_CPP,False,CPP_UNVERIFIED,D_BOUNDARY,external/runtime/raw-pointer boundary
tests/test_router_notify.cpp,test_error_during_multipart,230,233,HANDWRITTEN_CPP,False,CPP_UNVERIFIED,B_DIRECT_MIGRATION,ordinary C++ control/data-flow without detected boundary
tests/test_router_notify.cpp,main,280,283,HANDWRITTEN_CPP,False,CPP_UNVERIFIED,B_DIRECT_MIGRATION,ordinary C++ control/data-flow without detected boundary
tests/test_scatter_gather.cpp,test_scatter_gather_multipart_fails,5,9,HANDWRITTEN_CPP,False,CPP_UNVERIFIED,D_BOUNDARY,external/runtime/raw-pointer boundary
tests/test_scatter_gather.cpp,test_scatter_gather,26,28,HANDWRITTEN_CPP,False,CPP_UNVERIFIED,D_BOUNDARY,external/runtime/raw-pointer boundary
tests/test_scatter_gather.cpp,main,52,54,HANDWRITTEN_CPP,False,CPP_UNVERIFIED,B_DIRECT_MIGRATION,ordinary C++ control/data-flow without detected boundary
tests/test_security_curve.cpp,setUp,32,34,HANDWRITTEN_CPP,False,CPP_UNVERIFIED,B_DIRECT_MIGRATION,ordinary C++ control/data-flow without detected boundary
tests/test_security_curve.cpp,tearDown,39,41,HANDWRITTEN_CPP,False,CPP_UNVERIFIED,B_DIRECT_MIGRATION,ordinary C++ control/data-flow without detected boundary
tests/test_security_curve.cpp,zap_handler_large_routing_id,55,57,HANDWRITTEN_CPP,False,CPP_UNVERIFIED,B_DIRECT_MIGRATION,ordinary C++ control/data-flow without detected boundary
tests/test_security_curve.cpp,expect_new_client_curve_bounce_fail,60,69,HANDWRITTEN_CPP,False,CPP_UNVERIFIED,B_DIRECT_MIGRATION,ordinary C++ control/data-flow without detected boundary
tests/test_security_curve.cpp,test_null_key,76,83,HANDWRITTEN_CPP,False,CPP_UNVERIFIED,B_DIRECT_MIGRATION,ordinary C++ control/data-flow without detected boundary
tests/test_security_curve.cpp,test_curve_security_with_valid_credentials,104,106,HANDWRITTEN_CPP,False,CPP_UNVERIFIED,B_DIRECT_MIGRATION,ordinary C++ control/data-flow without detected boundary
tests/test_security_curve.cpp,test_curve_security_with_bogus_client_credentials,127,129,HANDWRITTEN_CPP,False,CPP_UNVERIFIED,B_DIRECT_MIGRATION,ordinary C++ control/data-flow without detected boundary
tests/test_security_curve.cpp,expect_zmtp_mechanism_mismatch,148,153,HANDWRITTEN_CPP,False,CPP_UNVERIFIED,B_DIRECT_MIGRATION,ordinary C++ control/data-flow without detected boundary
tests/test_security_curve.cpp,test_curve_security_with_null_client_credentials,165,167,HANDWRITTEN_CPP,False,CPP_UNVERIFIED,D_BOUNDARY,external/runtime/raw-pointer boundary
tests/test_security_curve.cpp,test_curve_security_with_plain_client_credentials,172,174,HANDWRITTEN_CPP,False,CPP_UNVERIFIED,D_BOUNDARY,external/runtime/raw-pointer boundary
tests/test_security_curve.cpp,test_curve_security_unauthenticated_message,183,185,HANDWRITTEN_CPP,False,CPP_UNVERIFIED,D_BOUNDARY,external/runtime/raw-pointer boundary
tests/test_security_curve.cpp,send_all,198,200,HANDWRITTEN_CPP,False,CPP_UNVERIFIED,B_DIRECT_MIGRATION,ordinary C++ control/data-flow without detected boundary
tests/test_security_curve.cpp,send,208,210,HANDWRITTEN_CPP,False,CPP_UNVERIFIED,B_DIRECT_MIGRATION,ordinary C++ control/data-flow without detected boundary
tests/test_security_curve.cpp,send,213,215,HANDWRITTEN_CPP,False,CPP_UNVERIFIED,D_BOUNDARY,external/runtime/raw-pointer boundary
tests/test_security_curve.cpp,test_curve_security_invalid_hello_wrong_length,218,220,HANDWRITTEN_CPP,False,CPP_UNVERIFIED,D_BOUNDARY,external/runtime/raw-pointer boundary
tests/test_security_curve.cpp,make_curve_client_tools,237,239,HANDWRITTEN_CPP,False,CPP_UNVERIFIED,B_DIRECT_MIGRATION,ordinary C++ control/data-flow without detected boundary
tests/test_security_curve.cpp,host_to_network,255,256,HANDWRITTEN_CPP,False,CPP_UNVERIFIED,D_BOUNDARY,external/runtime/raw-pointer boundary
tests/test_security_curve.cpp,send_command,270,272,HANDWRITTEN_CPP,False,CPP_UNVERIFIED,B_DIRECT_MIGRATION,ordinary C++ control/data-flow without detected boundary
tests/test_security_curve.cpp,test_curve_security_invalid_hello_command_name,284,286,HANDWRITTEN_CPP,False,CPP_UNVERIFIED,D_BOUNDARY,external/runtime/raw-pointer boundary
tests/test_security_curve.cpp,test_curve_security_invalid_hello_version,306,308,HANDWRITTEN_CPP,False,CPP_UNVERIFIED,D_BOUNDARY,external/runtime/raw-pointer boundary
tests/test_security_curve.cpp,flush_read,328,330,HANDWRITTEN_CPP,False,CPP_UNVERIFIED,B_DIRECT_MIGRATION,ordinary C++ control/data-flow without detected boundary
tests/test_security_curve.cpp,recv_all,338,340,HANDWRITTEN_CPP,False,CPP_UNVERIFIED,D_BOUNDARY,external/runtime/raw-pointer boundary
tests/test_security_curve.cpp,recv_greeting,350,352,HANDWRITTEN_CPP,False,CPP_UNVERIFIED,B_DIRECT_MIGRATION,ordinary C++ control/data-flow without detected boundary
tests/test_security_curve.cpp,connect_exchange_greeting_and_send_hello,357,360,HANDWRITTEN_CPP,False,CPP_UNVERIFIED,B_DIRECT_MIGRATION,ordinary C++ control/data-flow without detected boundary
tests/test_security_curve.cpp,test_curve_security_invalid_initiate_wrong_length,373,375,HANDWRITTEN_CPP,False,CPP_UNVERIFIED,D_BOUNDARY,external/runtime/raw-pointer boundary
tests/test_security_curve.cpp,connect_exchange_greeting_and_hello_welcome,394,400,HANDWRITTEN_CPP,False,CPP_UNVERIFIED,B_DIRECT_MIGRATION,ordinary C++ control/data-flow without detected boundary
tests/test_security_curve.cpp,test_curve_security_invalid_initiate_command_name,417,419,HANDWRITTEN_CPP,False,CPP_UNVERIFIED,D_BOUNDARY,external/runtime/raw-pointer boundary
tests/test_security_curve.cpp,test_curve_security_invalid_initiate_command_encrypted_cookie,437,439,HANDWRITTEN_CPP,False,CPP_UNVERIFIED,D_BOUNDARY,external/runtime/raw-pointer boundary
tests/test_security_curve.cpp,test_curve_security_invalid_initiate_command_encrypted_content,457,459,HANDWRITTEN_CPP,False,CPP_UNVERIFIED,D_BOUNDARY,external/runtime/raw-pointer boundary
tests/test_security_curve.cpp,test_curve_security_invalid_keysize,477,479,HANDWRITTEN_CPP,False,CPP_UNVERIFIED,D_BOUNDARY,external/runtime/raw-pointer boundary
tests/test_security_curve.cpp,test_null_server_key,498,500,HANDWRITTEN_CPP,False,CPP_UNVERIFIED,B_DIRECT_MIGRATION,ordinary C++ control/data-flow without detected boundary
tests/test_security_curve.cpp,test_null_client_public_key,506,508,HANDWRITTEN_CPP,False,CPP_UNVERIFIED,B_DIRECT_MIGRATION,ordinary C++ control/data-flow without detected boundary
tests/test_security_curve.cpp,test_null_client_secret_key,514,516,HANDWRITTEN_CPP,False,CPP_UNVERIFIED,B_DIRECT_MIGRATION,ordinary C++ control/data-flow without detected boundary
tests/test_security_curve.cpp,main,522,525,HANDWRITTEN_CPP,False,CPP_UNVERIFIED,B_DIRECT_MIGRATION,ordinary C++ control/data-flow without detected boundary
tests/test_security_gssapi.cpp,zap_handler,29,31,HANDWRITTEN_CPP,False,CPP_UNVERIFIED,D_BOUNDARY,external/runtime/raw-pointer boundary
tests/test_security_gssapi.cpp,check_krb_available,79,81,HANDWRITTEN_CPP,False,CPP_UNVERIFIED,B_DIRECT_MIGRATION,ordinary C++ control/data-flow without detected boundary
tests/test_security_gssapi.cpp,setUp,86,88,HANDWRITTEN_CPP,False,CPP_UNVERIFIED,D_BOUNDARY,external/runtime/raw-pointer boundary
tests/test_security_gssapi.cpp,tearDown,129,131,HANDWRITTEN_CPP,False,CPP_UNVERIFIED,B_DIRECT_MIGRATION,ordinary C++ control/data-flow without detected boundary
tests/test_security_gssapi.cpp,setup_gssapi_client_socket,143,145,HANDWRITTEN_CPP,False,CPP_UNVERIFIED,B_DIRECT_MIGRATION,ordinary C++ control/data-flow without detected boundary
tests/test_security_gssapi.cpp,test_pubsub_subscription,159,160,HANDWRITTEN_CPP,False,CPP_UNVERIFIED,D_BOUNDARY,external/runtime/raw-pointer boundary
tests/test_security_gssapi.cpp,test_pubsub_subscription_after_reconnect,204,205,HANDWRITTEN_CPP,False,CPP_UNVERIFIED,D_BOUNDARY,external/runtime/raw-pointer boundary
tests/test_security_gssapi.cpp,test_valid_creds,266,268,HANDWRITTEN_CPP,False,CPP_UNVERIFIED,D_BOUNDARY,external/runtime/raw-pointer boundary
tests/test_security_gssapi.cpp,test_unauth_creds,289,290,HANDWRITTEN_CPP,False,CPP_UNVERIFIED,D_BOUNDARY,external/runtime/raw-pointer boundary
tests/test_security_gssapi.cpp,test_null_creds,311,312,HANDWRITTEN_CPP,False,CPP_UNVERIFIED,D_BOUNDARY,external/runtime/raw-pointer boundary
tests/test_security_gssapi.cpp,test_plain_creds,326,327,HANDWRITTEN_CPP,False,CPP_UNVERIFIED,D_BOUNDARY,external/runtime/raw-pointer boundary
tests/test_security_gssapi.cpp,test_vanilla_socket,339,340,HANDWRITTEN_CPP,False,CPP_UNVERIFIED,D_BOUNDARY,external/runtime/raw-pointer boundary
tests/test_security_gssapi.cpp,main,355,357,HANDWRITTEN_CPP,False,CPP_UNVERIFIED,B_DIRECT_MIGRATION,ordinary C++ control/data-flow without detected boundary
tests/test_security_no_zap_handler.cpp,test_no_zap_handler,5,9,HANDWRITTEN_CPP,False,CPP_UNVERIFIED,D_BOUNDARY,external/runtime/raw-pointer boundary
tests/test_security_no_zap_handler.cpp,test_no_zap_handler_enforce_domain,24,26,HANDWRITTEN_CPP,False,CPP_UNVERIFIED,D_BOUNDARY,external/runtime/raw-pointer boundary
tests/test_security_no_zap_handler.cpp,main,46,48,HANDWRITTEN_CPP,False,CPP_UNVERIFIED,B_DIRECT_MIGRATION,ordinary C++ control/data-flow without detected boundary
tests/test_security_null.cpp,zap_handler,19,21,HANDWRITTEN_CPP,False,CPP_UNVERIFIED,D_BOUNDARY,external/runtime/raw-pointer boundary
tests/test_security_null.cpp,setup_zap_handler,61,63,HANDWRITTEN_CPP,False,CPP_UNVERIFIED,D_BOUNDARY,external/runtime/raw-pointer boundary
tests/test_security_null.cpp,teardown_zap_handler,71,73,HANDWRITTEN_CPP,False,CPP_UNVERIFIED,B_DIRECT_MIGRATION,ordinary C++ control/data-flow without detected boundary
tests/test_security_null.cpp,setUp,77,79,HANDWRITTEN_CPP,False,CPP_UNVERIFIED,B_DIRECT_MIGRATION,ordinary C++ control/data-flow without detected boundary
tests/test_security_null.cpp,tearDown,83,85,HANDWRITTEN_CPP,False,CPP_UNVERIFIED,B_DIRECT_MIGRATION,ordinary C++ control/data-flow without detected boundary
tests/test_security_null.cpp,test_no_domain,89,91,HANDWRITTEN_CPP,False,CPP_UNVERIFIED,D_BOUNDARY,external/runtime/raw-pointer boundary
tests/test_security_null.cpp,test_wrong_domain_fails,103,105,HANDWRITTEN_CPP,False,CPP_UNVERIFIED,D_BOUNDARY,external/runtime/raw-pointer boundary
tests/test_security_null.cpp,test_success,120,122,HANDWRITTEN_CPP,False,CPP_UNVERIFIED,D_BOUNDARY,external/runtime/raw-pointer boundary
tests/test_security_null.cpp,test_vanilla_socket,135,137,HANDWRITTEN_CPP,False,CPP_UNVERIFIED,D_BOUNDARY,external/runtime/raw-pointer boundary
tests/test_security_null.cpp,main,161,163,HANDWRITTEN_CPP,False,CPP_UNVERIFIED,B_DIRECT_MIGRATION,ordinary C++ control/data-flow without detected boundary
tests/test_security_plain.cpp,zap_handler,8,10,HANDWRITTEN_CPP,False,CPP_UNVERIFIED,D_BOUNDARY,external/runtime/raw-pointer boundary
tests/test_security_plain.cpp,setup_zap_handler,57,59,HANDWRITTEN_CPP,False,CPP_UNVERIFIED,D_BOUNDARY,external/runtime/raw-pointer boundary
tests/test_security_plain.cpp,teardown_zap_handler,67,69,HANDWRITTEN_CPP,False,CPP_UNVERIFIED,B_DIRECT_MIGRATION,ordinary C++ control/data-flow without detected boundary
tests/test_security_plain.cpp,setup_server,77,79,HANDWRITTEN_CPP,False,CPP_UNVERIFIED,B_DIRECT_MIGRATION,ordinary C++ control/data-flow without detected boundary
tests/test_security_plain.cpp,teardown_server,91,93,HANDWRITTEN_CPP,False,CPP_UNVERIFIED,B_DIRECT_MIGRATION,ordinary C++ control/data-flow without detected boundary
tests/test_security_plain.cpp,setUp,96,98,HANDWRITTEN_CPP,False,CPP_UNVERIFIED,B_DIRECT_MIGRATION,ordinary C++ control/data-flow without detected boundary
tests/test_security_plain.cpp,tearDown,103,105,HANDWRITTEN_CPP,False,CPP_UNVERIFIED,B_DIRECT_MIGRATION,ordinary C++ control/data-flow without detected boundary
tests/test_security_plain.cpp,test_plain_success,110,112,HANDWRITTEN_CPP,False,CPP_UNVERIFIED,D_BOUNDARY,external/runtime/raw-pointer boundary
tests/test_security_plain.cpp,test_plain_client_as_server_fails,125,127,HANDWRITTEN_CPP,False,CPP_UNVERIFIED,D_BOUNDARY,external/runtime/raw-pointer boundary
tests/test_security_plain.cpp,test_plain_wrong_credentials_fails,140,142,HANDWRITTEN_CPP,False,CPP_UNVERIFIED,D_BOUNDARY,external/runtime/raw-pointer boundary
tests/test_security_plain.cpp,test_plain_vanilla_socket,155,157,HANDWRITTEN_CPP,False,CPP_UNVERIFIED,D_BOUNDARY,external/runtime/raw-pointer boundary
tests/test_security_plain.cpp,main,173,175,HANDWRITTEN_CPP,False,CPP_UNVERIFIED,B_DIRECT_MIGRATION,ordinary C++ control/data-flow without detected boundary
tests/test_security_zap.cpp,zap_handler_wrong_version,5,9,HANDWRITTEN_CPP,False,CPP_UNVERIFIED,B_DIRECT_MIGRATION,ordinary C++ control/data-flow without detected boundary
tests/test_security_zap.cpp,zap_handler_wrong_request_id,12,14,HANDWRITTEN_CPP,False,CPP_UNVERIFIED,B_DIRECT_MIGRATION,ordinary C++ control/data-flow without detected boundary
tests/test_security_zap.cpp,zap_handler_wrong_status_invalid,17,19,HANDWRITTEN_CPP,False,CPP_UNVERIFIED,B_DIRECT_MIGRATION,ordinary C++ control/data-flow without detected boundary
tests/test_security_zap.cpp,zap_handler_wrong_status_temporary_failure,22,24,HANDWRITTEN_CPP,False,CPP_UNVERIFIED,B_DIRECT_MIGRATION,ordinary C++ control/data-flow without detected boundary
tests/test_security_zap.cpp,zap_handler_wrong_status_internal_error,27,29,HANDWRITTEN_CPP,False,CPP_UNVERIFIED,B_DIRECT_MIGRATION,ordinary C++ control/data-flow without detected boundary
tests/test_security_zap.cpp,zap_handler_too_many_parts,32,34,HANDWRITTEN_CPP,False,CPP_UNVERIFIED,B_DIRECT_MIGRATION,ordinary C++ control/data-flow without detected boundary
tests/test_security_zap.cpp,zap_handler_disconnect,37,39,HANDWRITTEN_CPP,False,CPP_UNVERIFIED,B_DIRECT_MIGRATION,ordinary C++ control/data-flow without detected boundary
tests/test_security_zap.cpp,zap_handler_do_not_recv,42,44,HANDWRITTEN_CPP,False,CPP_UNVERIFIED,B_DIRECT_MIGRATION,ordinary C++ control/data-flow without detected boundary
tests/test_security_zap.cpp,zap_handler_do_not_send,47,49,HANDWRITTEN_CPP,False,CPP_UNVERIFIED,B_DIRECT_MIGRATION,ordinary C++ control/data-flow without detected boundary
tests/test_security_zap.cpp,expect_new_client_bounce_fail_and_count_monitor_events,52,64,HANDWRITTEN_CPP,False,CPP_UNVERIFIED,B_DIRECT_MIGRATION,ordinary C++ control/data-flow without detected boundary
tests/test_security_zap.cpp,test_zap_unsuccessful,75,86,HANDWRITTEN_CPP,False,CPP_UNVERIFIED,B_DIRECT_MIGRATION,ordinary C++ control/data-flow without detected boundary
tests/test_security_zap.cpp,test_zap_unsuccessful_no_handler,98,107,HANDWRITTEN_CPP,False,CPP_UNVERIFIED,B_DIRECT_MIGRATION,ordinary C++ control/data-flow without detected boundary
tests/test_security_zap.cpp,test_zap_protocol_error,117,124,HANDWRITTEN_CPP,False,CPP_UNVERIFIED,B_DIRECT_MIGRATION,ordinary C++ control/data-flow without detected boundary
tests/test_security_zap.cpp,test_zap_unsuccessful_status_300,129,135,HANDWRITTEN_CPP,False,CPP_UNVERIFIED,D_BOUNDARY,external/runtime/raw-pointer boundary
tests/test_security_zap.cpp,test_zap_unsuccessful_status_500,146,152,HANDWRITTEN_CPP,False,CPP_UNVERIFIED,B_DIRECT_MIGRATION,ordinary C++ control/data-flow without detected boundary
tests/test_security_zap.cpp,test_zap_protocol_error_closure,158,166,HANDWRITTEN_CPP,False,CPP_UNVERIFIED,D_BOUNDARY,external/runtime/raw-pointer boundary
tests/test_security_zap.cpp,test_zap_protocol_error_wrong_version,178,184,HANDWRITTEN_CPP,False,CPP_UNVERIFIED,B_DIRECT_MIGRATION,ordinary C++ control/data-flow without detected boundary
tests/test_security_zap.cpp,test_zap_protocol_error_wrong_request_id,190,196,HANDWRITTEN_CPP,False,CPP_UNVERIFIED,B_DIRECT_MIGRATION,ordinary C++ control/data-flow without detected boundary
tests/test_security_zap.cpp,test_zap_protocol_error_wrong_status_invalid,202,208,HANDWRITTEN_CPP,False,CPP_UNVERIFIED,B_DIRECT_MIGRATION,ordinary C++ control/data-flow without detected boundary
tests/test_security_zap.cpp,test_zap_protocol_error_too_many_parts,214,220,HANDWRITTEN_CPP,False,CPP_UNVERIFIED,B_DIRECT_MIGRATION,ordinary C++ control/data-flow without detected boundary
tests/test_security_zap.cpp,test_zap_wrong_status_temporary_failure,229,235,HANDWRITTEN_CPP,False,CPP_UNVERIFIED,D_BOUNDARY,external/runtime/raw-pointer boundary
tests/test_security_zap.cpp,test_zap_wrong_status_internal_error,247,252,HANDWRITTEN_CPP,False,CPP_UNVERIFIED,D_BOUNDARY,external/runtime/raw-pointer boundary
tests/test_security_zap.cpp,test_zap_unsuccesful_no_handler_started,263,269,HANDWRITTEN_CPP,False,CPP_UNVERIFIED,D_BOUNDARY,external/runtime/raw-pointer boundary
tests/test_security_zap.cpp,test_zap_unsuccesful_no_handler_closure,287,294,HANDWRITTEN_CPP,False,CPP_UNVERIFIED,D_BOUNDARY,external/runtime/raw-pointer boundary
tests/test_security_zap.cpp,test_zap_unsuccesful_disconnect,306,311,HANDWRITTEN_CPP,False,CPP_UNVERIFIED,B_DIRECT_MIGRATION,ordinary C++ control/data-flow without detected boundary
tests/test_security_zap.cpp,test_zap_unsuccesful_do_not_recv,316,321,HANDWRITTEN_CPP,False,CPP_UNVERIFIED,B_DIRECT_MIGRATION,ordinary C++ control/data-flow without detected boundary
tests/test_security_zap.cpp,test_zap_unsuccesful_do_not_send,326,331,HANDWRITTEN_CPP,False,CPP_UNVERIFIED,B_DIRECT_MIGRATION,ordinary C++ control/data-flow without detected boundary
tests/test_security_zap.cpp,main,429,431,HANDWRITTEN_CPP,False,CPP_UNVERIFIED,B_DIRECT_MIGRATION,ordinary C++ control/data-flow without detected boundary
tests/test_setsockopt.cpp,test_setsockopt_tcp_recv_buffer,7,11,HANDWRITTEN_CPP,False,CPP_UNVERIFIED,D_BOUNDARY,external/runtime/raw-pointer boundary
tests/test_setsockopt.cpp,test_setsockopt_tcp_send_buffer,33,35,HANDWRITTEN_CPP,False,CPP_UNVERIFIED,D_BOUNDARY,external/runtime/raw-pointer boundary
tests/test_setsockopt.cpp,test_setsockopt_use_fd,57,59,HANDWRITTEN_CPP,False,CPP_UNVERIFIED,D_BOUNDARY,external/runtime/raw-pointer boundary
tests/test_setsockopt.cpp,test_setsockopt_bindtodevice,83,84,HANDWRITTEN_CPP,False,CPP_UNVERIFIED,D_BOUNDARY,external/runtime/raw-pointer boundary
tests/test_setsockopt.cpp,test_setsockopt_priority,112,114,HANDWRITTEN_CPP,False,CPP_UNVERIFIED,D_BOUNDARY,external/runtime/raw-pointer boundary
tests/test_setsockopt.cpp,main,146,148,HANDWRITTEN_CPP,False,CPP_UNVERIFIED,B_DIRECT_MIGRATION,ordinary C++ control/data-flow without detected boundary
tests/test_shutdown_stress.cpp,setUp,5,7,HANDWRITTEN_CPP,False,CPP_UNVERIFIED,B_DIRECT_MIGRATION,ordinary C++ control/data-flow without detected boundary
tests/test_shutdown_stress.cpp,tearDown,9,11,HANDWRITTEN_CPP,False,CPP_UNVERIFIED,B_DIRECT_MIGRATION,ordinary C++ control/data-flow without detected boundary
tests/test_shutdown_stress.cpp,worker,22,23,HANDWRITTEN_CPP,False,CPP_UNVERIFIED,D_BOUNDARY,external/runtime/raw-pointer boundary
tests/test_shutdown_stress.cpp,test_shutdown_stress,34,36,HANDWRITTEN_CPP,False,CPP_UNVERIFIED,D_BOUNDARY,external/runtime/raw-pointer boundary
tests/test_shutdown_stress.cpp,main,62,64,HANDWRITTEN_CPP,False,CPP_UNVERIFIED,B_DIRECT_MIGRATION,ordinary C++ control/data-flow without detected boundary
tests/test_shutdown_stress_tipc.cpp,setUp,7,9,HANDWRITTEN_CPP,False,CPP_UNVERIFIED,B_DIRECT_MIGRATION,ordinary C++ control/data-flow without detected boundary
tests/test_shutdown_stress_tipc.cpp,tearDown,11,13,HANDWRITTEN_CPP,False,CPP_UNVERIFIED,B_DIRECT_MIGRATION,ordinary C++ control/data-flow without detected boundary
tests/test_shutdown_stress_tipc.cpp,test_shutdown_stress_tipc,30,32,HANDWRITTEN_CPP,False,CPP_UNVERIFIED,D_BOUNDARY,external/runtime/raw-pointer boundary
tests/test_shutdown_stress_tipc.cpp,main,61,63,HANDWRITTEN_CPP,False,CPP_UNVERIFIED,B_DIRECT_MIGRATION,ordinary C++ control/data-flow without detected boundary
tests/test_socket_null.cpp,setUp,6,8,HANDWRITTEN_CPP,False,CPP_UNVERIFIED,B_DIRECT_MIGRATION,ordinary C++ control/data-flow without detected boundary
tests/test_socket_null.cpp,tearDown,10,12,HANDWRITTEN_CPP,False,CPP_UNVERIFIED,B_DIRECT_MIGRATION,ordinary C++ control/data-flow without detected boundary
tests/test_socket_null.cpp,test_zmq_socket_null_context,16,17,HANDWRITTEN_CPP,False,CPP_UNVERIFIED,B_DIRECT_MIGRATION,ordinary C++ control/data-flow without detected boundary
tests/test_socket_null.cpp,test_zmq_close_null_socket,21,23,HANDWRITTEN_CPP,False,CPP_UNVERIFIED,B_DIRECT_MIGRATION,ordinary C++ control/data-flow without detected boundary
tests/test_socket_null.cpp,test_zmq_setsockopt_null_socket,28,30,HANDWRITTEN_CPP,False,CPP_UNVERIFIED,B_DIRECT_MIGRATION,ordinary C++ control/data-flow without detected boundary
tests/test_socket_null.cpp,test_zmq_getsockopt_null_socket,37,39,HANDWRITTEN_CPP,False,CPP_UNVERIFIED,B_DIRECT_MIGRATION,ordinary C++ control/data-flow without detected boundary
tests/test_socket_null.cpp,test_zmq_socket_monitor_null_socket,46,48,HANDWRITTEN_CPP,False,CPP_UNVERIFIED,B_DIRECT_MIGRATION,ordinary C++ control/data-flow without detected boundary
tests/test_socket_null.cpp,test_zmq_join_null_socket,55,56,HANDWRITTEN_CPP,False,CPP_UNVERIFIED,B_DIRECT_MIGRATION,ordinary C++ control/data-flow without detected boundary
tests/test_socket_null.cpp,test_zmq_leave_null_socket,61,63,HANDWRITTEN_CPP,False,CPP_UNVERIFIED,B_DIRECT_MIGRATION,ordinary C++ control/data-flow without detected boundary
tests/test_socket_null.cpp,test_zmq_bind_null_socket,69,72,HANDWRITTEN_CPP,False,CPP_UNVERIFIED,B_DIRECT_MIGRATION,ordinary C++ control/data-flow without detected boundary
tests/test_socket_null.cpp,test_zmq_connect_null_socket,77,79,HANDWRITTEN_CPP,False,CPP_UNVERIFIED,B_DIRECT_MIGRATION,ordinary C++ control/data-flow without detected boundary
tests/test_socket_null.cpp,test_zmq_unbind_null_socket,84,86,HANDWRITTEN_CPP,False,CPP_UNVERIFIED,B_DIRECT_MIGRATION,ordinary C++ control/data-flow without detected boundary
tests/test_socket_null.cpp,test_zmq_disconnect_null_socket,91,93,HANDWRITTEN_CPP,False,CPP_UNVERIFIED,B_DIRECT_MIGRATION,ordinary C++ control/data-flow without detected boundary
tests/test_socket_null.cpp,main,98,100,HANDWRITTEN_CPP,False,CPP_UNVERIFIED,B_DIRECT_MIGRATION,ordinary C++ control/data-flow without detected boundary
tests/test_socket_options_fuzzer.cpp,test_socket_options_fuzzer,42,43,HANDWRITTEN_CPP,False,CPP_UNVERIFIED,D_BOUNDARY,external/runtime/raw-pointer boundary
tests/test_socket_options_fuzzer.cpp,main,61,63,HANDWRITTEN_CPP,False,CPP_UNVERIFIED,B_DIRECT_MIGRATION,ordinary C++ control/data-flow without detected boundary
tests/test_sockopt_hwm.cpp,test_change_before_connected,9,11,HANDWRITTEN_CPP,False,CPP_UNVERIFIED,D_BOUNDARY,external/runtime/raw-pointer boundary
tests/test_sockopt_hwm.cpp,test_change_after_connected,42,44,HANDWRITTEN_CPP,False,CPP_UNVERIFIED,D_BOUNDARY,external/runtime/raw-pointer boundary
tests/test_sockopt_hwm.cpp,send_until_wouldblock,79,81,HANDWRITTEN_CPP,False,CPP_UNVERIFIED,B_DIRECT_MIGRATION,ordinary C++ control/data-flow without detected boundary
tests/test_sockopt_hwm.cpp,test_fill_up_to_hwm,90,92,HANDWRITTEN_CPP,False,CPP_UNVERIFIED,B_DIRECT_MIGRATION,ordinary C++ control/data-flow without detected boundary
tests/test_sockopt_hwm.cpp,test_decrease_when_full,99,101,HANDWRITTEN_CPP,False,CPP_UNVERIFIED,D_BOUNDARY,external/runtime/raw-pointer boundary
tests/test_sockopt_hwm.cpp,main,161,164,HANDWRITTEN_CPP,False,CPP_UNVERIFIED,B_DIRECT_MIGRATION,ordinary C++ control/data-flow without detected boundary
tests/test_socks.cpp,recvall,20,25,HANDWRITTEN_CPP,False,CPP_UNVERIFIED,B_DIRECT_MIGRATION,ordinary C++ control/data-flow without detected boundary
tests/test_socks.cpp,recvonce,39,41,HANDWRITTEN_CPP,False,CPP_UNVERIFIED,B_DIRECT_MIGRATION,ordinary C++ control/data-flow without detected boundary
tests/test_socks.cpp,sendall,50,52,HANDWRITTEN_CPP,False,CPP_UNVERIFIED,B_DIRECT_MIGRATION,ordinary C++ control/data-flow without detected boundary
tests/test_socks.cpp,remote_connect,65,67,HANDWRITTEN_CPP,False,CPP_UNVERIFIED,B_DIRECT_MIGRATION,ordinary C++ control/data-flow without detected boundary
tests/test_socks.cpp,socks_server_task,90,95,HANDWRITTEN_CPP,False,CPP_UNVERIFIED,B_DIRECT_MIGRATION,ordinary C++ control/data-flow without detected boundary
tests/test_socks.cpp,socks_server_no_auth,355,357,HANDWRITTEN_CPP,False,CPP_UNVERIFIED,B_DIRECT_MIGRATION,ordinary C++ control/data-flow without detected boundary
tests/test_socks.cpp,socks_server_no_auth_delay,360,362,HANDWRITTEN_CPP,False,CPP_UNVERIFIED,B_DIRECT_MIGRATION,ordinary C++ control/data-flow without detected boundary
tests/test_socks.cpp,socks_server_basic_auth,368,370,HANDWRITTEN_CPP,False,CPP_UNVERIFIED,B_DIRECT_MIGRATION,ordinary C++ control/data-flow without detected boundary
tests/test_socks.cpp,socks_server_basic_auth_delay,373,375,HANDWRITTEN_CPP,False,CPP_UNVERIFIED,B_DIRECT_MIGRATION,ordinary C++ control/data-flow without detected boundary
tests/test_socks.cpp,socks_server_basic_auth_no_pass,381,383,HANDWRITTEN_CPP,False,CPP_UNVERIFIED,B_DIRECT_MIGRATION,ordinary C++ control/data-flow without detected boundary
tests/test_socks.cpp,communicate,449,451,HANDWRITTEN_CPP,False,CPP_UNVERIFIED,B_DIRECT_MIGRATION,ordinary C++ control/data-flow without detected boundary
tests/test_socks.cpp,test_socks_no_socks,460,462,HANDWRITTEN_CPP,False,CPP_UNVERIFIED,D_BOUNDARY,external/runtime/raw-pointer boundary
tests/test_socks.cpp,test_socks,472,474,HANDWRITTEN_CPP,False,CPP_UNVERIFIED,D_BOUNDARY,external/runtime/raw-pointer boundary
tests/test_socks.cpp,test_socks_delay,491,493,HANDWRITTEN_CPP,False,CPP_UNVERIFIED,D_BOUNDARY,external/runtime/raw-pointer boundary
tests/test_socks.cpp,test_socks_domainname,510,512,HANDWRITTEN_CPP,False,CPP_UNVERIFIED,D_BOUNDARY,external/runtime/raw-pointer boundary
tests/test_socks.cpp,test_socks_ipv6,534,536,HANDWRITTEN_CPP,False,CPP_UNVERIFIED,D_BOUNDARY,external/runtime/raw-pointer boundary
tests/test_socks.cpp,test_socks_ipv6_sb,558,560,HANDWRITTEN_CPP,False,CPP_UNVERIFIED,D_BOUNDARY,external/runtime/raw-pointer boundary
tests/test_socks.cpp,test_socks_bind_before_connect,582,584,HANDWRITTEN_CPP,False,CPP_UNVERIFIED,D_BOUNDARY,external/runtime/raw-pointer boundary
tests/test_socks.cpp,test_socks_basic_auth,606,608,HANDWRITTEN_CPP,False,CPP_UNVERIFIED,D_BOUNDARY,external/runtime/raw-pointer boundary
tests/test_socks.cpp,test_socks_basic_auth_delay,631,633,HANDWRITTEN_CPP,False,CPP_UNVERIFIED,D_BOUNDARY,external/runtime/raw-pointer boundary
tests/test_socks.cpp,test_socks_basic_auth_empty_user,656,658,HANDWRITTEN_CPP,False,CPP_UNVERIFIED,D_BOUNDARY,external/runtime/raw-pointer boundary
tests/test_socks.cpp,test_socks_basic_auth_null_user,681,683,HANDWRITTEN_CPP,False,CPP_UNVERIFIED,D_BOUNDARY,external/runtime/raw-pointer boundary
tests/test_socks.cpp,test_socks_basic_auth_empty_pass,706,708,HANDWRITTEN_CPP,False,CPP_UNVERIFIED,D_BOUNDARY,external/runtime/raw-pointer boundary
tests/test_socks.cpp,test_socks_basic_auth_null_pass,731,733,HANDWRITTEN_CPP,False,CPP_UNVERIFIED,D_BOUNDARY,external/runtime/raw-pointer boundary
tests/test_socks.cpp,test_string_opt_ok,756,759,HANDWRITTEN_CPP,False,CPP_UNVERIFIED,D_BOUNDARY,external/runtime/raw-pointer boundary
tests/test_socks.cpp,test_opt_ok,773,780,HANDWRITTEN_CPP,False,CPP_UNVERIFIED,D_BOUNDARY,external/runtime/raw-pointer boundary
tests/test_socks.cpp,test_opt_invalid,795,797,HANDWRITTEN_CPP,False,CPP_UNVERIFIED,D_BOUNDARY,external/runtime/raw-pointer boundary
tests/test_socks.cpp,test_socks_proxy_options,805,807,HANDWRITTEN_CPP,False,CPP_UNVERIFIED,B_DIRECT_MIGRATION,ordinary C++ control/data-flow without detected boundary
tests/test_socks.cpp,test_socks_userpass_options,814,816,HANDWRITTEN_CPP,False,CPP_UNVERIFIED,B_DIRECT_MIGRATION,ordinary C++ control/data-flow without detected boundary
tests/test_socks.cpp,main,845,847,HANDWRITTEN_CPP,False,CPP_UNVERIFIED,B_DIRECT_MIGRATION,ordinary C++ control/data-flow without detected boundary
tests/test_sodium.cpp,setUp,5,7,HANDWRITTEN_CPP,False,CPP_UNVERIFIED,B_DIRECT_MIGRATION,ordinary C++ control/data-flow without detected boundary
tests/test_sodium.cpp,tearDown,9,11,HANDWRITTEN_CPP,False,CPP_UNVERIFIED,B_DIRECT_MIGRATION,ordinary C++ control/data-flow without detected boundary
tests/test_sodium.cpp,test__zmq_curve_keypair__always__success,15,16,HANDWRITTEN_CPP,False,CPP_UNVERIFIED,B_DIRECT_MIGRATION,ordinary C++ control/data-flow without detected boundary
tests/test_sodium.cpp,test__zmq_curve_public__valid__success,29,31,HANDWRITTEN_CPP,False,CPP_UNVERIFIED,B_DIRECT_MIGRATION,ordinary C++ control/data-flow without detected boundary
tests/test_sodium.cpp,test__zmq_curve_public__invalid__failure,51,52,HANDWRITTEN_CPP,False,CPP_UNVERIFIED,B_DIRECT_MIGRATION,ordinary C++ control/data-flow without detected boundary
tests/test_sodium.cpp,test__zmq_curve_public__invalid__failure_short,65,67,HANDWRITTEN_CPP,False,CPP_UNVERIFIED,B_DIRECT_MIGRATION,ordinary C++ control/data-flow without detected boundary
tests/test_sodium.cpp,test__zmq_curve_public__invalid__failure_long,70,72,HANDWRITTEN_CPP,False,CPP_UNVERIFIED,B_DIRECT_MIGRATION,ordinary C++ control/data-flow without detected boundary
tests/test_sodium.cpp,main,76,78,HANDWRITTEN_CPP,False,CPP_UNVERIFIED,B_DIRECT_MIGRATION,ordinary C++ control/data-flow without detected boundary
tests/test_spec_dealer.cpp,test_round_robin_out,10,11,HANDWRITTEN_CPP,False,CPP_UNVERIFIED,D_BOUNDARY,external/runtime/raw-pointer boundary
tests/test_spec_dealer.cpp,test_fair_queue_in,50,51,HANDWRITTEN_CPP,False,CPP_UNVERIFIED,D_BOUNDARY,external/runtime/raw-pointer boundary
tests/test_spec_dealer.cpp,test_destroy_queue_on_disconnect,98,99,HANDWRITTEN_CPP,False,CPP_UNVERIFIED,D_BOUNDARY,external/runtime/raw-pointer boundary
tests/test_spec_dealer.cpp,test_block_on_send_no_peers,142,143,HANDWRITTEN_CPP,False,CPP_UNVERIFIED,D_BOUNDARY,external/runtime/raw-pointer boundary
tests/test_spec_dealer.cpp,main,173,175,HANDWRITTEN_CPP,False,CPP_UNVERIFIED,B_DIRECT_MIGRATION,ordinary C++ control/data-flow without detected boundary
tests/test_spec_pushpull.cpp,test_push_round_robin_out,15,16,HANDWRITTEN_CPP,False,CPP_UNVERIFIED,D_BOUNDARY,external/runtime/raw-pointer boundary
tests/test_spec_pushpull.cpp,test_pull_fair_queue_in,55,56,HANDWRITTEN_CPP,False,CPP_UNVERIFIED,D_BOUNDARY,external/runtime/raw-pointer boundary
tests/test_spec_pushpull.cpp,test_push_block_on_send_no_peers,127,128,HANDWRITTEN_CPP,False,CPP_UNVERIFIED,D_BOUNDARY,external/runtime/raw-pointer boundary
tests/test_spec_pushpull.cpp,test_destroy_queue_on_disconnect,145,146,HANDWRITTEN_CPP,False,CPP_UNVERIFIED,D_BOUNDARY,external/runtime/raw-pointer boundary
tests/test_spec_pushpull.cpp,test_push_multipart_atomic_drop,210,212,HANDWRITTEN_CPP,False,CPP_UNVERIFIED,D_BOUNDARY,external/runtime/raw-pointer boundary
tests/test_spec_pushpull.cpp,main,372,374,HANDWRITTEN_CPP,False,CPP_UNVERIFIED,B_DIRECT_MIGRATION,ordinary C++ control/data-flow without detected boundary
tests/test_spec_rep.cpp,test_fair_queue_in,11,13,HANDWRITTEN_CPP,False,CPP_UNVERIFIED,D_BOUNDARY,external/runtime/raw-pointer boundary
tests/test_spec_rep.cpp,test_envelope,66,68,HANDWRITTEN_CPP,False,CPP_UNVERIFIED,D_BOUNDARY,external/runtime/raw-pointer boundary
tests/test_spec_rep.cpp,test_fair_queue_in_inproc,98,100,HANDWRITTEN_CPP,False,CPP_UNVERIFIED,B_DIRECT_MIGRATION,ordinary C++ control/data-flow without detected boundary
tests/test_spec_rep.cpp,test_fair_queue_in_tcp,103,105,HANDWRITTEN_CPP,False,CPP_UNVERIFIED,B_DIRECT_MIGRATION,ordinary C++ control/data-flow without detected boundary
tests/test_spec_rep.cpp,test_envelope_inproc,108,110,HANDWRITTEN_CPP,False,CPP_UNVERIFIED,B_DIRECT_MIGRATION,ordinary C++ control/data-flow without detected boundary
tests/test_spec_rep.cpp,test_envelope_tcp,113,115,HANDWRITTEN_CPP,False,CPP_UNVERIFIED,B_DIRECT_MIGRATION,ordinary C++ control/data-flow without detected boundary
tests/test_spec_rep.cpp,main,118,120,HANDWRITTEN_CPP,False,CPP_UNVERIFIED,B_DIRECT_MIGRATION,ordinary C++ control/data-flow without detected boundary
tests/test_spec_req.cpp,test_round_robin_out,9,11,HANDWRITTEN_CPP,False,CPP_UNVERIFIED,D_BOUNDARY,external/runtime/raw-pointer boundary
tests/test_spec_req.cpp,test_req_only_listens_to_current_peer,43,45,HANDWRITTEN_CPP,False,CPP_UNVERIFIED,D_BOUNDARY,external/runtime/raw-pointer boundary
tests/test_spec_req.cpp,test_req_message_format,98,100,HANDWRITTEN_CPP,False,CPP_UNVERIFIED,D_BOUNDARY,external/runtime/raw-pointer boundary
tests/test_spec_req.cpp,test_block_on_send_no_peers,147,149,HANDWRITTEN_CPP,False,CPP_UNVERIFIED,D_BOUNDARY,external/runtime/raw-pointer boundary
tests/test_spec_req.cpp,test_round_robin_out_inproc,164,166,HANDWRITTEN_CPP,False,CPP_UNVERIFIED,B_DIRECT_MIGRATION,ordinary C++ control/data-flow without detected boundary
tests/test_spec_req.cpp,test_round_robin_out_tcp,169,171,HANDWRITTEN_CPP,False,CPP_UNVERIFIED,B_DIRECT_MIGRATION,ordinary C++ control/data-flow without detected boundary
tests/test_spec_req.cpp,test_req_message_format_inproc,174,176,HANDWRITTEN_CPP,False,CPP_UNVERIFIED,B_DIRECT_MIGRATION,ordinary C++ control/data-flow without detected boundary
tests/test_spec_req.cpp,test_req_message_format_tcp,179,181,HANDWRITTEN_CPP,False,CPP_UNVERIFIED,B_DIRECT_MIGRATION,ordinary C++ control/data-flow without detected boundary
tests/test_spec_req.cpp,test_req_only_listens_to_current_peer_inproc,184,186,HANDWRITTEN_CPP,False,CPP_UNVERIFIED,B_DIRECT_MIGRATION,ordinary C++ control/data-flow without detected boundary
tests/test_spec_req.cpp,test_req_only_listens_to_current_peer_tcp,189,191,HANDWRITTEN_CPP,False,CPP_UNVERIFIED,B_DIRECT_MIGRATION,ordinary C++ control/data-flow without detected boundary
tests/test_spec_req.cpp,main,194,196,HANDWRITTEN_CPP,False,CPP_UNVERIFIED,B_DIRECT_MIGRATION,ordinary C++ control/data-flow without detected boundary
tests/test_spec_router.cpp,test_fair_queue_in,13,14,HANDWRITTEN_CPP,False,CPP_UNVERIFIED,D_BOUNDARY,external/runtime/raw-pointer boundary
tests/test_spec_router.cpp,test_destroy_queue_on_disconnect,84,85,HANDWRITTEN_CPP,False,CPP_UNVERIFIED,D_BOUNDARY,external/runtime/raw-pointer boundary
tests/test_spec_router.cpp,main,155,157,HANDWRITTEN_CPP,False,CPP_UNVERIFIED,B_DIRECT_MIGRATION,ordinary C++ control/data-flow without detected boundary
tests/test_srcfd.cpp,test_srcfd,20,22,HANDWRITTEN_CPP,False,CPP_UNVERIFIED,D_BOUNDARY,external/runtime/raw-pointer boundary
tests/test_srcfd.cpp,main,83,85,HANDWRITTEN_CPP,False,CPP_UNVERIFIED,B_DIRECT_MIGRATION,ordinary C++ control/data-flow without detected boundary
tests/test_stream.cpp,test_stream_to_dealer,29,31,HANDWRITTEN_CPP,False,CPP_UNVERIFIED,D_BOUNDARY,external/runtime/raw-pointer boundary
tests/test_stream.cpp,test_stream_to_stream,185,188,HANDWRITTEN_CPP,False,CPP_UNVERIFIED,D_BOUNDARY,external/runtime/raw-pointer boundary
tests/test_stream.cpp,main,267,269,HANDWRITTEN_CPP,False,CPP_UNVERIFIED,B_DIRECT_MIGRATION,ordinary C++ control/data-flow without detected boundary
tests/test_stream_disconnect.cpp,has_more,26,28,HANDWRITTEN_CPP,False,CPP_UNVERIFIED,B_DIRECT_MIGRATION,ordinary C++ control/data-flow without detected boundary
tests/test_stream_disconnect.cpp,test_stream_disconnect,36,38,HANDWRITTEN_CPP,False,CPP_UNVERIFIED,D_BOUNDARY,external/runtime/raw-pointer boundary
tests/test_stream_disconnect.cpp,main,230,232,HANDWRITTEN_CPP,False,CPP_UNVERIFIED,B_DIRECT_MIGRATION,ordinary C++ control/data-flow without detected boundary
tests/test_stream_empty.cpp,test_stream_empty,5,9,HANDWRITTEN_CPP,False,CPP_UNVERIFIED,D_BOUNDARY,external/runtime/raw-pointer boundary
tests/test_stream_empty.cpp,main,36,38,HANDWRITTEN_CPP,False,CPP_UNVERIFIED,B_DIRECT_MIGRATION,ordinary C++ control/data-flow without detected boundary
tests/test_stream_exceeds_buffer.cpp,test_stream_exceeds_buffer,7,11,HANDWRITTEN_CPP,False,CPP_UNVERIFIED,D_BOUNDARY,external/runtime/raw-pointer boundary
tests/test_stream_exceeds_buffer.cpp,main,57,59,HANDWRITTEN_CPP,False,CPP_UNVERIFIED,B_DIRECT_MIGRATION,ordinary C++ control/data-flow without detected boundary
tests/test_stream_timeout.cpp,test_stream_handshake_timeout_accept,9,13,HANDWRITTEN_CPP,False,CPP_UNVERIFIED,D_BOUNDARY,external/runtime/raw-pointer boundary
tests/test_stream_timeout.cpp,test_stream_handshake_timeout_connect,71,73,HANDWRITTEN_CPP,False,CPP_UNVERIFIED,D_BOUNDARY,external/runtime/raw-pointer boundary
tests/test_stream_timeout.cpp,main,131,133,HANDWRITTEN_CPP,False,CPP_UNVERIFIED,B_DIRECT_MIGRATION,ordinary C++ control/data-flow without detected boundary
tests/test_sub_forward.cpp,test,5,9,HANDWRITTEN_CPP,False,CPP_UNVERIFIED,D_BOUNDARY,external/runtime/raw-pointer boundary
tests/test_sub_forward.cpp,main,56,58,HANDWRITTEN_CPP,False,CPP_UNVERIFIED,B_DIRECT_MIGRATION,ordinary C++ control/data-flow without detected boundary
tests/test_sub_forward_tipc.cpp,test,5,9,HANDWRITTEN_CPP,False,CPP_UNVERIFIED,D_BOUNDARY,external/runtime/raw-pointer boundary
tests/test_sub_forward_tipc.cpp,main,54,56,HANDWRITTEN_CPP,False,CPP_UNVERIFIED,B_DIRECT_MIGRATION,ordinary C++ control/data-flow without detected boundary
tests/test_system.cpp,initialise_network,25,27,HANDWRITTEN_CPP,False,CPP_UNVERIFIED,B_DIRECT_MIGRATION,ordinary C++ control/data-flow without detected boundary
tests/test_system.cpp,initialise_network,34,36,HANDWRITTEN_CPP,False,CPP_UNVERIFIED,B_DIRECT_MIGRATION,ordinary C++ control/data-flow without detected boundary
tests/test_system.cpp,test_localhost,40,42,HANDWRITTEN_CPP,False,CPP_UNVERIFIED,D_BOUNDARY,external/runtime/raw-pointer boundary
tests/test_system.cpp,test_max_sockets,53,55,HANDWRITTEN_CPP,False,CPP_UNVERIFIED,B_DIRECT_MIGRATION,ordinary C++ control/data-flow without detected boundary
tests/test_system.cpp,main,81,83,HANDWRITTEN_CPP,False,CPP_UNVERIFIED,B_DIRECT_MIGRATION,ordinary C++ control/data-flow without detected boundary
tests/test_tcp_accept_filter.cpp,test_reconnect_ivl_against_pair_socket,7,12,HANDWRITTEN_CPP,False,CPP_UNVERIFIED,D_BOUNDARY,external/runtime/raw-pointer boundary
tests/test_tcp_accept_filter.cpp,test_reconnect_ivl_tcp,35,37,HANDWRITTEN_CPP,False,CPP_UNVERIFIED,D_BOUNDARY,external/runtime/raw-pointer boundary
tests/test_tcp_accept_filter.cpp,test_bad_filter_string,46,48,HANDWRITTEN_CPP,False,CPP_UNVERIFIED,D_BOUNDARY,external/runtime/raw-pointer boundary
tests/test_tcp_accept_filter.cpp,test_clear,67,69,HANDWRITTEN_CPP,False,CPP_UNVERIFIED,D_BOUNDARY,external/runtime/raw-pointer boundary
tests/test_tcp_accept_filter.cpp,test_set_non_matching_and_clear,95,97,HANDWRITTEN_CPP,False,CPP_UNVERIFIED,D_BOUNDARY,external/runtime/raw-pointer boundary
tests/test_tcp_accept_filter.cpp,test_set_matching,118,120,HANDWRITTEN_CPP,False,CPP_UNVERIFIED,D_BOUNDARY,external/runtime/raw-pointer boundary
tests/test_tcp_accept_filter.cpp,test_set_matching_1,137,139,HANDWRITTEN_CPP,False,CPP_UNVERIFIED,B_DIRECT_MIGRATION,ordinary C++ control/data-flow without detected boundary
tests/test_tcp_accept_filter.cpp,test_set_matching_2,142,144,HANDWRITTEN_CPP,False,CPP_UNVERIFIED,B_DIRECT_MIGRATION,ordinary C++ control/data-flow without detected boundary
tests/test_tcp_accept_filter.cpp,test_set_non_matching,147,149,HANDWRITTEN_CPP,False,CPP_UNVERIFIED,D_BOUNDARY,external/runtime/raw-pointer boundary
tests/test_tcp_accept_filter.cpp,main,167,169,HANDWRITTEN_CPP,False,CPP_UNVERIFIED,B_DIRECT_MIGRATION,ordinary C++ control/data-flow without detected boundary
tests/test_term_endpoint.cpp,test_send_after_unbind_fails,19,21,HANDWRITTEN_CPP,False,CPP_UNVERIFIED,D_BOUNDARY,external/runtime/raw-pointer boundary
tests/test_term_endpoint.cpp,test_send_after_disconnect_fails,48,50,HANDWRITTEN_CPP,False,CPP_UNVERIFIED,D_BOUNDARY,external/runtime/raw-pointer boundary
tests/test_term_endpoint.cpp,test_unbind_via_last_endpoint,76,78,HANDWRITTEN_CPP,False,CPP_UNVERIFIED,D_BOUNDARY,external/runtime/raw-pointer boundary
tests/test_term_endpoint.cpp,test_wildcard_unbind_fails,120,122,HANDWRITTEN_CPP,False,CPP_UNVERIFIED,D_BOUNDARY,external/runtime/raw-pointer boundary
tests/test_term_endpoint.cpp,main,151,153,HANDWRITTEN_CPP,False,CPP_UNVERIFIED,B_DIRECT_MIGRATION,ordinary C++ control/data-flow without detected boundary
tests/test_term_endpoint_tipc.cpp,test_term_endpoint_unbind_tipc,10,12,HANDWRITTEN_CPP,False,CPP_UNVERIFIED,B_DIRECT_MIGRATION,ordinary C++ control/data-flow without detected boundary
tests/test_term_endpoint_tipc.cpp,test_term_endpoint_disconnect_tipc,40,42,HANDWRITTEN_CPP,False,CPP_UNVERIFIED,B_DIRECT_MIGRATION,ordinary C++ control/data-flow without detected boundary
tests/test_term_endpoint_tipc.cpp,main,69,71,HANDWRITTEN_CPP,False,CPP_UNVERIFIED,B_DIRECT_MIGRATION,ordinary C++ control/data-flow without detected boundary
tests/test_thread_safe.cpp,client_thread,9,10,HANDWRITTEN_CPP,False,CPP_UNVERIFIED,B_DIRECT_MIGRATION,ordinary C++ control/data-flow without detected boundary
tests/test_thread_safe.cpp,test_thread_safe,16,18,HANDWRITTEN_CPP,False,CPP_UNVERIFIED,D_BOUNDARY,external/runtime/raw-pointer boundary
tests/test_thread_safe.cpp,test_getsockopt_thread_safe,44,46,HANDWRITTEN_CPP,False,CPP_UNVERIFIED,B_DIRECT_MIGRATION,ordinary C++ control/data-flow without detected boundary
tests/test_thread_safe.cpp,test_client_getsockopt_thread_safe,53,55,HANDWRITTEN_CPP,False,CPP_UNVERIFIED,D_BOUNDARY,external/runtime/raw-pointer boundary
tests/test_thread_safe.cpp,test_server_getsockopt_thread_safe,60,62,HANDWRITTEN_CPP,False,CPP_UNVERIFIED,D_BOUNDARY,external/runtime/raw-pointer boundary
tests/test_thread_safe.cpp,main,67,69,HANDWRITTEN_CPP,False,CPP_UNVERIFIED,B_DIRECT_MIGRATION,ordinary C++ control/data-flow without detected boundary
tests/test_timeo.cpp,test_timeo,5,9,HANDWRITTEN_CPP,False,CPP_UNVERIFIED,D_BOUNDARY,external/runtime/raw-pointer boundary
tests/test_timeo.cpp,main,50,52,HANDWRITTEN_CPP,False,CPP_UNVERIFIED,B_DIRECT_MIGRATION,ordinary C++ control/data-flow without detected boundary
tests/test_timers.cpp,setUp,6,8,HANDWRITTEN_CPP,False,CPP_UNVERIFIED,B_DIRECT_MIGRATION,ordinary C++ control/data-flow without detected boundary
tests/test_timers.cpp,tearDown,10,12,HANDWRITTEN_CPP,False,CPP_UNVERIFIED,B_DIRECT_MIGRATION,ordinary C++ control/data-flow without detected boundary
tests/test_timers.cpp,handler,14,16,HANDWRITTEN_CPP,False,CPP_UNVERIFIED,B_DIRECT_MIGRATION,ordinary C++ control/data-flow without detected boundary
tests/test_timers.cpp,sleep_and_execute,20,22,HANDWRITTEN_CPP,False,CPP_UNVERIFIED,B_DIRECT_MIGRATION,ordinary C++ control/data-flow without detected boundary
tests/test_timers.cpp,test_null_timer_pointers,33,35,HANDWRITTEN_CPP,False,CPP_UNVERIFIED,D_BOUNDARY,external/runtime/raw-pointer boundary
tests/test_timers.cpp,test_corner_cases,75,77,HANDWRITTEN_CPP,False,CPP_UNVERIFIED,D_BOUNDARY,external/runtime/raw-pointer boundary
tests/test_timers.cpp,test_timers,115,117,HANDWRITTEN_CPP,False,CPP_UNVERIFIED,D_BOUNDARY,external/runtime/raw-pointer boundary
tests/test_timers.cpp,main,185,187,HANDWRITTEN_CPP,False,CPP_UNVERIFIED,B_DIRECT_MIGRATION,ordinary C++ control/data-flow without detected boundary
tests/test_unbind_wildcard.cpp,test_address_wildcard_ipv4,7,11,HANDWRITTEN_CPP,False,CPP_UNVERIFIED,D_BOUNDARY,external/runtime/raw-pointer boundary
tests/test_unbind_wildcard.cpp,test_address_wildcard_ipv6,42,44,HANDWRITTEN_CPP,False,CPP_UNVERIFIED,D_BOUNDARY,external/runtime/raw-pointer boundary
tests/test_unbind_wildcard.cpp,test_port_wildcard_ipv4_address,86,88,HANDWRITTEN_CPP,False,CPP_UNVERIFIED,D_BOUNDARY,external/runtime/raw-pointer boundary
tests/test_unbind_wildcard.cpp,test_port_wildcard_ipv4_address_ipv6,111,113,HANDWRITTEN_CPP,False,CPP_UNVERIFIED,D_BOUNDARY,external/runtime/raw-pointer boundary
tests/test_unbind_wildcard.cpp,test_port_wildcard_ipv6_address,142,144,HANDWRITTEN_CPP,False,CPP_UNVERIFIED,D_BOUNDARY,external/runtime/raw-pointer boundary
tests/test_unbind_wildcard.cpp,main,176,178,HANDWRITTEN_CPP,False,CPP_UNVERIFIED,B_DIRECT_MIGRATION,ordinary C++ control/data-flow without detected boundary
tests/test_use_fd.cpp,pre_allocate_sock_tcp,13,15,HANDWRITTEN_CPP,False,CPP_UNVERIFIED,B_DIRECT_MIGRATION,ordinary C++ control/data-flow without detected boundary
tests/test_use_fd.cpp,setup_socket_pair,22,28,HANDWRITTEN_CPP,False,CPP_UNVERIFIED,B_DIRECT_MIGRATION,ordinary C++ control/data-flow without detected boundary
tests/test_use_fd.cpp,test_socket_pair,39,43,HANDWRITTEN_CPP,False,CPP_UNVERIFIED,D_BOUNDARY,external/runtime/raw-pointer boundary
tests/test_use_fd.cpp,test_req_rep,53,55,HANDWRITTEN_CPP,False,CPP_UNVERIFIED,B_DIRECT_MIGRATION,ordinary C++ control/data-flow without detected boundary
tests/test_use_fd.cpp,test_pair,58,60,HANDWRITTEN_CPP,False,CPP_UNVERIFIED,B_DIRECT_MIGRATION,ordinary C++ control/data-flow without detected boundary
tests/test_use_fd.cpp,test_client_server,63,65,HANDWRITTEN_CPP,False,CPP_UNVERIFIED,D_BOUNDARY,external/runtime/raw-pointer boundary
tests/test_use_fd.cpp,test_req_rep_tcp,120,122,HANDWRITTEN_CPP,False,CPP_UNVERIFIED,B_DIRECT_MIGRATION,ordinary C++ control/data-flow without detected boundary
tests/test_use_fd.cpp,test_pair_tcp,125,127,HANDWRITTEN_CPP,False,CPP_UNVERIFIED,B_DIRECT_MIGRATION,ordinary C++ control/data-flow without detected boundary
tests/test_use_fd.cpp,test_client_server_tcp,130,132,HANDWRITTEN_CPP,False,CPP_UNVERIFIED,B_DIRECT_MIGRATION,ordinary C++ control/data-flow without detected boundary
tests/test_use_fd.cpp,pre_allocate_sock_ipc,139,141,HANDWRITTEN_CPP,False,CPP_UNVERIFIED,B_DIRECT_MIGRATION,ordinary C++ control/data-flow without detected boundary
tests/test_use_fd.cpp,test_req_rep_ipc,147,149,HANDWRITTEN_CPP,False,CPP_UNVERIFIED,B_DIRECT_MIGRATION,ordinary C++ control/data-flow without detected boundary
tests/test_use_fd.cpp,test_pair_ipc,154,156,HANDWRITTEN_CPP,False,CPP_UNVERIFIED,B_DIRECT_MIGRATION,ordinary C++ control/data-flow without detected boundary
tests/test_use_fd.cpp,test_client_server_ipc,161,163,HANDWRITTEN_CPP,False,CPP_UNVERIFIED,B_DIRECT_MIGRATION,ordinary C++ control/data-flow without detected boundary
tests/test_use_fd.cpp,main,170,172,HANDWRITTEN_CPP,False,CPP_UNVERIFIED,B_DIRECT_MIGRATION,ordinary C++ control/data-flow without detected boundary
tests/test_use_fd.cpp,main,187,188,HANDWRITTEN_CPP,False,CPP_UNVERIFIED,B_DIRECT_MIGRATION,ordinary C++ control/data-flow without detected boundary
tests/test_ws_transport.cpp,test_roundtrip,6,10,HANDWRITTEN_CPP,False,CPP_UNVERIFIED,D_BOUNDARY,external/runtime/raw-pointer boundary
tests/test_ws_transport.cpp,test_roundtrip_without_path,36,38,HANDWRITTEN_CPP,False,CPP_UNVERIFIED,D_BOUNDARY,external/runtime/raw-pointer boundary
tests/test_ws_transport.cpp,test_heartbeat,54,57,HANDWRITTEN_CPP,False,CPP_UNVERIFIED,D_BOUNDARY,external/runtime/raw-pointer boundary
tests/test_ws_transport.cpp,test_short_message,88,90,HANDWRITTEN_CPP,False,CPP_UNVERIFIED,D_BOUNDARY,external/runtime/raw-pointer boundary
tests/test_ws_transport.cpp,test_large_message,121,123,HANDWRITTEN_CPP,False,CPP_UNVERIFIED,D_BOUNDARY,external/runtime/raw-pointer boundary
tests/test_ws_transport.cpp,test_curve,155,157,HANDWRITTEN_CPP,False,CPP_UNVERIFIED,D_BOUNDARY,external/runtime/raw-pointer boundary
tests/test_ws_transport.cpp,test_mask_shared_msg,194,197,HANDWRITTEN_CPP,False,CPP_UNVERIFIED,D_BOUNDARY,external/runtime/raw-pointer boundary
tests/test_ws_transport.cpp,test_pub_sub,247,249,HANDWRITTEN_CPP,False,CPP_UNVERIFIED,D_BOUNDARY,external/runtime/raw-pointer boundary
tests/test_ws_transport.cpp,main,274,277,HANDWRITTEN_CPP,False,CPP_UNVERIFIED,B_DIRECT_MIGRATION,ordinary C++ control/data-flow without detected boundary
tests/test_wss_transport.cpp,test_roundtrip,97,99,HANDWRITTEN_CPP,False,CPP_UNVERIFIED,D_BOUNDARY,external/runtime/raw-pointer boundary
tests/test_wss_transport.cpp,main,120,122,HANDWRITTEN_CPP,False,CPP_UNVERIFIED,B_DIRECT_MIGRATION,ordinary C++ control/data-flow without detected boundary
tests/test_wss_transport.cpp,main,130,131,HANDWRITTEN_CPP,False,CPP_UNVERIFIED,B_DIRECT_MIGRATION,ordinary C++ control/data-flow without detected boundary
tests/test_xpub_manual.cpp,test_basic,5,9,HANDWRITTEN_CPP,False,CPP_UNVERIFIED,D_BOUNDARY,external/runtime/raw-pointer boundary
tests/test_xpub_manual.cpp,test_unsubscribe_manual,41,43,HANDWRITTEN_CPP,False,CPP_UNVERIFIED,D_BOUNDARY,external/runtime/raw-pointer boundary
tests/test_xpub_manual.cpp,test_xpub_proxy_unsubscribe_on_disconnect,113,115,HANDWRITTEN_CPP,False,CPP_UNVERIFIED,B_DIRECT_MIGRATION,ordinary C++ control/data-flow without detected boundary
tests/test_xpub_manual.cpp,test_missing_subscriptions,236,238,HANDWRITTEN_CPP,False,CPP_UNVERIFIED,D_BOUNDARY,external/runtime/raw-pointer boundary
tests/test_xpub_manual.cpp,test_unsubscribe_cleanup,337,339,HANDWRITTEN_CPP,False,CPP_UNVERIFIED,D_BOUNDARY,external/runtime/raw-pointer boundary
tests/test_xpub_manual.cpp,test_user_message,412,414,HANDWRITTEN_CPP,False,CPP_UNVERIFIED,D_BOUNDARY,external/runtime/raw-pointer boundary
tests/test_xpub_manual.cpp,test_user_message_multi,436,437,HANDWRITTEN_CPP,False,CPP_UNVERIFIED,D_BOUNDARY,external/runtime/raw-pointer boundary
tests/test_xpub_manual.cpp,main,495,497,HANDWRITTEN_CPP,False,CPP_UNVERIFIED,B_DIRECT_MIGRATION,ordinary C++ control/data-flow without detected boundary
tests/test_xpub_manual_last_value.cpp,test_basic,5,9,HANDWRITTEN_CPP,False,CPP_UNVERIFIED,D_BOUNDARY,external/runtime/raw-pointer boundary
tests/test_xpub_manual_last_value.cpp,test_unsubscribe_manual,41,43,HANDWRITTEN_CPP,False,CPP_UNVERIFIED,D_BOUNDARY,external/runtime/raw-pointer boundary
tests/test_xpub_manual_last_value.cpp,test_xpub_proxy_unsubscribe_on_disconnect,113,115,HANDWRITTEN_CPP,False,CPP_UNVERIFIED,B_DIRECT_MIGRATION,ordinary C++ control/data-flow without detected boundary
tests/test_xpub_manual_last_value.cpp,test_missing_subscriptions,242,244,HANDWRITTEN_CPP,False,CPP_UNVERIFIED,D_BOUNDARY,external/runtime/raw-pointer boundary
tests/test_xpub_manual_last_value.cpp,test_unsubscribe_cleanup,344,346,HANDWRITTEN_CPP,False,CPP_UNVERIFIED,D_BOUNDARY,external/runtime/raw-pointer boundary
tests/test_xpub_manual_last_value.cpp,test_manual_last_value,419,421,HANDWRITTEN_CPP,False,CPP_UNVERIFIED,D_BOUNDARY,external/runtime/raw-pointer boundary
tests/test_xpub_manual_last_value.cpp,main,473,475,HANDWRITTEN_CPP,False,CPP_UNVERIFIED,B_DIRECT_MIGRATION,ordinary C++ control/data-flow without detected boundary
tests/test_xpub_nodrop.cpp,test,5,9,HANDWRITTEN_CPP,False,CPP_UNVERIFIED,D_BOUNDARY,external/runtime/raw-pointer boundary
tests/test_xpub_nodrop.cpp,main,92,94,HANDWRITTEN_CPP,False,CPP_UNVERIFIED,B_DIRECT_MIGRATION,ordinary C++ control/data-flow without detected boundary
tests/test_xpub_topic.cpp,test_subscribe_cancel,24,28,HANDWRITTEN_CPP,False,CPP_UNVERIFIED,B_DIRECT_MIGRATION,ordinary C++ control/data-flow without detected boundary
tests/test_xpub_topic.cpp,test_xpub_subscribe_long_topic,57,59,HANDWRITTEN_CPP,False,CPP_UNVERIFIED,D_BOUNDARY,external/runtime/raw-pointer boundary
tests/test_xpub_topic.cpp,main,76,78,HANDWRITTEN_CPP,False,CPP_UNVERIFIED,B_DIRECT_MIGRATION,ordinary C++ control/data-flow without detected boundary
tests/test_xpub_verbose.cpp,test_xpub_verbose_one_sub,15,17,HANDWRITTEN_CPP,False,CPP_UNVERIFIED,D_BOUNDARY,external/runtime/raw-pointer boundary
tests/test_xpub_verbose.cpp,create_xpub_with_2_subs,63,65,HANDWRITTEN_CPP,False,CPP_UNVERIFIED,B_DIRECT_MIGRATION,ordinary C++ control/data-flow without detected boundary
tests/test_xpub_verbose.cpp,create_duplicate_subscription,75,77,HANDWRITTEN_CPP,False,CPP_UNVERIFIED,B_DIRECT_MIGRATION,ordinary C++ control/data-flow without detected boundary
tests/test_xpub_verbose.cpp,test_xpub_verbose_two_subs,92,94,HANDWRITTEN_CPP,False,CPP_UNVERIFIED,D_BOUNDARY,external/runtime/raw-pointer boundary
tests/test_xpub_verbose.cpp,test_xpub_verboser_one_sub,131,133,HANDWRITTEN_CPP,False,CPP_UNVERIFIED,D_BOUNDARY,external/runtime/raw-pointer boundary
tests/test_xpub_verbose.cpp,test_xpub_verboser_two_subs,217,219,HANDWRITTEN_CPP,False,CPP_UNVERIFIED,D_BOUNDARY,external/runtime/raw-pointer boundary
tests/test_xpub_verbose.cpp,main,291,293,HANDWRITTEN_CPP,False,CPP_UNVERIFIED,B_DIRECT_MIGRATION,ordinary C++ control/data-flow without detected boundary
tests/test_xpub_welcome_msg.cpp,test,5,9,HANDWRITTEN_CPP,False,CPP_UNVERIFIED,D_BOUNDARY,external/runtime/raw-pointer boundary
tests/test_xpub_welcome_msg.cpp,main,38,40,HANDWRITTEN_CPP,False,CPP_UNVERIFIED,B_DIRECT_MIGRATION,ordinary C++ control/data-flow without detected boundary
tests/test_xsub_verbose.cpp,test_xsub_verbose_unsubscribe,12,14,HANDWRITTEN_CPP,False,CPP_UNVERIFIED,D_BOUNDARY,external/runtime/raw-pointer boundary
tests/test_xsub_verbose.cpp,main,95,97,HANDWRITTEN_CPP,False,CPP_UNVERIFIED,B_DIRECT_MIGRATION,ordinary C++ control/data-flow without detected boundary
tests/test_z85_decode_fuzzer.cpp,test_z85_decode_fuzzer,34,35,HANDWRITTEN_CPP,False,CPP_UNVERIFIED,D_BOUNDARY,external/runtime/raw-pointer boundary
tests/test_z85_decode_fuzzer.cpp,main,53,55,HANDWRITTEN_CPP,False,CPP_UNVERIFIED,B_DIRECT_MIGRATION,ordinary C++ control/data-flow without detected boundary
tests/test_zmq_poll_fd.cpp,test_poll_fd,12,16,HANDWRITTEN_CPP,False,CPP_UNVERIFIED,D_BOUNDARY,external/runtime/raw-pointer boundary
tests/test_zmq_poll_fd.cpp,main,53,55,HANDWRITTEN_CPP,False,CPP_UNVERIFIED,B_DIRECT_MIGRATION,ordinary C++ control/data-flow without detected boundary
tests/test_zmq_ppoll_fd.cpp,test_ppoll_fd,12,16,HANDWRITTEN_CPP,False,CPP_UNVERIFIED,D_BOUNDARY,external/runtime/raw-pointer boundary
tests/test_zmq_ppoll_fd.cpp,main,57,59,HANDWRITTEN_CPP,False,CPP_UNVERIFIED,B_DIRECT_MIGRATION,ordinary C++ control/data-flow without detected boundary
tests/test_zmq_ppoll_signals.cpp,handle_sigterm,14,16,HANDWRITTEN_CPP,False,CPP_UNVERIFIED,B_DIRECT_MIGRATION,ordinary C++ control/data-flow without detected boundary
tests/test_zmq_ppoll_signals.cpp,recv_string_expect_success_or_eagain,19,23,HANDWRITTEN_CPP,False,CPP_UNVERIFIED,B_DIRECT_MIGRATION,ordinary C++ control/data-flow without detected boundary
tests/test_zmq_ppoll_signals.cpp,test_ppoll_signals,45,47,HANDWRITTEN_CPP,False,CPP_UNVERIFIED,D_BOUNDARY,external/runtime/raw-pointer boundary
tests/test_zmq_ppoll_signals.cpp,main,167,169,HANDWRITTEN_CPP,False,CPP_UNVERIFIED,B_DIRECT_MIGRATION,ordinary C++ control/data-flow without detected boundary
tests/testutil.cpp,send_bounce_msg,56,58,HANDWRITTEN_CPP,False,CPP_UNVERIFIED,B_DIRECT_MIGRATION,ordinary C++ control/data-flow without detected boundary
tests/testutil.cpp,recv_bounce_msg,62,64,HANDWRITTEN_CPP,False,CPP_UNVERIFIED,B_DIRECT_MIGRATION,ordinary C++ control/data-flow without detected boundary
tests/testutil.cpp,bounce,76,78,HANDWRITTEN_CPP,False,CPP_UNVERIFIED,B_DIRECT_MIGRATION,ordinary C++ control/data-flow without detected boundary
tests/testutil.cpp,send_bounce_msg_may_fail,92,94,HANDWRITTEN_CPP,False,CPP_UNVERIFIED,B_DIRECT_MIGRATION,ordinary C++ control/data-flow without detected boundary
tests/testutil.cpp,recv_bounce_msg_fail,103,105,HANDWRITTEN_CPP,False,CPP_UNVERIFIED,B_DIRECT_MIGRATION,ordinary C++ control/data-flow without detected boundary
tests/testutil.cpp,expect_bounce_fail,112,114,HANDWRITTEN_CPP,False,CPP_UNVERIFIED,B_DIRECT_MIGRATION,ordinary C++ control/data-flow without detected boundary
tests/testutil.cpp,s_send_seq,140,142,HANDWRITTEN_CPP,False,CPP_UNVERIFIED,D_BOUNDARY,external/runtime/raw-pointer boundary
tests/testutil.cpp,s_recv_seq,163,165,HANDWRITTEN_CPP,False,CPP_UNVERIFIED,D_BOUNDARY,external/runtime/raw-pointer boundary
tests/testutil.cpp,close_zero_linger,198,200,HANDWRITTEN_CPP,False,CPP_UNVERIFIED,B_DIRECT_MIGRATION,ordinary C++ control/data-flow without detected boundary
tests/testutil.cpp,setup_test_environment,206,208,HANDWRITTEN_CPP,False,CPP_UNVERIFIED,B_DIRECT_MIGRATION,ordinary C++ control/data-flow without detected boundary
tests/testutil.cpp,msleep,232,234,HANDWRITTEN_CPP,False,CPP_UNVERIFIED,B_DIRECT_MIGRATION,ordinary C++ control/data-flow without detected boundary
tests/testutil.cpp,is_ipv6_available,241,243,HANDWRITTEN_CPP,False,CPP_UNVERIFIED,D_BOUNDARY,external/runtime/raw-pointer boundary
tests/testutil.cpp,is_tipc_available,288,290,HANDWRITTEN_CPP,False,CPP_UNVERIFIED,D_BOUNDARY,external/runtime/raw-pointer boundary
tests/testutil.cpp,is_vsock_available,308,310,HANDWRITTEN_CPP,False,CPP_UNVERIFIED,D_BOUNDARY,external/runtime/raw-pointer boundary
tests/testutil.cpp,test_inet_pton,335,337,HANDWRITTEN_CPP,False,CPP_UNVERIFIED,B_DIRECT_MIGRATION,ordinary C++ control/data-flow without detected boundary
tests/testutil.cpp,bind_bsd_socket,361,363,HANDWRITTEN_CPP,False,CPP_UNVERIFIED,B_DIRECT_MIGRATION,ordinary C++ control/data-flow without detected boundary
tests/testutil.cpp,connect_socket,385,387,HANDWRITTEN_CPP,False,CPP_UNVERIFIED,D_BOUNDARY,external/runtime/raw-pointer boundary
tests/testutil.cpp,bind_socket_resolve_port,442,448,HANDWRITTEN_CPP,False,CPP_UNVERIFIED,D_BOUNDARY,external/runtime/raw-pointer boundary
tests/testutil.cpp,streq,540,542,HANDWRITTEN_CPP,False,CPP_UNVERIFIED,B_DIRECT_MIGRATION,ordinary C++ control/data-flow without detected boundary
tests/testutil.cpp,strneq,545,547,HANDWRITTEN_CPP,False,CPP_UNVERIFIED,B_DIRECT_MIGRATION,ordinary C++ control/data-flow without detected boundary
tests/testutil.cpp,fuzzer_corpus_encode,552,556,HANDWRITTEN_CPP,False,CPP_UNVERIFIED,B_DIRECT_MIGRATION,ordinary C++ control/data-flow without detected boundary
tests/testutil.cpp,fuzzer_corpus_encode,566,571,HANDWRITTEN_CPP,False,CPP_UNVERIFIED,D_BOUNDARY,external/runtime/raw-pointer boundary
tests/testutil_monitoring.cpp,receive_monitor_address,7,10,HANDWRITTEN_CPP,False,CPP_UNVERIFIED,D_BOUNDARY,external/runtime/raw-pointer boundary
tests/testutil_monitoring.cpp,get_monitor_event_internal,34,38,HANDWRITTEN_CPP,False,CPP_UNVERIFIED,B_DIRECT_MIGRATION,ordinary C++ control/data-flow without detected boundary
tests/testutil_monitoring.cpp,get_monitor_event_with_timeout,59,64,HANDWRITTEN_CPP,False,CPP_UNVERIFIED,B_DIRECT_MIGRATION,ordinary C++ control/data-flow without detected boundary
tests/testutil_monitoring.cpp,get_monitor_event,90,92,HANDWRITTEN_CPP,False,CPP_UNVERIFIED,B_DIRECT_MIGRATION,ordinary C++ control/data-flow without detected boundary
tests/testutil_monitoring.cpp,expect_monitor_event,95,97,HANDWRITTEN_CPP,False,CPP_UNVERIFIED,B_DIRECT_MIGRATION,ordinary C++ control/data-flow without detected boundary
tests/testutil_monitoring.cpp,print_unexpected_event,101,108,HANDWRITTEN_CPP,False,CPP_UNVERIFIED,B_DIRECT_MIGRATION,ordinary C++ control/data-flow without detected boundary
tests/testutil_monitoring.cpp,print_unexpected_event_stderr,115,120,HANDWRITTEN_CPP,False,CPP_UNVERIFIED,B_DIRECT_MIGRATION,ordinary C++ control/data-flow without detected boundary
tests/testutil_monitoring.cpp,expect_monitor_event_multiple,126,131,HANDWRITTEN_CPP,False,CPP_UNVERIFIED,B_DIRECT_MIGRATION,ordinary C++ control/data-flow without detected boundary
tests/testutil_monitoring.cpp,get_monitor_event_internal_v2,181,187,HANDWRITTEN_CPP,False,CPP_UNVERIFIED,B_DIRECT_MIGRATION,ordinary C++ control/data-flow without detected boundary
tests/testutil_monitoring.cpp,get_monitor_event_with_timeout_v2,246,252,HANDWRITTEN_CPP,False,CPP_UNVERIFIED,B_DIRECT_MIGRATION,ordinary C++ control/data-flow without detected boundary
tests/testutil_monitoring.cpp,get_monitor_event_v2,279,284,HANDWRITTEN_CPP,False,CPP_UNVERIFIED,B_DIRECT_MIGRATION,ordinary C++ control/data-flow without detected boundary
tests/testutil_monitoring.cpp,expect_monitor_event_v2,288,293,HANDWRITTEN_CPP,False,CPP_UNVERIFIED,D_BOUNDARY,external/runtime/raw-pointer boundary
tests/testutil_monitoring.cpp,print_events,364,366,HANDWRITTEN_CPP,False,CPP_UNVERIFIED,D_BOUNDARY,external/runtime/raw-pointer boundary
tests/testutil_security.cpp,socket_config_null_client,8,10,HANDWRITTEN_CPP,False,CPP_UNVERIFIED,B_DIRECT_MIGRATION,ordinary C++ control/data-flow without detected boundary
tests/testutil_security.cpp,socket_config_null_server,14,16,HANDWRITTEN_CPP,False,CPP_UNVERIFIED,B_DIRECT_MIGRATION,ordinary C++ control/data-flow without detected boundary
tests/testutil_security.cpp,socket_config_plain_client,30,32,HANDWRITTEN_CPP,False,CPP_UNVERIFIED,B_DIRECT_MIGRATION,ordinary C++ control/data-flow without detected boundary
tests/testutil_security.cpp,socket_config_plain_server,40,42,HANDWRITTEN_CPP,False,CPP_UNVERIFIED,B_DIRECT_MIGRATION,ordinary C++ control/data-flow without detected boundary
tests/testutil_security.cpp,setup_testutil_security_curve,56,58,HANDWRITTEN_CPP,False,CPP_UNVERIFIED,B_DIRECT_MIGRATION,ordinary C++ control/data-flow without detected boundary
tests/testutil_security.cpp,socket_config_curve_server,65,67,HANDWRITTEN_CPP,False,CPP_UNVERIFIED,B_DIRECT_MIGRATION,ordinary C++ control/data-flow without detected boundary
tests/testutil_security.cpp,socket_config_curve_client,82,84,HANDWRITTEN_CPP,False,CPP_UNVERIFIED,B_DIRECT_MIGRATION,ordinary C++ control/data-flow without detected boundary
tests/testutil_security.cpp,zap_handler_generic,97,100,HANDWRITTEN_CPP,False,CPP_UNVERIFIED,D_BOUNDARY,external/runtime/raw-pointer boundary
tests/testutil_security.cpp,zap_handler,237,239,HANDWRITTEN_CPP,False,CPP_UNVERIFIED,B_DIRECT_MIGRATION,ordinary C++ control/data-flow without detected boundary
tests/testutil_security.cpp,setup_handshake_socket_monitor,242,246,HANDWRITTEN_CPP,False,CPP_UNVERIFIED,B_DIRECT_MIGRATION,ordinary C++ control/data-flow without detected boundary
tests/testutil_security.cpp,setup_context_and_server_side,263,273,HANDWRITTEN_CPP,False,CPP_UNVERIFIED,B_DIRECT_MIGRATION,ordinary C++ control/data-flow without detected boundary
tests/testutil_security.cpp,shutdown_context_and_server_side,313,319,HANDWRITTEN_CPP,False,CPP_UNVERIFIED,B_DIRECT_MIGRATION,ordinary C++ control/data-flow without detected boundary
tests/testutil_security.cpp,expect_new_client_bounce_fail,361,369,HANDWRITTEN_CPP,False,CPP_UNVERIFIED,D_BOUNDARY,external/runtime/raw-pointer boundary
tests/testutil_unity.cpp,test_assert_success_message_errno_helper,12,17,HANDWRITTEN_CPP,False,CPP_UNVERIFIED,B_DIRECT_MIGRATION,ordinary C++ control/data-flow without detected boundary
tests/testutil_unity.cpp,test_assert_success_message_raw_errno_helper,30,33,HANDWRITTEN_CPP,False,CPP_UNVERIFIED,B_DIRECT_MIGRATION,ordinary C++ control/data-flow without detected boundary
tests/testutil_unity.cpp,test_assert_success_message_raw_zero_errno_helper,52,57,HANDWRITTEN_CPP,False,CPP_UNVERIFIED,B_DIRECT_MIGRATION,ordinary C++ control/data-flow without detected boundary
tests/testutil_unity.cpp,test_assert_failure_message_raw_errno_helper,61,64,HANDWRITTEN_CPP,False,CPP_UNVERIFIED,B_DIRECT_MIGRATION,ordinary C++ control/data-flow without detected boundary
tests/testutil_unity.cpp,send_string_expect_success,93,95,HANDWRITTEN_CPP,False,CPP_UNVERIFIED,B_DIRECT_MIGRATION,ordinary C++ control/data-flow without detected boundary
tests/testutil_unity.cpp,recv_string_expect_success,100,102,HANDWRITTEN_CPP,False,CPP_UNVERIFIED,B_DIRECT_MIGRATION,ordinary C++ control/data-flow without detected boundary
tests/testutil_unity.cpp,internal_manage_test_sockets,133,135,HANDWRITTEN_CPP,False,CPP_UNVERIFIED,D_BOUNDARY,external/runtime/raw-pointer boundary
tests/testutil_unity.cpp,setup_test_context,178,180,HANDWRITTEN_CPP,False,CPP_UNVERIFIED,B_DIRECT_MIGRATION,ordinary C++ control/data-flow without detected boundary
tests/testutil_unity.cpp,teardown_test_context,188,190,HANDWRITTEN_CPP,False,CPP_UNVERIFIED,B_DIRECT_MIGRATION,ordinary C++ control/data-flow without detected boundary
tests/testutil_unity.cpp,test_bind,222,227,HANDWRITTEN_CPP,False,CPP_UNVERIFIED,B_DIRECT_MIGRATION,ordinary C++ control/data-flow without detected boundary
tests/testutil_unity.cpp,bind_loopback,232,234,HANDWRITTEN_CPP,False,CPP_UNVERIFIED,B_DIRECT_MIGRATION,ordinary C++ control/data-flow without detected boundary
tests/testutil_unity.cpp,bind_loopback_ipv4,245,247,HANDWRITTEN_CPP,False,CPP_UNVERIFIED,B_DIRECT_MIGRATION,ordinary C++ control/data-flow without detected boundary
tests/testutil_unity.cpp,bind_loopback_ipv6,250,252,HANDWRITTEN_CPP,False,CPP_UNVERIFIED,B_DIRECT_MIGRATION,ordinary C++ control/data-flow without detected boundary
tests/testutil_unity.cpp,bind_loopback_ipc,255,257,HANDWRITTEN_CPP,False,CPP_UNVERIFIED,B_DIRECT_MIGRATION,ordinary C++ control/data-flow without detected boundary
tests/testutil_unity.cpp,bind_loopback_tipc,264,266,HANDWRITTEN_CPP,False,CPP_UNVERIFIED,B_DIRECT_MIGRATION,ordinary C++ control/data-flow without detected boundary
tests/testutil_unity.cpp,make_random_ipc_endpoint,275,276,HANDWRITTEN_CPP,False,CPP_UNVERIFIED,B_DIRECT_MIGRATION,ordinary C++ control/data-flow without detected boundary
tests/testutil_unity.hpp,send_array_expect_success,131,135,HANDWRITTEN_CPP,False,CPP_UNVERIFIED,B_DIRECT_MIGRATION,ordinary C++ control/data-flow without detected boundary
tests/testutil_unity.hpp,recv_array_expect_success,147,151,HANDWRITTEN_CPP,False,CPP_UNVERIFIED,B_DIRECT_MIGRATION,ordinary C++ control/data-flow without detected boundary
tools/curve_keygen.cpp,main,6,8,HANDWRITTEN_CPP,False,CPP_UNVERIFIED,B_DIRECT_MIGRATION,ordinary C++ control/data-flow without detected boundary
unittests/unittest_curve_encoding.cpp,setUp,17,19,HANDWRITTEN_CPP,False,CPP_UNVERIFIED,B_DIRECT_MIGRATION,ordinary C++ control/data-flow without detected boundary
unittests/unittest_curve_encoding.cpp,tearDown,21,23,HANDWRITTEN_CPP,False,CPP_UNVERIFIED,B_DIRECT_MIGRATION,ordinary C++ control/data-flow without detected boundary
unittests/unittest_curve_encoding.cpp,test_roundtrip,25,27,HANDWRITTEN_CPP,False,CPP_UNVERIFIED,D_BOUNDARY,external/runtime/raw-pointer boundary
unittests/unittest_curve_encoding.cpp,test_roundtrip_empty,72,74,HANDWRITTEN_CPP,False,CPP_UNVERIFIED,D_BOUNDARY,external/runtime/raw-pointer boundary
unittests/unittest_curve_encoding.cpp,test_roundtrip_small,85,87,HANDWRITTEN_CPP,False,CPP_UNVERIFIED,D_BOUNDARY,external/runtime/raw-pointer boundary
unittests/unittest_curve_encoding.cpp,test_roundtrip_large,99,101,HANDWRITTEN_CPP,False,CPP_UNVERIFIED,D_BOUNDARY,external/runtime/raw-pointer boundary
unittests/unittest_curve_encoding.cpp,test_roundtrip_empty_more,116,118,HANDWRITTEN_CPP,False,CPP_UNVERIFIED,D_BOUNDARY,external/runtime/raw-pointer boundary
unittests/unittest_curve_encoding.cpp,main,131,133,HANDWRITTEN_CPP,False,CPP_UNVERIFIED,B_DIRECT_MIGRATION,ordinary C++ control/data-flow without detected boundary
unittests/unittest_ip_resolver.cpp,setUp,17,19,HANDWRITTEN_CPP,False,CPP_UNVERIFIED,B_DIRECT_MIGRATION,ordinary C++ control/data-flow without detected boundary
unittests/unittest_ip_resolver.cpp,tearDown,21,23,HANDWRITTEN_CPP,False,CPP_UNVERIFIED,B_DIRECT_MIGRATION,ordinary C++ control/data-flow without detected boundary
unittests/unittest_ip_resolver.cpp,test_ip_resolver_t,28,31,HANDWRITTEN_CPP,False,CPP_UNVERIFIED,B_DIRECT_MIGRATION,ordinary C++ control/data-flow without detected boundary
unittests/unittest_ip_resolver.cpp,test_resolve,121,127,HANDWRITTEN_CPP,False,CPP_UNVERIFIED,B_DIRECT_MIGRATION,ordinary C++ control/data-flow without detected boundary
unittests/unittest_ip_resolver.cpp,test_bind_any,160,162,HANDWRITTEN_CPP,False,CPP_UNVERIFIED,D_BOUNDARY,external/runtime/raw-pointer boundary
unittests/unittest_ip_resolver.cpp,test_bind_any_port0,171,173,HANDWRITTEN_CPP,False,CPP_UNVERIFIED,D_BOUNDARY,external/runtime/raw-pointer boundary
unittests/unittest_ip_resolver.cpp,test_nobind_any,183,185,HANDWRITTEN_CPP,False,CPP_UNVERIFIED,B_DIRECT_MIGRATION,ordinary C++ control/data-flow without detected boundary
unittests/unittest_ip_resolver.cpp,test_nobind_any_port,195,197,HANDWRITTEN_CPP,False,CPP_UNVERIFIED,B_DIRECT_MIGRATION,ordinary C++ control/data-flow without detected boundary
unittests/unittest_ip_resolver.cpp,test_nobind_addr_anyport,207,209,HANDWRITTEN_CPP,False,CPP_UNVERIFIED,B_DIRECT_MIGRATION,ordinary C++ control/data-flow without detected boundary
unittests/unittest_ip_resolver.cpp,test_nobind_addr_port0,218,220,HANDWRITTEN_CPP,False,CPP_UNVERIFIED,D_BOUNDARY,external/runtime/raw-pointer boundary
unittests/unittest_ip_resolver.cpp,test_parse_ipv4_simple,232,234,HANDWRITTEN_CPP,False,CPP_UNVERIFIED,B_DIRECT_MIGRATION,ordinary C++ control/data-flow without detected boundary
unittests/unittest_ip_resolver.cpp,test_parse_ipv4_zero,239,241,HANDWRITTEN_CPP,False,CPP_UNVERIFIED,B_DIRECT_MIGRATION,ordinary C++ control/data-flow without detected boundary
unittests/unittest_ip_resolver.cpp,test_parse_ipv4_max,246,248,HANDWRITTEN_CPP,False,CPP_UNVERIFIED,B_DIRECT_MIGRATION,ordinary C++ control/data-flow without detected boundary
unittests/unittest_ip_resolver.cpp,test_parse_ipv4_brackets,253,255,HANDWRITTEN_CPP,False,CPP_UNVERIFIED,B_DIRECT_MIGRATION,ordinary C++ control/data-flow without detected boundary
unittests/unittest_ip_resolver.cpp,test_parse_ipv4_brackets_missingl,261,263,HANDWRITTEN_CPP,False,CPP_UNVERIFIED,B_DIRECT_MIGRATION,ordinary C++ control/data-flow without detected boundary
unittests/unittest_ip_resolver.cpp,test_parse_ipv4_brackets_missingr,268,270,HANDWRITTEN_CPP,False,CPP_UNVERIFIED,B_DIRECT_MIGRATION,ordinary C++ control/data-flow without detected boundary
unittests/unittest_ip_resolver.cpp,test_parse_ipv4_brackets_bad,275,277,HANDWRITTEN_CPP,False,CPP_UNVERIFIED,B_DIRECT_MIGRATION,ordinary C++ control/data-flow without detected boundary
unittests/unittest_ip_resolver.cpp,test_parse_ipv4_reject_port,282,284,HANDWRITTEN_CPP,False,CPP_UNVERIFIED,B_DIRECT_MIGRATION,ordinary C++ control/data-flow without detected boundary
unittests/unittest_ip_resolver.cpp,test_parse_ipv4_reject_any,290,292,HANDWRITTEN_CPP,False,CPP_UNVERIFIED,B_DIRECT_MIGRATION,ordinary C++ control/data-flow without detected boundary
unittests/unittest_ip_resolver.cpp,test_parse_ipv4_reject_ipv6,298,300,HANDWRITTEN_CPP,False,CPP_UNVERIFIED,B_DIRECT_MIGRATION,ordinary C++ control/data-flow without detected boundary
unittests/unittest_ip_resolver.cpp,test_parse_ipv4_port,306,308,HANDWRITTEN_CPP,False,CPP_UNVERIFIED,B_DIRECT_MIGRATION,ordinary C++ control/data-flow without detected boundary
unittests/unittest_ip_resolver.cpp,test_parse_ipv4_port0,315,317,HANDWRITTEN_CPP,False,CPP_UNVERIFIED,B_DIRECT_MIGRATION,ordinary C++ control/data-flow without detected boundary
unittests/unittest_ip_resolver.cpp,test_parse_ipv4_port_garbage,325,327,HANDWRITTEN_CPP,False,CPP_UNVERIFIED,B_DIRECT_MIGRATION,ordinary C++ control/data-flow without detected boundary
unittests/unittest_ip_resolver.cpp,test_parse_ipv4_port_missing,335,337,HANDWRITTEN_CPP,False,CPP_UNVERIFIED,B_DIRECT_MIGRATION,ordinary C++ control/data-flow without detected boundary
unittests/unittest_ip_resolver.cpp,test_parse_ipv4_port_bad,344,346,HANDWRITTEN_CPP,False,CPP_UNVERIFIED,B_DIRECT_MIGRATION,ordinary C++ control/data-flow without detected boundary
unittests/unittest_ip_resolver.cpp,test_parse_ipv4_port_brackets,353,355,HANDWRITTEN_CPP,False,CPP_UNVERIFIED,B_DIRECT_MIGRATION,ordinary C++ control/data-flow without detected boundary
unittests/unittest_ip_resolver.cpp,test_parse_ipv4_port_brackets_bad,362,364,HANDWRITTEN_CPP,False,CPP_UNVERIFIED,B_DIRECT_MIGRATION,ordinary C++ control/data-flow without detected boundary
unittests/unittest_ip_resolver.cpp,test_parse_ipv4_port_brackets_bad2,371,373,HANDWRITTEN_CPP,False,CPP_UNVERIFIED,B_DIRECT_MIGRATION,ordinary C++ control/data-flow without detected boundary
unittests/unittest_ip_resolver.cpp,test_parse_ipv4_wild_brackets_bad,380,382,HANDWRITTEN_CPP,False,CPP_UNVERIFIED,B_DIRECT_MIGRATION,ordinary C++ control/data-flow without detected boundary
unittests/unittest_ip_resolver.cpp,test_parse_ipv4_port_ipv6_reject,389,391,HANDWRITTEN_CPP,False,CPP_UNVERIFIED,B_DIRECT_MIGRATION,ordinary C++ control/data-flow without detected boundary
unittests/unittest_ip_resolver.cpp,test_parse_ipv6_simple,398,400,HANDWRITTEN_CPP,False,CPP_UNVERIFIED,B_DIRECT_MIGRATION,ordinary C++ control/data-flow without detected boundary
unittests/unittest_ip_resolver.cpp,test_parse_ipv6_simple2,407,409,HANDWRITTEN_CPP,False,CPP_UNVERIFIED,B_DIRECT_MIGRATION,ordinary C++ control/data-flow without detected boundary
unittests/unittest_ip_resolver.cpp,test_parse_ipv6_zero,416,418,HANDWRITTEN_CPP,False,CPP_UNVERIFIED,B_DIRECT_MIGRATION,ordinary C++ control/data-flow without detected boundary
unittests/unittest_ip_resolver.cpp,test_parse_ipv6_max,425,427,HANDWRITTEN_CPP,False,CPP_UNVERIFIED,B_DIRECT_MIGRATION,ordinary C++ control/data-flow without detected boundary
unittests/unittest_ip_resolver.cpp,test_parse_ipv6_brackets,435,437,HANDWRITTEN_CPP,False,CPP_UNVERIFIED,B_DIRECT_MIGRATION,ordinary C++ control/data-flow without detected boundary
unittests/unittest_ip_resolver.cpp,test_parse_ipv6_brackets_missingl,444,446,HANDWRITTEN_CPP,False,CPP_UNVERIFIED,B_DIRECT_MIGRATION,ordinary C++ control/data-flow without detected boundary
unittests/unittest_ip_resolver.cpp,test_parse_ipv6_brackets_missingr,453,455,HANDWRITTEN_CPP,False,CPP_UNVERIFIED,B_DIRECT_MIGRATION,ordinary C++ control/data-flow without detected boundary
unittests/unittest_ip_resolver.cpp,test_parse_ipv6_brackets_bad,462,464,HANDWRITTEN_CPP,False,CPP_UNVERIFIED,B_DIRECT_MIGRATION,ordinary C++ control/data-flow without detected boundary
unittests/unittest_ip_resolver.cpp,test_parse_ipv6_port,471,473,HANDWRITTEN_CPP,False,CPP_UNVERIFIED,B_DIRECT_MIGRATION,ordinary C++ control/data-flow without detected boundary
unittests/unittest_ip_resolver.cpp,test_parse_ipv6_port_any,480,482,HANDWRITTEN_CPP,False,CPP_UNVERIFIED,B_DIRECT_MIGRATION,ordinary C++ control/data-flow without detected boundary
unittests/unittest_ip_resolver.cpp,test_parse_ipv6_port_nobrackets,489,491,HANDWRITTEN_CPP,False,CPP_UNVERIFIED,B_DIRECT_MIGRATION,ordinary C++ control/data-flow without detected boundary
unittests/unittest_ip_resolver.cpp,test_parse_ipv4_in_ipv6,500,502,HANDWRITTEN_CPP,False,CPP_UNVERIFIED,B_DIRECT_MIGRATION,ordinary C++ control/data-flow without detected boundary
unittests/unittest_ip_resolver.cpp,test_parse_ipv4_in_ipv6_port,513,515,HANDWRITTEN_CPP,False,CPP_UNVERIFIED,B_DIRECT_MIGRATION,ordinary C++ control/data-flow without detected boundary
unittests/unittest_ip_resolver.cpp,test_parse_ipv6_scope_int,523,525,HANDWRITTEN_CPP,False,CPP_UNVERIFIED,B_DIRECT_MIGRATION,ordinary C++ control/data-flow without detected boundary
unittests/unittest_ip_resolver.cpp,test_parse_ipv6_scope_zero,532,534,HANDWRITTEN_CPP,False,CPP_UNVERIFIED,B_DIRECT_MIGRATION,ordinary C++ control/data-flow without detected boundary
unittests/unittest_ip_resolver.cpp,test_parse_ipv6_scope_int_port,541,543,HANDWRITTEN_CPP,False,CPP_UNVERIFIED,B_DIRECT_MIGRATION,ordinary C++ control/data-flow without detected boundary
unittests/unittest_ip_resolver.cpp,test_parse_ipv6_scope_if,551,553,HANDWRITTEN_CPP,False,CPP_UNVERIFIED,B_DIRECT_MIGRATION,ordinary C++ control/data-flow without detected boundary
unittests/unittest_ip_resolver.cpp,test_parse_ipv6_scope_if_port,561,563,HANDWRITTEN_CPP,False,CPP_UNVERIFIED,B_DIRECT_MIGRATION,ordinary C++ control/data-flow without detected boundary
unittests/unittest_ip_resolver.cpp,test_parse_ipv6_scope_if_port_brackets,571,573,HANDWRITTEN_CPP,False,CPP_UNVERIFIED,B_DIRECT_MIGRATION,ordinary C++ control/data-flow without detected boundary
unittests/unittest_ip_resolver.cpp,test_parse_ipv6_scope_badif,581,583,HANDWRITTEN_CPP,False,CPP_UNVERIFIED,B_DIRECT_MIGRATION,ordinary C++ control/data-flow without detected boundary
unittests/unittest_ip_resolver.cpp,test_dns_ipv4_simple,590,592,HANDWRITTEN_CPP,False,CPP_UNVERIFIED,B_DIRECT_MIGRATION,ordinary C++ control/data-flow without detected boundary
unittests/unittest_ip_resolver.cpp,test_dns_ipv4_only,599,601,HANDWRITTEN_CPP,False,CPP_UNVERIFIED,B_DIRECT_MIGRATION,ordinary C++ control/data-flow without detected boundary
unittests/unittest_ip_resolver.cpp,test_dns_ipv4_invalid,608,610,HANDWRITTEN_CPP,False,CPP_UNVERIFIED,B_DIRECT_MIGRATION,ordinary C++ control/data-flow without detected boundary
unittests/unittest_ip_resolver.cpp,test_dns_ipv4_ipv6,617,619,HANDWRITTEN_CPP,False,CPP_UNVERIFIED,B_DIRECT_MIGRATION,ordinary C++ control/data-flow without detected boundary
unittests/unittest_ip_resolver.cpp,test_dns_ipv4_numeric,626,628,HANDWRITTEN_CPP,False,CPP_UNVERIFIED,B_DIRECT_MIGRATION,ordinary C++ control/data-flow without detected boundary
unittests/unittest_ip_resolver.cpp,test_dns_ipv4_port,636,638,HANDWRITTEN_CPP,False,CPP_UNVERIFIED,B_DIRECT_MIGRATION,ordinary C++ control/data-flow without detected boundary
unittests/unittest_ip_resolver.cpp,test_dns_ipv6_simple,645,647,HANDWRITTEN_CPP,False,CPP_UNVERIFIED,B_DIRECT_MIGRATION,ordinary C++ control/data-flow without detected boundary
unittests/unittest_ip_resolver.cpp,test_dns_ipv6_only,654,656,HANDWRITTEN_CPP,False,CPP_UNVERIFIED,B_DIRECT_MIGRATION,ordinary C++ control/data-flow without detected boundary
unittests/unittest_ip_resolver.cpp,test_dns_ipv6_invalid,663,665,HANDWRITTEN_CPP,False,CPP_UNVERIFIED,B_DIRECT_MIGRATION,ordinary C++ control/data-flow without detected boundary
unittests/unittest_ip_resolver.cpp,test_dns_ipv6_ipv4,672,674,HANDWRITTEN_CPP,False,CPP_UNVERIFIED,B_DIRECT_MIGRATION,ordinary C++ control/data-flow without detected boundary
unittests/unittest_ip_resolver.cpp,test_dns_ipv6_numeric,683,685,HANDWRITTEN_CPP,False,CPP_UNVERIFIED,B_DIRECT_MIGRATION,ordinary C++ control/data-flow without detected boundary
unittests/unittest_ip_resolver.cpp,test_dns_ipv6_port,693,695,HANDWRITTEN_CPP,False,CPP_UNVERIFIED,B_DIRECT_MIGRATION,ordinary C++ control/data-flow without detected boundary
unittests/unittest_ip_resolver.cpp,test_dns_brackets,703,705,HANDWRITTEN_CPP,False,CPP_UNVERIFIED,B_DIRECT_MIGRATION,ordinary C++ control/data-flow without detected boundary
unittests/unittest_ip_resolver.cpp,test_dns_brackets_bad,712,714,HANDWRITTEN_CPP,False,CPP_UNVERIFIED,B_DIRECT_MIGRATION,ordinary C++ control/data-flow without detected boundary
unittests/unittest_ip_resolver.cpp,test_dns_brackets_port,721,723,HANDWRITTEN_CPP,False,CPP_UNVERIFIED,B_DIRECT_MIGRATION,ordinary C++ control/data-flow without detected boundary
unittests/unittest_ip_resolver.cpp,test_dns_brackets_port_bad,730,732,HANDWRITTEN_CPP,False,CPP_UNVERIFIED,B_DIRECT_MIGRATION,ordinary C++ control/data-flow without detected boundary
unittests/unittest_ip_resolver.cpp,test_dns_deny,739,741,HANDWRITTEN_CPP,False,CPP_UNVERIFIED,B_DIRECT_MIGRATION,ordinary C++ control/data-flow without detected boundary
unittests/unittest_ip_resolver.cpp,test_dns_ipv6_scope,750,752,HANDWRITTEN_CPP,False,CPP_UNVERIFIED,B_DIRECT_MIGRATION,ordinary C++ control/data-flow without detected boundary
unittests/unittest_ip_resolver.cpp,test_dns_ipv6_scope_port,762,764,HANDWRITTEN_CPP,False,CPP_UNVERIFIED,B_DIRECT_MIGRATION,ordinary C++ control/data-flow without detected boundary
unittests/unittest_ip_resolver.cpp,test_dns_ipv6_scope_port_brackets,774,776,HANDWRITTEN_CPP,False,CPP_UNVERIFIED,B_DIRECT_MIGRATION,ordinary C++ control/data-flow without detected boundary
unittests/unittest_ip_resolver.cpp,test_addr,784,786,HANDWRITTEN_CPP,False,CPP_UNVERIFIED,B_DIRECT_MIGRATION,ordinary C++ control/data-flow without detected boundary
unittests/unittest_ip_resolver.cpp,test_addr_unicast_ipv4,803,805,HANDWRITTEN_CPP,False,CPP_UNVERIFIED,B_DIRECT_MIGRATION,ordinary C++ control/data-flow without detected boundary
unittests/unittest_ip_resolver.cpp,test_addr_unicast_ipv6,808,810,HANDWRITTEN_CPP,False,CPP_UNVERIFIED,B_DIRECT_MIGRATION,ordinary C++ control/data-flow without detected boundary
unittests/unittest_ip_resolver.cpp,test_addr_multicast_ipv4,813,815,HANDWRITTEN_CPP,False,CPP_UNVERIFIED,B_DIRECT_MIGRATION,ordinary C++ control/data-flow without detected boundary
unittests/unittest_ip_resolver.cpp,test_addr_multicast_ipv6,818,820,HANDWRITTEN_CPP,False,CPP_UNVERIFIED,B_DIRECT_MIGRATION,ordinary C++ control/data-flow without detected boundary
unittests/unittest_ip_resolver.cpp,test_addr_multicast_ipv4_min,823,825,HANDWRITTEN_CPP,False,CPP_UNVERIFIED,B_DIRECT_MIGRATION,ordinary C++ control/data-flow without detected boundary
unittests/unittest_ip_resolver.cpp,test_addr_multicast_ipv6_min,828,830,HANDWRITTEN_CPP,False,CPP_UNVERIFIED,B_DIRECT_MIGRATION,ordinary C++ control/data-flow without detected boundary
unittests/unittest_ip_resolver.cpp,test_addr_multicast_ipv4_max,833,835,HANDWRITTEN_CPP,False,CPP_UNVERIFIED,B_DIRECT_MIGRATION,ordinary C++ control/data-flow without detected boundary
unittests/unittest_ip_resolver.cpp,test_addr_multicast_ipv6_max,838,840,HANDWRITTEN_CPP,False,CPP_UNVERIFIED,B_DIRECT_MIGRATION,ordinary C++ control/data-flow without detected boundary
unittests/unittest_ip_resolver.cpp,test_addr_multicast_ipv4_sub,843,845,HANDWRITTEN_CPP,False,CPP_UNVERIFIED,B_DIRECT_MIGRATION,ordinary C++ control/data-flow without detected boundary
unittests/unittest_ip_resolver.cpp,test_addr_multicast_ipv6_sub,848,850,HANDWRITTEN_CPP,False,CPP_UNVERIFIED,B_DIRECT_MIGRATION,ordinary C++ control/data-flow without detected boundary
unittests/unittest_ip_resolver.cpp,test_addr_multicast_ipv4_over,853,855,HANDWRITTEN_CPP,False,CPP_UNVERIFIED,B_DIRECT_MIGRATION,ordinary C++ control/data-flow without detected boundary
unittests/unittest_ip_resolver.cpp,main,858,860,HANDWRITTEN_CPP,False,CPP_UNVERIFIED,B_DIRECT_MIGRATION,ordinary C++ control/data-flow without detected boundary
unittests/unittest_mtrie.cpp,setUp,12,14,HANDWRITTEN_CPP,False,CPP_UNVERIFIED,B_DIRECT_MIGRATION,ordinary C++ control/data-flow without detected boundary
unittests/unittest_mtrie.cpp,tearDown,16,17,HANDWRITTEN_CPP,False,CPP_UNVERIFIED,B_DIRECT_MIGRATION,ordinary C++ control/data-flow without detected boundary
unittests/unittest_mtrie.cpp,getlen,19,21,HANDWRITTEN_CPP,False,CPP_UNVERIFIED,D_BOUNDARY,external/runtime/raw-pointer boundary
unittests/unittest_mtrie.cpp,test_create,24,26,HANDWRITTEN_CPP,False,CPP_UNVERIFIED,B_DIRECT_MIGRATION,ordinary C++ control/data-flow without detected boundary
unittests/unittest_mtrie.cpp,mtrie_count,29,31,HANDWRITTEN_CPP,False,CPP_UNVERIFIED,B_DIRECT_MIGRATION,ordinary C++ control/data-flow without detected boundary
unittests/unittest_mtrie.cpp,test_check_empty_match_nonempty_data,35,37,HANDWRITTEN_CPP,False,CPP_UNVERIFIED,B_DIRECT_MIGRATION,ordinary C++ control/data-flow without detected boundary
unittests/unittest_mtrie.cpp,test_check_empty_match_empty_data,46,48,HANDWRITTEN_CPP,False,CPP_UNVERIFIED,B_DIRECT_MIGRATION,ordinary C++ control/data-flow without detected boundary
unittests/unittest_mtrie.cpp,test_add_single_entry_match_exact,55,57,HANDWRITTEN_CPP,False,CPP_UNVERIFIED,B_DIRECT_MIGRATION,ordinary C++ control/data-flow without detected boundary
unittests/unittest_mtrie.cpp,test_add_single_entry_twice_match_exact,73,75,HANDWRITTEN_CPP,False,CPP_UNVERIFIED,B_DIRECT_MIGRATION,ordinary C++ control/data-flow without detected boundary
unittests/unittest_mtrie.cpp,test_add_two_entries_with_same_name_match_exact,94,96,HANDWRITTEN_CPP,False,CPP_UNVERIFIED,B_DIRECT_MIGRATION,ordinary C++ control/data-flow without detected boundary
unittests/unittest_mtrie.cpp,test_add_two_entries_match_prefix_and_exact,115,117,HANDWRITTEN_CPP,False,CPP_UNVERIFIED,B_DIRECT_MIGRATION,ordinary C++ control/data-flow without detected boundary
unittests/unittest_mtrie.cpp,test_add_rm_single_entry_match_exact,138,140,HANDWRITTEN_CPP,False,CPP_UNVERIFIED,B_DIRECT_MIGRATION,ordinary C++ control/data-flow without detected boundary
unittests/unittest_mtrie.cpp,test_rm_nonexistent_0_size_empty,157,159,HANDWRITTEN_CPP,False,CPP_UNVERIFIED,B_DIRECT_MIGRATION,ordinary C++ control/data-flow without detected boundary
unittests/unittest_mtrie.cpp,test_rm_nonexistent_empty,167,169,HANDWRITTEN_CPP,False,CPP_UNVERIFIED,B_DIRECT_MIGRATION,ordinary C++ control/data-flow without detected boundary
unittests/unittest_mtrie.cpp,test_add_and_rm_other,184,186,HANDWRITTEN_CPP,False,CPP_UNVERIFIED,B_DIRECT_MIGRATION,ordinary C++ control/data-flow without detected boundary
unittests/unittest_mtrie.cpp,test_rm_nonexistent_nonempty_samename,217,219,HANDWRITTEN_CPP,False,CPP_UNVERIFIED,B_DIRECT_MIGRATION,ordinary C++ control/data-flow without detected boundary
unittests/unittest_mtrie.cpp,test_rm_nonexistent_nonempty_differentname,223,225,HANDWRITTEN_CPP,False,CPP_UNVERIFIED,B_DIRECT_MIGRATION,ordinary C++ control/data-flow without detected boundary
unittests/unittest_mtrie.cpp,test_rm_nonexistent_nonempty_prefix,228,230,HANDWRITTEN_CPP,False,CPP_UNVERIFIED,B_DIRECT_MIGRATION,ordinary C++ control/data-flow without detected boundary
unittests/unittest_mtrie.cpp,test_rm_nonexistent_nonempty_prefixed,234,236,HANDWRITTEN_CPP,False,CPP_UNVERIFIED,B_DIRECT_MIGRATION,ordinary C++ control/data-flow without detected boundary
unittests/unittest_mtrie.cpp,add_indexed_expect_unique,239,244,HANDWRITTEN_CPP,False,CPP_UNVERIFIED,B_DIRECT_MIGRATION,ordinary C++ control/data-flow without detected boundary
unittests/unittest_mtrie.cpp,test_rm_nonexistent_between,253,255,HANDWRITTEN_CPP,False,CPP_UNVERIFIED,D_BOUNDARY,external/runtime/raw-pointer boundary
unittests/unittest_mtrie.cpp,add_entries,272,277,HANDWRITTEN_CPP,False,CPP_UNVERIFIED,B_DIRECT_MIGRATION,ordinary C++ control/data-flow without detected boundary
unittests/unittest_mtrie.cpp,test_add_multiple,283,285,HANDWRITTEN_CPP,False,CPP_UNVERIFIED,D_BOUNDARY,external/runtime/raw-pointer boundary
unittests/unittest_mtrie.cpp,test_add_multiple_reverse,300,302,HANDWRITTEN_CPP,False,CPP_UNVERIFIED,D_BOUNDARY,external/runtime/raw-pointer boundary
unittests/unittest_mtrie.cpp,add_and_rm_entries,321,323,HANDWRITTEN_CPP,False,CPP_UNVERIFIED,B_DIRECT_MIGRATION,ordinary C++ control/data-flow without detected boundary
unittests/unittest_mtrie.cpp,test_rm_multiple_in_order,338,340,HANDWRITTEN_CPP,False,CPP_UNVERIFIED,D_BOUNDARY,external/runtime/raw-pointer boundary
unittests/unittest_mtrie.cpp,test_rm_multiple_reverse_order,344,346,HANDWRITTEN_CPP,False,CPP_UNVERIFIED,D_BOUNDARY,external/runtime/raw-pointer boundary
unittests/unittest_mtrie.cpp,check_name,350,354,HANDWRITTEN_CPP,False,CPP_UNVERIFIED,B_DIRECT_MIGRATION,ordinary C++ control/data-flow without detected boundary
unittests/unittest_mtrie.cpp,add_entries_rm_pipes_unique,358,360,HANDWRITTEN_CPP,False,CPP_UNVERIFIED,B_DIRECT_MIGRATION,ordinary C++ control/data-flow without detected boundary
unittests/unittest_mtrie.cpp,test_rm_with_callback_multiple_in_order,369,371,HANDWRITTEN_CPP,False,CPP_UNVERIFIED,D_BOUNDARY,external/runtime/raw-pointer boundary
unittests/unittest_mtrie.cpp,test_rm_with_callback_multiple_reverse_order,376,378,HANDWRITTEN_CPP,False,CPP_UNVERIFIED,D_BOUNDARY,external/runtime/raw-pointer boundary
unittests/unittest_mtrie.cpp,check_count,383,387,HANDWRITTEN_CPP,False,CPP_UNVERIFIED,B_DIRECT_MIGRATION,ordinary C++ control/data-flow without detected boundary
unittests/unittest_mtrie.cpp,add_duplicate_entry,394,396,HANDWRITTEN_CPP,False,CPP_UNVERIFIED,D_BOUNDARY,external/runtime/raw-pointer boundary
unittests/unittest_mtrie.cpp,test_rm_with_callback_duplicate,409,411,HANDWRITTEN_CPP,False,CPP_UNVERIFIED,B_DIRECT_MIGRATION,ordinary C++ control/data-flow without detected boundary
unittests/unittest_mtrie.cpp,test_rm_with_callback_duplicate_uniq_only,421,423,HANDWRITTEN_CPP,False,CPP_UNVERIFIED,B_DIRECT_MIGRATION,ordinary C++ control/data-flow without detected boundary
unittests/unittest_mtrie.cpp,main,433,435,HANDWRITTEN_CPP,False,CPP_UNVERIFIED,C_LOCAL_REFACTOR,"ownership, callback, threading, or template shape"
unittests/unittest_poller.cpp,setUp,15,17,HANDWRITTEN_CPP,False,CPP_UNVERIFIED,B_DIRECT_MIGRATION,ordinary C++ control/data-flow without detected boundary
unittests/unittest_poller.cpp,tearDown,19,20,HANDWRITTEN_CPP,False,CPP_UNVERIFIED,B_DIRECT_MIGRATION,ordinary C++ control/data-flow without detected boundary
unittests/unittest_poller.cpp,test_create,22,24,HANDWRITTEN_CPP,False,CPP_UNVERIFIED,B_DIRECT_MIGRATION,ordinary C++ control/data-flow without detected boundary
unittests/unittest_poller.cpp,test_start_empty,31,32,HANDWRITTEN_CPP,False,CPP_UNVERIFIED,B_DIRECT_MIGRATION,ordinary C++ control/data-flow without detected boundary
unittests/unittest_poller.cpp,set_handle,74,75,HANDWRITTEN_CPP,False,CPP_UNVERIFIED,B_DIRECT_MIGRATION,ordinary C++ control/data-flow without detected boundary
unittests/unittest_poller.cpp,wait_in_events,84,86,HANDWRITTEN_CPP,False,CPP_UNVERIFIED,D_BOUNDARY,external/runtime/raw-pointer boundary
unittests/unittest_poller.cpp,wait_timer_events,98,100,HANDWRITTEN_CPP,False,CPP_UNVERIFIED,D_BOUNDARY,external/runtime/raw-pointer boundary
unittests/unittest_poller.cpp,create_nonblocking_fdpair,112,114,HANDWRITTEN_CPP,False,CPP_UNVERIFIED,B_DIRECT_MIGRATION,ordinary C++ control/data-flow without detected boundary
unittests/unittest_poller.cpp,send_signal,122,124,HANDWRITTEN_CPP,False,CPP_UNVERIFIED,D_BOUNDARY,external/runtime/raw-pointer boundary
unittests/unittest_poller.cpp,close_fdpair,137,139,HANDWRITTEN_CPP,False,CPP_UNVERIFIED,B_DIRECT_MIGRATION,ordinary C++ control/data-flow without detected boundary
unittests/unittest_poller.cpp,test_add_fd_and_start_and_receive_data,149,151,HANDWRITTEN_CPP,False,CPP_UNVERIFIED,B_DIRECT_MIGRATION,ordinary C++ control/data-flow without detected boundary
unittests/unittest_poller.cpp,test_add_fd_and_remove_by_timer,172,174,HANDWRITTEN_CPP,False,CPP_UNVERIFIED,B_DIRECT_MIGRATION,ordinary C++ control/data-flow without detected boundary
unittests/unittest_poller.cpp,test_add_fd_with_pending_failing_connect,196,197,HANDWRITTEN_CPP,False,CPP_UNVERIFIED,B_DIRECT_MIGRATION,ordinary C++ control/data-flow without detected boundary
unittests/unittest_poller.cpp,main,244,246,HANDWRITTEN_CPP,False,CPP_UNVERIFIED,B_DIRECT_MIGRATION,ordinary C++ control/data-flow without detected boundary
unittests/unittest_radix_tree.cpp,setUp,13,15,HANDWRITTEN_CPP,False,CPP_UNVERIFIED,B_DIRECT_MIGRATION,ordinary C++ control/data-flow without detected boundary
unittests/unittest_radix_tree.cpp,tearDown,17,18,HANDWRITTEN_CPP,False,CPP_UNVERIFIED,B_DIRECT_MIGRATION,ordinary C++ control/data-flow without detected boundary
unittests/unittest_radix_tree.cpp,tree_add,20,22,HANDWRITTEN_CPP,False,CPP_UNVERIFIED,D_BOUNDARY,external/runtime/raw-pointer boundary
unittests/unittest_radix_tree.cpp,tree_rm,26,28,HANDWRITTEN_CPP,False,CPP_UNVERIFIED,D_BOUNDARY,external/runtime/raw-pointer boundary
unittests/unittest_radix_tree.cpp,tree_check,32,34,HANDWRITTEN_CPP,False,CPP_UNVERIFIED,D_BOUNDARY,external/runtime/raw-pointer boundary
unittests/unittest_radix_tree.cpp,test_empty,38,40,HANDWRITTEN_CPP,False,CPP_UNVERIFIED,B_DIRECT_MIGRATION,ordinary C++ control/data-flow without detected boundary
unittests/unittest_radix_tree.cpp,test_add_single_entry,45,47,HANDWRITTEN_CPP,False,CPP_UNVERIFIED,B_DIRECT_MIGRATION,ordinary C++ control/data-flow without detected boundary
unittests/unittest_radix_tree.cpp,test_add_same_entry_twice,52,54,HANDWRITTEN_CPP,False,CPP_UNVERIFIED,B_DIRECT_MIGRATION,ordinary C++ control/data-flow without detected boundary
unittests/unittest_radix_tree.cpp,test_rm_when_empty,60,62,HANDWRITTEN_CPP,False,CPP_UNVERIFIED,B_DIRECT_MIGRATION,ordinary C++ control/data-flow without detected boundary
unittests/unittest_radix_tree.cpp,test_rm_single_entry,67,69,HANDWRITTEN_CPP,False,CPP_UNVERIFIED,B_DIRECT_MIGRATION,ordinary C++ control/data-flow without detected boundary
unittests/unittest_radix_tree.cpp,test_rm_unique_entry_twice,75,77,HANDWRITTEN_CPP,False,CPP_UNVERIFIED,B_DIRECT_MIGRATION,ordinary C++ control/data-flow without detected boundary
unittests/unittest_radix_tree.cpp,test_rm_duplicate_entry,84,86,HANDWRITTEN_CPP,False,CPP_UNVERIFIED,B_DIRECT_MIGRATION,ordinary C++ control/data-flow without detected boundary
unittests/unittest_radix_tree.cpp,test_rm_common_prefix,94,96,HANDWRITTEN_CPP,False,CPP_UNVERIFIED,B_DIRECT_MIGRATION,ordinary C++ control/data-flow without detected boundary
unittests/unittest_radix_tree.cpp,test_rm_common_prefix_entry,103,105,HANDWRITTEN_CPP,False,CPP_UNVERIFIED,B_DIRECT_MIGRATION,ordinary C++ control/data-flow without detected boundary
unittests/unittest_radix_tree.cpp,test_rm_null_entry,113,115,HANDWRITTEN_CPP,False,CPP_UNVERIFIED,B_DIRECT_MIGRATION,ordinary C++ control/data-flow without detected boundary
unittests/unittest_radix_tree.cpp,test_check_empty,121,123,HANDWRITTEN_CPP,False,CPP_UNVERIFIED,B_DIRECT_MIGRATION,ordinary C++ control/data-flow without detected boundary
unittests/unittest_radix_tree.cpp,test_check_added_entry,128,130,HANDWRITTEN_CPP,False,CPP_UNVERIFIED,B_DIRECT_MIGRATION,ordinary C++ control/data-flow without detected boundary
unittests/unittest_radix_tree.cpp,test_check_common_prefix,136,138,HANDWRITTEN_CPP,False,CPP_UNVERIFIED,B_DIRECT_MIGRATION,ordinary C++ control/data-flow without detected boundary
unittests/unittest_radix_tree.cpp,test_check_prefix,145,147,HANDWRITTEN_CPP,False,CPP_UNVERIFIED,B_DIRECT_MIGRATION,ordinary C++ control/data-flow without detected boundary
unittests/unittest_radix_tree.cpp,test_check_nonexistent_entry,155,157,HANDWRITTEN_CPP,False,CPP_UNVERIFIED,B_DIRECT_MIGRATION,ordinary C++ control/data-flow without detected boundary
unittests/unittest_radix_tree.cpp,test_check_query_longer_than_entry,163,165,HANDWRITTEN_CPP,False,CPP_UNVERIFIED,B_DIRECT_MIGRATION,ordinary C++ control/data-flow without detected boundary
unittests/unittest_radix_tree.cpp,test_check_null_entry_added,171,173,HANDWRITTEN_CPP,False,CPP_UNVERIFIED,B_DIRECT_MIGRATION,ordinary C++ control/data-flow without detected boundary
unittests/unittest_radix_tree.cpp,test_size,179,181,HANDWRITTEN_CPP,False,CPP_UNVERIFIED,B_DIRECT_MIGRATION,ordinary C++ control/data-flow without detected boundary
unittests/unittest_radix_tree.cpp,return_key,207,209,HANDWRITTEN_CPP,False,CPP_UNVERIFIED,B_DIRECT_MIGRATION,ordinary C++ control/data-flow without detected boundary
unittests/unittest_radix_tree.cpp,test_apply,217,219,HANDWRITTEN_CPP,False,CPP_UNVERIFIED,D_BOUNDARY,external/runtime/raw-pointer boundary
unittests/unittest_radix_tree.cpp,main,241,243,HANDWRITTEN_CPP,False,CPP_UNVERIFIED,B_DIRECT_MIGRATION,ordinary C++ control/data-flow without detected boundary
unittests/unittest_resolver_common.hpp,validate_address,14,20,HANDWRITTEN_CPP,False,CPP_UNVERIFIED,B_DIRECT_MIGRATION,ordinary C++ control/data-flow without detected boundary
unittests/unittest_udp_address.cpp,setUp,9,11,HANDWRITTEN_CPP,False,CPP_UNVERIFIED,B_DIRECT_MIGRATION,ordinary C++ control/data-flow without detected boundary
unittests/unittest_udp_address.cpp,tearDown,13,15,HANDWRITTEN_CPP,False,CPP_UNVERIFIED,B_DIRECT_MIGRATION,ordinary C++ control/data-flow without detected boundary
unittests/unittest_udp_address.cpp,test_resolve,20,27,HANDWRITTEN_CPP,False,CPP_UNVERIFIED,B_DIRECT_MIGRATION,ordinary C++ control/data-flow without detected boundary
unittests/unittest_udp_address.cpp,test_resolve_bind,59,66,HANDWRITTEN_CPP,False,CPP_UNVERIFIED,B_DIRECT_MIGRATION,ordinary C++ control/data-flow without detected boundary
unittests/unittest_udp_address.cpp,test_resolve_connect,70,77,HANDWRITTEN_CPP,False,CPP_UNVERIFIED,B_DIRECT_MIGRATION,ordinary C++ control/data-flow without detected boundary
unittests/unittest_udp_address.cpp,test_resolve_ipv4_simple,81,83,HANDWRITTEN_CPP,False,CPP_UNVERIFIED,B_DIRECT_MIGRATION,ordinary C++ control/data-flow without detected boundary
unittests/unittest_udp_address.cpp,test_resolve_ipv6_simple,86,88,HANDWRITTEN_CPP,False,CPP_UNVERIFIED,B_DIRECT_MIGRATION,ordinary C++ control/data-flow without detected boundary
unittests/unittest_udp_address.cpp,test_resolve_ipv4_bind,91,93,HANDWRITTEN_CPP,False,CPP_UNVERIFIED,B_DIRECT_MIGRATION,ordinary C++ control/data-flow without detected boundary
unittests/unittest_udp_address.cpp,test_resolve_ipv6_bind,97,99,HANDWRITTEN_CPP,False,CPP_UNVERIFIED,B_DIRECT_MIGRATION,ordinary C++ control/data-flow without detected boundary
unittests/unittest_udp_address.cpp,test_resolve_ipv4_bind_any,103,105,HANDWRITTEN_CPP,False,CPP_UNVERIFIED,B_DIRECT_MIGRATION,ordinary C++ control/data-flow without detected boundary
unittests/unittest_udp_address.cpp,test_resolve_ipv6_bind_any,108,110,HANDWRITTEN_CPP,False,CPP_UNVERIFIED,B_DIRECT_MIGRATION,ordinary C++ control/data-flow without detected boundary
unittests/unittest_udp_address.cpp,test_resolve_ipv4_bind_anyport,113,115,HANDWRITTEN_CPP,False,CPP_UNVERIFIED,B_DIRECT_MIGRATION,ordinary C++ control/data-flow without detected boundary
unittests/unittest_udp_address.cpp,test_resolve_ipv6_bind_anyport,118,120,HANDWRITTEN_CPP,False,CPP_UNVERIFIED,B_DIRECT_MIGRATION,ordinary C++ control/data-flow without detected boundary
unittests/unittest_udp_address.cpp,test_resolve_ipv4_bind_any_port,124,126,HANDWRITTEN_CPP,False,CPP_UNVERIFIED,B_DIRECT_MIGRATION,ordinary C++ control/data-flow without detected boundary
unittests/unittest_udp_address.cpp,test_resolve_ipv6_bind_any_port,129,131,HANDWRITTEN_CPP,False,CPP_UNVERIFIED,B_DIRECT_MIGRATION,ordinary C++ control/data-flow without detected boundary
unittests/unittest_udp_address.cpp,test_resolve_ipv4_connect_any,134,136,HANDWRITTEN_CPP,False,CPP_UNVERIFIED,B_DIRECT_MIGRATION,ordinary C++ control/data-flow without detected boundary
unittests/unittest_udp_address.cpp,test_resolve_ipv6_connect_any,140,142,HANDWRITTEN_CPP,False,CPP_UNVERIFIED,B_DIRECT_MIGRATION,ordinary C++ control/data-flow without detected boundary
unittests/unittest_udp_address.cpp,test_resolve_ipv4_connect_anyport,146,148,HANDWRITTEN_CPP,False,CPP_UNVERIFIED,B_DIRECT_MIGRATION,ordinary C++ control/data-flow without detected boundary
unittests/unittest_udp_address.cpp,test_resolve_ipv6_connect_anyport,151,153,HANDWRITTEN_CPP,False,CPP_UNVERIFIED,B_DIRECT_MIGRATION,ordinary C++ control/data-flow without detected boundary
unittests/unittest_udp_address.cpp,test_resolve_ipv4_connect_port0,156,158,HANDWRITTEN_CPP,False,CPP_UNVERIFIED,B_DIRECT_MIGRATION,ordinary C++ control/data-flow without detected boundary
unittests/unittest_udp_address.cpp,test_resolve_ipv6_connect_port0,161,163,HANDWRITTEN_CPP,False,CPP_UNVERIFIED,B_DIRECT_MIGRATION,ordinary C++ control/data-flow without detected boundary
unittests/unittest_udp_address.cpp,test_resolve_ipv4_bind_mcast,166,168,HANDWRITTEN_CPP,False,CPP_UNVERIFIED,B_DIRECT_MIGRATION,ordinary C++ control/data-flow without detected boundary
unittests/unittest_udp_address.cpp,test_resolve_ipv6_bind_mcast,172,174,HANDWRITTEN_CPP,False,CPP_UNVERIFIED,B_DIRECT_MIGRATION,ordinary C++ control/data-flow without detected boundary
unittests/unittest_udp_address.cpp,test_resolve_ipv4_connect_mcast,177,179,HANDWRITTEN_CPP,False,CPP_UNVERIFIED,B_DIRECT_MIGRATION,ordinary C++ control/data-flow without detected boundary
unittests/unittest_udp_address.cpp,test_resolve_ipv6_connect_mcast,183,185,HANDWRITTEN_CPP,False,CPP_UNVERIFIED,B_DIRECT_MIGRATION,ordinary C++ control/data-flow without detected boundary
unittests/unittest_udp_address.cpp,test_resolve_ipv4_mcast_src_bind,189,191,HANDWRITTEN_CPP,False,CPP_UNVERIFIED,B_DIRECT_MIGRATION,ordinary C++ control/data-flow without detected boundary
unittests/unittest_udp_address.cpp,test_resolve_ipv6_mcast_src_bind,195,197,HANDWRITTEN_CPP,False,CPP_UNVERIFIED,B_DIRECT_MIGRATION,ordinary C++ control/data-flow without detected boundary
unittests/unittest_udp_address.cpp,test_resolve_ipv4_mcast_src_bind_any,210,212,HANDWRITTEN_CPP,False,CPP_UNVERIFIED,B_DIRECT_MIGRATION,ordinary C++ control/data-flow without detected boundary
unittests/unittest_udp_address.cpp,test_resolve_ipv6_mcast_src_bind_any,216,218,HANDWRITTEN_CPP,False,CPP_UNVERIFIED,B_DIRECT_MIGRATION,ordinary C++ control/data-flow without detected boundary
unittests/unittest_udp_address.cpp,test_resolve_ipv4_mcast_src_connect,221,223,HANDWRITTEN_CPP,False,CPP_UNVERIFIED,B_DIRECT_MIGRATION,ordinary C++ control/data-flow without detected boundary
unittests/unittest_udp_address.cpp,test_resolve_ipv6_mcast_src_connect,227,229,HANDWRITTEN_CPP,False,CPP_UNVERIFIED,B_DIRECT_MIGRATION,ordinary C++ control/data-flow without detected boundary
unittests/unittest_udp_address.cpp,test_resolve_ipv4_mcast_src_connect_any,242,244,HANDWRITTEN_CPP,False,CPP_UNVERIFIED,B_DIRECT_MIGRATION,ordinary C++ control/data-flow without detected boundary
unittests/unittest_udp_address.cpp,test_resolve_ipv6_mcast_src_connect_any,248,250,HANDWRITTEN_CPP,False,CPP_UNVERIFIED,B_DIRECT_MIGRATION,ordinary C++ control/data-flow without detected boundary
unittests/unittest_udp_address.cpp,test_resolve_ipv4_mcast_src_bind_bad,254,256,HANDWRITTEN_CPP,False,CPP_UNVERIFIED,B_DIRECT_MIGRATION,ordinary C++ control/data-flow without detected boundary
unittests/unittest_udp_address.cpp,test_resolve_ipv6_mcast_src_bind_bad,259,261,HANDWRITTEN_CPP,False,CPP_UNVERIFIED,B_DIRECT_MIGRATION,ordinary C++ control/data-flow without detected boundary
unittests/unittest_udp_address.cpp,test_resolve_ipv4_mcast_src_connect_bad,264,266,HANDWRITTEN_CPP,False,CPP_UNVERIFIED,B_DIRECT_MIGRATION,ordinary C++ control/data-flow without detected boundary
unittests/unittest_udp_address.cpp,test_resolve_ipv6_mcast_src_connect_bad,269,271,HANDWRITTEN_CPP,False,CPP_UNVERIFIED,B_DIRECT_MIGRATION,ordinary C++ control/data-flow without detected boundary
unittests/unittest_udp_address.cpp,main,274,276,HANDWRITTEN_CPP,False,CPP_UNVERIFIED,B_DIRECT_MIGRATION,ordinary C++ control/data-flow without detected boundary
unittests/unittest_ypipe.cpp,setUp,8,10,HANDWRITTEN_CPP,False,CPP_UNVERIFIED,B_DIRECT_MIGRATION,ordinary C++ control/data-flow without detected boundary
unittests/unittest_ypipe.cpp,tearDown,12,13,HANDWRITTEN_CPP,False,CPP_UNVERIFIED,B_DIRECT_MIGRATION,ordinary C++ control/data-flow without detected boundary
unittests/unittest_ypipe.cpp,test_create,15,17,HANDWRITTEN_CPP,False,CPP_UNVERIFIED,B_DIRECT_MIGRATION,ordinary C++ control/data-flow without detected boundary
unittests/unittest_ypipe.cpp,test_check_read_empty,20,22,HANDWRITTEN_CPP,False,CPP_UNVERIFIED,B_DIRECT_MIGRATION,ordinary C++ control/data-flow without detected boundary
unittests/unittest_ypipe.cpp,test_read_empty,26,28,HANDWRITTEN_CPP,False,CPP_UNVERIFIED,D_BOUNDARY,external/runtime/raw-pointer boundary
unittests/unittest_ypipe.cpp,test_write_complete_and_check_read_and_read,34,36,HANDWRITTEN_CPP,False,CPP_UNVERIFIED,D_BOUNDARY,external/runtime/raw-pointer boundary
unittests/unittest_ypipe.cpp,test_write_complete_and_flush_and_check_read_and_read,45,47,HANDWRITTEN_CPP,False,CPP_UNVERIFIED,D_BOUNDARY,external/runtime/raw-pointer boundary
unittests/unittest_ypipe.cpp,main,57,59,HANDWRITTEN_CPP,False,CPP_UNVERIFIED,B_DIRECT_MIGRATION,ordinary C++ control/data-flow without detected boundary
