inventory_methodology_version,application,application_commit,file,line,end_line,kind,name,loc,features,bucket,primary_reason,secondary_reasons,confidence
2,opentelemetry-sdk,5af96de2a0bf65362ced740d40aab531f5d83126,sdk/src/common/base64.cc,39,128,function,Base64EscapeInternal,90,"{""bitfield"": false, ""branch_complexity_proxy"": 10, ""c_array"": false, ""call_count"": 13, ""callback"": false, ""calloc"": false, ""conditional_compilation"": false, ""explicit_abi_boundary"": false, ""extern_declaration"": false, ""extern_or_abi_boundary"": false, ""flexible_array"": false, ""free"": false, ""function_pointer"": false, ""generated_source"": false, ""global_read"": false, ""global_write"": false, ""goto"": false, ""lexical_ambiguity"": false, ""longjmp"": false, ""macro_density"": 0.0, ""macro_generated_declaration"": false, ""macro_use"": false, ""malloc"": false, ""memcpy"": false, ""memmove"": false, ""memset"": false, ""mutable_global"": false, ""parameter_count"": 7, ""platform_specific"": false, ""pointer_arithmetic"": true, ""pointer_count"": 25, ""pointer_to_pointer"": false, ""raw_pointer_parameter"": true, ""raw_pointer_return"": false, ""realloc"": false, ""setjmp"": false, ""static_local"": false, ""syscall"": false, ""third_party"": false, ""union"": false, ""va_list"": false, ""variadic"": false, ""void_pointer"": false}",REFACTOR_THEN_DSL,pointer_arithmetic,[],medium
2,opentelemetry-sdk,5af96de2a0bf65362ced740d40aab531f5d83126,sdk/src/common/base64.cc,113,116,function,if,4,"{""bitfield"": false, ""branch_complexity_proxy"": 1, ""c_array"": false, ""call_count"": 1, ""callback"": false, ""calloc"": false, ""conditional_compilation"": false, ""explicit_abi_boundary"": false, ""extern_declaration"": false, ""extern_or_abi_boundary"": false, ""flexible_array"": false, ""free"": false, ""function_pointer"": false, ""generated_source"": false, ""global_read"": false, ""global_write"": false, ""goto"": false, ""lexical_ambiguity"": false, ""longjmp"": false, ""macro_density"": 0.0, ""macro_generated_declaration"": false, ""macro_use"": false, ""malloc"": false, ""memcpy"": false, ""memmove"": false, ""memset"": false, ""mutable_global"": false, ""parameter_count"": 1, ""platform_specific"": false, ""pointer_arithmetic"": false, ""pointer_count"": 1, ""pointer_to_pointer"": false, ""raw_pointer_parameter"": false, ""raw_pointer_return"": false, ""realloc"": false, ""setjmp"": false, ""static_local"": false, ""syscall"": false, ""third_party"": false, ""union"": false, ""va_list"": false, ""variadic"": false, ""void_pointer"": false}",TRIVIAL,no_significant_detected_blocker,[],medium
2,opentelemetry-sdk,5af96de2a0bf65362ced740d40aab531f5d83126,sdk/src/common/base64.cc,130,158,function,Base64EscapeInternal,29,"{""bitfield"": false, ""branch_complexity_proxy"": 3, ""c_array"": true, ""call_count"": 16, ""callback"": false, ""calloc"": false, ""conditional_compilation"": false, ""explicit_abi_boundary"": false, ""extern_declaration"": false, ""extern_or_abi_boundary"": false, ""flexible_array"": false, ""free"": false, ""function_pointer"": false, ""generated_source"": false, ""global_read"": false, ""global_write"": false, ""goto"": false, ""lexical_ambiguity"": false, ""longjmp"": false, ""macro_density"": 0.103448, ""macro_generated_declaration"": false, ""macro_use"": false, ""malloc"": false, ""memcpy"": false, ""memmove"": false, ""memset"": false, ""mutable_global"": false, ""parameter_count"": 5, ""platform_specific"": false, ""pointer_arithmetic"": false, ""pointer_count"": 3, ""pointer_to_pointer"": false, ""raw_pointer_parameter"": true, ""raw_pointer_return"": false, ""realloc"": false, ""setjmp"": false, ""static_local"": false, ""syscall"": false, ""third_party"": false, ""union"": false, ""va_list"": false, ""variadic"": false, ""void_pointer"": false}",TRIVIAL,no_significant_detected_blocker,"[""c_array"", ""raw_pointer_parameter""]",medium
2,opentelemetry-sdk,5af96de2a0bf65362ced740d40aab531f5d83126,sdk/src/common/base64.cc,160,280,function,Base64UnescapeInternal,121,"{""bitfield"": false, ""branch_complexity_proxy"": 18, ""c_array"": false, ""call_count"": 19, ""callback"": false, ""calloc"": false, ""conditional_compilation"": false, ""explicit_abi_boundary"": false, ""extern_declaration"": false, ""extern_or_abi_boundary"": false, ""flexible_array"": false, ""free"": false, ""function_pointer"": false, ""generated_source"": false, ""global_read"": false, ""global_write"": false, ""goto"": false, ""lexical_ambiguity"": false, ""longjmp"": false, ""macro_density"": 0.0, ""macro_generated_declaration"": false, ""macro_use"": false, ""malloc"": false, ""memcpy"": false, ""memmove"": false, ""memset"": false, ""mutable_global"": false, ""parameter_count"": 7, ""platform_specific"": false, ""pointer_arithmetic"": true, ""pointer_count"": 21, ""pointer_to_pointer"": false, ""raw_pointer_parameter"": true, ""raw_pointer_return"": false, ""realloc"": false, ""setjmp"": false, ""static_local"": false, ""syscall"": false, ""third_party"": false, ""union"": false, ""va_list"": false, ""variadic"": false, ""void_pointer"": false}",REFACTOR_THEN_DSL,pointer_arithmetic,[],medium
2,opentelemetry-sdk,5af96de2a0bf65362ced740d40aab531f5d83126,sdk/src/common/base64.cc,271,275,function,if,5,"{""bitfield"": false, ""branch_complexity_proxy"": 1, ""c_array"": false, ""call_count"": 1, ""callback"": false, ""calloc"": false, ""conditional_compilation"": false, ""explicit_abi_boundary"": false, ""extern_declaration"": false, ""extern_or_abi_boundary"": false, ""flexible_array"": false, ""free"": false, ""function_pointer"": false, ""generated_source"": false, ""global_read"": false, ""global_write"": false, ""goto"": false, ""lexical_ambiguity"": false, ""longjmp"": false, ""macro_density"": 0.0, ""macro_generated_declaration"": false, ""macro_use"": false, ""malloc"": false, ""memcpy"": false, ""memmove"": false, ""memset"": false, ""mutable_global"": false, ""parameter_count"": 1, ""platform_specific"": false, ""pointer_arithmetic"": false, ""pointer_count"": 2, ""pointer_to_pointer"": false, ""raw_pointer_parameter"": false, ""raw_pointer_return"": false, ""realloc"": false, ""setjmp"": false, ""static_local"": false, ""syscall"": false, ""third_party"": false, ""union"": false, ""va_list"": false, ""variadic"": false, ""void_pointer"": false}",TRIVIAL,no_significant_detected_blocker,[],medium
2,opentelemetry-sdk,5af96de2a0bf65362ced740d40aab531f5d83126,sdk/src/common/base64.cc,289,298,function,Base64Escape,10,"{""bitfield"": false, ""branch_complexity_proxy"": 1, ""c_array"": false, ""call_count"": 6, ""callback"": false, ""calloc"": false, ""conditional_compilation"": false, ""explicit_abi_boundary"": false, ""extern_declaration"": false, ""extern_or_abi_boundary"": false, ""flexible_array"": false, ""free"": false, ""function_pointer"": false, ""generated_source"": false, ""global_read"": false, ""global_write"": false, ""goto"": false, ""lexical_ambiguity"": false, ""longjmp"": false, ""macro_density"": 0.0, ""macro_generated_declaration"": false, ""macro_use"": false, ""malloc"": false, ""memcpy"": false, ""memmove"": false, ""memset"": false, ""mutable_global"": false, ""parameter_count"": 2, ""platform_specific"": false, ""pointer_arithmetic"": false, ""pointer_count"": 3, ""pointer_to_pointer"": false, ""raw_pointer_parameter"": true, ""raw_pointer_return"": false, ""realloc"": false, ""setjmp"": false, ""static_local"": false, ""syscall"": false, ""third_party"": false, ""union"": false, ""va_list"": false, ""variadic"": false, ""void_pointer"": false}",TRIVIAL,no_significant_detected_blocker,"[""raw_pointer_parameter""]",medium
2,opentelemetry-sdk,5af96de2a0bf65362ced740d40aab531f5d83126,sdk/src/common/base64.cc,308,334,function,Base64Unescape,27,"{""bitfield"": false, ""branch_complexity_proxy"": 3, ""c_array"": false, ""call_count"": 13, ""callback"": false, ""calloc"": false, ""conditional_compilation"": false, ""explicit_abi_boundary"": false, ""extern_declaration"": false, ""extern_or_abi_boundary"": false, ""flexible_array"": false, ""free"": false, ""function_pointer"": true, ""generated_source"": false, ""global_read"": false, ""global_write"": false, ""goto"": false, ""lexical_ambiguity"": false, ""longjmp"": false, ""macro_density"": 0.0, ""macro_generated_declaration"": false, ""macro_use"": false, ""malloc"": false, ""memcpy"": false, ""memmove"": false, ""memset"": false, ""mutable_global"": false, ""parameter_count"": 2, ""platform_specific"": false, ""pointer_arithmetic"": false, ""pointer_count"": 5, ""pointer_to_pointer"": false, ""raw_pointer_parameter"": true, ""raw_pointer_return"": false, ""realloc"": false, ""setjmp"": false, ""static_local"": false, ""syscall"": false, ""third_party"": false, ""union"": false, ""va_list"": false, ""variadic"": false, ""void_pointer"": false}",NEEDS_TRANSPILER,function_pointer,[],medium
2,opentelemetry-sdk,5af96de2a0bf65362ced740d40aab531f5d83126,sdk/src/common/disabled.cc,14,27,function,GetSdkDisabled,14,"{""bitfield"": false, ""branch_complexity_proxy"": 1, ""c_array"": false, ""call_count"": 3, ""callback"": false, ""calloc"": false, ""conditional_compilation"": false, ""explicit_abi_boundary"": false, ""extern_declaration"": false, ""extern_or_abi_boundary"": false, ""flexible_array"": false, ""free"": false, ""function_pointer"": false, ""generated_source"": false, ""global_read"": false, ""global_write"": false, ""goto"": false, ""lexical_ambiguity"": false, ""longjmp"": false, ""macro_density"": 0.0, ""macro_generated_declaration"": false, ""macro_use"": false, ""malloc"": false, ""memcpy"": false, ""memmove"": false, ""memset"": false, ""mutable_global"": false, ""parameter_count"": 0, ""platform_specific"": false, ""pointer_arithmetic"": false, ""pointer_count"": 0, ""pointer_to_pointer"": false, ""raw_pointer_parameter"": false, ""raw_pointer_return"": false, ""realloc"": false, ""setjmp"": false, ""static_local"": false, ""syscall"": false, ""third_party"": false, ""union"": false, ""va_list"": false, ""variadic"": false, ""void_pointer"": false}",TRIVIAL,no_significant_detected_blocker,[],medium
2,opentelemetry-sdk,5af96de2a0bf65362ced740d40aab531f5d83126,sdk/src/common/env_variables.cc,29,60,function,GetRawEnvironmentVariable,32,"{""bitfield"": false, ""branch_complexity_proxy"": 4, ""c_array"": false, ""call_count"": 10, ""callback"": false, ""calloc"": false, ""conditional_compilation"": false, ""explicit_abi_boundary"": false, ""extern_declaration"": false, ""extern_or_abi_boundary"": false, ""flexible_array"": false, ""free"": false, ""function_pointer"": false, ""generated_source"": false, ""global_read"": false, ""global_write"": false, ""goto"": false, ""lexical_ambiguity"": false, ""longjmp"": false, ""macro_density"": 0.1875, ""macro_generated_declaration"": false, ""macro_use"": false, ""malloc"": false, ""memcpy"": false, ""memmove"": false, ""memset"": false, ""mutable_global"": false, ""parameter_count"": 2, ""platform_specific"": false, ""pointer_arithmetic"": false, ""pointer_count"": 2, ""pointer_to_pointer"": false, ""raw_pointer_parameter"": true, ""raw_pointer_return"": false, ""realloc"": false, ""setjmp"": false, ""static_local"": false, ""syscall"": false, ""third_party"": false, ""union"": false, ""va_list"": false, ""variadic"": false, ""void_pointer"": false}",TRIVIAL,no_significant_detected_blocker,"[""raw_pointer_parameter""]",medium
2,opentelemetry-sdk,5af96de2a0bf65362ced740d40aab531f5d83126,sdk/src/common/env_variables.cc,62,88,function,GetBoolEnvironmentVariable,27,"{""bitfield"": false, ""branch_complexity_proxy"": 3, ""c_array"": false, ""call_count"": 11, ""callback"": false, ""calloc"": false, ""conditional_compilation"": false, ""explicit_abi_boundary"": false, ""extern_declaration"": false, ""extern_or_abi_boundary"": false, ""flexible_array"": false, ""free"": false, ""function_pointer"": false, ""generated_source"": false, ""global_read"": false, ""global_write"": false, ""goto"": false, ""lexical_ambiguity"": false, ""longjmp"": false, ""macro_density"": 0.0, ""macro_generated_declaration"": false, ""macro_use"": true, ""malloc"": false, ""memcpy"": false, ""memmove"": false, ""memset"": false, ""mutable_global"": false, ""parameter_count"": 2, ""platform_specific"": false, ""pointer_arithmetic"": false, ""pointer_count"": 1, ""pointer_to_pointer"": false, ""raw_pointer_parameter"": true, ""raw_pointer_return"": false, ""realloc"": false, ""setjmp"": false, ""static_local"": false, ""syscall"": false, ""third_party"": false, ""union"": false, ""va_list"": false, ""variadic"": false, ""void_pointer"": false}",TRIVIAL,no_significant_detected_blocker,"[""macro_use"", ""raw_pointer_parameter""]",medium
2,opentelemetry-sdk,5af96de2a0bf65362ced740d40aab531f5d83126,sdk/src/common/env_variables.cc,90,172,function,GetTimeoutFromString,83,"{""bitfield"": false, ""branch_complexity_proxy"": 11, ""c_array"": false, ""call_count"": 16, ""callback"": false, ""calloc"": false, ""conditional_compilation"": false, ""explicit_abi_boundary"": false, ""extern_declaration"": false, ""extern_or_abi_boundary"": false, ""flexible_array"": false, ""free"": false, ""function_pointer"": true, ""generated_source"": false, ""global_read"": false, ""global_write"": false, ""goto"": false, ""lexical_ambiguity"": false, ""longjmp"": false, ""macro_density"": 0.0, ""macro_generated_declaration"": false, ""macro_use"": false, ""malloc"": false, ""memcpy"": false, ""memmove"": false, ""memset"": false, ""mutable_global"": false, ""parameter_count"": 2, ""platform_specific"": false, ""pointer_arithmetic"": false, ""pointer_count"": 7, ""pointer_to_pointer"": false, ""raw_pointer_parameter"": true, ""raw_pointer_return"": false, ""realloc"": false, ""setjmp"": false, ""static_local"": false, ""syscall"": false, ""third_party"": false, ""union"": false, ""va_list"": false, ""variadic"": false, ""void_pointer"": false}",NEEDS_TRANSPILER,function_pointer,[],medium
2,opentelemetry-sdk,5af96de2a0bf65362ced740d40aab531f5d83126,sdk/src/common/env_variables.cc,174,194,function,GetDurationEnvironmentVariable,21,"{""bitfield"": false, ""branch_complexity_proxy"": 2, ""c_array"": false, ""call_count"": 8, ""callback"": false, ""calloc"": false, ""conditional_compilation"": false, ""explicit_abi_boundary"": false, ""extern_declaration"": false, ""extern_or_abi_boundary"": false, ""flexible_array"": false, ""free"": false, ""function_pointer"": false, ""generated_source"": false, ""global_read"": false, ""global_write"": false, ""goto"": false, ""lexical_ambiguity"": false, ""longjmp"": false, ""macro_density"": 0.0, ""macro_generated_declaration"": false, ""macro_use"": true, ""malloc"": false, ""memcpy"": false, ""memmove"": false, ""memset"": false, ""mutable_global"": false, ""parameter_count"": 2, ""platform_specific"": false, ""pointer_arithmetic"": false, ""pointer_count"": 1, ""pointer_to_pointer"": false, ""raw_pointer_parameter"": true, ""raw_pointer_return"": false, ""realloc"": false, ""setjmp"": false, ""static_local"": false, ""syscall"": false, ""third_party"": false, ""union"": false, ""va_list"": false, ""variadic"": false, ""void_pointer"": false}",TRIVIAL,no_significant_detected_blocker,"[""macro_use"", ""raw_pointer_parameter""]",medium
2,opentelemetry-sdk,5af96de2a0bf65362ced740d40aab531f5d83126,sdk/src/common/env_variables.cc,196,204,function,GetStringEnvironmentVariable,9,"{""bitfield"": false, ""branch_complexity_proxy"": 1, ""c_array"": false, ""call_count"": 4, ""callback"": false, ""calloc"": false, ""conditional_compilation"": false, ""explicit_abi_boundary"": false, ""extern_declaration"": false, ""extern_or_abi_boundary"": false, ""flexible_array"": false, ""free"": false, ""function_pointer"": false, ""generated_source"": false, ""global_read"": false, ""global_write"": false, ""goto"": false, ""lexical_ambiguity"": false, ""longjmp"": false, ""macro_density"": 0.0, ""macro_generated_declaration"": false, ""macro_use"": false, ""malloc"": false, ""memcpy"": false, ""memmove"": false, ""memset"": false, ""mutable_global"": false, ""parameter_count"": 2, ""platform_specific"": false, ""pointer_arithmetic"": false, ""pointer_count"": 1, ""pointer_to_pointer"": false, ""raw_pointer_parameter"": true, ""raw_pointer_return"": false, ""realloc"": false, ""setjmp"": false, ""static_local"": false, ""syscall"": false, ""third_party"": false, ""union"": false, ""va_list"": false, ""variadic"": false, ""void_pointer"": false}",TRIVIAL,no_significant_detected_blocker,"[""raw_pointer_parameter""]",medium
2,opentelemetry-sdk,5af96de2a0bf65362ced740d40aab531f5d83126,sdk/src/common/env_variables.cc,206,243,function,GetUintEnvironmentVariable,38,"{""bitfield"": false, ""branch_complexity_proxy"": 3, ""c_array"": false, ""call_count"": 13, ""callback"": false, ""calloc"": false, ""conditional_compilation"": false, ""explicit_abi_boundary"": false, ""extern_declaration"": false, ""extern_or_abi_boundary"": false, ""flexible_array"": false, ""free"": false, ""function_pointer"": false, ""generated_source"": false, ""global_read"": false, ""global_write"": false, ""goto"": false, ""lexical_ambiguity"": false, ""longjmp"": false, ""macro_density"": 0.0, ""macro_generated_declaration"": false, ""macro_use"": true, ""malloc"": false, ""memcpy"": false, ""memmove"": false, ""memset"": false, ""mutable_global"": false, ""parameter_count"": 2, ""platform_specific"": false, ""pointer_arithmetic"": false, ""pointer_count"": 3, ""pointer_to_pointer"": false, ""raw_pointer_parameter"": true, ""raw_pointer_return"": false, ""realloc"": false, ""setjmp"": false, ""static_local"": true, ""syscall"": false, ""third_party"": false, ""union"": false, ""va_list"": false, ""variadic"": false, ""void_pointer"": false}",REFACTOR_THEN_DSL,static_local,[],medium
2,opentelemetry-sdk,5af96de2a0bf65362ced740d40aab531f5d83126,sdk/src/common/env_variables.cc,229,234,function,if,6,"{""bitfield"": false, ""branch_complexity_proxy"": 1, ""c_array"": false, ""call_count"": 3, ""callback"": false, ""calloc"": false, ""conditional_compilation"": false, ""explicit_abi_boundary"": false, ""extern_declaration"": false, ""extern_or_abi_boundary"": false, ""flexible_array"": false, ""free"": false, ""function_pointer"": false, ""generated_source"": false, ""global_read"": false, ""global_write"": false, ""goto"": false, ""lexical_ambiguity"": false, ""longjmp"": false, ""macro_density"": 0.0, ""macro_generated_declaration"": false, ""macro_use"": true, ""malloc"": false, ""memcpy"": false, ""memmove"": false, ""memset"": false, ""mutable_global"": false, ""parameter_count"": 1, ""platform_specific"": false, ""pointer_arithmetic"": false, ""pointer_count"": 0, ""pointer_to_pointer"": false, ""raw_pointer_parameter"": false, ""raw_pointer_return"": false, ""realloc"": false, ""setjmp"": false, ""static_local"": false, ""syscall"": false, ""third_party"": false, ""union"": false, ""va_list"": false, ""variadic"": false, ""void_pointer"": false}",TRIVIAL,no_significant_detected_blocker,"[""macro_use""]",medium
2,opentelemetry-sdk,5af96de2a0bf65362ced740d40aab531f5d83126,sdk/src/common/env_variables.cc,245,281,function,GetFloatEnvironmentVariable,37,"{""bitfield"": false, ""branch_complexity_proxy"": 3, ""c_array"": false, ""call_count"": 12, ""callback"": false, ""calloc"": false, ""conditional_compilation"": false, ""explicit_abi_boundary"": false, ""extern_declaration"": false, ""extern_or_abi_boundary"": false, ""flexible_array"": false, ""free"": false, ""function_pointer"": false, ""generated_source"": false, ""global_read"": false, ""global_write"": false, ""goto"": false, ""lexical_ambiguity"": false, ""longjmp"": false, ""macro_density"": 0.0, ""macro_generated_declaration"": false, ""macro_use"": true, ""malloc"": false, ""memcpy"": false, ""memmove"": false, ""memset"": false, ""mutable_global"": false, ""parameter_count"": 2, ""platform_specific"": false, ""pointer_arithmetic"": false, ""pointer_count"": 3, ""pointer_to_pointer"": false, ""raw_pointer_parameter"": true, ""raw_pointer_return"": false, ""realloc"": false, ""setjmp"": false, ""static_local"": true, ""syscall"": false, ""third_party"": false, ""union"": false, ""va_list"": false, ""variadic"": false, ""void_pointer"": false}",REFACTOR_THEN_DSL,static_local,[],medium
2,opentelemetry-sdk,5af96de2a0bf65362ced740d40aab531f5d83126,sdk/src/common/env_variables.cc,268,273,function,if,6,"{""bitfield"": false, ""branch_complexity_proxy"": 1, ""c_array"": false, ""call_count"": 2, ""callback"": false, ""calloc"": false, ""conditional_compilation"": false, ""explicit_abi_boundary"": false, ""extern_declaration"": false, ""extern_or_abi_boundary"": false, ""flexible_array"": false, ""free"": false, ""function_pointer"": false, ""generated_source"": false, ""global_read"": false, ""global_write"": false, ""goto"": false, ""lexical_ambiguity"": false, ""longjmp"": false, ""macro_density"": 0.0, ""macro_generated_declaration"": false, ""macro_use"": true, ""malloc"": false, ""memcpy"": false, ""memmove"": false, ""memset"": false, ""mutable_global"": false, ""parameter_count"": 1, ""platform_specific"": false, ""pointer_arithmetic"": false, ""pointer_count"": 0, ""pointer_to_pointer"": false, ""raw_pointer_parameter"": false, ""raw_pointer_return"": false, ""realloc"": false, ""setjmp"": false, ""static_local"": false, ""syscall"": false, ""third_party"": false, ""union"": false, ""va_list"": false, ""variadic"": false, ""void_pointer"": false}",TRIVIAL,no_significant_detected_blocker,"[""macro_use""]",medium
2,opentelemetry-sdk,5af96de2a0bf65362ced740d40aab531f5d83126,sdk/src/common/global_log_handler.cc,19,35,struct,GlobalLogHandlerData,17,"{""bitfield"": false, ""branch_complexity_proxy"": 0, ""c_array"": false, ""call_count"": 6, ""callback"": false, ""calloc"": false, ""conditional_compilation"": false, ""explicit_abi_boundary"": false, ""extern_declaration"": false, ""extern_or_abi_boundary"": false, ""flexible_array"": false, ""free"": false, ""function_pointer"": false, ""generated_source"": false, ""global_read"": false, ""global_write"": false, ""goto"": false, ""lexical_ambiguity"": false, ""longjmp"": false, ""macro_density"": 0.0, ""macro_generated_declaration"": false, ""macro_use"": false, ""malloc"": false, ""memcpy"": false, ""memmove"": false, ""memset"": false, ""mutable_global"": false, ""parameter_count"": 0, ""platform_specific"": false, ""pointer_arithmetic"": false, ""pointer_count"": 0, ""pointer_to_pointer"": false, ""raw_pointer_parameter"": false, ""raw_pointer_return"": false, ""realloc"": false, ""setjmp"": false, ""static_local"": false, ""syscall"": false, ""third_party"": false, ""union"": false, ""va_list"": false, ""variadic"": false, ""void_pointer"": false}",TRIVIAL,no_significant_detected_blocker,[],medium
2,opentelemetry-sdk,5af96de2a0bf65362ced740d40aab531f5d83126,sdk/src/common/global_log_handler.cc,93,96,function,OPENTELEMETRY_UNLIKELY_CONDITION,4,"{""bitfield"": false, ""branch_complexity_proxy"": 1, ""c_array"": false, ""call_count"": 1, ""callback"": false, ""calloc"": false, ""conditional_compilation"": false, ""explicit_abi_boundary"": false, ""extern_declaration"": false, ""extern_or_abi_boundary"": false, ""flexible_array"": false, ""free"": false, ""function_pointer"": false, ""generated_source"": false, ""global_read"": false, ""global_write"": false, ""goto"": false, ""lexical_ambiguity"": false, ""longjmp"": false, ""macro_density"": 0.0, ""macro_generated_declaration"": false, ""macro_use"": true, ""malloc"": false, ""memcpy"": false, ""memmove"": false, ""memset"": false, ""mutable_global"": false, ""parameter_count"": 1, ""platform_specific"": false, ""pointer_arithmetic"": false, ""pointer_count"": 0, ""pointer_to_pointer"": false, ""raw_pointer_parameter"": false, ""raw_pointer_return"": false, ""realloc"": false, ""setjmp"": false, ""static_local"": false, ""syscall"": false, ""third_party"": false, ""union"": false, ""va_list"": false, ""variadic"": false, ""void_pointer"": false}",TRIVIAL,no_significant_detected_blocker,"[""macro_use""]",medium
2,opentelemetry-sdk,5af96de2a0bf65362ced740d40aab531f5d83126,sdk/src/common/global_log_handler.cc,103,106,function,OPENTELEMETRY_UNLIKELY_CONDITION,4,"{""bitfield"": false, ""branch_complexity_proxy"": 1, ""c_array"": false, ""call_count"": 1, ""callback"": false, ""calloc"": false, ""conditional_compilation"": false, ""explicit_abi_boundary"": false, ""extern_declaration"": false, ""extern_or_abi_boundary"": false, ""flexible_array"": false, ""free"": false, ""function_pointer"": false, ""generated_source"": false, ""global_read"": false, ""global_write"": false, ""goto"": false, ""lexical_ambiguity"": false, ""longjmp"": false, ""macro_density"": 0.0, ""macro_generated_declaration"": false, ""macro_use"": true, ""malloc"": false, ""memcpy"": false, ""memmove"": false, ""memset"": false, ""mutable_global"": false, ""parameter_count"": 1, ""platform_specific"": false, ""pointer_arithmetic"": false, ""pointer_count"": 0, ""pointer_to_pointer"": false, ""raw_pointer_parameter"": false, ""raw_pointer_return"": false, ""realloc"": false, ""setjmp"": false, ""static_local"": false, ""syscall"": false, ""third_party"": false, ""union"": false, ""va_list"": false, ""variadic"": false, ""void_pointer"": false}",TRIVIAL,no_significant_detected_blocker,"[""macro_use""]",medium
2,opentelemetry-sdk,5af96de2a0bf65362ced740d40aab531f5d83126,sdk/src/common/global_log_handler.cc,113,116,function,OPENTELEMETRY_UNLIKELY_CONDITION,4,"{""bitfield"": false, ""branch_complexity_proxy"": 1, ""c_array"": false, ""call_count"": 1, ""callback"": false, ""calloc"": false, ""conditional_compilation"": false, ""explicit_abi_boundary"": false, ""extern_declaration"": false, ""extern_or_abi_boundary"": false, ""flexible_array"": false, ""free"": false, ""function_pointer"": false, ""generated_source"": false, ""global_read"": false, ""global_write"": false, ""goto"": false, ""lexical_ambiguity"": false, ""longjmp"": false, ""macro_density"": 0.0, ""macro_generated_declaration"": false, ""macro_use"": true, ""malloc"": false, ""memcpy"": false, ""memmove"": false, ""memset"": false, ""mutable_global"": false, ""parameter_count"": 1, ""platform_specific"": false, ""pointer_arithmetic"": false, ""pointer_count"": 0, ""pointer_to_pointer"": false, ""raw_pointer_parameter"": false, ""raw_pointer_return"": false, ""realloc"": false, ""setjmp"": false, ""static_local"": false, ""syscall"": false, ""third_party"": false, ""union"": false, ""va_list"": false, ""variadic"": false, ""void_pointer"": false}",TRIVIAL,no_significant_detected_blocker,"[""macro_use""]",medium
2,opentelemetry-sdk,5af96de2a0bf65362ced740d40aab531f5d83126,sdk/src/common/global_log_handler.cc,123,126,function,OPENTELEMETRY_UNLIKELY_CONDITION,4,"{""bitfield"": false, ""branch_complexity_proxy"": 1, ""c_array"": false, ""call_count"": 1, ""callback"": false, ""calloc"": false, ""conditional_compilation"": false, ""explicit_abi_boundary"": false, ""extern_declaration"": false, ""extern_or_abi_boundary"": false, ""flexible_array"": false, ""free"": false, ""function_pointer"": false, ""generated_source"": false, ""global_read"": false, ""global_write"": false, ""goto"": false, ""lexical_ambiguity"": false, ""longjmp"": false, ""macro_density"": 0.0, ""macro_generated_declaration"": false, ""macro_use"": true, ""malloc"": false, ""memcpy"": false, ""memmove"": false, ""memset"": false, ""mutable_global"": false, ""parameter_count"": 1, ""platform_specific"": false, ""pointer_arithmetic"": false, ""pointer_count"": 0, ""pointer_to_pointer"": false, ""raw_pointer_parameter"": false, ""raw_pointer_return"": false, ""realloc"": false, ""setjmp"": false, ""static_local"": false, ""syscall"": false, ""third_party"": false, ""union"": false, ""va_list"": false, ""variadic"": false, ""void_pointer"": false}",TRIVIAL,no_significant_detected_blocker,"[""macro_use""]",medium
2,opentelemetry-sdk,5af96de2a0bf65362ced740d40aab531f5d83126,sdk/src/common/wildcard_match.h,21,59,function,WildcardMatch,39,"{""bitfield"": false, ""branch_complexity_proxy"": 5, ""c_array"": false, ""call_count"": 11, ""callback"": false, ""calloc"": false, ""conditional_compilation"": false, ""explicit_abi_boundary"": false, ""extern_declaration"": false, ""extern_or_abi_boundary"": false, ""flexible_array"": false, ""free"": false, ""function_pointer"": false, ""generated_source"": false, ""global_read"": false, ""global_write"": false, ""goto"": false, ""lexical_ambiguity"": false, ""longjmp"": false, ""macro_density"": 0.0, ""macro_generated_declaration"": false, ""macro_use"": false, ""malloc"": false, ""memcpy"": false, ""memmove"": false, ""memset"": false, ""mutable_global"": false, ""parameter_count"": 2, ""platform_specific"": false, ""pointer_arithmetic"": false, ""pointer_count"": 0, ""pointer_to_pointer"": false, ""raw_pointer_parameter"": false, ""raw_pointer_return"": false, ""realloc"": false, ""setjmp"": false, ""static_local"": false, ""syscall"": false, ""third_party"": false, ""union"": false, ""va_list"": false, ""variadic"": false, ""void_pointer"": false}",TRIVIAL,no_significant_detected_blocker,[],medium
2,opentelemetry-sdk,5af96de2a0bf65362ced740d40aab531f5d83126,sdk/src/common/wildcard_match.h,35,40,function,if,6,"{""bitfield"": false, ""branch_complexity_proxy"": 1, ""c_array"": false, ""call_count"": 2, ""callback"": false, ""calloc"": false, ""conditional_compilation"": false, ""explicit_abi_boundary"": false, ""extern_declaration"": false, ""extern_or_abi_boundary"": false, ""flexible_array"": false, ""free"": false, ""function_pointer"": false, ""generated_source"": false, ""global_read"": false, ""global_write"": false, ""goto"": false, ""lexical_ambiguity"": false, ""longjmp"": false, ""macro_density"": 0.0, ""macro_generated_declaration"": false, ""macro_use"": false, ""malloc"": false, ""memcpy"": false, ""memmove"": false, ""memset"": false, ""mutable_global"": false, ""parameter_count"": 1, ""platform_specific"": false, ""pointer_arithmetic"": false, ""pointer_count"": 0, ""pointer_to_pointer"": false, ""raw_pointer_parameter"": false, ""raw_pointer_return"": false, ""realloc"": false, ""setjmp"": false, ""static_local"": false, ""syscall"": false, ""third_party"": false, ""union"": false, ""va_list"": false, ""variadic"": false, ""void_pointer"": false}",TRIVIAL,no_significant_detected_blocker,[],medium
2,opentelemetry-sdk,5af96de2a0bf65362ced740d40aab531f5d83126,sdk/src/common/wildcard_match.h,41,46,function,if,6,"{""bitfield"": false, ""branch_complexity_proxy"": 1, ""c_array"": false, ""call_count"": 1, ""callback"": false, ""calloc"": false, ""conditional_compilation"": false, ""explicit_abi_boundary"": false, ""extern_declaration"": false, ""extern_or_abi_boundary"": false, ""flexible_array"": false, ""free"": false, ""function_pointer"": false, ""generated_source"": false, ""global_read"": false, ""global_write"": false, ""goto"": false, ""lexical_ambiguity"": false, ""longjmp"": false, ""macro_density"": 0.0, ""macro_generated_declaration"": false, ""macro_use"": false, ""malloc"": false, ""memcpy"": false, ""memmove"": false, ""memset"": false, ""mutable_global"": false, ""parameter_count"": 1, ""platform_specific"": false, ""pointer_arithmetic"": false, ""pointer_count"": 0, ""pointer_to_pointer"": false, ""raw_pointer_parameter"": false, ""raw_pointer_return"": false, ""realloc"": false, ""setjmp"": false, ""static_local"": false, ""syscall"": false, ""third_party"": false, ""union"": false, ""va_list"": false, ""variadic"": false, ""void_pointer"": false}",TRIVIAL,no_significant_detected_blocker,[],medium
2,opentelemetry-sdk,5af96de2a0bf65362ced740d40aab531f5d83126,sdk/src/configuration/configuration_parser.cc,523,526,function,if,4,"{""bitfield"": false, ""branch_complexity_proxy"": 1, ""c_array"": false, ""call_count"": 2, ""callback"": false, ""calloc"": false, ""conditional_compilation"": false, ""explicit_abi_boundary"": false, ""extern_declaration"": false, ""extern_or_abi_boundary"": false, ""flexible_array"": false, ""free"": false, ""function_pointer"": false, ""generated_source"": false, ""global_read"": false, ""global_write"": false, ""goto"": false, ""lexical_ambiguity"": false, ""longjmp"": false, ""macro_density"": 0.0, ""macro_generated_declaration"": false, ""macro_use"": false, ""malloc"": false, ""memcpy"": false, ""memmove"": false, ""memset"": false, ""mutable_global"": false, ""parameter_count"": 1, ""platform_specific"": false, ""pointer_arithmetic"": false, ""pointer_count"": 0, ""pointer_to_pointer"": false, ""raw_pointer_parameter"": false, ""raw_pointer_return"": false, ""realloc"": false, ""setjmp"": false, ""static_local"": false, ""syscall"": false, ""third_party"": false, ""union"": false, ""va_list"": false, ""variadic"": false, ""void_pointer"": false}",TRIVIAL,no_significant_detected_blocker,[],medium
2,opentelemetry-sdk,5af96de2a0bf65362ced740d40aab531f5d83126,sdk/src/configuration/configuration_parser.cc,527,530,function,if,4,"{""bitfield"": false, ""branch_complexity_proxy"": 1, ""c_array"": false, ""call_count"": 2, ""callback"": false, ""calloc"": false, ""conditional_compilation"": false, ""explicit_abi_boundary"": false, ""extern_declaration"": false, ""extern_or_abi_boundary"": false, ""flexible_array"": false, ""free"": false, ""function_pointer"": false, ""generated_source"": false, ""global_read"": false, ""global_write"": false, ""goto"": false, ""lexical_ambiguity"": false, ""longjmp"": false, ""macro_density"": 0.0, ""macro_generated_declaration"": false, ""macro_use"": false, ""malloc"": false, ""memcpy"": false, ""memmove"": false, ""memset"": false, ""mutable_global"": false, ""parameter_count"": 1, ""platform_specific"": false, ""pointer_arithmetic"": false, ""pointer_count"": 0, ""pointer_to_pointer"": false, ""raw_pointer_parameter"": false, ""raw_pointer_return"": false, ""realloc"": false, ""setjmp"": false, ""static_local"": false, ""syscall"": false, ""third_party"": false, ""union"": false, ""va_list"": false, ""variadic"": false, ""void_pointer"": false}",TRIVIAL,no_significant_detected_blocker,[],medium
2,opentelemetry-sdk,5af96de2a0bf65362ced740d40aab531f5d83126,sdk/src/configuration/configuration_parser.cc,531,534,function,if,4,"{""bitfield"": false, ""branch_complexity_proxy"": 1, ""c_array"": false, ""call_count"": 2, ""callback"": false, ""calloc"": false, ""conditional_compilation"": false, ""explicit_abi_boundary"": false, ""extern_declaration"": false, ""extern_or_abi_boundary"": false, ""flexible_array"": false, ""free"": false, ""function_pointer"": false, ""generated_source"": false, ""global_read"": false, ""global_write"": false, ""goto"": false, ""lexical_ambiguity"": false, ""longjmp"": false, ""macro_density"": 0.0, ""macro_generated_declaration"": false, ""macro_use"": false, ""malloc"": false, ""memcpy"": false, ""memmove"": false, ""memset"": false, ""mutable_global"": false, ""parameter_count"": 1, ""platform_specific"": false, ""pointer_arithmetic"": false, ""pointer_count"": 0, ""pointer_to_pointer"": false, ""raw_pointer_parameter"": false, ""raw_pointer_return"": false, ""realloc"": false, ""setjmp"": false, ""static_local"": false, ""syscall"": false, ""third_party"": false, ""union"": false, ""va_list"": false, ""variadic"": false, ""void_pointer"": false}",TRIVIAL,no_significant_detected_blocker,[],medium
2,opentelemetry-sdk,5af96de2a0bf65362ced740d40aab531f5d83126,sdk/src/configuration/configuration_parser.cc,627,630,function,if,4,"{""bitfield"": false, ""branch_complexity_proxy"": 1, ""c_array"": false, ""call_count"": 2, ""callback"": false, ""calloc"": false, ""conditional_compilation"": false, ""explicit_abi_boundary"": false, ""extern_declaration"": false, ""extern_or_abi_boundary"": false, ""flexible_array"": false, ""free"": false, ""function_pointer"": false, ""generated_source"": false, ""global_read"": false, ""global_write"": false, ""goto"": false, ""lexical_ambiguity"": false, ""longjmp"": false, ""macro_density"": 0.0, ""macro_generated_declaration"": false, ""macro_use"": false, ""malloc"": false, ""memcpy"": false, ""memmove"": false, ""memset"": false, ""mutable_global"": false, ""parameter_count"": 1, ""platform_specific"": false, ""pointer_arithmetic"": false, ""pointer_count"": 0, ""pointer_to_pointer"": false, ""raw_pointer_parameter"": false, ""raw_pointer_return"": false, ""realloc"": false, ""setjmp"": false, ""static_local"": false, ""syscall"": false, ""third_party"": false, ""union"": false, ""va_list"": false, ""variadic"": false, ""void_pointer"": false}",TRIVIAL,no_significant_detected_blocker,[],medium
2,opentelemetry-sdk,5af96de2a0bf65362ced740d40aab531f5d83126,sdk/src/configuration/configuration_parser.cc,1030,1033,function,if,4,"{""bitfield"": false, ""branch_complexity_proxy"": 1, ""c_array"": false, ""call_count"": 2, ""callback"": false, ""calloc"": false, ""conditional_compilation"": false, ""explicit_abi_boundary"": false, ""extern_declaration"": false, ""extern_or_abi_boundary"": false, ""flexible_array"": false, ""free"": false, ""function_pointer"": false, ""generated_source"": false, ""global_read"": false, ""global_write"": false, ""goto"": false, ""lexical_ambiguity"": false, ""longjmp"": false, ""macro_density"": 0.0, ""macro_generated_declaration"": false, ""macro_use"": false, ""malloc"": false, ""memcpy"": false, ""memmove"": false, ""memset"": false, ""mutable_global"": false, ""parameter_count"": 1, ""platform_specific"": false, ""pointer_arithmetic"": false, ""pointer_count"": 0, ""pointer_to_pointer"": false, ""raw_pointer_parameter"": false, ""raw_pointer_return"": false, ""realloc"": false, ""setjmp"": false, ""static_local"": false, ""syscall"": false, ""third_party"": false, ""union"": false, ""va_list"": false, ""variadic"": false, ""void_pointer"": false}",TRIVIAL,no_significant_detected_blocker,[],medium
2,opentelemetry-sdk,5af96de2a0bf65362ced740d40aab531f5d83126,sdk/src/configuration/configuration_parser.cc,1034,1037,function,if,4,"{""bitfield"": false, ""branch_complexity_proxy"": 1, ""c_array"": false, ""call_count"": 2, ""callback"": false, ""calloc"": false, ""conditional_compilation"": false, ""explicit_abi_boundary"": false, ""extern_declaration"": false, ""extern_or_abi_boundary"": false, ""flexible_array"": false, ""free"": false, ""function_pointer"": false, ""generated_source"": false, ""global_read"": false, ""global_write"": false, ""goto"": false, ""lexical_ambiguity"": false, ""longjmp"": false, ""macro_density"": 0.0, ""macro_generated_declaration"": false, ""macro_use"": false, ""malloc"": false, ""memcpy"": false, ""memmove"": false, ""memset"": false, ""mutable_global"": false, ""parameter_count"": 1, ""platform_specific"": false, ""pointer_arithmetic"": false, ""pointer_count"": 0, ""pointer_to_pointer"": false, ""raw_pointer_parameter"": false, ""raw_pointer_return"": false, ""realloc"": false, ""setjmp"": false, ""static_local"": false, ""syscall"": false, ""third_party"": false, ""union"": false, ""va_list"": false, ""variadic"": false, ""void_pointer"": false}",TRIVIAL,no_significant_detected_blocker,[],medium
2,opentelemetry-sdk,5af96de2a0bf65362ced740d40aab531f5d83126,sdk/src/configuration/configuration_parser.cc,1038,1041,function,if,4,"{""bitfield"": false, ""branch_complexity_proxy"": 1, ""c_array"": false, ""call_count"": 2, ""callback"": false, ""calloc"": false, ""conditional_compilation"": false, ""explicit_abi_boundary"": false, ""extern_declaration"": false, ""extern_or_abi_boundary"": false, ""flexible_array"": false, ""free"": false, ""function_pointer"": false, ""generated_source"": false, ""global_read"": false, ""global_write"": false, ""goto"": false, ""lexical_ambiguity"": false, ""longjmp"": false, ""macro_density"": 0.0, ""macro_generated_declaration"": false, ""macro_use"": false, ""malloc"": false, ""memcpy"": false, ""memmove"": false, ""memset"": false, ""mutable_global"": false, ""parameter_count"": 1, ""platform_specific"": false, ""pointer_arithmetic"": false, ""pointer_count"": 0, ""pointer_to_pointer"": false, ""raw_pointer_parameter"": false, ""raw_pointer_return"": false, ""realloc"": false, ""setjmp"": false, ""static_local"": false, ""syscall"": false, ""third_party"": false, ""union"": false, ""va_list"": false, ""variadic"": false, ""void_pointer"": false}",TRIVIAL,no_significant_detected_blocker,[],medium
2,opentelemetry-sdk,5af96de2a0bf65362ced740d40aab531f5d83126,sdk/src/configuration/configuration_parser.cc,1252,1255,function,if,4,"{""bitfield"": false, ""branch_complexity_proxy"": 1, ""c_array"": false, ""call_count"": 2, ""callback"": false, ""calloc"": false, ""conditional_compilation"": false, ""explicit_abi_boundary"": false, ""extern_declaration"": false, ""extern_or_abi_boundary"": false, ""flexible_array"": false, ""free"": false, ""function_pointer"": false, ""generated_source"": false, ""global_read"": false, ""global_write"": false, ""goto"": false, ""lexical_ambiguity"": false, ""longjmp"": false, ""macro_density"": 0.0, ""macro_generated_declaration"": false, ""macro_use"": false, ""malloc"": false, ""memcpy"": false, ""memmove"": false, ""memset"": false, ""mutable_global"": false, ""parameter_count"": 1, ""platform_specific"": false, ""pointer_arithmetic"": false, ""pointer_count"": 0, ""pointer_to_pointer"": false, ""raw_pointer_parameter"": false, ""raw_pointer_return"": false, ""realloc"": false, ""setjmp"": false, ""static_local"": false, ""syscall"": false, ""third_party"": false, ""union"": false, ""va_list"": false, ""variadic"": false, ""void_pointer"": false}",TRIVIAL,no_significant_detected_blocker,[],medium
2,opentelemetry-sdk,5af96de2a0bf65362ced740d40aab531f5d83126,sdk/src/configuration/configuration_parser.cc,1474,1477,function,if,4,"{""bitfield"": false, ""branch_complexity_proxy"": 1, ""c_array"": false, ""call_count"": 2, ""callback"": false, ""calloc"": false, ""conditional_compilation"": false, ""explicit_abi_boundary"": false, ""extern_declaration"": false, ""extern_or_abi_boundary"": false, ""flexible_array"": false, ""free"": false, ""function_pointer"": false, ""generated_source"": false, ""global_read"": false, ""global_write"": false, ""goto"": false, ""lexical_ambiguity"": false, ""longjmp"": false, ""macro_density"": 0.0, ""macro_generated_declaration"": false, ""macro_use"": false, ""malloc"": false, ""memcpy"": false, ""memmove"": false, ""memset"": false, ""mutable_global"": false, ""parameter_count"": 1, ""platform_specific"": false, ""pointer_arithmetic"": false, ""pointer_count"": 0, ""pointer_to_pointer"": false, ""raw_pointer_parameter"": false, ""raw_pointer_return"": false, ""realloc"": false, ""setjmp"": false, ""static_local"": false, ""syscall"": false, ""third_party"": false, ""union"": false, ""va_list"": false, ""variadic"": false, ""void_pointer"": false}",TRIVIAL,no_significant_detected_blocker,[],medium
2,opentelemetry-sdk,5af96de2a0bf65362ced740d40aab531f5d83126,sdk/src/configuration/configuration_parser.cc,1478,1481,function,if,4,"{""bitfield"": false, ""branch_complexity_proxy"": 1, ""c_array"": false, ""call_count"": 2, ""callback"": false, ""calloc"": false, ""conditional_compilation"": false, ""explicit_abi_boundary"": false, ""extern_declaration"": false, ""extern_or_abi_boundary"": false, ""flexible_array"": false, ""free"": false, ""function_pointer"": false, ""generated_source"": false, ""global_read"": false, ""global_write"": false, ""goto"": false, ""lexical_ambiguity"": false, ""longjmp"": false, ""macro_density"": 0.0, ""macro_generated_declaration"": false, ""macro_use"": false, ""malloc"": false, ""memcpy"": false, ""memmove"": false, ""memset"": false, ""mutable_global"": false, ""parameter_count"": 1, ""platform_specific"": false, ""pointer_arithmetic"": false, ""pointer_count"": 0, ""pointer_to_pointer"": false, ""raw_pointer_parameter"": false, ""raw_pointer_return"": false, ""realloc"": false, ""setjmp"": false, ""static_local"": false, ""syscall"": false, ""third_party"": false, ""union"": false, ""va_list"": false, ""variadic"": false, ""void_pointer"": false}",TRIVIAL,no_significant_detected_blocker,[],medium
2,opentelemetry-sdk,5af96de2a0bf65362ced740d40aab531f5d83126,sdk/src/configuration/configuration_parser.cc,1482,1485,function,if,4,"{""bitfield"": false, ""branch_complexity_proxy"": 1, ""c_array"": false, ""call_count"": 2, ""callback"": false, ""calloc"": false, ""conditional_compilation"": false, ""explicit_abi_boundary"": false, ""extern_declaration"": false, ""extern_or_abi_boundary"": false, ""flexible_array"": false, ""free"": false, ""function_pointer"": false, ""generated_source"": false, ""global_read"": false, ""global_write"": false, ""goto"": false, ""lexical_ambiguity"": false, ""longjmp"": false, ""macro_density"": 0.0, ""macro_generated_declaration"": false, ""macro_use"": false, ""malloc"": false, ""memcpy"": false, ""memmove"": false, ""memset"": false, ""mutable_global"": false, ""parameter_count"": 1, ""platform_specific"": false, ""pointer_arithmetic"": false, ""pointer_count"": 0, ""pointer_to_pointer"": false, ""raw_pointer_parameter"": false, ""raw_pointer_return"": false, ""realloc"": false, ""setjmp"": false, ""static_local"": false, ""syscall"": false, ""third_party"": false, ""union"": false, ""va_list"": false, ""variadic"": false, ""void_pointer"": false}",TRIVIAL,no_significant_detected_blocker,[],medium
2,opentelemetry-sdk,5af96de2a0bf65362ced740d40aab531f5d83126,sdk/src/configuration/configuration_parser.cc,1486,1489,function,if,4,"{""bitfield"": false, ""branch_complexity_proxy"": 1, ""c_array"": false, ""call_count"": 2, ""callback"": false, ""calloc"": false, ""conditional_compilation"": false, ""explicit_abi_boundary"": false, ""extern_declaration"": false, ""extern_or_abi_boundary"": false, ""flexible_array"": false, ""free"": false, ""function_pointer"": false, ""generated_source"": false, ""global_read"": false, ""global_write"": false, ""goto"": false, ""lexical_ambiguity"": false, ""longjmp"": false, ""macro_density"": 0.0, ""macro_generated_declaration"": false, ""macro_use"": false, ""malloc"": false, ""memcpy"": false, ""memmove"": false, ""memset"": false, ""mutable_global"": false, ""parameter_count"": 1, ""platform_specific"": false, ""pointer_arithmetic"": false, ""pointer_count"": 0, ""pointer_to_pointer"": false, ""raw_pointer_parameter"": false, ""raw_pointer_return"": false, ""realloc"": false, ""setjmp"": false, ""static_local"": false, ""syscall"": false, ""third_party"": false, ""union"": false, ""va_list"": false, ""variadic"": false, ""void_pointer"": false}",TRIVIAL,no_significant_detected_blocker,[],medium
2,opentelemetry-sdk,5af96de2a0bf65362ced740d40aab531f5d83126,sdk/src/configuration/configuration_parser.cc,1490,1493,function,if,4,"{""bitfield"": false, ""branch_complexity_proxy"": 1, ""c_array"": false, ""call_count"": 2, ""callback"": false, ""calloc"": false, ""conditional_compilation"": false, ""explicit_abi_boundary"": false, ""extern_declaration"": false, ""extern_or_abi_boundary"": false, ""flexible_array"": false, ""free"": false, ""function_pointer"": false, ""generated_source"": false, ""global_read"": false, ""global_write"": false, ""goto"": false, ""lexical_ambiguity"": false, ""longjmp"": false, ""macro_density"": 0.0, ""macro_generated_declaration"": false, ""macro_use"": false, ""malloc"": false, ""memcpy"": false, ""memmove"": false, ""memset"": false, ""mutable_global"": false, ""parameter_count"": 1, ""platform_specific"": false, ""pointer_arithmetic"": false, ""pointer_count"": 0, ""pointer_to_pointer"": false, ""raw_pointer_parameter"": false, ""raw_pointer_return"": false, ""realloc"": false, ""setjmp"": false, ""static_local"": false, ""syscall"": false, ""third_party"": false, ""union"": false, ""va_list"": false, ""variadic"": false, ""void_pointer"": false}",TRIVIAL,no_significant_detected_blocker,[],medium
2,opentelemetry-sdk,5af96de2a0bf65362ced740d40aab531f5d83126,sdk/src/configuration/configuration_parser.cc,2115,2118,function,if,4,"{""bitfield"": false, ""branch_complexity_proxy"": 1, ""c_array"": false, ""call_count"": 2, ""callback"": false, ""calloc"": false, ""conditional_compilation"": false, ""explicit_abi_boundary"": false, ""extern_declaration"": false, ""extern_or_abi_boundary"": false, ""flexible_array"": false, ""free"": false, ""function_pointer"": false, ""generated_source"": false, ""global_read"": false, ""global_write"": false, ""goto"": false, ""lexical_ambiguity"": false, ""longjmp"": false, ""macro_density"": 0.0, ""macro_generated_declaration"": false, ""macro_use"": false, ""malloc"": false, ""memcpy"": false, ""memmove"": false, ""memset"": false, ""mutable_global"": false, ""parameter_count"": 1, ""platform_specific"": false, ""pointer_arithmetic"": false, ""pointer_count"": 0, ""pointer_to_pointer"": false, ""raw_pointer_parameter"": false, ""raw_pointer_return"": false, ""realloc"": false, ""setjmp"": false, ""static_local"": false, ""syscall"": false, ""third_party"": false, ""union"": false, ""va_list"": false, ""variadic"": false, ""void_pointer"": false}",TRIVIAL,no_significant_detected_blocker,[],medium
2,opentelemetry-sdk,5af96de2a0bf65362ced740d40aab531f5d83126,sdk/src/configuration/configuration_parser.cc,2119,2122,function,if,4,"{""bitfield"": false, ""branch_complexity_proxy"": 1, ""c_array"": false, ""call_count"": 2, ""callback"": false, ""calloc"": false, ""conditional_compilation"": false, ""explicit_abi_boundary"": false, ""extern_declaration"": false, ""extern_or_abi_boundary"": false, ""flexible_array"": false, ""free"": false, ""function_pointer"": false, ""generated_source"": false, ""global_read"": false, ""global_write"": false, ""goto"": false, ""lexical_ambiguity"": false, ""longjmp"": false, ""macro_density"": 0.0, ""macro_generated_declaration"": false, ""macro_use"": false, ""malloc"": false, ""memcpy"": false, ""memmove"": false, ""memset"": false, ""mutable_global"": false, ""parameter_count"": 1, ""platform_specific"": false, ""pointer_arithmetic"": false, ""pointer_count"": 0, ""pointer_to_pointer"": false, ""raw_pointer_parameter"": false, ""raw_pointer_return"": false, ""realloc"": false, ""setjmp"": false, ""static_local"": false, ""syscall"": false, ""third_party"": false, ""union"": false, ""va_list"": false, ""variadic"": false, ""void_pointer"": false}",TRIVIAL,no_significant_detected_blocker,[],medium
2,opentelemetry-sdk,5af96de2a0bf65362ced740d40aab531f5d83126,sdk/src/configuration/configuration_parser.cc,2123,2126,function,if,4,"{""bitfield"": false, ""branch_complexity_proxy"": 1, ""c_array"": false, ""call_count"": 2, ""callback"": false, ""calloc"": false, ""conditional_compilation"": false, ""explicit_abi_boundary"": false, ""extern_declaration"": false, ""extern_or_abi_boundary"": false, ""flexible_array"": false, ""free"": false, ""function_pointer"": false, ""generated_source"": false, ""global_read"": false, ""global_write"": false, ""goto"": false, ""lexical_ambiguity"": false, ""longjmp"": false, ""macro_density"": 0.0, ""macro_generated_declaration"": false, ""macro_use"": false, ""malloc"": false, ""memcpy"": false, ""memmove"": false, ""memset"": false, ""mutable_global"": false, ""parameter_count"": 1, ""platform_specific"": false, ""pointer_arithmetic"": false, ""pointer_count"": 0, ""pointer_to_pointer"": false, ""raw_pointer_parameter"": false, ""raw_pointer_return"": false, ""realloc"": false, ""setjmp"": false, ""static_local"": false, ""syscall"": false, ""third_party"": false, ""union"": false, ""va_list"": false, ""variadic"": false, ""void_pointer"": false}",TRIVIAL,no_significant_detected_blocker,[],medium
2,opentelemetry-sdk,5af96de2a0bf65362ced740d40aab531f5d83126,sdk/src/configuration/configuration_parser.cc,2127,2130,function,if,4,"{""bitfield"": false, ""branch_complexity_proxy"": 1, ""c_array"": false, ""call_count"": 2, ""callback"": false, ""calloc"": false, ""conditional_compilation"": false, ""explicit_abi_boundary"": false, ""extern_declaration"": false, ""extern_or_abi_boundary"": false, ""flexible_array"": false, ""free"": false, ""function_pointer"": false, ""generated_source"": false, ""global_read"": false, ""global_write"": false, ""goto"": false, ""lexical_ambiguity"": false, ""longjmp"": false, ""macro_density"": 0.0, ""macro_generated_declaration"": false, ""macro_use"": false, ""malloc"": false, ""memcpy"": false, ""memmove"": false, ""memset"": false, ""mutable_global"": false, ""parameter_count"": 1, ""platform_specific"": false, ""pointer_arithmetic"": false, ""pointer_count"": 0, ""pointer_to_pointer"": false, ""raw_pointer_parameter"": false, ""raw_pointer_return"": false, ""realloc"": false, ""setjmp"": false, ""static_local"": false, ""syscall"": false, ""third_party"": false, ""union"": false, ""va_list"": false, ""variadic"": false, ""void_pointer"": false}",TRIVIAL,no_significant_detected_blocker,[],medium
2,opentelemetry-sdk,5af96de2a0bf65362ced740d40aab531f5d83126,sdk/src/configuration/configuration_parser.cc,2131,2134,function,if,4,"{""bitfield"": false, ""branch_complexity_proxy"": 1, ""c_array"": false, ""call_count"": 2, ""callback"": false, ""calloc"": false, ""conditional_compilation"": false, ""explicit_abi_boundary"": false, ""extern_declaration"": false, ""extern_or_abi_boundary"": false, ""flexible_array"": false, ""free"": false, ""function_pointer"": false, ""generated_source"": false, ""global_read"": false, ""global_write"": false, ""goto"": false, ""lexical_ambiguity"": false, ""longjmp"": false, ""macro_density"": 0.0, ""macro_generated_declaration"": false, ""macro_use"": false, ""malloc"": false, ""memcpy"": false, ""memmove"": false, ""memset"": false, ""mutable_global"": false, ""parameter_count"": 1, ""platform_specific"": false, ""pointer_arithmetic"": false, ""pointer_count"": 0, ""pointer_to_pointer"": false, ""raw_pointer_parameter"": false, ""raw_pointer_return"": false, ""realloc"": false, ""setjmp"": false, ""static_local"": false, ""syscall"": false, ""third_party"": false, ""union"": false, ""va_list"": false, ""variadic"": false, ""void_pointer"": false}",TRIVIAL,no_significant_detected_blocker,[],medium
2,opentelemetry-sdk,5af96de2a0bf65362ced740d40aab531f5d83126,sdk/src/configuration/configuration_parser.cc,2135,2140,function,if,6,"{""bitfield"": false, ""branch_complexity_proxy"": 1, ""c_array"": false, ""call_count"": 3, ""callback"": false, ""calloc"": false, ""conditional_compilation"": false, ""explicit_abi_boundary"": false, ""extern_declaration"": false, ""extern_or_abi_boundary"": false, ""flexible_array"": false, ""free"": false, ""function_pointer"": false, ""generated_source"": false, ""global_read"": false, ""global_write"": false, ""goto"": false, ""lexical_ambiguity"": false, ""longjmp"": false, ""macro_density"": 0.0, ""macro_generated_declaration"": false, ""macro_use"": false, ""malloc"": false, ""memcpy"": false, ""memmove"": false, ""memset"": false, ""mutable_global"": false, ""parameter_count"": 1, ""platform_specific"": false, ""pointer_arithmetic"": false, ""pointer_count"": 0, ""pointer_to_pointer"": false, ""raw_pointer_parameter"": false, ""raw_pointer_return"": false, ""realloc"": false, ""setjmp"": false, ""static_local"": false, ""syscall"": false, ""third_party"": false, ""union"": false, ""va_list"": false, ""variadic"": false, ""void_pointer"": false}",TRIVIAL,no_significant_detected_blocker,[],medium
2,opentelemetry-sdk,5af96de2a0bf65362ced740d40aab531f5d83126,sdk/src/configuration/configuration_parser.cc,2272,2275,function,if,4,"{""bitfield"": false, ""branch_complexity_proxy"": 1, ""c_array"": false, ""call_count"": 2, ""callback"": false, ""calloc"": false, ""conditional_compilation"": false, ""explicit_abi_boundary"": false, ""extern_declaration"": false, ""extern_or_abi_boundary"": false, ""flexible_array"": false, ""free"": false, ""function_pointer"": false, ""generated_source"": false, ""global_read"": false, ""global_write"": false, ""goto"": false, ""lexical_ambiguity"": false, ""longjmp"": false, ""macro_density"": 0.0, ""macro_generated_declaration"": false, ""macro_use"": false, ""malloc"": false, ""memcpy"": false, ""memmove"": false, ""memset"": false, ""mutable_global"": false, ""parameter_count"": 1, ""platform_specific"": false, ""pointer_arithmetic"": false, ""pointer_count"": 0, ""pointer_to_pointer"": false, ""raw_pointer_parameter"": false, ""raw_pointer_return"": false, ""realloc"": false, ""setjmp"": false, ""static_local"": false, ""syscall"": false, ""third_party"": false, ""union"": false, ""va_list"": false, ""variadic"": false, ""void_pointer"": false}",TRIVIAL,no_significant_detected_blocker,[],medium
2,opentelemetry-sdk,5af96de2a0bf65362ced740d40aab531f5d83126,sdk/src/configuration/configuration_parser.cc,2276,2279,function,if,4,"{""bitfield"": false, ""branch_complexity_proxy"": 1, ""c_array"": false, ""call_count"": 2, ""callback"": false, ""calloc"": false, ""conditional_compilation"": false, ""explicit_abi_boundary"": false, ""extern_declaration"": false, ""extern_or_abi_boundary"": false, ""flexible_array"": false, ""free"": false, ""function_pointer"": false, ""generated_source"": false, ""global_read"": false, ""global_write"": false, ""goto"": false, ""lexical_ambiguity"": false, ""longjmp"": false, ""macro_density"": 0.0, ""macro_generated_declaration"": false, ""macro_use"": false, ""malloc"": false, ""memcpy"": false, ""memmove"": false, ""memset"": false, ""mutable_global"": false, ""parameter_count"": 1, ""platform_specific"": false, ""pointer_arithmetic"": false, ""pointer_count"": 0, ""pointer_to_pointer"": false, ""raw_pointer_parameter"": false, ""raw_pointer_return"": false, ""realloc"": false, ""setjmp"": false, ""static_local"": false, ""syscall"": false, ""third_party"": false, ""union"": false, ""va_list"": false, ""variadic"": false, ""void_pointer"": false}",TRIVIAL,no_significant_detected_blocker,[],medium
2,opentelemetry-sdk,5af96de2a0bf65362ced740d40aab531f5d83126,sdk/src/configuration/configuration_parser.cc,2280,2283,function,if,4,"{""bitfield"": false, ""branch_complexity_proxy"": 1, ""c_array"": false, ""call_count"": 2, ""callback"": false, ""calloc"": false, ""conditional_compilation"": false, ""explicit_abi_boundary"": false, ""extern_declaration"": false, ""extern_or_abi_boundary"": false, ""flexible_array"": false, ""free"": false, ""function_pointer"": false, ""generated_source"": false, ""global_read"": false, ""global_write"": false, ""goto"": false, ""lexical_ambiguity"": false, ""longjmp"": false, ""macro_density"": 0.0, ""macro_generated_declaration"": false, ""macro_use"": false, ""malloc"": false, ""memcpy"": false, ""memmove"": false, ""memset"": false, ""mutable_global"": false, ""parameter_count"": 1, ""platform_specific"": false, ""pointer_arithmetic"": false, ""pointer_count"": 0, ""pointer_to_pointer"": false, ""raw_pointer_parameter"": false, ""raw_pointer_return"": false, ""realloc"": false, ""setjmp"": false, ""static_local"": false, ""syscall"": false, ""third_party"": false, ""union"": false, ""va_list"": false, ""variadic"": false, ""void_pointer"": false}",TRIVIAL,no_significant_detected_blocker,[],medium
2,opentelemetry-sdk,5af96de2a0bf65362ced740d40aab531f5d83126,sdk/src/configuration/configuration_parser.cc,2375,2378,function,if,4,"{""bitfield"": false, ""branch_complexity_proxy"": 1, ""c_array"": false, ""call_count"": 2, ""callback"": false, ""calloc"": false, ""conditional_compilation"": false, ""explicit_abi_boundary"": false, ""extern_declaration"": false, ""extern_or_abi_boundary"": false, ""flexible_array"": false, ""free"": false, ""function_pointer"": false, ""generated_source"": false, ""global_read"": false, ""global_write"": false, ""goto"": false, ""lexical_ambiguity"": false, ""longjmp"": false, ""macro_density"": 0.0, ""macro_generated_declaration"": false, ""macro_use"": false, ""malloc"": false, ""memcpy"": false, ""memmove"": false, ""memset"": false, ""mutable_global"": false, ""parameter_count"": 1, ""platform_specific"": false, ""pointer_arithmetic"": false, ""pointer_count"": 0, ""pointer_to_pointer"": false, ""raw_pointer_parameter"": false, ""raw_pointer_return"": false, ""realloc"": false, ""setjmp"": false, ""static_local"": false, ""syscall"": false, ""third_party"": false, ""union"": false, ""va_list"": false, ""variadic"": false, ""void_pointer"": false}",TRIVIAL,no_significant_detected_blocker,[],medium
2,opentelemetry-sdk,5af96de2a0bf65362ced740d40aab531f5d83126,sdk/src/configuration/configuration_parser.cc,2630,2634,function,if,5,"{""bitfield"": false, ""branch_complexity_proxy"": 1, ""c_array"": false, ""call_count"": 3, ""callback"": false, ""calloc"": false, ""conditional_compilation"": false, ""explicit_abi_boundary"": false, ""extern_declaration"": false, ""extern_or_abi_boundary"": false, ""flexible_array"": false, ""free"": false, ""function_pointer"": false, ""generated_source"": false, ""global_read"": false, ""global_write"": false, ""goto"": false, ""lexical_ambiguity"": false, ""longjmp"": false, ""macro_density"": 0.0, ""macro_generated_declaration"": false, ""macro_use"": false, ""malloc"": false, ""memcpy"": false, ""memmove"": false, ""memset"": false, ""mutable_global"": false, ""parameter_count"": 1, ""platform_specific"": false, ""pointer_arithmetic"": false, ""pointer_count"": 0, ""pointer_to_pointer"": false, ""raw_pointer_parameter"": false, ""raw_pointer_return"": false, ""realloc"": false, ""setjmp"": false, ""static_local"": false, ""syscall"": false, ""third_party"": false, ""union"": false, ""va_list"": false, ""variadic"": false, ""void_pointer"": false}",TRIVIAL,no_significant_detected_blocker,[],medium
2,opentelemetry-sdk,5af96de2a0bf65362ced740d40aab531f5d83126,sdk/src/configuration/configuration_parser.cc,2635,2639,function,if,5,"{""bitfield"": false, ""branch_complexity_proxy"": 1, ""c_array"": false, ""call_count"": 3, ""callback"": false, ""calloc"": false, ""conditional_compilation"": false, ""explicit_abi_boundary"": false, ""extern_declaration"": false, ""extern_or_abi_boundary"": false, ""flexible_array"": false, ""free"": false, ""function_pointer"": false, ""generated_source"": false, ""global_read"": false, ""global_write"": false, ""goto"": false, ""lexical_ambiguity"": false, ""longjmp"": false, ""macro_density"": 0.0, ""macro_generated_declaration"": false, ""macro_use"": false, ""malloc"": false, ""memcpy"": false, ""memmove"": false, ""memset"": false, ""mutable_global"": false, ""parameter_count"": 1, ""platform_specific"": false, ""pointer_arithmetic"": false, ""pointer_count"": 0, ""pointer_to_pointer"": false, ""raw_pointer_parameter"": false, ""raw_pointer_return"": false, ""realloc"": false, ""setjmp"": false, ""static_local"": false, ""syscall"": false, ""third_party"": false, ""union"": false, ""va_list"": false, ""variadic"": false, ""void_pointer"": false}",TRIVIAL,no_significant_detected_blocker,[],medium
2,opentelemetry-sdk,5af96de2a0bf65362ced740d40aab531f5d83126,sdk/src/configuration/configuration_parser.cc,2640,2644,function,if,5,"{""bitfield"": false, ""branch_complexity_proxy"": 1, ""c_array"": false, ""call_count"": 3, ""callback"": false, ""calloc"": false, ""conditional_compilation"": false, ""explicit_abi_boundary"": false, ""extern_declaration"": false, ""extern_or_abi_boundary"": false, ""flexible_array"": false, ""free"": false, ""function_pointer"": false, ""generated_source"": false, ""global_read"": false, ""global_write"": false, ""goto"": false, ""lexical_ambiguity"": false, ""longjmp"": false, ""macro_density"": 0.0, ""macro_generated_declaration"": false, ""macro_use"": false, ""malloc"": false, ""memcpy"": false, ""memmove"": false, ""memset"": false, ""mutable_global"": false, ""parameter_count"": 1, ""platform_specific"": false, ""pointer_arithmetic"": false, ""pointer_count"": 0, ""pointer_to_pointer"": false, ""raw_pointer_parameter"": false, ""raw_pointer_return"": false, ""realloc"": false, ""setjmp"": false, ""static_local"": false, ""syscall"": false, ""third_party"": false, ""union"": false, ""va_list"": false, ""variadic"": false, ""void_pointer"": false}",TRIVIAL,no_significant_detected_blocker,[],medium
2,opentelemetry-sdk,5af96de2a0bf65362ced740d40aab531f5d83126,sdk/src/configuration/configuration_parser.cc,2645,2649,function,if,5,"{""bitfield"": false, ""branch_complexity_proxy"": 1, ""c_array"": false, ""call_count"": 3, ""callback"": false, ""calloc"": false, ""conditional_compilation"": false, ""explicit_abi_boundary"": false, ""extern_declaration"": false, ""extern_or_abi_boundary"": false, ""flexible_array"": false, ""free"": false, ""function_pointer"": false, ""generated_source"": false, ""global_read"": false, ""global_write"": false, ""goto"": false, ""lexical_ambiguity"": false, ""longjmp"": false, ""macro_density"": 0.0, ""macro_generated_declaration"": false, ""macro_use"": false, ""malloc"": false, ""memcpy"": false, ""memmove"": false, ""memset"": false, ""mutable_global"": false, ""parameter_count"": 1, ""platform_specific"": false, ""pointer_arithmetic"": false, ""pointer_count"": 0, ""pointer_to_pointer"": false, ""raw_pointer_parameter"": false, ""raw_pointer_return"": false, ""realloc"": false, ""setjmp"": false, ""static_local"": false, ""syscall"": false, ""third_party"": false, ""union"": false, ""va_list"": false, ""variadic"": false, ""void_pointer"": false}",TRIVIAL,no_significant_detected_blocker,[],medium
2,opentelemetry-sdk,5af96de2a0bf65362ced740d40aab531f5d83126,sdk/src/configuration/configuration_parser.cc,2650,2654,function,if,5,"{""bitfield"": false, ""branch_complexity_proxy"": 1, ""c_array"": false, ""call_count"": 3, ""callback"": false, ""calloc"": false, ""conditional_compilation"": false, ""explicit_abi_boundary"": false, ""extern_declaration"": false, ""extern_or_abi_boundary"": false, ""flexible_array"": false, ""free"": false, ""function_pointer"": false, ""generated_source"": false, ""global_read"": false, ""global_write"": false, ""goto"": false, ""lexical_ambiguity"": false, ""longjmp"": false, ""macro_density"": 0.0, ""macro_generated_declaration"": false, ""macro_use"": false, ""malloc"": false, ""memcpy"": false, ""memmove"": false, ""memset"": false, ""mutable_global"": false, ""parameter_count"": 1, ""platform_specific"": false, ""pointer_arithmetic"": false, ""pointer_count"": 0, ""pointer_to_pointer"": false, ""raw_pointer_parameter"": false, ""raw_pointer_return"": false, ""realloc"": false, ""setjmp"": false, ""static_local"": false, ""syscall"": false, ""third_party"": false, ""union"": false, ""va_list"": false, ""variadic"": false, ""void_pointer"": false}",TRIVIAL,no_significant_detected_blocker,[],medium
2,opentelemetry-sdk,5af96de2a0bf65362ced740d40aab531f5d83126,sdk/src/configuration/configuration_parser.cc,2655,2659,function,if,5,"{""bitfield"": false, ""branch_complexity_proxy"": 1, ""c_array"": false, ""call_count"": 3, ""callback"": false, ""calloc"": false, ""conditional_compilation"": false, ""explicit_abi_boundary"": false, ""extern_declaration"": false, ""extern_or_abi_boundary"": false, ""flexible_array"": false, ""free"": false, ""function_pointer"": false, ""generated_source"": false, ""global_read"": false, ""global_write"": false, ""goto"": false, ""lexical_ambiguity"": false, ""longjmp"": false, ""macro_density"": 0.0, ""macro_generated_declaration"": false, ""macro_use"": false, ""malloc"": false, ""memcpy"": false, ""memmove"": false, ""memset"": false, ""mutable_global"": false, ""parameter_count"": 1, ""platform_specific"": false, ""pointer_arithmetic"": false, ""pointer_count"": 0, ""pointer_to_pointer"": false, ""raw_pointer_parameter"": false, ""raw_pointer_return"": false, ""realloc"": false, ""setjmp"": false, ""static_local"": false, ""syscall"": false, ""third_party"": false, ""union"": false, ""va_list"": false, ""variadic"": false, ""void_pointer"": false}",TRIVIAL,no_significant_detected_blocker,[],medium
2,opentelemetry-sdk,5af96de2a0bf65362ced740d40aab531f5d83126,sdk/src/configuration/configuration_parser.cc,2660,2664,function,if,5,"{""bitfield"": false, ""branch_complexity_proxy"": 1, ""c_array"": false, ""call_count"": 3, ""callback"": false, ""calloc"": false, ""conditional_compilation"": false, ""explicit_abi_boundary"": false, ""extern_declaration"": false, ""extern_or_abi_boundary"": false, ""flexible_array"": false, ""free"": false, ""function_pointer"": false, ""generated_source"": false, ""global_read"": false, ""global_write"": false, ""goto"": false, ""lexical_ambiguity"": false, ""longjmp"": false, ""macro_density"": 0.0, ""macro_generated_declaration"": false, ""macro_use"": false, ""malloc"": false, ""memcpy"": false, ""memmove"": false, ""memset"": false, ""mutable_global"": false, ""parameter_count"": 1, ""platform_specific"": false, ""pointer_arithmetic"": false, ""pointer_count"": 0, ""pointer_to_pointer"": false, ""raw_pointer_parameter"": false, ""raw_pointer_return"": false, ""realloc"": false, ""setjmp"": false, ""static_local"": false, ""syscall"": false, ""third_party"": false, ""union"": false, ""va_list"": false, ""variadic"": false, ""void_pointer"": false}",TRIVIAL,no_significant_detected_blocker,[],medium
2,opentelemetry-sdk,5af96de2a0bf65362ced740d40aab531f5d83126,sdk/src/configuration/configuration_parser.cc,2749,2752,function,if,4,"{""bitfield"": false, ""branch_complexity_proxy"": 1, ""c_array"": false, ""call_count"": 2, ""callback"": false, ""calloc"": false, ""conditional_compilation"": false, ""explicit_abi_boundary"": false, ""extern_declaration"": false, ""extern_or_abi_boundary"": false, ""flexible_array"": false, ""free"": false, ""function_pointer"": false, ""generated_source"": false, ""global_read"": false, ""global_write"": false, ""goto"": false, ""lexical_ambiguity"": false, ""longjmp"": false, ""macro_density"": 0.0, ""macro_generated_declaration"": false, ""macro_use"": false, ""malloc"": false, ""memcpy"": false, ""memmove"": false, ""memset"": false, ""mutable_global"": false, ""parameter_count"": 1, ""platform_specific"": false, ""pointer_arithmetic"": false, ""pointer_count"": 0, ""pointer_to_pointer"": false, ""raw_pointer_parameter"": false, ""raw_pointer_return"": false, ""realloc"": false, ""setjmp"": false, ""static_local"": false, ""syscall"": false, ""third_party"": false, ""union"": false, ""va_list"": false, ""variadic"": false, ""void_pointer"": false}",TRIVIAL,no_significant_detected_blocker,[],medium
2,opentelemetry-sdk,5af96de2a0bf65362ced740d40aab531f5d83126,sdk/src/configuration/configuration_parser.cc,2753,2756,function,if,4,"{""bitfield"": false, ""branch_complexity_proxy"": 1, ""c_array"": false, ""call_count"": 2, ""callback"": false, ""calloc"": false, ""conditional_compilation"": false, ""explicit_abi_boundary"": false, ""extern_declaration"": false, ""extern_or_abi_boundary"": false, ""flexible_array"": false, ""free"": false, ""function_pointer"": false, ""generated_source"": false, ""global_read"": false, ""global_write"": false, ""goto"": false, ""lexical_ambiguity"": false, ""longjmp"": false, ""macro_density"": 0.0, ""macro_generated_declaration"": false, ""macro_use"": false, ""malloc"": false, ""memcpy"": false, ""memmove"": false, ""memset"": false, ""mutable_global"": false, ""parameter_count"": 1, ""platform_specific"": false, ""pointer_arithmetic"": false, ""pointer_count"": 0, ""pointer_to_pointer"": false, ""raw_pointer_parameter"": false, ""raw_pointer_return"": false, ""realloc"": false, ""setjmp"": false, ""static_local"": false, ""syscall"": false, ""third_party"": false, ""union"": false, ""va_list"": false, ""variadic"": false, ""void_pointer"": false}",TRIVIAL,no_significant_detected_blocker,[],medium
2,opentelemetry-sdk,5af96de2a0bf65362ced740d40aab531f5d83126,sdk/src/configuration/configuration_parser.cc,2757,2760,function,if,4,"{""bitfield"": false, ""branch_complexity_proxy"": 1, ""c_array"": false, ""call_count"": 2, ""callback"": false, ""calloc"": false, ""conditional_compilation"": false, ""explicit_abi_boundary"": false, ""extern_declaration"": false, ""extern_or_abi_boundary"": false, ""flexible_array"": false, ""free"": false, ""function_pointer"": false, ""generated_source"": false, ""global_read"": false, ""global_write"": false, ""goto"": false, ""lexical_ambiguity"": false, ""longjmp"": false, ""macro_density"": 0.0, ""macro_generated_declaration"": false, ""macro_use"": false, ""malloc"": false, ""memcpy"": false, ""memmove"": false, ""memset"": false, ""mutable_global"": false, ""parameter_count"": 1, ""platform_specific"": false, ""pointer_arithmetic"": false, ""pointer_count"": 0, ""pointer_to_pointer"": false, ""raw_pointer_parameter"": false, ""raw_pointer_return"": false, ""realloc"": false, ""setjmp"": false, ""static_local"": false, ""syscall"": false, ""third_party"": false, ""union"": false, ""va_list"": false, ""variadic"": false, ""void_pointer"": false}",TRIVIAL,no_significant_detected_blocker,[],medium
2,opentelemetry-sdk,5af96de2a0bf65362ced740d40aab531f5d83126,sdk/src/configuration/logs_builders.cc,166,173,function,RegisterDefaultLogsBuilders,8,"{""bitfield"": false, ""branch_complexity_proxy"": 0, ""c_array"": false, ""call_count"": 4, ""callback"": false, ""calloc"": false, ""conditional_compilation"": false, ""explicit_abi_boundary"": false, ""extern_declaration"": false, ""extern_or_abi_boundary"": false, ""flexible_array"": false, ""free"": false, ""function_pointer"": false, ""generated_source"": false, ""global_read"": false, ""global_write"": false, ""goto"": false, ""lexical_ambiguity"": false, ""longjmp"": false, ""macro_density"": 0.0, ""macro_generated_declaration"": false, ""macro_use"": false, ""malloc"": false, ""memcpy"": false, ""memmove"": false, ""memset"": false, ""mutable_global"": false, ""parameter_count"": 1, ""platform_specific"": false, ""pointer_arithmetic"": false, ""pointer_count"": 1, ""pointer_to_pointer"": false, ""raw_pointer_parameter"": true, ""raw_pointer_return"": false, ""realloc"": false, ""setjmp"": false, ""static_local"": false, ""syscall"": false, ""third_party"": false, ""union"": false, ""va_list"": false, ""variadic"": false, ""void_pointer"": false}",TRIVIAL,no_significant_detected_blocker,"[""raw_pointer_parameter""]",medium
2,opentelemetry-sdk,5af96de2a0bf65362ced740d40aab531f5d83126,sdk/src/configuration/metrics_builders.cc,90,94,function,RegisterDefaultMetricsBuilders,5,"{""bitfield"": false, ""branch_complexity_proxy"": 0, ""c_array"": false, ""call_count"": 3, ""callback"": false, ""calloc"": false, ""conditional_compilation"": false, ""explicit_abi_boundary"": false, ""extern_declaration"": false, ""extern_or_abi_boundary"": false, ""flexible_array"": false, ""free"": false, ""function_pointer"": false, ""generated_source"": false, ""global_read"": false, ""global_write"": false, ""goto"": false, ""lexical_ambiguity"": false, ""longjmp"": false, ""macro_density"": 0.0, ""macro_generated_declaration"": false, ""macro_use"": false, ""malloc"": false, ""memcpy"": false, ""memmove"": false, ""memset"": false, ""mutable_global"": false, ""parameter_count"": 1, ""platform_specific"": false, ""pointer_arithmetic"": false, ""pointer_count"": 1, ""pointer_to_pointer"": false, ""raw_pointer_parameter"": true, ""raw_pointer_return"": false, ""realloc"": false, ""setjmp"": false, ""static_local"": false, ""syscall"": false, ""third_party"": false, ""union"": false, ""va_list"": false, ""variadic"": false, ""void_pointer"": false}",TRIVIAL,no_significant_detected_blocker,"[""raw_pointer_parameter""]",medium
2,opentelemetry-sdk,5af96de2a0bf65362ced740d40aab531f5d83126,sdk/src/configuration/ryml_document_node.cc,30,51,function,DebugNode,22,"{""bitfield"": false, ""branch_complexity_proxy"": 2, ""c_array"": false, ""call_count"": 30, ""callback"": false, ""calloc"": false, ""conditional_compilation"": true, ""explicit_abi_boundary"": false, ""extern_declaration"": false, ""extern_or_abi_boundary"": false, ""flexible_array"": false, ""free"": false, ""function_pointer"": false, ""generated_source"": false, ""global_read"": false, ""global_write"": false, ""goto"": false, ""lexical_ambiguity"": false, ""longjmp"": false, ""macro_density"": 0.0, ""macro_generated_declaration"": false, ""macro_use"": true, ""malloc"": false, ""memcpy"": false, ""memmove"": false, ""memset"": false, ""mutable_global"": false, ""parameter_count"": 2, ""platform_specific"": false, ""pointer_arithmetic"": false, ""pointer_count"": 0, ""pointer_to_pointer"": false, ""raw_pointer_parameter"": false, ""raw_pointer_return"": false, ""realloc"": false, ""setjmp"": false, ""static_local"": false, ""syscall"": false, ""third_party"": false, ""union"": false, ""va_list"": false, ""variadic"": false, ""void_pointer"": false}",TRIVIAL,no_significant_detected_blocker,"[""conditional_compilation"", ""macro_use""]",medium
2,opentelemetry-sdk,5af96de2a0bf65362ced740d40aab531f5d83126,sdk/src/configuration/sdk_builder.cc,1396,1408,function,IsDuplicate,13,"{""bitfield"": false, ""branch_complexity_proxy"": 2, ""c_array"": false, ""call_count"": 3, ""callback"": false, ""calloc"": false, ""conditional_compilation"": false, ""explicit_abi_boundary"": false, ""extern_declaration"": false, ""extern_or_abi_boundary"": false, ""flexible_array"": false, ""free"": false, ""function_pointer"": false, ""generated_source"": false, ""global_read"": false, ""global_write"": false, ""goto"": false, ""lexical_ambiguity"": false, ""longjmp"": false, ""macro_density"": 0.0, ""macro_generated_declaration"": false, ""macro_use"": false, ""malloc"": false, ""memcpy"": false, ""memmove"": false, ""memset"": false, ""mutable_global"": false, ""parameter_count"": 2, ""platform_specific"": false, ""pointer_arithmetic"": false, ""pointer_count"": 0, ""pointer_to_pointer"": false, ""raw_pointer_parameter"": false, ""raw_pointer_return"": false, ""realloc"": false, ""setjmp"": false, ""static_local"": false, ""syscall"": false, ""third_party"": false, ""union"": false, ""va_list"": false, ""variadic"": false, ""void_pointer"": false}",TRIVIAL,no_significant_detected_blocker,[],medium
2,opentelemetry-sdk,5af96de2a0bf65362ced740d40aab531f5d83126,sdk/src/configuration/sdk_builder.cc,1482,1517,enum,opentelemetry,36,"{""bitfield"": false, ""branch_complexity_proxy"": 8, ""c_array"": false, ""call_count"": 1, ""callback"": false, ""calloc"": false, ""conditional_compilation"": false, ""explicit_abi_boundary"": false, ""extern_declaration"": false, ""extern_or_abi_boundary"": false, ""flexible_array"": false, ""free"": false, ""function_pointer"": false, ""generated_source"": false, ""global_read"": false, ""global_write"": false, ""goto"": false, ""lexical_ambiguity"": false, ""longjmp"": false, ""macro_density"": 0.0, ""macro_generated_declaration"": false, ""macro_use"": false, ""malloc"": false, ""memcpy"": false, ""memmove"": false, ""memset"": false, ""mutable_global"": false, ""parameter_count"": 0, ""platform_specific"": false, ""pointer_arithmetic"": false, ""pointer_count"": 0, ""pointer_to_pointer"": false, ""raw_pointer_parameter"": false, ""raw_pointer_return"": false, ""realloc"": false, ""setjmp"": false, ""static_local"": false, ""syscall"": false, ""third_party"": false, ""union"": false, ""va_list"": false, ""variadic"": false, ""void_pointer"": false}",TRIVIAL,no_significant_detected_blocker,[],medium
2,opentelemetry-sdk,5af96de2a0bf65362ced740d40aab531f5d83126,sdk/src/configuration/sdk_builder.cc,1522,1543,enum,opentelemetry,22,"{""bitfield"": false, ""branch_complexity_proxy"": 3, ""c_array"": false, ""call_count"": 1, ""callback"": false, ""calloc"": false, ""conditional_compilation"": true, ""explicit_abi_boundary"": false, ""extern_declaration"": false, ""extern_or_abi_boundary"": false, ""flexible_array"": false, ""free"": false, ""function_pointer"": false, ""generated_source"": false, ""global_read"": false, ""global_write"": false, ""goto"": false, ""lexical_ambiguity"": false, ""longjmp"": false, ""macro_density"": 0.0, ""macro_generated_declaration"": false, ""macro_use"": false, ""malloc"": false, ""memcpy"": false, ""memmove"": false, ""memset"": false, ""mutable_global"": false, ""parameter_count"": 0, ""platform_specific"": false, ""pointer_arithmetic"": false, ""pointer_count"": 0, ""pointer_to_pointer"": false, ""raw_pointer_parameter"": false, ""raw_pointer_return"": false, ""realloc"": false, ""setjmp"": false, ""static_local"": false, ""syscall"": false, ""third_party"": false, ""union"": false, ""va_list"": false, ""variadic"": false, ""void_pointer"": false}",TRIVIAL,no_significant_detected_blocker,"[""conditional_compilation""]",medium
2,opentelemetry-sdk,5af96de2a0bf65362ced740d40aab531f5d83126,sdk/src/configuration/trace_builders.cc,329,352,function,RegisterDefaultTraceBuilders,24,"{""bitfield"": false, ""branch_complexity_proxy"": 0, ""c_array"": false, ""call_count"": 16, ""callback"": false, ""calloc"": false, ""conditional_compilation"": false, ""explicit_abi_boundary"": false, ""extern_declaration"": false, ""extern_or_abi_boundary"": false, ""flexible_array"": false, ""free"": false, ""function_pointer"": false, ""generated_source"": false, ""global_read"": false, ""global_write"": false, ""goto"": false, ""lexical_ambiguity"": false, ""longjmp"": false, ""macro_density"": 0.0, ""macro_generated_declaration"": false, ""macro_use"": false, ""malloc"": false, ""memcpy"": false, ""memmove"": false, ""memset"": false, ""mutable_global"": false, ""parameter_count"": 1, ""platform_specific"": false, ""pointer_arithmetic"": false, ""pointer_count"": 1, ""pointer_to_pointer"": false, ""raw_pointer_parameter"": true, ""raw_pointer_return"": false, ""realloc"": false, ""setjmp"": false, ""static_local"": false, ""syscall"": false, ""third_party"": false, ""union"": false, ""va_list"": false, ""variadic"": false, ""void_pointer"": false}",TRIVIAL,no_significant_detected_blocker,"[""raw_pointer_parameter""]",medium
2,opentelemetry-sdk,5af96de2a0bf65362ced740d40aab531f5d83126,sdk/src/logs/batch_log_record_processor_options.cc,30,38,function,GetMaxQueueSizeFromEnv,9,"{""bitfield"": false, ""branch_complexity_proxy"": 1, ""c_array"": false, ""call_count"": 3, ""callback"": false, ""calloc"": false, ""conditional_compilation"": false, ""explicit_abi_boundary"": false, ""extern_declaration"": false, ""extern_or_abi_boundary"": false, ""flexible_array"": false, ""free"": false, ""function_pointer"": false, ""generated_source"": false, ""global_read"": false, ""global_write"": false, ""goto"": false, ""lexical_ambiguity"": false, ""longjmp"": false, ""macro_density"": 0.0, ""macro_generated_declaration"": false, ""macro_use"": false, ""malloc"": false, ""memcpy"": false, ""memmove"": false, ""memset"": false, ""mutable_global"": false, ""parameter_count"": 0, ""platform_specific"": false, ""pointer_arithmetic"": false, ""pointer_count"": 0, ""pointer_to_pointer"": false, ""raw_pointer_parameter"": false, ""raw_pointer_return"": false, ""realloc"": false, ""setjmp"": false, ""static_local"": false, ""syscall"": false, ""third_party"": false, ""union"": false, ""va_list"": false, ""variadic"": false, ""void_pointer"": false}",TRIVIAL,no_significant_detected_blocker,[],medium
2,opentelemetry-sdk,5af96de2a0bf65362ced740d40aab531f5d83126,sdk/src/logs/batch_log_record_processor_options.cc,62,70,function,GetMaxExportBatchSizeFromEnv,9,"{""bitfield"": false, ""branch_complexity_proxy"": 1, ""c_array"": false, ""call_count"": 3, ""callback"": false, ""calloc"": false, ""conditional_compilation"": false, ""explicit_abi_boundary"": false, ""extern_declaration"": false, ""extern_or_abi_boundary"": false, ""flexible_array"": false, ""free"": false, ""function_pointer"": false, ""generated_source"": false, ""global_read"": false, ""global_write"": false, ""goto"": false, ""lexical_ambiguity"": false, ""longjmp"": false, ""macro_density"": 0.0, ""macro_generated_declaration"": false, ""macro_use"": false, ""malloc"": false, ""memcpy"": false, ""memmove"": false, ""memset"": false, ""mutable_global"": false, ""parameter_count"": 0, ""platform_specific"": false, ""pointer_arithmetic"": false, ""pointer_count"": 0, ""pointer_to_pointer"": false, ""raw_pointer_parameter"": false, ""raw_pointer_return"": false, ""realloc"": false, ""setjmp"": false, ""static_local"": false, ""syscall"": false, ""third_party"": false, ""union"": false, ""va_list"": false, ""variadic"": false, ""void_pointer"": false}",TRIVIAL,no_significant_detected_blocker,[],medium
2,opentelemetry-sdk,5af96de2a0bf65362ced740d40aab531f5d83126,sdk/src/logs/read_write_log_record.cc,196,199,function,OPENTELEMETRY_LIKELY_CONDITION,4,"{""bitfield"": false, ""branch_complexity_proxy"": 1, ""c_array"": false, ""call_count"": 1, ""callback"": false, ""calloc"": false, ""conditional_compilation"": false, ""explicit_abi_boundary"": false, ""extern_declaration"": false, ""extern_or_abi_boundary"": false, ""flexible_array"": false, ""free"": false, ""function_pointer"": false, ""generated_source"": false, ""global_read"": false, ""global_write"": false, ""goto"": false, ""lexical_ambiguity"": false, ""longjmp"": false, ""macro_density"": 0.0, ""macro_generated_declaration"": false, ""macro_use"": true, ""malloc"": false, ""memcpy"": false, ""memmove"": false, ""memset"": false, ""mutable_global"": false, ""parameter_count"": 1, ""platform_specific"": false, ""pointer_arithmetic"": false, ""pointer_count"": 1, ""pointer_to_pointer"": false, ""raw_pointer_parameter"": false, ""raw_pointer_return"": false, ""realloc"": false, ""setjmp"": false, ""static_local"": false, ""syscall"": false, ""third_party"": false, ""union"": false, ""va_list"": false, ""variadic"": false, ""void_pointer"": false}",TRIVIAL,no_significant_detected_blocker,"[""macro_use""]",medium
2,opentelemetry-sdk,5af96de2a0bf65362ced740d40aab531f5d83126,sdk/src/logs/read_write_log_record.cc,213,216,function,OPENTELEMETRY_LIKELY_CONDITION,4,"{""bitfield"": false, ""branch_complexity_proxy"": 1, ""c_array"": false, ""call_count"": 1, ""callback"": false, ""calloc"": false, ""conditional_compilation"": false, ""explicit_abi_boundary"": false, ""extern_declaration"": false, ""extern_or_abi_boundary"": false, ""flexible_array"": false, ""free"": false, ""function_pointer"": false, ""generated_source"": false, ""global_read"": false, ""global_write"": false, ""goto"": false, ""lexical_ambiguity"": false, ""longjmp"": false, ""macro_density"": 0.0, ""macro_generated_declaration"": false, ""macro_use"": true, ""malloc"": false, ""memcpy"": false, ""memmove"": false, ""memset"": false, ""mutable_global"": false, ""parameter_count"": 1, ""platform_specific"": false, ""pointer_arithmetic"": false, ""pointer_count"": 1, ""pointer_to_pointer"": false, ""raw_pointer_parameter"": false, ""raw_pointer_return"": false, ""realloc"": false, ""setjmp"": false, ""static_local"": false, ""syscall"": false, ""third_party"": false, ""union"": false, ""va_list"": false, ""variadic"": false, ""void_pointer"": false}",TRIVIAL,no_significant_detected_blocker,"[""macro_use""]",medium
2,opentelemetry-sdk,5af96de2a0bf65362ced740d40aab531f5d83126,sdk/src/metrics/aggregation/base2_exponential_histogram_aggregation.cc,202,208,function,if,7,"{""bitfield"": false, ""branch_complexity_proxy"": 2, ""c_array"": false, ""call_count"": 3, ""callback"": false, ""calloc"": false, ""conditional_compilation"": false, ""explicit_abi_boundary"": false, ""extern_declaration"": false, ""extern_or_abi_boundary"": false, ""flexible_array"": false, ""free"": false, ""function_pointer"": false, ""generated_source"": false, ""global_read"": false, ""global_write"": false, ""goto"": false, ""lexical_ambiguity"": false, ""longjmp"": false, ""macro_density"": 0.0, ""macro_generated_declaration"": false, ""macro_use"": false, ""malloc"": false, ""memcpy"": false, ""memmove"": false, ""memset"": false, ""mutable_global"": false, ""parameter_count"": 1, ""platform_specific"": false, ""pointer_arithmetic"": false, ""pointer_count"": 0, ""pointer_to_pointer"": false, ""raw_pointer_parameter"": false, ""raw_pointer_return"": false, ""realloc"": false, ""setjmp"": false, ""static_local"": false, ""syscall"": false, ""third_party"": false, ""union"": false, ""va_list"": false, ""variadic"": false, ""void_pointer"": false}",TRIVIAL,no_significant_detected_blocker,[],medium
2,opentelemetry-sdk,5af96de2a0bf65362ced740d40aab531f5d83126,sdk/src/metrics/aggregation/base2_exponential_histogram_aggregation.cc,267,306,function,MergeBuckets,40,"{""bitfield"": false, ""branch_complexity_proxy"": 6, ""c_array"": false, ""call_count"": 22, ""callback"": false, ""calloc"": false, ""conditional_compilation"": false, ""explicit_abi_boundary"": false, ""extern_declaration"": false, ""extern_or_abi_boundary"": false, ""flexible_array"": false, ""free"": false, ""function_pointer"": false, ""generated_source"": false, ""global_read"": false, ""global_write"": false, ""goto"": false, ""lexical_ambiguity"": false, ""longjmp"": false, ""macro_density"": 0.0, ""macro_generated_declaration"": false, ""macro_use"": true, ""malloc"": false, ""memcpy"": false, ""memmove"": false, ""memset"": false, ""mutable_global"": false, ""parameter_count"": 3, ""platform_specific"": false, ""pointer_arithmetic"": false, ""pointer_count"": 0, ""pointer_to_pointer"": false, ""raw_pointer_parameter"": false, ""raw_pointer_return"": false, ""realloc"": false, ""setjmp"": false, ""static_local"": false, ""syscall"": false, ""third_party"": false, ""union"": false, ""va_list"": false, ""variadic"": false, ""void_pointer"": false}",TRIVIAL,no_significant_detected_blocker,"[""macro_use""]",medium
2,opentelemetry-sdk,5af96de2a0bf65362ced740d40aab531f5d83126,sdk/src/metrics/aggregation/base2_exponential_histogram_indexer.cc,19,22,function,ComputeScaleFactor,4,"{""bitfield"": false, ""branch_complexity_proxy"": 0, ""c_array"": false, ""call_count"": 2, ""callback"": false, ""calloc"": false, ""conditional_compilation"": false, ""explicit_abi_boundary"": false, ""extern_declaration"": false, ""extern_or_abi_boundary"": false, ""flexible_array"": false, ""free"": false, ""function_pointer"": false, ""generated_source"": false, ""global_read"": false, ""global_write"": false, ""goto"": false, ""lexical_ambiguity"": false, ""longjmp"": false, ""macro_density"": 0.0, ""macro_generated_declaration"": false, ""macro_use"": false, ""malloc"": false, ""memcpy"": false, ""memmove"": false, ""memset"": false, ""mutable_global"": false, ""parameter_count"": 1, ""platform_specific"": false, ""pointer_arithmetic"": false, ""pointer_count"": 0, ""pointer_to_pointer"": false, ""raw_pointer_parameter"": false, ""raw_pointer_return"": false, ""realloc"": false, ""setjmp"": false, ""static_local"": false, ""syscall"": false, ""third_party"": false, ""union"": false, ""va_list"": false, ""variadic"": false, ""void_pointer"": false}",TRIVIAL,no_significant_detected_blocker,[],medium
2,opentelemetry-sdk,5af96de2a0bf65362ced740d40aab531f5d83126,sdk/src/metrics/aggregation/base2_exponential_histogram_indexer.cc,25,28,function,GetIndexByLogarithm,4,"{""bitfield"": false, ""branch_complexity_proxy"": 0, ""c_array"": false, ""call_count"": 3, ""callback"": false, ""calloc"": false, ""conditional_compilation"": false, ""explicit_abi_boundary"": false, ""extern_declaration"": false, ""extern_or_abi_boundary"": false, ""flexible_array"": false, ""free"": false, ""function_pointer"": false, ""generated_source"": false, ""global_read"": false, ""global_write"": false, ""goto"": false, ""lexical_ambiguity"": false, ""longjmp"": false, ""macro_density"": 0.0, ""macro_generated_declaration"": false, ""macro_use"": false, ""malloc"": false, ""memcpy"": false, ""memmove"": false, ""memset"": false, ""mutable_global"": false, ""parameter_count"": 2, ""platform_specific"": false, ""pointer_arithmetic"": false, ""pointer_count"": 1, ""pointer_to_pointer"": false, ""raw_pointer_parameter"": false, ""raw_pointer_return"": false, ""realloc"": false, ""setjmp"": false, ""static_local"": false, ""syscall"": false, ""third_party"": false, ""union"": false, ""va_list"": false, ""variadic"": false, ""void_pointer"": false}",TRIVIAL,no_significant_detected_blocker,[],medium
2,opentelemetry-sdk,5af96de2a0bf65362ced740d40aab531f5d83126,sdk/src/metrics/aggregation/base2_exponential_histogram_indexer.cc,31,46,function,MapToIndexScaleZero,16,"{""bitfield"": false, ""branch_complexity_proxy"": 1, ""c_array"": false, ""call_count"": 3, ""callback"": false, ""calloc"": false, ""conditional_compilation"": false, ""explicit_abi_boundary"": false, ""extern_declaration"": false, ""extern_or_abi_boundary"": false, ""flexible_array"": false, ""free"": false, ""function_pointer"": false, ""generated_source"": false, ""global_read"": false, ""global_write"": false, ""goto"": false, ""lexical_ambiguity"": false, ""longjmp"": false, ""macro_density"": 0.0, ""macro_generated_declaration"": false, ""macro_use"": false, ""malloc"": false, ""memcpy"": false, ""memmove"": false, ""memset"": false, ""mutable_global"": false, ""parameter_count"": 1, ""platform_specific"": false, ""pointer_arithmetic"": false, ""pointer_count"": 0, ""pointer_to_pointer"": false, ""raw_pointer_parameter"": false, ""raw_pointer_return"": false, ""realloc"": false, ""setjmp"": false, ""static_local"": false, ""syscall"": false, ""third_party"": false, ""union"": false, ""va_list"": false, ""variadic"": false, ""void_pointer"": false}",TRIVIAL,no_significant_detected_blocker,[],medium
2,opentelemetry-sdk,5af96de2a0bf65362ced740d40aab531f5d83126,sdk/src/metrics/data/circular_buffer.cc,24,40,struct,AdaptingIntegerArrayIncrement,17,"{""bitfield"": false, ""branch_complexity_proxy"": 1, ""c_array"": false, ""call_count"": 4, ""callback"": false, ""calloc"": false, ""conditional_compilation"": false, ""explicit_abi_boundary"": false, ""extern_declaration"": false, ""extern_or_abi_boundary"": false, ""flexible_array"": false, ""free"": false, ""function_pointer"": false, ""generated_source"": false, ""global_read"": false, ""global_write"": false, ""goto"": false, ""lexical_ambiguity"": false, ""longjmp"": false, ""macro_density"": 0.0, ""macro_generated_declaration"": false, ""macro_use"": true, ""malloc"": false, ""memcpy"": false, ""memmove"": false, ""memset"": false, ""mutable_global"": false, ""parameter_count"": 0, ""platform_specific"": false, ""pointer_arithmetic"": false, ""pointer_count"": 0, ""pointer_to_pointer"": false, ""raw_pointer_parameter"": false, ""raw_pointer_return"": false, ""realloc"": false, ""setjmp"": false, ""static_local"": false, ""syscall"": false, ""third_party"": false, ""union"": false, ""va_list"": false, ""variadic"": false, ""void_pointer"": false}",TRIVIAL,no_significant_detected_blocker,"[""macro_use""]",medium
2,opentelemetry-sdk,5af96de2a0bf65362ced740d40aab531f5d83126,sdk/src/metrics/data/circular_buffer.cc,30,39,function,operator,10,"{""bitfield"": false, ""branch_complexity_proxy"": 1, ""c_array"": false, ""call_count"": 4, ""callback"": false, ""calloc"": false, ""conditional_compilation"": false, ""explicit_abi_boundary"": false, ""extern_declaration"": false, ""extern_or_abi_boundary"": false, ""flexible_array"": false, ""free"": false, ""function_pointer"": false, ""generated_source"": false, ""global_read"": false, ""global_write"": false, ""goto"": false, ""lexical_ambiguity"": false, ""longjmp"": false, ""macro_density"": 0.0, ""macro_generated_declaration"": false, ""macro_use"": true, ""malloc"": false, ""memcpy"": false, ""memmove"": false, ""memset"": false, ""mutable_global"": false, ""parameter_count"": 1, ""platform_specific"": false, ""pointer_arithmetic"": false, ""pointer_count"": 0, ""pointer_to_pointer"": false, ""raw_pointer_parameter"": false, ""raw_pointer_return"": false, ""realloc"": false, ""setjmp"": false, ""static_local"": false, ""syscall"": false, ""third_party"": false, ""union"": false, ""va_list"": false, ""variadic"": false, ""void_pointer"": false}",TRIVIAL,no_significant_detected_blocker,"[""macro_use""]",medium
2,opentelemetry-sdk,5af96de2a0bf65362ced740d40aab531f5d83126,sdk/src/metrics/data/circular_buffer.cc,33,37,function,OPENTELEMETRY_LIKELY_CONDITION,5,"{""bitfield"": false, ""branch_complexity_proxy"": 1, ""c_array"": false, ""call_count"": 3, ""callback"": false, ""calloc"": false, ""conditional_compilation"": false, ""explicit_abi_boundary"": false, ""extern_declaration"": false, ""extern_or_abi_boundary"": false, ""flexible_array"": false, ""free"": false, ""function_pointer"": false, ""generated_source"": false, ""global_read"": false, ""global_write"": false, ""goto"": false, ""lexical_ambiguity"": false, ""longjmp"": false, ""macro_density"": 0.0, ""macro_generated_declaration"": false, ""macro_use"": true, ""malloc"": false, ""memcpy"": false, ""memmove"": false, ""memset"": false, ""mutable_global"": false, ""parameter_count"": 1, ""platform_specific"": false, ""pointer_arithmetic"": false, ""pointer_count"": 0, ""pointer_to_pointer"": false, ""raw_pointer_parameter"": false, ""raw_pointer_return"": false, ""realloc"": false, ""setjmp"": false, ""static_local"": false, ""syscall"": false, ""third_party"": false, ""union"": false, ""va_list"": false, ""variadic"": false, ""void_pointer"": false}",TRIVIAL,no_significant_detected_blocker,"[""macro_use""]",medium
2,opentelemetry-sdk,5af96de2a0bf65362ced740d40aab531f5d83126,sdk/src/metrics/data/circular_buffer.cc,42,51,struct,AdaptingIntegerArrayGet,10,"{""bitfield"": false, ""branch_complexity_proxy"": 0, ""c_array"": false, ""call_count"": 1, ""callback"": false, ""calloc"": false, ""conditional_compilation"": false, ""explicit_abi_boundary"": false, ""extern_declaration"": false, ""extern_or_abi_boundary"": false, ""flexible_array"": false, ""free"": false, ""function_pointer"": false, ""generated_source"": false, ""global_read"": false, ""global_write"": false, ""goto"": false, ""lexical_ambiguity"": false, ""longjmp"": false, ""macro_density"": 0.0, ""macro_generated_declaration"": false, ""macro_use"": false, ""malloc"": false, ""memcpy"": false, ""memmove"": false, ""memset"": false, ""mutable_global"": false, ""parameter_count"": 0, ""platform_specific"": false, ""pointer_arithmetic"": false, ""pointer_count"": 0, ""pointer_to_pointer"": false, ""raw_pointer_parameter"": false, ""raw_pointer_return"": false, ""realloc"": false, ""setjmp"": false, ""static_local"": false, ""syscall"": false, ""third_party"": false, ""union"": false, ""va_list"": false, ""variadic"": false, ""void_pointer"": false}",TRIVIAL,no_significant_detected_blocker,[],medium
2,opentelemetry-sdk,5af96de2a0bf65362ced740d40aab531f5d83126,sdk/src/metrics/data/circular_buffer.cc,47,50,function,operator,4,"{""bitfield"": false, ""branch_complexity_proxy"": 0, ""c_array"": false, ""call_count"": 1, ""callback"": false, ""calloc"": false, ""conditional_compilation"": false, ""explicit_abi_boundary"": false, ""extern_declaration"": false, ""extern_or_abi_boundary"": false, ""flexible_array"": false, ""free"": false, ""function_pointer"": false, ""generated_source"": false, ""global_read"": false, ""global_write"": false, ""goto"": false, ""lexical_ambiguity"": false, ""longjmp"": false, ""macro_density"": 0.0, ""macro_generated_declaration"": false, ""macro_use"": false, ""malloc"": false, ""memcpy"": false, ""memmove"": false, ""memset"": false, ""mutable_global"": false, ""parameter_count"": 1, ""platform_specific"": false, ""pointer_arithmetic"": false, ""pointer_count"": 0, ""pointer_to_pointer"": false, ""raw_pointer_parameter"": false, ""raw_pointer_return"": false, ""realloc"": false, ""setjmp"": false, ""static_local"": false, ""syscall"": false, ""third_party"": false, ""union"": false, ""va_list"": false, ""variadic"": false, ""void_pointer"": false}",TRIVIAL,no_significant_detected_blocker,[],medium
2,opentelemetry-sdk,5af96de2a0bf65362ced740d40aab531f5d83126,sdk/src/metrics/data/circular_buffer.cc,53,60,struct,AdaptingIntegerArraySize,8,"{""bitfield"": false, ""branch_complexity_proxy"": 0, ""c_array"": false, ""call_count"": 2, ""callback"": false, ""calloc"": false, ""conditional_compilation"": false, ""explicit_abi_boundary"": false, ""extern_declaration"": false, ""extern_or_abi_boundary"": false, ""flexible_array"": false, ""free"": false, ""function_pointer"": false, ""generated_source"": false, ""global_read"": false, ""global_write"": false, ""goto"": false, ""lexical_ambiguity"": false, ""longjmp"": false, ""macro_density"": 0.0, ""macro_generated_declaration"": false, ""macro_use"": false, ""malloc"": false, ""memcpy"": false, ""memmove"": false, ""memset"": false, ""mutable_global"": false, ""parameter_count"": 0, ""platform_specific"": false, ""pointer_arithmetic"": false, ""pointer_count"": 0, ""pointer_to_pointer"": false, ""raw_pointer_parameter"": false, ""raw_pointer_return"": false, ""realloc"": false, ""setjmp"": false, ""static_local"": false, ""syscall"": false, ""third_party"": false, ""union"": false, ""va_list"": false, ""variadic"": false, ""void_pointer"": false}",TRIVIAL,no_significant_detected_blocker,[],medium
2,opentelemetry-sdk,5af96de2a0bf65362ced740d40aab531f5d83126,sdk/src/metrics/data/circular_buffer.cc,56,59,function,operator,4,"{""bitfield"": false, ""branch_complexity_proxy"": 0, ""c_array"": false, ""call_count"": 2, ""callback"": false, ""calloc"": false, ""conditional_compilation"": false, ""explicit_abi_boundary"": false, ""extern_declaration"": false, ""extern_or_abi_boundary"": false, ""flexible_array"": false, ""free"": false, ""function_pointer"": false, ""generated_source"": false, ""global_read"": false, ""global_write"": false, ""goto"": false, ""lexical_ambiguity"": false, ""longjmp"": false, ""macro_density"": 0.0, ""macro_generated_declaration"": false, ""macro_use"": false, ""malloc"": false, ""memcpy"": false, ""memmove"": false, ""memset"": false, ""mutable_global"": false, ""parameter_count"": 1, ""platform_specific"": false, ""pointer_arithmetic"": false, ""pointer_count"": 0, ""pointer_to_pointer"": false, ""raw_pointer_parameter"": false, ""raw_pointer_return"": false, ""realloc"": false, ""setjmp"": false, ""static_local"": false, ""syscall"": false, ""third_party"": false, ""union"": false, ""va_list"": false, ""variadic"": false, ""void_pointer"": false}",TRIVIAL,no_significant_detected_blocker,[],medium
2,opentelemetry-sdk,5af96de2a0bf65362ced740d40aab531f5d83126,sdk/src/metrics/data/circular_buffer.cc,62,69,struct,AdaptingIntegerArrayClear,8,"{""bitfield"": false, ""branch_complexity_proxy"": 0, ""c_array"": false, ""call_count"": 3, ""callback"": false, ""calloc"": false, ""conditional_compilation"": false, ""explicit_abi_boundary"": false, ""extern_declaration"": false, ""extern_or_abi_boundary"": false, ""flexible_array"": false, ""free"": false, ""function_pointer"": false, ""generated_source"": false, ""global_read"": false, ""global_write"": false, ""goto"": false, ""lexical_ambiguity"": false, ""longjmp"": false, ""macro_density"": 0.0, ""macro_generated_declaration"": false, ""macro_use"": false, ""malloc"": false, ""memcpy"": false, ""memmove"": false, ""memset"": false, ""mutable_global"": false, ""parameter_count"": 0, ""platform_specific"": false, ""pointer_arithmetic"": false, ""pointer_count"": 0, ""pointer_to_pointer"": false, ""raw_pointer_parameter"": false, ""raw_pointer_return"": false, ""realloc"": false, ""setjmp"": false, ""static_local"": false, ""syscall"": false, ""third_party"": false, ""union"": false, ""va_list"": false, ""variadic"": false, ""void_pointer"": false}",TRIVIAL,no_significant_detected_blocker,[],medium
2,opentelemetry-sdk,5af96de2a0bf65362ced740d40aab531f5d83126,sdk/src/metrics/data/circular_buffer.cc,65,68,function,operator,4,"{""bitfield"": false, ""branch_complexity_proxy"": 0, ""c_array"": false, ""call_count"": 3, ""callback"": false, ""calloc"": false, ""conditional_compilation"": false, ""explicit_abi_boundary"": false, ""extern_declaration"": false, ""extern_or_abi_boundary"": false, ""flexible_array"": false, ""free"": false, ""function_pointer"": false, ""generated_source"": false, ""global_read"": false, ""global_write"": false, ""goto"": false, ""lexical_ambiguity"": false, ""longjmp"": false, ""macro_density"": 0.0, ""macro_generated_declaration"": false, ""macro_use"": false, ""malloc"": false, ""memcpy"": false, ""memmove"": false, ""memset"": false, ""mutable_global"": false, ""parameter_count"": 1, ""platform_specific"": false, ""pointer_arithmetic"": false, ""pointer_count"": 0, ""pointer_to_pointer"": false, ""raw_pointer_parameter"": false, ""raw_pointer_return"": false, ""realloc"": false, ""setjmp"": false, ""static_local"": false, ""syscall"": false, ""third_party"": false, ""union"": false, ""va_list"": false, ""variadic"": false, ""void_pointer"": false}",TRIVIAL,no_significant_detected_blocker,[],medium
2,opentelemetry-sdk,5af96de2a0bf65362ced740d40aab531f5d83126,sdk/src/metrics/data/circular_buffer.cc,71,95,struct,AdaptingIntegerArrayFold,25,"{""bitfield"": false, ""branch_complexity_proxy"": 2, ""c_array"": false, ""call_count"": 5, ""callback"": false, ""calloc"": false, ""conditional_compilation"": false, ""explicit_abi_boundary"": false, ""extern_declaration"": false, ""extern_or_abi_boundary"": false, ""flexible_array"": false, ""free"": false, ""function_pointer"": false, ""generated_source"": false, ""global_read"": false, ""global_write"": false, ""goto"": false, ""lexical_ambiguity"": false, ""longjmp"": false, ""macro_density"": 0.0, ""macro_generated_declaration"": false, ""macro_use"": true, ""malloc"": false, ""memcpy"": false, ""memmove"": false, ""memset"": false, ""mutable_global"": false, ""parameter_count"": 0, ""platform_specific"": false, ""pointer_arithmetic"": false, ""pointer_count"": 0, ""pointer_to_pointer"": false, ""raw_pointer_parameter"": false, ""raw_pointer_return"": false, ""realloc"": false, ""setjmp"": false, ""static_local"": false, ""syscall"": false, ""third_party"": false, ""union"": false, ""va_list"": false, ""variadic"": false, ""void_pointer"": false}",TRIVIAL,no_significant_detected_blocker,"[""macro_use""]",medium
2,opentelemetry-sdk,5af96de2a0bf65362ced740d40aab531f5d83126,sdk/src/metrics/data/circular_buffer.cc,77,94,function,operator,18,"{""bitfield"": false, ""branch_complexity_proxy"": 2, ""c_array"": false, ""call_count"": 5, ""callback"": false, ""calloc"": false, ""conditional_compilation"": false, ""explicit_abi_boundary"": false, ""extern_declaration"": false, ""extern_or_abi_boundary"": false, ""flexible_array"": false, ""free"": false, ""function_pointer"": false, ""generated_source"": false, ""global_read"": false, ""global_write"": false, ""goto"": false, ""lexical_ambiguity"": false, ""longjmp"": false, ""macro_density"": 0.0, ""macro_generated_declaration"": false, ""macro_use"": true, ""malloc"": false, ""memcpy"": false, ""memmove"": false, ""memset"": false, ""mutable_global"": false, ""parameter_count"": 1, ""platform_specific"": false, ""pointer_arithmetic"": false, ""pointer_count"": 0, ""pointer_to_pointer"": false, ""raw_pointer_parameter"": false, ""raw_pointer_return"": false, ""realloc"": false, ""setjmp"": false, ""static_local"": false, ""syscall"": false, ""third_party"": false, ""union"": false, ""va_list"": false, ""variadic"": false, ""void_pointer"": false}",TRIVIAL,no_significant_detected_blocker,"[""macro_use""]",medium
2,opentelemetry-sdk,5af96de2a0bf65362ced740d40aab531f5d83126,sdk/src/metrics/data/circular_buffer.cc,86,91,function,OPENTELEMETRY_LIKELY_CONDITION,6,"{""bitfield"": false, ""branch_complexity_proxy"": 1, ""c_array"": false, ""call_count"": 3, ""callback"": false, ""calloc"": false, ""conditional_compilation"": false, ""explicit_abi_boundary"": false, ""extern_declaration"": false, ""extern_or_abi_boundary"": false, ""flexible_array"": false, ""free"": false, ""function_pointer"": false, ""generated_source"": false, ""global_read"": false, ""global_write"": false, ""goto"": false, ""lexical_ambiguity"": false, ""longjmp"": false, ""macro_density"": 0.0, ""macro_generated_declaration"": false, ""macro_use"": true, ""malloc"": false, ""memcpy"": false, ""memmove"": false, ""memset"": false, ""mutable_global"": false, ""parameter_count"": 1, ""platform_specific"": false, ""pointer_arithmetic"": false, ""pointer_count"": 0, ""pointer_to_pointer"": false, ""raw_pointer_parameter"": false, ""raw_pointer_return"": false, ""realloc"": false, ""setjmp"": false, ""static_local"": false, ""syscall"": false, ""third_party"": false, ""union"": false, ""va_list"": false, ""variadic"": false, ""void_pointer"": false}",TRIVIAL,no_significant_detected_blocker,"[""macro_use""]",medium
2,opentelemetry-sdk,5af96de2a0bf65362ced740d40aab531f5d83126,sdk/src/metrics/data/circular_buffer.cc,97,107,struct,AdaptingIntegerArrayCopy,11,"{""bitfield"": false, ""branch_complexity_proxy"": 1, ""c_array"": false, ""call_count"": 3, ""callback"": false, ""calloc"": false, ""conditional_compilation"": false, ""explicit_abi_boundary"": false, ""extern_declaration"": false, ""extern_or_abi_boundary"": false, ""flexible_array"": false, ""free"": false, ""function_pointer"": false, ""generated_source"": false, ""global_read"": false, ""global_write"": false, ""goto"": false, ""lexical_ambiguity"": false, ""longjmp"": false, ""macro_density"": 0.0, ""macro_generated_declaration"": false, ""macro_use"": false, ""malloc"": false, ""memcpy"": false, ""memmove"": false, ""memset"": false, ""mutable_global"": false, ""parameter_count"": 0, ""platform_specific"": false, ""pointer_arithmetic"": false, ""pointer_count"": 0, ""pointer_to_pointer"": false, ""raw_pointer_parameter"": false, ""raw_pointer_return"": false, ""realloc"": false, ""setjmp"": false, ""static_local"": false, ""syscall"": false, ""third_party"": false, ""union"": false, ""va_list"": false, ""variadic"": false, ""void_pointer"": false}",TRIVIAL,no_significant_detected_blocker,[],medium
2,opentelemetry-sdk,5af96de2a0bf65362ced740d40aab531f5d83126,sdk/src/metrics/data/circular_buffer.cc,100,106,function,operator,7,"{""bitfield"": false, ""branch_complexity_proxy"": 1, ""c_array"": false, ""call_count"": 3, ""callback"": false, ""calloc"": false, ""conditional_compilation"": false, ""explicit_abi_boundary"": false, ""extern_declaration"": false, ""extern_or_abi_boundary"": false, ""flexible_array"": false, ""free"": false, ""function_pointer"": false, ""generated_source"": false, ""global_read"": false, ""global_write"": false, ""goto"": false, ""lexical_ambiguity"": false, ""longjmp"": false, ""macro_density"": 0.0, ""macro_generated_declaration"": false, ""macro_use"": false, ""malloc"": false, ""memcpy"": false, ""memmove"": false, ""memset"": false, ""mutable_global"": false, ""parameter_count"": 2, ""platform_specific"": false, ""pointer_arithmetic"": false, ""pointer_count"": 0, ""pointer_to_pointer"": false, ""raw_pointer_parameter"": false, ""raw_pointer_return"": false, ""realloc"": false, ""setjmp"": false, ""static_local"": false, ""syscall"": false, ""third_party"": false, ""union"": false, ""va_list"": false, ""variadic"": false, ""void_pointer"": false}",TRIVIAL,no_significant_detected_blocker,[],medium
2,opentelemetry-sdk,5af96de2a0bf65362ced740d40aab531f5d83126,sdk/src/metrics/data/circular_buffer.cc,115,118,function,OPENTELEMETRY_LIKELY_CONDITION,4,"{""bitfield"": false, ""branch_complexity_proxy"": 1, ""c_array"": false, ""call_count"": 1, ""callback"": false, ""calloc"": false, ""conditional_compilation"": false, ""explicit_abi_boundary"": false, ""extern_declaration"": false, ""extern_or_abi_boundary"": false, ""flexible_array"": false, ""free"": false, ""function_pointer"": false, ""generated_source"": false, ""global_read"": false, ""global_write"": false, ""goto"": false, ""lexical_ambiguity"": false, ""longjmp"": false, ""macro_density"": 0.0, ""macro_generated_declaration"": false, ""macro_use"": true, ""malloc"": false, ""memcpy"": false, ""memmove"": false, ""memset"": false, ""mutable_global"": false, ""parameter_count"": 1, ""platform_specific"": false, ""pointer_arithmetic"": false, ""pointer_count"": 0, ""pointer_to_pointer"": false, ""raw_pointer_parameter"": false, ""raw_pointer_return"": false, ""realloc"": false, ""setjmp"": false, ""static_local"": false, ""syscall"": false, ""third_party"": false, ""union"": false, ""va_list"": false, ""variadic"": false, ""void_pointer"": false}",TRIVIAL,no_significant_detected_blocker,"[""macro_use""]",medium
2,opentelemetry-sdk,5af96de2a0bf65362ced740d40aab531f5d83126,sdk/src/metrics/data/circular_buffer.cc,150,153,function,OPENTELEMETRY_LIKELY_CONDITION,4,"{""bitfield"": false, ""branch_complexity_proxy"": 1, ""c_array"": false, ""call_count"": 1, ""callback"": false, ""calloc"": false, ""conditional_compilation"": false, ""explicit_abi_boundary"": false, ""extern_declaration"": false, ""extern_or_abi_boundary"": false, ""flexible_array"": false, ""free"": false, ""function_pointer"": false, ""generated_source"": false, ""global_read"": false, ""global_write"": false, ""goto"": false, ""lexical_ambiguity"": false, ""longjmp"": false, ""macro_density"": 0.0, ""macro_generated_declaration"": false, ""macro_use"": true, ""malloc"": false, ""memcpy"": false, ""memmove"": false, ""memset"": false, ""mutable_global"": false, ""parameter_count"": 1, ""platform_specific"": false, ""pointer_arithmetic"": false, ""pointer_count"": 0, ""pointer_to_pointer"": false, ""raw_pointer_parameter"": false, ""raw_pointer_return"": false, ""realloc"": false, ""setjmp"": false, ""static_local"": false, ""syscall"": false, ""third_party"": false, ""union"": false, ""va_list"": false, ""variadic"": false, ""void_pointer"": false}",TRIVIAL,no_significant_detected_blocker,"[""macro_use""]",medium
2,opentelemetry-sdk,5af96de2a0bf65362ced740d40aab531f5d83126,sdk/src/metrics/data/circular_buffer.cc,169,172,function,if,4,"{""bitfield"": false, ""branch_complexity_proxy"": 1, ""c_array"": false, ""call_count"": 2, ""callback"": false, ""calloc"": false, ""conditional_compilation"": false, ""explicit_abi_boundary"": false, ""extern_declaration"": false, ""extern_or_abi_boundary"": false, ""flexible_array"": false, ""free"": false, ""function_pointer"": false, ""generated_source"": false, ""global_read"": false, ""global_write"": false, ""goto"": false, ""lexical_ambiguity"": false, ""longjmp"": false, ""macro_density"": 0.0, ""macro_generated_declaration"": false, ""macro_use"": false, ""malloc"": false, ""memcpy"": false, ""memmove"": false, ""memset"": false, ""mutable_global"": false, ""parameter_count"": 1, ""platform_specific"": false, ""pointer_arithmetic"": false, ""pointer_count"": 0, ""pointer_to_pointer"": false, ""raw_pointer_parameter"": false, ""raw_pointer_return"": false, ""realloc"": false, ""setjmp"": false, ""static_local"": false, ""syscall"": false, ""third_party"": false, ""union"": false, ""va_list"": false, ""variadic"": false, ""void_pointer"": false}",TRIVIAL,no_significant_detected_blocker,[],medium
2,opentelemetry-sdk,5af96de2a0bf65362ced740d40aab531f5d83126,sdk/src/metrics/data/circular_buffer.cc,209,217,function,if,9,"{""bitfield"": false, ""branch_complexity_proxy"": 2, ""c_array"": false, ""call_count"": 3, ""callback"": false, ""calloc"": false, ""conditional_compilation"": false, ""explicit_abi_boundary"": false, ""extern_declaration"": false, ""extern_or_abi_boundary"": false, ""flexible_array"": false, ""free"": false, ""function_pointer"": false, ""generated_source"": false, ""global_read"": false, ""global_write"": false, ""goto"": false, ""lexical_ambiguity"": false, ""longjmp"": false, ""macro_density"": 0.0, ""macro_generated_declaration"": false, ""macro_use"": false, ""malloc"": false, ""memcpy"": false, ""memmove"": false, ""memset"": false, ""mutable_global"": false, ""parameter_count"": 1, ""platform_specific"": false, ""pointer_arithmetic"": false, ""pointer_count"": 0, ""pointer_to_pointer"": false, ""raw_pointer_parameter"": false, ""raw_pointer_return"": false, ""realloc"": false, ""setjmp"": false, ""static_local"": false, ""syscall"": false, ""third_party"": false, ""union"": false, ""va_list"": false, ""variadic"": false, ""void_pointer"": false}",TRIVIAL,no_significant_detected_blocker,[],medium
2,opentelemetry-sdk,5af96de2a0bf65362ced740d40aab531f5d83126,sdk/src/metrics/export/periodic_exporting_metric_reader.cc,267,271,function,if,5,"{""bitfield"": false, ""branch_complexity_proxy"": 1, ""c_array"": false, ""call_count"": 3, ""callback"": false, ""calloc"": false, ""conditional_compilation"": false, ""explicit_abi_boundary"": false, ""extern_declaration"": false, ""extern_or_abi_boundary"": false, ""flexible_array"": false, ""free"": false, ""function_pointer"": false, ""generated_source"": false, ""global_read"": false, ""global_write"": false, ""goto"": false, ""lexical_ambiguity"": false, ""longjmp"": false, ""macro_density"": 0.0, ""macro_generated_declaration"": false, ""macro_use"": false, ""malloc"": false, ""memcpy"": false, ""memmove"": false, ""memset"": false, ""mutable_global"": false, ""parameter_count"": 1, ""platform_specific"": false, ""pointer_arithmetic"": false, ""pointer_count"": 0, ""pointer_to_pointer"": false, ""raw_pointer_parameter"": false, ""raw_pointer_return"": false, ""realloc"": false, ""setjmp"": false, ""static_local"": false, ""syscall"": false, ""third_party"": false, ""union"": false, ""va_list"": false, ""variadic"": false, ""void_pointer"": false}",TRIVIAL,no_significant_detected_blocker,[],medium
2,opentelemetry-sdk,5af96de2a0bf65362ced740d40aab531f5d83126,sdk/src/metrics/meter.cc,52,56,struct,InstrumentationScopeLogStreamable,5,"{""bitfield"": false, ""branch_complexity_proxy"": 0, ""c_array"": false, ""call_count"": 0, ""callback"": false, ""calloc"": false, ""conditional_compilation"": false, ""explicit_abi_boundary"": false, ""extern_declaration"": false, ""extern_or_abi_boundary"": false, ""flexible_array"": false, ""free"": false, ""function_pointer"": false, ""generated_source"": false, ""global_read"": false, ""global_write"": false, ""goto"": false, ""lexical_ambiguity"": false, ""longjmp"": false, ""macro_density"": 0.0, ""macro_generated_declaration"": false, ""macro_use"": false, ""malloc"": false, ""memcpy"": false, ""memmove"": false, ""memset"": false, ""mutable_global"": false, ""parameter_count"": 0, ""platform_specific"": false, ""pointer_arithmetic"": false, ""pointer_count"": 0, ""pointer_to_pointer"": false, ""raw_pointer_parameter"": false, ""raw_pointer_return"": false, ""realloc"": false, ""setjmp"": false, ""static_local"": false, ""syscall"": false, ""third_party"": false, ""union"": false, ""va_list"": false, ""variadic"": false, ""void_pointer"": false}",TRIVIAL,no_significant_detected_blocker,[],medium
2,opentelemetry-sdk,5af96de2a0bf65362ced740d40aab531f5d83126,sdk/src/metrics/meter.cc,58,61,struct,InstrumentDescriptorLogStreamable,4,"{""bitfield"": false, ""branch_complexity_proxy"": 0, ""c_array"": false, ""call_count"": 0, ""callback"": false, ""calloc"": false, ""conditional_compilation"": false, ""explicit_abi_boundary"": false, ""extern_declaration"": false, ""extern_or_abi_boundary"": false, ""flexible_array"": false, ""free"": false, ""function_pointer"": false, ""generated_source"": false, ""global_read"": false, ""global_write"": false, ""goto"": false, ""lexical_ambiguity"": false, ""longjmp"": false, ""macro_density"": 0.0, ""macro_generated_declaration"": false, ""macro_use"": false, ""malloc"": false, ""memcpy"": false, ""memmove"": false, ""memset"": false, ""mutable_global"": false, ""parameter_count"": 0, ""platform_specific"": false, ""pointer_arithmetic"": false, ""pointer_count"": 0, ""pointer_to_pointer"": false, ""raw_pointer_parameter"": false, ""raw_pointer_return"": false, ""realloc"": false, ""setjmp"": false, ""static_local"": false, ""syscall"": false, ""third_party"": false, ""union"": false, ""va_list"": false, ""variadic"": false, ""void_pointer"": false}",TRIVIAL,no_significant_detected_blocker,[],medium
2,opentelemetry-sdk,5af96de2a0bf65362ced740d40aab531f5d83126,sdk/src/metrics/meter_context.cc,57,84,function,GetExemplarFilterFromEnv,28,"{""bitfield"": false, ""branch_complexity_proxy"": 4, ""c_array"": false, ""call_count"": 11, ""callback"": false, ""calloc"": false, ""conditional_compilation"": true, ""explicit_abi_boundary"": false, ""extern_declaration"": false, ""extern_or_abi_boundary"": false, ""flexible_array"": false, ""free"": false, ""function_pointer"": false, ""generated_source"": false, ""global_read"": false, ""global_write"": false, ""goto"": false, ""lexical_ambiguity"": false, ""longjmp"": false, ""macro_density"": 0.0, ""macro_generated_declaration"": false, ""macro_use"": true, ""malloc"": false, ""memcpy"": false, ""memmove"": false, ""memset"": false, ""mutable_global"": false, ""parameter_count"": 0, ""platform_specific"": false, ""pointer_arithmetic"": false, ""pointer_count"": 0, ""pointer_to_pointer"": false, ""raw_pointer_parameter"": false, ""raw_pointer_return"": false, ""realloc"": false, ""setjmp"": false, ""static_local"": false, ""syscall"": false, ""third_party"": false, ""union"": false, ""va_list"": false, ""variadic"": false, ""void_pointer"": false}",TRIVIAL,no_significant_detected_blocker,"[""conditional_compilation"", ""macro_use""]",medium
2,opentelemetry-sdk,5af96de2a0bf65362ced740d40aab531f5d83126,sdk/src/metrics/multi_observer_result.cc,29,45,struct,StoreResultVisitor,17,"{""bitfield"": false, ""branch_complexity_proxy"": 0, ""c_array"": false, ""call_count"": 7, ""callback"": false, ""calloc"": false, ""conditional_compilation"": false, ""explicit_abi_boundary"": false, ""extern_declaration"": false, ""extern_or_abi_boundary"": false, ""flexible_array"": false, ""free"": false, ""function_pointer"": false, ""generated_source"": false, ""global_read"": false, ""global_write"": false, ""goto"": false, ""lexical_ambiguity"": false, ""longjmp"": false, ""macro_density"": 0.0, ""macro_generated_declaration"": false, ""macro_use"": false, ""malloc"": false, ""memcpy"": false, ""memmove"": false, ""memset"": false, ""mutable_global"": false, ""parameter_count"": 0, ""platform_specific"": false, ""pointer_arithmetic"": false, ""pointer_count"": 1, ""pointer_to_pointer"": false, ""raw_pointer_parameter"": false, ""raw_pointer_return"": false, ""realloc"": false, ""setjmp"": false, ""static_local"": false, ""syscall"": false, ""third_party"": false, ""union"": false, ""va_list"": false, ""variadic"": false, ""void_pointer"": false}",TRIVIAL,no_significant_detected_blocker,[],medium
2,opentelemetry-sdk,5af96de2a0bf65362ced740d40aab531f5d83126,sdk/src/metrics/state/metric_collector.cc,96,99,function,if,4,"{""bitfield"": false, ""branch_complexity_proxy"": 1, ""c_array"": false, ""call_count"": 1, ""callback"": false, ""calloc"": false, ""conditional_compilation"": false, ""explicit_abi_boundary"": false, ""extern_declaration"": false, ""extern_or_abi_boundary"": false, ""flexible_array"": false, ""free"": false, ""function_pointer"": false, ""generated_source"": false, ""global_read"": false, ""global_write"": false, ""goto"": false, ""lexical_ambiguity"": false, ""longjmp"": false, ""macro_density"": 0.0, ""macro_generated_declaration"": false, ""macro_use"": false, ""malloc"": false, ""memcpy"": false, ""memmove"": false, ""memset"": false, ""mutable_global"": false, ""parameter_count"": 1, ""platform_specific"": false, ""pointer_arithmetic"": false, ""pointer_count"": 0, ""pointer_to_pointer"": false, ""raw_pointer_parameter"": false, ""raw_pointer_return"": false, ""realloc"": false, ""setjmp"": false, ""static_local"": false, ""syscall"": false, ""third_party"": false, ""union"": false, ""va_list"": false, ""variadic"": false, ""void_pointer"": false}",TRIVIAL,no_significant_detected_blocker,[],medium
2,opentelemetry-sdk,5af96de2a0bf65362ced740d40aab531f5d83126,sdk/src/metrics/state/observable_registry.cc,29,55,struct,ObservableCallbackRecord,27,"{""bitfield"": false, ""branch_complexity_proxy"": 1, ""c_array"": false, ""call_count"": 9, ""callback"": true, ""calloc"": false, ""conditional_compilation"": false, ""explicit_abi_boundary"": false, ""extern_declaration"": false, ""extern_or_abi_boundary"": false, ""flexible_array"": false, ""free"": false, ""function_pointer"": false, ""generated_source"": false, ""global_read"": false, ""global_write"": false, ""goto"": false, ""lexical_ambiguity"": false, ""longjmp"": false, ""macro_density"": 0.0, ""macro_generated_declaration"": false, ""macro_use"": false, ""malloc"": false, ""memcpy"": false, ""memmove"": false, ""memset"": false, ""mutable_global"": false, ""parameter_count"": 0, ""platform_specific"": false, ""pointer_arithmetic"": false, ""pointer_count"": 8, ""pointer_to_pointer"": false, ""raw_pointer_parameter"": false, ""raw_pointer_return"": false, ""realloc"": false, ""setjmp"": false, ""static_local"": false, ""syscall"": false, ""third_party"": false, ""union"": false, ""va_list"": false, ""variadic"": false, ""void_pointer"": true}",NEEDS_TRANSPILER,callback,[],medium
2,opentelemetry-sdk,5af96de2a0bf65362ced740d40aab531f5d83126,sdk/src/metrics/state/observable_registry.cc,160,212,struct,InvokeCallbackVisitor,53,"{""bitfield"": false, ""branch_complexity_proxy"": 1, ""c_array"": false, ""call_count"": 9, ""callback"": true, ""calloc"": false, ""conditional_compilation"": false, ""explicit_abi_boundary"": false, ""extern_declaration"": false, ""extern_or_abi_boundary"": false, ""flexible_array"": false, ""free"": false, ""function_pointer"": false, ""generated_source"": false, ""global_read"": false, ""global_write"": false, ""goto"": false, ""lexical_ambiguity"": false, ""longjmp"": false, ""macro_density"": 0.0, ""macro_generated_declaration"": false, ""macro_use"": false, ""malloc"": false, ""memcpy"": false, ""memmove"": false, ""memset"": false, ""mutable_global"": false, ""parameter_count"": 0, ""platform_specific"": false, ""pointer_arithmetic"": false, ""pointer_count"": 5, ""pointer_to_pointer"": false, ""raw_pointer_parameter"": false, ""raw_pointer_return"": false, ""realloc"": false, ""setjmp"": false, ""static_local"": false, ""syscall"": false, ""third_party"": false, ""union"": false, ""va_list"": false, ""variadic"": false, ""void_pointer"": false}",NEEDS_TRANSPILER,callback,[],medium
2,opentelemetry-sdk,5af96de2a0bf65362ced740d40aab531f5d83126,sdk/src/metrics/state/observable_registry.cc,162,179,function,operator,18,"{""bitfield"": false, ""branch_complexity_proxy"": 1, ""c_array"": false, ""call_count"": 4, ""callback"": true, ""calloc"": false, ""conditional_compilation"": false, ""explicit_abi_boundary"": false, ""extern_declaration"": false, ""extern_or_abi_boundary"": false, ""flexible_array"": false, ""free"": false, ""function_pointer"": false, ""generated_source"": false, ""global_read"": false, ""global_write"": false, ""goto"": false, ""lexical_ambiguity"": false, ""longjmp"": false, ""macro_density"": 0.0, ""macro_generated_declaration"": false, ""macro_use"": false, ""malloc"": false, ""memcpy"": false, ""memmove"": false, ""memset"": false, ""mutable_global"": false, ""parameter_count"": 1, ""platform_specific"": false, ""pointer_arithmetic"": false, ""pointer_count"": 2, ""pointer_to_pointer"": false, ""raw_pointer_parameter"": false, ""raw_pointer_return"": false, ""realloc"": false, ""setjmp"": false, ""static_local"": false, ""syscall"": false, ""third_party"": false, ""union"": false, ""va_list"": false, ""variadic"": false, ""void_pointer"": false}",NEEDS_TRANSPILER,callback,[],medium
2,opentelemetry-sdk,5af96de2a0bf65362ced740d40aab531f5d83126,sdk/src/metrics/state/observable_registry.cc,180,183,function,operator,4,"{""bitfield"": false, ""branch_complexity_proxy"": 0, ""c_array"": false, ""call_count"": 2, ""callback"": true, ""calloc"": false, ""conditional_compilation"": false, ""explicit_abi_boundary"": false, ""extern_declaration"": false, ""extern_or_abi_boundary"": false, ""flexible_array"": false, ""free"": false, ""function_pointer"": false, ""generated_source"": false, ""global_read"": false, ""global_write"": false, ""goto"": false, ""lexical_ambiguity"": false, ""longjmp"": false, ""macro_density"": 0.0, ""macro_generated_declaration"": false, ""macro_use"": false, ""malloc"": false, ""memcpy"": false, ""memmove"": false, ""memset"": false, ""mutable_global"": false, ""parameter_count"": 1, ""platform_specific"": false, ""pointer_arithmetic"": false, ""pointer_count"": 0, ""pointer_to_pointer"": false, ""raw_pointer_parameter"": false, ""raw_pointer_return"": false, ""realloc"": false, ""setjmp"": false, ""static_local"": false, ""syscall"": false, ""third_party"": false, ""union"": false, ""va_list"": false, ""variadic"": false, ""void_pointer"": false}",NEEDS_TRANSPILER,callback,[],medium
2,opentelemetry-sdk,5af96de2a0bf65362ced740d40aab531f5d83126,sdk/src/metrics/state/observable_registry.cc,186,209,function,invoke_single_instrument_callback,24,"{""bitfield"": false, ""branch_complexity_proxy"": 0, ""c_array"": false, ""call_count"": 3, ""callback"": true, ""calloc"": false, ""conditional_compilation"": false, ""explicit_abi_boundary"": false, ""extern_declaration"": false, ""extern_or_abi_boundary"": false, ""flexible_array"": false, ""free"": false, ""function_pointer"": false, ""generated_source"": false, ""global_read"": false, ""global_write"": false, ""goto"": false, ""lexical_ambiguity"": false, ""longjmp"": false, ""macro_density"": 0.0, ""macro_generated_declaration"": false, ""macro_use"": false, ""malloc"": false, ""memcpy"": false, ""memmove"": false, ""memset"": false, ""mutable_global"": false, ""parameter_count"": 2, ""platform_specific"": false, ""pointer_arithmetic"": false, ""pointer_count"": 2, ""pointer_to_pointer"": false, ""raw_pointer_parameter"": true, ""raw_pointer_return"": false, ""realloc"": false, ""setjmp"": false, ""static_local"": false, ""syscall"": false, ""third_party"": false, ""union"": false, ""va_list"": false, ""variadic"": false, ""void_pointer"": false}",NEEDS_TRANSPILER,callback,[],medium
2,opentelemetry-sdk,5af96de2a0bf65362ced740d40aab531f5d83126,sdk/src/metrics/sync_instruments.cc,632,634,function,BoundLongCounterImpl,3,"{""bitfield"": false, ""branch_complexity_proxy"": 0, ""c_array"": false, ""call_count"": 3, ""callback"": false, ""calloc"": false, ""conditional_compilation"": true, ""explicit_abi_boundary"": false, ""extern_declaration"": false, ""extern_or_abi_boundary"": false, ""flexible_array"": false, ""free"": false, ""function_pointer"": false, ""generated_source"": false, ""global_read"": false, ""global_write"": false, ""goto"": false, ""lexical_ambiguity"": false, ""longjmp"": false, ""macro_density"": 0.0, ""macro_generated_declaration"": false, ""macro_use"": false, ""malloc"": false, ""memcpy"": false, ""memmove"": false, ""memset"": false, ""mutable_global"": false, ""parameter_count"": 1, ""platform_specific"": false, ""pointer_arithmetic"": false, ""pointer_count"": 0, ""pointer_to_pointer"": false, ""raw_pointer_parameter"": false, ""raw_pointer_return"": false, ""realloc"": false, ""setjmp"": false, ""static_local"": false, ""syscall"": false, ""third_party"": false, ""union"": false, ""va_list"": false, ""variadic"": false, ""void_pointer"": false}",TRIVIAL,no_significant_detected_blocker,"[""conditional_compilation""]",medium
2,opentelemetry-sdk,5af96de2a0bf65362ced740d40aab531f5d83126,sdk/src/metrics/sync_instruments.cc,654,656,function,BoundDoubleCounterImpl,3,"{""bitfield"": false, ""branch_complexity_proxy"": 0, ""c_array"": false, ""call_count"": 3, ""callback"": false, ""calloc"": false, ""conditional_compilation"": true, ""explicit_abi_boundary"": false, ""extern_declaration"": false, ""extern_or_abi_boundary"": false, ""flexible_array"": false, ""free"": false, ""function_pointer"": false, ""generated_source"": false, ""global_read"": false, ""global_write"": false, ""goto"": false, ""lexical_ambiguity"": false, ""longjmp"": false, ""macro_density"": 0.0, ""macro_generated_declaration"": false, ""macro_use"": false, ""malloc"": false, ""memcpy"": false, ""memmove"": false, ""memset"": false, ""mutable_global"": false, ""parameter_count"": 1, ""platform_specific"": false, ""pointer_arithmetic"": false, ""pointer_count"": 0, ""pointer_to_pointer"": false, ""raw_pointer_parameter"": false, ""raw_pointer_return"": false, ""realloc"": false, ""setjmp"": false, ""static_local"": false, ""syscall"": false, ""third_party"": false, ""union"": false, ""va_list"": false, ""variadic"": false, ""void_pointer"": false}",TRIVIAL,no_significant_detected_blocker,"[""conditional_compilation""]",medium
2,opentelemetry-sdk,5af96de2a0bf65362ced740d40aab531f5d83126,sdk/src/metrics/sync_instruments.cc,677,679,function,BoundLongHistogramImpl,3,"{""bitfield"": false, ""branch_complexity_proxy"": 0, ""c_array"": false, ""call_count"": 3, ""callback"": false, ""calloc"": false, ""conditional_compilation"": true, ""explicit_abi_boundary"": false, ""extern_declaration"": false, ""extern_or_abi_boundary"": false, ""flexible_array"": false, ""free"": false, ""function_pointer"": false, ""generated_source"": false, ""global_read"": false, ""global_write"": false, ""goto"": false, ""lexical_ambiguity"": false, ""longjmp"": false, ""macro_density"": 0.0, ""macro_generated_declaration"": false, ""macro_use"": false, ""malloc"": false, ""memcpy"": false, ""memmove"": false, ""memset"": false, ""mutable_global"": false, ""parameter_count"": 1, ""platform_specific"": false, ""pointer_arithmetic"": false, ""pointer_count"": 0, ""pointer_to_pointer"": false, ""raw_pointer_parameter"": false, ""raw_pointer_return"": false, ""realloc"": false, ""setjmp"": false, ""static_local"": false, ""syscall"": false, ""third_party"": false, ""union"": false, ""va_list"": false, ""variadic"": false, ""void_pointer"": false}",TRIVIAL,no_significant_detected_blocker,"[""conditional_compilation""]",medium
2,opentelemetry-sdk,5af96de2a0bf65362ced740d40aab531f5d83126,sdk/src/metrics/sync_instruments.cc,699,702,function,BoundDoubleHistogramImpl,4,"{""bitfield"": false, ""branch_complexity_proxy"": 0, ""c_array"": false, ""call_count"": 3, ""callback"": false, ""calloc"": false, ""conditional_compilation"": true, ""explicit_abi_boundary"": false, ""extern_declaration"": false, ""extern_or_abi_boundary"": false, ""flexible_array"": false, ""free"": false, ""function_pointer"": false, ""generated_source"": false, ""global_read"": false, ""global_write"": false, ""goto"": false, ""lexical_ambiguity"": false, ""longjmp"": false, ""macro_density"": 0.0, ""macro_generated_declaration"": false, ""macro_use"": false, ""malloc"": false, ""memcpy"": false, ""memmove"": false, ""memset"": false, ""mutable_global"": false, ""parameter_count"": 1, ""platform_specific"": false, ""pointer_arithmetic"": false, ""pointer_count"": 0, ""pointer_to_pointer"": false, ""raw_pointer_parameter"": false, ""raw_pointer_return"": false, ""realloc"": false, ""setjmp"": false, ""static_local"": false, ""syscall"": false, ""third_party"": false, ""union"": false, ""va_list"": false, ""variadic"": false, ""void_pointer"": false}",TRIVIAL,no_significant_detected_blocker,"[""conditional_compilation""]",medium
2,opentelemetry-sdk,5af96de2a0bf65362ced740d40aab531f5d83126,sdk/src/trace/batch_span_processor_options.cc,30,38,function,GetMaxQueueSizeFromEnv,9,"{""bitfield"": false, ""branch_complexity_proxy"": 1, ""c_array"": false, ""call_count"": 3, ""callback"": false, ""calloc"": false, ""conditional_compilation"": false, ""explicit_abi_boundary"": false, ""extern_declaration"": false, ""extern_or_abi_boundary"": false, ""flexible_array"": false, ""free"": false, ""function_pointer"": false, ""generated_source"": false, ""global_read"": false, ""global_write"": false, ""goto"": false, ""lexical_ambiguity"": false, ""longjmp"": false, ""macro_density"": 0.0, ""macro_generated_declaration"": false, ""macro_use"": false, ""malloc"": false, ""memcpy"": false, ""memmove"": false, ""memset"": false, ""mutable_global"": false, ""parameter_count"": 0, ""platform_specific"": false, ""pointer_arithmetic"": false, ""pointer_count"": 0, ""pointer_to_pointer"": false, ""raw_pointer_parameter"": false, ""raw_pointer_return"": false, ""realloc"": false, ""setjmp"": false, ""static_local"": false, ""syscall"": false, ""third_party"": false, ""union"": false, ""va_list"": false, ""variadic"": false, ""void_pointer"": false}",TRIVIAL,no_significant_detected_blocker,[],medium
2,opentelemetry-sdk,5af96de2a0bf65362ced740d40aab531f5d83126,sdk/src/trace/batch_span_processor_options.cc,62,70,function,GetMaxExportBatchSizeFromEnv,9,"{""bitfield"": false, ""branch_complexity_proxy"": 1, ""c_array"": false, ""call_count"": 3, ""callback"": false, ""calloc"": false, ""conditional_compilation"": false, ""explicit_abi_boundary"": false, ""extern_declaration"": false, ""extern_or_abi_boundary"": false, ""flexible_array"": false, ""free"": false, ""function_pointer"": false, ""generated_source"": false, ""global_read"": false, ""global_write"": false, ""goto"": false, ""lexical_ambiguity"": false, ""longjmp"": false, ""macro_density"": 0.0, ""macro_generated_declaration"": false, ""macro_use"": false, ""malloc"": false, ""memcpy"": false, ""memmove"": false, ""memset"": false, ""mutable_global"": false, ""parameter_count"": 0, ""platform_specific"": false, ""pointer_arithmetic"": false, ""pointer_count"": 0, ""pointer_to_pointer"": false, ""raw_pointer_parameter"": false, ""raw_pointer_return"": false, ""realloc"": false, ""setjmp"": false, ""static_local"": false, ""syscall"": false, ""third_party"": false, ""union"": false, ""va_list"": false, ""variadic"": false, ""void_pointer"": false}",TRIVIAL,no_significant_detected_blocker,[],medium
2,opentelemetry-sdk,5af96de2a0bf65362ced740d40aab531f5d83126,sdk/src/trace/samplers/composable_parent_threshold.cc,60,68,function,if,9,"{""bitfield"": false, ""branch_complexity_proxy"": 1, ""c_array"": false, ""call_count"": 2, ""callback"": false, ""calloc"": false, ""conditional_compilation"": false, ""explicit_abi_boundary"": false, ""extern_declaration"": false, ""extern_or_abi_boundary"": false, ""flexible_array"": false, ""free"": false, ""function_pointer"": false, ""generated_source"": false, ""global_read"": false, ""global_write"": false, ""goto"": false, ""lexical_ambiguity"": false, ""longjmp"": false, ""macro_density"": 0.0, ""macro_generated_declaration"": false, ""macro_use"": false, ""malloc"": false, ""memcpy"": false, ""memmove"": false, ""memset"": false, ""mutable_global"": false, ""parameter_count"": 1, ""platform_specific"": false, ""pointer_arithmetic"": false, ""pointer_count"": 0, ""pointer_to_pointer"": false, ""raw_pointer_parameter"": false, ""raw_pointer_return"": false, ""realloc"": false, ""setjmp"": false, ""static_local"": false, ""syscall"": false, ""third_party"": false, ""union"": false, ""va_list"": false, ""variadic"": false, ""void_pointer"": false}",TRIVIAL,no_significant_detected_blocker,[],medium
2,opentelemetry-sdk,5af96de2a0bf65362ced740d40aab531f5d83126,sdk/src/trace/samplers/ot_trace_state.cc,44,54,function,AppendThresholdHex,11,"{""bitfield"": false, ""branch_complexity_proxy"": 1, ""c_array"": false, ""call_count"": 4, ""callback"": false, ""calloc"": false, ""conditional_compilation"": false, ""explicit_abi_boundary"": false, ""extern_declaration"": false, ""extern_or_abi_boundary"": false, ""flexible_array"": false, ""free"": false, ""function_pointer"": false, ""generated_source"": false, ""global_read"": false, ""global_write"": false, ""goto"": false, ""lexical_ambiguity"": false, ""longjmp"": false, ""macro_density"": 0.0, ""macro_generated_declaration"": false, ""macro_use"": false, ""malloc"": false, ""memcpy"": false, ""memmove"": false, ""memset"": false, ""mutable_global"": false, ""parameter_count"": 2, ""platform_specific"": false, ""pointer_arithmetic"": true, ""pointer_count"": 0, ""pointer_to_pointer"": false, ""raw_pointer_parameter"": false, ""raw_pointer_return"": false, ""realloc"": false, ""setjmp"": false, ""static_local"": false, ""syscall"": false, ""third_party"": false, ""union"": false, ""va_list"": false, ""variadic"": false, ""void_pointer"": false}",REFACTOR_THEN_DSL,pointer_arithmetic,[],medium
2,opentelemetry-sdk,5af96de2a0bf65362ced740d40aab531f5d83126,sdk/src/trace/samplers/ot_trace_state.cc,57,63,function,AppendRandomHex,7,"{""bitfield"": false, ""branch_complexity_proxy"": 1, ""c_array"": false, ""call_count"": 3, ""callback"": false, ""calloc"": false, ""conditional_compilation"": false, ""explicit_abi_boundary"": false, ""extern_declaration"": false, ""extern_or_abi_boundary"": false, ""flexible_array"": false, ""free"": false, ""function_pointer"": false, ""generated_source"": false, ""global_read"": false, ""global_write"": false, ""goto"": false, ""lexical_ambiguity"": false, ""longjmp"": false, ""macro_density"": 0.0, ""macro_generated_declaration"": false, ""macro_use"": false, ""malloc"": false, ""memcpy"": false, ""memmove"": false, ""memset"": false, ""mutable_global"": false, ""parameter_count"": 2, ""platform_specific"": false, ""pointer_arithmetic"": true, ""pointer_count"": 0, ""pointer_to_pointer"": false, ""raw_pointer_parameter"": false, ""raw_pointer_return"": false, ""realloc"": false, ""setjmp"": false, ""static_local"": false, ""syscall"": false, ""third_party"": false, ""union"": false, ""va_list"": false, ""variadic"": false, ""void_pointer"": false}",REFACTOR_THEN_DSL,pointer_arithmetic,[],medium
2,opentelemetry-sdk,5af96de2a0bf65362ced740d40aab531f5d83126,sdk/src/trace/samplers/ot_trace_state.cc,78,81,function,if,4,"{""bitfield"": false, ""branch_complexity_proxy"": 1, ""c_array"": false, ""call_count"": 1, ""callback"": false, ""calloc"": false, ""conditional_compilation"": false, ""explicit_abi_boundary"": false, ""extern_declaration"": false, ""extern_or_abi_boundary"": false, ""flexible_array"": false, ""free"": false, ""function_pointer"": false, ""generated_source"": false, ""global_read"": false, ""global_write"": false, ""goto"": false, ""lexical_ambiguity"": false, ""longjmp"": false, ""macro_density"": 0.0, ""macro_generated_declaration"": false, ""macro_use"": false, ""malloc"": false, ""memcpy"": false, ""memmove"": false, ""memset"": false, ""mutable_global"": false, ""parameter_count"": 1, ""platform_specific"": false, ""pointer_arithmetic"": false, ""pointer_count"": 0, ""pointer_to_pointer"": false, ""raw_pointer_parameter"": false, ""raw_pointer_return"": false, ""realloc"": false, ""setjmp"": false, ""static_local"": false, ""syscall"": false, ""third_party"": false, ""union"": false, ""va_list"": false, ""variadic"": false, ""void_pointer"": false}",TRIVIAL,no_significant_detected_blocker,[],medium
2,opentelemetry-sdk,5af96de2a0bf65362ced740d40aab531f5d83126,sdk/src/trace/samplers/ot_trace_state.cc,173,181,function,if,9,"{""bitfield"": false, ""branch_complexity_proxy"": 2, ""c_array"": false, ""call_count"": 4, ""callback"": false, ""calloc"": false, ""conditional_compilation"": false, ""explicit_abi_boundary"": false, ""extern_declaration"": false, ""extern_or_abi_boundary"": false, ""flexible_array"": false, ""free"": false, ""function_pointer"": false, ""generated_source"": false, ""global_read"": false, ""global_write"": false, ""goto"": false, ""lexical_ambiguity"": false, ""longjmp"": false, ""macro_density"": 0.0, ""macro_generated_declaration"": false, ""macro_use"": false, ""malloc"": false, ""memcpy"": false, ""memmove"": false, ""memset"": false, ""mutable_global"": false, ""parameter_count"": 3, ""platform_specific"": false, ""pointer_arithmetic"": false, ""pointer_count"": 0, ""pointer_to_pointer"": false, ""raw_pointer_parameter"": false, ""raw_pointer_return"": false, ""realloc"": false, ""setjmp"": false, ""static_local"": false, ""syscall"": false, ""third_party"": false, ""union"": false, ""va_list"": false, ""variadic"": false, ""void_pointer"": false}",TRIVIAL,no_significant_detected_blocker,[],medium
2,opentelemetry-sdk,5af96de2a0bf65362ced740d40aab531f5d83126,sdk/src/trace/samplers/ot_trace_state.h,48,65,struct,OtelTraceState,18,"{""bitfield"": false, ""branch_complexity_proxy"": 0, ""c_array"": false, ""call_count"": 2, ""callback"": false, ""calloc"": false, ""conditional_compilation"": false, ""explicit_abi_boundary"": false, ""extern_declaration"": false, ""extern_or_abi_boundary"": false, ""flexible_array"": false, ""free"": false, ""function_pointer"": false, ""generated_source"": false, ""global_read"": false, ""global_write"": false, ""goto"": false, ""lexical_ambiguity"": false, ""longjmp"": false, ""macro_density"": 0.0, ""macro_generated_declaration"": false, ""macro_use"": false, ""malloc"": false, ""memcpy"": false, ""memmove"": false, ""memset"": false, ""mutable_global"": false, ""parameter_count"": 0, ""platform_specific"": false, ""pointer_arithmetic"": false, ""pointer_count"": 0, ""pointer_to_pointer"": false, ""raw_pointer_parameter"": false, ""raw_pointer_return"": false, ""realloc"": false, ""setjmp"": false, ""static_local"": false, ""syscall"": false, ""third_party"": false, ""union"": false, ""va_list"": false, ""variadic"": false, ""void_pointer"": false}",TRIVIAL,no_significant_detected_blocker,[],medium
2,opentelemetry-sdk,5af96de2a0bf65362ced740d40aab531f5d83126,sdk/src/trace/samplers/parent.cc,14,14,global,trace_api,1,"{""bitfield"": false, ""branch_complexity_proxy"": 0, ""c_array"": false, ""call_count"": 0, ""callback"": false, ""calloc"": false, ""conditional_compilation"": false, ""explicit_abi_boundary"": false, ""extern_declaration"": false, ""extern_or_abi_boundary"": false, ""flexible_array"": false, ""free"": false, ""function_pointer"": false, ""generated_source"": false, ""global_read"": false, ""global_write"": false, ""goto"": false, ""lexical_ambiguity"": false, ""longjmp"": false, ""macro_density"": 0.0, ""macro_generated_declaration"": false, ""macro_use"": false, ""malloc"": false, ""memcpy"": false, ""memmove"": false, ""memset"": false, ""mutable_global"": true, ""parameter_count"": 0, ""platform_specific"": false, ""pointer_arithmetic"": false, ""pointer_count"": 0, ""pointer_to_pointer"": false, ""raw_pointer_parameter"": false, ""raw_pointer_return"": false, ""realloc"": false, ""setjmp"": false, ""static_local"": false, ""syscall"": false, ""third_party"": false, ""union"": false, ""va_list"": false, ""variadic"": false, ""void_pointer"": false}",REFACTOR_THEN_DSL,mutable_global,[],medium
2,opentelemetry-sdk,5af96de2a0bf65362ced740d40aab531f5d83126,sdk/src/trace/samplers/probability.cc,22,22,global,trace_api,1,"{""bitfield"": false, ""branch_complexity_proxy"": 0, ""c_array"": false, ""call_count"": 0, ""callback"": false, ""calloc"": false, ""conditional_compilation"": false, ""explicit_abi_boundary"": false, ""extern_declaration"": false, ""extern_or_abi_boundary"": false, ""flexible_array"": false, ""free"": false, ""function_pointer"": false, ""generated_source"": false, ""global_read"": false, ""global_write"": false, ""goto"": false, ""lexical_ambiguity"": false, ""longjmp"": false, ""macro_density"": 0.0, ""macro_generated_declaration"": false, ""macro_use"": false, ""malloc"": false, ""memcpy"": false, ""memmove"": false, ""memset"": false, ""mutable_global"": true, ""parameter_count"": 0, ""platform_specific"": false, ""pointer_arithmetic"": false, ""pointer_count"": 0, ""pointer_to_pointer"": false, ""raw_pointer_parameter"": false, ""raw_pointer_return"": false, ""realloc"": false, ""setjmp"": false, ""static_local"": false, ""syscall"": false, ""third_party"": false, ""union"": false, ""va_list"": false, ""variadic"": false, ""void_pointer"": false}",REFACTOR_THEN_DSL,mutable_global,[],medium
2,opentelemetry-sdk,5af96de2a0bf65362ced740d40aab531f5d83126,sdk/src/trace/samplers/trace_id_ratio.cc,18,18,global,trace_api,1,"{""bitfield"": false, ""branch_complexity_proxy"": 0, ""c_array"": false, ""call_count"": 0, ""callback"": false, ""calloc"": false, ""conditional_compilation"": false, ""explicit_abi_boundary"": false, ""extern_declaration"": false, ""extern_or_abi_boundary"": false, ""flexible_array"": false, ""free"": false, ""function_pointer"": false, ""generated_source"": false, ""global_read"": false, ""global_write"": false, ""goto"": false, ""lexical_ambiguity"": false, ""longjmp"": false, ""macro_density"": 0.0, ""macro_generated_declaration"": false, ""macro_use"": false, ""malloc"": false, ""memcpy"": false, ""memmove"": false, ""memset"": false, ""mutable_global"": true, ""parameter_count"": 0, ""platform_specific"": false, ""pointer_arithmetic"": false, ""pointer_count"": 0, ""pointer_to_pointer"": false, ""raw_pointer_parameter"": false, ""raw_pointer_return"": false, ""realloc"": false, ""setjmp"": false, ""static_local"": false, ""syscall"": false, ""third_party"": false, ""union"": false, ""va_list"": false, ""variadic"": false, ""void_pointer"": false}",REFACTOR_THEN_DSL,mutable_global,[],medium
2,opentelemetry-sdk,5af96de2a0bf65362ced740d40aab531f5d83126,sdk/src/trace/span.cc,29,39,function,NowOr,11,"{""bitfield"": false, ""branch_complexity_proxy"": 1, ""c_array"": false, ""call_count"": 5, ""callback"": false, ""calloc"": false, ""conditional_compilation"": false, ""explicit_abi_boundary"": false, ""extern_declaration"": false, ""extern_or_abi_boundary"": false, ""flexible_array"": false, ""free"": false, ""function_pointer"": false, ""generated_source"": false, ""global_read"": false, ""global_write"": false, ""goto"": false, ""lexical_ambiguity"": false, ""longjmp"": false, ""macro_density"": 0.0, ""macro_generated_declaration"": false, ""macro_use"": false, ""malloc"": false, ""memcpy"": false, ""memmove"": false, ""memset"": false, ""mutable_global"": false, ""parameter_count"": 1, ""platform_specific"": false, ""pointer_arithmetic"": false, ""pointer_count"": 0, ""pointer_to_pointer"": false, ""raw_pointer_parameter"": false, ""raw_pointer_return"": false, ""realloc"": false, ""setjmp"": false, ""static_local"": false, ""syscall"": false, ""third_party"": false, ""union"": false, ""va_list"": false, ""variadic"": false, ""void_pointer"": false}",TRIVIAL,no_significant_detected_blocker,[],medium
2,opentelemetry-sdk,5af96de2a0bf65362ced740d40aab531f5d83126,sdk/src/trace/span.cc,41,51,function,NowOr,11,"{""bitfield"": false, ""branch_complexity_proxy"": 1, ""c_array"": false, ""call_count"": 5, ""callback"": false, ""calloc"": false, ""conditional_compilation"": false, ""explicit_abi_boundary"": false, ""extern_declaration"": false, ""extern_or_abi_boundary"": false, ""flexible_array"": false, ""free"": false, ""function_pointer"": false, ""generated_source"": false, ""global_read"": false, ""global_write"": false, ""goto"": false, ""lexical_ambiguity"": false, ""longjmp"": false, ""macro_density"": 0.0, ""macro_generated_declaration"": false, ""macro_use"": false, ""malloc"": false, ""memcpy"": false, ""memmove"": false, ""memset"": false, ""mutable_global"": false, ""parameter_count"": 1, ""platform_specific"": false, ""pointer_arithmetic"": false, ""pointer_count"": 0, ""pointer_to_pointer"": false, ""raw_pointer_parameter"": false, ""raw_pointer_return"": false, ""realloc"": false, ""setjmp"": false, ""static_local"": false, ""syscall"": false, ""third_party"": false, ""union"": false, ""va_list"": false, ""variadic"": false, ""void_pointer"": false}",TRIVIAL,no_significant_detected_blocker,[],medium
2,opentelemetry-sdk,5af96de2a0bf65362ced740d40aab531f5d83126,sdk/src/trace/span_limits.cc,34,41,function,UpdateFromEnv,8,"{""bitfield"": false, ""branch_complexity_proxy"": 1, ""c_array"": false, ""call_count"": 3, ""callback"": false, ""calloc"": false, ""conditional_compilation"": false, ""explicit_abi_boundary"": false, ""extern_declaration"": false, ""extern_or_abi_boundary"": false, ""flexible_array"": false, ""free"": false, ""function_pointer"": false, ""generated_source"": false, ""global_read"": false, ""global_write"": false, ""goto"": false, ""lexical_ambiguity"": false, ""longjmp"": false, ""macro_density"": 0.0, ""macro_generated_declaration"": false, ""macro_use"": false, ""malloc"": false, ""memcpy"": false, ""memmove"": false, ""memset"": false, ""mutable_global"": false, ""parameter_count"": 2, ""platform_specific"": false, ""pointer_arithmetic"": false, ""pointer_count"": 1, ""pointer_to_pointer"": false, ""raw_pointer_parameter"": true, ""raw_pointer_return"": false, ""realloc"": false, ""setjmp"": false, ""static_local"": false, ""syscall"": false, ""third_party"": false, ""union"": false, ""va_list"": false, ""variadic"": false, ""void_pointer"": false}",TRIVIAL,no_significant_detected_blocker,"[""raw_pointer_parameter""]",medium
2,opentelemetry-sdk,5af96de2a0bf65362ced740d40aab531f5d83126,sdk/src/trace/span_limits.cc,43,50,function,UpdateFromEnv,8,"{""bitfield"": false, ""branch_complexity_proxy"": 1, ""c_array"": false, ""call_count"": 3, ""callback"": false, ""calloc"": false, ""conditional_compilation"": false, ""explicit_abi_boundary"": false, ""extern_declaration"": false, ""extern_or_abi_boundary"": false, ""flexible_array"": false, ""free"": false, ""function_pointer"": false, ""generated_source"": false, ""global_read"": false, ""global_write"": false, ""goto"": false, ""lexical_ambiguity"": false, ""longjmp"": false, ""macro_density"": 0.0, ""macro_generated_declaration"": false, ""macro_use"": false, ""malloc"": false, ""memcpy"": false, ""memmove"": false, ""memset"": false, ""mutable_global"": false, ""parameter_count"": 2, ""platform_specific"": false, ""pointer_arithmetic"": false, ""pointer_count"": 1, ""pointer_to_pointer"": false, ""raw_pointer_parameter"": true, ""raw_pointer_return"": false, ""realloc"": false, ""setjmp"": false, ""static_local"": false, ""syscall"": false, ""third_party"": false, ""union"": false, ""va_list"": false, ""variadic"": false, ""void_pointer"": false}",TRIVIAL,no_significant_detected_blocker,"[""raw_pointer_parameter""]",medium
2,opentelemetry-sdk,5af96de2a0bf65362ced740d40aab531f5d83126,sdk/src/trace/span_limits.cc,54,70,function,GetSpanLimitsFromEnv,17,"{""bitfield"": false, ""branch_complexity_proxy"": 0, ""c_array"": false, ""call_count"": 9, ""callback"": false, ""calloc"": false, ""conditional_compilation"": false, ""explicit_abi_boundary"": false, ""extern_declaration"": false, ""extern_or_abi_boundary"": false, ""flexible_array"": false, ""free"": false, ""function_pointer"": false, ""generated_source"": false, ""global_read"": false, ""global_write"": false, ""goto"": false, ""lexical_ambiguity"": false, ""longjmp"": false, ""macro_density"": 0.0, ""macro_generated_declaration"": false, ""macro_use"": false, ""malloc"": false, ""memcpy"": false, ""memmove"": false, ""memset"": false, ""mutable_global"": false, ""parameter_count"": 1, ""platform_specific"": false, ""pointer_arithmetic"": false, ""pointer_count"": 0, ""pointer_to_pointer"": false, ""raw_pointer_parameter"": false, ""raw_pointer_return"": false, ""realloc"": false, ""setjmp"": false, ""static_local"": false, ""syscall"": false, ""third_party"": false, ""union"": false, ""va_list"": false, ""variadic"": false, ""void_pointer"": false}",TRIVIAL,no_significant_detected_blocker,[],medium
2,opentelemetry-sdk,5af96de2a0bf65362ced740d40aab531f5d83126,sdk/src/trace/tracer.cc,134,145,function,if,12,"{""bitfield"": false, ""branch_complexity_proxy"": 3, ""c_array"": false, ""call_count"": 7, ""callback"": false, ""calloc"": false, ""conditional_compilation"": false, ""explicit_abi_boundary"": false, ""extern_declaration"": false, ""extern_or_abi_boundary"": false, ""flexible_array"": false, ""free"": false, ""function_pointer"": true, ""generated_source"": false, ""global_read"": false, ""global_write"": false, ""goto"": false, ""lexical_ambiguity"": false, ""longjmp"": false, ""macro_density"": 0.0, ""macro_generated_declaration"": false, ""macro_use"": false, ""malloc"": false, ""memcpy"": false, ""memmove"": false, ""memset"": false, ""mutable_global"": false, ""parameter_count"": 1, ""platform_specific"": false, ""pointer_arithmetic"": false, ""pointer_count"": 3, ""pointer_to_pointer"": false, ""raw_pointer_parameter"": true, ""raw_pointer_return"": false, ""realloc"": false, ""setjmp"": false, ""static_local"": false, ""syscall"": false, ""third_party"": false, ""union"": false, ""va_list"": false, ""variadic"": false, ""void_pointer"": false}",NEEDS_TRANSPILER,function_pointer,[],medium
2,opentelemetry-sdk,5af96de2a0bf65362ced740d40aab531f5d83126,sdk/src/trace/tracer.cc,141,144,function,if,4,"{""bitfield"": false, ""branch_complexity_proxy"": 1, ""c_array"": false, ""call_count"": 3, ""callback"": false, ""calloc"": false, ""conditional_compilation"": false, ""explicit_abi_boundary"": false, ""extern_declaration"": false, ""extern_or_abi_boundary"": false, ""flexible_array"": false, ""free"": false, ""function_pointer"": true, ""generated_source"": false, ""global_read"": false, ""global_write"": false, ""goto"": false, ""lexical_ambiguity"": false, ""longjmp"": false, ""macro_density"": 0.0, ""macro_generated_declaration"": false, ""macro_use"": false, ""malloc"": false, ""memcpy"": false, ""memmove"": false, ""memset"": false, ""mutable_global"": false, ""parameter_count"": 1, ""platform_specific"": false, ""pointer_arithmetic"": false, ""pointer_count"": 1, ""pointer_to_pointer"": false, ""raw_pointer_parameter"": true, ""raw_pointer_return"": false, ""realloc"": false, ""setjmp"": false, ""static_local"": false, ""syscall"": false, ""third_party"": false, ""union"": false, ""va_list"": false, ""variadic"": false, ""void_pointer"": false}",NEEDS_TRANSPILER,function_pointer,[],medium
2,opentelemetry-sdk,5af96de2a0bf65362ced740d40aab531f5d83126,sdk/src/trace/tracer.cc,166,169,function,if,4,"{""bitfield"": false, ""branch_complexity_proxy"": 1, ""c_array"": false, ""call_count"": 2, ""callback"": false, ""calloc"": false, ""conditional_compilation"": false, ""explicit_abi_boundary"": false, ""extern_declaration"": false, ""extern_or_abi_boundary"": false, ""flexible_array"": false, ""free"": false, ""function_pointer"": false, ""generated_source"": false, ""global_read"": false, ""global_write"": false, ""goto"": false, ""lexical_ambiguity"": false, ""longjmp"": false, ""macro_density"": 0.0, ""macro_generated_declaration"": false, ""macro_use"": false, ""malloc"": false, ""memcpy"": false, ""memmove"": false, ""memset"": false, ""mutable_global"": false, ""parameter_count"": 1, ""platform_specific"": false, ""pointer_arithmetic"": false, ""pointer_count"": 0, ""pointer_to_pointer"": false, ""raw_pointer_parameter"": false, ""raw_pointer_return"": false, ""realloc"": false, ""setjmp"": false, ""static_local"": false, ""syscall"": false, ""third_party"": false, ""union"": false, ""va_list"": false, ""variadic"": false, ""void_pointer"": false}",TRIVIAL,no_significant_detected_blocker,[],medium
2,opentelemetry-sdk,5af96de2a0bf65362ced740d40aab531f5d83126,sdk/src/trace/tracer_provider.cc,103,106,function,if,4,"{""bitfield"": false, ""branch_complexity_proxy"": 1, ""c_array"": false, ""call_count"": 2, ""callback"": false, ""calloc"": false, ""conditional_compilation"": false, ""explicit_abi_boundary"": false, ""extern_declaration"": false, ""extern_or_abi_boundary"": false, ""flexible_array"": false, ""free"": false, ""function_pointer"": false, ""generated_source"": false, ""global_read"": false, ""global_write"": false, ""goto"": false, ""lexical_ambiguity"": false, ""longjmp"": false, ""macro_density"": 0.0, ""macro_generated_declaration"": false, ""macro_use"": true, ""malloc"": false, ""memcpy"": false, ""memmove"": false, ""memset"": false, ""mutable_global"": false, ""parameter_count"": 1, ""platform_specific"": false, ""pointer_arithmetic"": false, ""pointer_count"": 0, ""pointer_to_pointer"": false, ""raw_pointer_parameter"": false, ""raw_pointer_return"": false, ""realloc"": false, ""setjmp"": false, ""static_local"": false, ""syscall"": false, ""third_party"": false, ""union"": false, ""va_list"": false, ""variadic"": false, ""void_pointer"": false}",TRIVIAL,no_significant_detected_blocker,"[""macro_use""]",medium
