file,qualified_name,start_line,end_line,source_kind,generated,rustycpp_status,migration_class,reason
android/app/src/main/cpp/generated/animal_generated.h,add_name,48,48,HANDWRITTEN_CPP,False,CPP_UNVERIFIED,B_DIRECT_MIGRATION,ordinary C++ control/data-flow without detected boundary
android/app/src/main/cpp/generated/animal_generated.h,add_sound,51,51,HANDWRITTEN_CPP,False,CPP_UNVERIFIED,B_DIRECT_MIGRATION,ordinary C++ control/data-flow without detected boundary
android/app/src/main/cpp/generated/animal_generated.h,add_weight,54,54,HANDWRITTEN_CPP,False,CPP_UNVERIFIED,B_DIRECT_MIGRATION,ordinary C++ control/data-flow without detected boundary
android/app/src/main/cpp/generated/animal_generated.h,AnimalBuilder,57,57,HANDWRITTEN_CPP,False,CPP_UNVERIFIED,B_DIRECT_MIGRATION,ordinary C++ control/data-flow without detected boundary
android/app/src/main/cpp/generated/animal_generated.h,Finish,60,60,HANDWRITTEN_CPP,False,CPP_UNVERIFIED,B_DIRECT_MIGRATION,ordinary C++ control/data-flow without detected boundary
android/app/src/main/cpp/generated/animal_generated.h,CreateAnimal,66,71,HANDWRITTEN_CPP,False,CPP_UNVERIFIED,B_DIRECT_MIGRATION,ordinary C++ control/data-flow without detected boundary
android/app/src/main/cpp/generated/animal_generated.h,CreateAnimalDirect,78,81,HANDWRITTEN_CPP,False,CPP_UNVERIFIED,B_DIRECT_MIGRATION,ordinary C++ control/data-flow without detected boundary
android/app/src/main/cpp/generated/animal_generated.h,VerifyAnimalBuffer,94,95,HANDWRITTEN_CPP,False,CPP_UNVERIFIED,B_DIRECT_MIGRATION,ordinary C++ control/data-flow without detected boundary
android/app/src/main/cpp/generated/animal_generated.h,VerifySizePrefixedAnimalBuffer,98,99,HANDWRITTEN_CPP,False,CPP_UNVERIFIED,B_DIRECT_MIGRATION,ordinary C++ control/data-flow without detected boundary
android/app/src/main/cpp/generated/animal_generated.h,FinishAnimalBuffer,102,105,HANDWRITTEN_CPP,False,CPP_UNVERIFIED,B_DIRECT_MIGRATION,ordinary C++ control/data-flow without detected boundary
android/app/src/main/cpp/generated/animal_generated.h,FinishSizePrefixedAnimalBuffer,108,111,HANDWRITTEN_CPP,False,CPP_UNVERIFIED,B_DIRECT_MIGRATION,ordinary C++ control/data-flow without detected boundary
benchmarks/cpp/bench.h,~Bench,7,7,HANDWRITTEN_CPP,False,CPP_UNVERIFIED,B_DIRECT_MIGRATION,ordinary C++ control/data-flow without detected boundary
benchmarks/cpp/bench.h,Add,8,9,HANDWRITTEN_CPP,False,CPP_UNVERIFIED,B_DIRECT_MIGRATION,ordinary C++ control/data-flow without detected boundary
benchmarks/cpp/benchmark_main.cpp,Encode,7,9,HANDWRITTEN_CPP,False,CPP_UNVERIFIED,B_DIRECT_MIGRATION,ordinary C++ control/data-flow without detected boundary
benchmarks/cpp/benchmark_main.cpp,Decode,16,18,HANDWRITTEN_CPP,False,CPP_UNVERIFIED,D_BOUNDARY,external/runtime/raw-pointer boundary
benchmarks/cpp/benchmark_main.cpp,Use,27,29,HANDWRITTEN_CPP,False,CPP_UNVERIFIED,D_BOUNDARY,external/runtime/raw-pointer boundary
benchmarks/cpp/benchmark_main.cpp,BM_Flatbuffers_Encode,42,43,HANDWRITTEN_CPP,False,CPP_UNVERIFIED,C_LOCAL_REFACTOR,"ownership, callback, threading, or template shape"
benchmarks/cpp/benchmark_main.cpp,BM_Flatbuffers_Decode,52,53,HANDWRITTEN_CPP,False,CPP_UNVERIFIED,C_LOCAL_REFACTOR,"ownership, callback, threading, or template shape"
benchmarks/cpp/benchmark_main.cpp,BM_Flatbuffers_Use,62,63,HANDWRITTEN_CPP,False,CPP_UNVERIFIED,C_LOCAL_REFACTOR,"ownership, callback, threading, or template shape"
benchmarks/cpp/benchmark_main.cpp,BM_Raw_Encode,72,73,HANDWRITTEN_CPP,False,CPP_UNVERIFIED,C_LOCAL_REFACTOR,"ownership, callback, threading, or template shape"
benchmarks/cpp/benchmark_main.cpp,BM_Raw_Decode,81,82,HANDWRITTEN_CPP,False,CPP_UNVERIFIED,C_LOCAL_REFACTOR,"ownership, callback, threading, or template shape"
benchmarks/cpp/benchmark_main.cpp,BM_Raw_Use,90,91,HANDWRITTEN_CPP,False,CPP_UNVERIFIED,C_LOCAL_REFACTOR,"ownership, callback, threading, or template shape"
benchmarks/cpp/flatbuffers/bench_generated.h,Foo,58,60,HANDWRITTEN_CPP,False,CPP_UNVERIFIED,B_DIRECT_MIGRATION,ordinary C++ control/data-flow without detected boundary
benchmarks/cpp/flatbuffers/bench_generated.h,id_,64,68,HANDWRITTEN_CPP,False,CPP_UNVERIFIED,B_DIRECT_MIGRATION,ordinary C++ control/data-flow without detected boundary
benchmarks/cpp/flatbuffers/bench_generated.h,Bar,86,89,HANDWRITTEN_CPP,False,CPP_UNVERIFIED,B_DIRECT_MIGRATION,ordinary C++ control/data-flow without detected boundary
benchmarks/cpp/flatbuffers/bench_generated.h,parent_,95,100,HANDWRITTEN_CPP,False,CPP_UNVERIFIED,B_DIRECT_MIGRATION,ordinary C++ control/data-flow without detected boundary
benchmarks/cpp/flatbuffers/bench_generated.h,add_sibling,140,140,HANDWRITTEN_CPP,False,CPP_UNVERIFIED,B_DIRECT_MIGRATION,ordinary C++ control/data-flow without detected boundary
benchmarks/cpp/flatbuffers/bench_generated.h,add_name,143,143,HANDWRITTEN_CPP,False,CPP_UNVERIFIED,B_DIRECT_MIGRATION,ordinary C++ control/data-flow without detected boundary
benchmarks/cpp/flatbuffers/bench_generated.h,add_rating,146,146,HANDWRITTEN_CPP,False,CPP_UNVERIFIED,B_DIRECT_MIGRATION,ordinary C++ control/data-flow without detected boundary
benchmarks/cpp/flatbuffers/bench_generated.h,add_postfix,149,149,HANDWRITTEN_CPP,False,CPP_UNVERIFIED,B_DIRECT_MIGRATION,ordinary C++ control/data-flow without detected boundary
benchmarks/cpp/flatbuffers/bench_generated.h,FooBarBuilder,152,152,HANDWRITTEN_CPP,False,CPP_UNVERIFIED,B_DIRECT_MIGRATION,ordinary C++ control/data-flow without detected boundary
benchmarks/cpp/flatbuffers/bench_generated.h,Finish,155,155,HANDWRITTEN_CPP,False,CPP_UNVERIFIED,B_DIRECT_MIGRATION,ordinary C++ control/data-flow without detected boundary
benchmarks/cpp/flatbuffers/bench_generated.h,CreateFooBar,161,166,HANDWRITTEN_CPP,False,CPP_UNVERIFIED,B_DIRECT_MIGRATION,ordinary C++ control/data-flow without detected boundary
benchmarks/cpp/flatbuffers/bench_generated.h,CreateFooBarDirect,174,178,HANDWRITTEN_CPP,False,CPP_UNVERIFIED,B_DIRECT_MIGRATION,ordinary C++ control/data-flow without detected boundary
benchmarks/cpp/flatbuffers/bench_generated.h,add_list,221,223,HANDWRITTEN_CPP,False,CPP_UNVERIFIED,B_DIRECT_MIGRATION,ordinary C++ control/data-flow without detected boundary
benchmarks/cpp/flatbuffers/bench_generated.h,add_initialized,226,226,HANDWRITTEN_CPP,False,CPP_UNVERIFIED,B_DIRECT_MIGRATION,ordinary C++ control/data-flow without detected boundary
benchmarks/cpp/flatbuffers/bench_generated.h,add_fruit,230,230,HANDWRITTEN_CPP,False,CPP_UNVERIFIED,B_DIRECT_MIGRATION,ordinary C++ control/data-flow without detected boundary
benchmarks/cpp/flatbuffers/bench_generated.h,add_location,234,234,HANDWRITTEN_CPP,False,CPP_UNVERIFIED,B_DIRECT_MIGRATION,ordinary C++ control/data-flow without detected boundary
benchmarks/cpp/flatbuffers/bench_generated.h,FooBarContainerBuilder,237,238,HANDWRITTEN_CPP,False,CPP_UNVERIFIED,B_DIRECT_MIGRATION,ordinary C++ control/data-flow without detected boundary
benchmarks/cpp/flatbuffers/bench_generated.h,Finish,241,241,HANDWRITTEN_CPP,False,CPP_UNVERIFIED,B_DIRECT_MIGRATION,ordinary C++ control/data-flow without detected boundary
benchmarks/cpp/flatbuffers/bench_generated.h,CreateFooBarContainer,247,255,HANDWRITTEN_CPP,False,CPP_UNVERIFIED,B_DIRECT_MIGRATION,ordinary C++ control/data-flow without detected boundary
benchmarks/cpp/flatbuffers/bench_generated.h,CreateFooBarContainerDirect,263,270,HANDWRITTEN_CPP,False,CPP_UNVERIFIED,B_DIRECT_MIGRATION,ordinary C++ control/data-flow without detected boundary
benchmarks/cpp/flatbuffers/bench_generated.h,VerifyFooBarContainerBuffer,290,291,HANDWRITTEN_CPP,False,CPP_UNVERIFIED,B_DIRECT_MIGRATION,ordinary C++ control/data-flow without detected boundary
benchmarks/cpp/flatbuffers/bench_generated.h,VerifySizePrefixedFooBarContainerBuffer,295,297,HANDWRITTEN_CPP,False,CPP_UNVERIFIED,B_DIRECT_MIGRATION,ordinary C++ control/data-flow without detected boundary
benchmarks/cpp/flatbuffers/bench_generated.h,FinishFooBarContainerBuffer,302,305,HANDWRITTEN_CPP,False,CPP_UNVERIFIED,B_DIRECT_MIGRATION,ordinary C++ control/data-flow without detected boundary
benchmarks/cpp/flatbuffers/bench_generated.h,FinishSizePrefixedFooBarContainerBuffer,308,311,HANDWRITTEN_CPP,False,CPP_UNVERIFIED,B_DIRECT_MIGRATION,ordinary C++ control/data-flow without detected boundary
benchmarks/cpp/flatbuffers/fb_bench.cpp,FlatBufferBench,16,17,HANDWRITTEN_CPP,False,CPP_UNVERIFIED,B_DIRECT_MIGRATION,ordinary C++ control/data-flow without detected boundary
benchmarks/cpp/flatbuffers/fb_bench.cpp,NewFlatBuffersBench,75,77,HANDWRITTEN_CPP,False,CPP_UNVERIFIED,C_LOCAL_REFACTOR,"ownership, callback, threading, or template shape"
benchmarks/cpp/flatbuffers/fb_bench.h,StaticAllocator,11,11,HANDWRITTEN_CPP,False,CPP_UNVERIFIED,B_DIRECT_MIGRATION,ordinary C++ control/data-flow without detected boundary
benchmarks/cpp/raw/raw_bench.cpp,NewRawBench,106,107,HANDWRITTEN_CPP,False,CPP_UNVERIFIED,C_LOCAL_REFACTOR,"ownership, callback, threading, or template shape"
goldens/cpp/basic_generated.h,add_num_stars,45,45,HANDWRITTEN_CPP,False,CPP_UNVERIFIED,B_DIRECT_MIGRATION,ordinary C++ control/data-flow without detected boundary
goldens/cpp/basic_generated.h,GalaxyBuilder,48,49,HANDWRITTEN_CPP,False,CPP_UNVERIFIED,B_DIRECT_MIGRATION,ordinary C++ control/data-flow without detected boundary
goldens/cpp/basic_generated.h,Finish,52,52,HANDWRITTEN_CPP,False,CPP_UNVERIFIED,B_DIRECT_MIGRATION,ordinary C++ control/data-flow without detected boundary
goldens/cpp/basic_generated.h,CreateGalaxy,58,61,HANDWRITTEN_CPP,False,CPP_UNVERIFIED,B_DIRECT_MIGRATION,ordinary C++ control/data-flow without detected boundary
goldens/cpp/basic_generated.h,add_age,94,94,HANDWRITTEN_CPP,False,CPP_UNVERIFIED,B_DIRECT_MIGRATION,ordinary C++ control/data-flow without detected boundary
goldens/cpp/basic_generated.h,add_galaxies,97,97,HANDWRITTEN_CPP,False,CPP_UNVERIFIED,B_DIRECT_MIGRATION,ordinary C++ control/data-flow without detected boundary
goldens/cpp/basic_generated.h,UniverseBuilder,100,101,HANDWRITTEN_CPP,False,CPP_UNVERIFIED,B_DIRECT_MIGRATION,ordinary C++ control/data-flow without detected boundary
goldens/cpp/basic_generated.h,Finish,104,104,HANDWRITTEN_CPP,False,CPP_UNVERIFIED,B_DIRECT_MIGRATION,ordinary C++ control/data-flow without detected boundary
goldens/cpp/basic_generated.h,CreateUniverse,110,114,HANDWRITTEN_CPP,False,CPP_UNVERIFIED,B_DIRECT_MIGRATION,ordinary C++ control/data-flow without detected boundary
goldens/cpp/basic_generated.h,CreateUniverseDirect,120,124,HANDWRITTEN_CPP,False,CPP_UNVERIFIED,B_DIRECT_MIGRATION,ordinary C++ control/data-flow without detected boundary
goldens/cpp/basic_generated.h,VerifyUniverseBuffer,141,142,HANDWRITTEN_CPP,False,CPP_UNVERIFIED,B_DIRECT_MIGRATION,ordinary C++ control/data-flow without detected boundary
goldens/cpp/basic_generated.h,VerifySizePrefixedUniverseBuffer,147,148,HANDWRITTEN_CPP,False,CPP_UNVERIFIED,B_DIRECT_MIGRATION,ordinary C++ control/data-flow without detected boundary
goldens/cpp/basic_generated.h,FinishUniverseBuffer,151,154,HANDWRITTEN_CPP,False,CPP_UNVERIFIED,B_DIRECT_MIGRATION,ordinary C++ control/data-flow without detected boundary
goldens/cpp/basic_generated.h,FinishSizePrefixedUniverseBuffer,157,160,HANDWRITTEN_CPP,False,CPP_UNVERIFIED,B_DIRECT_MIGRATION,ordinary C++ control/data-flow without detected boundary
grpc/samples/greeter/client.cpp,GreeterClient,11,13,HANDWRITTEN_CPP,False,CPP_UNVERIFIED,B_DIRECT_MIGRATION,ordinary C++ control/data-flow without detected boundary
grpc/samples/greeter/client.cpp,SayHello,14,15,HANDWRITTEN_CPP,False,CPP_UNVERIFIED,B_DIRECT_MIGRATION,ordinary C++ control/data-flow without detected boundary
grpc/samples/greeter/client.cpp,SayManyHellos,36,38,HANDWRITTEN_CPP,False,CPP_UNVERIFIED,C_LOCAL_REFACTOR,"ownership, callback, threading, or template shape"
grpc/samples/greeter/client.cpp,main,66,67,HANDWRITTEN_CPP,False,CPP_UNVERIFIED,B_DIRECT_MIGRATION,ordinary C++ control/data-flow without detected boundary
grpc/samples/greeter/server.cpp,RunServer,64,65,HANDWRITTEN_CPP,False,CPP_UNVERIFIED,C_LOCAL_REFACTOR,"ownership, callback, threading, or template shape"
grpc/samples/greeter/server.cpp,main,77,78,HANDWRITTEN_CPP,False,CPP_UNVERIFIED,B_DIRECT_MIGRATION,ordinary C++ control/data-flow without detected boundary
grpc/src/compiler/cpp_generator.cc,as_string,10,12,HANDWRITTEN_CPP,False,CPP_UNVERIFIED,B_DIRECT_MIGRATION,ordinary C++ control/data-flow without detected boundary
grpc/src/compiler/cpp_generator.cc,ClientOnlyStreaming,17,18,HANDWRITTEN_CPP,False,CPP_UNVERIFIED,B_DIRECT_MIGRATION,ordinary C++ control/data-flow without detected boundary
grpc/src/compiler/cpp_generator.cc,ServerOnlyStreaming,21,22,HANDWRITTEN_CPP,False,CPP_UNVERIFIED,B_DIRECT_MIGRATION,ordinary C++ control/data-flow without detected boundary
grpc/src/compiler/cpp_generator.cc,FilenameIdentifier,25,26,HANDWRITTEN_CPP,False,CPP_UNVERIFIED,B_DIRECT_MIGRATION,ordinary C++ control/data-flow without detected boundary
grpc/src/compiler/cpp_generator.cc,PrintIncludes,46,49,HANDWRITTEN_CPP,False,CPP_UNVERIFIED,B_DIRECT_MIGRATION,ordinary C++ control/data-flow without detected boundary
grpc/src/compiler/cpp_generator.cc,GetHeaderPrologue,81,83,HANDWRITTEN_CPP,False,CPP_UNVERIFIED,B_DIRECT_MIGRATION,ordinary C++ control/data-flow without detected boundary
grpc/src/compiler/cpp_generator.cc,GetHeaderIncludes,113,115,HANDWRITTEN_CPP,False,CPP_UNVERIFIED,D_BOUNDARY,external/runtime/raw-pointer boundary
grpc/src/compiler/cpp_generator.cc,PrintHeaderClientMethodInterfaces,156,159,HANDWRITTEN_CPP,False,CPP_UNVERIFIED,B_DIRECT_MIGRATION,ordinary C++ control/data-flow without detected boundary
grpc/src/compiler/cpp_generator.cc,PrintHeaderClientMethod,370,374,HANDWRITTEN_CPP,False,CPP_UNVERIFIED,B_DIRECT_MIGRATION,ordinary C++ control/data-flow without detected boundary
grpc/src/compiler/cpp_generator.cc,PrintHeaderClientMethodData,615,618,HANDWRITTEN_CPP,False,CPP_UNVERIFIED,B_DIRECT_MIGRATION,ordinary C++ control/data-flow without detected boundary
grpc/src/compiler/cpp_generator.cc,PrintHeaderServerMethodSync,623,626,HANDWRITTEN_CPP,False,CPP_UNVERIFIED,C_LOCAL_REFACTOR,"ownership, callback, threading, or template shape"
grpc/src/compiler/cpp_generator.cc,PrintHeaderServerMethodAsync,657,660,HANDWRITTEN_CPP,False,CPP_UNVERIFIED,C_LOCAL_REFACTOR,"ownership, callback, threading, or template shape"
grpc/src/compiler/cpp_generator.cc,PrintHeaderServerMethodStreamedUnary,773,776,HANDWRITTEN_CPP,False,CPP_UNVERIFIED,C_LOCAL_REFACTOR,"ownership, callback, threading, or template shape"
grpc/src/compiler/cpp_generator.cc,PrintHeaderServerMethodSplitStreaming,824,827,HANDWRITTEN_CPP,False,CPP_UNVERIFIED,C_LOCAL_REFACTOR,"ownership, callback, threading, or template shape"
grpc/src/compiler/cpp_generator.cc,PrintHeaderServerMethodGeneric,877,880,HANDWRITTEN_CPP,False,CPP_UNVERIFIED,C_LOCAL_REFACTOR,"ownership, callback, threading, or template shape"
grpc/src/compiler/cpp_generator.cc,PrintHeaderService,948,951,HANDWRITTEN_CPP,False,CPP_UNVERIFIED,B_DIRECT_MIGRATION,ordinary C++ control/data-flow without detected boundary
grpc/src/compiler/cpp_generator.cc,GetHeaderServices,1173,1175,HANDWRITTEN_CPP,False,CPP_UNVERIFIED,B_DIRECT_MIGRATION,ordinary C++ control/data-flow without detected boundary
grpc/src/compiler/cpp_generator.cc,GetHeaderEpilogue,1209,1211,HANDWRITTEN_CPP,False,CPP_UNVERIFIED,B_DIRECT_MIGRATION,ordinary C++ control/data-flow without detected boundary
grpc/src/compiler/cpp_generator.cc,GetSourcePrologue,1238,1240,HANDWRITTEN_CPP,False,CPP_UNVERIFIED,C_LOCAL_REFACTOR,"ownership, callback, threading, or template shape"
grpc/src/compiler/cpp_generator.cc,GetSourceIncludes,1264,1266,HANDWRITTEN_CPP,False,CPP_UNVERIFIED,D_BOUNDARY,external/runtime/raw-pointer boundary
grpc/src/compiler/cpp_generator.cc,PrintSourceClientMethod,1300,1303,HANDWRITTEN_CPP,False,CPP_UNVERIFIED,B_DIRECT_MIGRATION,ordinary C++ control/data-flow without detected boundary
grpc/src/compiler/cpp_generator.cc,PrintSourceServerMethod,1500,1503,HANDWRITTEN_CPP,False,CPP_UNVERIFIED,B_DIRECT_MIGRATION,ordinary C++ control/data-flow without detected boundary
grpc/src/compiler/cpp_generator.cc,PrintSourceService,1549,1552,HANDWRITTEN_CPP,False,CPP_UNVERIFIED,D_BOUNDARY,external/runtime/raw-pointer boundary
grpc/src/compiler/cpp_generator.cc,GetSourceServices,1776,1778,HANDWRITTEN_CPP,False,CPP_UNVERIFIED,B_DIRECT_MIGRATION,ordinary C++ control/data-flow without detected boundary
grpc/src/compiler/cpp_generator.cc,GetSourceEpilogue,1806,1808,HANDWRITTEN_CPP,False,CPP_UNVERIFIED,B_DIRECT_MIGRATION,ordinary C++ control/data-flow without detected boundary
grpc/src/compiler/cpp_generator.cc,GetMockPrologue,1824,1826,HANDWRITTEN_CPP,False,CPP_UNVERIFIED,B_DIRECT_MIGRATION,ordinary C++ control/data-flow without detected boundary
grpc/src/compiler/cpp_generator.cc,GetMockIncludes,1852,1853,HANDWRITTEN_CPP,False,CPP_UNVERIFIED,D_BOUNDARY,external/runtime/raw-pointer boundary
grpc/src/compiler/cpp_generator.cc,PrintMockClientMethods,1883,1886,HANDWRITTEN_CPP,False,CPP_UNVERIFIED,B_DIRECT_MIGRATION,ordinary C++ control/data-flow without detected boundary
grpc/src/compiler/cpp_generator.cc,PrintMockService,1974,1977,HANDWRITTEN_CPP,False,CPP_UNVERIFIED,B_DIRECT_MIGRATION,ordinary C++ control/data-flow without detected boundary
grpc/src/compiler/cpp_generator.cc,GetMockServices,1992,1994,HANDWRITTEN_CPP,False,CPP_UNVERIFIED,B_DIRECT_MIGRATION,ordinary C++ control/data-flow without detected boundary
grpc/src/compiler/cpp_generator.cc,GetMockEpilogue,2023,2025,HANDWRITTEN_CPP,False,CPP_UNVERIFIED,B_DIRECT_MIGRATION,ordinary C++ control/data-flow without detected boundary
grpc/src/compiler/go_generator.cc,as_string,6,8,HANDWRITTEN_CPP,False,CPP_UNVERIFIED,B_DIRECT_MIGRATION,ordinary C++ control/data-flow without detected boundary
grpc/src/compiler/go_generator.cc,ClientOnlyStreaming,13,14,HANDWRITTEN_CPP,False,CPP_UNVERIFIED,B_DIRECT_MIGRATION,ordinary C++ control/data-flow without detected boundary
grpc/src/compiler/go_generator.cc,ServerOnlyStreaming,17,18,HANDWRITTEN_CPP,False,CPP_UNVERIFIED,B_DIRECT_MIGRATION,ordinary C++ control/data-flow without detected boundary
grpc/src/compiler/go_generator.cc,unexportName,26,26,HANDWRITTEN_CPP,False,CPP_UNVERIFIED,B_DIRECT_MIGRATION,ordinary C++ control/data-flow without detected boundary
grpc/src/compiler/go_generator.cc,exportName,33,33,HANDWRITTEN_CPP,False,CPP_UNVERIFIED,B_DIRECT_MIGRATION,ordinary C++ control/data-flow without detected boundary
grpc/src/compiler/go_generator.cc,GenerateError,38,41,HANDWRITTEN_CPP,False,CPP_UNVERIFIED,B_DIRECT_MIGRATION,ordinary C++ control/data-flow without detected boundary
grpc/src/compiler/go_generator.cc,GenerateImports,51,53,HANDWRITTEN_CPP,False,CPP_UNVERIFIED,B_DIRECT_MIGRATION,ordinary C++ control/data-flow without detected boundary
grpc/src/compiler/go_generator.cc,GenerateServerMethodSignature,71,73,HANDWRITTEN_CPP,False,CPP_UNVERIFIED,B_DIRECT_MIGRATION,ordinary C++ control/data-flow without detected boundary
grpc/src/compiler/go_generator.cc,GenerateServerMethod,90,93,HANDWRITTEN_CPP,False,CPP_UNVERIFIED,B_DIRECT_MIGRATION,ordinary C++ control/data-flow without detected boundary
grpc/src/compiler/go_generator.cc,GenerateClientMethodSignature,213,215,HANDWRITTEN_CPP,False,CPP_UNVERIFIED,B_DIRECT_MIGRATION,ordinary C++ control/data-flow without detected boundary
grpc/src/compiler/go_generator.cc,GenerateClientMethod,234,236,HANDWRITTEN_CPP,False,CPP_UNVERIFIED,B_DIRECT_MIGRATION,ordinary C++ control/data-flow without detected boundary
grpc/src/compiler/go_generator.cc,GenerateService,341,343,HANDWRITTEN_CPP,False,CPP_UNVERIFIED,B_DIRECT_MIGRATION,ordinary C++ control/data-flow without detected boundary
grpc/src/compiler/go_generator.cc,GenerateServiceSource,496,498,HANDWRITTEN_CPP,False,CPP_UNVERIFIED,B_DIRECT_MIGRATION,ordinary C++ control/data-flow without detected boundary
grpc/src/compiler/java_generator.cc,GenerateImports,49,50,HANDWRITTEN_CPP,False,CPP_UNVERIFIED,B_DIRECT_MIGRATION,ordinary C++ control/data-flow without detected boundary
grpc/src/compiler/java_generator.cc,MixedLower,67,67,HANDWRITTEN_CPP,False,CPP_UNVERIFIED,B_DIRECT_MIGRATION,ordinary C++ control/data-flow without detected boundary
grpc/src/compiler/java_generator.cc,ToAllUpperCase,87,87,HANDWRITTEN_CPP,False,CPP_UNVERIFIED,B_DIRECT_MIGRATION,ordinary C++ control/data-flow without detected boundary
grpc/src/compiler/java_generator.cc,LowerMethodName,97,98,HANDWRITTEN_CPP,False,CPP_UNVERIFIED,B_DIRECT_MIGRATION,ordinary C++ control/data-flow without detected boundary
grpc/src/compiler/java_generator.cc,MethodPropertiesFieldName,101,102,HANDWRITTEN_CPP,False,CPP_UNVERIFIED,B_DIRECT_MIGRATION,ordinary C++ control/data-flow without detected boundary
grpc/src/compiler/java_generator.cc,MethodPropertiesGetterName,105,107,HANDWRITTEN_CPP,False,CPP_UNVERIFIED,B_DIRECT_MIGRATION,ordinary C++ control/data-flow without detected boundary
grpc/src/compiler/java_generator.cc,MethodIdFieldName,110,111,HANDWRITTEN_CPP,False,CPP_UNVERIFIED,B_DIRECT_MIGRATION,ordinary C++ control/data-flow without detected boundary
grpc/src/compiler/java_generator.cc,JavaClassName,114,115,HANDWRITTEN_CPP,False,CPP_UNVERIFIED,B_DIRECT_MIGRATION,ordinary C++ control/data-flow without detected boundary
grpc/src/compiler/java_generator.cc,ServiceClassName,119,120,HANDWRITTEN_CPP,False,CPP_UNVERIFIED,B_DIRECT_MIGRATION,ordinary C++ control/data-flow without detected boundary
grpc/src/compiler/java_generator.cc,GrpcSplitStringToIteratorUsing,126,128,HANDWRITTEN_CPP,False,CPP_UNVERIFIED,D_BOUNDARY,external/runtime/raw-pointer boundary
grpc/src/compiler/java_generator.cc,GrpcSplitStringUsing,158,160,HANDWRITTEN_CPP,False,CPP_UNVERIFIED,B_DIRECT_MIGRATION,ordinary C++ control/data-flow without detected boundary
grpc/src/compiler/java_generator.cc,GrpcSplit,164,165,HANDWRITTEN_CPP,False,CPP_UNVERIFIED,B_DIRECT_MIGRATION,ordinary C++ control/data-flow without detected boundary
grpc/src/compiler/java_generator.cc,GrpcEscapeJavadoc,173,173,HANDWRITTEN_CPP,False,CPP_UNVERIFIED,B_DIRECT_MIGRATION,ordinary C++ control/data-flow without detected boundary
grpc/src/compiler/java_generator.cc,GrpcGetDocLines,230,231,HANDWRITTEN_CPP,False,CPP_UNVERIFIED,D_BOUNDARY,external/runtime/raw-pointer boundary
grpc/src/compiler/java_generator.cc,GrpcGetDocLinesForDescriptor,249,251,HANDWRITTEN_CPP,False,CPP_UNVERIFIED,B_DIRECT_MIGRATION,ordinary C++ control/data-flow without detected boundary
grpc/src/compiler/java_generator.cc,GrpcWriteDocCommentBody,255,258,HANDWRITTEN_CPP,False,CPP_UNVERIFIED,B_DIRECT_MIGRATION,ordinary C++ control/data-flow without detected boundary
grpc/src/compiler/java_generator.cc,GrpcWriteDocComment,281,283,HANDWRITTEN_CPP,False,CPP_UNVERIFIED,B_DIRECT_MIGRATION,ordinary C++ control/data-flow without detected boundary
grpc/src/compiler/java_generator.cc,GrpcWriteServiceDocComment,289,291,HANDWRITTEN_CPP,False,CPP_UNVERIFIED,B_DIRECT_MIGRATION,ordinary C++ control/data-flow without detected boundary
grpc/src/compiler/java_generator.cc,GrpcWriteMethodDocComment,297,299,HANDWRITTEN_CPP,False,CPP_UNVERIFIED,B_DIRECT_MIGRATION,ordinary C++ control/data-flow without detected boundary
grpc/src/compiler/java_generator.cc,PrintTypeExtractor,308,308,HANDWRITTEN_CPP,False,CPP_UNVERIFIED,B_DIRECT_MIGRATION,ordinary C++ control/data-flow without detected boundary
grpc/src/compiler/java_generator.cc,PrintMethodFields,330,331,HANDWRITTEN_CPP,False,CPP_UNVERIFIED,B_DIRECT_MIGRATION,ordinary C++ control/data-flow without detected boundary
grpc/src/compiler/java_generator.cc,PrintStub,457,458,HANDWRITTEN_CPP,False,CPP_UNVERIFIED,B_DIRECT_MIGRATION,ordinary C++ control/data-flow without detected boundary
grpc/src/compiler/java_generator.cc,if,586,587,HANDWRITTEN_CPP,False,CPP_UNVERIFIED,B_DIRECT_MIGRATION,ordinary C++ control/data-flow without detected boundary
grpc/src/compiler/java_generator.cc,if,622,623,HANDWRITTEN_CPP,False,CPP_UNVERIFIED,B_DIRECT_MIGRATION,ordinary C++ control/data-flow without detected boundary
grpc/src/compiler/java_generator.cc,if,654,655,HANDWRITTEN_CPP,False,CPP_UNVERIFIED,B_DIRECT_MIGRATION,ordinary C++ control/data-flow without detected boundary
grpc/src/compiler/java_generator.cc,CompareMethodClientStreaming,708,711,HANDWRITTEN_CPP,False,CPP_UNVERIFIED,B_DIRECT_MIGRATION,ordinary C++ control/data-flow without detected boundary
grpc/src/compiler/java_generator.cc,PrintMethodHandlerClass,717,718,HANDWRITTEN_CPP,False,CPP_UNVERIFIED,C_LOCAL_REFACTOR,"ownership, callback, threading, or template shape"
grpc/src/compiler/java_generator.cc,PrintGetServiceDescriptorMethod,821,823,HANDWRITTEN_CPP,False,CPP_UNVERIFIED,B_DIRECT_MIGRATION,ordinary C++ control/data-flow without detected boundary
grpc/src/compiler/java_generator.cc,PrintBindServiceMethodBody,914,916,HANDWRITTEN_CPP,False,CPP_UNVERIFIED,B_DIRECT_MIGRATION,ordinary C++ control/data-flow without detected boundary
grpc/src/compiler/java_generator.cc,PrintService,967,970,HANDWRITTEN_CPP,False,CPP_UNVERIFIED,B_DIRECT_MIGRATION,ordinary C++ control/data-flow without detected boundary
grpc/src/compiler/java_generator.cc,PrintStaticImports,1048,1049,HANDWRITTEN_CPP,False,CPP_UNVERIFIED,B_DIRECT_MIGRATION,ordinary C++ control/data-flow without detected boundary
grpc/src/compiler/java_generator.cc,GenerateService,1081,1084,HANDWRITTEN_CPP,False,CPP_UNVERIFIED,B_DIRECT_MIGRATION,ordinary C++ control/data-flow without detected boundary
grpc/src/compiler/java_generator.cc,GenerateServiceSource,1118,1121,HANDWRITTEN_CPP,False,CPP_UNVERIFIED,B_DIRECT_MIGRATION,ordinary C++ control/data-flow without detected boundary
grpc/src/compiler/java_generator.h,LogMessageVoidify,29,30,HANDWRITTEN_CPP,False,CPP_UNVERIFIED,B_DIRECT_MIGRATION,ordinary C++ control/data-flow without detected boundary
grpc/src/compiler/java_generator.h,LogHelper,38,40,HANDWRITTEN_CPP,False,CPP_UNVERIFIED,B_DIRECT_MIGRATION,ordinary C++ control/data-flow without detected boundary
grpc/src/compiler/python_generator.cc,ClientStreaming,38,38,HANDWRITTEN_CPP,False,CPP_UNVERIFIED,B_DIRECT_MIGRATION,ordinary C++ control/data-flow without detected boundary
grpc/src/compiler/python_generator.cc,ServerStreaming,43,44,HANDWRITTEN_CPP,False,CPP_UNVERIFIED,B_DIRECT_MIGRATION,ordinary C++ control/data-flow without detected boundary
grpc/src/compiler/python_generator.cc,FormatImports,49,50,HANDWRITTEN_CPP,False,CPP_UNVERIFIED,B_DIRECT_MIGRATION,ordinary C++ control/data-flow without detected boundary
grpc/src/compiler/python_generator.cc,NamespaceDir,101,103,HANDWRITTEN_CPP,False,CPP_UNVERIFIED,B_DIRECT_MIGRATION,ordinary C++ control/data-flow without detected boundary
grpc/src/compiler/python_generator.cc,NamespaceDir,116,117,HANDWRITTEN_CPP,False,CPP_UNVERIFIED,B_DIRECT_MIGRATION,ordinary C++ control/data-flow without detected boundary
grpc/src/compiler/python_generator.cc,StubGenerator,128,131,HANDWRITTEN_CPP,False,CPP_UNVERIFIED,B_DIRECT_MIGRATION,ordinary C++ control/data-flow without detected boundary
grpc/src/compiler/python_generator.cc,Generate,132,133,HANDWRITTEN_CPP,False,CPP_UNVERIFIED,B_DIRECT_MIGRATION,ordinary C++ control/data-flow without detected boundary
grpc/src/compiler/python_generator.cc,SaveStub,151,154,HANDWRITTEN_CPP,False,CPP_UNVERIFIED,B_DIRECT_MIGRATION,ordinary C++ control/data-flow without detected boundary
grpc/src/compiler/python_generator.cc,Generate,166,168,HANDWRITTEN_CPP,False,CPP_UNVERIFIED,B_DIRECT_MIGRATION,ordinary C++ control/data-flow without detected boundary
grpc/src/compiler/python_generator.cc,ServiceGenerator,253,256,HANDWRITTEN_CPP,False,CPP_UNVERIFIED,B_DIRECT_MIGRATION,ordinary C++ control/data-flow without detected boundary
grpc/src/compiler/python_generator.cc,Generate,257,258,HANDWRITTEN_CPP,False,CPP_UNVERIFIED,B_DIRECT_MIGRATION,ordinary C++ control/data-flow without detected boundary
grpc/src/compiler/python_generator.cc,SaveService,292,295,HANDWRITTEN_CPP,False,CPP_UNVERIFIED,B_DIRECT_MIGRATION,ordinary C++ control/data-flow without detected boundary
grpc/src/compiler/python_generator.cc,GenerateStub,305,307,HANDWRITTEN_CPP,False,CPP_UNVERIFIED,B_DIRECT_MIGRATION,ordinary C++ control/data-flow without detected boundary
grpc/src/compiler/python_generator.cc,GenerateServicer,343,345,HANDWRITTEN_CPP,False,CPP_UNVERIFIED,B_DIRECT_MIGRATION,ordinary C++ control/data-flow without detected boundary
grpc/src/compiler/python_generator.cc,GenerateRegister,367,369,HANDWRITTEN_CPP,False,CPP_UNVERIFIED,B_DIRECT_MIGRATION,ordinary C++ control/data-flow without detected boundary
grpc/src/compiler/python_generator.cc,Generate,406,408,HANDWRITTEN_CPP,False,CPP_UNVERIFIED,B_DIRECT_MIGRATION,ordinary C++ control/data-flow without detected boundary
grpc/src/compiler/python_generator.cc,GenerateStub,412,414,HANDWRITTEN_CPP,False,CPP_UNVERIFIED,B_DIRECT_MIGRATION,ordinary C++ control/data-flow without detected boundary
grpc/src/compiler/schema_interface.h,~CommentHolder,42,42,HANDWRITTEN_CPP,False,CPP_UNVERIFIED,B_DIRECT_MIGRATION,ordinary C++ control/data-flow without detected boundary
grpc/src/compiler/schema_interface.h,~Method,50,50,HANDWRITTEN_CPP,False,CPP_UNVERIFIED,B_DIRECT_MIGRATION,ordinary C++ control/data-flow without detected boundary
grpc/src/compiler/schema_interface.h,~Service,79,79,HANDWRITTEN_CPP,False,CPP_UNVERIFIED,B_DIRECT_MIGRATION,ordinary C++ control/data-flow without detected boundary
grpc/src/compiler/schema_interface.h,~Printer,90,90,HANDWRITTEN_CPP,False,CPP_UNVERIFIED,B_DIRECT_MIGRATION,ordinary C++ control/data-flow without detected boundary
grpc/src/compiler/schema_interface.h,~File,103,103,HANDWRITTEN_CPP,False,CPP_UNVERIFIED,B_DIRECT_MIGRATION,ordinary C++ control/data-flow without detected boundary
grpc/src/compiler/swift_generator.cc,ServerResponse,33,34,HANDWRITTEN_CPP,False,CPP_UNVERIFIED,B_DIRECT_MIGRATION,ordinary C++ control/data-flow without detected boundary
grpc/src/compiler/swift_generator.cc,ServerRequest,35,36,HANDWRITTEN_CPP,False,CPP_UNVERIFIED,B_DIRECT_MIGRATION,ordinary C++ control/data-flow without detected boundary
grpc/src/compiler/swift_generator.cc,StreamingServerRequest,37,38,HANDWRITTEN_CPP,False,CPP_UNVERIFIED,B_DIRECT_MIGRATION,ordinary C++ control/data-flow without detected boundary
grpc/src/compiler/swift_generator.cc,StreamingServerResponse,41,42,HANDWRITTEN_CPP,False,CPP_UNVERIFIED,B_DIRECT_MIGRATION,ordinary C++ control/data-flow without detected boundary
grpc/src/compiler/swift_generator.cc,QualifiedName,45,48,HANDWRITTEN_CPP,False,CPP_UNVERIFIED,B_DIRECT_MIGRATION,ordinary C++ control/data-flow without detected boundary
grpc/src/compiler/swift_generator.cc,GenerateGRPCMessage,54,55,HANDWRITTEN_CPP,False,CPP_UNVERIFIED,B_DIRECT_MIGRATION,ordinary C++ control/data-flow without detected boundary
grpc/src/compiler/swift_generator.cc,GenerateType,58,60,HANDWRITTEN_CPP,False,CPP_UNVERIFIED,B_DIRECT_MIGRATION,ordinary C++ control/data-flow without detected boundary
grpc/src/compiler/swift_generator.cc,GenerateInputMethodTypes,63,65,HANDWRITTEN_CPP,False,CPP_UNVERIFIED,B_DIRECT_MIGRATION,ordinary C++ control/data-flow without detected boundary
grpc/src/compiler/swift_generator.cc,GenerateOutputMethodTypes,76,78,HANDWRITTEN_CPP,False,CPP_UNVERIFIED,B_DIRECT_MIGRATION,ordinary C++ control/data-flow without detected boundary
grpc/src/compiler/swift_generator.cc,GenerateMethodTypes,89,90,HANDWRITTEN_CPP,False,CPP_UNVERIFIED,B_DIRECT_MIGRATION,ordinary C++ control/data-flow without detected boundary
grpc/src/compiler/swift_generator.cc,EnforceOSVersion,101,102,HANDWRITTEN_CPP,False,CPP_UNVERIFIED,B_DIRECT_MIGRATION,ordinary C++ control/data-flow without detected boundary
grpc/src/compiler/swift_generator.cc,GenerateMethodDescriptor,107,109,HANDWRITTEN_CPP,False,CPP_UNVERIFIED,B_DIRECT_MIGRATION,ordinary C++ control/data-flow without detected boundary
grpc/src/compiler/swift_generator.cc,GenerateCoders,127,128,HANDWRITTEN_CPP,False,CPP_UNVERIFIED,B_DIRECT_MIGRATION,ordinary C++ control/data-flow without detected boundary
grpc/src/compiler/swift_generator.cc,GenerateSharedContent,192,195,HANDWRITTEN_CPP,False,CPP_UNVERIFIED,B_DIRECT_MIGRATION,ordinary C++ control/data-flow without detected boundary
grpc/src/compiler/swift_generator.cc,GenerateFunction,249,251,HANDWRITTEN_CPP,False,CPP_UNVERIFIED,B_DIRECT_MIGRATION,ordinary C++ control/data-flow without detected boundary
grpc/src/compiler/swift_generator.cc,GenerateServiceProtocols,262,265,HANDWRITTEN_CPP,False,CPP_UNVERIFIED,B_DIRECT_MIGRATION,ordinary C++ control/data-flow without detected boundary
grpc/src/compiler/swift_generator.cc,CreateServiceProtocolFunctionsImplementations,421,424,HANDWRITTEN_CPP,False,CPP_UNVERIFIED,B_DIRECT_MIGRATION,ordinary C++ control/data-flow without detected boundary
grpc/src/compiler/swift_generator.cc,GenerateInputRequest,443,444,HANDWRITTEN_CPP,False,CPP_UNVERIFIED,B_DIRECT_MIGRATION,ordinary C++ control/data-flow without detected boundary
grpc/src/compiler/swift_generator.cc,GenerateOutputResponse,449,450,HANDWRITTEN_CPP,False,CPP_UNVERIFIED,B_DIRECT_MIGRATION,ordinary C++ control/data-flow without detected boundary
grpc/src/compiler/swift_generator.cc,GenerateServiceDefaultImplementation,455,458,HANDWRITTEN_CPP,False,CPP_UNVERIFIED,B_DIRECT_MIGRATION,ordinary C++ control/data-flow without detected boundary
grpc/src/compiler/swift_generator.cc,GenerateSimpleServiceImplemetation,491,494,HANDWRITTEN_CPP,False,CPP_UNVERIFIED,B_DIRECT_MIGRATION,ordinary C++ control/data-flow without detected boundary
grpc/src/compiler/swift_generator.cc,GenerateService,560,563,HANDWRITTEN_CPP,False,CPP_UNVERIFIED,B_DIRECT_MIGRATION,ordinary C++ control/data-flow without detected boundary
grpc/src/compiler/swift_generator.cc,GenerateClientProtocols,570,573,HANDWRITTEN_CPP,False,CPP_UNVERIFIED,B_DIRECT_MIGRATION,ordinary C++ control/data-flow without detected boundary
grpc/src/compiler/swift_generator.cc,GenerateClientStruct,639,642,HANDWRITTEN_CPP,False,CPP_UNVERIFIED,B_DIRECT_MIGRATION,ordinary C++ control/data-flow without detected boundary
grpc/src/compiler/swift_generator.cc,GenerateClientDefaultImplementation,737,740,HANDWRITTEN_CPP,False,CPP_UNVERIFIED,B_DIRECT_MIGRATION,ordinary C++ control/data-flow without detected boundary
grpc/src/compiler/swift_generator.cc,GenerateClientHelperMethods,814,817,HANDWRITTEN_CPP,False,CPP_UNVERIFIED,B_DIRECT_MIGRATION,ordinary C++ control/data-flow without detected boundary
grpc/src/compiler/swift_generator.cc,GenerateClient,921,924,HANDWRITTEN_CPP,False,CPP_UNVERIFIED,B_DIRECT_MIGRATION,ordinary C++ control/data-flow without detected boundary
grpc/src/compiler/swift_generator.cc,Generate,932,934,HANDWRITTEN_CPP,False,CPP_UNVERIFIED,B_DIRECT_MIGRATION,ordinary C++ control/data-flow without detected boundary
grpc/src/compiler/swift_generator.cc,GenerateHeader,964,965,HANDWRITTEN_CPP,False,CPP_UNVERIFIED,D_BOUNDARY,external/runtime/raw-pointer boundary
grpc/src/compiler/ts_generator.cc,GenerateNamespace,34,37,HANDWRITTEN_CPP,False,CPP_UNVERIFIED,B_DIRECT_MIGRATION,ordinary C++ control/data-flow without detected boundary
grpc/src/compiler/ts_generator.cc,GenerateImports,58,62,HANDWRITTEN_CPP,False,CPP_UNVERIFIED,B_DIRECT_MIGRATION,ordinary C++ control/data-flow without detected boundary
grpc/src/compiler/ts_generator.cc,GetStreamType,107,110,HANDWRITTEN_CPP,False,CPP_UNVERIFIED,B_DIRECT_MIGRATION,ordinary C++ control/data-flow without detected boundary
grpc/src/compiler/ts_generator.cc,GenerateSerializeMethod,119,122,HANDWRITTEN_CPP,False,CPP_UNVERIFIED,B_DIRECT_MIGRATION,ordinary C++ control/data-flow without detected boundary
grpc/src/compiler/ts_generator.cc,GenerateDeserializeMethod,136,139,HANDWRITTEN_CPP,False,CPP_UNVERIFIED,B_DIRECT_MIGRATION,ordinary C++ control/data-flow without detected boundary
grpc/src/compiler/ts_generator.cc,GenerateMethods,149,152,HANDWRITTEN_CPP,False,CPP_UNVERIFIED,B_DIRECT_MIGRATION,ordinary C++ control/data-flow without detected boundary
grpc/src/compiler/ts_generator.cc,GenerateService,181,184,HANDWRITTEN_CPP,False,CPP_UNVERIFIED,B_DIRECT_MIGRATION,ordinary C++ control/data-flow without detected boundary
grpc/src/compiler/ts_generator.cc,Generate,218,221,HANDWRITTEN_CPP,False,CPP_UNVERIFIED,B_DIRECT_MIGRATION,ordinary C++ control/data-flow without detected boundary
grpc/src/compiler/ts_generator.cc,FillInterface,245,247,HANDWRITTEN_CPP,False,CPP_UNVERIFIED,B_DIRECT_MIGRATION,ordinary C++ control/data-flow without detected boundary
grpc/src/compiler/ts_generator.cc,GenerateInterfaces,263,266,HANDWRITTEN_CPP,False,CPP_UNVERIFIED,B_DIRECT_MIGRATION,ordinary C++ control/data-flow without detected boundary
grpc/src/compiler/ts_generator.cc,GenerateExportedInterface,285,288,HANDWRITTEN_CPP,False,CPP_UNVERIFIED,B_DIRECT_MIGRATION,ordinary C++ control/data-flow without detected boundary
grpc/src/compiler/ts_generator.cc,GenerateMainInterface,329,332,HANDWRITTEN_CPP,False,CPP_UNVERIFIED,B_DIRECT_MIGRATION,ordinary C++ control/data-flow without detected boundary
grpc/src/compiler/ts_generator.cc,GenerateMetaData,354,355,HANDWRITTEN_CPP,False,CPP_UNVERIFIED,B_DIRECT_MIGRATION,ordinary C++ control/data-flow without detected boundary
grpc/src/compiler/ts_generator.cc,GenerateOptions,356,357,HANDWRITTEN_CPP,False,CPP_UNVERIFIED,B_DIRECT_MIGRATION,ordinary C++ control/data-flow without detected boundary
grpc/src/compiler/ts_generator.cc,GenerateUnaryClientInterface,360,363,HANDWRITTEN_CPP,False,CPP_UNVERIFIED,C_LOCAL_REFACTOR,"ownership, callback, threading, or template shape"
grpc/src/compiler/ts_generator.cc,GenerateClientWriteStreamInterface,375,378,HANDWRITTEN_CPP,False,CPP_UNVERIFIED,C_LOCAL_REFACTOR,"ownership, callback, threading, or template shape"
grpc/src/compiler/ts_generator.cc,GenerateClientReadableStreamInterface,392,395,HANDWRITTEN_CPP,False,CPP_UNVERIFIED,B_DIRECT_MIGRATION,ordinary C++ control/data-flow without detected boundary
grpc/src/compiler/ts_generator.cc,GenerateDepluxStreamInterface,404,407,HANDWRITTEN_CPP,False,CPP_UNVERIFIED,B_DIRECT_MIGRATION,ordinary C++ control/data-flow without detected boundary
grpc/src/compiler/ts_generator.cc,GenerateClientInterface,420,423,HANDWRITTEN_CPP,False,CPP_UNVERIFIED,B_DIRECT_MIGRATION,ordinary C++ control/data-flow without detected boundary
grpc/src/compiler/ts_generator.cc,GenerateClientClassInterface,458,461,HANDWRITTEN_CPP,False,CPP_UNVERIFIED,B_DIRECT_MIGRATION,ordinary C++ control/data-flow without detected boundary
grpc/src/compiler/ts_generator.cc,GenerateInterface,501,504,HANDWRITTEN_CPP,False,CPP_UNVERIFIED,B_DIRECT_MIGRATION,ordinary C++ control/data-flow without detected boundary
grpc/tests/grpctest.cpp,RunServer,82,82,HANDWRITTEN_CPP,False,CPP_UNVERIFIED,B_DIRECT_MIGRATION,ordinary C++ control/data-flow without detected boundary
grpc/tests/grpctest.cpp,StoreRPC,100,102,HANDWRITTEN_CPP,False,CPP_UNVERIFIED,B_DIRECT_MIGRATION,ordinary C++ control/data-flow without detected boundary
grpc/tests/grpctest.cpp,RetrieveRPC,122,124,HANDWRITTEN_CPP,False,CPP_UNVERIFIED,B_DIRECT_MIGRATION,ordinary C++ control/data-flow without detected boundary
grpc/tests/grpctest.cpp,grpc_server_test,139,140,HANDWRITTEN_CPP,False,CPP_UNVERIFIED,D_BOUNDARY,external/runtime/raw-pointer boundary
grpc/tests/grpctest.cpp,main,183,184,HANDWRITTEN_CPP,False,CPP_UNVERIFIED,B_DIRECT_MIGRATION,ordinary C++ control/data-flow without detected boundary
grpc/tests/grpctest_callback_client_compile.cpp,main,59,60,HANDWRITTEN_CPP,False,CPP_UNVERIFIED,B_DIRECT_MIGRATION,ordinary C++ control/data-flow without detected boundary
grpc/tests/grpctest_callback_compile.cpp,main,14,15,HANDWRITTEN_CPP,False,CPP_UNVERIFIED,B_DIRECT_MIGRATION,ordinary C++ control/data-flow without detected boundary
grpc/tests/message_builder_test.cpp,verify,9,11,HANDWRITTEN_CPP,False,CPP_UNVERIFIED,B_DIRECT_MIGRATION,ordinary C++ control/data-flow without detected boundary
grpc/tests/message_builder_test.cpp,release_n_verify,19,21,HANDWRITTEN_CPP,False,CPP_UNVERIFIED,B_DIRECT_MIGRATION,ordinary C++ control/data-flow without detected boundary
grpc/tests/message_builder_test.cpp,builder_move_assign_after_releaseraw_test,25,27,HANDWRITTEN_CPP,False,CPP_UNVERIFIED,B_DIRECT_MIGRATION,ordinary C++ control/data-flow without detected boundary
grpc/tests/message_builder_test.cpp,builder_reusable_after_release_message_test,46,47,HANDWRITTEN_CPP,False,CPP_UNVERIFIED,B_DIRECT_MIGRATION,ordinary C++ control/data-flow without detected boundary
grpc/tests/message_builder_test.cpp,builder_reusable_after_release_test,61,62,HANDWRITTEN_CPP,False,CPP_UNVERIFIED,B_DIRECT_MIGRATION,ordinary C++ control/data-flow without detected boundary
grpc/tests/message_builder_test.cpp,builder_reusable_after_releaseraw_test,79,80,HANDWRITTEN_CPP,False,CPP_UNVERIFIED,B_DIRECT_MIGRATION,ordinary C++ control/data-flow without detected boundary
grpc/tests/message_builder_test.cpp,builder_reusable_after_release_and_move_assign_test,95,97,HANDWRITTEN_CPP,False,CPP_UNVERIFIED,B_DIRECT_MIGRATION,ordinary C++ control/data-flow without detected boundary
grpc/tests/message_builder_test.cpp,builder_reusable_after_release_message_and_move_assign_test,122,124,HANDWRITTEN_CPP,False,CPP_UNVERIFIED,B_DIRECT_MIGRATION,ordinary C++ control/data-flow without detected boundary
grpc/tests/message_builder_test.cpp,builder_reusable_after_releaseraw_and_move_assign_test,145,147,HANDWRITTEN_CPP,False,CPP_UNVERIFIED,B_DIRECT_MIGRATION,ordinary C++ control/data-flow without detected boundary
grpc/tests/message_builder_test.cpp,run_tests,167,168,HANDWRITTEN_CPP,False,CPP_UNVERIFIED,B_DIRECT_MIGRATION,ordinary C++ control/data-flow without detected boundary
grpc/tests/message_builder_test.cpp,slice_allocator_tests,177,178,HANDWRITTEN_CPP,False,CPP_UNVERIFIED,D_BOUNDARY,external/runtime/raw-pointer boundary
grpc/tests/message_builder_test.cpp,populate_first_half,207,208,HANDWRITTEN_CPP,False,CPP_UNVERIFIED,B_DIRECT_MIGRATION,ordinary C++ control/data-flow without detected boundary
grpc/tests/message_builder_test.cpp,populate_second_half,215,215,HANDWRITTEN_CPP,False,CPP_UNVERIFIED,B_DIRECT_MIGRATION,ordinary C++ control/data-flow without detected boundary
grpc/tests/message_builder_test.cpp,test_only_hack_update_fbb_reference,228,230,HANDWRITTEN_CPP,False,CPP_UNVERIFIED,B_DIRECT_MIGRATION,ordinary C++ control/data-flow without detected boundary
grpc/tests/message_builder_test.cpp,builder_move_ctor_conversion_before_finish_half_n_half_table_test,238,238,HANDWRITTEN_CPP,False,CPP_UNVERIFIED,B_DIRECT_MIGRATION,ordinary C++ control/data-flow without detected boundary
grpc/tests/message_builder_test.cpp,builder_move_ctor_conversion_before_finish_test,256,256,HANDWRITTEN_CPP,False,CPP_UNVERIFIED,B_DIRECT_MIGRATION,ordinary C++ control/data-flow without detected boundary
grpc/tests/message_builder_test.cpp,builder_move_assign_conversion_before_finish_half_n_half_table_test,283,283,HANDWRITTEN_CPP,False,CPP_UNVERIFIED,B_DIRECT_MIGRATION,ordinary C++ control/data-flow without detected boundary
grpc/tests/message_builder_test.cpp,builder_move_assign_conversion_before_finish_test,304,304,HANDWRITTEN_CPP,False,CPP_UNVERIFIED,B_DIRECT_MIGRATION,ordinary C++ control/data-flow without detected boundary
grpc/tests/message_builder_test.cpp,builder_move_ctor_conversion_after_finish_test,322,322,HANDWRITTEN_CPP,False,CPP_UNVERIFIED,B_DIRECT_MIGRATION,ordinary C++ control/data-flow without detected boundary
grpc/tests/message_builder_test.cpp,builder_move_assign_conversion_after_finish_test,332,332,HANDWRITTEN_CPP,False,CPP_UNVERIFIED,B_DIRECT_MIGRATION,ordinary C++ control/data-flow without detected boundary
grpc/tests/message_builder_test.cpp,message_builder_tests,343,344,HANDWRITTEN_CPP,False,CPP_UNVERIFIED,B_DIRECT_MIGRATION,ordinary C++ control/data-flow without detected boundary
include/codegen/idl_namer.h,IdlNamer,11,13,HANDWRITTEN_CPP,False,CPP_UNVERIFIED,B_DIRECT_MIGRATION,ordinary C++ control/data-flow without detected boundary
include/codegen/idl_namer.h,LegacyTsMutateMethod,144,144,HANDWRITTEN_CPP,False,CPP_UNVERIFIED,B_DIRECT_MIGRATION,ordinary C++ control/data-flow without detected boundary
include/codegen/idl_namer.h,LegacyRustUnionTypeMethod,147,148,HANDWRITTEN_CPP,False,CPP_UNVERIFIED,B_DIRECT_MIGRATION,ordinary C++ control/data-flow without detected boundary
include/codegen/idl_namer.h,WithFlagOptions,168,170,HANDWRITTEN_CPP,False,CPP_UNVERIFIED,B_DIRECT_MIGRATION,ordinary C++ control/data-flow without detected boundary
include/codegen/namer.h,config_,117,117,HANDWRITTEN_CPP,False,CPP_UNVERIFIED,B_DIRECT_MIGRATION,ordinary C++ control/data-flow without detected boundary
include/codegen/namer.h,~Namer,118,119,HANDWRITTEN_CPP,False,CPP_UNVERIFIED,B_DIRECT_MIGRATION,ordinary C++ control/data-flow without detected boundary
include/codegen/python.cc,Keywords,19,20,HANDWRITTEN_CPP,False,CPP_UNVERIFIED,B_DIRECT_MIGRATION,ordinary C++ control/data-flow without detected boundary
include/flatbuffers/allocator.h,~Allocator,27,28,HANDWRITTEN_CPP,False,CPP_UNVERIFIED,B_DIRECT_MIGRATION,ordinary C++ control/data-flow without detected boundary
include/flatbuffers/allocator.h,memcpy_downward,57,59,HANDWRITTEN_CPP,False,CPP_UNVERIFIED,D_BOUNDARY,external/runtime/raw-pointer boundary
include/flatbuffers/array.h,Mutate,93,93,HANDWRITTEN_CPP,False,CPP_UNVERIFIED,B_DIRECT_MIGRATION,ordinary C++ control/data-flow without detected boundary
include/flatbuffers/array.h,CopyFromSpan,106,106,HANDWRITTEN_CPP,False,CPP_UNVERIFIED,D_BOUNDARY,external/runtime/raw-pointer boundary
include/flatbuffers/array.h,MutateImpl,115,117,HANDWRITTEN_CPP,False,CPP_UNVERIFIED,B_DIRECT_MIGRATION,ordinary C++ control/data-flow without detected boundary
include/flatbuffers/array.h,MutateImpl,121,122,HANDWRITTEN_CPP,False,CPP_UNVERIFIED,B_DIRECT_MIGRATION,ordinary C++ control/data-flow without detected boundary
include/flatbuffers/array.h,CopyFromSpanImpl,125,127,HANDWRITTEN_CPP,False,CPP_UNVERIFIED,D_BOUNDARY,external/runtime/raw-pointer boundary
include/flatbuffers/array.h,CopyFromSpanImpl,135,136,HANDWRITTEN_CPP,False,CPP_UNVERIFIED,B_DIRECT_MIGRATION,ordinary C++ control/data-flow without detected boundary
include/flatbuffers/base.h,IsConstTrue,295,295,HANDWRITTEN_CPP,False,CPP_UNVERIFIED,B_DIRECT_MIGRATION,ordinary C++ control/data-flow without detected boundary
include/flatbuffers/base.h,VerifyAlignmentRequirements,359,360,HANDWRITTEN_CPP,False,CPP_UNVERIFIED,B_DIRECT_MIGRATION,ordinary C++ control/data-flow without detected boundary
include/flatbuffers/base.h,EndianSwap,369,370,HANDWRITTEN_CPP,False,CPP_UNVERIFIED,B_DIRECT_MIGRATION,ordinary C++ control/data-flow without detected boundary
include/flatbuffers/base.h,EndianScalar,414,416,HANDWRITTEN_CPP,False,CPP_UNVERIFIED,B_DIRECT_MIGRATION,ordinary C++ control/data-flow without detected boundary
include/flatbuffers/base.h,ReadScalar,427,427,HANDWRITTEN_CPP,False,CPP_UNVERIFIED,B_DIRECT_MIGRATION,ordinary C++ control/data-flow without detected boundary
include/flatbuffers/base.h,WriteScalar,441,441,HANDWRITTEN_CPP,False,CPP_UNVERIFIED,B_DIRECT_MIGRATION,ordinary C++ control/data-flow without detected boundary
include/flatbuffers/base.h,FLATBUFFERS_SUPPRESS_UBSAN,446,446,HANDWRITTEN_CPP,False,CPP_UNVERIFIED,B_DIRECT_MIGRATION,ordinary C++ control/data-flow without detected boundary
include/flatbuffers/base.h,PaddingBytes,458,458,HANDWRITTEN_CPP,False,CPP_UNVERIFIED,B_DIRECT_MIGRATION,ordinary C++ control/data-flow without detected boundary
include/flatbuffers/base.h,IsTheSameAs,469,469,HANDWRITTEN_CPP,False,CPP_UNVERIFIED,B_DIRECT_MIGRATION,ordinary C++ control/data-flow without detected boundary
include/flatbuffers/base.h,IsFloatTheSameAs,477,477,HANDWRITTEN_CPP,False,CPP_UNVERIFIED,B_DIRECT_MIGRATION,ordinary C++ control/data-flow without detected boundary
include/flatbuffers/base.h,IsOutRange,491,492,HANDWRITTEN_CPP,False,CPP_UNVERIFIED,B_DIRECT_MIGRATION,ordinary C++ control/data-flow without detected boundary
include/flatbuffers/base.h,IsInRange,497,498,HANDWRITTEN_CPP,False,CPP_UNVERIFIED,B_DIRECT_MIGRATION,ordinary C++ control/data-flow without detected boundary
include/flatbuffers/buffer.h,EndianCheck,67,68,HANDWRITTEN_CPP,False,CPP_UNVERIFIED,D_BOUNDARY,external/runtime/raw-pointer boundary
include/flatbuffers/buffer.h,AlignOf,75,77,HANDWRITTEN_CPP,False,CPP_UNVERIFIED,B_DIRECT_MIGRATION,ordinary C++ control/data-flow without detected boundary
include/flatbuffers/buffer.h,StringLessThan,93,94,HANDWRITTEN_CPP,False,CPP_UNVERIFIED,B_DIRECT_MIGRATION,ordinary C++ control/data-flow without detected boundary
include/flatbuffers/buffer.h,Read,112,113,HANDWRITTEN_CPP,False,CPP_UNVERIFIED,B_DIRECT_MIGRATION,ordinary C++ control/data-flow without detected boundary
include/flatbuffers/buffer.h,Read,116,116,HANDWRITTEN_CPP,False,CPP_UNVERIFIED,D_BOUNDARY,external/runtime/raw-pointer boundary
include/flatbuffers/buffer.h,Read,129,130,HANDWRITTEN_CPP,False,CPP_UNVERIFIED,D_BOUNDARY,external/runtime/raw-pointer boundary
include/flatbuffers/buffer.h,Read,140,140,HANDWRITTEN_CPP,False,CPP_UNVERIFIED,D_BOUNDARY,external/runtime/raw-pointer boundary
include/flatbuffers/buffer.h,Read,167,168,HANDWRITTEN_CPP,False,CPP_UNVERIFIED,B_DIRECT_MIGRATION,ordinary C++ control/data-flow without detected boundary
include/flatbuffers/buffer.h,Read,172,172,HANDWRITTEN_CPP,False,CPP_UNVERIFIED,B_DIRECT_MIGRATION,ordinary C++ control/data-flow without detected boundary
include/flatbuffers/buffer.h,BufferHasIdentifier,192,193,HANDWRITTEN_CPP,False,CPP_UNVERIFIED,B_DIRECT_MIGRATION,ordinary C++ control/data-flow without detected boundary
include/flatbuffers/buffer_ref.h,buf,34,34,HANDWRITTEN_CPP,False,CPP_UNVERIFIED,B_DIRECT_MIGRATION,ordinary C++ control/data-flow without detected boundary
include/flatbuffers/buffer_ref.h,Verify,41,42,HANDWRITTEN_CPP,False,CPP_UNVERIFIED,B_DIRECT_MIGRATION,ordinary C++ control/data-flow without detected boundary
include/flatbuffers/code_generator.h,GenerateCodeString,54,56,HANDWRITTEN_CPP,False,CPP_UNVERIFIED,B_DIRECT_MIGRATION,ordinary C++ control/data-flow without detected boundary
include/flatbuffers/code_generators.h,CodeWriter,41,43,HANDWRITTEN_CPP,False,CPP_UNVERIFIED,B_DIRECT_MIGRATION,ordinary C++ control/data-flow without detected boundary
include/flatbuffers/code_generators.h,Clear,46,46,HANDWRITTEN_CPP,False,CPP_UNVERIFIED,B_DIRECT_MIGRATION,ordinary C++ control/data-flow without detected boundary
include/flatbuffers/code_generators.h,SetValue,54,54,HANDWRITTEN_CPP,False,CPP_UNVERIFIED,B_DIRECT_MIGRATION,ordinary C++ control/data-flow without detected boundary
include/flatbuffers/code_generators.h,IncrementIdentLevel,73,73,HANDWRITTEN_CPP,False,CPP_UNVERIFIED,B_DIRECT_MIGRATION,ordinary C++ control/data-flow without detected boundary
include/flatbuffers/code_generators.h,DecrementIdentLevel,75,75,HANDWRITTEN_CPP,False,CPP_UNVERIFIED,B_DIRECT_MIGRATION,ordinary C++ control/data-flow without detected boundary
include/flatbuffers/code_generators.h,SetPadding,78,79,HANDWRITTEN_CPP,False,CPP_UNVERIFIED,B_DIRECT_MIGRATION,ordinary C++ control/data-flow without detected boundary
include/flatbuffers/code_generators.h,BaseGenerator,103,113,HANDWRITTEN_CPP,False,CPP_UNVERIFIED,B_DIRECT_MIGRATION,ordinary C++ control/data-flow without detected boundary
include/flatbuffers/code_generators.h,~BaseGenerator,114,114,HANDWRITTEN_CPP,False,CPP_UNVERIFIED,B_DIRECT_MIGRATION,ordinary C++ control/data-flow without detected boundary
include/flatbuffers/code_generators.h,~FloatConstantGenerator,165,166,HANDWRITTEN_CPP,False,CPP_UNVERIFIED,B_DIRECT_MIGRATION,ordinary C++ control/data-flow without detected boundary
include/flatbuffers/default_allocator.h,dealloc,33,34,HANDWRITTEN_CPP,False,CPP_UNVERIFIED,D_BOUNDARY,external/runtime/raw-pointer boundary
include/flatbuffers/default_allocator.h,Deallocate,45,46,HANDWRITTEN_CPP,False,CPP_UNVERIFIED,B_DIRECT_MIGRATION,ordinary C++ control/data-flow without detected boundary
include/flatbuffers/detached_buffer.h,DetachedBuffer,30,37,HANDWRITTEN_CPP,False,CPP_UNVERIFIED,B_DIRECT_MIGRATION,ordinary C++ control/data-flow without detected boundary
include/flatbuffers/detached_buffer.h,allocator_,41,46,HANDWRITTEN_CPP,False,CPP_UNVERIFIED,B_DIRECT_MIGRATION,ordinary C++ control/data-flow without detected boundary
include/flatbuffers/detached_buffer.h,allocator_,49,54,HANDWRITTEN_CPP,False,CPP_UNVERIFIED,B_DIRECT_MIGRATION,ordinary C++ control/data-flow without detected boundary
include/flatbuffers/detached_buffer.h,destroy,100,101,HANDWRITTEN_CPP,False,CPP_UNVERIFIED,B_DIRECT_MIGRATION,ordinary C++ control/data-flow without detected boundary
include/flatbuffers/detached_buffer.h,reset,108,109,HANDWRITTEN_CPP,False,CPP_UNVERIFIED,B_DIRECT_MIGRATION,ordinary C++ control/data-flow without detected boundary
include/flatbuffers/file_manager.h,SaveFile,35,36,HANDWRITTEN_CPP,False,CPP_UNVERIFIED,B_DIRECT_MIGRATION,ordinary C++ control/data-flow without detected boundary
include/flatbuffers/file_manager.h,Finish,39,40,HANDWRITTEN_CPP,False,CPP_UNVERIFIED,B_DIRECT_MIGRATION,ordinary C++ control/data-flow without detected boundary
include/flatbuffers/flatbuffer_builder.h,FieldIndexToOffset,44,44,HANDWRITTEN_CPP,False,CPP_UNVERIFIED,B_DIRECT_MIGRATION,ordinary C++ control/data-flow without detected boundary
include/flatbuffers/flatbuffer_builder.h,FlatBufferBuilderImpl,96,111,HANDWRITTEN_CPP,False,CPP_UNVERIFIED,B_DIRECT_MIGRATION,ordinary C++ control/data-flow without detected boundary
include/flatbuffers/flatbuffer_builder.h,buf_,117,128,HANDWRITTEN_CPP,False,CPP_UNVERIFIED,B_DIRECT_MIGRATION,ordinary C++ control/data-flow without detected boundary
include/flatbuffers/flatbuffer_builder.h,Swap,143,144,HANDWRITTEN_CPP,False,CPP_UNVERIFIED,B_DIRECT_MIGRATION,ordinary C++ control/data-flow without detected boundary
include/flatbuffers/flatbuffer_builder.h,Reset,161,162,HANDWRITTEN_CPP,False,CPP_UNVERIFIED,B_DIRECT_MIGRATION,ordinary C++ control/data-flow without detected boundary
include/flatbuffers/flatbuffer_builder.h,Clear,169,169,HANDWRITTEN_CPP,False,CPP_UNVERIFIED,B_DIRECT_MIGRATION,ordinary C++ control/data-flow without detected boundary
include/flatbuffers/flatbuffer_builder.h,Release,228,228,HANDWRITTEN_CPP,False,CPP_UNVERIFIED,B_DIRECT_MIGRATION,ordinary C++ control/data-flow without detected boundary
include/flatbuffers/flatbuffer_builder.h,ForceDefaults,277,277,HANDWRITTEN_CPP,False,CPP_UNVERIFIED,B_DIRECT_MIGRATION,ordinary C++ control/data-flow without detected boundary
include/flatbuffers/flatbuffer_builder.h,DedupVtables,281,281,HANDWRITTEN_CPP,False,CPP_UNVERIFIED,B_DIRECT_MIGRATION,ordinary C++ control/data-flow without detected boundary
include/flatbuffers/flatbuffer_builder.h,Pad,284,284,HANDWRITTEN_CPP,False,CPP_UNVERIFIED,B_DIRECT_MIGRATION,ordinary C++ control/data-flow without detected boundary
include/flatbuffers/flatbuffer_builder.h,TrackMinAlign,285,286,HANDWRITTEN_CPP,False,CPP_UNVERIFIED,B_DIRECT_MIGRATION,ordinary C++ control/data-flow without detected boundary
include/flatbuffers/flatbuffer_builder.h,Align,289,290,HANDWRITTEN_CPP,False,CPP_UNVERIFIED,B_DIRECT_MIGRATION,ordinary C++ control/data-flow without detected boundary
include/flatbuffers/flatbuffer_builder.h,PushFlatBuffer,294,295,HANDWRITTEN_CPP,False,CPP_UNVERIFIED,B_DIRECT_MIGRATION,ordinary C++ control/data-flow without detected boundary
include/flatbuffers/flatbuffer_builder.h,PushBytes,299,300,HANDWRITTEN_CPP,False,CPP_UNVERIFIED,B_DIRECT_MIGRATION,ordinary C++ control/data-flow without detected boundary
include/flatbuffers/flatbuffer_builder.h,PopBytes,301,302,HANDWRITTEN_CPP,False,CPP_UNVERIFIED,B_DIRECT_MIGRATION,ordinary C++ control/data-flow without detected boundary
include/flatbuffers/flatbuffer_builder.h,AssertScalarT,303,305,HANDWRITTEN_CPP,False,CPP_UNVERIFIED,B_DIRECT_MIGRATION,ordinary C++ control/data-flow without detected boundary
include/flatbuffers/flatbuffer_builder.h,PushElement,312,312,HANDWRITTEN_CPP,False,CPP_UNVERIFIED,B_DIRECT_MIGRATION,ordinary C++ control/data-flow without detected boundary
include/flatbuffers/flatbuffer_builder.h,PushElement,320,320,HANDWRITTEN_CPP,False,CPP_UNVERIFIED,B_DIRECT_MIGRATION,ordinary C++ control/data-flow without detected boundary
include/flatbuffers/flatbuffer_builder.h,TrackField,327,327,HANDWRITTEN_CPP,False,CPP_UNVERIFIED,B_DIRECT_MIGRATION,ordinary C++ control/data-flow without detected boundary
include/flatbuffers/flatbuffer_builder.h,AddElement,337,338,HANDWRITTEN_CPP,False,CPP_UNVERIFIED,B_DIRECT_MIGRATION,ordinary C++ control/data-flow without detected boundary
include/flatbuffers/flatbuffer_builder.h,AddElement,343,345,HANDWRITTEN_CPP,False,CPP_UNVERIFIED,B_DIRECT_MIGRATION,ordinary C++ control/data-flow without detected boundary
include/flatbuffers/flatbuffer_builder.h,AddOffset,348,350,HANDWRITTEN_CPP,False,CPP_UNVERIFIED,B_DIRECT_MIGRATION,ordinary C++ control/data-flow without detected boundary
include/flatbuffers/flatbuffer_builder.h,AddOffset,354,356,HANDWRITTEN_CPP,False,CPP_UNVERIFIED,B_DIRECT_MIGRATION,ordinary C++ control/data-flow without detected boundary
include/flatbuffers/flatbuffer_builder.h,AddStruct,360,362,HANDWRITTEN_CPP,False,CPP_UNVERIFIED,B_DIRECT_MIGRATION,ordinary C++ control/data-flow without detected boundary
include/flatbuffers/flatbuffer_builder.h,AddStructOffset,368,369,HANDWRITTEN_CPP,False,CPP_UNVERIFIED,B_DIRECT_MIGRATION,ordinary C++ control/data-flow without detected boundary
include/flatbuffers/flatbuffer_builder.h,ReferTo,376,376,HANDWRITTEN_CPP,False,CPP_UNVERIFIED,B_DIRECT_MIGRATION,ordinary C++ control/data-flow without detected boundary
include/flatbuffers/flatbuffer_builder.h,ReferTo,384,385,HANDWRITTEN_CPP,False,CPP_UNVERIFIED,B_DIRECT_MIGRATION,ordinary C++ control/data-flow without detected boundary
include/flatbuffers/flatbuffer_builder.h,ReferTo,393,393,HANDWRITTEN_CPP,False,CPP_UNVERIFIED,B_DIRECT_MIGRATION,ordinary C++ control/data-flow without detected boundary
include/flatbuffers/flatbuffer_builder.h,ReferTo,397,399,HANDWRITTEN_CPP,False,CPP_UNVERIFIED,B_DIRECT_MIGRATION,ordinary C++ control/data-flow without detected boundary
include/flatbuffers/flatbuffer_builder.h,NotNested,403,404,HANDWRITTEN_CPP,False,CPP_UNVERIFIED,B_DIRECT_MIGRATION,ordinary C++ control/data-flow without detected boundary
include/flatbuffers/flatbuffer_builder.h,StartTable,420,420,HANDWRITTEN_CPP,False,CPP_UNVERIFIED,B_DIRECT_MIGRATION,ordinary C++ control/data-flow without detected boundary
include/flatbuffers/flatbuffer_builder.h,EndTable,429,429,HANDWRITTEN_CPP,False,CPP_UNVERIFIED,B_DIRECT_MIGRATION,ordinary C++ control/data-flow without detected boundary
include/flatbuffers/flatbuffer_builder.h,EndTable,499,499,HANDWRITTEN_CPP,False,CPP_UNVERIFIED,B_DIRECT_MIGRATION,ordinary C++ control/data-flow without detected boundary
include/flatbuffers/flatbuffer_builder.h,Required,505,506,HANDWRITTEN_CPP,False,CPP_UNVERIFIED,B_DIRECT_MIGRATION,ordinary C++ control/data-flow without detected boundary
include/flatbuffers/flatbuffer_builder.h,StartStruct,513,514,HANDWRITTEN_CPP,False,CPP_UNVERIFIED,B_DIRECT_MIGRATION,ordinary C++ control/data-flow without detected boundary
include/flatbuffers/flatbuffer_builder.h,EndStruct,518,519,HANDWRITTEN_CPP,False,CPP_UNVERIFIED,B_DIRECT_MIGRATION,ordinary C++ control/data-flow without detected boundary
include/flatbuffers/flatbuffer_builder.h,ClearOffsets,520,521,HANDWRITTEN_CPP,False,CPP_UNVERIFIED,B_DIRECT_MIGRATION,ordinary C++ control/data-flow without detected boundary
include/flatbuffers/flatbuffer_builder.h,PreAlign,529,529,HANDWRITTEN_CPP,False,CPP_UNVERIFIED,B_DIRECT_MIGRATION,ordinary C++ control/data-flow without detected boundary
include/flatbuffers/flatbuffer_builder.h,PreAlign,537,538,HANDWRITTEN_CPP,False,CPP_UNVERIFIED,B_DIRECT_MIGRATION,ordinary C++ control/data-flow without detected boundary
include/flatbuffers/flatbuffer_builder.h,CreateString,549,549,HANDWRITTEN_CPP,False,CPP_UNVERIFIED,B_DIRECT_MIGRATION,ordinary C++ control/data-flow without detected boundary
include/flatbuffers/flatbuffer_builder.h,CreateString,559,559,HANDWRITTEN_CPP,False,CPP_UNVERIFIED,B_DIRECT_MIGRATION,ordinary C++ control/data-flow without detected boundary
include/flatbuffers/flatbuffer_builder.h,CreateString,567,567,HANDWRITTEN_CPP,False,CPP_UNVERIFIED,B_DIRECT_MIGRATION,ordinary C++ control/data-flow without detected boundary
include/flatbuffers/flatbuffer_builder.h,CreateString,575,575,HANDWRITTEN_CPP,False,CPP_UNVERIFIED,B_DIRECT_MIGRATION,ordinary C++ control/data-flow without detected boundary
include/flatbuffers/flatbuffer_builder.h,CreateString,595,595,HANDWRITTEN_CPP,False,CPP_UNVERIFIED,B_DIRECT_MIGRATION,ordinary C++ control/data-flow without detected boundary
include/flatbuffers/flatbuffer_builder.h,CreateString,607,607,HANDWRITTEN_CPP,False,CPP_UNVERIFIED,B_DIRECT_MIGRATION,ordinary C++ control/data-flow without detected boundary
include/flatbuffers/flatbuffer_builder.h,CreateSharedString,618,618,HANDWRITTEN_CPP,False,CPP_UNVERIFIED,B_DIRECT_MIGRATION,ordinary C++ control/data-flow without detected boundary
include/flatbuffers/flatbuffer_builder.h,CreateSharedString,647,647,HANDWRITTEN_CPP,False,CPP_UNVERIFIED,B_DIRECT_MIGRATION,ordinary C++ control/data-flow without detected boundary
include/flatbuffers/flatbuffer_builder.h,CreateSharedString,657,657,HANDWRITTEN_CPP,False,CPP_UNVERIFIED,B_DIRECT_MIGRATION,ordinary C++ control/data-flow without detected boundary
include/flatbuffers/flatbuffer_builder.h,CreateSharedString,667,667,HANDWRITTEN_CPP,False,CPP_UNVERIFIED,B_DIRECT_MIGRATION,ordinary C++ control/data-flow without detected boundary
include/flatbuffers/flatbuffer_builder.h,CreateSharedString,678,678,HANDWRITTEN_CPP,False,CPP_UNVERIFIED,B_DIRECT_MIGRATION,ordinary C++ control/data-flow without detected boundary
include/flatbuffers/flatbuffer_builder.h,EndVector,684,684,HANDWRITTEN_CPP,False,CPP_UNVERIFIED,B_DIRECT_MIGRATION,ordinary C++ control/data-flow without detected boundary
include/flatbuffers/flatbuffer_builder.h,StartVector,692,692,HANDWRITTEN_CPP,False,CPP_UNVERIFIED,B_DIRECT_MIGRATION,ordinary C++ control/data-flow without detected boundary
include/flatbuffers/flatbuffer_builder.h,StartVector,703,703,HANDWRITTEN_CPP,False,CPP_UNVERIFIED,B_DIRECT_MIGRATION,ordinary C++ control/data-flow without detected boundary
include/flatbuffers/flatbuffer_builder.h,ForceVectorAlignment,712,713,HANDWRITTEN_CPP,False,CPP_UNVERIFIED,B_DIRECT_MIGRATION,ordinary C++ control/data-flow without detected boundary
include/flatbuffers/flatbuffer_builder.h,ForceStringAlignment,734,734,HANDWRITTEN_CPP,False,CPP_UNVERIFIED,B_DIRECT_MIGRATION,ordinary C++ control/data-flow without detected boundary
include/flatbuffers/flatbuffer_builder.h,CreateVector,753,753,HANDWRITTEN_CPP,False,CPP_UNVERIFIED,D_BOUNDARY,external/runtime/raw-pointer boundary
include/flatbuffers/flatbuffer_builder.h,CreateVector,787,787,HANDWRITTEN_CPP,False,CPP_UNVERIFIED,B_DIRECT_MIGRATION,ordinary C++ control/data-flow without detected boundary
include/flatbuffers/flatbuffer_builder.h,CreateVector,796,797,HANDWRITTEN_CPP,False,CPP_UNVERIFIED,B_DIRECT_MIGRATION,ordinary C++ control/data-flow without detected boundary
include/flatbuffers/flatbuffer_builder.h,CreateVector,800,802,HANDWRITTEN_CPP,False,CPP_UNVERIFIED,B_DIRECT_MIGRATION,ordinary C++ control/data-flow without detected boundary
include/flatbuffers/flatbuffer_builder.h,CreateVector,817,817,HANDWRITTEN_CPP,False,CPP_UNVERIFIED,B_DIRECT_MIGRATION,ordinary C++ control/data-flow without detected boundary
include/flatbuffers/flatbuffer_builder.h,CreateVector64,823,823,HANDWRITTEN_CPP,False,CPP_UNVERIFIED,B_DIRECT_MIGRATION,ordinary C++ control/data-flow without detected boundary
include/flatbuffers/flatbuffer_builder.h,CreateVector,830,830,HANDWRITTEN_CPP,False,CPP_UNVERIFIED,B_DIRECT_MIGRATION,ordinary C++ control/data-flow without detected boundary
include/flatbuffers/flatbuffer_builder.h,CreateVector64,837,838,HANDWRITTEN_CPP,False,CPP_UNVERIFIED,B_DIRECT_MIGRATION,ordinary C++ control/data-flow without detected boundary
include/flatbuffers/flatbuffer_builder.h,CreateVector,855,857,HANDWRITTEN_CPP,False,CPP_UNVERIFIED,B_DIRECT_MIGRATION,ordinary C++ control/data-flow without detected boundary
include/flatbuffers/flatbuffer_builder.h,CreateVector,876,876,HANDWRITTEN_CPP,False,CPP_UNVERIFIED,B_DIRECT_MIGRATION,ordinary C++ control/data-flow without detected boundary
include/flatbuffers/flatbuffer_builder.h,CreateVectorOfStrings,893,894,HANDWRITTEN_CPP,False,CPP_UNVERIFIED,B_DIRECT_MIGRATION,ordinary C++ control/data-flow without detected boundary
include/flatbuffers/flatbuffer_builder.h,CreateVectorOfStrings,904,905,HANDWRITTEN_CPP,False,CPP_UNVERIFIED,B_DIRECT_MIGRATION,ordinary C++ control/data-flow without detected boundary
include/flatbuffers/flatbuffer_builder.h,TableKeyComparator,1146,1146,HANDWRITTEN_CPP,False,CPP_UNVERIFIED,B_DIRECT_MIGRATION,ordinary C++ control/data-flow without detected boundary
include/flatbuffers/flatbuffer_builder.h,CreateVectorOfSortedTables,1169,1171,HANDWRITTEN_CPP,False,CPP_UNVERIFIED,B_DIRECT_MIGRATION,ordinary C++ control/data-flow without detected boundary
include/flatbuffers/flatbuffer_builder.h,CreateVectorOfSortedTables,1184,1185,HANDWRITTEN_CPP,False,CPP_UNVERIFIED,B_DIRECT_MIGRATION,ordinary C++ control/data-flow without detected boundary
include/flatbuffers/flatbuffer_builder.h,CreateUninitializedVector,1196,1197,HANDWRITTEN_CPP,False,CPP_UNVERIFIED,B_DIRECT_MIGRATION,ordinary C++ control/data-flow without detected boundary
include/flatbuffers/flatbuffer_builder.h,CreateUninitializedVector,1208,1209,HANDWRITTEN_CPP,False,CPP_UNVERIFIED,B_DIRECT_MIGRATION,ordinary C++ control/data-flow without detected boundary
include/flatbuffers/flatbuffer_builder.h,CreateUninitializedVector,1221,1222,HANDWRITTEN_CPP,False,CPP_UNVERIFIED,D_BOUNDARY,external/runtime/raw-pointer boundary
include/flatbuffers/flatbuffer_builder.h,CreateVectorScalarCast,1239,1239,HANDWRITTEN_CPP,False,CPP_UNVERIFIED,B_DIRECT_MIGRATION,ordinary C++ control/data-flow without detected boundary
include/flatbuffers/flatbuffer_builder.h,Finish,1262,1263,HANDWRITTEN_CPP,False,CPP_UNVERIFIED,B_DIRECT_MIGRATION,ordinary C++ control/data-flow without detected boundary
include/flatbuffers/flatbuffer_builder.h,FinishSizePrefixed,1274,1276,HANDWRITTEN_CPP,False,CPP_UNVERIFIED,B_DIRECT_MIGRATION,ordinary C++ control/data-flow without detected boundary
include/flatbuffers/flatbuffer_builder.h,SwapBufAllocator,1279,1280,HANDWRITTEN_CPP,False,CPP_UNVERIFIED,B_DIRECT_MIGRATION,ordinary C++ control/data-flow without detected boundary
include/flatbuffers/flatbuffer_builder.h,Finish,1292,1293,HANDWRITTEN_CPP,False,CPP_UNVERIFIED,D_BOUNDARY,external/runtime/raw-pointer boundary
include/flatbuffers/flatbuffer_builder.h,StringOffsetCompare,1369,1370,HANDWRITTEN_CPP,False,CPP_UNVERIFIED,B_DIRECT_MIGRATION,ordinary C++ control/data-flow without detected boundary
include/flatbuffers/flatbuffer_builder.h,CanAddOffset64,1383,1385,HANDWRITTEN_CPP,False,CPP_UNVERIFIED,B_DIRECT_MIGRATION,ordinary C++ control/data-flow without detected boundary
include/flatbuffers/flatbuffer_builder.h,CreateStringImpl,1412,1412,HANDWRITTEN_CPP,False,CPP_UNVERIFIED,D_BOUNDARY,external/runtime/raw-pointer boundary
include/flatbuffers/flatbuffers.h,GetPrefixedSize,80,80,HANDWRITTEN_CPP,False,CPP_UNVERIFIED,B_DIRECT_MIGRATION,ordinary C++ control/data-flow without detected boundary
include/flatbuffers/flatbuffers.h,GetSizePrefixedBufferLength,91,91,HANDWRITTEN_CPP,False,CPP_UNVERIFIED,B_DIRECT_MIGRATION,ordinary C++ control/data-flow without detected boundary
include/flatbuffers/flatbuffers.h,IsFieldPresent,120,121,HANDWRITTEN_CPP,False,CPP_UNVERIFIED,B_DIRECT_MIGRATION,ordinary C++ control/data-flow without detected boundary
include/flatbuffers/flatbuffers.h,LookupEnum,130,130,HANDWRITTEN_CPP,False,CPP_UNVERIFIED,D_BOUNDARY,external/runtime/raw-pointer boundary
include/flatbuffers/flatbuffers.h,~,260,260,HANDWRITTEN_CPP,False,CPP_UNVERIFIED,B_DIRECT_MIGRATION,ordinary C++ control/data-flow without detected boundary
include/flatbuffers/flatc.h,FlatCompiler,86,87,HANDWRITTEN_CPP,False,CPP_UNVERIFIED,B_DIRECT_MIGRATION,ordinary C++ control/data-flow without detected boundary
include/flatbuffers/flex_flat_util.h,VerifyNestedFlexBuffer,26,29,HANDWRITTEN_CPP,False,CPP_UNVERIFIED,B_DIRECT_MIGRATION,ordinary C++ control/data-flow without detected boundary
include/flatbuffers/flexbuffers.h,IsInline,88,89,HANDWRITTEN_CPP,False,CPP_UNVERIFIED,B_DIRECT_MIGRATION,ordinary C++ control/data-flow without detected boundary
include/flatbuffers/flexbuffers.h,IsTypedVectorElementType,90,91,HANDWRITTEN_CPP,False,CPP_UNVERIFIED,B_DIRECT_MIGRATION,ordinary C++ control/data-flow without detected boundary
include/flatbuffers/flexbuffers.h,IsTypedVector,94,95,HANDWRITTEN_CPP,False,CPP_UNVERIFIED,B_DIRECT_MIGRATION,ordinary C++ control/data-flow without detected boundary
include/flatbuffers/flexbuffers.h,IsFixedTypedVector,99,100,HANDWRITTEN_CPP,False,CPP_UNVERIFIED,B_DIRECT_MIGRATION,ordinary C++ control/data-flow without detected boundary
include/flatbuffers/flexbuffers.h,ToTypedVector,103,104,HANDWRITTEN_CPP,False,CPP_UNVERIFIED,B_DIRECT_MIGRATION,ordinary C++ control/data-flow without detected boundary
include/flatbuffers/flexbuffers.h,ToTypedVectorElementType,120,121,HANDWRITTEN_CPP,False,CPP_UNVERIFIED,B_DIRECT_MIGRATION,ordinary C++ control/data-flow without detected boundary
include/flatbuffers/flexbuffers.h,ToFixedTypedVectorElementType,125,126,HANDWRITTEN_CPP,False,CPP_UNVERIFIED,B_DIRECT_MIGRATION,ordinary C++ control/data-flow without detected boundary
include/flatbuffers/flexbuffers.h,ReadSizedScalar,145,145,HANDWRITTEN_CPP,False,CPP_UNVERIFIED,B_DIRECT_MIGRATION,ordinary C++ control/data-flow without detected boundary
include/flatbuffers/flexbuffers.h,ReadInt64,154,155,HANDWRITTEN_CPP,False,CPP_UNVERIFIED,B_DIRECT_MIGRATION,ordinary C++ control/data-flow without detected boundary
include/flatbuffers/flexbuffers.h,ReadUInt64,159,160,HANDWRITTEN_CPP,False,CPP_UNVERIFIED,D_BOUNDARY,external/runtime/raw-pointer boundary
include/flatbuffers/flexbuffers.h,ReadDouble,180,181,HANDWRITTEN_CPP,False,CPP_UNVERIFIED,B_DIRECT_MIGRATION,ordinary C++ control/data-flow without detected boundary
include/flatbuffers/flexbuffers.h,WidthU,194,195,HANDWRITTEN_CPP,False,CPP_UNVERIFIED,B_DIRECT_MIGRATION,ordinary C++ control/data-flow without detected boundary
include/flatbuffers/flexbuffers.h,WidthI,206,207,HANDWRITTEN_CPP,False,CPP_UNVERIFIED,B_DIRECT_MIGRATION,ordinary C++ control/data-flow without detected boundary
include/flatbuffers/flexbuffers.h,WidthF,211,212,HANDWRITTEN_CPP,False,CPP_UNVERIFIED,B_DIRECT_MIGRATION,ordinary C++ control/data-flow without detected boundary
include/flatbuffers/flexbuffers.h,Object,220,222,HANDWRITTEN_CPP,False,CPP_UNVERIFIED,B_DIRECT_MIGRATION,ordinary C++ control/data-flow without detected boundary
include/flatbuffers/flexbuffers.h,Object,234,234,HANDWRITTEN_CPP,False,CPP_UNVERIFIED,B_DIRECT_MIGRATION,ordinary C++ control/data-flow without detected boundary
include/flatbuffers/flexbuffers.h,Object,237,237,HANDWRITTEN_CPP,False,CPP_UNVERIFIED,B_DIRECT_MIGRATION,ordinary C++ control/data-flow without detected boundary
include/flatbuffers/flexbuffers.h,Sized,254,254,HANDWRITTEN_CPP,False,CPP_UNVERIFIED,B_DIRECT_MIGRATION,ordinary C++ control/data-flow without detected boundary
include/flatbuffers/flexbuffers.h,EmptyString,259,260,HANDWRITTEN_CPP,False,CPP_UNVERIFIED,D_BOUNDARY,external/runtime/raw-pointer boundary
include/flatbuffers/flexbuffers.h,Blob,268,270,HANDWRITTEN_CPP,False,CPP_UNVERIFIED,B_DIRECT_MIGRATION,ordinary C++ control/data-flow without detected boundary
include/flatbuffers/flexbuffers.h,EmptyBlob,271,272,HANDWRITTEN_CPP,False,CPP_UNVERIFIED,B_DIRECT_MIGRATION,ordinary C++ control/data-flow without detected boundary
include/flatbuffers/flexbuffers.h,Vector,281,282,HANDWRITTEN_CPP,False,CPP_UNVERIFIED,B_DIRECT_MIGRATION,ordinary C++ control/data-flow without detected boundary
include/flatbuffers/flexbuffers.h,EmptyVector,285,286,HANDWRITTEN_CPP,False,CPP_UNVERIFIED,B_DIRECT_MIGRATION,ordinary C++ control/data-flow without detected boundary
include/flatbuffers/flexbuffers.h,TypedVector,294,296,HANDWRITTEN_CPP,False,CPP_UNVERIFIED,B_DIRECT_MIGRATION,ordinary C++ control/data-flow without detected boundary
include/flatbuffers/flexbuffers.h,EmptyTypedVector,299,300,HANDWRITTEN_CPP,False,CPP_UNVERIFIED,B_DIRECT_MIGRATION,ordinary C++ control/data-flow without detected boundary
include/flatbuffers/flexbuffers.h,ElementType,307,308,HANDWRITTEN_CPP,False,CPP_UNVERIFIED,B_DIRECT_MIGRATION,ordinary C++ control/data-flow without detected boundary
include/flatbuffers/flexbuffers.h,FixedTypedVector,319,322,HANDWRITTEN_CPP,False,CPP_UNVERIFIED,B_DIRECT_MIGRATION,ordinary C++ control/data-flow without detected boundary
include/flatbuffers/flexbuffers.h,EmptyFixedTypedVector,325,326,HANDWRITTEN_CPP,False,CPP_UNVERIFIED,B_DIRECT_MIGRATION,ordinary C++ control/data-flow without detected boundary
include/flatbuffers/flexbuffers.h,Map,343,344,HANDWRITTEN_CPP,False,CPP_UNVERIFIED,B_DIRECT_MIGRATION,ordinary C++ control/data-flow without detected boundary
include/flatbuffers/flexbuffers.h,EmptyMap,359,360,HANDWRITTEN_CPP,False,CPP_UNVERIFIED,B_DIRECT_MIGRATION,ordinary C++ control/data-flow without detected boundary
include/flatbuffers/flexbuffers.h,IndentString,369,371,HANDWRITTEN_CPP,False,CPP_UNVERIFIED,B_DIRECT_MIGRATION,ordinary C++ control/data-flow without detected boundary
include/flatbuffers/flexbuffers.h,AppendToString,374,378,HANDWRITTEN_CPP,False,CPP_UNVERIFIED,B_DIRECT_MIGRATION,ordinary C++ control/data-flow without detected boundary
include/flatbuffers/flexbuffers.h,AppendToString,398,400,HANDWRITTEN_CPP,False,CPP_UNVERIFIED,B_DIRECT_MIGRATION,ordinary C++ control/data-flow without detected boundary
include/flatbuffers/flexbuffers.h,Reference,405,407,HANDWRITTEN_CPP,False,CPP_UNVERIFIED,B_DIRECT_MIGRATION,ordinary C++ control/data-flow without detected boundary
include/flatbuffers/flexbuffers.h,data_,411,414,HANDWRITTEN_CPP,False,CPP_UNVERIFIED,B_DIRECT_MIGRATION,ordinary C++ control/data-flow without detected boundary
include/flatbuffers/flexbuffers.h,data_,417,420,HANDWRITTEN_CPP,False,CPP_UNVERIFIED,B_DIRECT_MIGRATION,ordinary C++ control/data-flow without detected boundary
include/flatbuffers/flexbuffers.h,MutateInt,748,748,HANDWRITTEN_CPP,False,CPP_UNVERIFIED,B_DIRECT_MIGRATION,ordinary C++ control/data-flow without detected boundary
include/flatbuffers/flexbuffers.h,MutateBool,763,764,HANDWRITTEN_CPP,False,CPP_UNVERIFIED,B_DIRECT_MIGRATION,ordinary C++ control/data-flow without detected boundary
include/flatbuffers/flexbuffers.h,MutateUInt,767,768,HANDWRITTEN_CPP,False,CPP_UNVERIFIED,B_DIRECT_MIGRATION,ordinary C++ control/data-flow without detected boundary
include/flatbuffers/flexbuffers.h,MutateFloat,783,784,HANDWRITTEN_CPP,False,CPP_UNVERIFIED,B_DIRECT_MIGRATION,ordinary C++ control/data-flow without detected boundary
include/flatbuffers/flexbuffers.h,MutateFloat,793,794,HANDWRITTEN_CPP,False,CPP_UNVERIFIED,B_DIRECT_MIGRATION,ordinary C++ control/data-flow without detected boundary
include/flatbuffers/flexbuffers.h,MutateString,803,804,HANDWRITTEN_CPP,False,CPP_UNVERIFIED,D_BOUNDARY,external/runtime/raw-pointer boundary
include/flatbuffers/flexbuffers.h,MutateString,813,813,HANDWRITTEN_CPP,False,CPP_UNVERIFIED,B_DIRECT_MIGRATION,ordinary C++ control/data-flow without detected boundary
include/flatbuffers/flexbuffers.h,MutateString,814,814,HANDWRITTEN_CPP,False,CPP_UNVERIFIED,B_DIRECT_MIGRATION,ordinary C++ control/data-flow without detected boundary
include/flatbuffers/flexbuffers.h,Mutate,822,825,HANDWRITTEN_CPP,False,CPP_UNVERIFIED,D_BOUNDARY,external/runtime/raw-pointer boundary
include/flatbuffers/flexbuffers.h,MutateF,834,837,HANDWRITTEN_CPP,False,CPP_UNVERIFIED,B_DIRECT_MIGRATION,ordinary C++ control/data-flow without detected boundary
include/flatbuffers/flexbuffers.h,PackedType,932,933,HANDWRITTEN_CPP,False,CPP_UNVERIFIED,B_DIRECT_MIGRATION,ordinary C++ control/data-flow without detected boundary
include/flatbuffers/flexbuffers.h,NullPackedType,936,937,HANDWRITTEN_CPP,False,CPP_UNVERIFIED,B_DIRECT_MIGRATION,ordinary C++ control/data-flow without detected boundary
include/flatbuffers/flexbuffers.h,KeyCompare,966,968,HANDWRITTEN_CPP,False,CPP_UNVERIFIED,D_BOUNDARY,external/runtime/raw-pointer boundary
include/flatbuffers/flexbuffers.h,GetRoot,1006,1007,HANDWRITTEN_CPP,False,CPP_UNVERIFIED,B_DIRECT_MIGRATION,ordinary C++ control/data-flow without detected boundary
include/flatbuffers/flexbuffers.h,GetRoot,1016,1017,HANDWRITTEN_CPP,False,CPP_UNVERIFIED,B_DIRECT_MIGRATION,ordinary C++ control/data-flow without detected boundary
include/flatbuffers/flexbuffers.h,Builder,1041,1050,HANDWRITTEN_CPP,False,CPP_UNVERIFIED,B_DIRECT_MIGRATION,ordinary C++ control/data-flow without detected boundary
include/flatbuffers/flexbuffers.h,Clear,1070,1070,HANDWRITTEN_CPP,False,CPP_UNVERIFIED,B_DIRECT_MIGRATION,ordinary C++ control/data-flow without detected boundary
include/flatbuffers/flexbuffers.h,Null,1083,1084,HANDWRITTEN_CPP,False,CPP_UNVERIFIED,B_DIRECT_MIGRATION,ordinary C++ control/data-flow without detected boundary
include/flatbuffers/flexbuffers.h,Null,1085,1085,HANDWRITTEN_CPP,False,CPP_UNVERIFIED,B_DIRECT_MIGRATION,ordinary C++ control/data-flow without detected boundary
include/flatbuffers/flexbuffers.h,Int,1089,1090,HANDWRITTEN_CPP,False,CPP_UNVERIFIED,B_DIRECT_MIGRATION,ordinary C++ control/data-flow without detected boundary
include/flatbuffers/flexbuffers.h,Int,1091,1091,HANDWRITTEN_CPP,False,CPP_UNVERIFIED,B_DIRECT_MIGRATION,ordinary C++ control/data-flow without detected boundary
include/flatbuffers/flexbuffers.h,UInt,1095,1096,HANDWRITTEN_CPP,False,CPP_UNVERIFIED,B_DIRECT_MIGRATION,ordinary C++ control/data-flow without detected boundary
include/flatbuffers/flexbuffers.h,UInt,1097,1097,HANDWRITTEN_CPP,False,CPP_UNVERIFIED,B_DIRECT_MIGRATION,ordinary C++ control/data-flow without detected boundary
include/flatbuffers/flexbuffers.h,Float,1101,1102,HANDWRITTEN_CPP,False,CPP_UNVERIFIED,B_DIRECT_MIGRATION,ordinary C++ control/data-flow without detected boundary
include/flatbuffers/flexbuffers.h,Float,1103,1103,HANDWRITTEN_CPP,False,CPP_UNVERIFIED,B_DIRECT_MIGRATION,ordinary C++ control/data-flow without detected boundary
include/flatbuffers/flexbuffers.h,Double,1107,1108,HANDWRITTEN_CPP,False,CPP_UNVERIFIED,B_DIRECT_MIGRATION,ordinary C++ control/data-flow without detected boundary
include/flatbuffers/flexbuffers.h,Double,1109,1109,HANDWRITTEN_CPP,False,CPP_UNVERIFIED,B_DIRECT_MIGRATION,ordinary C++ control/data-flow without detected boundary
include/flatbuffers/flexbuffers.h,Bool,1113,1114,HANDWRITTEN_CPP,False,CPP_UNVERIFIED,B_DIRECT_MIGRATION,ordinary C++ control/data-flow without detected boundary
include/flatbuffers/flexbuffers.h,Bool,1115,1115,HANDWRITTEN_CPP,False,CPP_UNVERIFIED,B_DIRECT_MIGRATION,ordinary C++ control/data-flow without detected boundary
include/flatbuffers/flexbuffers.h,IndirectInt,1119,1120,HANDWRITTEN_CPP,False,CPP_UNVERIFIED,B_DIRECT_MIGRATION,ordinary C++ control/data-flow without detected boundary
include/flatbuffers/flexbuffers.h,IndirectInt,1121,1121,HANDWRITTEN_CPP,False,CPP_UNVERIFIED,B_DIRECT_MIGRATION,ordinary C++ control/data-flow without detected boundary
include/flatbuffers/flexbuffers.h,IndirectUInt,1125,1126,HANDWRITTEN_CPP,False,CPP_UNVERIFIED,B_DIRECT_MIGRATION,ordinary C++ control/data-flow without detected boundary
include/flatbuffers/flexbuffers.h,IndirectUInt,1129,1129,HANDWRITTEN_CPP,False,CPP_UNVERIFIED,B_DIRECT_MIGRATION,ordinary C++ control/data-flow without detected boundary
include/flatbuffers/flexbuffers.h,IndirectFloat,1133,1134,HANDWRITTEN_CPP,False,CPP_UNVERIFIED,B_DIRECT_MIGRATION,ordinary C++ control/data-flow without detected boundary
include/flatbuffers/flexbuffers.h,IndirectFloat,1137,1137,HANDWRITTEN_CPP,False,CPP_UNVERIFIED,B_DIRECT_MIGRATION,ordinary C++ control/data-flow without detected boundary
include/flatbuffers/flexbuffers.h,IndirectDouble,1141,1142,HANDWRITTEN_CPP,False,CPP_UNVERIFIED,B_DIRECT_MIGRATION,ordinary C++ control/data-flow without detected boundary
include/flatbuffers/flexbuffers.h,IndirectDouble,1145,1145,HANDWRITTEN_CPP,False,CPP_UNVERIFIED,B_DIRECT_MIGRATION,ordinary C++ control/data-flow without detected boundary
include/flatbuffers/flexbuffers.h,Key,1149,1150,HANDWRITTEN_CPP,False,CPP_UNVERIFIED,B_DIRECT_MIGRATION,ordinary C++ control/data-flow without detected boundary
include/flatbuffers/flexbuffers.h,Key,1167,1168,HANDWRITTEN_CPP,False,CPP_UNVERIFIED,B_DIRECT_MIGRATION,ordinary C++ control/data-flow without detected boundary
include/flatbuffers/flexbuffers.h,Key,1169,1169,HANDWRITTEN_CPP,False,CPP_UNVERIFIED,B_DIRECT_MIGRATION,ordinary C++ control/data-flow without detected boundary
include/flatbuffers/flexbuffers.h,String,1170,1171,HANDWRITTEN_CPP,False,CPP_UNVERIFIED,B_DIRECT_MIGRATION,ordinary C++ control/data-flow without detected boundary
include/flatbuffers/flexbuffers.h,String,1189,1189,HANDWRITTEN_CPP,False,CPP_UNVERIFIED,B_DIRECT_MIGRATION,ordinary C++ control/data-flow without detected boundary
include/flatbuffers/flexbuffers.h,String,1190,1190,HANDWRITTEN_CPP,False,CPP_UNVERIFIED,B_DIRECT_MIGRATION,ordinary C++ control/data-flow without detected boundary
include/flatbuffers/flexbuffers.h,String,1193,1193,HANDWRITTEN_CPP,False,CPP_UNVERIFIED,B_DIRECT_MIGRATION,ordinary C++ control/data-flow without detected boundary
include/flatbuffers/flexbuffers.h,String,1196,1197,HANDWRITTEN_CPP,False,CPP_UNVERIFIED,B_DIRECT_MIGRATION,ordinary C++ control/data-flow without detected boundary
include/flatbuffers/flexbuffers.h,String,1201,1201,HANDWRITTEN_CPP,False,CPP_UNVERIFIED,B_DIRECT_MIGRATION,ordinary C++ control/data-flow without detected boundary
include/flatbuffers/flexbuffers.h,String,1205,1205,HANDWRITTEN_CPP,False,CPP_UNVERIFIED,B_DIRECT_MIGRATION,ordinary C++ control/data-flow without detected boundary
include/flatbuffers/flexbuffers.h,AlignedBlob,1209,1210,HANDWRITTEN_CPP,False,CPP_UNVERIFIED,B_DIRECT_MIGRATION,ordinary C++ control/data-flow without detected boundary
include/flatbuffers/flexbuffers.h,AlignedBlob,1216,1216,HANDWRITTEN_CPP,False,CPP_UNVERIFIED,B_DIRECT_MIGRATION,ordinary C++ control/data-flow without detected boundary
include/flatbuffers/flexbuffers.h,Blob,1219,1219,HANDWRITTEN_CPP,False,CPP_UNVERIFIED,B_DIRECT_MIGRATION,ordinary C++ control/data-flow without detected boundary
include/flatbuffers/flexbuffers.h,Blob,1222,1222,HANDWRITTEN_CPP,False,CPP_UNVERIFIED,B_DIRECT_MIGRATION,ordinary C++ control/data-flow without detected boundary
include/flatbuffers/flexbuffers.h,Blob,1225,1226,HANDWRITTEN_CPP,False,CPP_UNVERIFIED,B_DIRECT_MIGRATION,ordinary C++ control/data-flow without detected boundary
include/flatbuffers/flexbuffers.h,Blob,1230,1230,HANDWRITTEN_CPP,False,CPP_UNVERIFIED,B_DIRECT_MIGRATION,ordinary C++ control/data-flow without detected boundary
include/flatbuffers/flexbuffers.h,StartVector,1238,1239,HANDWRITTEN_CPP,False,CPP_UNVERIFIED,B_DIRECT_MIGRATION,ordinary C++ control/data-flow without detected boundary
include/flatbuffers/flexbuffers.h,StartVector,1240,1240,HANDWRITTEN_CPP,False,CPP_UNVERIFIED,B_DIRECT_MIGRATION,ordinary C++ control/data-flow without detected boundary
include/flatbuffers/flexbuffers.h,StartMap,1244,1244,HANDWRITTEN_CPP,False,CPP_UNVERIFIED,B_DIRECT_MIGRATION,ordinary C++ control/data-flow without detected boundary
include/flatbuffers/flexbuffers.h,StartMap,1245,1245,HANDWRITTEN_CPP,False,CPP_UNVERIFIED,B_DIRECT_MIGRATION,ordinary C++ control/data-flow without detected boundary
include/flatbuffers/flexbuffers.h,EndVector,1252,1252,HANDWRITTEN_CPP,False,CPP_UNVERIFIED,B_DIRECT_MIGRATION,ordinary C++ control/data-flow without detected boundary
include/flatbuffers/flexbuffers.h,EndMap,1259,1260,HANDWRITTEN_CPP,False,CPP_UNVERIFIED,B_DIRECT_MIGRATION,ordinary C++ control/data-flow without detected boundary
include/flatbuffers/flexbuffers.h,Vector,1314,1316,HANDWRITTEN_CPP,False,CPP_UNVERIFIED,B_DIRECT_MIGRATION,ordinary C++ control/data-flow without detected boundary
include/flatbuffers/flexbuffers.h,Vector,1322,1322,HANDWRITTEN_CPP,False,CPP_UNVERIFIED,B_DIRECT_MIGRATION,ordinary C++ control/data-flow without detected boundary
include/flatbuffers/flexbuffers.h,Vector,1327,1328,HANDWRITTEN_CPP,False,CPP_UNVERIFIED,B_DIRECT_MIGRATION,ordinary C++ control/data-flow without detected boundary
include/flatbuffers/flexbuffers.h,Vector,1334,1334,HANDWRITTEN_CPP,False,CPP_UNVERIFIED,B_DIRECT_MIGRATION,ordinary C++ control/data-flow without detected boundary
include/flatbuffers/flexbuffers.h,Vector,1339,1341,HANDWRITTEN_CPP,False,CPP_UNVERIFIED,B_DIRECT_MIGRATION,ordinary C++ control/data-flow without detected boundary
include/flatbuffers/flexbuffers.h,Vector,1351,1352,HANDWRITTEN_CPP,False,CPP_UNVERIFIED,B_DIRECT_MIGRATION,ordinary C++ control/data-flow without detected boundary
include/flatbuffers/flexbuffers.h,Vector,1356,1357,HANDWRITTEN_CPP,False,CPP_UNVERIFIED,B_DIRECT_MIGRATION,ordinary C++ control/data-flow without detected boundary
include/flatbuffers/flexbuffers.h,TypedVector,1360,1362,HANDWRITTEN_CPP,False,CPP_UNVERIFIED,B_DIRECT_MIGRATION,ordinary C++ control/data-flow without detected boundary
include/flatbuffers/flexbuffers.h,TypedVector,1368,1368,HANDWRITTEN_CPP,False,CPP_UNVERIFIED,B_DIRECT_MIGRATION,ordinary C++ control/data-flow without detected boundary
include/flatbuffers/flexbuffers.h,TypedVector,1373,1374,HANDWRITTEN_CPP,False,CPP_UNVERIFIED,B_DIRECT_MIGRATION,ordinary C++ control/data-flow without detected boundary
include/flatbuffers/flexbuffers.h,TypedVector,1380,1380,HANDWRITTEN_CPP,False,CPP_UNVERIFIED,B_DIRECT_MIGRATION,ordinary C++ control/data-flow without detected boundary
include/flatbuffers/flexbuffers.h,FixedTypedVector,1385,1387,HANDWRITTEN_CPP,False,CPP_UNVERIFIED,B_DIRECT_MIGRATION,ordinary C++ control/data-flow without detected boundary
include/flatbuffers/flexbuffers.h,FixedTypedVector,1395,1397,HANDWRITTEN_CPP,False,CPP_UNVERIFIED,B_DIRECT_MIGRATION,ordinary C++ control/data-flow without detected boundary
include/flatbuffers/flexbuffers.h,Map,1401,1403,HANDWRITTEN_CPP,False,CPP_UNVERIFIED,B_DIRECT_MIGRATION,ordinary C++ control/data-flow without detected boundary
include/flatbuffers/flexbuffers.h,Map,1409,1409,HANDWRITTEN_CPP,False,CPP_UNVERIFIED,B_DIRECT_MIGRATION,ordinary C++ control/data-flow without detected boundary
include/flatbuffers/flexbuffers.h,Map,1414,1415,HANDWRITTEN_CPP,False,CPP_UNVERIFIED,B_DIRECT_MIGRATION,ordinary C++ control/data-flow without detected boundary
include/flatbuffers/flexbuffers.h,Map,1421,1421,HANDWRITTEN_CPP,False,CPP_UNVERIFIED,B_DIRECT_MIGRATION,ordinary C++ control/data-flow without detected boundary
include/flatbuffers/flexbuffers.h,Map,1426,1427,HANDWRITTEN_CPP,False,CPP_UNVERIFIED,B_DIRECT_MIGRATION,ordinary C++ control/data-flow without detected boundary
include/flatbuffers/flexbuffers.h,MapElementCount,1433,1434,HANDWRITTEN_CPP,False,CPP_UNVERIFIED,B_DIRECT_MIGRATION,ordinary C++ control/data-flow without detected boundary
include/flatbuffers/flexbuffers.h,LastValue,1453,1453,HANDWRITTEN_CPP,False,CPP_UNVERIFIED,B_DIRECT_MIGRATION,ordinary C++ control/data-flow without detected boundary
include/flatbuffers/flexbuffers.h,ReuseValue,1454,1454,HANDWRITTEN_CPP,False,CPP_UNVERIFIED,B_DIRECT_MIGRATION,ordinary C++ control/data-flow without detected boundary
include/flatbuffers/flexbuffers.h,ReuseValue,1455,1455,HANDWRITTEN_CPP,False,CPP_UNVERIFIED,B_DIRECT_MIGRATION,ordinary C++ control/data-flow without detected boundary
include/flatbuffers/flexbuffers.h,Undo,1462,1462,HANDWRITTEN_CPP,False,CPP_UNVERIFIED,B_DIRECT_MIGRATION,ordinary C++ control/data-flow without detected boundary
include/flatbuffers/flexbuffers.h,Add,1465,1465,HANDWRITTEN_CPP,False,CPP_UNVERIFIED,B_DIRECT_MIGRATION,ordinary C++ control/data-flow without detected boundary
include/flatbuffers/flexbuffers.h,Add,1466,1466,HANDWRITTEN_CPP,False,CPP_UNVERIFIED,B_DIRECT_MIGRATION,ordinary C++ control/data-flow without detected boundary
include/flatbuffers/flexbuffers.h,Add,1467,1467,HANDWRITTEN_CPP,False,CPP_UNVERIFIED,B_DIRECT_MIGRATION,ordinary C++ control/data-flow without detected boundary
include/flatbuffers/flexbuffers.h,Add,1468,1468,HANDWRITTEN_CPP,False,CPP_UNVERIFIED,B_DIRECT_MIGRATION,ordinary C++ control/data-flow without detected boundary
include/flatbuffers/flexbuffers.h,Add,1469,1469,HANDWRITTEN_CPP,False,CPP_UNVERIFIED,B_DIRECT_MIGRATION,ordinary C++ control/data-flow without detected boundary
include/flatbuffers/flexbuffers.h,Add,1470,1470,HANDWRITTEN_CPP,False,CPP_UNVERIFIED,B_DIRECT_MIGRATION,ordinary C++ control/data-flow without detected boundary
include/flatbuffers/flexbuffers.h,Add,1471,1471,HANDWRITTEN_CPP,False,CPP_UNVERIFIED,B_DIRECT_MIGRATION,ordinary C++ control/data-flow without detected boundary
include/flatbuffers/flexbuffers.h,Add,1472,1472,HANDWRITTEN_CPP,False,CPP_UNVERIFIED,B_DIRECT_MIGRATION,ordinary C++ control/data-flow without detected boundary
include/flatbuffers/flexbuffers.h,Add,1473,1473,HANDWRITTEN_CPP,False,CPP_UNVERIFIED,B_DIRECT_MIGRATION,ordinary C++ control/data-flow without detected boundary
include/flatbuffers/flexbuffers.h,Add,1474,1474,HANDWRITTEN_CPP,False,CPP_UNVERIFIED,B_DIRECT_MIGRATION,ordinary C++ control/data-flow without detected boundary
include/flatbuffers/flexbuffers.h,Add,1475,1475,HANDWRITTEN_CPP,False,CPP_UNVERIFIED,B_DIRECT_MIGRATION,ordinary C++ control/data-flow without detected boundary
include/flatbuffers/flexbuffers.h,Add,1476,1476,HANDWRITTEN_CPP,False,CPP_UNVERIFIED,B_DIRECT_MIGRATION,ordinary C++ control/data-flow without detected boundary
include/flatbuffers/flexbuffers.h,Add,1477,1477,HANDWRITTEN_CPP,False,CPP_UNVERIFIED,B_DIRECT_MIGRATION,ordinary C++ control/data-flow without detected boundary
include/flatbuffers/flexbuffers.h,Add,1478,1478,HANDWRITTEN_CPP,False,CPP_UNVERIFIED,B_DIRECT_MIGRATION,ordinary C++ control/data-flow without detected boundary
include/flatbuffers/flexbuffers.h,Add,1479,1481,HANDWRITTEN_CPP,False,CPP_UNVERIFIED,B_DIRECT_MIGRATION,ordinary C++ control/data-flow without detected boundary
include/flatbuffers/flexbuffers.h,Add,1484,1486,HANDWRITTEN_CPP,False,CPP_UNVERIFIED,B_DIRECT_MIGRATION,ordinary C++ control/data-flow without detected boundary
include/flatbuffers/flexbuffers.h,Add,1490,1492,HANDWRITTEN_CPP,False,CPP_UNVERIFIED,B_DIRECT_MIGRATION,ordinary C++ control/data-flow without detected boundary
include/flatbuffers/flexbuffers.h,ForceMinimumBitWidth,1505,1505,HANDWRITTEN_CPP,False,CPP_UNVERIFIED,B_DIRECT_MIGRATION,ordinary C++ control/data-flow without detected boundary
include/flatbuffers/flexbuffers.h,Finish,1508,1509,HANDWRITTEN_CPP,False,CPP_UNVERIFIED,B_DIRECT_MIGRATION,ordinary C++ control/data-flow without detected boundary
include/flatbuffers/flexbuffers.h,Align,1536,1536,HANDWRITTEN_CPP,False,CPP_UNVERIFIED,B_DIRECT_MIGRATION,ordinary C++ control/data-flow without detected boundary
include/flatbuffers/flexbuffers.h,WriteBytes,1542,1543,HANDWRITTEN_CPP,False,CPP_UNVERIFIED,D_BOUNDARY,external/runtime/raw-pointer boundary
include/flatbuffers/flexbuffers.h,Write,1547,1549,HANDWRITTEN_CPP,False,CPP_UNVERIFIED,B_DIRECT_MIGRATION,ordinary C++ control/data-flow without detected boundary
include/flatbuffers/flexbuffers.h,WriteDouble,1554,1555,HANDWRITTEN_CPP,False,CPP_UNVERIFIED,B_DIRECT_MIGRATION,ordinary C++ control/data-flow without detected boundary
include/flatbuffers/flexbuffers.h,WriteOffset,1569,1570,HANDWRITTEN_CPP,False,CPP_UNVERIFIED,B_DIRECT_MIGRATION,ordinary C++ control/data-flow without detected boundary
include/flatbuffers/flexbuffers.h,PushIndirect,1575,1577,HANDWRITTEN_CPP,False,CPP_UNVERIFIED,B_DIRECT_MIGRATION,ordinary C++ control/data-flow without detected boundary
include/flatbuffers/flexbuffers.h,WidthB,1583,1584,HANDWRITTEN_CPP,False,CPP_UNVERIFIED,B_DIRECT_MIGRATION,ordinary C++ control/data-flow without detected boundary
include/flatbuffers/flexbuffers.h,GetScalarType,1599,1601,HANDWRITTEN_CPP,False,CPP_UNVERIFIED,B_DIRECT_MIGRATION,ordinary C++ control/data-flow without detected boundary
include/flatbuffers/flexbuffers.h,u_,1626,1628,HANDWRITTEN_CPP,False,CPP_UNVERIFIED,B_DIRECT_MIGRATION,ordinary C++ control/data-flow without detected boundary
include/flatbuffers/flexbuffers.h,i_,1631,1631,HANDWRITTEN_CPP,False,CPP_UNVERIFIED,B_DIRECT_MIGRATION,ordinary C++ control/data-flow without detected boundary
include/flatbuffers/flexbuffers.h,u_,1633,1633,HANDWRITTEN_CPP,False,CPP_UNVERIFIED,B_DIRECT_MIGRATION,ordinary C++ control/data-flow without detected boundary
include/flatbuffers/flexbuffers.h,f_,1636,1638,HANDWRITTEN_CPP,False,CPP_UNVERIFIED,B_DIRECT_MIGRATION,ordinary C++ control/data-flow without detected boundary
include/flatbuffers/flexbuffers.h,WriteAny,1682,1684,HANDWRITTEN_CPP,False,CPP_UNVERIFIED,B_DIRECT_MIGRATION,ordinary C++ control/data-flow without detected boundary
include/flatbuffers/flexbuffers.h,CreateBlob,1702,1703,HANDWRITTEN_CPP,False,CPP_UNVERIFIED,B_DIRECT_MIGRATION,ordinary C++ control/data-flow without detected boundary
include/flatbuffers/flexbuffers.h,CreateAlignedBlob,1707,1709,HANDWRITTEN_CPP,False,CPP_UNVERIFIED,B_DIRECT_MIGRATION,ordinary C++ control/data-flow without detected boundary
include/flatbuffers/flexbuffers.h,ScalarVector,1717,1719,HANDWRITTEN_CPP,False,CPP_UNVERIFIED,D_BOUNDARY,external/runtime/raw-pointer boundary
include/flatbuffers/flexbuffers.h,CreateVector,1738,1740,HANDWRITTEN_CPP,False,CPP_UNVERIFIED,B_DIRECT_MIGRATION,ordinary C++ control/data-flow without detected boundary
include/flatbuffers/flexbuffers.h,KeyOffsetCompare,1812,1812,HANDWRITTEN_CPP,False,CPP_UNVERIFIED,B_DIRECT_MIGRATION,ordinary C++ control/data-flow without detected boundary
include/flatbuffers/flexbuffers.h,StringOffsetCompare,1823,1824,HANDWRITTEN_CPP,False,CPP_UNVERIFIED,B_DIRECT_MIGRATION,ordinary C++ control/data-flow without detected boundary
include/flatbuffers/flexbuffers.h,Verifier,1845,1860,HANDWRITTEN_CPP,False,CPP_UNVERIFIED,B_DIRECT_MIGRATION,ordinary C++ control/data-flow without detected boundary
include/flatbuffers/flexbuffers.h,VerifyFromPointer,1887,1888,HANDWRITTEN_CPP,False,CPP_UNVERIFIED,B_DIRECT_MIGRATION,ordinary C++ control/data-flow without detected boundary
include/flatbuffers/flexbuffers.h,VerifyBeforePointer,1892,1892,HANDWRITTEN_CPP,False,CPP_UNVERIFIED,B_DIRECT_MIGRATION,ordinary C++ control/data-flow without detected boundary
include/flatbuffers/flexbuffers.h,VerifyByteWidth,1896,1897,HANDWRITTEN_CPP,False,CPP_UNVERIFIED,B_DIRECT_MIGRATION,ordinary C++ control/data-flow without detected boundary
include/flatbuffers/flexbuffers.h,VerifyType,1900,1901,HANDWRITTEN_CPP,False,CPP_UNVERIFIED,B_DIRECT_MIGRATION,ordinary C++ control/data-flow without detected boundary
include/flatbuffers/flexbuffers.h,VerifyOffset,1902,1903,HANDWRITTEN_CPP,False,CPP_UNVERIFIED,B_DIRECT_MIGRATION,ordinary C++ control/data-flow without detected boundary
include/flatbuffers/flexbuffers.h,VerifyVector,1923,1924,HANDWRITTEN_CPP,False,CPP_UNVERIFIED,B_DIRECT_MIGRATION,ordinary C++ control/data-flow without detected boundary
include/flatbuffers/flexbuffers.h,VerifyKeys,1961,1962,HANDWRITTEN_CPP,False,CPP_UNVERIFIED,B_DIRECT_MIGRATION,ordinary C++ control/data-flow without detected boundary
include/flatbuffers/flexbuffers.h,VerifyKey,1975,1976,HANDWRITTEN_CPP,False,CPP_UNVERIFIED,B_DIRECT_MIGRATION,ordinary C++ control/data-flow without detected boundary
include/flatbuffers/flexbuffers.h,VerifyTerminator,1984,1985,HANDWRITTEN_CPP,False,CPP_UNVERIFIED,D_BOUNDARY,external/runtime/raw-pointer boundary
include/flatbuffers/flexbuffers.h,VerifyRef,1989,1990,HANDWRITTEN_CPP,False,CPP_UNVERIFIED,B_DIRECT_MIGRATION,ordinary C++ control/data-flow without detected boundary
include/flatbuffers/flexbuffers.h,VerifyBuffer,2050,2052,HANDWRITTEN_CPP,False,CPP_UNVERIFIED,B_DIRECT_MIGRATION,ordinary C++ control/data-flow without detected boundary
include/flatbuffers/flexbuffers.h,VerifyBuffer,2074,2075,HANDWRITTEN_CPP,False,CPP_UNVERIFIED,B_DIRECT_MIGRATION,ordinary C++ control/data-flow without detected boundary
include/flatbuffers/grpc.h,Message,35,36,HANDWRITTEN_CPP,False,CPP_UNVERIFIED,B_DIRECT_MIGRATION,ordinary C++ control/data-flow without detected boundary
include/flatbuffers/grpc.h,SliceAllocator,76,77,HANDWRITTEN_CPP,False,CPP_UNVERIFIED,B_DIRECT_MIGRATION,ordinary C++ control/data-flow without detected boundary
include/flatbuffers/grpc.h,swap,93,94,HANDWRITTEN_CPP,False,CPP_UNVERIFIED,B_DIRECT_MIGRATION,ordinary C++ control/data-flow without detected boundary
include/flatbuffers/grpc.h,~SliceAllocator,98,99,HANDWRITTEN_CPP,False,CPP_UNVERIFIED,B_DIRECT_MIGRATION,ordinary C++ control/data-flow without detected boundary
include/flatbuffers/grpc.h,MessageBuilder,153,155,HANDWRITTEN_CPP,False,CPP_UNVERIFIED,B_DIRECT_MIGRATION,ordinary C++ control/data-flow without detected boundary
include/flatbuffers/grpc.h,FlatBufferBuilder,161,161,HANDWRITTEN_CPP,False,CPP_UNVERIFIED,B_DIRECT_MIGRATION,ordinary C++ control/data-flow without detected boundary
include/flatbuffers/grpc.h,MessageBuilder,167,170,HANDWRITTEN_CPP,False,CPP_UNVERIFIED,D_BOUNDARY,external/runtime/raw-pointer boundary
include/flatbuffers/grpc.h,Swap,198,199,HANDWRITTEN_CPP,False,CPP_UNVERIFIED,B_DIRECT_MIGRATION,ordinary C++ control/data-flow without detected boundary
include/flatbuffers/grpc.h,GetMessage,225,226,HANDWRITTEN_CPP,False,CPP_UNVERIFIED,B_DIRECT_MIGRATION,ordinary C++ control/data-flow without detected boundary
include/flatbuffers/grpc.h,ReleaseMessage,247,249,HANDWRITTEN_CPP,False,CPP_UNVERIFIED,B_DIRECT_MIGRATION,ordinary C++ control/data-flow without detected boundary
include/flatbuffers/grpc.h,Serialize,266,268,HANDWRITTEN_CPP,False,CPP_UNVERIFIED,B_DIRECT_MIGRATION,ordinary C++ control/data-flow without detected boundary
include/flatbuffers/grpc.h,Deserialize,277,278,HANDWRITTEN_CPP,False,CPP_UNVERIFIED,B_DIRECT_MIGRATION,ordinary C++ control/data-flow without detected boundary
include/flatbuffers/hash.h,HashFnv1,44,46,HANDWRITTEN_CPP,False,CPP_UNVERIFIED,D_BOUNDARY,external/runtime/raw-pointer boundary
include/flatbuffers/hash.h,HashFnv1a,54,56,HANDWRITTEN_CPP,False,CPP_UNVERIFIED,D_BOUNDARY,external/runtime/raw-pointer boundary
include/flatbuffers/hash.h,FindHashFunction16,99,101,HANDWRITTEN_CPP,False,CPP_UNVERIFIED,B_DIRECT_MIGRATION,ordinary C++ control/data-flow without detected boundary
include/flatbuffers/hash.h,FindHashFunction32,110,112,HANDWRITTEN_CPP,False,CPP_UNVERIFIED,B_DIRECT_MIGRATION,ordinary C++ control/data-flow without detected boundary
include/flatbuffers/hash.h,FindHashFunction64,121,123,HANDWRITTEN_CPP,False,CPP_UNVERIFIED,B_DIRECT_MIGRATION,ordinary C++ control/data-flow without detected boundary
include/flatbuffers/idl.h,IsScalar,133,134,HANDWRITTEN_CPP,False,CPP_UNVERIFIED,B_DIRECT_MIGRATION,ordinary C++ control/data-flow without detected boundary
include/flatbuffers/idl.h,IsInteger,136,136,HANDWRITTEN_CPP,False,CPP_UNVERIFIED,B_DIRECT_MIGRATION,ordinary C++ control/data-flow without detected boundary
include/flatbuffers/idl.h,IsFloat,138,138,HANDWRITTEN_CPP,False,CPP_UNVERIFIED,B_DIRECT_MIGRATION,ordinary C++ control/data-flow without detected boundary
include/flatbuffers/idl.h,IsLong,140,140,HANDWRITTEN_CPP,False,CPP_UNVERIFIED,B_DIRECT_MIGRATION,ordinary C++ control/data-flow without detected boundary
include/flatbuffers/idl.h,IsBool,142,142,HANDWRITTEN_CPP,False,CPP_UNVERIFIED,B_DIRECT_MIGRATION,ordinary C++ control/data-flow without detected boundary
include/flatbuffers/idl.h,IsOneByte,143,143,HANDWRITTEN_CPP,False,CPP_UNVERIFIED,B_DIRECT_MIGRATION,ordinary C++ control/data-flow without detected boundary
include/flatbuffers/idl.h,IsVector,145,145,HANDWRITTEN_CPP,False,CPP_UNVERIFIED,B_DIRECT_MIGRATION,ordinary C++ control/data-flow without detected boundary
include/flatbuffers/idl.h,IsUnsigned,147,148,HANDWRITTEN_CPP,False,CPP_UNVERIFIED,B_DIRECT_MIGRATION,ordinary C++ control/data-flow without detected boundary
include/flatbuffers/idl.h,SizeOf,153,154,HANDWRITTEN_CPP,False,CPP_UNVERIFIED,B_DIRECT_MIGRATION,ordinary C++ control/data-flow without detected boundary
include/flatbuffers/idl.h,Type,196,202,HANDWRITTEN_CPP,False,CPP_UNVERIFIED,B_DIRECT_MIGRATION,ordinary C++ control/data-flow without detected boundary
include/flatbuffers/idl.h,constant,229,230,HANDWRITTEN_CPP,False,CPP_UNVERIFIED,B_DIRECT_MIGRATION,ordinary C++ control/data-flow without detected boundary
include/flatbuffers/idl.h,~SymbolTable,240,241,HANDWRITTEN_CPP,False,CPP_UNVERIFIED,B_DIRECT_MIGRATION,ordinary C++ control/data-flow without detected boundary
include/flatbuffers/idl.h,Add,246,247,HANDWRITTEN_CPP,False,CPP_UNVERIFIED,B_DIRECT_MIGRATION,ordinary C++ control/data-flow without detected boundary
include/flatbuffers/idl.h,Move,254,255,HANDWRITTEN_CPP,False,CPP_UNVERIFIED,B_DIRECT_MIGRATION,ordinary C++ control/data-flow without detected boundary
include/flatbuffers/idl.h,generated,303,308,HANDWRITTEN_CPP,False,CPP_UNVERIFIED,B_DIRECT_MIGRATION,ordinary C++ control/data-flow without detected boundary
include/flatbuffers/idl.h,deprecated,333,342,HANDWRITTEN_CPP,False,CPP_UNVERIFIED,B_DIRECT_MIGRATION,ordinary C++ control/data-flow without detected boundary
include/flatbuffers/idl.h,MakeFieldPresence,377,377,HANDWRITTEN_CPP,False,CPP_UNVERIFIED,B_DIRECT_MIGRATION,ordinary C++ control/data-flow without detected boundary
include/flatbuffers/idl.h,PadLastField,412,413,HANDWRITTEN_CPP,False,CPP_UNVERIFIED,B_DIRECT_MIGRATION,ordinary C++ control/data-flow without detected boundary
include/flatbuffers/idl.h,IsString,528,529,HANDWRITTEN_CPP,False,CPP_UNVERIFIED,B_DIRECT_MIGRATION,ordinary C++ control/data-flow without detected boundary
include/flatbuffers/idl.h,IsStruct,532,533,HANDWRITTEN_CPP,False,CPP_UNVERIFIED,B_DIRECT_MIGRATION,ordinary C++ control/data-flow without detected boundary
include/flatbuffers/idl.h,IsIncompleteStruct,536,537,HANDWRITTEN_CPP,False,CPP_UNVERIFIED,B_DIRECT_MIGRATION,ordinary C++ control/data-flow without detected boundary
include/flatbuffers/idl.h,IsTable,540,541,HANDWRITTEN_CPP,False,CPP_UNVERIFIED,B_DIRECT_MIGRATION,ordinary C++ control/data-flow without detected boundary
include/flatbuffers/idl.h,IsUnion,544,545,HANDWRITTEN_CPP,False,CPP_UNVERIFIED,B_DIRECT_MIGRATION,ordinary C++ control/data-flow without detected boundary
include/flatbuffers/idl.h,IsUnionType,548,549,HANDWRITTEN_CPP,False,CPP_UNVERIFIED,B_DIRECT_MIGRATION,ordinary C++ control/data-flow without detected boundary
include/flatbuffers/idl.h,IsVector,552,553,HANDWRITTEN_CPP,False,CPP_UNVERIFIED,B_DIRECT_MIGRATION,ordinary C++ control/data-flow without detected boundary
include/flatbuffers/idl.h,IsVectorOfStruct,554,555,HANDWRITTEN_CPP,False,CPP_UNVERIFIED,B_DIRECT_MIGRATION,ordinary C++ control/data-flow without detected boundary
include/flatbuffers/idl.h,IsVectorOfTable,558,559,HANDWRITTEN_CPP,False,CPP_UNVERIFIED,B_DIRECT_MIGRATION,ordinary C++ control/data-flow without detected boundary
include/flatbuffers/idl.h,IsArray,562,563,HANDWRITTEN_CPP,False,CPP_UNVERIFIED,B_DIRECT_MIGRATION,ordinary C++ control/data-flow without detected boundary
include/flatbuffers/idl.h,IsSeries,566,567,HANDWRITTEN_CPP,False,CPP_UNVERIFIED,B_DIRECT_MIGRATION,ordinary C++ control/data-flow without detected boundary
include/flatbuffers/idl.h,IsEnum,570,571,HANDWRITTEN_CPP,False,CPP_UNVERIFIED,B_DIRECT_MIGRATION,ordinary C++ control/data-flow without detected boundary
include/flatbuffers/idl.h,InlineSize,574,575,HANDWRITTEN_CPP,False,CPP_UNVERIFIED,B_DIRECT_MIGRATION,ordinary C++ control/data-flow without detected boundary
include/flatbuffers/idl.h,InlineAlignment,582,583,HANDWRITTEN_CPP,False,CPP_UNVERIFIED,B_DIRECT_MIGRATION,ordinary C++ control/data-flow without detected boundary
include/flatbuffers/idl.h,EqualByName,599,600,HANDWRITTEN_CPP,False,CPP_UNVERIFIED,B_DIRECT_MIGRATION,ordinary C++ control/data-flow without detected boundary
include/flatbuffers/idl.h,gen_jvmstatic,811,885,HANDWRITTEN_CPP,False,CPP_UNVERIFIED,B_DIRECT_MIGRATION,ordinary C++ control/data-flow without detected boundary
include/flatbuffers/idl.h,prev_cursor_,891,896,HANDWRITTEN_CPP,False,CPP_UNVERIFIED,B_DIRECT_MIGRATION,ordinary C++ control/data-flow without detected boundary
include/flatbuffers/idl.h,ResetState,897,899,HANDWRITTEN_CPP,False,CPP_UNVERIFIED,B_DIRECT_MIGRATION,ordinary C++ control/data-flow without detected boundary
include/flatbuffers/idl.h,MarkNewLine,905,906,HANDWRITTEN_CPP,False,CPP_UNVERIFIED,B_DIRECT_MIGRATION,ordinary C++ control/data-flow without detected boundary
include/flatbuffers/idl.h,CheckedError,938,940,HANDWRITTEN_CPP,False,CPP_UNVERIFIED,B_DIRECT_MIGRATION,ordinary C++ control/data-flow without detected boundary
include/flatbuffers/idl.h,Check,954,955,HANDWRITTEN_CPP,False,CPP_UNVERIFIED,B_DIRECT_MIGRATION,ordinary C++ control/data-flow without detected boundary
include/flatbuffers/idl.h,Parser,977,989,HANDWRITTEN_CPP,False,CPP_UNVERIFIED,B_DIRECT_MIGRATION,ordinary C++ control/data-flow without detected boundary
include/flatbuffers/minireflect.h,StartSequence,39,39,HANDWRITTEN_CPP,False,CPP_UNVERIFIED,B_DIRECT_MIGRATION,ordinary C++ control/data-flow without detected boundary
include/flatbuffers/minireflect.h,EndSequence,40,40,HANDWRITTEN_CPP,False,CPP_UNVERIFIED,B_DIRECT_MIGRATION,ordinary C++ control/data-flow without detected boundary
include/flatbuffers/minireflect.h,Field,43,46,HANDWRITTEN_CPP,False,CPP_UNVERIFIED,B_DIRECT_MIGRATION,ordinary C++ control/data-flow without detected boundary
include/flatbuffers/minireflect.h,UType,49,49,HANDWRITTEN_CPP,False,CPP_UNVERIFIED,B_DIRECT_MIGRATION,ordinary C++ control/data-flow without detected boundary
include/flatbuffers/minireflect.h,Bool,50,50,HANDWRITTEN_CPP,False,CPP_UNVERIFIED,B_DIRECT_MIGRATION,ordinary C++ control/data-flow without detected boundary
include/flatbuffers/minireflect.h,Char,51,51,HANDWRITTEN_CPP,False,CPP_UNVERIFIED,B_DIRECT_MIGRATION,ordinary C++ control/data-flow without detected boundary
include/flatbuffers/minireflect.h,UChar,52,52,HANDWRITTEN_CPP,False,CPP_UNVERIFIED,B_DIRECT_MIGRATION,ordinary C++ control/data-flow without detected boundary
include/flatbuffers/minireflect.h,Short,53,53,HANDWRITTEN_CPP,False,CPP_UNVERIFIED,B_DIRECT_MIGRATION,ordinary C++ control/data-flow without detected boundary
include/flatbuffers/minireflect.h,UShort,54,54,HANDWRITTEN_CPP,False,CPP_UNVERIFIED,B_DIRECT_MIGRATION,ordinary C++ control/data-flow without detected boundary
include/flatbuffers/minireflect.h,Int,55,55,HANDWRITTEN_CPP,False,CPP_UNVERIFIED,B_DIRECT_MIGRATION,ordinary C++ control/data-flow without detected boundary
include/flatbuffers/minireflect.h,UInt,56,56,HANDWRITTEN_CPP,False,CPP_UNVERIFIED,B_DIRECT_MIGRATION,ordinary C++ control/data-flow without detected boundary
include/flatbuffers/minireflect.h,Long,57,57,HANDWRITTEN_CPP,False,CPP_UNVERIFIED,B_DIRECT_MIGRATION,ordinary C++ control/data-flow without detected boundary
include/flatbuffers/minireflect.h,ULong,58,58,HANDWRITTEN_CPP,False,CPP_UNVERIFIED,B_DIRECT_MIGRATION,ordinary C++ control/data-flow without detected boundary
include/flatbuffers/minireflect.h,Float,59,59,HANDWRITTEN_CPP,False,CPP_UNVERIFIED,B_DIRECT_MIGRATION,ordinary C++ control/data-flow without detected boundary
include/flatbuffers/minireflect.h,Double,60,60,HANDWRITTEN_CPP,False,CPP_UNVERIFIED,B_DIRECT_MIGRATION,ordinary C++ control/data-flow without detected boundary
include/flatbuffers/minireflect.h,String,61,61,HANDWRITTEN_CPP,False,CPP_UNVERIFIED,B_DIRECT_MIGRATION,ordinary C++ control/data-flow without detected boundary
include/flatbuffers/minireflect.h,Unknown,62,62,HANDWRITTEN_CPP,False,CPP_UNVERIFIED,B_DIRECT_MIGRATION,ordinary C++ control/data-flow without detected boundary
include/flatbuffers/minireflect.h,StartVector,64,64,HANDWRITTEN_CPP,False,CPP_UNVERIFIED,B_DIRECT_MIGRATION,ordinary C++ control/data-flow without detected boundary
include/flatbuffers/minireflect.h,EndVector,65,65,HANDWRITTEN_CPP,False,CPP_UNVERIFIED,B_DIRECT_MIGRATION,ordinary C++ control/data-flow without detected boundary
include/flatbuffers/minireflect.h,Element,66,68,HANDWRITTEN_CPP,False,CPP_UNVERIFIED,B_DIRECT_MIGRATION,ordinary C++ control/data-flow without detected boundary
include/flatbuffers/minireflect.h,~IterationVisitor,69,69,HANDWRITTEN_CPP,False,CPP_UNVERIFIED,B_DIRECT_MIGRATION,ordinary C++ control/data-flow without detected boundary
include/flatbuffers/minireflect.h,InlineSize,71,72,HANDWRITTEN_CPP,False,CPP_UNVERIFIED,B_DIRECT_MIGRATION,ordinary C++ control/data-flow without detected boundary
include/flatbuffers/minireflect.h,switch,91,92,HANDWRITTEN_CPP,False,CPP_UNVERIFIED,B_DIRECT_MIGRATION,ordinary C++ control/data-flow without detected boundary
include/flatbuffers/minireflect.h,LookupEnum,107,109,HANDWRITTEN_CPP,False,CPP_UNVERIFIED,B_DIRECT_MIGRATION,ordinary C++ control/data-flow without detected boundary
include/flatbuffers/minireflect.h,IterateValue,130,133,HANDWRITTEN_CPP,False,CPP_UNVERIFIED,B_DIRECT_MIGRATION,ordinary C++ control/data-flow without detected boundary
include/flatbuffers/minireflect.h,IterateObject,246,248,HANDWRITTEN_CPP,False,CPP_UNVERIFIED,D_BOUNDARY,external/runtime/raw-pointer boundary
include/flatbuffers/minireflect.h,IterateFlatBuffer,303,306,HANDWRITTEN_CPP,False,CPP_UNVERIFIED,C_LOCAL_REFACTOR,"ownership, callback, threading, or template shape"
include/flatbuffers/minireflect.h,d,322,326,HANDWRITTEN_CPP,False,CPP_UNVERIFIED,B_DIRECT_MIGRATION,ordinary C++ control/data-flow without detected boundary
include/flatbuffers/minireflect.h,d,328,332,HANDWRITTEN_CPP,False,CPP_UNVERIFIED,B_DIRECT_MIGRATION,ordinary C++ control/data-flow without detected boundary
include/flatbuffers/minireflect.h,append_indent,333,334,HANDWRITTEN_CPP,False,CPP_UNVERIFIED,B_DIRECT_MIGRATION,ordinary C++ control/data-flow without detected boundary
include/flatbuffers/minireflect.h,StartSequence,339,340,HANDWRITTEN_CPP,False,CPP_UNVERIFIED,B_DIRECT_MIGRATION,ordinary C++ control/data-flow without detected boundary
include/flatbuffers/minireflect.h,EndSequence,345,345,HANDWRITTEN_CPP,False,CPP_UNVERIFIED,B_DIRECT_MIGRATION,ordinary C++ control/data-flow without detected boundary
include/flatbuffers/minireflect.h,Field,351,353,HANDWRITTEN_CPP,False,CPP_UNVERIFIED,B_DIRECT_MIGRATION,ordinary C++ control/data-flow without detected boundary
include/flatbuffers/minireflect.h,Named,367,368,HANDWRITTEN_CPP,False,CPP_UNVERIFIED,B_DIRECT_MIGRATION,ordinary C++ control/data-flow without detected boundary
include/flatbuffers/minireflect.h,UType,377,377,HANDWRITTEN_CPP,False,CPP_UNVERIFIED,B_DIRECT_MIGRATION,ordinary C++ control/data-flow without detected boundary
include/flatbuffers/minireflect.h,Bool,378,378,HANDWRITTEN_CPP,False,CPP_UNVERIFIED,B_DIRECT_MIGRATION,ordinary C++ control/data-flow without detected boundary
include/flatbuffers/minireflect.h,Char,379,379,HANDWRITTEN_CPP,False,CPP_UNVERIFIED,B_DIRECT_MIGRATION,ordinary C++ control/data-flow without detected boundary
include/flatbuffers/minireflect.h,UChar,380,380,HANDWRITTEN_CPP,False,CPP_UNVERIFIED,B_DIRECT_MIGRATION,ordinary C++ control/data-flow without detected boundary
include/flatbuffers/minireflect.h,Short,381,381,HANDWRITTEN_CPP,False,CPP_UNVERIFIED,B_DIRECT_MIGRATION,ordinary C++ control/data-flow without detected boundary
include/flatbuffers/minireflect.h,UShort,382,382,HANDWRITTEN_CPP,False,CPP_UNVERIFIED,B_DIRECT_MIGRATION,ordinary C++ control/data-flow without detected boundary
include/flatbuffers/minireflect.h,Int,383,383,HANDWRITTEN_CPP,False,CPP_UNVERIFIED,B_DIRECT_MIGRATION,ordinary C++ control/data-flow without detected boundary
include/flatbuffers/minireflect.h,UInt,384,384,HANDWRITTEN_CPP,False,CPP_UNVERIFIED,B_DIRECT_MIGRATION,ordinary C++ control/data-flow without detected boundary
include/flatbuffers/minireflect.h,Long,385,385,HANDWRITTEN_CPP,False,CPP_UNVERIFIED,B_DIRECT_MIGRATION,ordinary C++ control/data-flow without detected boundary
include/flatbuffers/minireflect.h,ULong,386,386,HANDWRITTEN_CPP,False,CPP_UNVERIFIED,B_DIRECT_MIGRATION,ordinary C++ control/data-flow without detected boundary
include/flatbuffers/minireflect.h,Float,387,387,HANDWRITTEN_CPP,False,CPP_UNVERIFIED,B_DIRECT_MIGRATION,ordinary C++ control/data-flow without detected boundary
include/flatbuffers/minireflect.h,Double,388,388,HANDWRITTEN_CPP,False,CPP_UNVERIFIED,B_DIRECT_MIGRATION,ordinary C++ control/data-flow without detected boundary
include/flatbuffers/minireflect.h,String,389,389,HANDWRITTEN_CPP,False,CPP_UNVERIFIED,B_DIRECT_MIGRATION,ordinary C++ control/data-flow without detected boundary
include/flatbuffers/minireflect.h,Unknown,392,392,HANDWRITTEN_CPP,False,CPP_UNVERIFIED,B_DIRECT_MIGRATION,ordinary C++ control/data-flow without detected boundary
include/flatbuffers/minireflect.h,StartVector,393,393,HANDWRITTEN_CPP,False,CPP_UNVERIFIED,B_DIRECT_MIGRATION,ordinary C++ control/data-flow without detected boundary
include/flatbuffers/minireflect.h,EndVector,403,403,HANDWRITTEN_CPP,False,CPP_UNVERIFIED,B_DIRECT_MIGRATION,ordinary C++ control/data-flow without detected boundary
include/flatbuffers/minireflect.h,Element,413,414,HANDWRITTEN_CPP,False,CPP_UNVERIFIED,B_DIRECT_MIGRATION,ordinary C++ control/data-flow without detected boundary
include/flatbuffers/minireflect.h,FlatBufferToString,426,432,HANDWRITTEN_CPP,False,CPP_UNVERIFIED,B_DIRECT_MIGRATION,ordinary C++ control/data-flow without detected boundary
include/flatbuffers/reflection.h,IsScalar,32,33,HANDWRITTEN_CPP,False,CPP_UNVERIFIED,B_DIRECT_MIGRATION,ordinary C++ control/data-flow without detected boundary
include/flatbuffers/reflection.h,IsInteger,36,36,HANDWRITTEN_CPP,False,CPP_UNVERIFIED,B_DIRECT_MIGRATION,ordinary C++ control/data-flow without detected boundary
include/flatbuffers/reflection.h,IsFloat,39,39,HANDWRITTEN_CPP,False,CPP_UNVERIFIED,B_DIRECT_MIGRATION,ordinary C++ control/data-flow without detected boundary
include/flatbuffers/reflection.h,IsLong,42,42,HANDWRITTEN_CPP,False,CPP_UNVERIFIED,B_DIRECT_MIGRATION,ordinary C++ control/data-flow without detected boundary
include/flatbuffers/reflection.h,GetTypeSize,77,77,HANDWRITTEN_CPP,False,CPP_UNVERIFIED,B_DIRECT_MIGRATION,ordinary C++ control/data-flow without detected boundary
include/flatbuffers/reflection.h,GetTypeSizeInline,83,84,HANDWRITTEN_CPP,False,CPP_UNVERIFIED,B_DIRECT_MIGRATION,ordinary C++ control/data-flow without detected boundary
include/flatbuffers/reflection.h,GetFieldDefaultI,111,112,HANDWRITTEN_CPP,False,CPP_UNVERIFIED,B_DIRECT_MIGRATION,ordinary C++ control/data-flow without detected boundary
include/flatbuffers/reflection.h,GetFieldDefaultF,118,119,HANDWRITTEN_CPP,False,CPP_UNVERIFIED,B_DIRECT_MIGRATION,ordinary C++ control/data-flow without detected boundary
include/flatbuffers/reflection.h,GetFieldI,125,126,HANDWRITTEN_CPP,False,CPP_UNVERIFIED,B_DIRECT_MIGRATION,ordinary C++ control/data-flow without detected boundary
include/flatbuffers/reflection.h,GetFieldF,133,134,HANDWRITTEN_CPP,False,CPP_UNVERIFIED,B_DIRECT_MIGRATION,ordinary C++ control/data-flow without detected boundary
include/flatbuffers/reflection.h,GetAnyFieldI,200,201,HANDWRITTEN_CPP,False,CPP_UNVERIFIED,B_DIRECT_MIGRATION,ordinary C++ control/data-flow without detected boundary
include/flatbuffers/reflection.h,GetAnyFieldF,208,208,HANDWRITTEN_CPP,False,CPP_UNVERIFIED,B_DIRECT_MIGRATION,ordinary C++ control/data-flow without detected boundary
include/flatbuffers/reflection.h,GetAnyFieldS,217,219,HANDWRITTEN_CPP,False,CPP_UNVERIFIED,B_DIRECT_MIGRATION,ordinary C++ control/data-flow without detected boundary
include/flatbuffers/reflection.h,GetAnyFieldI,227,227,HANDWRITTEN_CPP,False,CPP_UNVERIFIED,B_DIRECT_MIGRATION,ordinary C++ control/data-flow without detected boundary
include/flatbuffers/reflection.h,GetAnyFieldF,233,233,HANDWRITTEN_CPP,False,CPP_UNVERIFIED,B_DIRECT_MIGRATION,ordinary C++ control/data-flow without detected boundary
include/flatbuffers/reflection.h,GetAnyFieldS,239,240,HANDWRITTEN_CPP,False,CPP_UNVERIFIED,B_DIRECT_MIGRATION,ordinary C++ control/data-flow without detected boundary
include/flatbuffers/reflection.h,GetAnyVectorElemI,246,247,HANDWRITTEN_CPP,False,CPP_UNVERIFIED,B_DIRECT_MIGRATION,ordinary C++ control/data-flow without detected boundary
include/flatbuffers/reflection.h,GetAnyVectorElemF,252,253,HANDWRITTEN_CPP,False,CPP_UNVERIFIED,B_DIRECT_MIGRATION,ordinary C++ control/data-flow without detected boundary
include/flatbuffers/reflection.h,GetAnyVectorElemS,258,259,HANDWRITTEN_CPP,False,CPP_UNVERIFIED,B_DIRECT_MIGRATION,ordinary C++ control/data-flow without detected boundary
include/flatbuffers/reflection.h,SetField,305,306,HANDWRITTEN_CPP,False,CPP_UNVERIFIED,B_DIRECT_MIGRATION,ordinary C++ control/data-flow without detected boundary
include/flatbuffers/reflection.h,SetAnyFieldI,331,332,HANDWRITTEN_CPP,False,CPP_UNVERIFIED,B_DIRECT_MIGRATION,ordinary C++ control/data-flow without detected boundary
include/flatbuffers/reflection.h,SetAnyFieldF,340,341,HANDWRITTEN_CPP,False,CPP_UNVERIFIED,B_DIRECT_MIGRATION,ordinary C++ control/data-flow without detected boundary
include/flatbuffers/reflection.h,SetAnyFieldS,349,350,HANDWRITTEN_CPP,False,CPP_UNVERIFIED,B_DIRECT_MIGRATION,ordinary C++ control/data-flow without detected boundary
include/flatbuffers/reflection.h,SetAnyFieldI,358,359,HANDWRITTEN_CPP,False,CPP_UNVERIFIED,B_DIRECT_MIGRATION,ordinary C++ control/data-flow without detected boundary
include/flatbuffers/reflection.h,SetAnyFieldF,365,366,HANDWRITTEN_CPP,False,CPP_UNVERIFIED,B_DIRECT_MIGRATION,ordinary C++ control/data-flow without detected boundary
include/flatbuffers/reflection.h,SetAnyFieldS,372,373,HANDWRITTEN_CPP,False,CPP_UNVERIFIED,B_DIRECT_MIGRATION,ordinary C++ control/data-flow without detected boundary
include/flatbuffers/reflection.h,SetAnyVectorElemI,379,380,HANDWRITTEN_CPP,False,CPP_UNVERIFIED,B_DIRECT_MIGRATION,ordinary C++ control/data-flow without detected boundary
include/flatbuffers/reflection.h,SetAnyVectorElemF,385,386,HANDWRITTEN_CPP,False,CPP_UNVERIFIED,B_DIRECT_MIGRATION,ordinary C++ control/data-flow without detected boundary
include/flatbuffers/reflection.h,SetAnyVectorElemS,391,392,HANDWRITTEN_CPP,False,CPP_UNVERIFIED,B_DIRECT_MIGRATION,ordinary C++ control/data-flow without detected boundary
include/flatbuffers/reflection.h,pointer_inside_vector,402,406,HANDWRITTEN_CPP,False,CPP_UNVERIFIED,B_DIRECT_MIGRATION,ordinary C++ control/data-flow without detected boundary
include/flatbuffers/reflection.h,ResizeVector,459,463,HANDWRITTEN_CPP,False,CPP_UNVERIFIED,B_DIRECT_MIGRATION,ordinary C++ control/data-flow without detected boundary
include/flatbuffers/reflection.h,SetFieldT,490,492,HANDWRITTEN_CPP,False,CPP_UNVERIFIED,B_DIRECT_MIGRATION,ordinary C++ control/data-flow without detected boundary
include/flatbuffers/reflection_generated.h,add_base_type,216,216,HANDWRITTEN_CPP,False,CPP_UNVERIFIED,B_DIRECT_MIGRATION,ordinary C++ control/data-flow without detected boundary
include/flatbuffers/reflection_generated.h,add_element,219,219,HANDWRITTEN_CPP,False,CPP_UNVERIFIED,B_DIRECT_MIGRATION,ordinary C++ control/data-flow without detected boundary
include/flatbuffers/reflection_generated.h,add_index,222,222,HANDWRITTEN_CPP,False,CPP_UNVERIFIED,B_DIRECT_MIGRATION,ordinary C++ control/data-flow without detected boundary
include/flatbuffers/reflection_generated.h,add_fixed_length,225,225,HANDWRITTEN_CPP,False,CPP_UNVERIFIED,B_DIRECT_MIGRATION,ordinary C++ control/data-flow without detected boundary
include/flatbuffers/reflection_generated.h,add_base_size,228,228,HANDWRITTEN_CPP,False,CPP_UNVERIFIED,B_DIRECT_MIGRATION,ordinary C++ control/data-flow without detected boundary
include/flatbuffers/reflection_generated.h,add_element_size,231,231,HANDWRITTEN_CPP,False,CPP_UNVERIFIED,B_DIRECT_MIGRATION,ordinary C++ control/data-flow without detected boundary
include/flatbuffers/reflection_generated.h,TypeBuilder,234,235,HANDWRITTEN_CPP,False,CPP_UNVERIFIED,B_DIRECT_MIGRATION,ordinary C++ control/data-flow without detected boundary
include/flatbuffers/reflection_generated.h,Finish,238,238,HANDWRITTEN_CPP,False,CPP_UNVERIFIED,B_DIRECT_MIGRATION,ordinary C++ control/data-flow without detected boundary
include/flatbuffers/reflection_generated.h,CreateType,244,252,HANDWRITTEN_CPP,False,CPP_UNVERIFIED,B_DIRECT_MIGRATION,ordinary C++ control/data-flow without detected boundary
include/flatbuffers/reflection_generated.h,add_key,302,302,HANDWRITTEN_CPP,False,CPP_UNVERIFIED,B_DIRECT_MIGRATION,ordinary C++ control/data-flow without detected boundary
include/flatbuffers/reflection_generated.h,add_value,305,305,HANDWRITTEN_CPP,False,CPP_UNVERIFIED,B_DIRECT_MIGRATION,ordinary C++ control/data-flow without detected boundary
include/flatbuffers/reflection_generated.h,KeyValueBuilder,308,309,HANDWRITTEN_CPP,False,CPP_UNVERIFIED,B_DIRECT_MIGRATION,ordinary C++ control/data-flow without detected boundary
include/flatbuffers/reflection_generated.h,Finish,312,312,HANDWRITTEN_CPP,False,CPP_UNVERIFIED,B_DIRECT_MIGRATION,ordinary C++ control/data-flow without detected boundary
include/flatbuffers/reflection_generated.h,CreateKeyValue,319,323,HANDWRITTEN_CPP,False,CPP_UNVERIFIED,B_DIRECT_MIGRATION,ordinary C++ control/data-flow without detected boundary
include/flatbuffers/reflection_generated.h,CreateKeyValueDirect,329,333,HANDWRITTEN_CPP,False,CPP_UNVERIFIED,B_DIRECT_MIGRATION,ordinary C++ control/data-flow without detected boundary
include/flatbuffers/reflection_generated.h,add_name,394,394,HANDWRITTEN_CPP,False,CPP_UNVERIFIED,B_DIRECT_MIGRATION,ordinary C++ control/data-flow without detected boundary
include/flatbuffers/reflection_generated.h,add_value,397,397,HANDWRITTEN_CPP,False,CPP_UNVERIFIED,B_DIRECT_MIGRATION,ordinary C++ control/data-flow without detected boundary
include/flatbuffers/reflection_generated.h,add_union_type,400,400,HANDWRITTEN_CPP,False,CPP_UNVERIFIED,B_DIRECT_MIGRATION,ordinary C++ control/data-flow without detected boundary
include/flatbuffers/reflection_generated.h,add_documentation,403,403,HANDWRITTEN_CPP,False,CPP_UNVERIFIED,B_DIRECT_MIGRATION,ordinary C++ control/data-flow without detected boundary
include/flatbuffers/reflection_generated.h,add_attributes,406,406,HANDWRITTEN_CPP,False,CPP_UNVERIFIED,B_DIRECT_MIGRATION,ordinary C++ control/data-flow without detected boundary
include/flatbuffers/reflection_generated.h,EnumValBuilder,409,410,HANDWRITTEN_CPP,False,CPP_UNVERIFIED,B_DIRECT_MIGRATION,ordinary C++ control/data-flow without detected boundary
include/flatbuffers/reflection_generated.h,Finish,413,413,HANDWRITTEN_CPP,False,CPP_UNVERIFIED,B_DIRECT_MIGRATION,ordinary C++ control/data-flow without detected boundary
include/flatbuffers/reflection_generated.h,CreateEnumVal,420,427,HANDWRITTEN_CPP,False,CPP_UNVERIFIED,B_DIRECT_MIGRATION,ordinary C++ control/data-flow without detected boundary
include/flatbuffers/reflection_generated.h,CreateEnumValDirect,436,443,HANDWRITTEN_CPP,False,CPP_UNVERIFIED,B_DIRECT_MIGRATION,ordinary C++ control/data-flow without detected boundary
include/flatbuffers/reflection_generated.h,add_name,528,528,HANDWRITTEN_CPP,False,CPP_UNVERIFIED,B_DIRECT_MIGRATION,ordinary C++ control/data-flow without detected boundary
include/flatbuffers/reflection_generated.h,add_values,531,531,HANDWRITTEN_CPP,False,CPP_UNVERIFIED,B_DIRECT_MIGRATION,ordinary C++ control/data-flow without detected boundary
include/flatbuffers/reflection_generated.h,add_is_union,534,534,HANDWRITTEN_CPP,False,CPP_UNVERIFIED,B_DIRECT_MIGRATION,ordinary C++ control/data-flow without detected boundary
include/flatbuffers/reflection_generated.h,add_underlying_type,537,537,HANDWRITTEN_CPP,False,CPP_UNVERIFIED,B_DIRECT_MIGRATION,ordinary C++ control/data-flow without detected boundary
include/flatbuffers/reflection_generated.h,add_attributes,540,540,HANDWRITTEN_CPP,False,CPP_UNVERIFIED,B_DIRECT_MIGRATION,ordinary C++ control/data-flow without detected boundary
include/flatbuffers/reflection_generated.h,add_documentation,543,543,HANDWRITTEN_CPP,False,CPP_UNVERIFIED,B_DIRECT_MIGRATION,ordinary C++ control/data-flow without detected boundary
include/flatbuffers/reflection_generated.h,add_declaration_file,546,546,HANDWRITTEN_CPP,False,CPP_UNVERIFIED,B_DIRECT_MIGRATION,ordinary C++ control/data-flow without detected boundary
include/flatbuffers/reflection_generated.h,EnumBuilder,549,550,HANDWRITTEN_CPP,False,CPP_UNVERIFIED,B_DIRECT_MIGRATION,ordinary C++ control/data-flow without detected boundary
include/flatbuffers/reflection_generated.h,Finish,553,553,HANDWRITTEN_CPP,False,CPP_UNVERIFIED,B_DIRECT_MIGRATION,ordinary C++ control/data-flow without detected boundary
include/flatbuffers/reflection_generated.h,CreateEnum,562,571,HANDWRITTEN_CPP,False,CPP_UNVERIFIED,B_DIRECT_MIGRATION,ordinary C++ control/data-flow without detected boundary
include/flatbuffers/reflection_generated.h,CreateEnumDirect,582,591,HANDWRITTEN_CPP,False,CPP_UNVERIFIED,B_DIRECT_MIGRATION,ordinary C++ control/data-flow without detected boundary
include/flatbuffers/reflection_generated.h,add_name,713,713,HANDWRITTEN_CPP,False,CPP_UNVERIFIED,B_DIRECT_MIGRATION,ordinary C++ control/data-flow without detected boundary
include/flatbuffers/reflection_generated.h,add_type,716,716,HANDWRITTEN_CPP,False,CPP_UNVERIFIED,B_DIRECT_MIGRATION,ordinary C++ control/data-flow without detected boundary
include/flatbuffers/reflection_generated.h,add_id,719,719,HANDWRITTEN_CPP,False,CPP_UNVERIFIED,B_DIRECT_MIGRATION,ordinary C++ control/data-flow without detected boundary
include/flatbuffers/reflection_generated.h,add_offset,722,722,HANDWRITTEN_CPP,False,CPP_UNVERIFIED,B_DIRECT_MIGRATION,ordinary C++ control/data-flow without detected boundary
include/flatbuffers/reflection_generated.h,add_default_integer,725,725,HANDWRITTEN_CPP,False,CPP_UNVERIFIED,B_DIRECT_MIGRATION,ordinary C++ control/data-flow without detected boundary
include/flatbuffers/reflection_generated.h,add_default_real,728,728,HANDWRITTEN_CPP,False,CPP_UNVERIFIED,B_DIRECT_MIGRATION,ordinary C++ control/data-flow without detected boundary
include/flatbuffers/reflection_generated.h,add_deprecated,731,731,HANDWRITTEN_CPP,False,CPP_UNVERIFIED,B_DIRECT_MIGRATION,ordinary C++ control/data-flow without detected boundary
include/flatbuffers/reflection_generated.h,add_required,734,734,HANDWRITTEN_CPP,False,CPP_UNVERIFIED,B_DIRECT_MIGRATION,ordinary C++ control/data-flow without detected boundary
include/flatbuffers/reflection_generated.h,add_key,737,737,HANDWRITTEN_CPP,False,CPP_UNVERIFIED,B_DIRECT_MIGRATION,ordinary C++ control/data-flow without detected boundary
include/flatbuffers/reflection_generated.h,add_attributes,740,740,HANDWRITTEN_CPP,False,CPP_UNVERIFIED,B_DIRECT_MIGRATION,ordinary C++ control/data-flow without detected boundary
include/flatbuffers/reflection_generated.h,add_documentation,743,743,HANDWRITTEN_CPP,False,CPP_UNVERIFIED,B_DIRECT_MIGRATION,ordinary C++ control/data-flow without detected boundary
include/flatbuffers/reflection_generated.h,add_optional,746,746,HANDWRITTEN_CPP,False,CPP_UNVERIFIED,B_DIRECT_MIGRATION,ordinary C++ control/data-flow without detected boundary
include/flatbuffers/reflection_generated.h,add_padding,749,749,HANDWRITTEN_CPP,False,CPP_UNVERIFIED,B_DIRECT_MIGRATION,ordinary C++ control/data-flow without detected boundary
include/flatbuffers/reflection_generated.h,add_offset64,752,752,HANDWRITTEN_CPP,False,CPP_UNVERIFIED,B_DIRECT_MIGRATION,ordinary C++ control/data-flow without detected boundary
include/flatbuffers/reflection_generated.h,FieldBuilder,755,756,HANDWRITTEN_CPP,False,CPP_UNVERIFIED,B_DIRECT_MIGRATION,ordinary C++ control/data-flow without detected boundary
include/flatbuffers/reflection_generated.h,Finish,759,759,HANDWRITTEN_CPP,False,CPP_UNVERIFIED,B_DIRECT_MIGRATION,ordinary C++ control/data-flow without detected boundary
include/flatbuffers/reflection_generated.h,CreateField,767,783,HANDWRITTEN_CPP,False,CPP_UNVERIFIED,B_DIRECT_MIGRATION,ordinary C++ control/data-flow without detected boundary
include/flatbuffers/reflection_generated.h,CreateFieldDirect,801,817,HANDWRITTEN_CPP,False,CPP_UNVERIFIED,B_DIRECT_MIGRATION,ordinary C++ control/data-flow without detected boundary
include/flatbuffers/reflection_generated.h,add_name,915,915,HANDWRITTEN_CPP,False,CPP_UNVERIFIED,B_DIRECT_MIGRATION,ordinary C++ control/data-flow without detected boundary
include/flatbuffers/reflection_generated.h,add_fields,918,918,HANDWRITTEN_CPP,False,CPP_UNVERIFIED,B_DIRECT_MIGRATION,ordinary C++ control/data-flow without detected boundary
include/flatbuffers/reflection_generated.h,add_is_struct,921,921,HANDWRITTEN_CPP,False,CPP_UNVERIFIED,B_DIRECT_MIGRATION,ordinary C++ control/data-flow without detected boundary
include/flatbuffers/reflection_generated.h,add_minalign,924,924,HANDWRITTEN_CPP,False,CPP_UNVERIFIED,B_DIRECT_MIGRATION,ordinary C++ control/data-flow without detected boundary
include/flatbuffers/reflection_generated.h,add_bytesize,927,927,HANDWRITTEN_CPP,False,CPP_UNVERIFIED,B_DIRECT_MIGRATION,ordinary C++ control/data-flow without detected boundary
include/flatbuffers/reflection_generated.h,add_attributes,930,930,HANDWRITTEN_CPP,False,CPP_UNVERIFIED,B_DIRECT_MIGRATION,ordinary C++ control/data-flow without detected boundary
include/flatbuffers/reflection_generated.h,add_documentation,933,933,HANDWRITTEN_CPP,False,CPP_UNVERIFIED,B_DIRECT_MIGRATION,ordinary C++ control/data-flow without detected boundary
include/flatbuffers/reflection_generated.h,add_declaration_file,936,936,HANDWRITTEN_CPP,False,CPP_UNVERIFIED,B_DIRECT_MIGRATION,ordinary C++ control/data-flow without detected boundary
include/flatbuffers/reflection_generated.h,ObjectBuilder,939,940,HANDWRITTEN_CPP,False,CPP_UNVERIFIED,B_DIRECT_MIGRATION,ordinary C++ control/data-flow without detected boundary
include/flatbuffers/reflection_generated.h,Finish,943,943,HANDWRITTEN_CPP,False,CPP_UNVERIFIED,B_DIRECT_MIGRATION,ordinary C++ control/data-flow without detected boundary
include/flatbuffers/reflection_generated.h,CreateObject,951,961,HANDWRITTEN_CPP,False,CPP_UNVERIFIED,B_DIRECT_MIGRATION,ordinary C++ control/data-flow without detected boundary
include/flatbuffers/reflection_generated.h,CreateObjectDirect,973,983,HANDWRITTEN_CPP,False,CPP_UNVERIFIED,B_DIRECT_MIGRATION,ordinary C++ control/data-flow without detected boundary
include/flatbuffers/reflection_generated.h,add_name,1060,1060,HANDWRITTEN_CPP,False,CPP_UNVERIFIED,B_DIRECT_MIGRATION,ordinary C++ control/data-flow without detected boundary
include/flatbuffers/reflection_generated.h,add_request,1063,1063,HANDWRITTEN_CPP,False,CPP_UNVERIFIED,B_DIRECT_MIGRATION,ordinary C++ control/data-flow without detected boundary
include/flatbuffers/reflection_generated.h,add_response,1066,1066,HANDWRITTEN_CPP,False,CPP_UNVERIFIED,B_DIRECT_MIGRATION,ordinary C++ control/data-flow without detected boundary
include/flatbuffers/reflection_generated.h,add_attributes,1069,1069,HANDWRITTEN_CPP,False,CPP_UNVERIFIED,B_DIRECT_MIGRATION,ordinary C++ control/data-flow without detected boundary
include/flatbuffers/reflection_generated.h,add_documentation,1072,1072,HANDWRITTEN_CPP,False,CPP_UNVERIFIED,B_DIRECT_MIGRATION,ordinary C++ control/data-flow without detected boundary
include/flatbuffers/reflection_generated.h,RPCCallBuilder,1075,1076,HANDWRITTEN_CPP,False,CPP_UNVERIFIED,B_DIRECT_MIGRATION,ordinary C++ control/data-flow without detected boundary
include/flatbuffers/reflection_generated.h,Finish,1079,1079,HANDWRITTEN_CPP,False,CPP_UNVERIFIED,B_DIRECT_MIGRATION,ordinary C++ control/data-flow without detected boundary
include/flatbuffers/reflection_generated.h,CreateRPCCall,1088,1095,HANDWRITTEN_CPP,False,CPP_UNVERIFIED,B_DIRECT_MIGRATION,ordinary C++ control/data-flow without detected boundary
include/flatbuffers/reflection_generated.h,CreateRPCCallDirect,1104,1111,HANDWRITTEN_CPP,False,CPP_UNVERIFIED,B_DIRECT_MIGRATION,ordinary C++ control/data-flow without detected boundary
include/flatbuffers/reflection_generated.h,add_name,1185,1185,HANDWRITTEN_CPP,False,CPP_UNVERIFIED,B_DIRECT_MIGRATION,ordinary C++ control/data-flow without detected boundary
include/flatbuffers/reflection_generated.h,add_calls,1188,1188,HANDWRITTEN_CPP,False,CPP_UNVERIFIED,B_DIRECT_MIGRATION,ordinary C++ control/data-flow without detected boundary
include/flatbuffers/reflection_generated.h,add_attributes,1191,1191,HANDWRITTEN_CPP,False,CPP_UNVERIFIED,B_DIRECT_MIGRATION,ordinary C++ control/data-flow without detected boundary
include/flatbuffers/reflection_generated.h,add_documentation,1194,1194,HANDWRITTEN_CPP,False,CPP_UNVERIFIED,B_DIRECT_MIGRATION,ordinary C++ control/data-flow without detected boundary
include/flatbuffers/reflection_generated.h,add_declaration_file,1197,1197,HANDWRITTEN_CPP,False,CPP_UNVERIFIED,B_DIRECT_MIGRATION,ordinary C++ control/data-flow without detected boundary
include/flatbuffers/reflection_generated.h,ServiceBuilder,1200,1201,HANDWRITTEN_CPP,False,CPP_UNVERIFIED,B_DIRECT_MIGRATION,ordinary C++ control/data-flow without detected boundary
include/flatbuffers/reflection_generated.h,Finish,1204,1204,HANDWRITTEN_CPP,False,CPP_UNVERIFIED,B_DIRECT_MIGRATION,ordinary C++ control/data-flow without detected boundary
include/flatbuffers/reflection_generated.h,CreateService,1211,1218,HANDWRITTEN_CPP,False,CPP_UNVERIFIED,B_DIRECT_MIGRATION,ordinary C++ control/data-flow without detected boundary
include/flatbuffers/reflection_generated.h,CreateServiceDirect,1227,1234,HANDWRITTEN_CPP,False,CPP_UNVERIFIED,B_DIRECT_MIGRATION,ordinary C++ control/data-flow without detected boundary
include/flatbuffers/reflection_generated.h,add_filename,1294,1294,HANDWRITTEN_CPP,False,CPP_UNVERIFIED,B_DIRECT_MIGRATION,ordinary C++ control/data-flow without detected boundary
include/flatbuffers/reflection_generated.h,add_included_filenames,1297,1297,HANDWRITTEN_CPP,False,CPP_UNVERIFIED,B_DIRECT_MIGRATION,ordinary C++ control/data-flow without detected boundary
include/flatbuffers/reflection_generated.h,SchemaFileBuilder,1300,1301,HANDWRITTEN_CPP,False,CPP_UNVERIFIED,B_DIRECT_MIGRATION,ordinary C++ control/data-flow without detected boundary
include/flatbuffers/reflection_generated.h,Finish,1304,1304,HANDWRITTEN_CPP,False,CPP_UNVERIFIED,B_DIRECT_MIGRATION,ordinary C++ control/data-flow without detected boundary
include/flatbuffers/reflection_generated.h,CreateSchemaFile,1311,1315,HANDWRITTEN_CPP,False,CPP_UNVERIFIED,B_DIRECT_MIGRATION,ordinary C++ control/data-flow without detected boundary
include/flatbuffers/reflection_generated.h,CreateSchemaFileDirect,1321,1325,HANDWRITTEN_CPP,False,CPP_UNVERIFIED,B_DIRECT_MIGRATION,ordinary C++ control/data-flow without detected boundary
include/flatbuffers/reflection_generated.h,add_objects,1402,1402,HANDWRITTEN_CPP,False,CPP_UNVERIFIED,B_DIRECT_MIGRATION,ordinary C++ control/data-flow without detected boundary
include/flatbuffers/reflection_generated.h,add_enums,1405,1405,HANDWRITTEN_CPP,False,CPP_UNVERIFIED,B_DIRECT_MIGRATION,ordinary C++ control/data-flow without detected boundary
include/flatbuffers/reflection_generated.h,add_file_ident,1408,1408,HANDWRITTEN_CPP,False,CPP_UNVERIFIED,B_DIRECT_MIGRATION,ordinary C++ control/data-flow without detected boundary
include/flatbuffers/reflection_generated.h,add_file_ext,1411,1411,HANDWRITTEN_CPP,False,CPP_UNVERIFIED,B_DIRECT_MIGRATION,ordinary C++ control/data-flow without detected boundary
include/flatbuffers/reflection_generated.h,add_root_table,1414,1414,HANDWRITTEN_CPP,False,CPP_UNVERIFIED,B_DIRECT_MIGRATION,ordinary C++ control/data-flow without detected boundary
include/flatbuffers/reflection_generated.h,add_services,1417,1417,HANDWRITTEN_CPP,False,CPP_UNVERIFIED,B_DIRECT_MIGRATION,ordinary C++ control/data-flow without detected boundary
include/flatbuffers/reflection_generated.h,add_advanced_features,1420,1420,HANDWRITTEN_CPP,False,CPP_UNVERIFIED,B_DIRECT_MIGRATION,ordinary C++ control/data-flow without detected boundary
include/flatbuffers/reflection_generated.h,add_fbs_files,1423,1423,HANDWRITTEN_CPP,False,CPP_UNVERIFIED,B_DIRECT_MIGRATION,ordinary C++ control/data-flow without detected boundary
include/flatbuffers/reflection_generated.h,SchemaBuilder,1426,1427,HANDWRITTEN_CPP,False,CPP_UNVERIFIED,B_DIRECT_MIGRATION,ordinary C++ control/data-flow without detected boundary
include/flatbuffers/reflection_generated.h,Finish,1430,1430,HANDWRITTEN_CPP,False,CPP_UNVERIFIED,B_DIRECT_MIGRATION,ordinary C++ control/data-flow without detected boundary
include/flatbuffers/reflection_generated.h,CreateSchema,1438,1448,HANDWRITTEN_CPP,False,CPP_UNVERIFIED,B_DIRECT_MIGRATION,ordinary C++ control/data-flow without detected boundary
include/flatbuffers/reflection_generated.h,CreateSchemaDirect,1460,1470,HANDWRITTEN_CPP,False,CPP_UNVERIFIED,B_DIRECT_MIGRATION,ordinary C++ control/data-flow without detected boundary
include/flatbuffers/reflection_generated.h,SchemaBufferHasIdentifier,1500,1501,HANDWRITTEN_CPP,False,CPP_UNVERIFIED,B_DIRECT_MIGRATION,ordinary C++ control/data-flow without detected boundary
include/flatbuffers/reflection_generated.h,SizePrefixedSchemaBufferHasIdentifier,1505,1506,HANDWRITTEN_CPP,False,CPP_UNVERIFIED,B_DIRECT_MIGRATION,ordinary C++ control/data-flow without detected boundary
include/flatbuffers/reflection_generated.h,VerifySchemaBuffer,1512,1513,HANDWRITTEN_CPP,False,CPP_UNVERIFIED,B_DIRECT_MIGRATION,ordinary C++ control/data-flow without detected boundary
include/flatbuffers/reflection_generated.h,VerifySizePrefixedSchemaBuffer,1518,1519,HANDWRITTEN_CPP,False,CPP_UNVERIFIED,B_DIRECT_MIGRATION,ordinary C++ control/data-flow without detected boundary
include/flatbuffers/reflection_generated.h,FinishSchemaBuffer,1526,1529,HANDWRITTEN_CPP,False,CPP_UNVERIFIED,B_DIRECT_MIGRATION,ordinary C++ control/data-flow without detected boundary
include/flatbuffers/reflection_generated.h,FinishSizePrefixedSchemaBuffer,1532,1535,HANDWRITTEN_CPP,False,CPP_UNVERIFIED,B_DIRECT_MIGRATION,ordinary C++ control/data-flow without detected boundary
include/flatbuffers/registry.h,Register,33,33,HANDWRITTEN_CPP,False,CPP_UNVERIFIED,B_DIRECT_MIGRATION,ordinary C++ control/data-flow without detected boundary
include/flatbuffers/registry.h,FlatBufferToText,41,41,HANDWRITTEN_CPP,False,CPP_UNVERIFIED,B_DIRECT_MIGRATION,ordinary C++ control/data-flow without detected boundary
include/flatbuffers/registry.h,TextToFlatBuffer,67,68,HANDWRITTEN_CPP,False,CPP_UNVERIFIED,B_DIRECT_MIGRATION,ordinary C++ control/data-flow without detected boundary
include/flatbuffers/registry.h,SetOptions,82,82,HANDWRITTEN_CPP,False,CPP_UNVERIFIED,B_DIRECT_MIGRATION,ordinary C++ control/data-flow without detected boundary
include/flatbuffers/registry.h,AddIncludeDirectory,86,86,HANDWRITTEN_CPP,False,CPP_UNVERIFIED,B_DIRECT_MIGRATION,ordinary C++ control/data-flow without detected boundary
include/flatbuffers/registry.h,LoadSchema,90,92,HANDWRITTEN_CPP,False,CPP_UNVERIFIED,B_DIRECT_MIGRATION,ordinary C++ control/data-flow without detected boundary
include/flatbuffers/stl_emulation.h,unique_ptr,123,124,HANDWRITTEN_CPP,False,CPP_UNVERIFIED,B_DIRECT_MIGRATION,ordinary C++ control/data-flow without detected boundary
include/flatbuffers/stl_emulation.h,unique_ptr,125,125,HANDWRITTEN_CPP,False,CPP_UNVERIFIED,B_DIRECT_MIGRATION,ordinary C++ control/data-flow without detected boundary
include/flatbuffers/stl_emulation.h,nullopt_t,155,155,HANDWRITTEN_CPP,False,CPP_UNVERIFIED,B_DIRECT_MIGRATION,ordinary C++ control/data-flow without detected boundary
include/flatbuffers/stl_emulation.h,~Optional,186,188,HANDWRITTEN_CPP,False,CPP_UNVERIFIED,B_DIRECT_MIGRATION,ordinary C++ control/data-flow without detected boundary
include/flatbuffers/stl_emulation.h,Optional,189,191,HANDWRITTEN_CPP,False,CPP_UNVERIFIED,B_DIRECT_MIGRATION,ordinary C++ control/data-flow without detected boundary
include/flatbuffers/stl_emulation.h,Optional,192,194,HANDWRITTEN_CPP,False,CPP_UNVERIFIED,B_DIRECT_MIGRATION,ordinary C++ control/data-flow without detected boundary
include/flatbuffers/stl_emulation.h,Optional,195,197,HANDWRITTEN_CPP,False,CPP_UNVERIFIED,B_DIRECT_MIGRATION,ordinary C++ control/data-flow without detected boundary
include/flatbuffers/stl_emulation.h,Optional,198,200,HANDWRITTEN_CPP,False,CPP_UNVERIFIED,B_DIRECT_MIGRATION,ordinary C++ control/data-flow without detected boundary
include/flatbuffers/stl_emulation.h,span,386,388,HANDWRITTEN_CPP,False,CPP_UNVERIFIED,B_DIRECT_MIGRATION,ordinary C++ control/data-flow without detected boundary
include/flatbuffers/stl_emulation.h,span,403,406,HANDWRITTEN_CPP,False,CPP_UNVERIFIED,B_DIRECT_MIGRATION,ordinary C++ control/data-flow without detected boundary
include/flatbuffers/stl_emulation.h,span,413,414,HANDWRITTEN_CPP,False,CPP_UNVERIFIED,B_DIRECT_MIGRATION,ordinary C++ control/data-flow without detected boundary
include/flatbuffers/stl_emulation.h,span,425,426,HANDWRITTEN_CPP,False,CPP_UNVERIFIED,B_DIRECT_MIGRATION,ordinary C++ control/data-flow without detected boundary
include/flatbuffers/stl_emulation.h,span,438,439,HANDWRITTEN_CPP,False,CPP_UNVERIFIED,B_DIRECT_MIGRATION,ordinary C++ control/data-flow without detected boundary
include/flatbuffers/stl_emulation.h,span,443,444,HANDWRITTEN_CPP,False,CPP_UNVERIFIED,B_DIRECT_MIGRATION,ordinary C++ control/data-flow without detected boundary
include/flatbuffers/stl_emulation.h,span,453,454,HANDWRITTEN_CPP,False,CPP_UNVERIFIED,B_DIRECT_MIGRATION,ordinary C++ control/data-flow without detected boundary
include/flatbuffers/stl_emulation.h,span,463,464,HANDWRITTEN_CPP,False,CPP_UNVERIFIED,B_DIRECT_MIGRATION,ordinary C++ control/data-flow without detected boundary
include/flatbuffers/string.h,GetString,49,49,HANDWRITTEN_CPP,False,CPP_UNVERIFIED,B_DIRECT_MIGRATION,ordinary C++ control/data-flow without detected boundary
include/flatbuffers/string.h,GetStringView,62,62,HANDWRITTEN_CPP,False,CPP_UNVERIFIED,B_DIRECT_MIGRATION,ordinary C++ control/data-flow without detected boundary
include/flatbuffers/table.h,GetPointer,53,53,HANDWRITTEN_CPP,False,CPP_UNVERIFIED,B_DIRECT_MIGRATION,ordinary C++ control/data-flow without detected boundary
include/flatbuffers/table.h,GetPointer64,63,65,HANDWRITTEN_CPP,False,CPP_UNVERIFIED,B_DIRECT_MIGRATION,ordinary C++ control/data-flow without detected boundary
include/flatbuffers/table.h,SetField,114,116,HANDWRITTEN_CPP,False,CPP_UNVERIFIED,B_DIRECT_MIGRATION,ordinary C++ control/data-flow without detected boundary
include/flatbuffers/table.h,SetField,122,123,HANDWRITTEN_CPP,False,CPP_UNVERIFIED,B_DIRECT_MIGRATION,ordinary C++ control/data-flow without detected boundary
include/flatbuffers/table.h,SetPointer,129,130,HANDWRITTEN_CPP,False,CPP_UNVERIFIED,B_DIRECT_MIGRATION,ordinary C++ control/data-flow without detected boundary
include/flatbuffers/util.h,check_ascii_range,44,44,HANDWRITTEN_CPP,False,CPP_UNVERIFIED,B_DIRECT_MIGRATION,ordinary C++ control/data-flow without detected boundary
include/flatbuffers/util.h,is_alpha,52,52,HANDWRITTEN_CPP,False,CPP_UNVERIFIED,B_DIRECT_MIGRATION,ordinary C++ control/data-flow without detected boundary
include/flatbuffers/util.h,is_alpha_upper,58,58,HANDWRITTEN_CPP,False,CPP_UNVERIFIED,B_DIRECT_MIGRATION,ordinary C++ control/data-flow without detected boundary
include/flatbuffers/util.h,is_alpha_char,61,61,HANDWRITTEN_CPP,False,CPP_UNVERIFIED,B_DIRECT_MIGRATION,ordinary C++ control/data-flow without detected boundary
include/flatbuffers/util.h,is_digit,72,72,HANDWRITTEN_CPP,False,CPP_UNVERIFIED,B_DIRECT_MIGRATION,ordinary C++ control/data-flow without detected boundary
include/flatbuffers/util.h,is_xdigit,73,74,HANDWRITTEN_CPP,False,CPP_UNVERIFIED,B_DIRECT_MIGRATION,ordinary C++ control/data-flow without detected boundary
include/flatbuffers/util.h,is_alnum,80,80,HANDWRITTEN_CPP,False,CPP_UNVERIFIED,B_DIRECT_MIGRATION,ordinary C++ control/data-flow without detected boundary
include/flatbuffers/util.h,CharToUpper,81,82,HANDWRITTEN_CPP,False,CPP_UNVERIFIED,B_DIRECT_MIGRATION,ordinary C++ control/data-flow without detected boundary
include/flatbuffers/util.h,CharToLower,85,86,HANDWRITTEN_CPP,False,CPP_UNVERIFIED,B_DIRECT_MIGRATION,ordinary C++ control/data-flow without detected boundary
include/flatbuffers/util.h,IntToDigitCount,93,94,HANDWRITTEN_CPP,False,CPP_UNVERIFIED,B_DIRECT_MIGRATION,ordinary C++ control/data-flow without detected boundary
include/flatbuffers/util.h,NumToStringWidth,108,110,HANDWRITTEN_CPP,False,CPP_UNVERIFIED,B_DIRECT_MIGRATION,ordinary C++ control/data-flow without detected boundary
include/flatbuffers/util.h,NumToStringImplWrapper,116,118,HANDWRITTEN_CPP,False,CPP_UNVERIFIED,D_BOUNDARY,external/runtime/raw-pointer boundary
include/flatbuffers/util.h,NumToString,130,131,HANDWRITTEN_CPP,False,CPP_UNVERIFIED,B_DIRECT_MIGRATION,ordinary C++ control/data-flow without detected boundary
include/flatbuffers/util.h,FloatToString,159,160,HANDWRITTEN_CPP,False,CPP_UNVERIFIED,B_DIRECT_MIGRATION,ordinary C++ control/data-flow without detected boundary
include/flatbuffers/util.h,IntToStringHex,199,199,HANDWRITTEN_CPP,False,CPP_UNVERIFIED,B_DIRECT_MIGRATION,ordinary C++ control/data-flow without detected boundary
include/flatbuffers/util.h,Get,227,228,HANDWRITTEN_CPP,False,CPP_UNVERIFIED,B_DIRECT_MIGRATION,ordinary C++ control/data-flow without detected boundary
include/flatbuffers/util.h,strtoval_impl,253,255,HANDWRITTEN_CPP,False,CPP_UNVERIFIED,B_DIRECT_MIGRATION,ordinary C++ control/data-flow without detected boundary
include/flatbuffers/util.h,strtoval_impl,258,260,HANDWRITTEN_CPP,False,CPP_UNVERIFIED,B_DIRECT_MIGRATION,ordinary C++ control/data-flow without detected boundary
include/flatbuffers/util.h,strtoval_impl,263,264,HANDWRITTEN_CPP,False,CPP_UNVERIFIED,B_DIRECT_MIGRATION,ordinary C++ control/data-flow without detected boundary
include/flatbuffers/util.h,strtoval_impl,270,270,HANDWRITTEN_CPP,False,CPP_UNVERIFIED,B_DIRECT_MIGRATION,ordinary C++ control/data-flow without detected boundary
include/flatbuffers/util.h,StringToIntegerImpl,291,294,HANDWRITTEN_CPP,False,CPP_UNVERIFIED,B_DIRECT_MIGRATION,ordinary C++ control/data-flow without detected boundary
include/flatbuffers/util.h,StringToFloatImpl,317,319,HANDWRITTEN_CPP,False,CPP_UNVERIFIED,D_BOUNDARY,external/runtime/raw-pointer boundary
include/flatbuffers/util.h,StringToNumber,338,339,HANDWRITTEN_CPP,False,CPP_UNVERIFIED,B_DIRECT_MIGRATION,ordinary C++ control/data-flow without detected boundary
include/flatbuffers/util.h,StringToNumber,392,394,HANDWRITTEN_CPP,False,CPP_UNVERIFIED,B_DIRECT_MIGRATION,ordinary C++ control/data-flow without detected boundary
include/flatbuffers/util.h,StringToNumber,397,399,HANDWRITTEN_CPP,False,CPP_UNVERIFIED,B_DIRECT_MIGRATION,ordinary C++ control/data-flow without detected boundary
include/flatbuffers/util.h,StringToInt,402,403,HANDWRITTEN_CPP,False,CPP_UNVERIFIED,B_DIRECT_MIGRATION,ordinary C++ control/data-flow without detected boundary
include/flatbuffers/util.h,StringToUInt,407,408,HANDWRITTEN_CPP,False,CPP_UNVERIFIED,B_DIRECT_MIGRATION,ordinary C++ control/data-flow without detected boundary
include/flatbuffers/util.h,StringIsFlatbufferNan,412,413,HANDWRITTEN_CPP,False,CPP_UNVERIFIED,B_DIRECT_MIGRATION,ordinary C++ control/data-flow without detected boundary
include/flatbuffers/util.h,StringIsFlatbufferPositiveInfinity,416,417,HANDWRITTEN_CPP,False,CPP_UNVERIFIED,B_DIRECT_MIGRATION,ordinary C++ control/data-flow without detected boundary
include/flatbuffers/util.h,StringIsFlatbufferNegativeInfinity,420,421,HANDWRITTEN_CPP,False,CPP_UNVERIFIED,B_DIRECT_MIGRATION,ordinary C++ control/data-flow without detected boundary
include/flatbuffers/util.h,SaveFile,461,461,HANDWRITTEN_CPP,False,CPP_UNVERIFIED,B_DIRECT_MIGRATION,ordinary C++ control/data-flow without detected boundary
include/flatbuffers/util.h,ToUTF8,517,517,HANDWRITTEN_CPP,False,CPP_UNVERIFIED,B_DIRECT_MIGRATION,ordinary C++ control/data-flow without detected boundary
include/flatbuffers/util.h,FromUTF8,545,545,HANDWRITTEN_CPP,False,CPP_UNVERIFIED,B_DIRECT_MIGRATION,ordinary C++ control/data-flow without detected boundary
include/flatbuffers/util.h,WordWrap,603,605,HANDWRITTEN_CPP,False,CPP_UNVERIFIED,B_DIRECT_MIGRATION,ordinary C++ control/data-flow without detected boundary
include/flatbuffers/util.h,EscapeString,626,628,HANDWRITTEN_CPP,False,CPP_UNVERIFIED,B_DIRECT_MIGRATION,ordinary C++ control/data-flow without detected boundary
include/flatbuffers/util.h,if,655,656,HANDWRITTEN_CPP,False,CPP_UNVERIFIED,B_DIRECT_MIGRATION,ordinary C++ control/data-flow without detected boundary
include/flatbuffers/util.h,BufferToHexText,710,714,HANDWRITTEN_CPP,False,CPP_UNVERIFIED,D_BOUNDARY,external/runtime/raw-pointer boundary
include/flatbuffers/vector.h,VectorReverseIterator,140,141,HANDWRITTEN_CPP,False,CPP_UNVERIFIED,B_DIRECT_MIGRATION,ordinary C++ control/data-flow without detected boundary
include/flatbuffers/vector.h,begin,225,226,HANDWRITTEN_CPP,False,CPP_UNVERIFIED,B_DIRECT_MIGRATION,ordinary C++ control/data-flow without detected boundary
include/flatbuffers/vector.h,end,228,229,HANDWRITTEN_CPP,False,CPP_UNVERIFIED,B_DIRECT_MIGRATION,ordinary C++ control/data-flow without detected boundary
include/flatbuffers/vector.h,rbegin,231,232,HANDWRITTEN_CPP,False,CPP_UNVERIFIED,B_DIRECT_MIGRATION,ordinary C++ control/data-flow without detected boundary
include/flatbuffers/vector.h,rend,236,237,HANDWRITTEN_CPP,False,CPP_UNVERIFIED,B_DIRECT_MIGRATION,ordinary C++ control/data-flow without detected boundary
include/flatbuffers/vector.h,Mutate,252,252,HANDWRITTEN_CPP,False,CPP_UNVERIFIED,B_DIRECT_MIGRATION,ordinary C++ control/data-flow without detected boundary
include/flatbuffers/vector.h,MutateOffset,260,260,HANDWRITTEN_CPP,False,CPP_UNVERIFIED,B_DIRECT_MIGRATION,ordinary C++ control/data-flow without detected boundary
include/flatbuffers/vector.h,MutableLookupByKey,297,299,HANDWRITTEN_CPP,False,CPP_UNVERIFIED,B_DIRECT_MIGRATION,ordinary C++ control/data-flow without detected boundary
include/flatbuffers/vector.h,KeyCompare,315,317,HANDWRITTEN_CPP,False,CPP_UNVERIFIED,D_BOUNDARY,external/runtime/raw-pointer boundary
include/flatbuffers/vector.h,VectorLength,448,449,HANDWRITTEN_CPP,False,CPP_UNVERIFIED,B_DIRECT_MIGRATION,ordinary C++ control/data-flow without detected boundary
include/flatbuffers/vector_downward.h,vector_downward,37,50,HANDWRITTEN_CPP,False,CPP_UNVERIFIED,B_DIRECT_MIGRATION,ordinary C++ control/data-flow without detected boundary
include/flatbuffers/vector_downward.h,allocator_,54,63,HANDWRITTEN_CPP,False,CPP_UNVERIFIED,B_DIRECT_MIGRATION,ordinary C++ control/data-flow without detected boundary
include/flatbuffers/vector_downward.h,reset,85,86,HANDWRITTEN_CPP,False,CPP_UNVERIFIED,B_DIRECT_MIGRATION,ordinary C++ control/data-flow without detected boundary
include/flatbuffers/vector_downward.h,clear,90,91,HANDWRITTEN_CPP,False,CPP_UNVERIFIED,B_DIRECT_MIGRATION,ordinary C++ control/data-flow without detected boundary
include/flatbuffers/vector_downward.h,clear_scratch,101,102,HANDWRITTEN_CPP,False,CPP_UNVERIFIED,B_DIRECT_MIGRATION,ordinary C++ control/data-flow without detected boundary
include/flatbuffers/vector_downward.h,clear_allocator,103,104,HANDWRITTEN_CPP,False,CPP_UNVERIFIED,B_DIRECT_MIGRATION,ordinary C++ control/data-flow without detected boundary
include/flatbuffers/vector_downward.h,clear_buffer,111,112,HANDWRITTEN_CPP,False,CPP_UNVERIFIED,B_DIRECT_MIGRATION,ordinary C++ control/data-flow without detected boundary
include/flatbuffers/vector_downward.h,release,131,131,HANDWRITTEN_CPP,False,CPP_UNVERIFIED,B_DIRECT_MIGRATION,ordinary C++ control/data-flow without detected boundary
include/flatbuffers/vector_downward.h,ensure_space,143,144,HANDWRITTEN_CPP,False,CPP_UNVERIFIED,B_DIRECT_MIGRATION,ordinary C++ control/data-flow without detected boundary
include/flatbuffers/vector_downward.h,push,199,200,HANDWRITTEN_CPP,False,CPP_UNVERIFIED,D_BOUNDARY,external/runtime/raw-pointer boundary
include/flatbuffers/vector_downward.h,push_small,207,208,HANDWRITTEN_CPP,False,CPP_UNVERIFIED,B_DIRECT_MIGRATION,ordinary C++ control/data-flow without detected boundary
include/flatbuffers/vector_downward.h,scratch_push_small,212,214,HANDWRITTEN_CPP,False,CPP_UNVERIFIED,B_DIRECT_MIGRATION,ordinary C++ control/data-flow without detected boundary
include/flatbuffers/vector_downward.h,fill,222,222,HANDWRITTEN_CPP,False,CPP_UNVERIFIED,B_DIRECT_MIGRATION,ordinary C++ control/data-flow without detected boundary
include/flatbuffers/vector_downward.h,fill_big,229,229,HANDWRITTEN_CPP,False,CPP_UNVERIFIED,B_DIRECT_MIGRATION,ordinary C++ control/data-flow without detected boundary
include/flatbuffers/vector_downward.h,pop,232,233,HANDWRITTEN_CPP,False,CPP_UNVERIFIED,B_DIRECT_MIGRATION,ordinary C++ control/data-flow without detected boundary
include/flatbuffers/vector_downward.h,scratch_pop,237,238,HANDWRITTEN_CPP,False,CPP_UNVERIFIED,B_DIRECT_MIGRATION,ordinary C++ control/data-flow without detected boundary
include/flatbuffers/vector_downward.h,swap,239,240,HANDWRITTEN_CPP,False,CPP_UNVERIFIED,B_DIRECT_MIGRATION,ordinary C++ control/data-flow without detected boundary
include/flatbuffers/vector_downward.h,swap_allocator,253,254,HANDWRITTEN_CPP,False,CPP_UNVERIFIED,B_DIRECT_MIGRATION,ordinary C++ control/data-flow without detected boundary
include/flatbuffers/vector_downward.h,reallocate,277,278,HANDWRITTEN_CPP,False,CPP_UNVERIFIED,B_DIRECT_MIGRATION,ordinary C++ control/data-flow without detected boundary
include/flatbuffers/verifier.h,VerifierTemplate,43,46,HANDWRITTEN_CPP,False,CPP_UNVERIFIED,B_DIRECT_MIGRATION,ordinary C++ control/data-flow without detected boundary
include/flatbuffers/verifier.h,VerifyFromPointer,98,99,HANDWRITTEN_CPP,False,CPP_UNVERIFIED,B_DIRECT_MIGRATION,ordinary C++ control/data-flow without detected boundary
include/flatbuffers/verifier.h,VerifyTable,118,119,HANDWRITTEN_CPP,False,CPP_UNVERIFIED,B_DIRECT_MIGRATION,ordinary C++ control/data-flow without detected boundary
include/flatbuffers/verifier.h,VerifyVectorOfTables,174,175,HANDWRITTEN_CPP,False,CPP_UNVERIFIED,B_DIRECT_MIGRATION,ordinary C++ control/data-flow without detected boundary
include/flatbuffers/verifier.h,VerifyTableStart,185,185,HANDWRITTEN_CPP,False,CPP_UNVERIFIED,B_DIRECT_MIGRATION,ordinary C++ control/data-flow without detected boundary
include/flatbuffers/verifier.h,VerifyBufferFromStart,201,203,HANDWRITTEN_CPP,False,CPP_UNVERIFIED,B_DIRECT_MIGRATION,ordinary C++ control/data-flow without detected boundary
include/flatbuffers/verifier.h,VerifyNestedFlatBuffer,228,229,HANDWRITTEN_CPP,False,CPP_UNVERIFIED,B_DIRECT_MIGRATION,ordinary C++ control/data-flow without detected boundary
include/flatbuffers/verifier.h,VerifyBuffer,245,246,HANDWRITTEN_CPP,False,CPP_UNVERIFIED,B_DIRECT_MIGRATION,ordinary C++ control/data-flow without detected boundary
include/flatbuffers/verifier.h,VerifyBuffer,249,251,HANDWRITTEN_CPP,False,CPP_UNVERIFIED,B_DIRECT_MIGRATION,ordinary C++ control/data-flow without detected boundary
include/flatbuffers/verifier.h,VerifySizePrefixedBuffer,256,256,HANDWRITTEN_CPP,False,CPP_UNVERIFIED,B_DIRECT_MIGRATION,ordinary C++ control/data-flow without detected boundary
include/flatbuffers/verifier.h,VerifyComplexity,286,286,HANDWRITTEN_CPP,False,CPP_UNVERIFIED,B_DIRECT_MIGRATION,ordinary C++ control/data-flow without detected boundary
include/flatbuffers/verifier.h,EndTable,293,293,HANDWRITTEN_CPP,False,CPP_UNVERIFIED,B_DIRECT_MIGRATION,ordinary C++ control/data-flow without detected boundary
include/flatbuffers/verifier.h,SetFlexReuseTracker,322,323,HANDWRITTEN_CPP,False,CPP_UNVERIFIED,B_DIRECT_MIGRATION,ordinary C++ control/data-flow without detected boundary
samples/monster_generated.h,Set,137,139,HANDWRITTEN_CPP,False,CPP_UNVERIFIED,B_DIRECT_MIGRATION,ordinary C++ control/data-flow without detected boundary
samples/monster_generated.h,x_,198,200,HANDWRITTEN_CPP,False,CPP_UNVERIFIED,B_DIRECT_MIGRATION,ordinary C++ control/data-flow without detected boundary
samples/monster_generated.h,x_,203,205,HANDWRITTEN_CPP,False,CPP_UNVERIFIED,B_DIRECT_MIGRATION,ordinary C++ control/data-flow without detected boundary
samples/monster_generated.h,mutate_x,210,210,HANDWRITTEN_CPP,False,CPP_UNVERIFIED,B_DIRECT_MIGRATION,ordinary C++ control/data-flow without detected boundary
samples/monster_generated.h,mutate_y,216,216,HANDWRITTEN_CPP,False,CPP_UNVERIFIED,B_DIRECT_MIGRATION,ordinary C++ control/data-flow without detected boundary
samples/monster_generated.h,mutate_z,222,222,HANDWRITTEN_CPP,False,CPP_UNVERIFIED,B_DIRECT_MIGRATION,ordinary C++ control/data-flow without detected boundary
samples/monster_generated.h,AbslHashValue,238,240,HANDWRITTEN_CPP,False,CPP_UNVERIFIED,B_DIRECT_MIGRATION,ordinary C++ control/data-flow without detected boundary
samples/monster_generated.h,mutate_mana,288,288,HANDWRITTEN_CPP,False,CPP_UNVERIFIED,B_DIRECT_MIGRATION,ordinary C++ control/data-flow without detected boundary
samples/monster_generated.h,mutate_hp,294,294,HANDWRITTEN_CPP,False,CPP_UNVERIFIED,B_DIRECT_MIGRATION,ordinary C++ control/data-flow without detected boundary
samples/monster_generated.h,mutate_color,312,312,HANDWRITTEN_CPP,False,CPP_UNVERIFIED,B_DIRECT_MIGRATION,ordinary C++ control/data-flow without detected boundary
samples/monster_generated.h,add_pos,382,382,HANDWRITTEN_CPP,False,CPP_UNVERIFIED,B_DIRECT_MIGRATION,ordinary C++ control/data-flow without detected boundary
samples/monster_generated.h,add_mana,385,385,HANDWRITTEN_CPP,False,CPP_UNVERIFIED,B_DIRECT_MIGRATION,ordinary C++ control/data-flow without detected boundary
samples/monster_generated.h,add_hp,388,388,HANDWRITTEN_CPP,False,CPP_UNVERIFIED,B_DIRECT_MIGRATION,ordinary C++ control/data-flow without detected boundary
samples/monster_generated.h,add_name,391,391,HANDWRITTEN_CPP,False,CPP_UNVERIFIED,B_DIRECT_MIGRATION,ordinary C++ control/data-flow without detected boundary
samples/monster_generated.h,add_inventory,394,394,HANDWRITTEN_CPP,False,CPP_UNVERIFIED,B_DIRECT_MIGRATION,ordinary C++ control/data-flow without detected boundary
samples/monster_generated.h,add_color,397,397,HANDWRITTEN_CPP,False,CPP_UNVERIFIED,B_DIRECT_MIGRATION,ordinary C++ control/data-flow without detected boundary
samples/monster_generated.h,add_weapons,400,400,HANDWRITTEN_CPP,False,CPP_UNVERIFIED,B_DIRECT_MIGRATION,ordinary C++ control/data-flow without detected boundary
samples/monster_generated.h,add_equipped_type,403,403,HANDWRITTEN_CPP,False,CPP_UNVERIFIED,B_DIRECT_MIGRATION,ordinary C++ control/data-flow without detected boundary
samples/monster_generated.h,add_equipped,406,406,HANDWRITTEN_CPP,False,CPP_UNVERIFIED,B_DIRECT_MIGRATION,ordinary C++ control/data-flow without detected boundary
samples/monster_generated.h,add_path,409,409,HANDWRITTEN_CPP,False,CPP_UNVERIFIED,B_DIRECT_MIGRATION,ordinary C++ control/data-flow without detected boundary
samples/monster_generated.h,MonsterBuilder,412,413,HANDWRITTEN_CPP,False,CPP_UNVERIFIED,B_DIRECT_MIGRATION,ordinary C++ control/data-flow without detected boundary
samples/monster_generated.h,Finish,416,416,HANDWRITTEN_CPP,False,CPP_UNVERIFIED,B_DIRECT_MIGRATION,ordinary C++ control/data-flow without detected boundary
samples/monster_generated.h,CreateMonster,422,434,HANDWRITTEN_CPP,False,CPP_UNVERIFIED,B_DIRECT_MIGRATION,ordinary C++ control/data-flow without detected boundary
samples/monster_generated.h,CreateMonsterDirect,448,460,HANDWRITTEN_CPP,False,CPP_UNVERIFIED,B_DIRECT_MIGRATION,ordinary C++ control/data-flow without detected boundary
samples/monster_generated.h,mutate_damage,506,506,HANDWRITTEN_CPP,False,CPP_UNVERIFIED,B_DIRECT_MIGRATION,ordinary C++ control/data-flow without detected boundary
samples/monster_generated.h,add_name,526,526,HANDWRITTEN_CPP,False,CPP_UNVERIFIED,B_DIRECT_MIGRATION,ordinary C++ control/data-flow without detected boundary
samples/monster_generated.h,add_damage,529,529,HANDWRITTEN_CPP,False,CPP_UNVERIFIED,B_DIRECT_MIGRATION,ordinary C++ control/data-flow without detected boundary
samples/monster_generated.h,WeaponBuilder,532,533,HANDWRITTEN_CPP,False,CPP_UNVERIFIED,B_DIRECT_MIGRATION,ordinary C++ control/data-flow without detected boundary
samples/monster_generated.h,Finish,536,536,HANDWRITTEN_CPP,False,CPP_UNVERIFIED,B_DIRECT_MIGRATION,ordinary C++ control/data-flow without detected boundary
samples/monster_generated.h,CreateWeapon,542,546,HANDWRITTEN_CPP,False,CPP_UNVERIFIED,B_DIRECT_MIGRATION,ordinary C++ control/data-flow without detected boundary
samples/monster_generated.h,CreateWeaponDirect,552,556,HANDWRITTEN_CPP,False,CPP_UNVERIFIED,B_DIRECT_MIGRATION,ordinary C++ control/data-flow without detected boundary
samples/monster_generated.h,pos,586,593,HANDWRITTEN_CPP,False,CPP_UNVERIFIED,B_DIRECT_MIGRATION,ordinary C++ control/data-flow without detected boundary
samples/monster_generated.h,CreateMonster,631,632,HANDWRITTEN_CPP,False,CPP_UNVERIFIED,B_DIRECT_MIGRATION,ordinary C++ control/data-flow without detected boundary
samples/monster_generated.h,CreateWeapon,688,689,HANDWRITTEN_CPP,False,CPP_UNVERIFIED,B_DIRECT_MIGRATION,ordinary C++ control/data-flow without detected boundary
samples/monster_generated.h,VerifyEquipment,704,706,HANDWRITTEN_CPP,False,CPP_UNVERIFIED,B_DIRECT_MIGRATION,ordinary C++ control/data-flow without detected boundary
samples/monster_generated.h,VerifyEquipmentVector,718,720,HANDWRITTEN_CPP,False,CPP_UNVERIFIED,B_DIRECT_MIGRATION,ordinary C++ control/data-flow without detected boundary
samples/monster_generated.h,VerifyMonsterBuffer,905,906,HANDWRITTEN_CPP,False,CPP_UNVERIFIED,B_DIRECT_MIGRATION,ordinary C++ control/data-flow without detected boundary
samples/monster_generated.h,VerifySizePrefixedMonsterBuffer,911,912,HANDWRITTEN_CPP,False,CPP_UNVERIFIED,B_DIRECT_MIGRATION,ordinary C++ control/data-flow without detected boundary
samples/monster_generated.h,FinishMonsterBuffer,915,918,HANDWRITTEN_CPP,False,CPP_UNVERIFIED,B_DIRECT_MIGRATION,ordinary C++ control/data-flow without detected boundary
samples/monster_generated.h,FinishSizePrefixedMonsterBuffer,921,924,HANDWRITTEN_CPP,False,CPP_UNVERIFIED,B_DIRECT_MIGRATION,ordinary C++ control/data-flow without detected boundary
samples/monster_generated.h,UnPackMonster,927,930,HANDWRITTEN_CPP,False,CPP_UNVERIFIED,C_LOCAL_REFACTOR,"ownership, callback, threading, or template shape"
samples/monster_generated.h,UnPackSizePrefixedMonster,933,936,HANDWRITTEN_CPP,False,CPP_UNVERIFIED,C_LOCAL_REFACTOR,"ownership, callback, threading, or template shape"
samples/sample_bfbs.cpp,main,25,25,HANDWRITTEN_CPP,False,CPP_UNVERIFIED,B_DIRECT_MIGRATION,ordinary C++ control/data-flow without detected boundary
samples/sample_binary.cpp,main,22,23,HANDWRITTEN_CPP,False,CPP_UNVERIFIED,B_DIRECT_MIGRATION,ordinary C++ control/data-flow without detected boundary
samples/sample_text.cpp,main,25,25,HANDWRITTEN_CPP,False,CPP_UNVERIFIED,B_DIRECT_MIGRATION,ordinary C++ control/data-flow without detected boundary
src/annotated_binary_text_gen.cpp,ToString,30,31,HANDWRITTEN_CPP,False,CPP_UNVERIFIED,B_DIRECT_MIGRATION,ordinary C++ control/data-flow without detected boundary
src/annotated_binary_text_gen.cpp,IsOffset,59,60,HANDWRITTEN_CPP,False,CPP_UNVERIFIED,B_DIRECT_MIGRATION,ordinary C++ control/data-flow without detected boundary
src/annotated_binary_text_gen.cpp,ToString,65,67,HANDWRITTEN_CPP,False,CPP_UNVERIFIED,B_DIRECT_MIGRATION,ordinary C++ control/data-flow without detected boundary
src/annotated_binary_text_gen.cpp,ToValueString,76,78,HANDWRITTEN_CPP,False,CPP_UNVERIFIED,B_DIRECT_MIGRATION,ordinary C++ control/data-flow without detected boundary
src/annotated_binary_text_gen.cpp,ToValueString,98,101,HANDWRITTEN_CPP,False,CPP_UNVERIFIED,B_DIRECT_MIGRATION,ordinary C++ control/data-flow without detected boundary
src/annotated_binary_text_gen.cpp,GenerateTypeString,182,183,HANDWRITTEN_CPP,False,CPP_UNVERIFIED,B_DIRECT_MIGRATION,ordinary C++ control/data-flow without detected boundary
src/annotated_binary_text_gen.cpp,GenerateComment,189,191,HANDWRITTEN_CPP,False,CPP_UNVERIFIED,B_DIRECT_MIGRATION,ordinary C++ control/data-flow without detected boundary
src/annotated_binary_text_gen.cpp,GenerateDocumentation,318,323,HANDWRITTEN_CPP,False,CPP_UNVERIFIED,B_DIRECT_MIGRATION,ordinary C++ control/data-flow without detected boundary
src/annotated_binary_text_gen.cpp,GenerateRegion,371,374,HANDWRITTEN_CPP,False,CPP_UNVERIFIED,B_DIRECT_MIGRATION,ordinary C++ control/data-flow without detected boundary
src/annotated_binary_text_gen.cpp,GenerateSection,414,417,HANDWRITTEN_CPP,False,CPP_UNVERIFIED,B_DIRECT_MIGRATION,ordinary C++ control/data-flow without detected boundary
src/annotated_binary_text_gen.h,AnnotatedBinaryTextGenerator,48,55,HANDWRITTEN_CPP,False,CPP_UNVERIFIED,B_DIRECT_MIGRATION,ordinary C++ control/data-flow without detected boundary
src/bfbs_gen.h,ForAllEnums,28,31,HANDWRITTEN_CPP,False,CPP_UNVERIFIED,B_DIRECT_MIGRATION,ordinary C++ control/data-flow without detected boundary
src/bfbs_gen.h,ForAllObjects,36,39,HANDWRITTEN_CPP,False,CPP_UNVERIFIED,B_DIRECT_MIGRATION,ordinary C++ control/data-flow without detected boundary
src/bfbs_gen.h,ForAllEnumValues,44,47,HANDWRITTEN_CPP,False,CPP_UNVERIFIED,B_DIRECT_MIGRATION,ordinary C++ control/data-flow without detected boundary
src/bfbs_gen.h,ForAllDocumentation,53,57,HANDWRITTEN_CPP,False,CPP_UNVERIFIED,B_DIRECT_MIGRATION,ordinary C++ control/data-flow without detected boundary
src/bfbs_gen.h,FieldIdToIndex,68,68,HANDWRITTEN_CPP,False,CPP_UNVERIFIED,B_DIRECT_MIGRATION,ordinary C++ control/data-flow without detected boundary
src/bfbs_gen.h,IsStructOrTable,80,81,HANDWRITTEN_CPP,False,CPP_UNVERIFIED,B_DIRECT_MIGRATION,ordinary C++ control/data-flow without detected boundary
src/bfbs_gen.h,IsFloatingPoint,84,85,HANDWRITTEN_CPP,False,CPP_UNVERIFIED,B_DIRECT_MIGRATION,ordinary C++ control/data-flow without detected boundary
src/bfbs_gen.h,IsBool,88,89,HANDWRITTEN_CPP,False,CPP_UNVERIFIED,B_DIRECT_MIGRATION,ordinary C++ control/data-flow without detected boundary
src/bfbs_gen.h,IsSingleByte,92,93,HANDWRITTEN_CPP,False,CPP_UNVERIFIED,B_DIRECT_MIGRATION,ordinary C++ control/data-flow without detected boundary
src/bfbs_gen.h,IsVector,96,97,HANDWRITTEN_CPP,False,CPP_UNVERIFIED,B_DIRECT_MIGRATION,ordinary C++ control/data-flow without detected boundary
src/bfbs_gen.h,~BaseBfbsGenerator,106,107,HANDWRITTEN_CPP,False,CPP_UNVERIFIED,B_DIRECT_MIGRATION,ordinary C++ control/data-flow without detected boundary
src/bfbs_gen_lua.cpp,LuaKeywords,40,41,HANDWRITTEN_CPP,False,CPP_UNVERIFIED,B_DIRECT_MIGRATION,ordinary C++ control/data-flow without detected boundary
src/bfbs_gen_lua.cpp,LuaDefaultConfig,47,48,HANDWRITTEN_CPP,False,CPP_UNVERIFIED,B_DIRECT_MIGRATION,ordinary C++ control/data-flow without detected boundary
src/bfbs_gen_lua.cpp,LuaBfbsGenerator,73,81,HANDWRITTEN_CPP,False,CPP_UNVERIFIED,B_DIRECT_MIGRATION,ordinary C++ control/data-flow without detected boundary
src/bfbs_gen_lua.cpp,GenerateEnums,141,144,HANDWRITTEN_CPP,False,CPP_UNVERIFIED,B_DIRECT_MIGRATION,ordinary C++ control/data-flow without detected boundary
src/bfbs_gen_lua.cpp,GenerateObjects,169,172,HANDWRITTEN_CPP,False,CPP_UNVERIFIED,B_DIRECT_MIGRATION,ordinary C++ control/data-flow without detected boundary
src/bfbs_gen_lua.cpp,StartCodeBlock,645,646,HANDWRITTEN_CPP,False,CPP_UNVERIFIED,B_DIRECT_MIGRATION,ordinary C++ control/data-flow without detected boundary
src/bfbs_gen_lua.cpp,StartCodeBlock,651,652,HANDWRITTEN_CPP,False,CPP_UNVERIFIED,B_DIRECT_MIGRATION,ordinary C++ control/data-flow without detected boundary
src/bfbs_gen_lua.cpp,RegisterRequires,657,659,HANDWRITTEN_CPP,False,CPP_UNVERIFIED,B_DIRECT_MIGRATION,ordinary C++ control/data-flow without detected boundary
src/bfbs_gen_lua.cpp,RegisterRequires,687,689,HANDWRITTEN_CPP,False,CPP_UNVERIFIED,B_DIRECT_MIGRATION,ordinary C++ control/data-flow without detected boundary
src/bfbs_gen_lua.cpp,NewLuaBfbsGenerator,755,757,HANDWRITTEN_CPP,False,CPP_UNVERIFIED,C_LOCAL_REFACTOR,"ownership, callback, threading, or template shape"
src/bfbs_gen_nim.cpp,NimKeywords,40,41,HANDWRITTEN_CPP,False,CPP_UNVERIFIED,B_DIRECT_MIGRATION,ordinary C++ control/data-flow without detected boundary
src/bfbs_gen_nim.cpp,NimDefaultConfig,56,57,HANDWRITTEN_CPP,False,CPP_UNVERIFIED,B_DIRECT_MIGRATION,ordinary C++ control/data-flow without detected boundary
src/bfbs_gen_nim.cpp,NimBfbsGenerator,88,96,HANDWRITTEN_CPP,False,CPP_UNVERIFIED,B_DIRECT_MIGRATION,ordinary C++ control/data-flow without detected boundary
src/bfbs_gen_nim.cpp,GenerateEnum,162,164,HANDWRITTEN_CPP,False,CPP_UNVERIFIED,B_DIRECT_MIGRATION,ordinary C++ control/data-flow without detected boundary
src/bfbs_gen_nim.cpp,GenerateObject,183,184,HANDWRITTEN_CPP,False,CPP_UNVERIFIED,B_DIRECT_MIGRATION,ordinary C++ control/data-flow without detected boundary
src/bfbs_gen_nim.cpp,StartCodeBlock,581,582,HANDWRITTEN_CPP,False,CPP_UNVERIFIED,B_DIRECT_MIGRATION,ordinary C++ control/data-flow without detected boundary
src/bfbs_gen_nim.cpp,StartCodeBlock,587,588,HANDWRITTEN_CPP,False,CPP_UNVERIFIED,B_DIRECT_MIGRATION,ordinary C++ control/data-flow without detected boundary
src/bfbs_gen_nim.cpp,StringSplit,593,595,HANDWRITTEN_CPP,False,CPP_UNVERIFIED,B_DIRECT_MIGRATION,ordinary C++ control/data-flow without detected boundary
src/bfbs_gen_nim.cpp,GetRelativePathFromNamespace,611,613,HANDWRITTEN_CPP,False,CPP_UNVERIFIED,B_DIRECT_MIGRATION,ordinary C++ control/data-flow without detected boundary
src/bfbs_gen_nim.cpp,RegisterImports,638,640,HANDWRITTEN_CPP,False,CPP_UNVERIFIED,B_DIRECT_MIGRATION,ordinary C++ control/data-flow without detected boundary
src/bfbs_gen_nim.cpp,RegisterImports,670,672,HANDWRITTEN_CPP,False,CPP_UNVERIFIED,B_DIRECT_MIGRATION,ordinary C++ control/data-flow without detected boundary
src/bfbs_gen_nim.cpp,EmitCodeBlock,675,677,HANDWRITTEN_CPP,False,CPP_UNVERIFIED,B_DIRECT_MIGRATION,ordinary C++ control/data-flow without detected boundary
src/bfbs_gen_nim.cpp,NewNimBfbsGenerator,735,737,HANDWRITTEN_CPP,False,CPP_UNVERIFIED,C_LOCAL_REFACTOR,"ownership, callback, threading, or template shape"
src/bfbs_namer.h,BfbsNamer,11,13,HANDWRITTEN_CPP,False,CPP_UNVERIFIED,B_DIRECT_MIGRATION,ordinary C++ control/data-flow without detected boundary
src/binary_annotator.cpp,BinaryRegionSort,17,18,HANDWRITTEN_CPP,False,CPP_UNVERIFIED,B_DIRECT_MIGRATION,ordinary C++ control/data-flow without detected boundary
src/binary_annotator.cpp,SetError,21,23,HANDWRITTEN_CPP,False,CPP_UNVERIFIED,B_DIRECT_MIGRATION,ordinary C++ control/data-flow without detected boundary
src/binary_annotator.cpp,MakeBinarySection,42,45,HANDWRITTEN_CPP,False,CPP_UNVERIFIED,B_DIRECT_MIGRATION,ordinary C++ control/data-flow without detected boundary
src/binary_annotator.cpp,MakeSingleRegionBinarySection,52,55,HANDWRITTEN_CPP,False,CPP_UNVERIFIED,B_DIRECT_MIGRATION,ordinary C++ control/data-flow without detected boundary
src/binary_annotator.cpp,IsNonZeroRegion,60,62,HANDWRITTEN_CPP,False,CPP_UNVERIFIED,B_DIRECT_MIGRATION,ordinary C++ control/data-flow without detected boundary
src/binary_annotator.cpp,IsPrintableRegion,70,72,HANDWRITTEN_CPP,False,CPP_UNVERIFIED,B_DIRECT_MIGRATION,ordinary C++ control/data-flow without detected boundary
src/binary_annotator.cpp,GenerateMissingSection,80,83,HANDWRITTEN_CPP,False,CPP_UNVERIFIED,B_DIRECT_MIGRATION,ordinary C++ control/data-flow without detected boundary
src/binary_annotator.h,ToHex,59,61,HANDWRITTEN_CPP,False,CPP_UNVERIFIED,B_DIRECT_MIGRATION,ordinary C++ control/data-flow without detected boundary
src/binary_annotator.h,ToHex,69,69,HANDWRITTEN_CPP,False,CPP_UNVERIFIED,B_DIRECT_MIGRATION,ordinary C++ control/data-flow without detected boundary
src/binary_annotator.h,GetRegionType,205,206,HANDWRITTEN_CPP,False,CPP_UNVERIFIED,B_DIRECT_MIGRATION,ordinary C++ control/data-flow without detected boundary
src/binary_annotator.h,ToString,236,237,HANDWRITTEN_CPP,False,CPP_UNVERIFIED,B_DIRECT_MIGRATION,ordinary C++ control/data-flow without detected boundary
src/binary_annotator.h,BinaryAnnotator,283,295,HANDWRITTEN_CPP,False,CPP_UNVERIFIED,B_DIRECT_MIGRATION,ordinary C++ control/data-flow without detected boundary
src/binary_annotator.h,bfbs_,300,306,HANDWRITTEN_CPP,False,CPP_UNVERIFIED,B_DIRECT_MIGRATION,ordinary C++ control/data-flow without detected boundary
src/binary_annotator.h,AddSection,388,388,HANDWRITTEN_CPP,False,CPP_UNVERIFIED,B_DIRECT_MIGRATION,ordinary C++ control/data-flow without detected boundary
src/binary_annotator.h,IsInlineField,391,392,HANDWRITTEN_CPP,False,CPP_UNVERIFIED,B_DIRECT_MIGRATION,ordinary C++ control/data-flow without detected boundary
src/binary_annotator.h,IsUnionType,398,399,HANDWRITTEN_CPP,False,CPP_UNVERIFIED,B_DIRECT_MIGRATION,ordinary C++ control/data-flow without detected boundary
src/binary_annotator.h,IsUnionType,403,404,HANDWRITTEN_CPP,False,CPP_UNVERIFIED,B_DIRECT_MIGRATION,ordinary C++ control/data-flow without detected boundary
src/binary_annotator.h,IsValidUnionValue,408,410,HANDWRITTEN_CPP,False,CPP_UNVERIFIED,B_DIRECT_MIGRATION,ordinary C++ control/data-flow without detected boundary
src/binary_annotator.h,IsValidUnionValue,414,415,HANDWRITTEN_CPP,False,CPP_UNVERIFIED,B_DIRECT_MIGRATION,ordinary C++ control/data-flow without detected boundary
src/binary_annotator.h,GetElementSize,428,429,HANDWRITTEN_CPP,False,CPP_UNVERIFIED,B_DIRECT_MIGRATION,ordinary C++ control/data-flow without detected boundary
src/code_generators.cpp,JavaCSharpMakeRule,32,35,HANDWRITTEN_CPP,False,CPP_UNVERIFIED,B_DIRECT_MIGRATION,ordinary C++ control/data-flow without detected boundary
src/code_generators.cpp,GenComment,198,199,HANDWRITTEN_CPP,False,CPP_UNVERIFIED,B_DIRECT_MIGRATION,ordinary C++ control/data-flow without detected boundary
src/code_generators.cpp,double_prefix_,257,261,HANDWRITTEN_CPP,False,CPP_UNVERIFIED,B_DIRECT_MIGRATION,ordinary C++ control/data-flow without detected boundary
src/code_generators.cpp,nan_number_,309,311,HANDWRITTEN_CPP,False,CPP_UNVERIFIED,B_DIRECT_MIGRATION,ordinary C++ control/data-flow without detected boundary
src/flatc.cpp,AppendTextWrappedString,289,291,HANDWRITTEN_CPP,False,CPP_UNVERIFIED,B_DIRECT_MIGRATION,ordinary C++ control/data-flow without detected boundary
src/flatc.cpp,AppendOption,308,310,HANDWRITTEN_CPP,False,CPP_UNVERIFIED,B_DIRECT_MIGRATION,ordinary C++ control/data-flow without detected boundary
src/flatc.cpp,AppendShortOption,347,349,HANDWRITTEN_CPP,False,CPP_UNVERIFIED,B_DIRECT_MIGRATION,ordinary C++ control/data-flow without detected boundary
src/flatc_main.cpp,Warn,44,46,HANDWRITTEN_CPP,False,CPP_UNVERIFIED,B_DIRECT_MIGRATION,ordinary C++ control/data-flow without detected boundary
src/flatc_main.cpp,Error,53,55,HANDWRITTEN_CPP,False,CPP_UNVERIFIED,B_DIRECT_MIGRATION,ordinary C++ control/data-flow without detected boundary
src/flatc_main.cpp,LogCompilerWarn,67,67,HANDWRITTEN_CPP,False,CPP_UNVERIFIED,B_DIRECT_MIGRATION,ordinary C++ control/data-flow without detected boundary
src/flatc_main.cpp,LogCompilerError,70,70,HANDWRITTEN_CPP,False,CPP_UNVERIFIED,B_DIRECT_MIGRATION,ordinary C++ control/data-flow without detected boundary
src/flatc_main.cpp,main,75,76,HANDWRITTEN_CPP,False,CPP_UNVERIFIED,B_DIRECT_MIGRATION,ordinary C++ control/data-flow without detected boundary
src/flathash.cpp,main,26,27,HANDWRITTEN_CPP,False,CPP_UNVERIFIED,D_BOUNDARY,external/runtime/raw-pointer boundary
src/idl_gen_binary.cpp,BinaryFileName,35,37,HANDWRITTEN_CPP,False,CPP_UNVERIFIED,B_DIRECT_MIGRATION,ordinary C++ control/data-flow without detected boundary
src/idl_gen_binary.cpp,GenerateBinary,41,43,HANDWRITTEN_CPP,False,CPP_UNVERIFIED,D_BOUNDARY,external/runtime/raw-pointer boundary
src/idl_gen_binary.cpp,BinaryMakeRule,58,60,HANDWRITTEN_CPP,False,CPP_UNVERIFIED,B_DIRECT_MIGRATION,ordinary C++ control/data-flow without detected boundary
src/idl_gen_binary.cpp,NewBinaryCodeGenerator,124,125,HANDWRITTEN_CPP,False,CPP_UNVERIFIED,C_LOCAL_REFACTOR,"ownership, callback, threading, or template shape"
src/idl_gen_cpp.cpp,NumToStringCpp,38,38,HANDWRITTEN_CPP,False,CPP_UNVERIFIED,B_DIRECT_MIGRATION,ordinary C++ control/data-flow without detected boundary
src/idl_gen_cpp.cpp,GenIncludeGuard,54,57,HANDWRITTEN_CPP,False,CPP_UNVERIFIED,B_DIRECT_MIGRATION,ordinary C++ control/data-flow without detected boundary
src/idl_gen_cpp.cpp,IsVectorOfPointers,80,81,HANDWRITTEN_CPP,False,CPP_UNVERIFIED,B_DIRECT_MIGRATION,ordinary C++ control/data-flow without detected boundary
src/idl_gen_cpp.cpp,IsPointer,87,88,HANDWRITTEN_CPP,False,CPP_UNVERIFIED,B_DIRECT_MIGRATION,ordinary C++ control/data-flow without detected boundary
src/idl_gen_cpp.cpp,IDLOptions,110,110,HANDWRITTEN_CPP,False,CPP_UNVERIFIED,B_DIRECT_MIGRATION,ordinary C++ control/data-flow without detected boundary
src/idl_gen_cpp.cpp,ForAllFieldsOrderedByOffset,115,116,HANDWRITTEN_CPP,False,CPP_UNVERIFIED,B_DIRECT_MIGRATION,ordinary C++ control/data-flow without detected boundary
src/idl_gen_cpp.cpp,CppGenerator,133,141,HANDWRITTEN_CPP,False,CPP_UNVERIFIED,D_BOUNDARY,external/runtime/raw-pointer boundary
src/idl_gen_cpp.cpp,GenFlatbuffersVersionCheck,248,248,HANDWRITTEN_CPP,False,CPP_UNVERIFIED,B_DIRECT_MIGRATION,ordinary C++ control/data-flow without detected boundary
src/idl_gen_cpp.cpp,GenIncludeDependencies,261,262,HANDWRITTEN_CPP,False,CPP_UNVERIFIED,B_DIRECT_MIGRATION,ordinary C++ control/data-flow without detected boundary
src/idl_gen_cpp.cpp,MarkIf64BitBuilderIsNeeded,297,298,HANDWRITTEN_CPP,False,CPP_UNVERIFIED,B_DIRECT_MIGRATION,ordinary C++ control/data-flow without detected boundary
src/idl_gen_cpp.cpp,GetBuilder,313,314,HANDWRITTEN_CPP,False,CPP_UNVERIFIED,B_DIRECT_MIGRATION,ordinary C++ control/data-flow without detected boundary
src/idl_gen_cpp.cpp,GenExtraIncludes,318,319,HANDWRITTEN_CPP,False,CPP_UNVERIFIED,B_DIRECT_MIGRATION,ordinary C++ control/data-flow without detected boundary
src/idl_gen_cpp.cpp,GenEmbeddedIncludes,327,328,HANDWRITTEN_CPP,False,CPP_UNVERIFIED,B_DIRECT_MIGRATION,ordinary C++ control/data-flow without detected boundary
src/idl_gen_cpp.cpp,generate_bfbs_embed,371,372,HANDWRITTEN_CPP,False,CPP_UNVERIFIED,B_DIRECT_MIGRATION,ordinary C++ control/data-flow without detected boundary
src/idl_gen_cpp.cpp,generate,442,442,HANDWRITTEN_CPP,False,CPP_UNVERIFIED,B_DIRECT_MIGRATION,ordinary C++ control/data-flow without detected boundary
src/idl_gen_cpp.cpp,TranslateNameSpace,789,789,HANDWRITTEN_CPP,False,CPP_UNVERIFIED,B_DIRECT_MIGRATION,ordinary C++ control/data-flow without detected boundary
src/idl_gen_cpp.cpp,TypeHasKey,798,799,HANDWRITTEN_CPP,False,CPP_UNVERIFIED,B_DIRECT_MIGRATION,ordinary C++ control/data-flow without detected boundary
src/idl_gen_cpp.cpp,GenComment,816,817,HANDWRITTEN_CPP,False,CPP_UNVERIFIED,B_DIRECT_MIGRATION,ordinary C++ control/data-flow without detected boundary
src/idl_gen_cpp.cpp,NullableExtension,890,891,HANDWRITTEN_CPP,False,CPP_UNVERIFIED,B_DIRECT_MIGRATION,ordinary C++ control/data-flow without detected boundary
src/idl_gen_cpp.cpp,NativeName,894,896,HANDWRITTEN_CPP,False,CPP_UNVERIFIED,B_DIRECT_MIGRATION,ordinary C++ control/data-flow without detected boundary
src/idl_gen_cpp.cpp,WrapNativeNameInNameSpace,906,908,HANDWRITTEN_CPP,False,CPP_UNVERIFIED,B_DIRECT_MIGRATION,ordinary C++ control/data-flow without detected boundary
src/idl_gen_cpp.cpp,NativeString,922,923,HANDWRITTEN_CPP,False,CPP_UNVERIFIED,B_DIRECT_MIGRATION,ordinary C++ control/data-flow without detected boundary
src/idl_gen_cpp.cpp,FlexibleStringConstructor,931,932,HANDWRITTEN_CPP,False,CPP_UNVERIFIED,B_DIRECT_MIGRATION,ordinary C++ control/data-flow without detected boundary
src/idl_gen_cpp.cpp,GenTypeNativePtr,939,941,HANDWRITTEN_CPP,False,CPP_UNVERIFIED,B_DIRECT_MIGRATION,ordinary C++ control/data-flow without detected boundary
src/idl_gen_cpp.cpp,GenPtrGet,954,955,HANDWRITTEN_CPP,False,CPP_UNVERIFIED,B_DIRECT_MIGRATION,ordinary C++ control/data-flow without detected boundary
src/idl_gen_cpp.cpp,GenOptionalNull,961,962,HANDWRITTEN_CPP,False,CPP_UNVERIFIED,B_DIRECT_MIGRATION,ordinary C++ control/data-flow without detected boundary
src/idl_gen_cpp.cpp,GenOptionalDecl,963,964,HANDWRITTEN_CPP,False,CPP_UNVERIFIED,B_DIRECT_MIGRATION,ordinary C++ control/data-flow without detected boundary
src/idl_gen_cpp.cpp,GenTypeNative,967,969,HANDWRITTEN_CPP,False,CPP_UNVERIFIED,B_DIRECT_MIGRATION,ordinary C++ control/data-flow without detected boundary
src/idl_gen_cpp.cpp,GenTypeGet,1019,1021,HANDWRITTEN_CPP,False,CPP_UNVERIFIED,B_DIRECT_MIGRATION,ordinary C++ control/data-flow without detected boundary
src/idl_gen_cpp.cpp,GenTypeSpan,1041,1042,HANDWRITTEN_CPP,False,CPP_UNVERIFIED,B_DIRECT_MIGRATION,ordinary C++ control/data-flow without detected boundary
src/idl_gen_cpp.cpp,StripUnionType,1089,1090,HANDWRITTEN_CPP,False,CPP_UNVERIFIED,B_DIRECT_MIGRATION,ordinary C++ control/data-flow without detected boundary
src/idl_gen_cpp.cpp,GetUnionElement,1093,1095,HANDWRITTEN_CPP,False,CPP_UNVERIFIED,B_DIRECT_MIGRATION,ordinary C++ control/data-flow without detected boundary
src/idl_gen_cpp.cpp,UnionVerifyTemplateDecl,1112,1112,HANDWRITTEN_CPP,False,CPP_UNVERIFIED,C_LOCAL_REFACTOR,"ownership, callback, threading, or template shape"
src/idl_gen_cpp.cpp,UnionVerifyTemplateDef,1116,1116,HANDWRITTEN_CPP,False,CPP_UNVERIFIED,C_LOCAL_REFACTOR,"ownership, callback, threading, or template shape"
src/idl_gen_cpp.cpp,UnionVerifySignature,1120,1120,HANDWRITTEN_CPP,False,CPP_UNVERIFIED,D_BOUNDARY,external/runtime/raw-pointer boundary
src/idl_gen_cpp.cpp,UnionVectorVerifySignature,1128,1128,HANDWRITTEN_CPP,False,CPP_UNVERIFIED,B_DIRECT_MIGRATION,ordinary C++ control/data-flow without detected boundary
src/idl_gen_cpp.cpp,UnionUnPackSignature,1139,1140,HANDWRITTEN_CPP,False,CPP_UNVERIFIED,D_BOUNDARY,external/runtime/raw-pointer boundary
src/idl_gen_cpp.cpp,UnionPackSignature,1146,1147,HANDWRITTEN_CPP,False,CPP_UNVERIFIED,B_DIRECT_MIGRATION,ordinary C++ control/data-flow without detected boundary
src/idl_gen_cpp.cpp,TableCreateSignature,1154,1156,HANDWRITTEN_CPP,False,CPP_UNVERIFIED,B_DIRECT_MIGRATION,ordinary C++ control/data-flow without detected boundary
src/idl_gen_cpp.cpp,TablePackSignature,1163,1165,HANDWRITTEN_CPP,False,CPP_UNVERIFIED,B_DIRECT_MIGRATION,ordinary C++ control/data-flow without detected boundary
src/idl_gen_cpp.cpp,TableUnPackSignature,1173,1175,HANDWRITTEN_CPP,False,CPP_UNVERIFIED,B_DIRECT_MIGRATION,ordinary C++ control/data-flow without detected boundary
src/idl_gen_cpp.cpp,TableUnPackToSignature,1181,1183,HANDWRITTEN_CPP,False,CPP_UNVERIFIED,B_DIRECT_MIGRATION,ordinary C++ control/data-flow without detected boundary
src/idl_gen_cpp.cpp,GenMiniReflectPre,1189,1190,HANDWRITTEN_CPP,False,CPP_UNVERIFIED,B_DIRECT_MIGRATION,ordinary C++ control/data-flow without detected boundary
src/idl_gen_cpp.cpp,GenMiniReflect,1195,1196,HANDWRITTEN_CPP,False,CPP_UNVERIFIED,B_DIRECT_MIGRATION,ordinary C++ control/data-flow without detected boundary
src/idl_gen_cpp.cpp,GenEnum,1336,1337,HANDWRITTEN_CPP,False,CPP_UNVERIFIED,B_DIRECT_MIGRATION,ordinary C++ control/data-flow without detected boundary
src/idl_gen_cpp.cpp,GenEnumObjectBasedAPI,1438,1438,HANDWRITTEN_CPP,False,CPP_UNVERIFIED,B_DIRECT_MIGRATION,ordinary C++ control/data-flow without detected boundary
src/idl_gen_cpp.cpp,GenEnumEquals,1529,1530,HANDWRITTEN_CPP,False,CPP_UNVERIFIED,B_DIRECT_MIGRATION,ordinary C++ control/data-flow without detected boundary
src/idl_gen_cpp.cpp,GenEnumArray,1575,1575,HANDWRITTEN_CPP,False,CPP_UNVERIFIED,B_DIRECT_MIGRATION,ordinary C++ control/data-flow without detected boundary
src/idl_gen_cpp.cpp,GenEnumStringTable,1596,1596,HANDWRITTEN_CPP,False,CPP_UNVERIFIED,D_BOUNDARY,external/runtime/raw-pointer boundary
src/idl_gen_cpp.cpp,GenUnionPost,1651,1652,HANDWRITTEN_CPP,False,CPP_UNVERIFIED,B_DIRECT_MIGRATION,ordinary C++ control/data-flow without detected boundary
src/idl_gen_cpp.cpp,GenUnderlyingCast,1862,1863,HANDWRITTEN_CPP,False,CPP_UNVERIFIED,B_DIRECT_MIGRATION,ordinary C++ control/data-flow without detected boundary
src/idl_gen_cpp.cpp,GenFieldOffsetName,1875,1876,HANDWRITTEN_CPP,False,CPP_UNVERIFIED,B_DIRECT_MIGRATION,ordinary C++ control/data-flow without detected boundary
src/idl_gen_cpp.cpp,GenFullyQualifiedNameGetter,1881,1883,HANDWRITTEN_CPP,False,CPP_UNVERIFIED,B_DIRECT_MIGRATION,ordinary C++ control/data-flow without detected boundary
src/idl_gen_cpp.cpp,GenDefaultConstant,1894,1895,HANDWRITTEN_CPP,False,CPP_UNVERIFIED,B_DIRECT_MIGRATION,ordinary C++ control/data-flow without detected boundary
src/idl_gen_cpp.cpp,GetDefaultScalarValue,1901,1902,HANDWRITTEN_CPP,False,CPP_UNVERIFIED,B_DIRECT_MIGRATION,ordinary C++ control/data-flow without detected boundary
src/idl_gen_cpp.cpp,GenParam,1937,1938,HANDWRITTEN_CPP,False,CPP_UNVERIFIED,D_BOUNDARY,external/runtime/raw-pointer boundary
src/idl_gen_cpp.cpp,GenMember,1972,1972,HANDWRITTEN_CPP,False,CPP_UNVERIFIED,B_DIRECT_MIGRATION,ordinary C++ control/data-flow without detected boundary
src/idl_gen_cpp.cpp,NeedsCopyCtorAssignOp,2014,2014,HANDWRITTEN_CPP,False,CPP_UNVERIFIED,B_DIRECT_MIGRATION,ordinary C++ control/data-flow without detected boundary
src/idl_gen_cpp.cpp,GenDefaultConstructor,2043,2043,HANDWRITTEN_CPP,False,CPP_UNVERIFIED,B_DIRECT_MIGRATION,ordinary C++ control/data-flow without detected boundary
src/idl_gen_cpp.cpp,GenCopyMoveCtorAndAssigOpDecls,2107,2107,HANDWRITTEN_CPP,False,CPP_UNVERIFIED,B_DIRECT_MIGRATION,ordinary C++ control/data-flow without detected boundary
src/idl_gen_cpp.cpp,GenCopyCtorAssignOpDefs,2121,2121,HANDWRITTEN_CPP,False,CPP_UNVERIFIED,B_DIRECT_MIGRATION,ordinary C++ control/data-flow without detected boundary
src/idl_gen_cpp.cpp,GenCompareOperator,2230,2232,HANDWRITTEN_CPP,False,CPP_UNVERIFIED,B_DIRECT_MIGRATION,ordinary C++ control/data-flow without detected boundary
src/idl_gen_cpp.cpp,GenAbslHashValue,2317,2318,HANDWRITTEN_CPP,False,CPP_UNVERIFIED,C_LOCAL_REFACTOR,"ownership, callback, threading, or template shape"
src/idl_gen_cpp.cpp,GenOperatorNewDelete,2345,2346,HANDWRITTEN_CPP,False,CPP_UNVERIFIED,D_BOUNDARY,external/runtime/raw-pointer boundary
src/idl_gen_cpp.cpp,GenNativeTable,2360,2361,HANDWRITTEN_CPP,False,CPP_UNVERIFIED,B_DIRECT_MIGRATION,ordinary C++ control/data-flow without detected boundary
src/idl_gen_cpp.cpp,GenBinarySchemaTypeDef,2382,2382,HANDWRITTEN_CPP,False,CPP_UNVERIFIED,B_DIRECT_MIGRATION,ordinary C++ control/data-flow without detected boundary
src/idl_gen_cpp.cpp,GenNativeTablePost,2388,2389,HANDWRITTEN_CPP,False,CPP_UNVERIFIED,B_DIRECT_MIGRATION,ordinary C++ control/data-flow without detected boundary
src/idl_gen_cpp.cpp,GenVerifyCall,2400,2400,HANDWRITTEN_CPP,False,CPP_UNVERIFIED,B_DIRECT_MIGRATION,ordinary C++ control/data-flow without detected boundary
src/idl_gen_cpp.cpp,GenComparatorForStruct,2510,2513,HANDWRITTEN_CPP,False,CPP_UNVERIFIED,B_DIRECT_MIGRATION,ordinary C++ control/data-flow without detected boundary
src/idl_gen_cpp.cpp,GenKeyFieldMethods,2587,2587,HANDWRITTEN_CPP,False,CPP_UNVERIFIED,B_DIRECT_MIGRATION,ordinary C++ control/data-flow without detected boundary
src/idl_gen_cpp.cpp,GenTableUnionAsGetters,2687,2688,HANDWRITTEN_CPP,False,CPP_UNVERIFIED,C_LOCAL_REFACTOR,"ownership, callback, threading, or template shape"
src/idl_gen_cpp.cpp,GenTableFieldGetter,2730,2731,HANDWRITTEN_CPP,False,CPP_UNVERIFIED,B_DIRECT_MIGRATION,ordinary C++ control/data-flow without detected boundary
src/idl_gen_cpp.cpp,GenTableFieldType,2815,2816,HANDWRITTEN_CPP,False,CPP_UNVERIFIED,B_DIRECT_MIGRATION,ordinary C++ control/data-flow without detected boundary
src/idl_gen_cpp.cpp,GenStructFieldType,2829,2830,HANDWRITTEN_CPP,False,CPP_UNVERIFIED,B_DIRECT_MIGRATION,ordinary C++ control/data-flow without detected boundary
src/idl_gen_cpp.cpp,GenFieldTypeHelper,2838,2839,HANDWRITTEN_CPP,False,CPP_UNVERIFIED,B_DIRECT_MIGRATION,ordinary C++ control/data-flow without detected boundary
src/idl_gen_cpp.cpp,GenIndexBasedFieldGetter,2847,2848,HANDWRITTEN_CPP,False,CPP_UNVERIFIED,B_DIRECT_MIGRATION,ordinary C++ control/data-flow without detected boundary
src/idl_gen_cpp.cpp,GenFieldNames,2887,2887,HANDWRITTEN_CPP,False,CPP_UNVERIFIED,D_BOUNDARY,external/runtime/raw-pointer boundary
src/idl_gen_cpp.cpp,GenFieldsNumber,2911,2912,HANDWRITTEN_CPP,False,CPP_UNVERIFIED,B_DIRECT_MIGRATION,ordinary C++ control/data-flow without detected boundary
src/idl_gen_cpp.cpp,GenTraitsStruct,2921,2922,HANDWRITTEN_CPP,False,CPP_UNVERIFIED,B_DIRECT_MIGRATION,ordinary C++ control/data-flow without detected boundary
src/idl_gen_cpp.cpp,GenTableFieldSetter,2944,2945,HANDWRITTEN_CPP,False,CPP_UNVERIFIED,B_DIRECT_MIGRATION,ordinary C++ control/data-flow without detected boundary
src/idl_gen_cpp.cpp,GetNestedFlatBufferName,3029,3030,HANDWRITTEN_CPP,False,CPP_UNVERIFIED,B_DIRECT_MIGRATION,ordinary C++ control/data-flow without detected boundary
src/idl_gen_cpp.cpp,GenTable,3046,3046,HANDWRITTEN_CPP,False,CPP_UNVERIFIED,B_DIRECT_MIGRATION,ordinary C++ control/data-flow without detected boundary
src/idl_gen_cpp.cpp,GenVectorForceAlign,3240,3241,HANDWRITTEN_CPP,False,CPP_UNVERIFIED,B_DIRECT_MIGRATION,ordinary C++ control/data-flow without detected boundary
src/idl_gen_cpp.cpp,GenBuilders,3259,3260,HANDWRITTEN_CPP,False,CPP_UNVERIFIED,B_DIRECT_MIGRATION,ordinary C++ control/data-flow without detected boundary
src/idl_gen_cpp.cpp,GenUnionUnpackVal,3501,3504,HANDWRITTEN_CPP,False,CPP_UNVERIFIED,B_DIRECT_MIGRATION,ordinary C++ control/data-flow without detected boundary
src/idl_gen_cpp.cpp,GenUnpackVal,3510,3512,HANDWRITTEN_CPP,False,CPP_UNVERIFIED,B_DIRECT_MIGRATION,ordinary C++ control/data-flow without detected boundary
src/idl_gen_cpp.cpp,GenUnpackFieldStatement,3567,3569,HANDWRITTEN_CPP,False,CPP_UNVERIFIED,B_DIRECT_MIGRATION,ordinary C++ control/data-flow without detected boundary
src/idl_gen_cpp.cpp,GenCreateParam,3723,3724,HANDWRITTEN_CPP,False,CPP_UNVERIFIED,B_DIRECT_MIGRATION,ordinary C++ control/data-flow without detected boundary
src/idl_gen_cpp.cpp,GenTablePost,3968,3968,HANDWRITTEN_CPP,False,CPP_UNVERIFIED,B_DIRECT_MIGRATION,ordinary C++ control/data-flow without detected boundary
src/idl_gen_cpp.cpp,GenPadding,4128,4131,HANDWRITTEN_CPP,False,CPP_UNVERIFIED,B_DIRECT_MIGRATION,ordinary C++ control/data-flow without detected boundary
src/idl_gen_cpp.cpp,PaddingDefinition,4141,4142,HANDWRITTEN_CPP,False,CPP_UNVERIFIED,B_DIRECT_MIGRATION,ordinary C++ control/data-flow without detected boundary
src/idl_gen_cpp.cpp,PaddingInitializer,4146,4147,HANDWRITTEN_CPP,False,CPP_UNVERIFIED,B_DIRECT_MIGRATION,ordinary C++ control/data-flow without detected boundary
src/idl_gen_cpp.cpp,PaddingNoop,4152,4153,HANDWRITTEN_CPP,False,CPP_UNVERIFIED,B_DIRECT_MIGRATION,ordinary C++ control/data-flow without detected boundary
src/idl_gen_cpp.cpp,GenStructDefaultConstructor,4158,4159,HANDWRITTEN_CPP,False,CPP_UNVERIFIED,B_DIRECT_MIGRATION,ordinary C++ control/data-flow without detected boundary
src/idl_gen_cpp.cpp,GenStructConstructor,4207,4209,HANDWRITTEN_CPP,False,CPP_UNVERIFIED,B_DIRECT_MIGRATION,ordinary C++ control/data-flow without detected boundary
src/idl_gen_cpp.cpp,GenArrayAccessor,4286,4287,HANDWRITTEN_CPP,False,CPP_UNVERIFIED,B_DIRECT_MIGRATION,ordinary C++ control/data-flow without detected boundary
src/idl_gen_cpp.cpp,GenStruct,4308,4308,HANDWRITTEN_CPP,False,CPP_UNVERIFIED,B_DIRECT_MIGRATION,ordinary C++ control/data-flow without detected boundary
src/idl_gen_cpp.cpp,SetNameSpace,4461,4461,HANDWRITTEN_CPP,False,CPP_UNVERIFIED,B_DIRECT_MIGRATION,ordinary C++ control/data-flow without detected boundary
src/idl_gen_cpp.cpp,GenerateCPP,4503,4505,HANDWRITTEN_CPP,False,CPP_UNVERIFIED,B_DIRECT_MIGRATION,ordinary C++ control/data-flow without detected boundary
src/idl_gen_cpp.cpp,CPPMakeRule,4542,4544,HANDWRITTEN_CPP,False,CPP_UNVERIFIED,B_DIRECT_MIGRATION,ordinary C++ control/data-flow without detected boundary
src/idl_gen_cpp.cpp,NewCppCodeGenerator,4608,4609,HANDWRITTEN_CPP,False,CPP_UNVERIFIED,C_LOCAL_REFACTOR,"ownership, callback, threading, or template shape"
src/idl_gen_csharp.cpp,CSharpGenerator,45,51,HANDWRITTEN_CPP,False,CPP_UNVERIFIED,D_BOUNDARY,external/runtime/raw-pointer boundary
src/idl_gen_csharp.cpp,generate,145,146,HANDWRITTEN_CPP,False,CPP_UNVERIFIED,B_DIRECT_MIGRATION,ordinary C++ control/data-flow without detected boundary
src/idl_gen_csharp.cpp,GetStartOfTableVerifier,676,677,HANDWRITTEN_CPP,False,CPP_UNVERIFIED,B_DIRECT_MIGRATION,ordinary C++ control/data-flow without detected boundary
src/idl_gen_csharp.cpp,GetEndOfTableVerifier,689,689,HANDWRITTEN_CPP,False,CPP_UNVERIFIED,B_DIRECT_MIGRATION,ordinary C++ control/data-flow without detected boundary
src/idl_gen_csharp.cpp,GetNestedFlatBufferName,695,696,HANDWRITTEN_CPP,False,CPP_UNVERIFIED,B_DIRECT_MIGRATION,ordinary C++ control/data-flow without detected boundary
src/idl_gen_csharp.cpp,GenVerifyCall,707,708,HANDWRITTEN_CPP,False,CPP_UNVERIFIED,B_DIRECT_MIGRATION,ordinary C++ control/data-flow without detected boundary
src/idl_gen_csharp.cpp,GenTableVerifier,827,827,HANDWRITTEN_CPP,False,CPP_UNVERIFIED,B_DIRECT_MIGRATION,ordinary C++ control/data-flow without detected boundary
src/idl_gen_csharp.cpp,GenStructVerifier,847,847,HANDWRITTEN_CPP,False,CPP_UNVERIFIED,B_DIRECT_MIGRATION,ordinary C++ control/data-flow without detected boundary
src/idl_gen_csharp.cpp,if,2076,2077,HANDWRITTEN_CPP,False,CPP_UNVERIFIED,B_DIRECT_MIGRATION,ordinary C++ control/data-flow without detected boundary
src/idl_gen_csharp.cpp,GenerateCSharp,2669,2671,HANDWRITTEN_CPP,False,CPP_UNVERIFIED,B_DIRECT_MIGRATION,ordinary C++ control/data-flow without detected boundary
src/idl_gen_csharp.cpp,NewCSharpCodeGenerator,2725,2726,HANDWRITTEN_CPP,False,CPP_UNVERIFIED,C_LOCAL_REFACTOR,"ownership, callback, threading, or template shape"
src/idl_gen_dart.cpp,DartDefaultConfig,34,35,HANDWRITTEN_CPP,False,CPP_UNVERIFIED,B_DIRECT_MIGRATION,ordinary C++ control/data-flow without detected boundary
src/idl_gen_dart.cpp,DartKeywords,58,59,HANDWRITTEN_CPP,False,CPP_UNVERIFIED,B_DIRECT_MIGRATION,ordinary C++ control/data-flow without detected boundary
src/idl_gen_dart.cpp,BaseGenerator,90,92,HANDWRITTEN_CPP,False,CPP_UNVERIFIED,B_DIRECT_MIGRATION,ordinary C++ control/data-flow without detected boundary
src/idl_gen_dart.cpp,import_generator,93,98,HANDWRITTEN_CPP,False,CPP_UNVERIFIED,B_DIRECT_MIGRATION,ordinary C++ control/data-flow without detected boundary
src/idl_gen_dart.cpp,generate,120,120,HANDWRITTEN_CPP,False,CPP_UNVERIFIED,B_DIRECT_MIGRATION,ordinary C++ control/data-flow without detected boundary
src/idl_gen_dart.cpp,ImportAliasName,179,181,HANDWRITTEN_CPP,False,CPP_UNVERIFIED,B_DIRECT_MIGRATION,ordinary C++ control/data-flow without detected boundary
src/idl_gen_dart.cpp,GenerateEnums,192,193,HANDWRITTEN_CPP,False,CPP_UNVERIFIED,B_DIRECT_MIGRATION,ordinary C++ control/data-flow without detected boundary
src/idl_gen_dart.cpp,GenerateStructs,200,201,HANDWRITTEN_CPP,False,CPP_UNVERIFIED,B_DIRECT_MIGRATION,ordinary C++ control/data-flow without detected boundary
src/idl_gen_dart.cpp,GenDocComment,210,211,HANDWRITTEN_CPP,False,CPP_UNVERIFIED,B_DIRECT_MIGRATION,ordinary C++ control/data-flow without detected boundary
src/idl_gen_dart.cpp,GenEnum,219,219,HANDWRITTEN_CPP,False,CPP_UNVERIFIED,B_DIRECT_MIGRATION,ordinary C++ control/data-flow without detected boundary
src/idl_gen_dart.cpp,GenEnumReader,283,285,HANDWRITTEN_CPP,False,CPP_UNVERIFIED,D_BOUNDARY,external/runtime/raw-pointer boundary
src/idl_gen_dart.cpp,GenType,298,299,HANDWRITTEN_CPP,False,CPP_UNVERIFIED,B_DIRECT_MIGRATION,ordinary C++ control/data-flow without detected boundary
src/idl_gen_dart.cpp,EnumSize,336,337,HANDWRITTEN_CPP,False,CPP_UNVERIFIED,B_DIRECT_MIGRATION,ordinary C++ control/data-flow without detected boundary
src/idl_gen_dart.cpp,GenReaderTypeName,359,363,HANDWRITTEN_CPP,False,CPP_UNVERIFIED,B_DIRECT_MIGRATION,ordinary C++ control/data-flow without detected boundary
src/idl_gen_dart.cpp,GenDartTypeName,393,396,HANDWRITTEN_CPP,False,CPP_UNVERIFIED,B_DIRECT_MIGRATION,ordinary C++ control/data-flow without detected boundary
src/idl_gen_dart.cpp,GenDartTypeName,445,448,HANDWRITTEN_CPP,False,CPP_UNVERIFIED,B_DIRECT_MIGRATION,ordinary C++ control/data-flow without detected boundary
src/idl_gen_dart.cpp,GenStruct,474,475,HANDWRITTEN_CPP,False,CPP_UNVERIFIED,D_BOUNDARY,external/runtime/raw-pointer boundary
src/idl_gen_dart.cpp,GenStructObjectAPI,549,551,HANDWRITTEN_CPP,False,CPP_UNVERIFIED,B_DIRECT_MIGRATION,ordinary C++ control/data-flow without detected boundary
src/idl_gen_dart.cpp,GenStructObjectAPIUnpack,603,605,HANDWRITTEN_CPP,False,CPP_UNVERIFIED,B_DIRECT_MIGRATION,ordinary C++ control/data-flow without detected boundary
src/idl_gen_dart.cpp,GenStructObjectAPIPack,642,644,HANDWRITTEN_CPP,False,CPP_UNVERIFIED,B_DIRECT_MIGRATION,ordinary C++ control/data-flow without detected boundary
src/idl_gen_dart.cpp,NamespaceAliasFromUnionType,654,656,HANDWRITTEN_CPP,False,CPP_UNVERIFIED,B_DIRECT_MIGRATION,ordinary C++ control/data-flow without detected boundary
src/idl_gen_dart.cpp,GenImplementationGetters,667,671,HANDWRITTEN_CPP,False,CPP_UNVERIFIED,B_DIRECT_MIGRATION,ordinary C++ control/data-flow without detected boundary
src/idl_gen_dart.cpp,GenToString,736,739,HANDWRITTEN_CPP,False,CPP_UNVERIFIED,B_DIRECT_MIGRATION,ordinary C++ control/data-flow without detected boundary
src/idl_gen_dart.cpp,GenReader,787,789,HANDWRITTEN_CPP,False,CPP_UNVERIFIED,B_DIRECT_MIGRATION,ordinary C++ control/data-flow without detected boundary
src/idl_gen_dart.cpp,GenBuilder,811,815,HANDWRITTEN_CPP,False,CPP_UNVERIFIED,B_DIRECT_MIGRATION,ordinary C++ control/data-flow without detected boundary
src/idl_gen_dart.cpp,StructBuilderBody,832,836,HANDWRITTEN_CPP,False,CPP_UNVERIFIED,B_DIRECT_MIGRATION,ordinary C++ control/data-flow without detected boundary
src/idl_gen_dart.cpp,TableBuilderBody,879,883,HANDWRITTEN_CPP,False,CPP_UNVERIFIED,B_DIRECT_MIGRATION,ordinary C++ control/data-flow without detected boundary
src/idl_gen_dart.cpp,GenObjectBuilder,926,930,HANDWRITTEN_CPP,False,CPP_UNVERIFIED,B_DIRECT_MIGRATION,ordinary C++ control/data-flow without detected boundary
src/idl_gen_dart.cpp,GenObjectBuilderImplementation,989,993,HANDWRITTEN_CPP,False,CPP_UNVERIFIED,B_DIRECT_MIGRATION,ordinary C++ control/data-flow without detected boundary
src/idl_gen_dart.cpp,if,1029,1030,HANDWRITTEN_CPP,False,CPP_UNVERIFIED,B_DIRECT_MIGRATION,ordinary C++ control/data-flow without detected boundary
src/idl_gen_dart.cpp,StructObjectBuilderBody,1064,1067,HANDWRITTEN_CPP,False,CPP_UNVERIFIED,B_DIRECT_MIGRATION,ordinary C++ control/data-flow without detected boundary
src/idl_gen_dart.cpp,TableObjectBuilderBody,1101,1105,HANDWRITTEN_CPP,False,CPP_UNVERIFIED,B_DIRECT_MIGRATION,ordinary C++ control/data-flow without detected boundary
src/idl_gen_dart.cpp,GenerateDart,1143,1145,HANDWRITTEN_CPP,False,CPP_UNVERIFIED,B_DIRECT_MIGRATION,ordinary C++ control/data-flow without detected boundary
src/idl_gen_dart.cpp,DartMakeRule,1149,1151,HANDWRITTEN_CPP,False,CPP_UNVERIFIED,B_DIRECT_MIGRATION,ordinary C++ control/data-flow without detected boundary
src/idl_gen_dart.cpp,NewDartCodeGenerator,1213,1214,HANDWRITTEN_CPP,False,CPP_UNVERIFIED,C_LOCAL_REFACTOR,"ownership, callback, threading, or template shape"
src/idl_gen_fbs.cpp,GenType,32,33,HANDWRITTEN_CPP,False,CPP_UNVERIFIED,B_DIRECT_MIGRATION,ordinary C++ control/data-flow without detected boundary
src/idl_gen_fbs.cpp,if,40,41,HANDWRITTEN_CPP,False,CPP_UNVERIFIED,B_DIRECT_MIGRATION,ordinary C++ control/data-flow without detected boundary
src/idl_gen_fbs.cpp,HasFieldWithId,49,50,HANDWRITTEN_CPP,False,CPP_UNVERIFIED,B_DIRECT_MIGRATION,ordinary C++ control/data-flow without detected boundary
src/idl_gen_fbs.cpp,HasNonPositiveFieldId,61,62,HANDWRITTEN_CPP,False,CPP_UNVERIFIED,B_DIRECT_MIGRATION,ordinary C++ control/data-flow without detected boundary
src/idl_gen_fbs.cpp,HasFieldIdFromReservedIds,77,80,HANDWRITTEN_CPP,False,CPP_UNVERIFIED,B_DIRECT_MIGRATION,ordinary C++ control/data-flow without detected boundary
src/idl_gen_fbs.cpp,ExtractProtobufIds,100,102,HANDWRITTEN_CPP,False,CPP_UNVERIFIED,B_DIRECT_MIGRATION,ordinary C++ control/data-flow without detected boundary
src/idl_gen_fbs.cpp,HasTwiceUsedId,118,119,HANDWRITTEN_CPP,False,CPP_UNVERIFIED,B_DIRECT_MIGRATION,ordinary C++ control/data-flow without detected boundary
src/idl_gen_fbs.cpp,HasGapInProtoId,131,132,HANDWRITTEN_CPP,False,CPP_UNVERIFIED,B_DIRECT_MIGRATION,ordinary C++ control/data-flow without detected boundary
src/idl_gen_fbs.cpp,ProtobufIdSanityCheck,144,147,HANDWRITTEN_CPP,False,CPP_UNVERIFIED,B_DIRECT_MIGRATION,ordinary C++ control/data-flow without detected boundary
src/idl_gen_fbs.cpp,MapProtoIdsToFieldsId,200,203,HANDWRITTEN_CPP,False,CPP_UNVERIFIED,B_DIRECT_MIGRATION,ordinary C++ control/data-flow without detected boundary
src/idl_gen_fbs.cpp,GenNameSpace,259,261,HANDWRITTEN_CPP,False,CPP_UNVERIFIED,B_DIRECT_MIGRATION,ordinary C++ control/data-flow without detected boundary
src/idl_gen_fbs.cpp,GenerateFBS,275,277,HANDWRITTEN_CPP,False,CPP_UNVERIFIED,B_DIRECT_MIGRATION,ordinary C++ control/data-flow without detected boundary
src/idl_gen_fbs.cpp,GenerateFBS,409,411,HANDWRITTEN_CPP,False,CPP_UNVERIFIED,B_DIRECT_MIGRATION,ordinary C++ control/data-flow without detected boundary
src/idl_gen_fbs.cpp,FBSCodeGenerator,427,428,HANDWRITTEN_CPP,False,CPP_UNVERIFIED,B_DIRECT_MIGRATION,ordinary C++ control/data-flow without detected boundary
src/idl_gen_fbs.cpp,NewFBSCodeGenerator,490,491,HANDWRITTEN_CPP,False,CPP_UNVERIFIED,C_LOCAL_REFACTOR,"ownership, callback, threading, or template shape"
src/idl_gen_go.cpp,GoKeywords,49,49,HANDWRITTEN_CPP,False,CPP_UNVERIFIED,B_DIRECT_MIGRATION,ordinary C++ control/data-flow without detected boundary
src/idl_gen_go.cpp,GoDefaultConfig,58,59,HANDWRITTEN_CPP,False,CPP_UNVERIFIED,B_DIRECT_MIGRATION,ordinary C++ control/data-flow without detected boundary
src/idl_gen_go.cpp,GoGenerator,89,96,HANDWRITTEN_CPP,False,CPP_UNVERIFIED,B_DIRECT_MIGRATION,ordinary C++ control/data-flow without detected boundary
src/idl_gen_go.cpp,generate,103,104,HANDWRITTEN_CPP,False,CPP_UNVERIFIED,B_DIRECT_MIGRATION,ordinary C++ control/data-flow without detected boundary
src/idl_gen_go.cpp,generateEnums,122,124,HANDWRITTEN_CPP,False,CPP_UNVERIFIED,B_DIRECT_MIGRATION,ordinary C++ control/data-flow without detected boundary
src/idl_gen_go.cpp,GenNativeUnionCreator,147,148,HANDWRITTEN_CPP,False,CPP_UNVERIFIED,B_DIRECT_MIGRATION,ordinary C++ control/data-flow without detected boundary
src/idl_gen_go.cpp,generateStructs,155,156,HANDWRITTEN_CPP,False,CPP_UNVERIFIED,B_DIRECT_MIGRATION,ordinary C++ control/data-flow without detected boundary
src/idl_gen_go.cpp,OffsetPrefix,189,189,HANDWRITTEN_CPP,False,CPP_UNVERIFIED,B_DIRECT_MIGRATION,ordinary C++ control/data-flow without detected boundary
src/idl_gen_go.cpp,BeginClass,195,195,HANDWRITTEN_CPP,False,CPP_UNVERIFIED,B_DIRECT_MIGRATION,ordinary C++ control/data-flow without detected boundary
src/idl_gen_go.cpp,GetEnumTypeName,208,208,HANDWRITTEN_CPP,False,CPP_UNVERIFIED,B_DIRECT_MIGRATION,ordinary C++ control/data-flow without detected boundary
src/idl_gen_go.cpp,GenEnumType,213,213,HANDWRITTEN_CPP,False,CPP_UNVERIFIED,B_DIRECT_MIGRATION,ordinary C++ control/data-flow without detected boundary
src/idl_gen_go.cpp,BeginEnum,220,220,HANDWRITTEN_CPP,False,CPP_UNVERIFIED,B_DIRECT_MIGRATION,ordinary C++ control/data-flow without detected boundary
src/idl_gen_go.cpp,EnumMember,226,227,HANDWRITTEN_CPP,False,CPP_UNVERIFIED,B_DIRECT_MIGRATION,ordinary C++ control/data-flow without detected boundary
src/idl_gen_go.cpp,EndEnum,239,239,HANDWRITTEN_CPP,False,CPP_UNVERIFIED,B_DIRECT_MIGRATION,ordinary C++ control/data-flow without detected boundary
src/idl_gen_go.cpp,BeginEnumNames,245,245,HANDWRITTEN_CPP,False,CPP_UNVERIFIED,B_DIRECT_MIGRATION,ordinary C++ control/data-flow without detected boundary
src/idl_gen_go.cpp,EnumNameMember,253,254,HANDWRITTEN_CPP,False,CPP_UNVERIFIED,B_DIRECT_MIGRATION,ordinary C++ control/data-flow without detected boundary
src/idl_gen_go.cpp,EndEnumNames,266,266,HANDWRITTEN_CPP,False,CPP_UNVERIFIED,B_DIRECT_MIGRATION,ordinary C++ control/data-flow without detected boundary
src/idl_gen_go.cpp,EnumStringer,272,272,HANDWRITTEN_CPP,False,CPP_UNVERIFIED,B_DIRECT_MIGRATION,ordinary C++ control/data-flow without detected boundary
src/idl_gen_go.cpp,BeginEnumValues,285,285,HANDWRITTEN_CPP,False,CPP_UNVERIFIED,B_DIRECT_MIGRATION,ordinary C++ control/data-flow without detected boundary
src/idl_gen_go.cpp,EnumValueMember,293,294,HANDWRITTEN_CPP,False,CPP_UNVERIFIED,B_DIRECT_MIGRATION,ordinary C++ control/data-flow without detected boundary
src/idl_gen_go.cpp,EndEnumValues,305,305,HANDWRITTEN_CPP,False,CPP_UNVERIFIED,B_DIRECT_MIGRATION,ordinary C++ control/data-flow without detected boundary
src/idl_gen_go.cpp,NewRootTypeFromBuffer,311,312,HANDWRITTEN_CPP,False,CPP_UNVERIFIED,B_DIRECT_MIGRATION,ordinary C++ control/data-flow without detected boundary
src/idl_gen_go.cpp,InitializeExisting,369,369,HANDWRITTEN_CPP,False,CPP_UNVERIFIED,B_DIRECT_MIGRATION,ordinary C++ control/data-flow without detected boundary
src/idl_gen_go.cpp,GenTableAccessor,381,381,HANDWRITTEN_CPP,False,CPP_UNVERIFIED,B_DIRECT_MIGRATION,ordinary C++ control/data-flow without detected boundary
src/idl_gen_go.cpp,GetVectorLen,397,398,HANDWRITTEN_CPP,False,CPP_UNVERIFIED,B_DIRECT_MIGRATION,ordinary C++ control/data-flow without detected boundary
src/idl_gen_go.cpp,GetUByteSlice,409,410,HANDWRITTEN_CPP,False,CPP_UNVERIFIED,B_DIRECT_MIGRATION,ordinary C++ control/data-flow without detected boundary
src/idl_gen_go.cpp,GetScalarFieldOfStruct,421,422,HANDWRITTEN_CPP,False,CPP_UNVERIFIED,B_DIRECT_MIGRATION,ordinary C++ control/data-flow without detected boundary
src/idl_gen_go.cpp,GetScalarFieldOfTable,436,437,HANDWRITTEN_CPP,False,CPP_UNVERIFIED,B_DIRECT_MIGRATION,ordinary C++ control/data-flow without detected boundary
src/idl_gen_go.cpp,GetStructFieldOfStruct,460,461,HANDWRITTEN_CPP,False,CPP_UNVERIFIED,B_DIRECT_MIGRATION,ordinary C++ control/data-flow without detected boundary
src/idl_gen_go.cpp,GetStructFieldOfTable,479,480,HANDWRITTEN_CPP,False,CPP_UNVERIFIED,B_DIRECT_MIGRATION,ordinary C++ control/data-flow without detected boundary
src/idl_gen_go.cpp,GetStringField,501,502,HANDWRITTEN_CPP,False,CPP_UNVERIFIED,B_DIRECT_MIGRATION,ordinary C++ control/data-flow without detected boundary
src/idl_gen_go.cpp,GetUnionField,513,514,HANDWRITTEN_CPP,False,CPP_UNVERIFIED,B_DIRECT_MIGRATION,ordinary C++ control/data-flow without detected boundary
src/idl_gen_go.cpp,GetMemberOfVectorOfStruct,527,528,HANDWRITTEN_CPP,False,CPP_UNVERIFIED,B_DIRECT_MIGRATION,ordinary C++ control/data-flow without detected boundary
src/idl_gen_go.cpp,GetMemberOfVectorOfStructByKey,547,550,HANDWRITTEN_CPP,False,CPP_UNVERIFIED,B_DIRECT_MIGRATION,ordinary C++ control/data-flow without detected boundary
src/idl_gen_go.cpp,GetMemberOfVectorOfNonStruct,579,581,HANDWRITTEN_CPP,False,CPP_UNVERIFIED,B_DIRECT_MIGRATION,ordinary C++ control/data-flow without detected boundary
src/idl_gen_go.cpp,BeginBuilderArgs,607,607,HANDWRITTEN_CPP,False,CPP_UNVERIFIED,B_DIRECT_MIGRATION,ordinary C++ control/data-flow without detected boundary
src/idl_gen_go.cpp,StructBuilderArgs,620,621,HANDWRITTEN_CPP,False,CPP_UNVERIFIED,B_DIRECT_MIGRATION,ordinary C++ control/data-flow without detected boundary
src/idl_gen_go.cpp,EndBuilderArgs,641,641,HANDWRITTEN_CPP,False,CPP_UNVERIFIED,B_DIRECT_MIGRATION,ordinary C++ control/data-flow without detected boundary
src/idl_gen_go.cpp,StructBuilderBody,648,649,HANDWRITTEN_CPP,False,CPP_UNVERIFIED,B_DIRECT_MIGRATION,ordinary C++ control/data-flow without detected boundary
src/idl_gen_go.cpp,EndBuilderBody,669,670,HANDWRITTEN_CPP,False,CPP_UNVERIFIED,B_DIRECT_MIGRATION,ordinary C++ control/data-flow without detected boundary
src/idl_gen_go.cpp,GetStartOfTable,677,677,HANDWRITTEN_CPP,False,CPP_UNVERIFIED,B_DIRECT_MIGRATION,ordinary C++ control/data-flow without detected boundary
src/idl_gen_go.cpp,BuildFieldOfTable,687,688,HANDWRITTEN_CPP,False,CPP_UNVERIFIED,B_DIRECT_MIGRATION,ordinary C++ control/data-flow without detected boundary
src/idl_gen_go.cpp,BuildVectorOfTable,724,725,HANDWRITTEN_CPP,False,CPP_UNVERIFIED,B_DIRECT_MIGRATION,ordinary C++ control/data-flow without detected boundary
src/idl_gen_go.cpp,GetEndOffsetOnTable,740,740,HANDWRITTEN_CPP,False,CPP_UNVERIFIED,B_DIRECT_MIGRATION,ordinary C++ control/data-flow without detected boundary
src/idl_gen_go.cpp,GenReceiver,748,748,HANDWRITTEN_CPP,False,CPP_UNVERIFIED,B_DIRECT_MIGRATION,ordinary C++ control/data-flow without detected boundary
src/idl_gen_go.cpp,GenStructAccessor,754,755,HANDWRITTEN_CPP,False,CPP_UNVERIFIED,B_DIRECT_MIGRATION,ordinary C++ control/data-flow without detected boundary
src/idl_gen_go.cpp,if,765,766,HANDWRITTEN_CPP,False,CPP_UNVERIFIED,B_DIRECT_MIGRATION,ordinary C++ control/data-flow without detected boundary
src/idl_gen_go.cpp,MutateScalarFieldOfStruct,806,807,HANDWRITTEN_CPP,False,CPP_UNVERIFIED,B_DIRECT_MIGRATION,ordinary C++ control/data-flow without detected boundary
src/idl_gen_go.cpp,MutateScalarFieldOfTable,821,822,HANDWRITTEN_CPP,False,CPP_UNVERIFIED,B_DIRECT_MIGRATION,ordinary C++ control/data-flow without detected boundary
src/idl_gen_go.cpp,MutateElementOfVectorOfNonStruct,835,837,HANDWRITTEN_CPP,False,CPP_UNVERIFIED,B_DIRECT_MIGRATION,ordinary C++ control/data-flow without detected boundary
src/idl_gen_go.cpp,GenStructMutator,857,858,HANDWRITTEN_CPP,False,CPP_UNVERIFIED,B_DIRECT_MIGRATION,ordinary C++ control/data-flow without detected boundary
src/idl_gen_go.cpp,GenTableBuilders,874,874,HANDWRITTEN_CPP,False,CPP_UNVERIFIED,B_DIRECT_MIGRATION,ordinary C++ control/data-flow without detected boundary
src/idl_gen_go.cpp,GenStruct,893,893,HANDWRITTEN_CPP,False,CPP_UNVERIFIED,B_DIRECT_MIGRATION,ordinary C++ control/data-flow without detected boundary
src/idl_gen_go.cpp,GenKeyCompare,939,941,HANDWRITTEN_CPP,False,CPP_UNVERIFIED,B_DIRECT_MIGRATION,ordinary C++ control/data-flow without detected boundary
src/idl_gen_go.cpp,GenLookupByKey,961,963,HANDWRITTEN_CPP,False,CPP_UNVERIFIED,B_DIRECT_MIGRATION,ordinary C++ control/data-flow without detected boundary
src/idl_gen_go.cpp,GenNativeStruct,1014,1015,HANDWRITTEN_CPP,False,CPP_UNVERIFIED,B_DIRECT_MIGRATION,ordinary C++ control/data-flow without detected boundary
src/idl_gen_go.cpp,GenNativeUnion,1044,1045,HANDWRITTEN_CPP,False,CPP_UNVERIFIED,B_DIRECT_MIGRATION,ordinary C++ control/data-flow without detected boundary
src/idl_gen_go.cpp,GenNativeUnionPack,1054,1055,HANDWRITTEN_CPP,False,CPP_UNVERIFIED,B_DIRECT_MIGRATION,ordinary C++ control/data-flow without detected boundary
src/idl_gen_go.cpp,GenNativeUnionUnPack,1076,1077,HANDWRITTEN_CPP,False,CPP_UNVERIFIED,B_DIRECT_MIGRATION,ordinary C++ control/data-flow without detected boundary
src/idl_gen_go.cpp,GenNativeTablePack,1107,1108,HANDWRITTEN_CPP,False,CPP_UNVERIFIED,B_DIRECT_MIGRATION,ordinary C++ control/data-flow without detected boundary
src/idl_gen_go.cpp,GenNativeTableUnPack,1236,1238,HANDWRITTEN_CPP,False,CPP_UNVERIFIED,B_DIRECT_MIGRATION,ordinary C++ control/data-flow without detected boundary
src/idl_gen_go.cpp,GenNativeStructPack,1313,1314,HANDWRITTEN_CPP,False,CPP_UNVERIFIED,B_DIRECT_MIGRATION,ordinary C++ control/data-flow without detected boundary
src/idl_gen_go.cpp,StructPackArgs,1325,1327,HANDWRITTEN_CPP,False,CPP_UNVERIFIED,B_DIRECT_MIGRATION,ordinary C++ control/data-flow without detected boundary
src/idl_gen_go.cpp,GenNativeStructUnPack,1341,1343,HANDWRITTEN_CPP,False,CPP_UNVERIFIED,B_DIRECT_MIGRATION,ordinary C++ control/data-flow without detected boundary
src/idl_gen_go.cpp,GenEnum,1371,1371,HANDWRITTEN_CPP,False,CPP_UNVERIFIED,B_DIRECT_MIGRATION,ordinary C++ control/data-flow without detected boundary
src/idl_gen_go.cpp,GenGetter,1405,1405,HANDWRITTEN_CPP,False,CPP_UNVERIFIED,B_DIRECT_MIGRATION,ordinary C++ control/data-flow without detected boundary
src/idl_gen_go.cpp,GenMethod,1419,1419,HANDWRITTEN_CPP,False,CPP_UNVERIFIED,B_DIRECT_MIGRATION,ordinary C++ control/data-flow without detected boundary
src/idl_gen_go.cpp,GenTypeBasic,1424,1425,HANDWRITTEN_CPP,False,CPP_UNVERIFIED,D_BOUNDARY,external/runtime/raw-pointer boundary
src/idl_gen_go.cpp,GenTypePointer,1436,1437,HANDWRITTEN_CPP,False,CPP_UNVERIFIED,B_DIRECT_MIGRATION,ordinary C++ control/data-flow without detected boundary
src/idl_gen_go.cpp,GenTypeGet,1451,1452,HANDWRITTEN_CPP,False,CPP_UNVERIFIED,B_DIRECT_MIGRATION,ordinary C++ control/data-flow without detected boundary
src/idl_gen_go.cpp,TypeName,1458,1459,HANDWRITTEN_CPP,False,CPP_UNVERIFIED,B_DIRECT_MIGRATION,ordinary C++ control/data-flow without detected boundary
src/idl_gen_go.cpp,CastToEnum,1469,1469,HANDWRITTEN_CPP,False,CPP_UNVERIFIED,B_DIRECT_MIGRATION,ordinary C++ control/data-flow without detected boundary
src/idl_gen_go.cpp,CastToBaseType,1479,1479,HANDWRITTEN_CPP,False,CPP_UNVERIFIED,B_DIRECT_MIGRATION,ordinary C++ control/data-flow without detected boundary
src/idl_gen_go.cpp,GenConstant,1486,1487,HANDWRITTEN_CPP,False,CPP_UNVERIFIED,B_DIRECT_MIGRATION,ordinary C++ control/data-flow without detected boundary
src/idl_gen_go.cpp,NativeType,1523,1524,HANDWRITTEN_CPP,False,CPP_UNVERIFIED,B_DIRECT_MIGRATION,ordinary C++ control/data-flow without detected boundary
src/idl_gen_go.cpp,GenStructBuilder,1547,1547,HANDWRITTEN_CPP,False,CPP_UNVERIFIED,B_DIRECT_MIGRATION,ordinary C++ control/data-flow without detected boundary
src/idl_gen_go.cpp,BeginFile,1557,1558,HANDWRITTEN_CPP,False,CPP_UNVERIFIED,B_DIRECT_MIGRATION,ordinary C++ control/data-flow without detected boundary
src/idl_gen_go.cpp,ResetImports,1606,1606,HANDWRITTEN_CPP,False,CPP_UNVERIFIED,B_DIRECT_MIGRATION,ordinary C++ control/data-flow without detected boundary
src/idl_gen_go.cpp,SaveType,1613,1614,HANDWRITTEN_CPP,False,CPP_UNVERIFIED,B_DIRECT_MIGRATION,ordinary C++ control/data-flow without detected boundary
src/idl_gen_go.cpp,WrapInNameSpaceAndTrack,1651,1652,HANDWRITTEN_CPP,False,CPP_UNVERIFIED,B_DIRECT_MIGRATION,ordinary C++ control/data-flow without detected boundary
src/idl_gen_go.cpp,MaxNameLength,1662,1663,HANDWRITTEN_CPP,False,CPP_UNVERIFIED,B_DIRECT_MIGRATION,ordinary C++ control/data-flow without detected boundary
src/idl_gen_go.cpp,GenerateGo,1672,1674,HANDWRITTEN_CPP,False,CPP_UNVERIFIED,B_DIRECT_MIGRATION,ordinary C++ control/data-flow without detected boundary
src/idl_gen_go.cpp,NewGoCodeGenerator,1731,1732,HANDWRITTEN_CPP,False,CPP_UNVERIFIED,C_LOCAL_REFACTOR,"ownership, callback, threading, or template shape"
src/idl_gen_grpc.cpp,FlatBufService,115,116,HANDWRITTEN_CPP,False,CPP_UNVERIFIED,B_DIRECT_MIGRATION,ordinary C++ control/data-flow without detected boundary
src/idl_gen_grpc.cpp,FlatBufPrinter,149,155,HANDWRITTEN_CPP,False,CPP_UNVERIFIED,B_DIRECT_MIGRATION,ordinary C++ control/data-flow without detected boundary
src/idl_gen_grpc.cpp,Print,156,158,HANDWRITTEN_CPP,False,CPP_UNVERIFIED,B_DIRECT_MIGRATION,ordinary C++ control/data-flow without detected boundary
src/idl_gen_grpc.cpp,Print,176,177,HANDWRITTEN_CPP,False,CPP_UNVERIFIED,B_DIRECT_MIGRATION,ordinary C++ control/data-flow without detected boundary
src/idl_gen_grpc.cpp,SetIndentationSize,197,198,HANDWRITTEN_CPP,False,CPP_UNVERIFIED,B_DIRECT_MIGRATION,ordinary C++ control/data-flow without detected boundary
src/idl_gen_grpc.cpp,Indent,202,203,HANDWRITTEN_CPP,False,CPP_UNVERIFIED,B_DIRECT_MIGRATION,ordinary C++ control/data-flow without detected boundary
src/idl_gen_grpc.cpp,Outdent,204,205,HANDWRITTEN_CPP,False,CPP_UNVERIFIED,B_DIRECT_MIGRATION,ordinary C++ control/data-flow without detected boundary
src/idl_gen_grpc.cpp,parser_,231,231,HANDWRITTEN_CPP,False,CPP_UNVERIFIED,B_DIRECT_MIGRATION,ordinary C++ control/data-flow without detected boundary
src/idl_gen_grpc.cpp,GoGRPCGenerator,312,318,HANDWRITTEN_CPP,False,CPP_UNVERIFIED,B_DIRECT_MIGRATION,ordinary C++ control/data-flow without detected boundary
src/idl_gen_grpc.cpp,generate,319,320,HANDWRITTEN_CPP,False,CPP_UNVERIFIED,B_DIRECT_MIGRATION,ordinary C++ control/data-flow without detected boundary
src/idl_gen_grpc.cpp,GenerateGoGRPC,344,346,HANDWRITTEN_CPP,False,CPP_UNVERIFIED,B_DIRECT_MIGRATION,ordinary C++ control/data-flow without detected boundary
src/idl_gen_grpc.cpp,GenerateCppGRPC,355,357,HANDWRITTEN_CPP,False,CPP_UNVERIFIED,B_DIRECT_MIGRATION,ordinary C++ control/data-flow without detected boundary
src/idl_gen_grpc.cpp,JavaGRPCGenerator,408,411,HANDWRITTEN_CPP,False,CPP_UNVERIFIED,B_DIRECT_MIGRATION,ordinary C++ control/data-flow without detected boundary
src/idl_gen_grpc.cpp,generate,412,413,HANDWRITTEN_CPP,False,CPP_UNVERIFIED,B_DIRECT_MIGRATION,ordinary C++ control/data-flow without detected boundary
src/idl_gen_grpc.cpp,GenerateJavaGRPC,431,433,HANDWRITTEN_CPP,False,CPP_UNVERIFIED,B_DIRECT_MIGRATION,ordinary C++ control/data-flow without detected boundary
src/idl_gen_grpc.cpp,GeneratePythonGRPC,442,444,HANDWRITTEN_CPP,False,CPP_UNVERIFIED,B_DIRECT_MIGRATION,ordinary C++ control/data-flow without detected boundary
src/idl_gen_grpc.cpp,SwiftGRPCGenerator,467,471,HANDWRITTEN_CPP,False,CPP_UNVERIFIED,B_DIRECT_MIGRATION,ordinary C++ control/data-flow without detected boundary
src/idl_gen_grpc.cpp,generate,472,473,HANDWRITTEN_CPP,False,CPP_UNVERIFIED,B_DIRECT_MIGRATION,ordinary C++ control/data-flow without detected boundary
src/idl_gen_grpc.cpp,GeneratedFileName,487,489,HANDWRITTEN_CPP,False,CPP_UNVERIFIED,B_DIRECT_MIGRATION,ordinary C++ control/data-flow without detected boundary
src/idl_gen_grpc.cpp,GenerateSwiftGRPC,493,495,HANDWRITTEN_CPP,False,CPP_UNVERIFIED,B_DIRECT_MIGRATION,ordinary C++ control/data-flow without detected boundary
src/idl_gen_grpc.cpp,TSGRPCGenerator,508,512,HANDWRITTEN_CPP,False,CPP_UNVERIFIED,B_DIRECT_MIGRATION,ordinary C++ control/data-flow without detected boundary
src/idl_gen_grpc.cpp,generate,513,514,HANDWRITTEN_CPP,False,CPP_UNVERIFIED,B_DIRECT_MIGRATION,ordinary C++ control/data-flow without detected boundary
src/idl_gen_grpc.cpp,GeneratedFileName,536,539,HANDWRITTEN_CPP,False,CPP_UNVERIFIED,B_DIRECT_MIGRATION,ordinary C++ control/data-flow without detected boundary
src/idl_gen_grpc.cpp,GenerateTSGRPC,544,546,HANDWRITTEN_CPP,False,CPP_UNVERIFIED,B_DIRECT_MIGRATION,ordinary C++ control/data-flow without detected boundary
src/idl_gen_java.cpp,JavaDefaultConfig,31,32,HANDWRITTEN_CPP,False,CPP_UNVERIFIED,B_DIRECT_MIGRATION,ordinary C++ control/data-flow without detected boundary
src/idl_gen_java.cpp,JavaKeywords,57,58,HANDWRITTEN_CPP,False,CPP_UNVERIFIED,B_DIRECT_MIGRATION,ordinary C++ control/data-flow without detected boundary
src/idl_gen_java.cpp,JavaGenerator,92,99,HANDWRITTEN_CPP,False,CPP_UNVERIFIED,B_DIRECT_MIGRATION,ordinary C++ control/data-flow without detected boundary
src/idl_gen_java.cpp,generate,111,111,HANDWRITTEN_CPP,False,CPP_UNVERIFIED,B_DIRECT_MIGRATION,ordinary C++ control/data-flow without detected boundary
src/idl_gen_java.cpp,if,402,403,HANDWRITTEN_CPP,False,CPP_UNVERIFIED,B_DIRECT_MIGRATION,ordinary C++ control/data-flow without detected boundary
src/idl_gen_java.cpp,if,1565,1566,HANDWRITTEN_CPP,False,CPP_UNVERIFIED,B_DIRECT_MIGRATION,ordinary C++ control/data-flow without detected boundary
src/idl_gen_java.cpp,GenerateJava,2246,2248,HANDWRITTEN_CPP,False,CPP_UNVERIFIED,B_DIRECT_MIGRATION,ordinary C++ control/data-flow without detected boundary
src/idl_gen_java.cpp,NewJavaCodeGenerator,2303,2304,HANDWRITTEN_CPP,False,CPP_UNVERIFIED,C_LOCAL_REFACTOR,"ownership, callback, threading, or template shape"
src/idl_gen_json_schema.cpp,GenFullName,32,34,HANDWRITTEN_CPP,False,CPP_UNVERIFIED,B_DIRECT_MIGRATION,ordinary C++ control/data-flow without detected boundary
src/idl_gen_json_schema.cpp,GenTypeRef,43,45,HANDWRITTEN_CPP,False,CPP_UNVERIFIED,B_DIRECT_MIGRATION,ordinary C++ control/data-flow without detected boundary
src/idl_gen_json_schema.cpp,GenType,48,49,HANDWRITTEN_CPP,False,CPP_UNVERIFIED,B_DIRECT_MIGRATION,ordinary C++ control/data-flow without detected boundary
src/idl_gen_json_schema.cpp,GenType,52,53,HANDWRITTEN_CPP,False,CPP_UNVERIFIED,B_DIRECT_MIGRATION,ordinary C++ control/data-flow without detected boundary
src/idl_gen_json_schema.cpp,GenBaseType,98,99,HANDWRITTEN_CPP,False,CPP_UNVERIFIED,B_DIRECT_MIGRATION,ordinary C++ control/data-flow without detected boundary
src/idl_gen_json_schema.cpp,GenArrayType,108,109,HANDWRITTEN_CPP,False,CPP_UNVERIFIED,B_DIRECT_MIGRATION,ordinary C++ control/data-flow without detected boundary
src/idl_gen_json_schema.cpp,GenType,121,122,HANDWRITTEN_CPP,False,CPP_UNVERIFIED,B_DIRECT_MIGRATION,ordinary C++ control/data-flow without detected boundary
src/idl_gen_json_schema.cpp,JsonSchemaGenerator,164,168,HANDWRITTEN_CPP,False,CPP_UNVERIFIED,B_DIRECT_MIGRATION,ordinary C++ control/data-flow without detected boundary
src/idl_gen_json_schema.cpp,JsonSchemaGenerator,169,171,HANDWRITTEN_CPP,False,CPP_UNVERIFIED,B_DIRECT_MIGRATION,ordinary C++ control/data-flow without detected boundary
src/idl_gen_json_schema.cpp,PrepareDescription,190,192,HANDWRITTEN_CPP,False,CPP_UNVERIFIED,B_DIRECT_MIGRATION,ordinary C++ control/data-flow without detected boundary
src/idl_gen_json_schema.cpp,generate,223,224,HANDWRITTEN_CPP,False,CPP_UNVERIFIED,B_DIRECT_MIGRATION,ordinary C++ control/data-flow without detected boundary
src/idl_gen_json_schema.cpp,getJson,335,336,HANDWRITTEN_CPP,False,CPP_UNVERIFIED,B_DIRECT_MIGRATION,ordinary C++ control/data-flow without detected boundary
src/idl_gen_json_schema.cpp,GenerateJsonSchema,339,341,HANDWRITTEN_CPP,False,CPP_UNVERIFIED,B_DIRECT_MIGRATION,ordinary C++ control/data-flow without detected boundary
src/idl_gen_json_schema.cpp,NewJsonSchemaCodeGenerator,402,403,HANDWRITTEN_CPP,False,CPP_UNVERIFIED,C_LOCAL_REFACTOR,"ownership, callback, threading, or template shape"
src/idl_gen_kotlin.cpp,KotlinKeywords,43,43,HANDWRITTEN_CPP,False,CPP_UNVERIFIED,B_DIRECT_MIGRATION,ordinary C++ control/data-flow without detected boundary
src/idl_gen_kotlin.cpp,KotlinDefaultConfig,50,51,HANDWRITTEN_CPP,False,CPP_UNVERIFIED,B_DIRECT_MIGRATION,ordinary C++ control/data-flow without detected boundary
src/idl_gen_kotlin.cpp,KotlinGenerator,77,82,HANDWRITTEN_CPP,False,CPP_UNVERIFIED,B_DIRECT_MIGRATION,ordinary C++ control/data-flow without detected boundary
src/idl_gen_kotlin.cpp,IsEnum,162,163,HANDWRITTEN_CPP,False,CPP_UNVERIFIED,B_DIRECT_MIGRATION,ordinary C++ control/data-flow without detected boundary
src/idl_gen_kotlin.cpp,GenTypeBasic,166,167,HANDWRITTEN_CPP,False,CPP_UNVERIFIED,D_BOUNDARY,external/runtime/raw-pointer boundary
src/idl_gen_kotlin.cpp,GenMethod,439,439,HANDWRITTEN_CPP,False,CPP_UNVERIFIED,B_DIRECT_MIGRATION,ordinary C++ control/data-flow without detected boundary
src/idl_gen_kotlin.cpp,ToSignedType,802,803,HANDWRITTEN_CPP,False,CPP_UNVERIFIED,B_DIRECT_MIGRATION,ordinary C++ control/data-flow without detected boundary
src/idl_gen_kotlin.cpp,FlexBufferBuilderCast,821,823,HANDWRITTEN_CPP,False,CPP_UNVERIFIED,B_DIRECT_MIGRATION,ordinary C++ control/data-flow without detected boundary
src/idl_gen_kotlin.cpp,if,1017,1018,HANDWRITTEN_CPP,False,CPP_UNVERIFIED,B_DIRECT_MIGRATION,ordinary C++ control/data-flow without detected boundary
src/idl_gen_kotlin.cpp,GenerateFun,1138,1140,HANDWRITTEN_CPP,False,CPP_UNVERIFIED,B_DIRECT_MIGRATION,ordinary C++ control/data-flow without detected boundary
src/idl_gen_kotlin.cpp,CastToUsigned,1327,1328,HANDWRITTEN_CPP,False,CPP_UNVERIFIED,B_DIRECT_MIGRATION,ordinary C++ control/data-flow without detected boundary
src/idl_gen_kotlin.cpp,CastToUsigned,1331,1332,HANDWRITTEN_CPP,False,CPP_UNVERIFIED,B_DIRECT_MIGRATION,ordinary C++ control/data-flow without detected boundary
src/idl_gen_kotlin.cpp,CastToSigned,1349,1350,HANDWRITTEN_CPP,False,CPP_UNVERIFIED,B_DIRECT_MIGRATION,ordinary C++ control/data-flow without detected boundary
src/idl_gen_kotlin.cpp,CastToSigned,1353,1354,HANDWRITTEN_CPP,False,CPP_UNVERIFIED,B_DIRECT_MIGRATION,ordinary C++ control/data-flow without detected boundary
src/idl_gen_kotlin.cpp,LiteralSuffix,1371,1372,HANDWRITTEN_CPP,False,CPP_UNVERIFIED,B_DIRECT_MIGRATION,ordinary C++ control/data-flow without detected boundary
src/idl_gen_kotlin.cpp,GeneratePropertyOneLine,1485,1489,HANDWRITTEN_CPP,False,CPP_UNVERIFIED,B_DIRECT_MIGRATION,ordinary C++ control/data-flow without detected boundary
src/idl_gen_kotlin.cpp,GenerateGetterOneLine,1498,1500,HANDWRITTEN_CPP,False,CPP_UNVERIFIED,B_DIRECT_MIGRATION,ordinary C++ control/data-flow without detected boundary
src/idl_gen_kotlin.cpp,GenerateGetter,1509,1512,HANDWRITTEN_CPP,False,CPP_UNVERIFIED,B_DIRECT_MIGRATION,ordinary C++ control/data-flow without detected boundary
src/idl_gen_kotlin.cpp,GenerateFun,1530,1535,HANDWRITTEN_CPP,False,CPP_UNVERIFIED,B_DIRECT_MIGRATION,ordinary C++ control/data-flow without detected boundary
src/idl_gen_kotlin.cpp,GenerateFunOneLine,1552,1557,HANDWRITTEN_CPP,False,CPP_UNVERIFIED,B_DIRECT_MIGRATION,ordinary C++ control/data-flow without detected boundary
src/idl_gen_kotlin.cpp,GenerateOverrideFun,1569,1573,HANDWRITTEN_CPP,False,CPP_UNVERIFIED,B_DIRECT_MIGRATION,ordinary C++ control/data-flow without detected boundary
src/idl_gen_kotlin.cpp,GenerateOverrideFunOneLine,1580,1585,HANDWRITTEN_CPP,False,CPP_UNVERIFIED,B_DIRECT_MIGRATION,ordinary C++ control/data-flow without detected boundary
src/idl_gen_kotlin.cpp,OffsetWrapperOneLine,1596,1599,HANDWRITTEN_CPP,False,CPP_UNVERIFIED,B_DIRECT_MIGRATION,ordinary C++ control/data-flow without detected boundary
src/idl_gen_kotlin.cpp,OffsetWrapper,1603,1606,HANDWRITTEN_CPP,False,CPP_UNVERIFIED,B_DIRECT_MIGRATION,ordinary C++ control/data-flow without detected boundary
src/idl_gen_kotlin.cpp,Indirect,1618,1619,HANDWRITTEN_CPP,False,CPP_UNVERIFIED,B_DIRECT_MIGRATION,ordinary C++ control/data-flow without detected boundary
src/idl_gen_kotlin.cpp,NotFoundReturn,1624,1625,HANDWRITTEN_CPP,False,CPP_UNVERIFIED,B_DIRECT_MIGRATION,ordinary C++ control/data-flow without detected boundary
src/idl_gen_kotlin.cpp,GenerateJvmStaticAnnotation,1651,1652,HANDWRITTEN_CPP,False,CPP_UNVERIFIED,B_DIRECT_MIGRATION,ordinary C++ control/data-flow without detected boundary
src/idl_gen_kotlin.cpp,GenerateKotlin,1661,1663,HANDWRITTEN_CPP,False,CPP_UNVERIFIED,B_DIRECT_MIGRATION,ordinary C++ control/data-flow without detected boundary
src/idl_gen_kotlin.cpp,NewKotlinCodeGenerator,1719,1720,HANDWRITTEN_CPP,False,CPP_UNVERIFIED,C_LOCAL_REFACTOR,"ownership, callback, threading, or template shape"
src/idl_gen_kotlin_kmp.cpp,KotlinKeywords,41,41,HANDWRITTEN_CPP,False,CPP_UNVERIFIED,B_DIRECT_MIGRATION,ordinary C++ control/data-flow without detected boundary
src/idl_gen_kotlin_kmp.cpp,KotlinDefaultConfig,48,49,HANDWRITTEN_CPP,False,CPP_UNVERIFIED,B_DIRECT_MIGRATION,ordinary C++ control/data-flow without detected boundary
src/idl_gen_kotlin_kmp.cpp,KotlinKMPGenerator,75,80,HANDWRITTEN_CPP,False,CPP_UNVERIFIED,B_DIRECT_MIGRATION,ordinary C++ control/data-flow without detected boundary
src/idl_gen_kotlin_kmp.cpp,IsEnum,167,168,HANDWRITTEN_CPP,False,CPP_UNVERIFIED,B_DIRECT_MIGRATION,ordinary C++ control/data-flow without detected boundary
src/idl_gen_kotlin_kmp.cpp,GenMethod,545,545,HANDWRITTEN_CPP,False,CPP_UNVERIFIED,B_DIRECT_MIGRATION,ordinary C++ control/data-flow without detected boundary
src/idl_gen_kotlin_kmp.cpp,StructHasUnsignedField,612,613,HANDWRITTEN_CPP,False,CPP_UNVERIFIED,B_DIRECT_MIGRATION,ordinary C++ control/data-flow without detected boundary
src/idl_gen_kotlin_kmp.cpp,if,1131,1132,HANDWRITTEN_CPP,False,CPP_UNVERIFIED,B_DIRECT_MIGRATION,ordinary C++ control/data-flow without detected boundary
src/idl_gen_kotlin_kmp.cpp,GenerateFunOneLine,1226,1228,HANDWRITTEN_CPP,False,CPP_UNVERIFIED,B_DIRECT_MIGRATION,ordinary C++ control/data-flow without detected boundary
src/idl_gen_kotlin_kmp.cpp,LiteralSuffix,1343,1344,HANDWRITTEN_CPP,False,CPP_UNVERIFIED,B_DIRECT_MIGRATION,ordinary C++ control/data-flow without detected boundary
src/idl_gen_kotlin_kmp.cpp,GenerateVarGetterSetterOneLine,1464,1469,HANDWRITTEN_CPP,False,CPP_UNVERIFIED,B_DIRECT_MIGRATION,ordinary C++ control/data-flow without detected boundary
src/idl_gen_kotlin_kmp.cpp,GeneratePropertyOneLine,1484,1488,HANDWRITTEN_CPP,False,CPP_UNVERIFIED,B_DIRECT_MIGRATION,ordinary C++ control/data-flow without detected boundary
src/idl_gen_kotlin_kmp.cpp,GenerateGetterOneLine,1497,1499,HANDWRITTEN_CPP,False,CPP_UNVERIFIED,B_DIRECT_MIGRATION,ordinary C++ control/data-flow without detected boundary
src/idl_gen_kotlin_kmp.cpp,GenerateGetter,1508,1511,HANDWRITTEN_CPP,False,CPP_UNVERIFIED,B_DIRECT_MIGRATION,ordinary C++ control/data-flow without detected boundary
src/idl_gen_kotlin_kmp.cpp,GenerateFun,1529,1534,HANDWRITTEN_CPP,False,CPP_UNVERIFIED,B_DIRECT_MIGRATION,ordinary C++ control/data-flow without detected boundary
src/idl_gen_kotlin_kmp.cpp,GenerateFunOneLine,1551,1556,HANDWRITTEN_CPP,False,CPP_UNVERIFIED,B_DIRECT_MIGRATION,ordinary C++ control/data-flow without detected boundary
src/idl_gen_kotlin_kmp.cpp,GenerateOverrideFun,1565,1569,HANDWRITTEN_CPP,False,CPP_UNVERIFIED,B_DIRECT_MIGRATION,ordinary C++ control/data-flow without detected boundary
src/idl_gen_kotlin_kmp.cpp,GenerateOverrideFunOneLine,1576,1581,HANDWRITTEN_CPP,False,CPP_UNVERIFIED,B_DIRECT_MIGRATION,ordinary C++ control/data-flow without detected boundary
src/idl_gen_kotlin_kmp.cpp,LookupFieldOneLine,1592,1595,HANDWRITTEN_CPP,False,CPP_UNVERIFIED,B_DIRECT_MIGRATION,ordinary C++ control/data-flow without detected boundary
src/idl_gen_kotlin_kmp.cpp,Indirect,1598,1599,HANDWRITTEN_CPP,False,CPP_UNVERIFIED,B_DIRECT_MIGRATION,ordinary C++ control/data-flow without detected boundary
src/idl_gen_kotlin_kmp.cpp,NotFoundReturn,1604,1605,HANDWRITTEN_CPP,False,CPP_UNVERIFIED,B_DIRECT_MIGRATION,ordinary C++ control/data-flow without detected boundary
src/idl_gen_kotlin_kmp.cpp,GenerateJvmStaticAnnotation,1631,1632,HANDWRITTEN_CPP,False,CPP_UNVERIFIED,B_DIRECT_MIGRATION,ordinary C++ control/data-flow without detected boundary
src/idl_gen_kotlin_kmp.cpp,GenerateKotlinKMP,1641,1643,HANDWRITTEN_CPP,False,CPP_UNVERIFIED,B_DIRECT_MIGRATION,ordinary C++ control/data-flow without detected boundary
src/idl_gen_kotlin_kmp.cpp,NewKotlinKMPCodeGenerator,1701,1702,HANDWRITTEN_CPP,False,CPP_UNVERIFIED,C_LOCAL_REFACTOR,"ownership, callback, threading, or template shape"
src/idl_gen_lobster.cpp,LobsterGenerator,31,35,HANDWRITTEN_CPP,False,CPP_UNVERIFIED,D_BOUNDARY,external/runtime/raw-pointer boundary
src/idl_gen_lobster.cpp,NamespacedName,58,59,HANDWRITTEN_CPP,False,CPP_UNVERIFIED,B_DIRECT_MIGRATION,ordinary C++ control/data-flow without detected boundary
src/idl_gen_lobster.cpp,GenTypeName,62,63,HANDWRITTEN_CPP,False,CPP_UNVERIFIED,B_DIRECT_MIGRATION,ordinary C++ control/data-flow without detected boundary
src/idl_gen_lobster.cpp,LobsterType,76,77,HANDWRITTEN_CPP,False,CPP_UNVERIFIED,B_DIRECT_MIGRATION,ordinary C++ control/data-flow without detected boundary
src/idl_gen_lobster.cpp,GenMethod,88,88,HANDWRITTEN_CPP,False,CPP_UNVERIFIED,B_DIRECT_MIGRATION,ordinary C++ control/data-flow without detected boundary
src/idl_gen_lobster.cpp,GenTypeBasic,95,95,HANDWRITTEN_CPP,False,CPP_UNVERIFIED,D_BOUNDARY,external/runtime/raw-pointer boundary
src/idl_gen_lobster.cpp,GenStructAccessor,109,110,HANDWRITTEN_CPP,False,CPP_UNVERIFIED,B_DIRECT_MIGRATION,ordinary C++ control/data-flow without detected boundary
src/idl_gen_lobster.cpp,GenTableBuilders,220,220,HANDWRITTEN_CPP,False,CPP_UNVERIFIED,B_DIRECT_MIGRATION,ordinary C++ control/data-flow without detected boundary
src/idl_gen_lobster.cpp,GenStructPreDecl,269,270,HANDWRITTEN_CPP,False,CPP_UNVERIFIED,B_DIRECT_MIGRATION,ordinary C++ control/data-flow without detected boundary
src/idl_gen_lobster.cpp,GenStruct,278,278,HANDWRITTEN_CPP,False,CPP_UNVERIFIED,B_DIRECT_MIGRATION,ordinary C++ control/data-flow without detected boundary
src/idl_gen_lobster.cpp,GenEnum,308,308,HANDWRITTEN_CPP,False,CPP_UNVERIFIED,B_DIRECT_MIGRATION,ordinary C++ control/data-flow without detected boundary
src/idl_gen_lobster.cpp,StructBuilderArgs,325,326,HANDWRITTEN_CPP,False,CPP_UNVERIFIED,B_DIRECT_MIGRATION,ordinary C++ control/data-flow without detected boundary
src/idl_gen_lobster.cpp,StructBuilderBody,347,348,HANDWRITTEN_CPP,False,CPP_UNVERIFIED,B_DIRECT_MIGRATION,ordinary C++ control/data-flow without detected boundary
src/idl_gen_lobster.cpp,GenStructBuilder,369,369,HANDWRITTEN_CPP,False,CPP_UNVERIFIED,B_DIRECT_MIGRATION,ordinary C++ control/data-flow without detected boundary
src/idl_gen_lobster.cpp,CheckNameSpace,378,379,HANDWRITTEN_CPP,False,CPP_UNVERIFIED,B_DIRECT_MIGRATION,ordinary C++ control/data-flow without detected boundary
src/idl_gen_lobster.cpp,generate,386,387,HANDWRITTEN_CPP,False,CPP_UNVERIFIED,B_DIRECT_MIGRATION,ordinary C++ control/data-flow without detected boundary
src/idl_gen_lobster.cpp,GenerateLobster,417,419,HANDWRITTEN_CPP,False,CPP_UNVERIFIED,B_DIRECT_MIGRATION,ordinary C++ control/data-flow without detected boundary
src/idl_gen_lobster.cpp,NewLobsterCodeGenerator,478,479,HANDWRITTEN_CPP,False,CPP_UNVERIFIED,C_LOCAL_REFACTOR,"ownership, callback, threading, or template shape"
src/idl_gen_php.cpp,PhpGenerator,33,36,HANDWRITTEN_CPP,False,CPP_UNVERIFIED,B_DIRECT_MIGRATION,ordinary C++ control/data-flow without detected boundary
src/idl_gen_php.cpp,generate,37,37,HANDWRITTEN_CPP,False,CPP_UNVERIFIED,B_DIRECT_MIGRATION,ordinary C++ control/data-flow without detected boundary
src/idl_gen_php.cpp,GenerateEnums,42,44,HANDWRITTEN_CPP,False,CPP_UNVERIFIED,B_DIRECT_MIGRATION,ordinary C++ control/data-flow without detected boundary
src/idl_gen_php.cpp,GenerateStructs,54,55,HANDWRITTEN_CPP,False,CPP_UNVERIFIED,B_DIRECT_MIGRATION,ordinary C++ control/data-flow without detected boundary
src/idl_gen_php.cpp,BeginFile,67,68,HANDWRITTEN_CPP,False,CPP_UNVERIFIED,B_DIRECT_MIGRATION,ordinary C++ control/data-flow without detected boundary
src/idl_gen_php.cpp,SaveType,87,88,HANDWRITTEN_CPP,False,CPP_UNVERIFIED,B_DIRECT_MIGRATION,ordinary C++ control/data-flow without detected boundary
src/idl_gen_php.cpp,BeginClass,102,102,HANDWRITTEN_CPP,False,CPP_UNVERIFIED,B_DIRECT_MIGRATION,ordinary C++ control/data-flow without detected boundary
src/idl_gen_php.cpp,EndClass,111,112,HANDWRITTEN_CPP,False,CPP_UNVERIFIED,B_DIRECT_MIGRATION,ordinary C++ control/data-flow without detected boundary
src/idl_gen_php.cpp,BeginEnum,118,118,HANDWRITTEN_CPP,False,CPP_UNVERIFIED,B_DIRECT_MIGRATION,ordinary C++ control/data-flow without detected boundary
src/idl_gen_php.cpp,EnumMember,124,125,HANDWRITTEN_CPP,False,CPP_UNVERIFIED,B_DIRECT_MIGRATION,ordinary C++ control/data-flow without detected boundary
src/idl_gen_php.cpp,EndEnum,134,134,HANDWRITTEN_CPP,False,CPP_UNVERIFIED,B_DIRECT_MIGRATION,ordinary C++ control/data-flow without detected boundary
src/idl_gen_php.cpp,NewRootTypeFromBuffer,140,141,HANDWRITTEN_CPP,False,CPP_UNVERIFIED,B_DIRECT_MIGRATION,ordinary C++ control/data-flow without detected boundary
src/idl_gen_php.cpp,InitializeExisting,161,162,HANDWRITTEN_CPP,False,CPP_UNVERIFIED,B_DIRECT_MIGRATION,ordinary C++ control/data-flow without detected boundary
src/idl_gen_php.cpp,GetVectorLen,179,179,HANDWRITTEN_CPP,False,CPP_UNVERIFIED,B_DIRECT_MIGRATION,ordinary C++ control/data-flow without detected boundary
src/idl_gen_php.cpp,GetUByte,196,196,HANDWRITTEN_CPP,False,CPP_UNVERIFIED,B_DIRECT_MIGRATION,ordinary C++ control/data-flow without detected boundary
src/idl_gen_php.cpp,GetScalarFieldOfStruct,211,212,HANDWRITTEN_CPP,False,CPP_UNVERIFIED,B_DIRECT_MIGRATION,ordinary C++ control/data-flow without detected boundary
src/idl_gen_php.cpp,GetScalarFieldOfTable,235,235,HANDWRITTEN_CPP,False,CPP_UNVERIFIED,B_DIRECT_MIGRATION,ordinary C++ control/data-flow without detected boundary
src/idl_gen_php.cpp,GetStructFieldOfStruct,257,257,HANDWRITTEN_CPP,False,CPP_UNVERIFIED,B_DIRECT_MIGRATION,ordinary C++ control/data-flow without detected boundary
src/idl_gen_php.cpp,GetStructFieldOfTable,276,276,HANDWRITTEN_CPP,False,CPP_UNVERIFIED,B_DIRECT_MIGRATION,ordinary C++ control/data-flow without detected boundary
src/idl_gen_php.cpp,GetStringField,300,300,HANDWRITTEN_CPP,False,CPP_UNVERIFIED,B_DIRECT_MIGRATION,ordinary C++ control/data-flow without detected boundary
src/idl_gen_php.cpp,GetUnionField,315,315,HANDWRITTEN_CPP,False,CPP_UNVERIFIED,B_DIRECT_MIGRATION,ordinary C++ control/data-flow without detected boundary
src/idl_gen_php.cpp,GetMemberOfVectorOfStruct,332,333,HANDWRITTEN_CPP,False,CPP_UNVERIFIED,B_DIRECT_MIGRATION,ordinary C++ control/data-flow without detected boundary
src/idl_gen_php.cpp,if,351,352,HANDWRITTEN_CPP,False,CPP_UNVERIFIED,B_DIRECT_MIGRATION,ordinary C++ control/data-flow without detected boundary
src/idl_gen_php.cpp,if,368,369,HANDWRITTEN_CPP,False,CPP_UNVERIFIED,B_DIRECT_MIGRATION,ordinary C++ control/data-flow without detected boundary
src/idl_gen_php.cpp,GetMemberOfVectorOfNonStruct,394,395,HANDWRITTEN_CPP,False,CPP_UNVERIFIED,B_DIRECT_MIGRATION,ordinary C++ control/data-flow without detected boundary
src/idl_gen_php.cpp,GetMemberOfVectorOfUnion,427,427,HANDWRITTEN_CPP,False,CPP_UNVERIFIED,B_DIRECT_MIGRATION,ordinary C++ control/data-flow without detected boundary
src/idl_gen_php.cpp,StructBuilderArgs,449,450,HANDWRITTEN_CPP,False,CPP_UNVERIFIED,B_DIRECT_MIGRATION,ordinary C++ control/data-flow without detected boundary
src/idl_gen_php.cpp,StructBuilderBody,471,472,HANDWRITTEN_CPP,False,CPP_UNVERIFIED,B_DIRECT_MIGRATION,ordinary C++ control/data-flow without detected boundary
src/idl_gen_php.cpp,GetStartOfTable,496,497,HANDWRITTEN_CPP,False,CPP_UNVERIFIED,B_DIRECT_MIGRATION,ordinary C++ control/data-flow without detected boundary
src/idl_gen_php.cpp,BuildFieldOfTable,560,561,HANDWRITTEN_CPP,False,CPP_UNVERIFIED,B_DIRECT_MIGRATION,ordinary C++ control/data-flow without detected boundary
src/idl_gen_php.cpp,BuildVectorOfTable,592,592,HANDWRITTEN_CPP,False,CPP_UNVERIFIED,B_DIRECT_MIGRATION,ordinary C++ control/data-flow without detected boundary
src/idl_gen_php.cpp,GetEndOffsetOnTable,644,644,HANDWRITTEN_CPP,False,CPP_UNVERIFIED,B_DIRECT_MIGRATION,ordinary C++ control/data-flow without detected boundary
src/idl_gen_php.cpp,GenStructAccessor,684,685,HANDWRITTEN_CPP,False,CPP_UNVERIFIED,B_DIRECT_MIGRATION,ordinary C++ control/data-flow without detected boundary
src/idl_gen_php.cpp,if,696,697,HANDWRITTEN_CPP,False,CPP_UNVERIFIED,B_DIRECT_MIGRATION,ordinary C++ control/data-flow without detected boundary
src/idl_gen_php.cpp,GenTableBuilders,733,733,HANDWRITTEN_CPP,False,CPP_UNVERIFIED,B_DIRECT_MIGRATION,ordinary C++ control/data-flow without detected boundary
src/idl_gen_php.cpp,GenStruct,763,763,HANDWRITTEN_CPP,False,CPP_UNVERIFIED,B_DIRECT_MIGRATION,ordinary C++ control/data-flow without detected boundary
src/idl_gen_php.cpp,GenEnum,829,829,HANDWRITTEN_CPP,False,CPP_UNVERIFIED,B_DIRECT_MIGRATION,ordinary C++ control/data-flow without detected boundary
src/idl_gen_php.cpp,GenGetter,861,861,HANDWRITTEN_CPP,False,CPP_UNVERIFIED,B_DIRECT_MIGRATION,ordinary C++ control/data-flow without detected boundary
src/idl_gen_php.cpp,GenMethod,877,877,HANDWRITTEN_CPP,False,CPP_UNVERIFIED,B_DIRECT_MIGRATION,ordinary C++ control/data-flow without detected boundary
src/idl_gen_php.cpp,GenTypeBasic,882,883,HANDWRITTEN_CPP,False,CPP_UNVERIFIED,D_BOUNDARY,external/runtime/raw-pointer boundary
src/idl_gen_php.cpp,GenDefaultValue,895,896,HANDWRITTEN_CPP,False,CPP_UNVERIFIED,B_DIRECT_MIGRATION,ordinary C++ control/data-flow without detected boundary
src/idl_gen_php.cpp,if,909,912,HANDWRITTEN_CPP,False,CPP_UNVERIFIED,B_DIRECT_MIGRATION,ordinary C++ control/data-flow without detected boundary
src/idl_gen_php.cpp,GenTypePointer,922,923,HANDWRITTEN_CPP,False,CPP_UNVERIFIED,B_DIRECT_MIGRATION,ordinary C++ control/data-flow without detected boundary
src/idl_gen_php.cpp,GenTypeGet,937,938,HANDWRITTEN_CPP,False,CPP_UNVERIFIED,B_DIRECT_MIGRATION,ordinary C++ control/data-flow without detected boundary
src/idl_gen_php.cpp,GenStructBuilder,943,944,HANDWRITTEN_CPP,False,CPP_UNVERIFIED,B_DIRECT_MIGRATION,ordinary C++ control/data-flow without detected boundary
src/idl_gen_php.cpp,GeneratePhp,963,965,HANDWRITTEN_CPP,False,CPP_UNVERIFIED,B_DIRECT_MIGRATION,ordinary C++ control/data-flow without detected boundary
src/idl_gen_php.cpp,NewPhpCodeGenerator,1022,1023,HANDWRITTEN_CPP,False,CPP_UNVERIFIED,C_LOCAL_REFACTOR,"ownership, callback, threading, or template shape"
src/idl_gen_python.cpp,Generate,59,60,HANDWRITTEN_CPP,False,CPP_UNVERIFIED,B_DIRECT_MIGRATION,ordinary C++ control/data-flow without detected boundary
src/idl_gen_python.cpp,SaveFile,113,116,HANDWRITTEN_CPP,False,CPP_UNVERIFIED,B_DIRECT_MIGRATION,ordinary C++ control/data-flow without detected boundary
src/idl_gen_python.cpp,DeclareUOffset,125,126,HANDWRITTEN_CPP,False,CPP_UNVERIFIED,B_DIRECT_MIGRATION,ordinary C++ control/data-flow without detected boundary
src/idl_gen_python.cpp,ScalarType,159,160,HANDWRITTEN_CPP,False,CPP_UNVERIFIED,B_DIRECT_MIGRATION,ordinary C++ control/data-flow without detected boundary
src/idl_gen_python.cpp,UnionType,198,198,HANDWRITTEN_CPP,False,CPP_UNVERIFIED,B_DIRECT_MIGRATION,ordinary C++ control/data-flow without detected boundary
src/idl_gen_python.cpp,UnionType,204,204,HANDWRITTEN_CPP,False,CPP_UNVERIFIED,B_DIRECT_MIGRATION,ordinary C++ control/data-flow without detected boundary
src/idl_gen_python.cpp,GenerateImports,648,649,HANDWRITTEN_CPP,False,CPP_UNVERIFIED,B_DIRECT_MIGRATION,ordinary C++ control/data-flow without detected boundary
src/idl_gen_python.cpp,PythonGenerator,707,713,HANDWRITTEN_CPP,False,CPP_UNVERIFIED,B_DIRECT_MIGRATION,ordinary C++ control/data-flow without detected boundary
src/idl_gen_python.cpp,if,1620,1621,HANDWRITTEN_CPP,False,CPP_UNVERIFIED,B_DIRECT_MIGRATION,ordinary C++ control/data-flow without detected boundary
src/idl_gen_python.cpp,generate,2829,2830,HANDWRITTEN_CPP,False,CPP_UNVERIFIED,B_DIRECT_MIGRATION,ordinary C++ control/data-flow without detected boundary
src/idl_gen_python.cpp,NewPythonCodeGenerator,3044,3045,HANDWRITTEN_CPP,False,CPP_UNVERIFIED,C_LOCAL_REFACTOR,"ownership, callback, threading, or template shape"
src/idl_gen_rust.cpp,RustDefaultConfig,31,32,HANDWRITTEN_CPP,False,CPP_UNVERIFIED,B_DIRECT_MIGRATION,ordinary C++ control/data-flow without detected boundary
src/idl_gen_rust.cpp,RustKeywords,59,60,HANDWRITTEN_CPP,False,CPP_UNVERIFIED,C_LOCAL_REFACTOR,"ownership, callback, threading, or template shape"
src/idl_gen_rust.cpp,GetFullType,180,180,HANDWRITTEN_CPP,False,CPP_UNVERIFIED,B_DIRECT_MIGRATION,ordinary C++ control/data-flow without detected boundary
src/idl_gen_rust.cpp,IsBitFlagsEnum,269,270,HANDWRITTEN_CPP,False,CPP_UNVERIFIED,B_DIRECT_MIGRATION,ordinary C++ control/data-flow without detected boundary
src/idl_gen_rust.cpp,IsOptionalToBuilder,276,276,HANDWRITTEN_CPP,False,CPP_UNVERIFIED,B_DIRECT_MIGRATION,ordinary C++ control/data-flow without detected boundary
src/idl_gen_rust.cpp,GenerateRustModuleRootFile,280,282,HANDWRITTEN_CPP,False,CPP_UNVERIFIED,B_DIRECT_MIGRATION,ordinary C++ control/data-flow without detected boundary
src/idl_gen_rust.cpp,Insert,296,296,HANDWRITTEN_CPP,False,CPP_UNVERIFIED,B_DIRECT_MIGRATION,ordinary C++ control/data-flow without detected boundary
src/idl_gen_rust.cpp,GenerateImports,308,308,HANDWRITTEN_CPP,False,CPP_UNVERIFIED,B_DIRECT_MIGRATION,ordinary C++ control/data-flow without detected boundary
src/idl_gen_rust.cpp,RustGenerator,349,355,HANDWRITTEN_CPP,False,CPP_UNVERIFIED,B_DIRECT_MIGRATION,ordinary C++ control/data-flow without detected boundary
src/idl_gen_rust.cpp,generate,359,360,HANDWRITTEN_CPP,False,CPP_UNVERIFIED,B_DIRECT_MIGRATION,ordinary C++ control/data-flow without detected boundary
src/idl_gen_rust.cpp,GenerateSymbols,367,370,HANDWRITTEN_CPP,False,CPP_UNVERIFIED,B_DIRECT_MIGRATION,ordinary C++ control/data-flow without detected boundary
src/idl_gen_rust.cpp,GenerateIndividualFiles,397,398,HANDWRITTEN_CPP,False,CPP_UNVERIFIED,B_DIRECT_MIGRATION,ordinary C++ control/data-flow without detected boundary
src/idl_gen_rust.cpp,GenerateOneFile,423,423,HANDWRITTEN_CPP,False,CPP_UNVERIFIED,B_DIRECT_MIGRATION,ordinary C++ control/data-flow without detected boundary
src/idl_gen_rust.cpp,NamespacedNativeName,540,541,HANDWRITTEN_CPP,False,CPP_UNVERIFIED,B_DIRECT_MIGRATION,ordinary C++ control/data-flow without detected boundary
src/idl_gen_rust.cpp,NamespacedNativeName,544,544,HANDWRITTEN_CPP,False,CPP_UNVERIFIED,B_DIRECT_MIGRATION,ordinary C++ control/data-flow without detected boundary
src/idl_gen_rust.cpp,GenComment,591,591,HANDWRITTEN_CPP,False,CPP_UNVERIFIED,B_DIRECT_MIGRATION,ordinary C++ control/data-flow without detected boundary
src/idl_gen_rust.cpp,GetEnumTypeForDecl,630,630,HANDWRITTEN_CPP,False,CPP_UNVERIFIED,B_DIRECT_MIGRATION,ordinary C++ control/data-flow without detected boundary
src/idl_gen_rust.cpp,ForAllEnumValues1,687,688,HANDWRITTEN_CPP,False,CPP_UNVERIFIED,B_DIRECT_MIGRATION,ordinary C++ control/data-flow without detected boundary
src/idl_gen_rust.cpp,ForAllEnumValues,698,698,HANDWRITTEN_CPP,False,CPP_UNVERIFIED,B_DIRECT_MIGRATION,ordinary C++ control/data-flow without detected boundary
src/idl_gen_rust.cpp,GenEnum,709,709,HANDWRITTEN_CPP,False,CPP_UNVERIFIED,B_DIRECT_MIGRATION,ordinary C++ control/data-flow without detected boundary
src/idl_gen_rust.cpp,ForAllUnionObjectVariantsBesidesNone,957,958,HANDWRITTEN_CPP,False,CPP_UNVERIFIED,B_DIRECT_MIGRATION,ordinary C++ control/data-flow without detected boundary
src/idl_gen_rust.cpp,GenUnionObject,975,975,HANDWRITTEN_CPP,False,CPP_UNVERIFIED,B_DIRECT_MIGRATION,ordinary C++ control/data-flow without detected boundary
src/idl_gen_rust.cpp,GetDefaultValue,1090,1091,HANDWRITTEN_CPP,False,CPP_UNVERIFIED,B_DIRECT_MIGRATION,ordinary C++ control/data-flow without detected boundary
src/idl_gen_rust.cpp,TableBuilderArgsDefnType,1194,1195,HANDWRITTEN_CPP,False,CPP_UNVERIFIED,B_DIRECT_MIGRATION,ordinary C++ control/data-flow without detected boundary
src/idl_gen_rust.cpp,ObjectFieldType,1268,1269,HANDWRITTEN_CPP,False,CPP_UNVERIFIED,B_DIRECT_MIGRATION,ordinary C++ control/data-flow without detected boundary
src/idl_gen_rust.cpp,TableBuilderArgsAddFuncType,1355,1357,HANDWRITTEN_CPP,False,CPP_UNVERIFIED,B_DIRECT_MIGRATION,ordinary C++ control/data-flow without detected boundary
src/idl_gen_rust.cpp,TableBuilderArgsAddFuncBody,1436,1437,HANDWRITTEN_CPP,False,CPP_UNVERIFIED,B_DIRECT_MIGRATION,ordinary C++ control/data-flow without detected boundary
src/idl_gen_rust.cpp,GenTableAccessorFuncReturnType,1488,1490,HANDWRITTEN_CPP,False,CPP_UNVERIFIED,B_DIRECT_MIGRATION,ordinary C++ control/data-flow without detected boundary
src/idl_gen_rust.cpp,FollowType,1564,1565,HANDWRITTEN_CPP,False,CPP_UNVERIFIED,B_DIRECT_MIGRATION,ordinary C++ control/data-flow without detected boundary
src/idl_gen_rust.cpp,GenTableAccessorFuncBody,1642,1644,HANDWRITTEN_CPP,False,CPP_UNVERIFIED,B_DIRECT_MIGRATION,ordinary C++ control/data-flow without detected boundary
src/idl_gen_rust.cpp,GenFullyQualifiedNameGetter,1660,1661,HANDWRITTEN_CPP,False,CPP_UNVERIFIED,B_DIRECT_MIGRATION,ordinary C++ control/data-flow without detected boundary
src/idl_gen_rust.cpp,ForAllUnionVariantsBesidesNone,1669,1671,HANDWRITTEN_CPP,False,CPP_UNVERIFIED,B_DIRECT_MIGRATION,ordinary C++ control/data-flow without detected boundary
src/idl_gen_rust.cpp,ForAllTableFields,1691,1694,HANDWRITTEN_CPP,False,CPP_UNVERIFIED,B_DIRECT_MIGRATION,ordinary C++ control/data-flow without detected boundary
src/idl_gen_rust.cpp,GenTable,1717,1717,HANDWRITTEN_CPP,False,CPP_UNVERIFIED,B_DIRECT_MIGRATION,ordinary C++ control/data-flow without detected boundary
src/idl_gen_rust.cpp,GenTableObject,2321,2322,HANDWRITTEN_CPP,False,CPP_UNVERIFIED,B_DIRECT_MIGRATION,ordinary C++ control/data-flow without detected boundary
src/idl_gen_rust.cpp,ForAllObjectTableFields,2463,2464,HANDWRITTEN_CPP,False,CPP_UNVERIFIED,B_DIRECT_MIGRATION,ordinary C++ control/data-flow without detected boundary
src/idl_gen_rust.cpp,MapNativeTableField,2476,2476,HANDWRITTEN_CPP,False,CPP_UNVERIFIED,B_DIRECT_MIGRATION,ordinary C++ control/data-flow without detected boundary
src/idl_gen_rust.cpp,GenKeyFieldMethods,2493,2493,HANDWRITTEN_CPP,False,CPP_UNVERIFIED,B_DIRECT_MIGRATION,ordinary C++ control/data-flow without detected boundary
src/idl_gen_rust.cpp,GenRootTableFuncs,2520,2520,HANDWRITTEN_CPP,False,CPP_UNVERIFIED,B_DIRECT_MIGRATION,ordinary C++ control/data-flow without detected boundary
src/idl_gen_rust.cpp,GenPadding,2695,2698,HANDWRITTEN_CPP,False,CPP_UNVERIFIED,B_DIRECT_MIGRATION,ordinary C++ control/data-flow without detected boundary
src/idl_gen_rust.cpp,PaddingDefinition,2708,2709,HANDWRITTEN_CPP,False,CPP_UNVERIFIED,B_DIRECT_MIGRATION,ordinary C++ control/data-flow without detected boundary
src/idl_gen_rust.cpp,PaddingInitializer,2713,2714,HANDWRITTEN_CPP,False,CPP_UNVERIFIED,B_DIRECT_MIGRATION,ordinary C++ control/data-flow without detected boundary
src/idl_gen_rust.cpp,ForAllStructFields,2718,2720,HANDWRITTEN_CPP,False,CPP_UNVERIFIED,B_DIRECT_MIGRATION,ordinary C++ control/data-flow without detected boundary
src/idl_gen_rust.cpp,GenStruct,2740,2740,HANDWRITTEN_CPP,False,CPP_UNVERIFIED,B_DIRECT_MIGRATION,ordinary C++ control/data-flow without detected boundary
src/idl_gen_rust.cpp,GenNamespaceImports,3120,3121,HANDWRITTEN_CPP,False,CPP_UNVERIFIED,B_DIRECT_MIGRATION,ordinary C++ control/data-flow without detected boundary
src/idl_gen_rust.cpp,SetNameSpace,3159,3159,HANDWRITTEN_CPP,False,CPP_UNVERIFIED,B_DIRECT_MIGRATION,ordinary C++ control/data-flow without detected boundary
src/idl_gen_rust.cpp,GenerateRust,3203,3205,HANDWRITTEN_CPP,False,CPP_UNVERIFIED,B_DIRECT_MIGRATION,ordinary C++ control/data-flow without detected boundary
src/idl_gen_rust.cpp,RustMakeRule,3209,3211,HANDWRITTEN_CPP,False,CPP_UNVERIFIED,B_DIRECT_MIGRATION,ordinary C++ control/data-flow without detected boundary
src/idl_gen_rust.cpp,NewRustCodeGenerator,3275,3276,HANDWRITTEN_CPP,False,CPP_UNVERIFIED,C_LOCAL_REFACTOR,"ownership, callback, threading, or template shape"
src/idl_gen_swift.cpp,SwiftDefaultConfig,33,34,HANDWRITTEN_CPP,False,CPP_UNVERIFIED,B_DIRECT_MIGRATION,ordinary C++ control/data-flow without detected boundary
src/idl_gen_swift.cpp,SwiftKeywords,57,58,HANDWRITTEN_CPP,False,CPP_UNVERIFIED,D_BOUNDARY,external/runtime/raw-pointer boundary
src/idl_gen_swift.cpp,GenIndirect,141,142,HANDWRITTEN_CPP,False,CPP_UNVERIFIED,B_DIRECT_MIGRATION,ordinary C++ control/data-flow without detected boundary
src/idl_gen_swift.cpp,SwiftGenerator,153,159,HANDWRITTEN_CPP,False,CPP_UNVERIFIED,B_DIRECT_MIGRATION,ordinary C++ control/data-flow without detected boundary
src/idl_gen_swift.cpp,generate,163,164,HANDWRITTEN_CPP,False,CPP_UNVERIFIED,B_DIRECT_MIGRATION,ordinary C++ control/data-flow without detected boundary
src/idl_gen_swift.cpp,GenerateCode,197,198,HANDWRITTEN_CPP,False,CPP_UNVERIFIED,B_DIRECT_MIGRATION,ordinary C++ control/data-flow without detected boundary
src/idl_gen_swift.cpp,mark,228,229,HANDWRITTEN_CPP,False,CPP_UNVERIFIED,B_DIRECT_MIGRATION,ordinary C++ control/data-flow without detected boundary
src/idl_gen_swift.cpp,GenStructReader,237,237,HANDWRITTEN_CPP,False,CPP_UNVERIFIED,B_DIRECT_MIGRATION,ordinary C++ control/data-flow without detected boundary
src/idl_gen_swift.cpp,GenMutableStructReader,386,387,HANDWRITTEN_CPP,False,CPP_UNVERIFIED,B_DIRECT_MIGRATION,ordinary C++ control/data-flow without detected boundary
src/idl_gen_swift.cpp,GenerateStructArgs,466,471,HANDWRITTEN_CPP,False,CPP_UNVERIFIED,B_DIRECT_MIGRATION,ordinary C++ control/data-flow without detected boundary
src/idl_gen_swift.cpp,GenTable,505,505,HANDWRITTEN_CPP,False,CPP_UNVERIFIED,B_DIRECT_MIGRATION,ordinary C++ control/data-flow without detected boundary
src/idl_gen_swift.cpp,GenTableAccessors,524,524,HANDWRITTEN_CPP,False,CPP_UNVERIFIED,B_DIRECT_MIGRATION,ordinary C++ control/data-flow without detected boundary
src/idl_gen_swift.cpp,GenObjectHeader,544,545,HANDWRITTEN_CPP,False,CPP_UNVERIFIED,B_DIRECT_MIGRATION,ordinary C++ control/data-flow without detected boundary
src/idl_gen_swift.cpp,GenTableWriter,586,587,HANDWRITTEN_CPP,False,CPP_UNVERIFIED,B_DIRECT_MIGRATION,ordinary C++ control/data-flow without detected boundary
src/idl_gen_swift.cpp,GenTableWriterFields,671,674,HANDWRITTEN_CPP,False,CPP_UNVERIFIED,B_DIRECT_MIGRATION,ordinary C++ control/data-flow without detected boundary
src/idl_gen_swift.cpp,GenTableReader,779,780,HANDWRITTEN_CPP,False,CPP_UNVERIFIED,B_DIRECT_MIGRATION,ordinary C++ control/data-flow without detected boundary
src/idl_gen_swift.cpp,GenTableReaderFields,788,789,HANDWRITTEN_CPP,False,CPP_UNVERIFIED,B_DIRECT_MIGRATION,ordinary C++ control/data-flow without detected boundary
src/idl_gen_swift.cpp,GenTableReaderVectorFields,894,895,HANDWRITTEN_CPP,False,CPP_UNVERIFIED,B_DIRECT_MIGRATION,ordinary C++ control/data-flow without detected boundary
src/idl_gen_swift.cpp,GenUnsafeBufferPointer,960,961,HANDWRITTEN_CPP,False,CPP_UNVERIFIED,B_DIRECT_MIGRATION,ordinary C++ control/data-flow without detected boundary
src/idl_gen_swift.cpp,GenerateCodingKeys,972,973,HANDWRITTEN_CPP,False,CPP_UNVERIFIED,B_DIRECT_MIGRATION,ordinary C++ control/data-flow without detected boundary
src/idl_gen_swift.cpp,GenerateEncoderUnionBody,984,985,HANDWRITTEN_CPP,False,CPP_UNVERIFIED,B_DIRECT_MIGRATION,ordinary C++ control/data-flow without detected boundary
src/idl_gen_swift.cpp,GenerateEncoderBody,1046,1047,HANDWRITTEN_CPP,False,CPP_UNVERIFIED,B_DIRECT_MIGRATION,ordinary C++ control/data-flow without detected boundary
src/idl_gen_swift.cpp,GenerateJSONEncodingAPIs,1099,1100,HANDWRITTEN_CPP,False,CPP_UNVERIFIED,B_DIRECT_MIGRATION,ordinary C++ control/data-flow without detected boundary
src/idl_gen_swift.cpp,GenerateVerifier,1133,1134,HANDWRITTEN_CPP,False,CPP_UNVERIFIED,B_DIRECT_MIGRATION,ordinary C++ control/data-flow without detected boundary
src/idl_gen_swift.cpp,GenerateUnionTypeVerifier,1166,1167,HANDWRITTEN_CPP,False,CPP_UNVERIFIED,B_DIRECT_MIGRATION,ordinary C++ control/data-flow without detected boundary
src/idl_gen_swift.cpp,GenerateVerifierType,1213,1214,HANDWRITTEN_CPP,False,CPP_UNVERIFIED,B_DIRECT_MIGRATION,ordinary C++ control/data-flow without detected boundary
src/idl_gen_swift.cpp,GenerateNestedVerifierTypes,1227,1228,HANDWRITTEN_CPP,False,CPP_UNVERIFIED,B_DIRECT_MIGRATION,ordinary C++ control/data-flow without detected boundary
src/idl_gen_swift.cpp,GenByKeyFunctions,1245,1246,HANDWRITTEN_CPP,False,CPP_UNVERIFIED,B_DIRECT_MIGRATION,ordinary C++ control/data-flow without detected boundary
src/idl_gen_swift.cpp,GenEnum,1255,1256,HANDWRITTEN_CPP,False,CPP_UNVERIFIED,B_DIRECT_MIGRATION,ordinary C++ control/data-flow without detected boundary
src/idl_gen_swift.cpp,EnumEncoder,1325,1326,HANDWRITTEN_CPP,False,CPP_UNVERIFIED,B_DIRECT_MIGRATION,ordinary C++ control/data-flow without detected boundary
src/idl_gen_swift.cpp,GenerateObjectAPIExtensionHeader,1347,1349,HANDWRITTEN_CPP,False,CPP_UNVERIFIED,B_DIRECT_MIGRATION,ordinary C++ control/data-flow without detected boundary
src/idl_gen_swift.cpp,GenerateObjectAPIStructConstructor,1375,1376,HANDWRITTEN_CPP,False,CPP_UNVERIFIED,B_DIRECT_MIGRATION,ordinary C++ control/data-flow without detected boundary
src/idl_gen_swift.cpp,GenObjectAPI,1408,1409,HANDWRITTEN_CPP,False,CPP_UNVERIFIED,B_DIRECT_MIGRATION,ordinary C++ control/data-flow without detected boundary
src/idl_gen_swift.cpp,GenerateObjectAPITableExtension,1436,1437,HANDWRITTEN_CPP,False,CPP_UNVERIFIED,B_DIRECT_MIGRATION,ordinary C++ control/data-flow without detected boundary
src/idl_gen_swift.cpp,GenerateVectorObjectAPITableExtension,1521,1522,HANDWRITTEN_CPP,False,CPP_UNVERIFIED,B_DIRECT_MIGRATION,ordinary C++ control/data-flow without detected boundary
src/idl_gen_swift.cpp,BuildingOptionalObjects,1584,1586,HANDWRITTEN_CPP,False,CPP_UNVERIFIED,B_DIRECT_MIGRATION,ordinary C++ control/data-flow without detected boundary
src/idl_gen_swift.cpp,BuildObjectConstructor,1599,1601,HANDWRITTEN_CPP,False,CPP_UNVERIFIED,B_DIRECT_MIGRATION,ordinary C++ control/data-flow without detected boundary
src/idl_gen_swift.cpp,BuildObjectAPIConstructorBody,1609,1613,HANDWRITTEN_CPP,False,CPP_UNVERIFIED,B_DIRECT_MIGRATION,ordinary C++ control/data-flow without detected boundary
src/idl_gen_swift.cpp,BuildObjectAPIConstructorBodyVectors,1712,1716,HANDWRITTEN_CPP,False,CPP_UNVERIFIED,B_DIRECT_MIGRATION,ordinary C++ control/data-flow without detected boundary
src/idl_gen_swift.cpp,BuildUnionEnumSwitchCaseWritter,1767,1768,HANDWRITTEN_CPP,False,CPP_UNVERIFIED,B_DIRECT_MIGRATION,ordinary C++ control/data-flow without detected boundary
src/idl_gen_swift.cpp,BuildUnionEnumSwitchCase,1787,1791,HANDWRITTEN_CPP,False,CPP_UNVERIFIED,B_DIRECT_MIGRATION,ordinary C++ control/data-flow without detected boundary
src/idl_gen_swift.cpp,AddMinOrMaxEnumValue,1841,1842,HANDWRITTEN_CPP,False,CPP_UNVERIFIED,B_DIRECT_MIGRATION,ordinary C++ control/data-flow without detected boundary
src/idl_gen_swift.cpp,GenLookup,1848,1849,HANDWRITTEN_CPP,False,CPP_UNVERIFIED,B_DIRECT_MIGRATION,ordinary C++ control/data-flow without detected boundary
src/idl_gen_swift.cpp,GenPadding,1899,1900,HANDWRITTEN_CPP,False,CPP_UNVERIFIED,B_DIRECT_MIGRATION,ordinary C++ control/data-flow without detected boundary
src/idl_gen_swift.cpp,GenComment,1912,1913,HANDWRITTEN_CPP,False,CPP_UNVERIFIED,B_DIRECT_MIGRATION,ordinary C++ control/data-flow without detected boundary
src/idl_gen_swift.cpp,GenOSVersionChecks,1922,1923,HANDWRITTEN_CPP,False,CPP_UNVERIFIED,B_DIRECT_MIGRATION,ordinary C++ control/data-flow without detected boundary
src/idl_gen_swift.cpp,GenOffset,1928,1929,HANDWRITTEN_CPP,False,CPP_UNVERIFIED,B_DIRECT_MIGRATION,ordinary C++ control/data-flow without detected boundary
src/idl_gen_swift.cpp,GenReaderMainBody,1932,1933,HANDWRITTEN_CPP,False,CPP_UNVERIFIED,B_DIRECT_MIGRATION,ordinary C++ control/data-flow without detected boundary
src/idl_gen_swift.cpp,GenConstructor,1941,1942,HANDWRITTEN_CPP,False,CPP_UNVERIFIED,B_DIRECT_MIGRATION,ordinary C++ control/data-flow without detected boundary
src/idl_gen_swift.cpp,GenMutate,1945,1947,HANDWRITTEN_CPP,False,CPP_UNVERIFIED,B_DIRECT_MIGRATION,ordinary C++ control/data-flow without detected boundary
src/idl_gen_swift.cpp,GenMutateArray,1953,1954,HANDWRITTEN_CPP,False,CPP_UNVERIFIED,B_DIRECT_MIGRATION,ordinary C++ control/data-flow without detected boundary
src/idl_gen_swift.cpp,GenEnumDefaultValue,1961,1962,HANDWRITTEN_CPP,False,CPP_UNVERIFIED,B_DIRECT_MIGRATION,ordinary C++ control/data-flow without detected boundary
src/idl_gen_swift.cpp,SwiftConstant,1976,1977,HANDWRITTEN_CPP,False,CPP_UNVERIFIED,B_DIRECT_MIGRATION,ordinary C++ control/data-flow without detected boundary
src/idl_gen_swift.cpp,GenEnumConstructor,1988,1989,HANDWRITTEN_CPP,False,CPP_UNVERIFIED,B_DIRECT_MIGRATION,ordinary C++ control/data-flow without detected boundary
src/idl_gen_swift.cpp,ValidateFunc,1992,1993,HANDWRITTEN_CPP,False,CPP_UNVERIFIED,B_DIRECT_MIGRATION,ordinary C++ control/data-flow without detected boundary
src/idl_gen_swift.cpp,Indent,2027,2028,HANDWRITTEN_CPP,False,CPP_UNVERIFIED,B_DIRECT_MIGRATION,ordinary C++ control/data-flow without detected boundary
src/idl_gen_swift.cpp,Outdent,2029,2030,HANDWRITTEN_CPP,False,CPP_UNVERIFIED,B_DIRECT_MIGRATION,ordinary C++ control/data-flow without detected boundary
src/idl_gen_swift.cpp,GenerateSwift,2054,2056,HANDWRITTEN_CPP,False,CPP_UNVERIFIED,B_DIRECT_MIGRATION,ordinary C++ control/data-flow without detected boundary
src/idl_gen_swift.cpp,NewSwiftCodeGenerator,2113,2114,HANDWRITTEN_CPP,False,CPP_UNVERIFIED,C_LOCAL_REFACTOR,"ownership, callback, threading, or template shape"
src/idl_gen_text.cpp,AddNewLine,45,45,HANDWRITTEN_CPP,False,CPP_UNVERIFIED,B_DIRECT_MIGRATION,ordinary C++ control/data-flow without detected boundary
src/idl_gen_text.cpp,AddIndent,48,49,HANDWRITTEN_CPP,False,CPP_UNVERIFIED,B_DIRECT_MIGRATION,ordinary C++ control/data-flow without detected boundary
src/idl_gen_text.cpp,OutputIdentifier,54,54,HANDWRITTEN_CPP,False,CPP_UNVERIFIED,B_DIRECT_MIGRATION,ordinary C++ control/data-flow without detected boundary
src/idl_gen_text.cpp,PrintScalar,63,64,HANDWRITTEN_CPP,False,CPP_UNVERIFIED,B_DIRECT_MIGRATION,ordinary C++ control/data-flow without detected boundary
src/idl_gen_text.cpp,AddComma,104,105,HANDWRITTEN_CPP,False,CPP_UNVERIFIED,B_DIRECT_MIGRATION,ordinary C++ control/data-flow without detected boundary
src/idl_gen_text.cpp,GetFieldDefault,250,252,HANDWRITTEN_CPP,False,CPP_UNVERIFIED,B_DIRECT_MIGRATION,ordinary C++ control/data-flow without detected boundary
src/idl_gen_text.cpp,GenField,261,263,HANDWRITTEN_CPP,False,CPP_UNVERIFIED,B_DIRECT_MIGRATION,ordinary C++ control/data-flow without detected boundary
src/idl_gen_text.cpp,opts,375,375,HANDWRITTEN_CPP,False,CPP_UNVERIFIED,B_DIRECT_MIGRATION,ordinary C++ control/data-flow without detected boundary
src/idl_gen_text.cpp,GenerateTextFromTable,395,396,HANDWRITTEN_CPP,False,CPP_UNVERIFIED,B_DIRECT_MIGRATION,ordinary C++ control/data-flow without detected boundary
src/idl_gen_text.cpp,TextFileName,426,428,HANDWRITTEN_CPP,False,CPP_UNVERIFIED,B_DIRECT_MIGRATION,ordinary C++ control/data-flow without detected boundary
src/idl_gen_text.cpp,TextMakeRule,458,460,HANDWRITTEN_CPP,False,CPP_UNVERIFIED,B_DIRECT_MIGRATION,ordinary C++ control/data-flow without detected boundary
src/idl_gen_text.cpp,NewTextCodeGenerator,527,528,HANDWRITTEN_CPP,False,CPP_UNVERIFIED,C_LOCAL_REFACTOR,"ownership, callback, threading, or template shape"
src/idl_gen_ts.cpp,TypeScriptDefaultConfig,53,54,HANDWRITTEN_CPP,False,CPP_UNVERIFIED,B_DIRECT_MIGRATION,ordinary C++ control/data-flow without detected boundary
src/idl_gen_ts.cpp,TypescriptKeywords,77,78,HANDWRITTEN_CPP,False,CPP_UNVERIFIED,B_DIRECT_MIGRATION,ordinary C++ control/data-flow without detected boundary
src/idl_gen_ts.cpp,BaseGenerator,113,117,HANDWRITTEN_CPP,False,CPP_UNVERIFIED,B_DIRECT_MIGRATION,ordinary C++ control/data-flow without detected boundary
src/idl_gen_ts.cpp,generate,118,119,HANDWRITTEN_CPP,False,CPP_UNVERIFIED,B_DIRECT_MIGRATION,ordinary C++ control/data-flow without detected boundary
src/idl_gen_ts.cpp,GetTypeName,127,129,HANDWRITTEN_CPP,False,CPP_UNVERIFIED,B_DIRECT_MIGRATION,ordinary C++ control/data-flow without detected boundary
src/idl_gen_ts.cpp,GetTypeName,135,137,HANDWRITTEN_CPP,False,CPP_UNVERIFIED,B_DIRECT_MIGRATION,ordinary C++ control/data-flow without detected boundary
src/idl_gen_ts.cpp,SaveType,155,156,HANDWRITTEN_CPP,False,CPP_UNVERIFIED,B_DIRECT_MIGRATION,ordinary C++ control/data-flow without detected boundary
src/idl_gen_ts.cpp,TrackNsDef,186,187,HANDWRITTEN_CPP,False,CPP_UNVERIFIED,B_DIRECT_MIGRATION,ordinary C++ control/data-flow without detected boundary
src/idl_gen_ts.cpp,generateEnums,224,224,HANDWRITTEN_CPP,False,CPP_UNVERIFIED,B_DIRECT_MIGRATION,ordinary C++ control/data-flow without detected boundary
src/idl_gen_ts.cpp,generateStructs,240,240,HANDWRITTEN_CPP,False,CPP_UNVERIFIED,B_DIRECT_MIGRATION,ordinary C++ control/data-flow without detected boundary
src/idl_gen_ts.cpp,generateEntry,256,256,HANDWRITTEN_CPP,False,CPP_UNVERIFIED,B_DIRECT_MIGRATION,ordinary C++ control/data-flow without detected boundary
src/idl_gen_ts.cpp,GenDocComment,335,337,HANDWRITTEN_CPP,False,CPP_UNVERIFIED,B_DIRECT_MIGRATION,ordinary C++ control/data-flow without detected boundary
src/idl_gen_ts.cpp,GenDocComment,358,359,HANDWRITTEN_CPP,False,CPP_UNVERIFIED,B_DIRECT_MIGRATION,ordinary C++ control/data-flow without detected boundary
src/idl_gen_ts.cpp,GenEnum,364,365,HANDWRITTEN_CPP,False,CPP_UNVERIFIED,B_DIRECT_MIGRATION,ordinary C++ control/data-flow without detected boundary
src/idl_gen_ts.cpp,GenType,413,414,HANDWRITTEN_CPP,False,CPP_UNVERIFIED,B_DIRECT_MIGRATION,ordinary C++ control/data-flow without detected boundary
src/idl_gen_ts.cpp,GenGetter,449,450,HANDWRITTEN_CPP,False,CPP_UNVERIFIED,B_DIRECT_MIGRATION,ordinary C++ control/data-flow without detected boundary
src/idl_gen_ts.cpp,if,456,457,HANDWRITTEN_CPP,False,CPP_UNVERIFIED,B_DIRECT_MIGRATION,ordinary C++ control/data-flow without detected boundary
src/idl_gen_ts.cpp,GenDefaultValue,474,475,HANDWRITTEN_CPP,False,CPP_UNVERIFIED,B_DIRECT_MIGRATION,ordinary C++ control/data-flow without detected boundary
src/idl_gen_ts.cpp,GenTypeName,565,568,HANDWRITTEN_CPP,False,CPP_UNVERIFIED,B_DIRECT_MIGRATION,ordinary C++ control/data-flow without detected boundary
src/idl_gen_ts.cpp,if,603,604,HANDWRITTEN_CPP,False,CPP_UNVERIFIED,B_DIRECT_MIGRATION,ordinary C++ control/data-flow without detected boundary
src/idl_gen_ts.cpp,GetUnionUnderlyingType,615,616,HANDWRITTEN_CPP,False,CPP_UNVERIFIED,B_DIRECT_MIGRATION,ordinary C++ control/data-flow without detected boundary
src/idl_gen_ts.cpp,GetUnderlyingVectorType,624,625,HANDWRITTEN_CPP,False,CPP_UNVERIFIED,B_DIRECT_MIGRATION,ordinary C++ control/data-flow without detected boundary
src/idl_gen_ts.cpp,GenWriteMethod,632,632,HANDWRITTEN_CPP,False,CPP_UNVERIFIED,B_DIRECT_MIGRATION,ordinary C++ control/data-flow without detected boundary
src/idl_gen_ts.cpp,MaybeAdd,652,654,HANDWRITTEN_CPP,False,CPP_UNVERIFIED,B_DIRECT_MIGRATION,ordinary C++ control/data-flow without detected boundary
src/idl_gen_ts.cpp,MaybeScale,657,659,HANDWRITTEN_CPP,False,CPP_UNVERIFIED,B_DIRECT_MIGRATION,ordinary C++ control/data-flow without detected boundary
src/idl_gen_ts.cpp,GenStructArgs,662,665,HANDWRITTEN_CPP,False,CPP_UNVERIFIED,B_DIRECT_MIGRATION,ordinary C++ control/data-flow without detected boundary
src/idl_gen_ts.cpp,GenStructBody,682,684,HANDWRITTEN_CPP,False,CPP_UNVERIFIED,B_DIRECT_MIGRATION,ordinary C++ control/data-flow without detected boundary
src/idl_gen_ts.cpp,GenerateNewExpression,787,788,HANDWRITTEN_CPP,False,CPP_UNVERIFIED,B_DIRECT_MIGRATION,ordinary C++ control/data-flow without detected boundary
src/idl_gen_ts.cpp,GenerateRootAccessor,791,794,HANDWRITTEN_CPP,False,CPP_UNVERIFIED,B_DIRECT_MIGRATION,ordinary C++ control/data-flow without detected boundary
src/idl_gen_ts.cpp,GenerateFinisher,812,814,HANDWRITTEN_CPP,False,CPP_UNVERIFIED,B_DIRECT_MIGRATION,ordinary C++ control/data-flow without detected boundary
src/idl_gen_ts.cpp,UnionHasStringType,836,837,HANDWRITTEN_CPP,False,CPP_UNVERIFIED,B_DIRECT_MIGRATION,ordinary C++ control/data-flow without detected boundary
src/idl_gen_ts.cpp,GenUnionGenericTypeTS,843,844,HANDWRITTEN_CPP,False,CPP_UNVERIFIED,B_DIRECT_MIGRATION,ordinary C++ control/data-flow without detected boundary
src/idl_gen_ts.cpp,GenUnionTypeTS,851,852,HANDWRITTEN_CPP,False,CPP_UNVERIFIED,B_DIRECT_MIGRATION,ordinary C++ control/data-flow without detected boundary
src/idl_gen_ts.cpp,CheckIfNameClashes,880,882,HANDWRITTEN_CPP,False,CPP_UNVERIFIED,B_DIRECT_MIGRATION,ordinary C++ control/data-flow without detected boundary
src/idl_gen_ts.cpp,GenSymbolExpression,891,896,HANDWRITTEN_CPP,False,CPP_UNVERIFIED,B_DIRECT_MIGRATION,ordinary C++ control/data-flow without detected boundary
src/idl_gen_ts.cpp,GenSymbolExpression,919,923,HANDWRITTEN_CPP,False,CPP_UNVERIFIED,B_DIRECT_MIGRATION,ordinary C++ control/data-flow without detected boundary
src/idl_gen_ts.cpp,AddImport,980,983,HANDWRITTEN_CPP,False,CPP_UNVERIFIED,B_DIRECT_MIGRATION,ordinary C++ control/data-flow without detected boundary
src/idl_gen_ts.cpp,AddImport,1052,1054,HANDWRITTEN_CPP,False,CPP_UNVERIFIED,B_DIRECT_MIGRATION,ordinary C++ control/data-flow without detected boundary
src/idl_gen_ts.cpp,GenObjApiUnionTypeTS,1063,1066,HANDWRITTEN_CPP,False,CPP_UNVERIFIED,B_DIRECT_MIGRATION,ordinary C++ control/data-flow without detected boundary
src/idl_gen_ts.cpp,GenUnionConvFuncName,1097,1098,HANDWRITTEN_CPP,False,CPP_UNVERIFIED,B_DIRECT_MIGRATION,ordinary C++ control/data-flow without detected boundary
src/idl_gen_ts.cpp,GenUnionListConvFuncName,1101,1102,HANDWRITTEN_CPP,False,CPP_UNVERIFIED,B_DIRECT_MIGRATION,ordinary C++ control/data-flow without detected boundary
src/idl_gen_ts.cpp,GenUnionConvFunc,1105,1106,HANDWRITTEN_CPP,False,CPP_UNVERIFIED,B_DIRECT_MIGRATION,ordinary C++ control/data-flow without detected boundary
src/idl_gen_ts.cpp,GenUnionValTS,1172,1175,HANDWRITTEN_CPP,False,CPP_UNVERIFIED,B_DIRECT_MIGRATION,ordinary C++ control/data-flow without detected boundary
src/idl_gen_ts.cpp,GenNullCheckConditional,1235,1238,HANDWRITTEN_CPP,False,CPP_UNVERIFIED,B_DIRECT_MIGRATION,ordinary C++ control/data-flow without detected boundary
src/idl_gen_ts.cpp,GenStructMemberValueTS,1243,1247,HANDWRITTEN_CPP,False,CPP_UNVERIFIED,B_DIRECT_MIGRATION,ordinary C++ control/data-flow without detected boundary
src/idl_gen_ts.cpp,GenObjApi,1284,1287,HANDWRITTEN_CPP,False,CPP_UNVERIFIED,B_DIRECT_MIGRATION,ordinary C++ control/data-flow without detected boundary
src/idl_gen_ts.cpp,CanCreateFactoryMethod,1665,1666,HANDWRITTEN_CPP,False,CPP_UNVERIFIED,B_DIRECT_MIGRATION,ordinary C++ control/data-flow without detected boundary
src/idl_gen_ts.cpp,GenStruct,1680,1681,HANDWRITTEN_CPP,False,CPP_UNVERIFIED,B_DIRECT_MIGRATION,ordinary C++ control/data-flow without detected boundary
src/idl_gen_ts.cpp,HasNullDefault,2342,2343,HANDWRITTEN_CPP,False,CPP_UNVERIFIED,B_DIRECT_MIGRATION,ordinary C++ control/data-flow without detected boundary
src/idl_gen_ts.cpp,HasDefaultValue,2346,2347,HANDWRITTEN_CPP,False,CPP_UNVERIFIED,B_DIRECT_MIGRATION,ordinary C++ control/data-flow without detected boundary
src/idl_gen_ts.cpp,GetArgType,2374,2376,HANDWRITTEN_CPP,False,CPP_UNVERIFIED,B_DIRECT_MIGRATION,ordinary C++ control/data-flow without detected boundary
src/idl_gen_ts.cpp,GetArgName,2380,2381,HANDWRITTEN_CPP,False,CPP_UNVERIFIED,B_DIRECT_MIGRATION,ordinary C++ control/data-flow without detected boundary
src/idl_gen_ts.cpp,GetPrefixedName,2388,2390,HANDWRITTEN_CPP,False,CPP_UNVERIFIED,B_DIRECT_MIGRATION,ordinary C++ control/data-flow without detected boundary
src/idl_gen_ts.cpp,GenerateTS,2395,2397,HANDWRITTEN_CPP,False,CPP_UNVERIFIED,B_DIRECT_MIGRATION,ordinary C++ control/data-flow without detected boundary
src/idl_gen_ts.cpp,TSMakeRule,2401,2403,HANDWRITTEN_CPP,False,CPP_UNVERIFIED,B_DIRECT_MIGRATION,ordinary C++ control/data-flow without detected boundary
src/idl_gen_ts.cpp,NewTsCodeGenerator,2464,2465,HANDWRITTEN_CPP,False,CPP_UNVERIFIED,C_LOCAL_REFACTOR,"ownership, callback, threading, or template shape"
src/idl_parser.cpp,ValidateUTF8,65,66,HANDWRITTEN_CPP,False,CPP_UNVERIFIED,D_BOUNDARY,external/runtime/raw-pointer boundary
src/idl_parser.cpp,IsLowerSnakeCase,76,77,HANDWRITTEN_CPP,False,CPP_UNVERIFIED,B_DIRECT_MIGRATION,ordinary C++ control/data-flow without detected boundary
src/idl_parser.cpp,DeserializeDoc,86,88,HANDWRITTEN_CPP,False,CPP_UNVERIFIED,B_DIRECT_MIGRATION,ordinary C++ control/data-flow without detected boundary
src/idl_parser.cpp,NoError,93,94,HANDWRITTEN_CPP,False,CPP_UNVERIFIED,B_DIRECT_MIGRATION,ordinary C++ control/data-flow without detected boundary
src/idl_parser.cpp,TypeToIntervalString,95,97,HANDWRITTEN_CPP,False,CPP_UNVERIFIED,B_DIRECT_MIGRATION,ordinary C++ control/data-flow without detected boundary
src/idl_parser.cpp,atot_scalar,103,104,HANDWRITTEN_CPP,False,CPP_UNVERIFIED,B_DIRECT_MIGRATION,ordinary C++ control/data-flow without detected boundary
src/idl_parser.cpp,atot_scalar,107,109,HANDWRITTEN_CPP,False,CPP_UNVERIFIED,B_DIRECT_MIGRATION,ordinary C++ control/data-flow without detected boundary
src/idl_parser.cpp,atot,115,117,HANDWRITTEN_CPP,False,CPP_UNVERIFIED,B_DIRECT_MIGRATION,ordinary C++ control/data-flow without detected boundary
src/idl_parser.cpp,TokenToString,184,185,HANDWRITTEN_CPP,False,CPP_UNVERIFIED,D_BOUNDARY,external/runtime/raw-pointer boundary
src/idl_parser.cpp,IsIdentifierStart,204,205,HANDWRITTEN_CPP,False,CPP_UNVERIFIED,B_DIRECT_MIGRATION,ordinary C++ control/data-flow without detected boundary
src/idl_parser.cpp,CompareSerializedScalars,206,208,HANDWRITTEN_CPP,False,CPP_UNVERIFIED,B_DIRECT_MIGRATION,ordinary C++ control/data-flow without detected boundary
src/idl_parser.cpp,CompareTablesByScalarKey,228,231,HANDWRITTEN_CPP,False,CPP_UNVERIFIED,D_BOUNDARY,external/runtime/raw-pointer boundary
src/idl_parser.cpp,CompareTablesByStringKey,241,244,HANDWRITTEN_CPP,False,CPP_UNVERIFIED,D_BOUNDARY,external/runtime/raw-pointer boundary
src/idl_parser.cpp,SwapSerializedTables,262,263,HANDWRITTEN_CPP,False,CPP_UNVERIFIED,B_DIRECT_MIGRATION,ordinary C++ control/data-flow without detected boundary
src/idl_parser.cpp,SimpleQsort,276,277,HANDWRITTEN_CPP,False,CPP_UNVERIFIED,B_DIRECT_MIGRATION,ordinary C++ control/data-flow without detected boundary
src/idl_parser.cpp,SingleValueRepack,294,296,HANDWRITTEN_CPP,False,CPP_UNVERIFIED,B_DIRECT_MIGRATION,ordinary C++ control/data-flow without detected boundary
src/idl_parser.cpp,SingleValueRepack,306,306,HANDWRITTEN_CPP,False,CPP_UNVERIFIED,B_DIRECT_MIGRATION,ordinary C++ control/data-flow without detected boundary
src/idl_parser.cpp,SingleValueRepack,309,309,HANDWRITTEN_CPP,False,CPP_UNVERIFIED,B_DIRECT_MIGRATION,ordinary C++ control/data-flow without detected boundary
src/idl_parser.cpp,EnumDistanceImpl,313,315,HANDWRITTEN_CPP,False,CPP_UNVERIFIED,B_DIRECT_MIGRATION,ordinary C++ control/data-flow without detected boundary
src/idl_parser.cpp,compareFieldDefs,323,324,HANDWRITTEN_CPP,False,CPP_UNVERIFIED,B_DIRECT_MIGRATION,ordinary C++ control/data-flow without detected boundary
src/idl_parser.cpp,HashFile,359,359,HANDWRITTEN_CPP,False,CPP_UNVERIFIED,B_DIRECT_MIGRATION,ordinary C++ control/data-flow without detected boundary
src/idl_parser.cpp,compareName,369,371,HANDWRITTEN_CPP,False,CPP_UNVERIFIED,B_DIRECT_MIGRATION,ordinary C++ control/data-flow without detected boundary
src/idl_parser.cpp,AssignIndices,375,377,HANDWRITTEN_CPP,False,CPP_UNVERIFIED,B_DIRECT_MIGRATION,ordinary C++ control/data-flow without detected boundary
src/idl_parser.cpp,ParseDepthGuard,424,426,HANDWRITTEN_CPP,False,CPP_UNVERIFIED,B_DIRECT_MIGRATION,ordinary C++ control/data-flow without detected boundary
src/idl_parser.cpp,Check,433,434,HANDWRITTEN_CPP,False,CPP_UNVERIFIED,B_DIRECT_MIGRATION,ordinary C++ control/data-flow without detected boundary
src/idl_parser.cpp,if,669,670,HANDWRITTEN_CPP,False,CPP_UNVERIFIED,D_BOUNDARY,external/runtime/raw-pointer boundary
src/idl_parser.cpp,AcceptEnumerator,2474,2475,HANDWRITTEN_CPP,False,CPP_UNVERIFIED,B_DIRECT_MIGRATION,ordinary C++ control/data-flow without detected boundary
src/idl_parser.cpp,AcceptEnumerator,2485,2486,HANDWRITTEN_CPP,False,CPP_UNVERIFIED,B_DIRECT_MIGRATION,ordinary C++ control/data-flow without detected boundary
src/idl_parser.cpp,AssignEnumeratorValue,2489,2490,HANDWRITTEN_CPP,False,CPP_UNVERIFIED,B_DIRECT_MIGRATION,ordinary C++ control/data-flow without detected boundary
src/idl_parser.cpp,ValidateImpl,2507,2507,HANDWRITTEN_CPP,False,CPP_UNVERIFIED,B_DIRECT_MIGRATION,ordinary C++ control/data-flow without detected boundary
src/idl_parser.cpp,ValidateValue,2521,2522,HANDWRITTEN_CPP,False,CPP_UNVERIFIED,B_DIRECT_MIGRATION,ordinary C++ control/data-flow without detected boundary
src/idl_parser.cpp,parser,2539,2542,HANDWRITTEN_CPP,False,CPP_UNVERIFIED,B_DIRECT_MIGRATION,ordinary C++ control/data-flow without detected boundary
src/idl_parser.cpp,if,3478,3480,HANDWRITTEN_CPP,False,CPP_UNVERIFIED,B_DIRECT_MIGRATION,ordinary C++ control/data-flow without detected boundary
src/idl_parser.cpp,if,3556,3557,HANDWRITTEN_CPP,False,CPP_UNVERIFIED,B_DIRECT_MIGRATION,ordinary C++ control/data-flow without detected boundary
src/idl_parser.cpp,SerializeAttributesCommon,3995,3999,HANDWRITTEN_CPP,False,CPP_UNVERIFIED,B_DIRECT_MIGRATION,ordinary C++ control/data-flow without detected boundary
src/idl_parser.cpp,DeserializeAttributesCommon,4016,4019,HANDWRITTEN_CPP,False,CPP_UNVERIFIED,B_DIRECT_MIGRATION,ordinary C++ control/data-flow without detected boundary
src/reflection.cpp,CopyInline,26,29,HANDWRITTEN_CPP,False,CPP_UNVERIFIED,D_BOUNDARY,external/runtime/raw-pointer boundary
src/reflection.cpp,VerifyStruct,34,38,HANDWRITTEN_CPP,False,CPP_UNVERIFIED,B_DIRECT_MIGRATION,ordinary C++ control/data-flow without detected boundary
src/reflection.cpp,VerifyVectorOfStructs,48,53,HANDWRITTEN_CPP,False,CPP_UNVERIFIED,D_BOUNDARY,external/runtime/raw-pointer boundary
src/reflection.cpp,VerifyUnion,67,71,HANDWRITTEN_CPP,False,CPP_UNVERIFIED,B_DIRECT_MIGRATION,ordinary C++ control/data-flow without detected boundary
src/reflection.cpp,VerifyVector,93,97,HANDWRITTEN_CPP,False,CPP_UNVERIFIED,B_DIRECT_MIGRATION,ordinary C++ control/data-flow without detected boundary
src/reflection.cpp,VerifyObject,175,179,HANDWRITTEN_CPP,False,CPP_UNVERIFIED,B_DIRECT_MIGRATION,ordinary C++ control/data-flow without detected boundary
src/reflection.cpp,if,225,228,HANDWRITTEN_CPP,False,CPP_UNVERIFIED,B_DIRECT_MIGRATION,ordinary C++ control/data-flow without detected boundary
src/reflection.cpp,GetAnyValueI,274,275,HANDWRITTEN_CPP,False,CPP_UNVERIFIED,B_DIRECT_MIGRATION,ordinary C++ control/data-flow without detected boundary
src/reflection.cpp,GetAnyValueF,301,302,HANDWRITTEN_CPP,False,CPP_UNVERIFIED,B_DIRECT_MIGRATION,ordinary C++ control/data-flow without detected boundary
src/reflection.cpp,GetAnyValueS,323,325,HANDWRITTEN_CPP,False,CPP_UNVERIFIED,B_DIRECT_MIGRATION,ordinary C++ control/data-flow without detected boundary
src/reflection.cpp,if,335,336,HANDWRITTEN_CPP,False,CPP_UNVERIFIED,B_DIRECT_MIGRATION,ordinary C++ control/data-flow without detected boundary
src/reflection.cpp,ForAllFields,378,380,HANDWRITTEN_CPP,False,CPP_UNVERIFIED,B_DIRECT_MIGRATION,ordinary C++ control/data-flow without detected boundary
src/reflection.cpp,SetAnyValueI,395,396,HANDWRITTEN_CPP,False,CPP_UNVERIFIED,B_DIRECT_MIGRATION,ordinary C++ control/data-flow without detected boundary
src/reflection.cpp,SetAnyValueF,418,419,HANDWRITTEN_CPP,False,CPP_UNVERIFIED,B_DIRECT_MIGRATION,ordinary C++ control/data-flow without detected boundary
src/reflection.cpp,SetAnyValueS,433,434,HANDWRITTEN_CPP,False,CPP_UNVERIFIED,B_DIRECT_MIGRATION,ordinary C++ control/data-flow without detected boundary
src/reflection.cpp,ResizeContext,459,467,HANDWRITTEN_CPP,False,CPP_UNVERIFIED,B_DIRECT_MIGRATION,ordinary C++ control/data-flow without detected boundary
src/reflection.cpp,Straddle,486,486,HANDWRITTEN_CPP,False,CPP_UNVERIFIED,B_DIRECT_MIGRATION,ordinary C++ control/data-flow without detected boundary
src/reflection.cpp,ResizeTable,504,505,HANDWRITTEN_CPP,False,CPP_UNVERIFIED,D_BOUNDARY,external/runtime/raw-pointer boundary
src/reflection.cpp,SetString,591,594,HANDWRITTEN_CPP,False,CPP_UNVERIFIED,D_BOUNDARY,external/runtime/raw-pointer boundary
src/reflection.cpp,Verify,785,788,HANDWRITTEN_CPP,False,CPP_UNVERIFIED,B_DIRECT_MIGRATION,ordinary C++ control/data-flow without detected boundary
src/reflection.cpp,VerifySizePrefixed,793,797,HANDWRITTEN_CPP,False,CPP_UNVERIFIED,B_DIRECT_MIGRATION,ordinary C++ control/data-flow without detected boundary
src/util.cpp,FileExistsRaw,60,61,HANDWRITTEN_CPP,False,CPP_UNVERIFIED,B_DIRECT_MIGRATION,ordinary C++ control/data-flow without detected boundary
src/util.cpp,LoadFileRaw,65,66,HANDWRITTEN_CPP,False,CPP_UNVERIFIED,D_BOUNDARY,external/runtime/raw-pointer boundary
src/util.cpp,ToCamelCase,88,89,HANDWRITTEN_CPP,False,CPP_UNVERIFIED,B_DIRECT_MIGRATION,ordinary C++ control/data-flow without detected boundary
src/util.cpp,ToSnakeCase,107,108,HANDWRITTEN_CPP,False,CPP_UNVERIFIED,B_DIRECT_MIGRATION,ordinary C++ control/data-flow without detected boundary
src/util.cpp,ToAll,129,131,HANDWRITTEN_CPP,False,CPP_UNVERIFIED,B_DIRECT_MIGRATION,ordinary C++ control/data-flow without detected boundary
src/util.cpp,CamelToSnake,138,139,HANDWRITTEN_CPP,False,CPP_UNVERIFIED,B_DIRECT_MIGRATION,ordinary C++ control/data-flow without detected boundary
src/util.cpp,DasherToSnake,160,161,HANDWRITTEN_CPP,False,CPP_UNVERIFIED,B_DIRECT_MIGRATION,ordinary C++ control/data-flow without detected boundary
src/util.cpp,ToDasher,172,173,HANDWRITTEN_CPP,False,CPP_UNVERIFIED,B_DIRECT_MIGRATION,ordinary C++ control/data-flow without detected boundary
src/util.cpp,SnakeToSnake2,195,195,HANDWRITTEN_CPP,False,CPP_UNVERIFIED,B_DIRECT_MIGRATION,ordinary C++ control/data-flow without detected boundary
src/util.cpp,LoadFile,216,217,HANDWRITTEN_CPP,False,CPP_UNVERIFIED,B_DIRECT_MIGRATION,ordinary C++ control/data-flow without detected boundary
src/util.cpp,FileExists,221,222,HANDWRITTEN_CPP,False,CPP_UNVERIFIED,B_DIRECT_MIGRATION,ordinary C++ control/data-flow without detected boundary
src/util.cpp,DirExists,226,227,HANDWRITTEN_CPP,False,CPP_UNVERIFIED,B_DIRECT_MIGRATION,ordinary C++ control/data-flow without detected boundary
src/util.cpp,SetLoadFileFunction,242,243,HANDWRITTEN_CPP,False,CPP_UNVERIFIED,B_DIRECT_MIGRATION,ordinary C++ control/data-flow without detected boundary
src/util.cpp,SetFileExistsFunction,248,250,HANDWRITTEN_CPP,False,CPP_UNVERIFIED,B_DIRECT_MIGRATION,ordinary C++ control/data-flow without detected boundary
src/util.cpp,SaveFile,256,257,HANDWRITTEN_CPP,False,CPP_UNVERIFIED,D_BOUNDARY,external/runtime/raw-pointer boundary
src/util.cpp,StripExtension,270,271,HANDWRITTEN_CPP,False,CPP_UNVERIFIED,B_DIRECT_MIGRATION,ordinary C++ control/data-flow without detected boundary
src/util.cpp,GetExtension,275,276,HANDWRITTEN_CPP,False,CPP_UNVERIFIED,B_DIRECT_MIGRATION,ordinary C++ control/data-flow without detected boundary
src/util.cpp,StripPath,280,281,HANDWRITTEN_CPP,False,CPP_UNVERIFIED,B_DIRECT_MIGRATION,ordinary C++ control/data-flow without detected boundary
src/util.cpp,StripFileName,285,286,HANDWRITTEN_CPP,False,CPP_UNVERIFIED,B_DIRECT_MIGRATION,ordinary C++ control/data-flow without detected boundary
src/util.cpp,StripPrefix,290,292,HANDWRITTEN_CPP,False,CPP_UNVERIFIED,B_DIRECT_MIGRATION,ordinary C++ control/data-flow without detected boundary
src/util.cpp,ConCatPathFileName,299,301,HANDWRITTEN_CPP,False,CPP_UNVERIFIED,B_DIRECT_MIGRATION,ordinary C++ control/data-flow without detected boundary
src/util.cpp,PosixPath,318,319,HANDWRITTEN_CPP,False,CPP_UNVERIFIED,B_DIRECT_MIGRATION,ordinary C++ control/data-flow without detected boundary
src/util.cpp,PosixPath,324,324,HANDWRITTEN_CPP,False,CPP_UNVERIFIED,B_DIRECT_MIGRATION,ordinary C++ control/data-flow without detected boundary
src/util.cpp,EnsureDirExists,327,328,HANDWRITTEN_CPP,False,CPP_UNVERIFIED,B_DIRECT_MIGRATION,ordinary C++ control/data-flow without detected boundary
src/util.cpp,FilePath,340,342,HANDWRITTEN_CPP,False,CPP_UNVERIFIED,B_DIRECT_MIGRATION,ordinary C++ control/data-flow without detected boundary
src/util.cpp,AbsolutePath,346,347,HANDWRITTEN_CPP,False,CPP_UNVERIFIED,D_BOUNDARY,external/runtime/raw-pointer boundary
src/util.cpp,RelativeToRootPath,371,373,HANDWRITTEN_CPP,False,CPP_UNVERIFIED,D_BOUNDARY,external/runtime/raw-pointer boundary
src/util.cpp,locale_,412,412,HANDWRITTEN_CPP,False,CPP_UNVERIFIED,B_DIRECT_MIGRATION,ordinary C++ control/data-flow without detected boundary
src/util.cpp,locale_,416,416,HANDWRITTEN_CPP,False,CPP_UNVERIFIED,B_DIRECT_MIGRATION,ordinary C++ control/data-flow without detected boundary
src/util.cpp,RemoveStringQuotes,422,423,HANDWRITTEN_CPP,False,CPP_UNVERIFIED,B_DIRECT_MIGRATION,ordinary C++ control/data-flow without detected boundary
src/util.cpp,SetGlobalTestLocale,429,430,HANDWRITTEN_CPP,False,CPP_UNVERIFIED,B_DIRECT_MIGRATION,ordinary C++ control/data-flow without detected boundary
src/util.cpp,ReadEnvironmentVariable,436,437,HANDWRITTEN_CPP,False,CPP_UNVERIFIED,B_DIRECT_MIGRATION,ordinary C++ control/data-flow without detected boundary
src/util.cpp,ConvertCase,446,448,HANDWRITTEN_CPP,False,CPP_UNVERIFIED,B_DIRECT_MIGRATION,ordinary C++ control/data-flow without detected boundary
tests/64bit/evolution/v1_generated.h,mutate_a,46,46,HANDWRITTEN_CPP,False,CPP_UNVERIFIED,B_DIRECT_MIGRATION,ordinary C++ control/data-flow without detected boundary
tests/64bit/evolution/v1_generated.h,add_a,72,72,HANDWRITTEN_CPP,False,CPP_UNVERIFIED,B_DIRECT_MIGRATION,ordinary C++ control/data-flow without detected boundary
tests/64bit/evolution/v1_generated.h,add_b,75,75,HANDWRITTEN_CPP,False,CPP_UNVERIFIED,B_DIRECT_MIGRATION,ordinary C++ control/data-flow without detected boundary
tests/64bit/evolution/v1_generated.h,RootTableBuilder,78,79,HANDWRITTEN_CPP,False,CPP_UNVERIFIED,B_DIRECT_MIGRATION,ordinary C++ control/data-flow without detected boundary
tests/64bit/evolution/v1_generated.h,Finish,82,82,HANDWRITTEN_CPP,False,CPP_UNVERIFIED,B_DIRECT_MIGRATION,ordinary C++ control/data-flow without detected boundary
tests/64bit/evolution/v1_generated.h,CreateRootTable,88,92,HANDWRITTEN_CPP,False,CPP_UNVERIFIED,B_DIRECT_MIGRATION,ordinary C++ control/data-flow without detected boundary
tests/64bit/evolution/v1_generated.h,CreateRootTableDirect,98,102,HANDWRITTEN_CPP,False,CPP_UNVERIFIED,B_DIRECT_MIGRATION,ordinary C++ control/data-flow without detected boundary
tests/64bit/evolution/v1_generated.h,CreateRootTable,136,137,HANDWRITTEN_CPP,False,CPP_UNVERIFIED,B_DIRECT_MIGRATION,ordinary C++ control/data-flow without detected boundary
tests/64bit/evolution/v1_generated.h,VerifyRootTableBuffer,185,186,HANDWRITTEN_CPP,False,CPP_UNVERIFIED,B_DIRECT_MIGRATION,ordinary C++ control/data-flow without detected boundary
tests/64bit/evolution/v1_generated.h,VerifySizePrefixedRootTableBuffer,191,192,HANDWRITTEN_CPP,False,CPP_UNVERIFIED,B_DIRECT_MIGRATION,ordinary C++ control/data-flow without detected boundary
tests/64bit/evolution/v1_generated.h,FinishRootTableBuffer,195,198,HANDWRITTEN_CPP,False,CPP_UNVERIFIED,B_DIRECT_MIGRATION,ordinary C++ control/data-flow without detected boundary
tests/64bit/evolution/v1_generated.h,FinishSizePrefixedRootTableBuffer,201,204,HANDWRITTEN_CPP,False,CPP_UNVERIFIED,B_DIRECT_MIGRATION,ordinary C++ control/data-flow without detected boundary
tests/64bit/evolution/v1_generated.h,UnPackRootTable,207,210,HANDWRITTEN_CPP,False,CPP_UNVERIFIED,C_LOCAL_REFACTOR,"ownership, callback, threading, or template shape"
tests/64bit/evolution/v1_generated.h,UnPackSizePrefixedRootTable,213,216,HANDWRITTEN_CPP,False,CPP_UNVERIFIED,C_LOCAL_REFACTOR,"ownership, callback, threading, or template shape"
tests/64bit/evolution/v2_generated.h,mutate_a,48,48,HANDWRITTEN_CPP,False,CPP_UNVERIFIED,B_DIRECT_MIGRATION,ordinary C++ control/data-flow without detected boundary
tests/64bit/evolution/v2_generated.h,add_a,82,82,HANDWRITTEN_CPP,False,CPP_UNVERIFIED,B_DIRECT_MIGRATION,ordinary C++ control/data-flow without detected boundary
tests/64bit/evolution/v2_generated.h,add_b,85,85,HANDWRITTEN_CPP,False,CPP_UNVERIFIED,B_DIRECT_MIGRATION,ordinary C++ control/data-flow without detected boundary
tests/64bit/evolution/v2_generated.h,add_big_vector,88,88,HANDWRITTEN_CPP,False,CPP_UNVERIFIED,B_DIRECT_MIGRATION,ordinary C++ control/data-flow without detected boundary
tests/64bit/evolution/v2_generated.h,RootTableBuilder,91,92,HANDWRITTEN_CPP,False,CPP_UNVERIFIED,B_DIRECT_MIGRATION,ordinary C++ control/data-flow without detected boundary
tests/64bit/evolution/v2_generated.h,Finish,95,95,HANDWRITTEN_CPP,False,CPP_UNVERIFIED,B_DIRECT_MIGRATION,ordinary C++ control/data-flow without detected boundary
tests/64bit/evolution/v2_generated.h,CreateRootTable,101,106,HANDWRITTEN_CPP,False,CPP_UNVERIFIED,B_DIRECT_MIGRATION,ordinary C++ control/data-flow without detected boundary
tests/64bit/evolution/v2_generated.h,CreateRootTableDirect,113,118,HANDWRITTEN_CPP,False,CPP_UNVERIFIED,B_DIRECT_MIGRATION,ordinary C++ control/data-flow without detected boundary
tests/64bit/evolution/v2_generated.h,CreateRootTable,156,157,HANDWRITTEN_CPP,False,CPP_UNVERIFIED,B_DIRECT_MIGRATION,ordinary C++ control/data-flow without detected boundary
tests/64bit/evolution/v2_generated.h,VerifyRootTableBuffer,209,210,HANDWRITTEN_CPP,False,CPP_UNVERIFIED,B_DIRECT_MIGRATION,ordinary C++ control/data-flow without detected boundary
tests/64bit/evolution/v2_generated.h,VerifySizePrefixedRootTableBuffer,215,216,HANDWRITTEN_CPP,False,CPP_UNVERIFIED,B_DIRECT_MIGRATION,ordinary C++ control/data-flow without detected boundary
tests/64bit/evolution/v2_generated.h,FinishRootTableBuffer,219,222,HANDWRITTEN_CPP,False,CPP_UNVERIFIED,B_DIRECT_MIGRATION,ordinary C++ control/data-flow without detected boundary
tests/64bit/evolution/v2_generated.h,FinishSizePrefixedRootTableBuffer,225,228,HANDWRITTEN_CPP,False,CPP_UNVERIFIED,B_DIRECT_MIGRATION,ordinary C++ control/data-flow without detected boundary
tests/64bit/evolution/v2_generated.h,UnPackRootTable,231,234,HANDWRITTEN_CPP,False,CPP_UNVERIFIED,C_LOCAL_REFACTOR,"ownership, callback, threading, or template shape"
tests/64bit/evolution/v2_generated.h,UnPackSizePrefixedRootTable,237,240,HANDWRITTEN_CPP,False,CPP_UNVERIFIED,C_LOCAL_REFACTOR,"ownership, callback, threading, or template shape"
tests/64bit/offset64_test.cpp,Offset64Test,21,22,HANDWRITTEN_CPP,False,CPP_UNVERIFIED,B_DIRECT_MIGRATION,ordinary C++ control/data-flow without detected boundary
tests/64bit/offset64_test.cpp,Offset64SerializedFirst,99,100,HANDWRITTEN_CPP,False,CPP_UNVERIFIED,B_DIRECT_MIGRATION,ordinary C++ control/data-flow without detected boundary
tests/64bit/offset64_test.cpp,Offset64NestedFlatBuffer,117,118,HANDWRITTEN_CPP,False,CPP_UNVERIFIED,B_DIRECT_MIGRATION,ordinary C++ control/data-flow without detected boundary
tests/64bit/offset64_test.cpp,Offset64CreateDirect,183,184,HANDWRITTEN_CPP,False,CPP_UNVERIFIED,B_DIRECT_MIGRATION,ordinary C++ control/data-flow without detected boundary
tests/64bit/offset64_test.cpp,Offset64Evolution,214,215,HANDWRITTEN_CPP,False,CPP_UNVERIFIED,B_DIRECT_MIGRATION,ordinary C++ control/data-flow without detected boundary
tests/64bit/offset64_test.cpp,Offset64VectorOfStructs,299,300,HANDWRITTEN_CPP,False,CPP_UNVERIFIED,B_DIRECT_MIGRATION,ordinary C++ control/data-flow without detected boundary
tests/64bit/offset64_test.cpp,Offset64SizePrefix,345,346,HANDWRITTEN_CPP,False,CPP_UNVERIFIED,B_DIRECT_MIGRATION,ordinary C++ control/data-flow without detected boundary
tests/64bit/offset64_test.cpp,Offset64ManyVectors,378,379,HANDWRITTEN_CPP,False,CPP_UNVERIFIED,B_DIRECT_MIGRATION,ordinary C++ control/data-flow without detected boundary
tests/64bit/offset64_test.cpp,Offset64ForceAlign,446,447,HANDWRITTEN_CPP,False,CPP_UNVERIFIED,B_DIRECT_MIGRATION,ordinary C++ control/data-flow without detected boundary
tests/64bit/test_64bit_bfbs_generated.h,size,82,82,HANDWRITTEN_CPP,False,CPP_UNVERIFIED,B_DIRECT_MIGRATION,ordinary C++ control/data-flow without detected boundary
tests/64bit/test_64bit_generated.h,a_,53,55,HANDWRITTEN_CPP,False,CPP_UNVERIFIED,B_DIRECT_MIGRATION,ordinary C++ control/data-flow without detected boundary
tests/64bit/test_64bit_generated.h,a_,59,61,HANDWRITTEN_CPP,False,CPP_UNVERIFIED,B_DIRECT_MIGRATION,ordinary C++ control/data-flow without detected boundary
tests/64bit/test_64bit_generated.h,mutate_a,67,67,HANDWRITTEN_CPP,False,CPP_UNVERIFIED,B_DIRECT_MIGRATION,ordinary C++ control/data-flow without detected boundary
tests/64bit/test_64bit_generated.h,mutate_b,73,73,HANDWRITTEN_CPP,False,CPP_UNVERIFIED,B_DIRECT_MIGRATION,ordinary C++ control/data-flow without detected boundary
tests/64bit/test_64bit_generated.h,add_vector,127,127,HANDWRITTEN_CPP,False,CPP_UNVERIFIED,B_DIRECT_MIGRATION,ordinary C++ control/data-flow without detected boundary
tests/64bit/test_64bit_generated.h,WrapperTableBuilder,130,131,HANDWRITTEN_CPP,False,CPP_UNVERIFIED,B_DIRECT_MIGRATION,ordinary C++ control/data-flow without detected boundary
tests/64bit/test_64bit_generated.h,Finish,134,134,HANDWRITTEN_CPP,False,CPP_UNVERIFIED,B_DIRECT_MIGRATION,ordinary C++ control/data-flow without detected boundary
tests/64bit/test_64bit_generated.h,CreateWrapperTable,140,143,HANDWRITTEN_CPP,False,CPP_UNVERIFIED,B_DIRECT_MIGRATION,ordinary C++ control/data-flow without detected boundary
tests/64bit/test_64bit_generated.h,CreateWrapperTableDirect,148,151,HANDWRITTEN_CPP,False,CPP_UNVERIFIED,B_DIRECT_MIGRATION,ordinary C++ control/data-flow without detected boundary
tests/64bit/test_64bit_generated.h,mutate_a,208,208,HANDWRITTEN_CPP,False,CPP_UNVERIFIED,B_DIRECT_MIGRATION,ordinary C++ control/data-flow without detected boundary
tests/64bit/test_64bit_generated.h,add_far_vector,307,307,HANDWRITTEN_CPP,False,CPP_UNVERIFIED,B_DIRECT_MIGRATION,ordinary C++ control/data-flow without detected boundary
tests/64bit/test_64bit_generated.h,add_a,310,310,HANDWRITTEN_CPP,False,CPP_UNVERIFIED,B_DIRECT_MIGRATION,ordinary C++ control/data-flow without detected boundary
tests/64bit/test_64bit_generated.h,add_far_string,313,313,HANDWRITTEN_CPP,False,CPP_UNVERIFIED,B_DIRECT_MIGRATION,ordinary C++ control/data-flow without detected boundary
tests/64bit/test_64bit_generated.h,add_big_bool_vector,316,316,HANDWRITTEN_CPP,False,CPP_UNVERIFIED,B_DIRECT_MIGRATION,ordinary C++ control/data-flow without detected boundary
tests/64bit/test_64bit_generated.h,add_big_vector,319,319,HANDWRITTEN_CPP,False,CPP_UNVERIFIED,B_DIRECT_MIGRATION,ordinary C++ control/data-flow without detected boundary
tests/64bit/test_64bit_generated.h,add_near_string,322,322,HANDWRITTEN_CPP,False,CPP_UNVERIFIED,B_DIRECT_MIGRATION,ordinary C++ control/data-flow without detected boundary
tests/64bit/test_64bit_generated.h,add_nested_root,325,325,HANDWRITTEN_CPP,False,CPP_UNVERIFIED,B_DIRECT_MIGRATION,ordinary C++ control/data-flow without detected boundary
tests/64bit/test_64bit_generated.h,add_far_struct_vector,328,328,HANDWRITTEN_CPP,False,CPP_UNVERIFIED,B_DIRECT_MIGRATION,ordinary C++ control/data-flow without detected boundary
tests/64bit/test_64bit_generated.h,add_big_struct_vector,331,331,HANDWRITTEN_CPP,False,CPP_UNVERIFIED,B_DIRECT_MIGRATION,ordinary C++ control/data-flow without detected boundary
tests/64bit/test_64bit_generated.h,add_many_vectors,334,334,HANDWRITTEN_CPP,False,CPP_UNVERIFIED,B_DIRECT_MIGRATION,ordinary C++ control/data-flow without detected boundary
tests/64bit/test_64bit_generated.h,add_forced_aligned_vector,337,337,HANDWRITTEN_CPP,False,CPP_UNVERIFIED,B_DIRECT_MIGRATION,ordinary C++ control/data-flow without detected boundary
tests/64bit/test_64bit_generated.h,RootTableBuilder,340,341,HANDWRITTEN_CPP,False,CPP_UNVERIFIED,B_DIRECT_MIGRATION,ordinary C++ control/data-flow without detected boundary
tests/64bit/test_64bit_generated.h,Finish,344,344,HANDWRITTEN_CPP,False,CPP_UNVERIFIED,B_DIRECT_MIGRATION,ordinary C++ control/data-flow without detected boundary
tests/64bit/test_64bit_generated.h,CreateRootTable,350,363,HANDWRITTEN_CPP,False,CPP_UNVERIFIED,B_DIRECT_MIGRATION,ordinary C++ control/data-flow without detected boundary
tests/64bit/test_64bit_generated.h,CreateRootTableDirect,378,391,HANDWRITTEN_CPP,False,CPP_UNVERIFIED,B_DIRECT_MIGRATION,ordinary C++ control/data-flow without detected boundary
tests/64bit/test_64bit_generated.h,CreateWrapperTable,442,443,HANDWRITTEN_CPP,False,CPP_UNVERIFIED,B_DIRECT_MIGRATION,ordinary C++ control/data-flow without detected boundary
tests/64bit/test_64bit_generated.h,far_vector,479,488,HANDWRITTEN_CPP,False,CPP_UNVERIFIED,B_DIRECT_MIGRATION,ordinary C++ control/data-flow without detected boundary
tests/64bit/test_64bit_generated.h,CreateRootTable,529,530,HANDWRITTEN_CPP,False,CPP_UNVERIFIED,B_DIRECT_MIGRATION,ordinary C++ control/data-flow without detected boundary
tests/64bit/test_64bit_generated.h,VerifyRootTableBuffer,648,649,HANDWRITTEN_CPP,False,CPP_UNVERIFIED,B_DIRECT_MIGRATION,ordinary C++ control/data-flow without detected boundary
tests/64bit/test_64bit_generated.h,VerifySizePrefixedRootTableBuffer,654,655,HANDWRITTEN_CPP,False,CPP_UNVERIFIED,B_DIRECT_MIGRATION,ordinary C++ control/data-flow without detected boundary
tests/64bit/test_64bit_generated.h,FinishRootTableBuffer,658,661,HANDWRITTEN_CPP,False,CPP_UNVERIFIED,B_DIRECT_MIGRATION,ordinary C++ control/data-flow without detected boundary
tests/64bit/test_64bit_generated.h,FinishSizePrefixedRootTableBuffer,664,667,HANDWRITTEN_CPP,False,CPP_UNVERIFIED,B_DIRECT_MIGRATION,ordinary C++ control/data-flow without detected boundary
tests/64bit/test_64bit_generated.h,UnPackRootTable,670,673,HANDWRITTEN_CPP,False,CPP_UNVERIFIED,C_LOCAL_REFACTOR,"ownership, callback, threading, or template shape"
tests/64bit/test_64bit_generated.h,UnPackSizePrefixedRootTable,676,679,HANDWRITTEN_CPP,False,CPP_UNVERIFIED,C_LOCAL_REFACTOR,"ownership, callback, threading, or template shape"
tests/alignment_test.cpp,AlignmentTest,10,11,HANDWRITTEN_CPP,False,CPP_UNVERIFIED,D_BOUNDARY,external/runtime/raw-pointer boundary
tests/bazel_repository_test_dir/pulls_in_flatbuffers_test.cpp,main,1,1,HANDWRITTEN_CPP,False,CPP_UNVERIFIED,B_DIRECT_MIGRATION,ordinary C++ control/data-flow without detected boundary
tests/cpp17/generated_cpp17/monster_test_generated.h,Set,286,288,HANDWRITTEN_CPP,False,CPP_UNVERIFIED,B_DIRECT_MIGRATION,ordinary C++ control/data-flow without detected boundary
tests/cpp17/generated_cpp17/monster_test_generated.h,Set,415,417,HANDWRITTEN_CPP,False,CPP_UNVERIFIED,B_DIRECT_MIGRATION,ordinary C++ control/data-flow without detected boundary
tests/cpp17/generated_cpp17/monster_test_generated.h,a_,559,561,HANDWRITTEN_CPP,False,CPP_UNVERIFIED,B_DIRECT_MIGRATION,ordinary C++ control/data-flow without detected boundary
tests/cpp17/generated_cpp17/monster_test_generated.h,a_,565,567,HANDWRITTEN_CPP,False,CPP_UNVERIFIED,B_DIRECT_MIGRATION,ordinary C++ control/data-flow without detected boundary
tests/cpp17/generated_cpp17/monster_test_generated.h,mutate_a,573,573,HANDWRITTEN_CPP,False,CPP_UNVERIFIED,B_DIRECT_MIGRATION,ordinary C++ control/data-flow without detected boundary
tests/cpp17/generated_cpp17/monster_test_generated.h,mutate_b,579,579,HANDWRITTEN_CPP,False,CPP_UNVERIFIED,B_DIRECT_MIGRATION,ordinary C++ control/data-flow without detected boundary
tests/cpp17/generated_cpp17/monster_test_generated.h,x_,622,630,HANDWRITTEN_CPP,False,CPP_UNVERIFIED,B_DIRECT_MIGRATION,ordinary C++ control/data-flow without detected boundary
tests/cpp17/generated_cpp17/monster_test_generated.h,x_,636,644,HANDWRITTEN_CPP,False,CPP_UNVERIFIED,B_DIRECT_MIGRATION,ordinary C++ control/data-flow without detected boundary
tests/cpp17/generated_cpp17/monster_test_generated.h,mutate_x,652,652,HANDWRITTEN_CPP,False,CPP_UNVERIFIED,B_DIRECT_MIGRATION,ordinary C++ control/data-flow without detected boundary
tests/cpp17/generated_cpp17/monster_test_generated.h,mutate_y,658,658,HANDWRITTEN_CPP,False,CPP_UNVERIFIED,B_DIRECT_MIGRATION,ordinary C++ control/data-flow without detected boundary
tests/cpp17/generated_cpp17/monster_test_generated.h,mutate_z,664,664,HANDWRITTEN_CPP,False,CPP_UNVERIFIED,B_DIRECT_MIGRATION,ordinary C++ control/data-flow without detected boundary
tests/cpp17/generated_cpp17/monster_test_generated.h,mutate_test1,670,670,HANDWRITTEN_CPP,False,CPP_UNVERIFIED,B_DIRECT_MIGRATION,ordinary C++ control/data-flow without detected boundary
tests/cpp17/generated_cpp17/monster_test_generated.h,mutate_test2,676,676,HANDWRITTEN_CPP,False,CPP_UNVERIFIED,B_DIRECT_MIGRATION,ordinary C++ control/data-flow without detected boundary
tests/cpp17/generated_cpp17/monster_test_generated.h,id_,726,727,HANDWRITTEN_CPP,False,CPP_UNVERIFIED,B_DIRECT_MIGRATION,ordinary C++ control/data-flow without detected boundary
tests/cpp17/generated_cpp17/monster_test_generated.h,id_,730,731,HANDWRITTEN_CPP,False,CPP_UNVERIFIED,B_DIRECT_MIGRATION,ordinary C++ control/data-flow without detected boundary
tests/cpp17/generated_cpp17/monster_test_generated.h,mutate_id,736,736,HANDWRITTEN_CPP,False,CPP_UNVERIFIED,B_DIRECT_MIGRATION,ordinary C++ control/data-flow without detected boundary
tests/cpp17/generated_cpp17/monster_test_generated.h,mutate_distance,748,748,HANDWRITTEN_CPP,False,CPP_UNVERIFIED,B_DIRECT_MIGRATION,ordinary C++ control/data-flow without detected boundary
tests/cpp17/generated_cpp17/monster_test_generated.h,a_,785,787,HANDWRITTEN_CPP,False,CPP_UNVERIFIED,B_DIRECT_MIGRATION,ordinary C++ control/data-flow without detected boundary
tests/cpp17/generated_cpp17/monster_test_generated.h,a_,790,792,HANDWRITTEN_CPP,False,CPP_UNVERIFIED,B_DIRECT_MIGRATION,ordinary C++ control/data-flow without detected boundary
tests/cpp17/generated_cpp17/monster_test_generated.h,a_,846,846,HANDWRITTEN_CPP,False,CPP_UNVERIFIED,B_DIRECT_MIGRATION,ordinary C++ control/data-flow without detected boundary
tests/cpp17/generated_cpp17/monster_test_generated.h,a_,849,849,HANDWRITTEN_CPP,False,CPP_UNVERIFIED,B_DIRECT_MIGRATION,ordinary C++ control/data-flow without detected boundary
tests/cpp17/generated_cpp17/monster_test_generated.h,InParentNamespaceBuilder,904,905,HANDWRITTEN_CPP,False,CPP_UNVERIFIED,B_DIRECT_MIGRATION,ordinary C++ control/data-flow without detected boundary
tests/cpp17/generated_cpp17/monster_test_generated.h,Finish,908,908,HANDWRITTEN_CPP,False,CPP_UNVERIFIED,B_DIRECT_MIGRATION,ordinary C++ control/data-flow without detected boundary
tests/cpp17/generated_cpp17/monster_test_generated.h,CreateInParentNamespace,914,916,HANDWRITTEN_CPP,False,CPP_UNVERIFIED,B_DIRECT_MIGRATION,ordinary C++ control/data-flow without detected boundary
tests/cpp17/generated_cpp17/monster_test_generated.h,MonsterBuilder,959,960,HANDWRITTEN_CPP,False,CPP_UNVERIFIED,B_DIRECT_MIGRATION,ordinary C++ control/data-flow without detected boundary
tests/cpp17/generated_cpp17/monster_test_generated.h,Finish,963,963,HANDWRITTEN_CPP,False,CPP_UNVERIFIED,B_DIRECT_MIGRATION,ordinary C++ control/data-flow without detected boundary
tests/cpp17/generated_cpp17/monster_test_generated.h,CreateMonster,969,971,HANDWRITTEN_CPP,False,CPP_UNVERIFIED,B_DIRECT_MIGRATION,ordinary C++ control/data-flow without detected boundary
tests/cpp17/generated_cpp17/monster_test_generated.h,mutate_color,1009,1009,HANDWRITTEN_CPP,False,CPP_UNVERIFIED,B_DIRECT_MIGRATION,ordinary C++ control/data-flow without detected boundary
tests/cpp17/generated_cpp17/monster_test_generated.h,add_color,1032,1032,HANDWRITTEN_CPP,False,CPP_UNVERIFIED,B_DIRECT_MIGRATION,ordinary C++ control/data-flow without detected boundary
tests/cpp17/generated_cpp17/monster_test_generated.h,TestSimpleTableWithEnumBuilder,1035,1036,HANDWRITTEN_CPP,False,CPP_UNVERIFIED,B_DIRECT_MIGRATION,ordinary C++ control/data-flow without detected boundary
tests/cpp17/generated_cpp17/monster_test_generated.h,Finish,1039,1039,HANDWRITTEN_CPP,False,CPP_UNVERIFIED,B_DIRECT_MIGRATION,ordinary C++ control/data-flow without detected boundary
tests/cpp17/generated_cpp17/monster_test_generated.h,CreateTestSimpleTableWithEnum,1045,1048,HANDWRITTEN_CPP,False,CPP_UNVERIFIED,B_DIRECT_MIGRATION,ordinary C++ control/data-flow without detected boundary
tests/cpp17/generated_cpp17/monster_test_generated.h,mutate_val,1097,1097,HANDWRITTEN_CPP,False,CPP_UNVERIFIED,B_DIRECT_MIGRATION,ordinary C++ control/data-flow without detected boundary
tests/cpp17/generated_cpp17/monster_test_generated.h,mutate_count,1103,1103,HANDWRITTEN_CPP,False,CPP_UNVERIFIED,B_DIRECT_MIGRATION,ordinary C++ control/data-flow without detected boundary
tests/cpp17/generated_cpp17/monster_test_generated.h,add_id,1137,1137,HANDWRITTEN_CPP,False,CPP_UNVERIFIED,B_DIRECT_MIGRATION,ordinary C++ control/data-flow without detected boundary
tests/cpp17/generated_cpp17/monster_test_generated.h,add_val,1140,1140,HANDWRITTEN_CPP,False,CPP_UNVERIFIED,B_DIRECT_MIGRATION,ordinary C++ control/data-flow without detected boundary
tests/cpp17/generated_cpp17/monster_test_generated.h,add_count,1143,1143,HANDWRITTEN_CPP,False,CPP_UNVERIFIED,B_DIRECT_MIGRATION,ordinary C++ control/data-flow without detected boundary
tests/cpp17/generated_cpp17/monster_test_generated.h,StatBuilder,1146,1147,HANDWRITTEN_CPP,False,CPP_UNVERIFIED,B_DIRECT_MIGRATION,ordinary C++ control/data-flow without detected boundary
tests/cpp17/generated_cpp17/monster_test_generated.h,Finish,1150,1150,HANDWRITTEN_CPP,False,CPP_UNVERIFIED,B_DIRECT_MIGRATION,ordinary C++ control/data-flow without detected boundary
tests/cpp17/generated_cpp17/monster_test_generated.h,CreateStat,1156,1161,HANDWRITTEN_CPP,False,CPP_UNVERIFIED,B_DIRECT_MIGRATION,ordinary C++ control/data-flow without detected boundary
tests/cpp17/generated_cpp17/monster_test_generated.h,CreateStatDirect,1183,1188,HANDWRITTEN_CPP,False,CPP_UNVERIFIED,B_DIRECT_MIGRATION,ordinary C++ control/data-flow without detected boundary
tests/cpp17/generated_cpp17/monster_test_generated.h,mutate_id,1217,1217,HANDWRITTEN_CPP,False,CPP_UNVERIFIED,B_DIRECT_MIGRATION,ordinary C++ control/data-flow without detected boundary
tests/cpp17/generated_cpp17/monster_test_generated.h,add_id,1246,1246,HANDWRITTEN_CPP,False,CPP_UNVERIFIED,B_DIRECT_MIGRATION,ordinary C++ control/data-flow without detected boundary
tests/cpp17/generated_cpp17/monster_test_generated.h,ReferrableBuilder,1249,1250,HANDWRITTEN_CPP,False,CPP_UNVERIFIED,B_DIRECT_MIGRATION,ordinary C++ control/data-flow without detected boundary
tests/cpp17/generated_cpp17/monster_test_generated.h,Finish,1253,1253,HANDWRITTEN_CPP,False,CPP_UNVERIFIED,B_DIRECT_MIGRATION,ordinary C++ control/data-flow without detected boundary
tests/cpp17/generated_cpp17/monster_test_generated.h,CreateReferrable,1259,1262,HANDWRITTEN_CPP,False,CPP_UNVERIFIED,B_DIRECT_MIGRATION,ordinary C++ control/data-flow without detected boundary
tests/cpp17/generated_cpp17/monster_test_generated.h,mutate_mana,1429,1429,HANDWRITTEN_CPP,False,CPP_UNVERIFIED,B_DIRECT_MIGRATION,ordinary C++ control/data-flow without detected boundary
tests/cpp17/generated_cpp17/monster_test_generated.h,mutate_hp,1435,1435,HANDWRITTEN_CPP,False,CPP_UNVERIFIED,B_DIRECT_MIGRATION,ordinary C++ control/data-flow without detected boundary
tests/cpp17/generated_cpp17/monster_test_generated.h,mutate_color,1465,1465,HANDWRITTEN_CPP,False,CPP_UNVERIFIED,B_DIRECT_MIGRATION,ordinary C++ control/data-flow without detected boundary
tests/cpp17/generated_cpp17/monster_test_generated.h,mutate_testbool,1543,1543,HANDWRITTEN_CPP,False,CPP_UNVERIFIED,B_DIRECT_MIGRATION,ordinary C++ control/data-flow without detected boundary
tests/cpp17/generated_cpp17/monster_test_generated.h,mutate_testhashs32_fnv1,1549,1549,HANDWRITTEN_CPP,False,CPP_UNVERIFIED,B_DIRECT_MIGRATION,ordinary C++ control/data-flow without detected boundary
tests/cpp17/generated_cpp17/monster_test_generated.h,mutate_testhashu32_fnv1,1555,1555,HANDWRITTEN_CPP,False,CPP_UNVERIFIED,B_DIRECT_MIGRATION,ordinary C++ control/data-flow without detected boundary
tests/cpp17/generated_cpp17/monster_test_generated.h,mutate_testhashs64_fnv1,1561,1561,HANDWRITTEN_CPP,False,CPP_UNVERIFIED,B_DIRECT_MIGRATION,ordinary C++ control/data-flow without detected boundary
tests/cpp17/generated_cpp17/monster_test_generated.h,mutate_testhashu64_fnv1,1567,1567,HANDWRITTEN_CPP,False,CPP_UNVERIFIED,B_DIRECT_MIGRATION,ordinary C++ control/data-flow without detected boundary
tests/cpp17/generated_cpp17/monster_test_generated.h,mutate_testhashs32_fnv1a,1573,1573,HANDWRITTEN_CPP,False,CPP_UNVERIFIED,B_DIRECT_MIGRATION,ordinary C++ control/data-flow without detected boundary
tests/cpp17/generated_cpp17/monster_test_generated.h,mutate_testhashu32_fnv1a,1579,1579,HANDWRITTEN_CPP,False,CPP_UNVERIFIED,B_DIRECT_MIGRATION,ordinary C++ control/data-flow without detected boundary
tests/cpp17/generated_cpp17/monster_test_generated.h,mutate_testhashs64_fnv1a,1585,1585,HANDWRITTEN_CPP,False,CPP_UNVERIFIED,B_DIRECT_MIGRATION,ordinary C++ control/data-flow without detected boundary
tests/cpp17/generated_cpp17/monster_test_generated.h,mutate_testhashu64_fnv1a,1591,1591,HANDWRITTEN_CPP,False,CPP_UNVERIFIED,B_DIRECT_MIGRATION,ordinary C++ control/data-flow without detected boundary
tests/cpp17/generated_cpp17/monster_test_generated.h,mutate_testf,1603,1603,HANDWRITTEN_CPP,False,CPP_UNVERIFIED,B_DIRECT_MIGRATION,ordinary C++ control/data-flow without detected boundary
tests/cpp17/generated_cpp17/monster_test_generated.h,mutate_testf2,1609,1609,HANDWRITTEN_CPP,False,CPP_UNVERIFIED,B_DIRECT_MIGRATION,ordinary C++ control/data-flow without detected boundary
tests/cpp17/generated_cpp17/monster_test_generated.h,mutate_testf3,1615,1615,HANDWRITTEN_CPP,False,CPP_UNVERIFIED,B_DIRECT_MIGRATION,ordinary C++ control/data-flow without detected boundary
tests/cpp17/generated_cpp17/monster_test_generated.h,mutate_single_weak_reference,1674,1674,HANDWRITTEN_CPP,False,CPP_UNVERIFIED,B_DIRECT_MIGRATION,ordinary C++ control/data-flow without detected boundary
tests/cpp17/generated_cpp17/monster_test_generated.h,mutate_co_owning_reference,1692,1692,HANDWRITTEN_CPP,False,CPP_UNVERIFIED,B_DIRECT_MIGRATION,ordinary C++ control/data-flow without detected boundary
tests/cpp17/generated_cpp17/monster_test_generated.h,mutate_non_owning_reference,1704,1704,HANDWRITTEN_CPP,False,CPP_UNVERIFIED,B_DIRECT_MIGRATION,ordinary C++ control/data-flow without detected boundary
tests/cpp17/generated_cpp17/monster_test_generated.h,mutate_signed_enum,1778,1778,HANDWRITTEN_CPP,False,CPP_UNVERIFIED,B_DIRECT_MIGRATION,ordinary C++ control/data-flow without detected boundary
tests/cpp17/generated_cpp17/monster_test_generated.h,mutate_long_enum_non_enum_default,1807,1807,HANDWRITTEN_CPP,False,CPP_UNVERIFIED,B_DIRECT_MIGRATION,ordinary C++ control/data-flow without detected boundary
tests/cpp17/generated_cpp17/monster_test_generated.h,mutate_long_enum_normal_default,1813,1813,HANDWRITTEN_CPP,False,CPP_UNVERIFIED,B_DIRECT_MIGRATION,ordinary C++ control/data-flow without detected boundary
tests/cpp17/generated_cpp17/monster_test_generated.h,mutate_nan_default,1819,1819,HANDWRITTEN_CPP,False,CPP_UNVERIFIED,B_DIRECT_MIGRATION,ordinary C++ control/data-flow without detected boundary
tests/cpp17/generated_cpp17/monster_test_generated.h,mutate_inf_default,1825,1825,HANDWRITTEN_CPP,False,CPP_UNVERIFIED,B_DIRECT_MIGRATION,ordinary C++ control/data-flow without detected boundary
tests/cpp17/generated_cpp17/monster_test_generated.h,mutate_positive_inf_default,1831,1831,HANDWRITTEN_CPP,False,CPP_UNVERIFIED,B_DIRECT_MIGRATION,ordinary C++ control/data-flow without detected boundary
tests/cpp17/generated_cpp17/monster_test_generated.h,mutate_infinity_default,1837,1837,HANDWRITTEN_CPP,False,CPP_UNVERIFIED,B_DIRECT_MIGRATION,ordinary C++ control/data-flow without detected boundary
tests/cpp17/generated_cpp17/monster_test_generated.h,mutate_positive_infinity_default,1843,1843,HANDWRITTEN_CPP,False,CPP_UNVERIFIED,B_DIRECT_MIGRATION,ordinary C++ control/data-flow without detected boundary
tests/cpp17/generated_cpp17/monster_test_generated.h,mutate_negative_inf_default,1849,1849,HANDWRITTEN_CPP,False,CPP_UNVERIFIED,B_DIRECT_MIGRATION,ordinary C++ control/data-flow without detected boundary
tests/cpp17/generated_cpp17/monster_test_generated.h,mutate_negative_infinity_default,1855,1855,HANDWRITTEN_CPP,False,CPP_UNVERIFIED,B_DIRECT_MIGRATION,ordinary C++ control/data-flow without detected boundary
tests/cpp17/generated_cpp17/monster_test_generated.h,mutate_double_inf_default,1861,1861,HANDWRITTEN_CPP,False,CPP_UNVERIFIED,B_DIRECT_MIGRATION,ordinary C++ control/data-flow without detected boundary
tests/cpp17/generated_cpp17/monster_test_generated.h,add_pos,2088,2088,HANDWRITTEN_CPP,False,CPP_UNVERIFIED,B_DIRECT_MIGRATION,ordinary C++ control/data-flow without detected boundary
tests/cpp17/generated_cpp17/monster_test_generated.h,add_mana,2091,2091,HANDWRITTEN_CPP,False,CPP_UNVERIFIED,B_DIRECT_MIGRATION,ordinary C++ control/data-flow without detected boundary
tests/cpp17/generated_cpp17/monster_test_generated.h,add_hp,2094,2094,HANDWRITTEN_CPP,False,CPP_UNVERIFIED,B_DIRECT_MIGRATION,ordinary C++ control/data-flow without detected boundary
tests/cpp17/generated_cpp17/monster_test_generated.h,add_name,2097,2097,HANDWRITTEN_CPP,False,CPP_UNVERIFIED,B_DIRECT_MIGRATION,ordinary C++ control/data-flow without detected boundary
tests/cpp17/generated_cpp17/monster_test_generated.h,add_inventory,2100,2100,HANDWRITTEN_CPP,False,CPP_UNVERIFIED,B_DIRECT_MIGRATION,ordinary C++ control/data-flow without detected boundary
tests/cpp17/generated_cpp17/monster_test_generated.h,add_color,2103,2103,HANDWRITTEN_CPP,False,CPP_UNVERIFIED,B_DIRECT_MIGRATION,ordinary C++ control/data-flow without detected boundary
tests/cpp17/generated_cpp17/monster_test_generated.h,add_test_type,2106,2106,HANDWRITTEN_CPP,False,CPP_UNVERIFIED,B_DIRECT_MIGRATION,ordinary C++ control/data-flow without detected boundary
tests/cpp17/generated_cpp17/monster_test_generated.h,add_test,2109,2109,HANDWRITTEN_CPP,False,CPP_UNVERIFIED,B_DIRECT_MIGRATION,ordinary C++ control/data-flow without detected boundary
tests/cpp17/generated_cpp17/monster_test_generated.h,add_test4,2112,2112,HANDWRITTEN_CPP,False,CPP_UNVERIFIED,B_DIRECT_MIGRATION,ordinary C++ control/data-flow without detected boundary
tests/cpp17/generated_cpp17/monster_test_generated.h,add_testarrayofstring,2115,2115,HANDWRITTEN_CPP,False,CPP_UNVERIFIED,B_DIRECT_MIGRATION,ordinary C++ control/data-flow without detected boundary
tests/cpp17/generated_cpp17/monster_test_generated.h,add_testarrayoftables,2118,2118,HANDWRITTEN_CPP,False,CPP_UNVERIFIED,B_DIRECT_MIGRATION,ordinary C++ control/data-flow without detected boundary
tests/cpp17/generated_cpp17/monster_test_generated.h,add_enemy,2121,2121,HANDWRITTEN_CPP,False,CPP_UNVERIFIED,B_DIRECT_MIGRATION,ordinary C++ control/data-flow without detected boundary
tests/cpp17/generated_cpp17/monster_test_generated.h,add_testnestedflatbuffer,2124,2124,HANDWRITTEN_CPP,False,CPP_UNVERIFIED,B_DIRECT_MIGRATION,ordinary C++ control/data-flow without detected boundary
tests/cpp17/generated_cpp17/monster_test_generated.h,add_testempty,2127,2127,HANDWRITTEN_CPP,False,CPP_UNVERIFIED,B_DIRECT_MIGRATION,ordinary C++ control/data-flow without detected boundary
tests/cpp17/generated_cpp17/monster_test_generated.h,add_testbool,2130,2130,HANDWRITTEN_CPP,False,CPP_UNVERIFIED,B_DIRECT_MIGRATION,ordinary C++ control/data-flow without detected boundary
tests/cpp17/generated_cpp17/monster_test_generated.h,add_testhashs32_fnv1,2133,2133,HANDWRITTEN_CPP,False,CPP_UNVERIFIED,B_DIRECT_MIGRATION,ordinary C++ control/data-flow without detected boundary
tests/cpp17/generated_cpp17/monster_test_generated.h,add_testhashu32_fnv1,2136,2136,HANDWRITTEN_CPP,False,CPP_UNVERIFIED,B_DIRECT_MIGRATION,ordinary C++ control/data-flow without detected boundary
tests/cpp17/generated_cpp17/monster_test_generated.h,add_testhashs64_fnv1,2139,2139,HANDWRITTEN_CPP,False,CPP_UNVERIFIED,B_DIRECT_MIGRATION,ordinary C++ control/data-flow without detected boundary
tests/cpp17/generated_cpp17/monster_test_generated.h,add_testhashu64_fnv1,2142,2142,HANDWRITTEN_CPP,False,CPP_UNVERIFIED,B_DIRECT_MIGRATION,ordinary C++ control/data-flow without detected boundary
tests/cpp17/generated_cpp17/monster_test_generated.h,add_testhashs32_fnv1a,2145,2145,HANDWRITTEN_CPP,False,CPP_UNVERIFIED,B_DIRECT_MIGRATION,ordinary C++ control/data-flow without detected boundary
tests/cpp17/generated_cpp17/monster_test_generated.h,add_testhashu32_fnv1a,2148,2148,HANDWRITTEN_CPP,False,CPP_UNVERIFIED,B_DIRECT_MIGRATION,ordinary C++ control/data-flow without detected boundary
tests/cpp17/generated_cpp17/monster_test_generated.h,add_testhashs64_fnv1a,2151,2151,HANDWRITTEN_CPP,False,CPP_UNVERIFIED,B_DIRECT_MIGRATION,ordinary C++ control/data-flow without detected boundary
tests/cpp17/generated_cpp17/monster_test_generated.h,add_testhashu64_fnv1a,2154,2154,HANDWRITTEN_CPP,False,CPP_UNVERIFIED,B_DIRECT_MIGRATION,ordinary C++ control/data-flow without detected boundary
tests/cpp17/generated_cpp17/monster_test_generated.h,add_testarrayofbools,2157,2157,HANDWRITTEN_CPP,False,CPP_UNVERIFIED,B_DIRECT_MIGRATION,ordinary C++ control/data-flow without detected boundary
tests/cpp17/generated_cpp17/monster_test_generated.h,add_testf,2160,2160,HANDWRITTEN_CPP,False,CPP_UNVERIFIED,B_DIRECT_MIGRATION,ordinary C++ control/data-flow without detected boundary
tests/cpp17/generated_cpp17/monster_test_generated.h,add_testf2,2163,2163,HANDWRITTEN_CPP,False,CPP_UNVERIFIED,B_DIRECT_MIGRATION,ordinary C++ control/data-flow without detected boundary
tests/cpp17/generated_cpp17/monster_test_generated.h,add_testf3,2166,2166,HANDWRITTEN_CPP,False,CPP_UNVERIFIED,B_DIRECT_MIGRATION,ordinary C++ control/data-flow without detected boundary
tests/cpp17/generated_cpp17/monster_test_generated.h,add_testarrayofstring2,2169,2169,HANDWRITTEN_CPP,False,CPP_UNVERIFIED,B_DIRECT_MIGRATION,ordinary C++ control/data-flow without detected boundary
tests/cpp17/generated_cpp17/monster_test_generated.h,add_testarrayofsortedstruct,2172,2172,HANDWRITTEN_CPP,False,CPP_UNVERIFIED,B_DIRECT_MIGRATION,ordinary C++ control/data-flow without detected boundary
tests/cpp17/generated_cpp17/monster_test_generated.h,add_flex,2175,2175,HANDWRITTEN_CPP,False,CPP_UNVERIFIED,B_DIRECT_MIGRATION,ordinary C++ control/data-flow without detected boundary
tests/cpp17/generated_cpp17/monster_test_generated.h,add_test5,2178,2178,HANDWRITTEN_CPP,False,CPP_UNVERIFIED,B_DIRECT_MIGRATION,ordinary C++ control/data-flow without detected boundary
tests/cpp17/generated_cpp17/monster_test_generated.h,add_vector_of_longs,2181,2181,HANDWRITTEN_CPP,False,CPP_UNVERIFIED,B_DIRECT_MIGRATION,ordinary C++ control/data-flow without detected boundary
tests/cpp17/generated_cpp17/monster_test_generated.h,add_vector_of_doubles,2184,2184,HANDWRITTEN_CPP,False,CPP_UNVERIFIED,B_DIRECT_MIGRATION,ordinary C++ control/data-flow without detected boundary
tests/cpp17/generated_cpp17/monster_test_generated.h,add_parent_namespace_test,2187,2187,HANDWRITTEN_CPP,False,CPP_UNVERIFIED,B_DIRECT_MIGRATION,ordinary C++ control/data-flow without detected boundary
tests/cpp17/generated_cpp17/monster_test_generated.h,add_vector_of_referrables,2190,2190,HANDWRITTEN_CPP,False,CPP_UNVERIFIED,B_DIRECT_MIGRATION,ordinary C++ control/data-flow without detected boundary
tests/cpp17/generated_cpp17/monster_test_generated.h,add_single_weak_reference,2193,2193,HANDWRITTEN_CPP,False,CPP_UNVERIFIED,B_DIRECT_MIGRATION,ordinary C++ control/data-flow without detected boundary
tests/cpp17/generated_cpp17/monster_test_generated.h,add_vector_of_weak_references,2196,2196,HANDWRITTEN_CPP,False,CPP_UNVERIFIED,B_DIRECT_MIGRATION,ordinary C++ control/data-flow without detected boundary
tests/cpp17/generated_cpp17/monster_test_generated.h,add_vector_of_strong_referrables,2199,2199,HANDWRITTEN_CPP,False,CPP_UNVERIFIED,B_DIRECT_MIGRATION,ordinary C++ control/data-flow without detected boundary
tests/cpp17/generated_cpp17/monster_test_generated.h,add_co_owning_reference,2202,2202,HANDWRITTEN_CPP,False,CPP_UNVERIFIED,B_DIRECT_MIGRATION,ordinary C++ control/data-flow without detected boundary
tests/cpp17/generated_cpp17/monster_test_generated.h,add_vector_of_co_owning_references,2205,2205,HANDWRITTEN_CPP,False,CPP_UNVERIFIED,B_DIRECT_MIGRATION,ordinary C++ control/data-flow without detected boundary
tests/cpp17/generated_cpp17/monster_test_generated.h,add_non_owning_reference,2208,2208,HANDWRITTEN_CPP,False,CPP_UNVERIFIED,B_DIRECT_MIGRATION,ordinary C++ control/data-flow without detected boundary
tests/cpp17/generated_cpp17/monster_test_generated.h,add_vector_of_non_owning_references,2211,2211,HANDWRITTEN_CPP,False,CPP_UNVERIFIED,B_DIRECT_MIGRATION,ordinary C++ control/data-flow without detected boundary
tests/cpp17/generated_cpp17/monster_test_generated.h,add_any_unique_type,2214,2214,HANDWRITTEN_CPP,False,CPP_UNVERIFIED,B_DIRECT_MIGRATION,ordinary C++ control/data-flow without detected boundary
tests/cpp17/generated_cpp17/monster_test_generated.h,add_any_unique,2217,2217,HANDWRITTEN_CPP,False,CPP_UNVERIFIED,B_DIRECT_MIGRATION,ordinary C++ control/data-flow without detected boundary
tests/cpp17/generated_cpp17/monster_test_generated.h,add_any_ambiguous_type,2220,2220,HANDWRITTEN_CPP,False,CPP_UNVERIFIED,B_DIRECT_MIGRATION,ordinary C++ control/data-flow without detected boundary
tests/cpp17/generated_cpp17/monster_test_generated.h,add_any_ambiguous,2223,2223,HANDWRITTEN_CPP,False,CPP_UNVERIFIED,B_DIRECT_MIGRATION,ordinary C++ control/data-flow without detected boundary
tests/cpp17/generated_cpp17/monster_test_generated.h,add_vector_of_enums,2226,2226,HANDWRITTEN_CPP,False,CPP_UNVERIFIED,B_DIRECT_MIGRATION,ordinary C++ control/data-flow without detected boundary
tests/cpp17/generated_cpp17/monster_test_generated.h,add_signed_enum,2229,2229,HANDWRITTEN_CPP,False,CPP_UNVERIFIED,B_DIRECT_MIGRATION,ordinary C++ control/data-flow without detected boundary
tests/cpp17/generated_cpp17/monster_test_generated.h,add_testrequirednestedflatbuffer,2232,2232,HANDWRITTEN_CPP,False,CPP_UNVERIFIED,B_DIRECT_MIGRATION,ordinary C++ control/data-flow without detected boundary
tests/cpp17/generated_cpp17/monster_test_generated.h,add_scalar_key_sorted_tables,2235,2235,HANDWRITTEN_CPP,False,CPP_UNVERIFIED,B_DIRECT_MIGRATION,ordinary C++ control/data-flow without detected boundary
tests/cpp17/generated_cpp17/monster_test_generated.h,add_native_inline,2238,2238,HANDWRITTEN_CPP,False,CPP_UNVERIFIED,B_DIRECT_MIGRATION,ordinary C++ control/data-flow without detected boundary
tests/cpp17/generated_cpp17/monster_test_generated.h,add_long_enum_non_enum_default,2241,2241,HANDWRITTEN_CPP,False,CPP_UNVERIFIED,B_DIRECT_MIGRATION,ordinary C++ control/data-flow without detected boundary
tests/cpp17/generated_cpp17/monster_test_generated.h,add_long_enum_normal_default,2244,2244,HANDWRITTEN_CPP,False,CPP_UNVERIFIED,B_DIRECT_MIGRATION,ordinary C++ control/data-flow without detected boundary
tests/cpp17/generated_cpp17/monster_test_generated.h,add_nan_default,2247,2247,HANDWRITTEN_CPP,False,CPP_UNVERIFIED,B_DIRECT_MIGRATION,ordinary C++ control/data-flow without detected boundary
tests/cpp17/generated_cpp17/monster_test_generated.h,add_inf_default,2250,2250,HANDWRITTEN_CPP,False,CPP_UNVERIFIED,B_DIRECT_MIGRATION,ordinary C++ control/data-flow without detected boundary
tests/cpp17/generated_cpp17/monster_test_generated.h,add_positive_inf_default,2253,2253,HANDWRITTEN_CPP,False,CPP_UNVERIFIED,B_DIRECT_MIGRATION,ordinary C++ control/data-flow without detected boundary
tests/cpp17/generated_cpp17/monster_test_generated.h,add_infinity_default,2256,2256,HANDWRITTEN_CPP,False,CPP_UNVERIFIED,B_DIRECT_MIGRATION,ordinary C++ control/data-flow without detected boundary
tests/cpp17/generated_cpp17/monster_test_generated.h,add_positive_infinity_default,2259,2259,HANDWRITTEN_CPP,False,CPP_UNVERIFIED,B_DIRECT_MIGRATION,ordinary C++ control/data-flow without detected boundary
tests/cpp17/generated_cpp17/monster_test_generated.h,add_negative_inf_default,2262,2262,HANDWRITTEN_CPP,False,CPP_UNVERIFIED,B_DIRECT_MIGRATION,ordinary C++ control/data-flow without detected boundary
tests/cpp17/generated_cpp17/monster_test_generated.h,add_negative_infinity_default,2265,2265,HANDWRITTEN_CPP,False,CPP_UNVERIFIED,B_DIRECT_MIGRATION,ordinary C++ control/data-flow without detected boundary
tests/cpp17/generated_cpp17/monster_test_generated.h,add_double_inf_default,2268,2268,HANDWRITTEN_CPP,False,CPP_UNVERIFIED,B_DIRECT_MIGRATION,ordinary C++ control/data-flow without detected boundary
tests/cpp17/generated_cpp17/monster_test_generated.h,MonsterBuilder,2271,2272,HANDWRITTEN_CPP,False,CPP_UNVERIFIED,B_DIRECT_MIGRATION,ordinary C++ control/data-flow without detected boundary
tests/cpp17/generated_cpp17/monster_test_generated.h,Finish,2275,2275,HANDWRITTEN_CPP,False,CPP_UNVERIFIED,B_DIRECT_MIGRATION,ordinary C++ control/data-flow without detected boundary
tests/cpp17/generated_cpp17/monster_test_generated.h,CreateMonster,2282,2345,HANDWRITTEN_CPP,False,CPP_UNVERIFIED,B_DIRECT_MIGRATION,ordinary C++ control/data-flow without detected boundary
tests/cpp17/generated_cpp17/monster_test_generated.h,CreateMonsterDirect,2483,2546,HANDWRITTEN_CPP,False,CPP_UNVERIFIED,B_DIRECT_MIGRATION,ordinary C++ control/data-flow without detected boundary
tests/cpp17/generated_cpp17/monster_test_generated.h,mutate_i8,2675,2675,HANDWRITTEN_CPP,False,CPP_UNVERIFIED,B_DIRECT_MIGRATION,ordinary C++ control/data-flow without detected boundary
tests/cpp17/generated_cpp17/monster_test_generated.h,mutate_u8,2681,2681,HANDWRITTEN_CPP,False,CPP_UNVERIFIED,B_DIRECT_MIGRATION,ordinary C++ control/data-flow without detected boundary
tests/cpp17/generated_cpp17/monster_test_generated.h,mutate_i16,2687,2687,HANDWRITTEN_CPP,False,CPP_UNVERIFIED,B_DIRECT_MIGRATION,ordinary C++ control/data-flow without detected boundary
tests/cpp17/generated_cpp17/monster_test_generated.h,mutate_u16,2693,2693,HANDWRITTEN_CPP,False,CPP_UNVERIFIED,B_DIRECT_MIGRATION,ordinary C++ control/data-flow without detected boundary
tests/cpp17/generated_cpp17/monster_test_generated.h,mutate_i32,2699,2699,HANDWRITTEN_CPP,False,CPP_UNVERIFIED,B_DIRECT_MIGRATION,ordinary C++ control/data-flow without detected boundary
tests/cpp17/generated_cpp17/monster_test_generated.h,mutate_u32,2705,2705,HANDWRITTEN_CPP,False,CPP_UNVERIFIED,B_DIRECT_MIGRATION,ordinary C++ control/data-flow without detected boundary
tests/cpp17/generated_cpp17/monster_test_generated.h,mutate_i64,2711,2711,HANDWRITTEN_CPP,False,CPP_UNVERIFIED,B_DIRECT_MIGRATION,ordinary C++ control/data-flow without detected boundary
tests/cpp17/generated_cpp17/monster_test_generated.h,mutate_u64,2717,2717,HANDWRITTEN_CPP,False,CPP_UNVERIFIED,B_DIRECT_MIGRATION,ordinary C++ control/data-flow without detected boundary
tests/cpp17/generated_cpp17/monster_test_generated.h,mutate_f32,2723,2723,HANDWRITTEN_CPP,False,CPP_UNVERIFIED,B_DIRECT_MIGRATION,ordinary C++ control/data-flow without detected boundary
tests/cpp17/generated_cpp17/monster_test_generated.h,mutate_f64,2729,2729,HANDWRITTEN_CPP,False,CPP_UNVERIFIED,B_DIRECT_MIGRATION,ordinary C++ control/data-flow without detected boundary
tests/cpp17/generated_cpp17/monster_test_generated.h,add_i8,2788,2788,HANDWRITTEN_CPP,False,CPP_UNVERIFIED,B_DIRECT_MIGRATION,ordinary C++ control/data-flow without detected boundary
tests/cpp17/generated_cpp17/monster_test_generated.h,add_u8,2791,2791,HANDWRITTEN_CPP,False,CPP_UNVERIFIED,B_DIRECT_MIGRATION,ordinary C++ control/data-flow without detected boundary
tests/cpp17/generated_cpp17/monster_test_generated.h,add_i16,2794,2794,HANDWRITTEN_CPP,False,CPP_UNVERIFIED,B_DIRECT_MIGRATION,ordinary C++ control/data-flow without detected boundary
tests/cpp17/generated_cpp17/monster_test_generated.h,add_u16,2797,2797,HANDWRITTEN_CPP,False,CPP_UNVERIFIED,B_DIRECT_MIGRATION,ordinary C++ control/data-flow without detected boundary
tests/cpp17/generated_cpp17/monster_test_generated.h,add_i32,2800,2800,HANDWRITTEN_CPP,False,CPP_UNVERIFIED,B_DIRECT_MIGRATION,ordinary C++ control/data-flow without detected boundary
tests/cpp17/generated_cpp17/monster_test_generated.h,add_u32,2803,2803,HANDWRITTEN_CPP,False,CPP_UNVERIFIED,B_DIRECT_MIGRATION,ordinary C++ control/data-flow without detected boundary
tests/cpp17/generated_cpp17/monster_test_generated.h,add_i64,2806,2806,HANDWRITTEN_CPP,False,CPP_UNVERIFIED,B_DIRECT_MIGRATION,ordinary C++ control/data-flow without detected boundary
tests/cpp17/generated_cpp17/monster_test_generated.h,add_u64,2809,2809,HANDWRITTEN_CPP,False,CPP_UNVERIFIED,B_DIRECT_MIGRATION,ordinary C++ control/data-flow without detected boundary
tests/cpp17/generated_cpp17/monster_test_generated.h,add_f32,2812,2812,HANDWRITTEN_CPP,False,CPP_UNVERIFIED,B_DIRECT_MIGRATION,ordinary C++ control/data-flow without detected boundary
tests/cpp17/generated_cpp17/monster_test_generated.h,add_f64,2815,2815,HANDWRITTEN_CPP,False,CPP_UNVERIFIED,B_DIRECT_MIGRATION,ordinary C++ control/data-flow without detected boundary
tests/cpp17/generated_cpp17/monster_test_generated.h,add_v8,2818,2818,HANDWRITTEN_CPP,False,CPP_UNVERIFIED,B_DIRECT_MIGRATION,ordinary C++ control/data-flow without detected boundary
tests/cpp17/generated_cpp17/monster_test_generated.h,add_vf64,2821,2821,HANDWRITTEN_CPP,False,CPP_UNVERIFIED,B_DIRECT_MIGRATION,ordinary C++ control/data-flow without detected boundary
tests/cpp17/generated_cpp17/monster_test_generated.h,TypeAliasesBuilder,2824,2825,HANDWRITTEN_CPP,False,CPP_UNVERIFIED,B_DIRECT_MIGRATION,ordinary C++ control/data-flow without detected boundary
tests/cpp17/generated_cpp17/monster_test_generated.h,Finish,2828,2828,HANDWRITTEN_CPP,False,CPP_UNVERIFIED,B_DIRECT_MIGRATION,ordinary C++ control/data-flow without detected boundary
tests/cpp17/generated_cpp17/monster_test_generated.h,CreateTypeAliases,2834,2848,HANDWRITTEN_CPP,False,CPP_UNVERIFIED,B_DIRECT_MIGRATION,ordinary C++ control/data-flow without detected boundary
tests/cpp17/generated_cpp17/monster_test_generated.h,CreateTypeAliasesDirect,2888,2902,HANDWRITTEN_CPP,False,CPP_UNVERIFIED,B_DIRECT_MIGRATION,ordinary C++ control/data-flow without detected boundary
tests/cpp17/generated_cpp17/monster_test_generated.h,CreateInParentNamespace,2935,2936,HANDWRITTEN_CPP,False,CPP_UNVERIFIED,B_DIRECT_MIGRATION,ordinary C++ control/data-flow without detected boundary
tests/cpp17/generated_cpp17/monster_test_generated.h,CreateMonster,2960,2961,HANDWRITTEN_CPP,False,CPP_UNVERIFIED,B_DIRECT_MIGRATION,ordinary C++ control/data-flow without detected boundary
tests/cpp17/generated_cpp17/monster_test_generated.h,CreateTestSimpleTableWithEnum,2988,2989,HANDWRITTEN_CPP,False,CPP_UNVERIFIED,B_DIRECT_MIGRATION,ordinary C++ control/data-flow without detected boundary
tests/cpp17/generated_cpp17/monster_test_generated.h,CreateStat,3016,3017,HANDWRITTEN_CPP,False,CPP_UNVERIFIED,B_DIRECT_MIGRATION,ordinary C++ control/data-flow without detected boundary
tests/cpp17/generated_cpp17/monster_test_generated.h,CreateReferrable,3046,3047,HANDWRITTEN_CPP,False,CPP_UNVERIFIED,B_DIRECT_MIGRATION,ordinary C++ control/data-flow without detected boundary
tests/cpp17/generated_cpp17/monster_test_generated.h,pos,3062,3114,HANDWRITTEN_CPP,False,CPP_UNVERIFIED,B_DIRECT_MIGRATION,ordinary C++ control/data-flow without detected boundary
tests/cpp17/generated_cpp17/monster_test_generated.h,CreateMonster,3260,3261,HANDWRITTEN_CPP,False,CPP_UNVERIFIED,B_DIRECT_MIGRATION,ordinary C++ control/data-flow without detected boundary
tests/cpp17/generated_cpp17/monster_test_generated.h,CreateTypeAliases,3417,3418,HANDWRITTEN_CPP,False,CPP_UNVERIFIED,B_DIRECT_MIGRATION,ordinary C++ control/data-flow without detected boundary
tests/cpp17/generated_cpp17/monster_test_generated.h,VerifyAny,3453,3455,HANDWRITTEN_CPP,False,CPP_UNVERIFIED,B_DIRECT_MIGRATION,ordinary C++ control/data-flow without detected boundary
tests/cpp17/generated_cpp17/monster_test_generated.h,VerifyAnyVector,3475,3477,HANDWRITTEN_CPP,False,CPP_UNVERIFIED,B_DIRECT_MIGRATION,ordinary C++ control/data-flow without detected boundary
tests/cpp17/generated_cpp17/monster_test_generated.h,VerifyAnyUniqueAliases,3568,3570,HANDWRITTEN_CPP,False,CPP_UNVERIFIED,B_DIRECT_MIGRATION,ordinary C++ control/data-flow without detected boundary
tests/cpp17/generated_cpp17/monster_test_generated.h,VerifyAnyUniqueAliasesVector,3590,3592,HANDWRITTEN_CPP,False,CPP_UNVERIFIED,B_DIRECT_MIGRATION,ordinary C++ control/data-flow without detected boundary
tests/cpp17/generated_cpp17/monster_test_generated.h,VerifyAnyAmbiguousAliases,3683,3685,HANDWRITTEN_CPP,False,CPP_UNVERIFIED,B_DIRECT_MIGRATION,ordinary C++ control/data-flow without detected boundary
tests/cpp17/generated_cpp17/monster_test_generated.h,VerifyAnyAmbiguousAliasesVector,3705,3707,HANDWRITTEN_CPP,False,CPP_UNVERIFIED,B_DIRECT_MIGRATION,ordinary C++ control/data-flow without detected boundary
tests/cpp17/generated_cpp17/monster_test_generated.h,MonsterBufferHasIdentifier,4305,4306,HANDWRITTEN_CPP,False,CPP_UNVERIFIED,B_DIRECT_MIGRATION,ordinary C++ control/data-flow without detected boundary
tests/cpp17/generated_cpp17/monster_test_generated.h,SizePrefixedMonsterBufferHasIdentifier,4310,4311,HANDWRITTEN_CPP,False,CPP_UNVERIFIED,B_DIRECT_MIGRATION,ordinary C++ control/data-flow without detected boundary
tests/cpp17/generated_cpp17/monster_test_generated.h,VerifyMonsterBuffer,4317,4318,HANDWRITTEN_CPP,False,CPP_UNVERIFIED,B_DIRECT_MIGRATION,ordinary C++ control/data-flow without detected boundary
tests/cpp17/generated_cpp17/monster_test_generated.h,VerifySizePrefixedMonsterBuffer,4323,4324,HANDWRITTEN_CPP,False,CPP_UNVERIFIED,B_DIRECT_MIGRATION,ordinary C++ control/data-flow without detected boundary
tests/cpp17/generated_cpp17/monster_test_generated.h,FinishMonsterBuffer,4331,4334,HANDWRITTEN_CPP,False,CPP_UNVERIFIED,B_DIRECT_MIGRATION,ordinary C++ control/data-flow without detected boundary
tests/cpp17/generated_cpp17/monster_test_generated.h,FinishSizePrefixedMonsterBuffer,4337,4340,HANDWRITTEN_CPP,False,CPP_UNVERIFIED,B_DIRECT_MIGRATION,ordinary C++ control/data-flow without detected boundary
tests/cpp17/generated_cpp17/monster_test_generated.h,UnPackMonster,4343,4346,HANDWRITTEN_CPP,False,CPP_UNVERIFIED,C_LOCAL_REFACTOR,"ownership, callback, threading, or template shape"
tests/cpp17/generated_cpp17/monster_test_generated.h,UnPackSizePrefixedMonster,4349,4352,HANDWRITTEN_CPP,False,CPP_UNVERIFIED,C_LOCAL_REFACTOR,"ownership, callback, threading, or template shape"
tests/cpp17/generated_cpp17/optional_scalars2_generated.h,mutate_just_i8,131,131,HANDWRITTEN_CPP,False,CPP_UNVERIFIED,B_DIRECT_MIGRATION,ordinary C++ control/data-flow without detected boundary
tests/cpp17/generated_cpp17/optional_scalars2_generated.h,mutate_maybe_i8,137,137,HANDWRITTEN_CPP,False,CPP_UNVERIFIED,B_DIRECT_MIGRATION,ordinary C++ control/data-flow without detected boundary
tests/cpp17/generated_cpp17/optional_scalars2_generated.h,mutate_default_i8,141,141,HANDWRITTEN_CPP,False,CPP_UNVERIFIED,B_DIRECT_MIGRATION,ordinary C++ control/data-flow without detected boundary
tests/cpp17/generated_cpp17/optional_scalars2_generated.h,mutate_just_u8,145,145,HANDWRITTEN_CPP,False,CPP_UNVERIFIED,B_DIRECT_MIGRATION,ordinary C++ control/data-flow without detected boundary
tests/cpp17/generated_cpp17/optional_scalars2_generated.h,mutate_maybe_u8,151,151,HANDWRITTEN_CPP,False,CPP_UNVERIFIED,B_DIRECT_MIGRATION,ordinary C++ control/data-flow without detected boundary
tests/cpp17/generated_cpp17/optional_scalars2_generated.h,mutate_default_u8,155,155,HANDWRITTEN_CPP,False,CPP_UNVERIFIED,B_DIRECT_MIGRATION,ordinary C++ control/data-flow without detected boundary
tests/cpp17/generated_cpp17/optional_scalars2_generated.h,mutate_just_i16,159,159,HANDWRITTEN_CPP,False,CPP_UNVERIFIED,B_DIRECT_MIGRATION,ordinary C++ control/data-flow without detected boundary
tests/cpp17/generated_cpp17/optional_scalars2_generated.h,mutate_maybe_i16,165,165,HANDWRITTEN_CPP,False,CPP_UNVERIFIED,B_DIRECT_MIGRATION,ordinary C++ control/data-flow without detected boundary
tests/cpp17/generated_cpp17/optional_scalars2_generated.h,mutate_default_i16,169,169,HANDWRITTEN_CPP,False,CPP_UNVERIFIED,B_DIRECT_MIGRATION,ordinary C++ control/data-flow without detected boundary
tests/cpp17/generated_cpp17/optional_scalars2_generated.h,mutate_just_u16,173,173,HANDWRITTEN_CPP,False,CPP_UNVERIFIED,B_DIRECT_MIGRATION,ordinary C++ control/data-flow without detected boundary
tests/cpp17/generated_cpp17/optional_scalars2_generated.h,mutate_maybe_u16,179,179,HANDWRITTEN_CPP,False,CPP_UNVERIFIED,B_DIRECT_MIGRATION,ordinary C++ control/data-flow without detected boundary
tests/cpp17/generated_cpp17/optional_scalars2_generated.h,mutate_default_u16,185,185,HANDWRITTEN_CPP,False,CPP_UNVERIFIED,B_DIRECT_MIGRATION,ordinary C++ control/data-flow without detected boundary
tests/cpp17/generated_cpp17/optional_scalars2_generated.h,mutate_just_i32,189,189,HANDWRITTEN_CPP,False,CPP_UNVERIFIED,B_DIRECT_MIGRATION,ordinary C++ control/data-flow without detected boundary
tests/cpp17/generated_cpp17/optional_scalars2_generated.h,mutate_maybe_i32,195,195,HANDWRITTEN_CPP,False,CPP_UNVERIFIED,B_DIRECT_MIGRATION,ordinary C++ control/data-flow without detected boundary
tests/cpp17/generated_cpp17/optional_scalars2_generated.h,mutate_default_i32,199,199,HANDWRITTEN_CPP,False,CPP_UNVERIFIED,B_DIRECT_MIGRATION,ordinary C++ control/data-flow without detected boundary
tests/cpp17/generated_cpp17/optional_scalars2_generated.h,mutate_just_u32,203,203,HANDWRITTEN_CPP,False,CPP_UNVERIFIED,B_DIRECT_MIGRATION,ordinary C++ control/data-flow without detected boundary
tests/cpp17/generated_cpp17/optional_scalars2_generated.h,mutate_maybe_u32,209,209,HANDWRITTEN_CPP,False,CPP_UNVERIFIED,B_DIRECT_MIGRATION,ordinary C++ control/data-flow without detected boundary
tests/cpp17/generated_cpp17/optional_scalars2_generated.h,mutate_default_u32,215,215,HANDWRITTEN_CPP,False,CPP_UNVERIFIED,B_DIRECT_MIGRATION,ordinary C++ control/data-flow without detected boundary
tests/cpp17/generated_cpp17/optional_scalars2_generated.h,mutate_just_i64,219,219,HANDWRITTEN_CPP,False,CPP_UNVERIFIED,B_DIRECT_MIGRATION,ordinary C++ control/data-flow without detected boundary
tests/cpp17/generated_cpp17/optional_scalars2_generated.h,mutate_maybe_i64,225,225,HANDWRITTEN_CPP,False,CPP_UNVERIFIED,B_DIRECT_MIGRATION,ordinary C++ control/data-flow without detected boundary
tests/cpp17/generated_cpp17/optional_scalars2_generated.h,mutate_default_i64,231,231,HANDWRITTEN_CPP,False,CPP_UNVERIFIED,B_DIRECT_MIGRATION,ordinary C++ control/data-flow without detected boundary
tests/cpp17/generated_cpp17/optional_scalars2_generated.h,mutate_just_u64,235,235,HANDWRITTEN_CPP,False,CPP_UNVERIFIED,B_DIRECT_MIGRATION,ordinary C++ control/data-flow without detected boundary
tests/cpp17/generated_cpp17/optional_scalars2_generated.h,mutate_maybe_u64,241,241,HANDWRITTEN_CPP,False,CPP_UNVERIFIED,B_DIRECT_MIGRATION,ordinary C++ control/data-flow without detected boundary
tests/cpp17/generated_cpp17/optional_scalars2_generated.h,mutate_default_u64,247,247,HANDWRITTEN_CPP,False,CPP_UNVERIFIED,B_DIRECT_MIGRATION,ordinary C++ control/data-flow without detected boundary
tests/cpp17/generated_cpp17/optional_scalars2_generated.h,mutate_just_f32,251,251,HANDWRITTEN_CPP,False,CPP_UNVERIFIED,B_DIRECT_MIGRATION,ordinary C++ control/data-flow without detected boundary
tests/cpp17/generated_cpp17/optional_scalars2_generated.h,mutate_maybe_f32,257,257,HANDWRITTEN_CPP,False,CPP_UNVERIFIED,B_DIRECT_MIGRATION,ordinary C++ control/data-flow without detected boundary
tests/cpp17/generated_cpp17/optional_scalars2_generated.h,mutate_default_f32,261,261,HANDWRITTEN_CPP,False,CPP_UNVERIFIED,B_DIRECT_MIGRATION,ordinary C++ control/data-flow without detected boundary
tests/cpp17/generated_cpp17/optional_scalars2_generated.h,mutate_just_f64,265,265,HANDWRITTEN_CPP,False,CPP_UNVERIFIED,B_DIRECT_MIGRATION,ordinary C++ control/data-flow without detected boundary
tests/cpp17/generated_cpp17/optional_scalars2_generated.h,mutate_maybe_f64,271,271,HANDWRITTEN_CPP,False,CPP_UNVERIFIED,B_DIRECT_MIGRATION,ordinary C++ control/data-flow without detected boundary
tests/cpp17/generated_cpp17/optional_scalars2_generated.h,mutate_default_f64,275,275,HANDWRITTEN_CPP,False,CPP_UNVERIFIED,B_DIRECT_MIGRATION,ordinary C++ control/data-flow without detected boundary
tests/cpp17/generated_cpp17/optional_scalars2_generated.h,mutate_just_bool,279,279,HANDWRITTEN_CPP,False,CPP_UNVERIFIED,B_DIRECT_MIGRATION,ordinary C++ control/data-flow without detected boundary
tests/cpp17/generated_cpp17/optional_scalars2_generated.h,mutate_maybe_bool,285,285,HANDWRITTEN_CPP,False,CPP_UNVERIFIED,B_DIRECT_MIGRATION,ordinary C++ control/data-flow without detected boundary
tests/cpp17/generated_cpp17/optional_scalars2_generated.h,mutate_default_bool,291,291,HANDWRITTEN_CPP,False,CPP_UNVERIFIED,B_DIRECT_MIGRATION,ordinary C++ control/data-flow without detected boundary
tests/cpp17/generated_cpp17/optional_scalars2_generated.h,mutate_just_enum,299,299,HANDWRITTEN_CPP,False,CPP_UNVERIFIED,B_DIRECT_MIGRATION,ordinary C++ control/data-flow without detected boundary
tests/cpp17/generated_cpp17/optional_scalars2_generated.h,mutate_maybe_enum,305,305,HANDWRITTEN_CPP,False,CPP_UNVERIFIED,B_DIRECT_MIGRATION,ordinary C++ control/data-flow without detected boundary
tests/cpp17/generated_cpp17/optional_scalars2_generated.h,mutate_default_enum,312,312,HANDWRITTEN_CPP,False,CPP_UNVERIFIED,B_DIRECT_MIGRATION,ordinary C++ control/data-flow without detected boundary
tests/cpp17/generated_cpp17/optional_scalars2_generated.h,add_just_i8,370,370,HANDWRITTEN_CPP,False,CPP_UNVERIFIED,B_DIRECT_MIGRATION,ordinary C++ control/data-flow without detected boundary
tests/cpp17/generated_cpp17/optional_scalars2_generated.h,add_maybe_i8,373,373,HANDWRITTEN_CPP,False,CPP_UNVERIFIED,B_DIRECT_MIGRATION,ordinary C++ control/data-flow without detected boundary
tests/cpp17/generated_cpp17/optional_scalars2_generated.h,add_default_i8,376,376,HANDWRITTEN_CPP,False,CPP_UNVERIFIED,B_DIRECT_MIGRATION,ordinary C++ control/data-flow without detected boundary
tests/cpp17/generated_cpp17/optional_scalars2_generated.h,add_just_u8,379,379,HANDWRITTEN_CPP,False,CPP_UNVERIFIED,B_DIRECT_MIGRATION,ordinary C++ control/data-flow without detected boundary
tests/cpp17/generated_cpp17/optional_scalars2_generated.h,add_maybe_u8,382,382,HANDWRITTEN_CPP,False,CPP_UNVERIFIED,B_DIRECT_MIGRATION,ordinary C++ control/data-flow without detected boundary
tests/cpp17/generated_cpp17/optional_scalars2_generated.h,add_default_u8,385,385,HANDWRITTEN_CPP,False,CPP_UNVERIFIED,B_DIRECT_MIGRATION,ordinary C++ control/data-flow without detected boundary
tests/cpp17/generated_cpp17/optional_scalars2_generated.h,add_just_i16,388,388,HANDWRITTEN_CPP,False,CPP_UNVERIFIED,B_DIRECT_MIGRATION,ordinary C++ control/data-flow without detected boundary
tests/cpp17/generated_cpp17/optional_scalars2_generated.h,add_maybe_i16,391,391,HANDWRITTEN_CPP,False,CPP_UNVERIFIED,B_DIRECT_MIGRATION,ordinary C++ control/data-flow without detected boundary
tests/cpp17/generated_cpp17/optional_scalars2_generated.h,add_default_i16,394,394,HANDWRITTEN_CPP,False,CPP_UNVERIFIED,B_DIRECT_MIGRATION,ordinary C++ control/data-flow without detected boundary
tests/cpp17/generated_cpp17/optional_scalars2_generated.h,add_just_u16,397,397,HANDWRITTEN_CPP,False,CPP_UNVERIFIED,B_DIRECT_MIGRATION,ordinary C++ control/data-flow without detected boundary
tests/cpp17/generated_cpp17/optional_scalars2_generated.h,add_maybe_u16,400,400,HANDWRITTEN_CPP,False,CPP_UNVERIFIED,B_DIRECT_MIGRATION,ordinary C++ control/data-flow without detected boundary
tests/cpp17/generated_cpp17/optional_scalars2_generated.h,add_default_u16,403,403,HANDWRITTEN_CPP,False,CPP_UNVERIFIED,B_DIRECT_MIGRATION,ordinary C++ control/data-flow without detected boundary
tests/cpp17/generated_cpp17/optional_scalars2_generated.h,add_just_i32,406,406,HANDWRITTEN_CPP,False,CPP_UNVERIFIED,B_DIRECT_MIGRATION,ordinary C++ control/data-flow without detected boundary
tests/cpp17/generated_cpp17/optional_scalars2_generated.h,add_maybe_i32,409,409,HANDWRITTEN_CPP,False,CPP_UNVERIFIED,B_DIRECT_MIGRATION,ordinary C++ control/data-flow without detected boundary
tests/cpp17/generated_cpp17/optional_scalars2_generated.h,add_default_i32,412,412,HANDWRITTEN_CPP,False,CPP_UNVERIFIED,B_DIRECT_MIGRATION,ordinary C++ control/data-flow without detected boundary
tests/cpp17/generated_cpp17/optional_scalars2_generated.h,add_just_u32,415,415,HANDWRITTEN_CPP,False,CPP_UNVERIFIED,B_DIRECT_MIGRATION,ordinary C++ control/data-flow without detected boundary
tests/cpp17/generated_cpp17/optional_scalars2_generated.h,add_maybe_u32,418,418,HANDWRITTEN_CPP,False,CPP_UNVERIFIED,B_DIRECT_MIGRATION,ordinary C++ control/data-flow without detected boundary
tests/cpp17/generated_cpp17/optional_scalars2_generated.h,add_default_u32,421,421,HANDWRITTEN_CPP,False,CPP_UNVERIFIED,B_DIRECT_MIGRATION,ordinary C++ control/data-flow without detected boundary
tests/cpp17/generated_cpp17/optional_scalars2_generated.h,add_just_i64,424,424,HANDWRITTEN_CPP,False,CPP_UNVERIFIED,B_DIRECT_MIGRATION,ordinary C++ control/data-flow without detected boundary
tests/cpp17/generated_cpp17/optional_scalars2_generated.h,add_maybe_i64,427,427,HANDWRITTEN_CPP,False,CPP_UNVERIFIED,B_DIRECT_MIGRATION,ordinary C++ control/data-flow without detected boundary
tests/cpp17/generated_cpp17/optional_scalars2_generated.h,add_default_i64,430,430,HANDWRITTEN_CPP,False,CPP_UNVERIFIED,B_DIRECT_MIGRATION,ordinary C++ control/data-flow without detected boundary
tests/cpp17/generated_cpp17/optional_scalars2_generated.h,add_just_u64,433,433,HANDWRITTEN_CPP,False,CPP_UNVERIFIED,B_DIRECT_MIGRATION,ordinary C++ control/data-flow without detected boundary
tests/cpp17/generated_cpp17/optional_scalars2_generated.h,add_maybe_u64,436,436,HANDWRITTEN_CPP,False,CPP_UNVERIFIED,B_DIRECT_MIGRATION,ordinary C++ control/data-flow without detected boundary
tests/cpp17/generated_cpp17/optional_scalars2_generated.h,add_default_u64,439,439,HANDWRITTEN_CPP,False,CPP_UNVERIFIED,B_DIRECT_MIGRATION,ordinary C++ control/data-flow without detected boundary
tests/cpp17/generated_cpp17/optional_scalars2_generated.h,add_just_f32,442,442,HANDWRITTEN_CPP,False,CPP_UNVERIFIED,B_DIRECT_MIGRATION,ordinary C++ control/data-flow without detected boundary
tests/cpp17/generated_cpp17/optional_scalars2_generated.h,add_maybe_f32,445,445,HANDWRITTEN_CPP,False,CPP_UNVERIFIED,B_DIRECT_MIGRATION,ordinary C++ control/data-flow without detected boundary
tests/cpp17/generated_cpp17/optional_scalars2_generated.h,add_default_f32,448,448,HANDWRITTEN_CPP,False,CPP_UNVERIFIED,B_DIRECT_MIGRATION,ordinary C++ control/data-flow without detected boundary
tests/cpp17/generated_cpp17/optional_scalars2_generated.h,add_just_f64,451,451,HANDWRITTEN_CPP,False,CPP_UNVERIFIED,B_DIRECT_MIGRATION,ordinary C++ control/data-flow without detected boundary
tests/cpp17/generated_cpp17/optional_scalars2_generated.h,add_maybe_f64,454,454,HANDWRITTEN_CPP,False,CPP_UNVERIFIED,B_DIRECT_MIGRATION,ordinary C++ control/data-flow without detected boundary
tests/cpp17/generated_cpp17/optional_scalars2_generated.h,add_default_f64,457,457,HANDWRITTEN_CPP,False,CPP_UNVERIFIED,B_DIRECT_MIGRATION,ordinary C++ control/data-flow without detected boundary
tests/cpp17/generated_cpp17/optional_scalars2_generated.h,add_just_bool,460,460,HANDWRITTEN_CPP,False,CPP_UNVERIFIED,B_DIRECT_MIGRATION,ordinary C++ control/data-flow without detected boundary
tests/cpp17/generated_cpp17/optional_scalars2_generated.h,add_maybe_bool,464,464,HANDWRITTEN_CPP,False,CPP_UNVERIFIED,B_DIRECT_MIGRATION,ordinary C++ control/data-flow without detected boundary
tests/cpp17/generated_cpp17/optional_scalars2_generated.h,add_default_bool,468,468,HANDWRITTEN_CPP,False,CPP_UNVERIFIED,B_DIRECT_MIGRATION,ordinary C++ control/data-flow without detected boundary
tests/cpp17/generated_cpp17/optional_scalars2_generated.h,add_just_enum,472,472,HANDWRITTEN_CPP,False,CPP_UNVERIFIED,B_DIRECT_MIGRATION,ordinary C++ control/data-flow without detected boundary
tests/cpp17/generated_cpp17/optional_scalars2_generated.h,add_maybe_enum,476,476,HANDWRITTEN_CPP,False,CPP_UNVERIFIED,B_DIRECT_MIGRATION,ordinary C++ control/data-flow without detected boundary
tests/cpp17/generated_cpp17/optional_scalars2_generated.h,add_default_enum,480,480,HANDWRITTEN_CPP,False,CPP_UNVERIFIED,B_DIRECT_MIGRATION,ordinary C++ control/data-flow without detected boundary
tests/cpp17/generated_cpp17/optional_scalars2_generated.h,ScalarStuffBuilder,484,485,HANDWRITTEN_CPP,False,CPP_UNVERIFIED,B_DIRECT_MIGRATION,ordinary C++ control/data-flow without detected boundary
tests/cpp17/generated_cpp17/optional_scalars2_generated.h,Finish,488,488,HANDWRITTEN_CPP,False,CPP_UNVERIFIED,B_DIRECT_MIGRATION,ordinary C++ control/data-flow without detected boundary
tests/cpp17/generated_cpp17/optional_scalars2_generated.h,CreateScalarStuff,494,524,HANDWRITTEN_CPP,False,CPP_UNVERIFIED,B_DIRECT_MIGRATION,ordinary C++ control/data-flow without detected boundary
tests/cpp17/generated_cpp17/optional_scalars2_generated.h,CreateScalarStuff,760,763,HANDWRITTEN_CPP,False,CPP_UNVERIFIED,B_DIRECT_MIGRATION,ordinary C++ control/data-flow without detected boundary
tests/cpp17/generated_cpp17/optional_scalars2_generated.h,ScalarStuffBufferHasIdentifier,887,888,HANDWRITTEN_CPP,False,CPP_UNVERIFIED,B_DIRECT_MIGRATION,ordinary C++ control/data-flow without detected boundary
tests/cpp17/generated_cpp17/optional_scalars2_generated.h,VerifyScalarStuffBuffer,891,892,HANDWRITTEN_CPP,False,CPP_UNVERIFIED,B_DIRECT_MIGRATION,ordinary C++ control/data-flow without detected boundary
tests/cpp17/generated_cpp17/optional_scalars2_generated.h,VerifySizePrefixedScalarStuffBuffer,896,898,HANDWRITTEN_CPP,False,CPP_UNVERIFIED,B_DIRECT_MIGRATION,ordinary C++ control/data-flow without detected boundary
tests/cpp17/generated_cpp17/optional_scalars2_generated.h,FinishScalarStuffBuffer,904,907,HANDWRITTEN_CPP,False,CPP_UNVERIFIED,B_DIRECT_MIGRATION,ordinary C++ control/data-flow without detected boundary
tests/cpp17/generated_cpp17/optional_scalars2_generated.h,FinishSizePrefixedScalarStuffBuffer,910,913,HANDWRITTEN_CPP,False,CPP_UNVERIFIED,B_DIRECT_MIGRATION,ordinary C++ control/data-flow without detected boundary
tests/cpp17/generated_cpp17/optional_scalars2_generated.h,UnPackScalarStuff,916,918,HANDWRITTEN_CPP,False,CPP_UNVERIFIED,C_LOCAL_REFACTOR,"ownership, callback, threading, or template shape"
tests/cpp17/generated_cpp17/optional_scalars2_generated.h,UnPackSizePrefixedScalarStuff,922,925,HANDWRITTEN_CPP,False,CPP_UNVERIFIED,C_LOCAL_REFACTOR,"ownership, callback, threading, or template shape"
tests/cpp17/generated_cpp17/optional_scalars_generated.h,mutate_just_i8,145,145,HANDWRITTEN_CPP,False,CPP_UNVERIFIED,B_DIRECT_MIGRATION,ordinary C++ control/data-flow without detected boundary
tests/cpp17/generated_cpp17/optional_scalars_generated.h,mutate_maybe_i8,151,151,HANDWRITTEN_CPP,False,CPP_UNVERIFIED,B_DIRECT_MIGRATION,ordinary C++ control/data-flow without detected boundary
tests/cpp17/generated_cpp17/optional_scalars_generated.h,mutate_default_i8,157,157,HANDWRITTEN_CPP,False,CPP_UNVERIFIED,B_DIRECT_MIGRATION,ordinary C++ control/data-flow without detected boundary
tests/cpp17/generated_cpp17/optional_scalars_generated.h,mutate_just_u8,163,163,HANDWRITTEN_CPP,False,CPP_UNVERIFIED,B_DIRECT_MIGRATION,ordinary C++ control/data-flow without detected boundary
tests/cpp17/generated_cpp17/optional_scalars_generated.h,mutate_maybe_u8,169,169,HANDWRITTEN_CPP,False,CPP_UNVERIFIED,B_DIRECT_MIGRATION,ordinary C++ control/data-flow without detected boundary
tests/cpp17/generated_cpp17/optional_scalars_generated.h,mutate_default_u8,175,175,HANDWRITTEN_CPP,False,CPP_UNVERIFIED,B_DIRECT_MIGRATION,ordinary C++ control/data-flow without detected boundary
tests/cpp17/generated_cpp17/optional_scalars_generated.h,mutate_just_i16,181,181,HANDWRITTEN_CPP,False,CPP_UNVERIFIED,B_DIRECT_MIGRATION,ordinary C++ control/data-flow without detected boundary
tests/cpp17/generated_cpp17/optional_scalars_generated.h,mutate_maybe_i16,187,187,HANDWRITTEN_CPP,False,CPP_UNVERIFIED,B_DIRECT_MIGRATION,ordinary C++ control/data-flow without detected boundary
tests/cpp17/generated_cpp17/optional_scalars_generated.h,mutate_default_i16,193,193,HANDWRITTEN_CPP,False,CPP_UNVERIFIED,B_DIRECT_MIGRATION,ordinary C++ control/data-flow without detected boundary
tests/cpp17/generated_cpp17/optional_scalars_generated.h,mutate_just_u16,199,199,HANDWRITTEN_CPP,False,CPP_UNVERIFIED,B_DIRECT_MIGRATION,ordinary C++ control/data-flow without detected boundary
tests/cpp17/generated_cpp17/optional_scalars_generated.h,mutate_maybe_u16,205,205,HANDWRITTEN_CPP,False,CPP_UNVERIFIED,B_DIRECT_MIGRATION,ordinary C++ control/data-flow without detected boundary
tests/cpp17/generated_cpp17/optional_scalars_generated.h,mutate_default_u16,211,211,HANDWRITTEN_CPP,False,CPP_UNVERIFIED,B_DIRECT_MIGRATION,ordinary C++ control/data-flow without detected boundary
tests/cpp17/generated_cpp17/optional_scalars_generated.h,mutate_just_i32,217,217,HANDWRITTEN_CPP,False,CPP_UNVERIFIED,B_DIRECT_MIGRATION,ordinary C++ control/data-flow without detected boundary
tests/cpp17/generated_cpp17/optional_scalars_generated.h,mutate_maybe_i32,223,223,HANDWRITTEN_CPP,False,CPP_UNVERIFIED,B_DIRECT_MIGRATION,ordinary C++ control/data-flow without detected boundary
tests/cpp17/generated_cpp17/optional_scalars_generated.h,mutate_default_i32,229,229,HANDWRITTEN_CPP,False,CPP_UNVERIFIED,B_DIRECT_MIGRATION,ordinary C++ control/data-flow without detected boundary
tests/cpp17/generated_cpp17/optional_scalars_generated.h,mutate_just_u32,235,235,HANDWRITTEN_CPP,False,CPP_UNVERIFIED,B_DIRECT_MIGRATION,ordinary C++ control/data-flow without detected boundary
tests/cpp17/generated_cpp17/optional_scalars_generated.h,mutate_maybe_u32,241,241,HANDWRITTEN_CPP,False,CPP_UNVERIFIED,B_DIRECT_MIGRATION,ordinary C++ control/data-flow without detected boundary
tests/cpp17/generated_cpp17/optional_scalars_generated.h,mutate_default_u32,247,247,HANDWRITTEN_CPP,False,CPP_UNVERIFIED,B_DIRECT_MIGRATION,ordinary C++ control/data-flow without detected boundary
tests/cpp17/generated_cpp17/optional_scalars_generated.h,mutate_just_i64,253,253,HANDWRITTEN_CPP,False,CPP_UNVERIFIED,B_DIRECT_MIGRATION,ordinary C++ control/data-flow without detected boundary
tests/cpp17/generated_cpp17/optional_scalars_generated.h,mutate_maybe_i64,259,259,HANDWRITTEN_CPP,False,CPP_UNVERIFIED,B_DIRECT_MIGRATION,ordinary C++ control/data-flow without detected boundary
tests/cpp17/generated_cpp17/optional_scalars_generated.h,mutate_default_i64,265,265,HANDWRITTEN_CPP,False,CPP_UNVERIFIED,B_DIRECT_MIGRATION,ordinary C++ control/data-flow without detected boundary
tests/cpp17/generated_cpp17/optional_scalars_generated.h,mutate_just_u64,271,271,HANDWRITTEN_CPP,False,CPP_UNVERIFIED,B_DIRECT_MIGRATION,ordinary C++ control/data-flow without detected boundary
tests/cpp17/generated_cpp17/optional_scalars_generated.h,mutate_maybe_u64,277,277,HANDWRITTEN_CPP,False,CPP_UNVERIFIED,B_DIRECT_MIGRATION,ordinary C++ control/data-flow without detected boundary
tests/cpp17/generated_cpp17/optional_scalars_generated.h,mutate_default_u64,283,283,HANDWRITTEN_CPP,False,CPP_UNVERIFIED,B_DIRECT_MIGRATION,ordinary C++ control/data-flow without detected boundary
tests/cpp17/generated_cpp17/optional_scalars_generated.h,mutate_just_f32,289,289,HANDWRITTEN_CPP,False,CPP_UNVERIFIED,B_DIRECT_MIGRATION,ordinary C++ control/data-flow without detected boundary
tests/cpp17/generated_cpp17/optional_scalars_generated.h,mutate_maybe_f32,295,295,HANDWRITTEN_CPP,False,CPP_UNVERIFIED,B_DIRECT_MIGRATION,ordinary C++ control/data-flow without detected boundary
tests/cpp17/generated_cpp17/optional_scalars_generated.h,mutate_default_f32,301,301,HANDWRITTEN_CPP,False,CPP_UNVERIFIED,B_DIRECT_MIGRATION,ordinary C++ control/data-flow without detected boundary
tests/cpp17/generated_cpp17/optional_scalars_generated.h,mutate_just_f64,307,307,HANDWRITTEN_CPP,False,CPP_UNVERIFIED,B_DIRECT_MIGRATION,ordinary C++ control/data-flow without detected boundary
tests/cpp17/generated_cpp17/optional_scalars_generated.h,mutate_maybe_f64,313,313,HANDWRITTEN_CPP,False,CPP_UNVERIFIED,B_DIRECT_MIGRATION,ordinary C++ control/data-flow without detected boundary
tests/cpp17/generated_cpp17/optional_scalars_generated.h,mutate_default_f64,319,319,HANDWRITTEN_CPP,False,CPP_UNVERIFIED,B_DIRECT_MIGRATION,ordinary C++ control/data-flow without detected boundary
tests/cpp17/generated_cpp17/optional_scalars_generated.h,mutate_just_bool,325,325,HANDWRITTEN_CPP,False,CPP_UNVERIFIED,B_DIRECT_MIGRATION,ordinary C++ control/data-flow without detected boundary
tests/cpp17/generated_cpp17/optional_scalars_generated.h,mutate_maybe_bool,331,331,HANDWRITTEN_CPP,False,CPP_UNVERIFIED,B_DIRECT_MIGRATION,ordinary C++ control/data-flow without detected boundary
tests/cpp17/generated_cpp17/optional_scalars_generated.h,mutate_default_bool,337,337,HANDWRITTEN_CPP,False,CPP_UNVERIFIED,B_DIRECT_MIGRATION,ordinary C++ control/data-flow without detected boundary
tests/cpp17/generated_cpp17/optional_scalars_generated.h,mutate_just_enum,343,343,HANDWRITTEN_CPP,False,CPP_UNVERIFIED,B_DIRECT_MIGRATION,ordinary C++ control/data-flow without detected boundary
tests/cpp17/generated_cpp17/optional_scalars_generated.h,mutate_maybe_enum,349,349,HANDWRITTEN_CPP,False,CPP_UNVERIFIED,B_DIRECT_MIGRATION,ordinary C++ control/data-flow without detected boundary
tests/cpp17/generated_cpp17/optional_scalars_generated.h,mutate_default_enum,355,355,HANDWRITTEN_CPP,False,CPP_UNVERIFIED,B_DIRECT_MIGRATION,ordinary C++ control/data-flow without detected boundary
tests/cpp17/generated_cpp17/optional_scalars_generated.h,add_just_i8,448,448,HANDWRITTEN_CPP,False,CPP_UNVERIFIED,B_DIRECT_MIGRATION,ordinary C++ control/data-flow without detected boundary
tests/cpp17/generated_cpp17/optional_scalars_generated.h,add_maybe_i8,451,451,HANDWRITTEN_CPP,False,CPP_UNVERIFIED,B_DIRECT_MIGRATION,ordinary C++ control/data-flow without detected boundary
tests/cpp17/generated_cpp17/optional_scalars_generated.h,add_default_i8,454,454,HANDWRITTEN_CPP,False,CPP_UNVERIFIED,B_DIRECT_MIGRATION,ordinary C++ control/data-flow without detected boundary
tests/cpp17/generated_cpp17/optional_scalars_generated.h,add_just_u8,457,457,HANDWRITTEN_CPP,False,CPP_UNVERIFIED,B_DIRECT_MIGRATION,ordinary C++ control/data-flow without detected boundary
tests/cpp17/generated_cpp17/optional_scalars_generated.h,add_maybe_u8,460,460,HANDWRITTEN_CPP,False,CPP_UNVERIFIED,B_DIRECT_MIGRATION,ordinary C++ control/data-flow without detected boundary
tests/cpp17/generated_cpp17/optional_scalars_generated.h,add_default_u8,463,463,HANDWRITTEN_CPP,False,CPP_UNVERIFIED,B_DIRECT_MIGRATION,ordinary C++ control/data-flow without detected boundary
tests/cpp17/generated_cpp17/optional_scalars_generated.h,add_just_i16,466,466,HANDWRITTEN_CPP,False,CPP_UNVERIFIED,B_DIRECT_MIGRATION,ordinary C++ control/data-flow without detected boundary
tests/cpp17/generated_cpp17/optional_scalars_generated.h,add_maybe_i16,469,469,HANDWRITTEN_CPP,False,CPP_UNVERIFIED,B_DIRECT_MIGRATION,ordinary C++ control/data-flow without detected boundary
tests/cpp17/generated_cpp17/optional_scalars_generated.h,add_default_i16,472,472,HANDWRITTEN_CPP,False,CPP_UNVERIFIED,B_DIRECT_MIGRATION,ordinary C++ control/data-flow without detected boundary
tests/cpp17/generated_cpp17/optional_scalars_generated.h,add_just_u16,475,475,HANDWRITTEN_CPP,False,CPP_UNVERIFIED,B_DIRECT_MIGRATION,ordinary C++ control/data-flow without detected boundary
tests/cpp17/generated_cpp17/optional_scalars_generated.h,add_maybe_u16,478,478,HANDWRITTEN_CPP,False,CPP_UNVERIFIED,B_DIRECT_MIGRATION,ordinary C++ control/data-flow without detected boundary
tests/cpp17/generated_cpp17/optional_scalars_generated.h,add_default_u16,481,481,HANDWRITTEN_CPP,False,CPP_UNVERIFIED,B_DIRECT_MIGRATION,ordinary C++ control/data-flow without detected boundary
tests/cpp17/generated_cpp17/optional_scalars_generated.h,add_just_i32,484,484,HANDWRITTEN_CPP,False,CPP_UNVERIFIED,B_DIRECT_MIGRATION,ordinary C++ control/data-flow without detected boundary
tests/cpp17/generated_cpp17/optional_scalars_generated.h,add_maybe_i32,487,487,HANDWRITTEN_CPP,False,CPP_UNVERIFIED,B_DIRECT_MIGRATION,ordinary C++ control/data-flow without detected boundary
tests/cpp17/generated_cpp17/optional_scalars_generated.h,add_default_i32,490,490,HANDWRITTEN_CPP,False,CPP_UNVERIFIED,B_DIRECT_MIGRATION,ordinary C++ control/data-flow without detected boundary
tests/cpp17/generated_cpp17/optional_scalars_generated.h,add_just_u32,493,493,HANDWRITTEN_CPP,False,CPP_UNVERIFIED,B_DIRECT_MIGRATION,ordinary C++ control/data-flow without detected boundary
tests/cpp17/generated_cpp17/optional_scalars_generated.h,add_maybe_u32,496,496,HANDWRITTEN_CPP,False,CPP_UNVERIFIED,B_DIRECT_MIGRATION,ordinary C++ control/data-flow without detected boundary
tests/cpp17/generated_cpp17/optional_scalars_generated.h,add_default_u32,499,499,HANDWRITTEN_CPP,False,CPP_UNVERIFIED,B_DIRECT_MIGRATION,ordinary C++ control/data-flow without detected boundary
tests/cpp17/generated_cpp17/optional_scalars_generated.h,add_just_i64,502,502,HANDWRITTEN_CPP,False,CPP_UNVERIFIED,B_DIRECT_MIGRATION,ordinary C++ control/data-flow without detected boundary
tests/cpp17/generated_cpp17/optional_scalars_generated.h,add_maybe_i64,505,505,HANDWRITTEN_CPP,False,CPP_UNVERIFIED,B_DIRECT_MIGRATION,ordinary C++ control/data-flow without detected boundary
tests/cpp17/generated_cpp17/optional_scalars_generated.h,add_default_i64,508,508,HANDWRITTEN_CPP,False,CPP_UNVERIFIED,B_DIRECT_MIGRATION,ordinary C++ control/data-flow without detected boundary
tests/cpp17/generated_cpp17/optional_scalars_generated.h,add_just_u64,511,511,HANDWRITTEN_CPP,False,CPP_UNVERIFIED,B_DIRECT_MIGRATION,ordinary C++ control/data-flow without detected boundary
tests/cpp17/generated_cpp17/optional_scalars_generated.h,add_maybe_u64,514,514,HANDWRITTEN_CPP,False,CPP_UNVERIFIED,B_DIRECT_MIGRATION,ordinary C++ control/data-flow without detected boundary
tests/cpp17/generated_cpp17/optional_scalars_generated.h,add_default_u64,517,517,HANDWRITTEN_CPP,False,CPP_UNVERIFIED,B_DIRECT_MIGRATION,ordinary C++ control/data-flow without detected boundary
tests/cpp17/generated_cpp17/optional_scalars_generated.h,add_just_f32,520,520,HANDWRITTEN_CPP,False,CPP_UNVERIFIED,B_DIRECT_MIGRATION,ordinary C++ control/data-flow without detected boundary
tests/cpp17/generated_cpp17/optional_scalars_generated.h,add_maybe_f32,523,523,HANDWRITTEN_CPP,False,CPP_UNVERIFIED,B_DIRECT_MIGRATION,ordinary C++ control/data-flow without detected boundary
tests/cpp17/generated_cpp17/optional_scalars_generated.h,add_default_f32,526,526,HANDWRITTEN_CPP,False,CPP_UNVERIFIED,B_DIRECT_MIGRATION,ordinary C++ control/data-flow without detected boundary
tests/cpp17/generated_cpp17/optional_scalars_generated.h,add_just_f64,529,529,HANDWRITTEN_CPP,False,CPP_UNVERIFIED,B_DIRECT_MIGRATION,ordinary C++ control/data-flow without detected boundary
tests/cpp17/generated_cpp17/optional_scalars_generated.h,add_maybe_f64,532,532,HANDWRITTEN_CPP,False,CPP_UNVERIFIED,B_DIRECT_MIGRATION,ordinary C++ control/data-flow without detected boundary
tests/cpp17/generated_cpp17/optional_scalars_generated.h,add_default_f64,535,535,HANDWRITTEN_CPP,False,CPP_UNVERIFIED,B_DIRECT_MIGRATION,ordinary C++ control/data-flow without detected boundary
tests/cpp17/generated_cpp17/optional_scalars_generated.h,add_just_bool,538,538,HANDWRITTEN_CPP,False,CPP_UNVERIFIED,B_DIRECT_MIGRATION,ordinary C++ control/data-flow without detected boundary
tests/cpp17/generated_cpp17/optional_scalars_generated.h,add_maybe_bool,541,541,HANDWRITTEN_CPP,False,CPP_UNVERIFIED,B_DIRECT_MIGRATION,ordinary C++ control/data-flow without detected boundary
tests/cpp17/generated_cpp17/optional_scalars_generated.h,add_default_bool,544,544,HANDWRITTEN_CPP,False,CPP_UNVERIFIED,B_DIRECT_MIGRATION,ordinary C++ control/data-flow without detected boundary
tests/cpp17/generated_cpp17/optional_scalars_generated.h,add_just_enum,547,547,HANDWRITTEN_CPP,False,CPP_UNVERIFIED,B_DIRECT_MIGRATION,ordinary C++ control/data-flow without detected boundary
tests/cpp17/generated_cpp17/optional_scalars_generated.h,add_maybe_enum,550,550,HANDWRITTEN_CPP,False,CPP_UNVERIFIED,B_DIRECT_MIGRATION,ordinary C++ control/data-flow without detected boundary
tests/cpp17/generated_cpp17/optional_scalars_generated.h,add_default_enum,553,553,HANDWRITTEN_CPP,False,CPP_UNVERIFIED,B_DIRECT_MIGRATION,ordinary C++ control/data-flow without detected boundary
tests/cpp17/generated_cpp17/optional_scalars_generated.h,ScalarStuffBuilder,556,557,HANDWRITTEN_CPP,False,CPP_UNVERIFIED,B_DIRECT_MIGRATION,ordinary C++ control/data-flow without detected boundary
tests/cpp17/generated_cpp17/optional_scalars_generated.h,Finish,560,560,HANDWRITTEN_CPP,False,CPP_UNVERIFIED,B_DIRECT_MIGRATION,ordinary C++ control/data-flow without detected boundary
tests/cpp17/generated_cpp17/optional_scalars_generated.h,CreateScalarStuff,566,604,HANDWRITTEN_CPP,False,CPP_UNVERIFIED,B_DIRECT_MIGRATION,ordinary C++ control/data-flow without detected boundary
tests/cpp17/generated_cpp17/optional_scalars_generated.h,CreateScalarStuff,741,742,HANDWRITTEN_CPP,False,CPP_UNVERIFIED,B_DIRECT_MIGRATION,ordinary C++ control/data-flow without detected boundary
tests/cpp17/generated_cpp17/optional_scalars_generated.h,ScalarStuffBufferHasIdentifier,951,952,HANDWRITTEN_CPP,False,CPP_UNVERIFIED,B_DIRECT_MIGRATION,ordinary C++ control/data-flow without detected boundary
tests/cpp17/generated_cpp17/optional_scalars_generated.h,SizePrefixedScalarStuffBufferHasIdentifier,956,957,HANDWRITTEN_CPP,False,CPP_UNVERIFIED,B_DIRECT_MIGRATION,ordinary C++ control/data-flow without detected boundary
tests/cpp17/generated_cpp17/optional_scalars_generated.h,VerifyScalarStuffBuffer,963,964,HANDWRITTEN_CPP,False,CPP_UNVERIFIED,B_DIRECT_MIGRATION,ordinary C++ control/data-flow without detected boundary
tests/cpp17/generated_cpp17/optional_scalars_generated.h,VerifySizePrefixedScalarStuffBuffer,969,970,HANDWRITTEN_CPP,False,CPP_UNVERIFIED,B_DIRECT_MIGRATION,ordinary C++ control/data-flow without detected boundary
tests/cpp17/generated_cpp17/optional_scalars_generated.h,FinishScalarStuffBuffer,977,980,HANDWRITTEN_CPP,False,CPP_UNVERIFIED,B_DIRECT_MIGRATION,ordinary C++ control/data-flow without detected boundary
tests/cpp17/generated_cpp17/optional_scalars_generated.h,FinishSizePrefixedScalarStuffBuffer,983,986,HANDWRITTEN_CPP,False,CPP_UNVERIFIED,B_DIRECT_MIGRATION,ordinary C++ control/data-flow without detected boundary
tests/cpp17/generated_cpp17/optional_scalars_generated.h,UnPackScalarStuff,989,992,HANDWRITTEN_CPP,False,CPP_UNVERIFIED,C_LOCAL_REFACTOR,"ownership, callback, threading, or template shape"
tests/cpp17/generated_cpp17/optional_scalars_generated.h,UnPackSizePrefixedScalarStuff,995,998,HANDWRITTEN_CPP,False,CPP_UNVERIFIED,C_LOCAL_REFACTOR,"ownership, callback, threading, or template shape"
tests/cpp17/generated_cpp17/union_vector_generated.h,Set,239,241,HANDWRITTEN_CPP,False,CPP_UNVERIFIED,B_DIRECT_MIGRATION,ordinary C++ control/data-flow without detected boundary
tests/cpp17/generated_cpp17/union_vector_generated.h,hair_length_,286,286,HANDWRITTEN_CPP,False,CPP_UNVERIFIED,B_DIRECT_MIGRATION,ordinary C++ control/data-flow without detected boundary
tests/cpp17/generated_cpp17/union_vector_generated.h,hair_length_,289,289,HANDWRITTEN_CPP,False,CPP_UNVERIFIED,B_DIRECT_MIGRATION,ordinary C++ control/data-flow without detected boundary
tests/cpp17/generated_cpp17/union_vector_generated.h,mutate_hair_length,294,294,HANDWRITTEN_CPP,False,CPP_UNVERIFIED,B_DIRECT_MIGRATION,ordinary C++ control/data-flow without detected boundary
tests/cpp17/generated_cpp17/union_vector_generated.h,books_read_,327,327,HANDWRITTEN_CPP,False,CPP_UNVERIFIED,B_DIRECT_MIGRATION,ordinary C++ control/data-flow without detected boundary
tests/cpp17/generated_cpp17/union_vector_generated.h,books_read_,330,330,HANDWRITTEN_CPP,False,CPP_UNVERIFIED,B_DIRECT_MIGRATION,ordinary C++ control/data-flow without detected boundary
tests/cpp17/generated_cpp17/union_vector_generated.h,mutate_books_read,335,335,HANDWRITTEN_CPP,False,CPP_UNVERIFIED,B_DIRECT_MIGRATION,ordinary C++ control/data-flow without detected boundary
tests/cpp17/generated_cpp17/union_vector_generated.h,weight_,368,368,HANDWRITTEN_CPP,False,CPP_UNVERIFIED,B_DIRECT_MIGRATION,ordinary C++ control/data-flow without detected boundary
tests/cpp17/generated_cpp17/union_vector_generated.h,weight_,371,371,HANDWRITTEN_CPP,False,CPP_UNVERIFIED,B_DIRECT_MIGRATION,ordinary C++ control/data-flow without detected boundary
tests/cpp17/generated_cpp17/union_vector_generated.h,mutate_weight,376,376,HANDWRITTEN_CPP,False,CPP_UNVERIFIED,B_DIRECT_MIGRATION,ordinary C++ control/data-flow without detected boundary
tests/cpp17/generated_cpp17/union_vector_generated.h,mutate_sword_attack_damage,417,417,HANDWRITTEN_CPP,False,CPP_UNVERIFIED,B_DIRECT_MIGRATION,ordinary C++ control/data-flow without detected boundary
tests/cpp17/generated_cpp17/union_vector_generated.h,add_sword_attack_damage,440,440,HANDWRITTEN_CPP,False,CPP_UNVERIFIED,B_DIRECT_MIGRATION,ordinary C++ control/data-flow without detected boundary
tests/cpp17/generated_cpp17/union_vector_generated.h,AttackerBuilder,443,444,HANDWRITTEN_CPP,False,CPP_UNVERIFIED,B_DIRECT_MIGRATION,ordinary C++ control/data-flow without detected boundary
tests/cpp17/generated_cpp17/union_vector_generated.h,Finish,447,447,HANDWRITTEN_CPP,False,CPP_UNVERIFIED,B_DIRECT_MIGRATION,ordinary C++ control/data-flow without detected boundary
tests/cpp17/generated_cpp17/union_vector_generated.h,CreateAttacker,453,456,HANDWRITTEN_CPP,False,CPP_UNVERIFIED,B_DIRECT_MIGRATION,ordinary C++ control/data-flow without detected boundary
tests/cpp17/generated_cpp17/union_vector_generated.h,mutate_length,495,495,HANDWRITTEN_CPP,False,CPP_UNVERIFIED,B_DIRECT_MIGRATION,ordinary C++ control/data-flow without detected boundary
tests/cpp17/generated_cpp17/union_vector_generated.h,add_length,518,518,HANDWRITTEN_CPP,False,CPP_UNVERIFIED,B_DIRECT_MIGRATION,ordinary C++ control/data-flow without detected boundary
tests/cpp17/generated_cpp17/union_vector_generated.h,HandFanBuilder,521,522,HANDWRITTEN_CPP,False,CPP_UNVERIFIED,B_DIRECT_MIGRATION,ordinary C++ control/data-flow without detected boundary
tests/cpp17/generated_cpp17/union_vector_generated.h,Finish,525,525,HANDWRITTEN_CPP,False,CPP_UNVERIFIED,B_DIRECT_MIGRATION,ordinary C++ control/data-flow without detected boundary
tests/cpp17/generated_cpp17/union_vector_generated.h,CreateHandFan,531,534,HANDWRITTEN_CPP,False,CPP_UNVERIFIED,B_DIRECT_MIGRATION,ordinary C++ control/data-flow without detected boundary
tests/cpp17/generated_cpp17/union_vector_generated.h,add_main_character_type,661,661,HANDWRITTEN_CPP,False,CPP_UNVERIFIED,B_DIRECT_MIGRATION,ordinary C++ control/data-flow without detected boundary
tests/cpp17/generated_cpp17/union_vector_generated.h,add_main_character,664,664,HANDWRITTEN_CPP,False,CPP_UNVERIFIED,B_DIRECT_MIGRATION,ordinary C++ control/data-flow without detected boundary
tests/cpp17/generated_cpp17/union_vector_generated.h,add_characters_type,667,667,HANDWRITTEN_CPP,False,CPP_UNVERIFIED,B_DIRECT_MIGRATION,ordinary C++ control/data-flow without detected boundary
tests/cpp17/generated_cpp17/union_vector_generated.h,add_characters,670,670,HANDWRITTEN_CPP,False,CPP_UNVERIFIED,B_DIRECT_MIGRATION,ordinary C++ control/data-flow without detected boundary
tests/cpp17/generated_cpp17/union_vector_generated.h,MovieBuilder,673,674,HANDWRITTEN_CPP,False,CPP_UNVERIFIED,B_DIRECT_MIGRATION,ordinary C++ control/data-flow without detected boundary
tests/cpp17/generated_cpp17/union_vector_generated.h,Finish,677,677,HANDWRITTEN_CPP,False,CPP_UNVERIFIED,B_DIRECT_MIGRATION,ordinary C++ control/data-flow without detected boundary
tests/cpp17/generated_cpp17/union_vector_generated.h,CreateMovie,683,689,HANDWRITTEN_CPP,False,CPP_UNVERIFIED,B_DIRECT_MIGRATION,ordinary C++ control/data-flow without detected boundary
tests/cpp17/generated_cpp17/union_vector_generated.h,CreateMovieDirect,713,719,HANDWRITTEN_CPP,False,CPP_UNVERIFIED,B_DIRECT_MIGRATION,ordinary C++ control/data-flow without detected boundary
tests/cpp17/generated_cpp17/union_vector_generated.h,CreateAttacker,743,744,HANDWRITTEN_CPP,False,CPP_UNVERIFIED,B_DIRECT_MIGRATION,ordinary C++ control/data-flow without detected boundary
tests/cpp17/generated_cpp17/union_vector_generated.h,CreateHandFan,769,770,HANDWRITTEN_CPP,False,CPP_UNVERIFIED,B_DIRECT_MIGRATION,ordinary C++ control/data-flow without detected boundary
tests/cpp17/generated_cpp17/union_vector_generated.h,CreateMovie,798,799,HANDWRITTEN_CPP,False,CPP_UNVERIFIED,B_DIRECT_MIGRATION,ordinary C++ control/data-flow without detected boundary
tests/cpp17/generated_cpp17/union_vector_generated.h,VerifyCharacter,818,820,HANDWRITTEN_CPP,False,CPP_UNVERIFIED,B_DIRECT_MIGRATION,ordinary C++ control/data-flow without detected boundary
tests/cpp17/generated_cpp17/union_vector_generated.h,VerifyCharacterVector,849,851,HANDWRITTEN_CPP,False,CPP_UNVERIFIED,B_DIRECT_MIGRATION,ordinary C++ control/data-flow without detected boundary
tests/cpp17/generated_cpp17/union_vector_generated.h,VerifyGadget,993,995,HANDWRITTEN_CPP,False,CPP_UNVERIFIED,B_DIRECT_MIGRATION,ordinary C++ control/data-flow without detected boundary
tests/cpp17/generated_cpp17/union_vector_generated.h,VerifyGadgetVector,1010,1012,HANDWRITTEN_CPP,False,CPP_UNVERIFIED,B_DIRECT_MIGRATION,ordinary C++ control/data-flow without detected boundary
tests/cpp17/generated_cpp17/union_vector_generated.h,MovieBufferHasIdentifier,1247,1248,HANDWRITTEN_CPP,False,CPP_UNVERIFIED,B_DIRECT_MIGRATION,ordinary C++ control/data-flow without detected boundary
tests/cpp17/generated_cpp17/union_vector_generated.h,SizePrefixedMovieBufferHasIdentifier,1252,1253,HANDWRITTEN_CPP,False,CPP_UNVERIFIED,B_DIRECT_MIGRATION,ordinary C++ control/data-flow without detected boundary
tests/cpp17/generated_cpp17/union_vector_generated.h,VerifyMovieBuffer,1259,1260,HANDWRITTEN_CPP,False,CPP_UNVERIFIED,B_DIRECT_MIGRATION,ordinary C++ control/data-flow without detected boundary
tests/cpp17/generated_cpp17/union_vector_generated.h,VerifySizePrefixedMovieBuffer,1265,1266,HANDWRITTEN_CPP,False,CPP_UNVERIFIED,B_DIRECT_MIGRATION,ordinary C++ control/data-flow without detected boundary
tests/cpp17/generated_cpp17/union_vector_generated.h,FinishMovieBuffer,1269,1272,HANDWRITTEN_CPP,False,CPP_UNVERIFIED,B_DIRECT_MIGRATION,ordinary C++ control/data-flow without detected boundary
tests/cpp17/generated_cpp17/union_vector_generated.h,FinishSizePrefixedMovieBuffer,1275,1278,HANDWRITTEN_CPP,False,CPP_UNVERIFIED,B_DIRECT_MIGRATION,ordinary C++ control/data-flow without detected boundary
tests/cpp17/generated_cpp17/union_vector_generated.h,UnPackMovie,1281,1284,HANDWRITTEN_CPP,False,CPP_UNVERIFIED,C_LOCAL_REFACTOR,"ownership, callback, threading, or template shape"
tests/cpp17/generated_cpp17/union_vector_generated.h,UnPackSizePrefixedMovie,1287,1290,HANDWRITTEN_CPP,False,CPP_UNVERIFIED,C_LOCAL_REFACTOR,"ownership, callback, threading, or template shape"
tests/cpp17/stringify_util.h,AddStringifiedField,69,69,HANDWRITTEN_CPP,False,CPP_UNVERIFIED,B_DIRECT_MIGRATION,ordinary C++ control/data-flow without detected boundary
tests/cpp17/stringify_util.h,StringifyTableOrStructImpl,80,82,HANDWRITTEN_CPP,False,CPP_UNVERIFIED,B_DIRECT_MIGRATION,ordinary C++ control/data-flow without detected boundary
tests/cpp17/stringify_util.h,StringifyTableOrStruct,86,88,HANDWRITTEN_CPP,False,CPP_UNVERIFIED,B_DIRECT_MIGRATION,ordinary C++ control/data-flow without detected boundary
tests/cpp17/stringify_util.h,constexpr,93,93,HANDWRITTEN_CPP,False,CPP_UNVERIFIED,B_DIRECT_MIGRATION,ordinary C++ control/data-flow without detected boundary
tests/cpp17/stringify_util.h,StringifyVector,101,104,HANDWRITTEN_CPP,False,CPP_UNVERIFIED,B_DIRECT_MIGRATION,ordinary C++ control/data-flow without detected boundary
tests/cpp17/stringify_util.h,StringifyArithmeticType,120,122,HANDWRITTEN_CPP,False,CPP_UNVERIFIED,B_DIRECT_MIGRATION,ordinary C++ control/data-flow without detected boundary
tests/cpp17/stringify_util.h,StringifyFlatbufferValue,131,133,HANDWRITTEN_CPP,False,CPP_UNVERIFIED,B_DIRECT_MIGRATION,ordinary C++ control/data-flow without detected boundary
tests/cpp17/stringify_util.h,constexpr,136,136,HANDWRITTEN_CPP,False,CPP_UNVERIFIED,B_DIRECT_MIGRATION,ordinary C++ control/data-flow without detected boundary
tests/cpp17/stringify_util.h,constexpr,143,143,HANDWRITTEN_CPP,False,CPP_UNVERIFIED,B_DIRECT_MIGRATION,ordinary C++ control/data-flow without detected boundary
tests/cpp17/stringify_util.h,constexpr,152,153,HANDWRITTEN_CPP,False,CPP_UNVERIFIED,B_DIRECT_MIGRATION,ordinary C++ control/data-flow without detected boundary
tests/cpp17/stringify_util.h,constexpr,159,159,HANDWRITTEN_CPP,False,CPP_UNVERIFIED,B_DIRECT_MIGRATION,ordinary C++ control/data-flow without detected boundary
tests/cpp17/stringify_util.h,constexpr,165,165,HANDWRITTEN_CPP,False,CPP_UNVERIFIED,B_DIRECT_MIGRATION,ordinary C++ control/data-flow without detected boundary
tests/cpp17/stringify_util.h,constexpr,170,170,HANDWRITTEN_CPP,False,CPP_UNVERIFIED,B_DIRECT_MIGRATION,ordinary C++ control/data-flow without detected boundary
tests/cpp17/stringify_util.h,constexpr,175,175,HANDWRITTEN_CPP,False,CPP_UNVERIFIED,B_DIRECT_MIGRATION,ordinary C++ control/data-flow without detected boundary
tests/cpp17/stringify_util.h,constexpr,180,180,HANDWRITTEN_CPP,False,CPP_UNVERIFIED,B_DIRECT_MIGRATION,ordinary C++ control/data-flow without detected boundary
tests/cpp17/test_cpp17.cpp,StringifyAnyFlatbuffersTypeTest,102,102,HANDWRITTEN_CPP,False,CPP_UNVERIFIED,B_DIRECT_MIGRATION,ordinary C++ control/data-flow without detected boundary
tests/cpp17/test_cpp17.cpp,CreateTableByTypeTest,193,193,HANDWRITTEN_CPP,False,CPP_UNVERIFIED,B_DIRECT_MIGRATION,ordinary C++ control/data-flow without detected boundary
tests/cpp17/test_cpp17.cpp,OptionalScalarsTest,215,216,HANDWRITTEN_CPP,False,CPP_UNVERIFIED,B_DIRECT_MIGRATION,ordinary C++ control/data-flow without detected boundary
tests/cpp17/test_cpp17.cpp,FlatBufferCpp17Tests,257,258,HANDWRITTEN_CPP,False,CPP_UNVERIFIED,B_DIRECT_MIGRATION,ordinary C++ control/data-flow without detected boundary
tests/cpp17/test_cpp17.cpp,main,265,266,HANDWRITTEN_CPP,False,CPP_UNVERIFIED,B_DIRECT_MIGRATION,ordinary C++ control/data-flow without detected boundary
tests/default_vectors_strings_test.cpp,DefaultVectorsStringsTest_EmptyOnDefault_Const,21,22,HANDWRITTEN_CPP,False,CPP_UNVERIFIED,B_DIRECT_MIGRATION,ordinary C++ control/data-flow without detected boundary
tests/default_vectors_strings_test.cpp,DefaultVectorsStringsTest_EmptyOnDefault_Mutable,98,99,HANDWRITTEN_CPP,False,CPP_UNVERIFIED,B_DIRECT_MIGRATION,ordinary C++ control/data-flow without detected boundary
tests/default_vectors_strings_test.cpp,DefaultVectorsStringsTest_WithValues,163,164,HANDWRITTEN_CPP,False,CPP_UNVERIFIED,B_DIRECT_MIGRATION,ordinary C++ control/data-flow without detected boundary
tests/default_vectors_strings_test.cpp,DefaultVectorsStringsTest_BufferSize,222,223,HANDWRITTEN_CPP,False,CPP_UNVERIFIED,B_DIRECT_MIGRATION,ordinary C++ control/data-flow without detected boundary
tests/default_vectors_strings_test.cpp,DefaultVectorsStringsTest,240,241,HANDWRITTEN_CPP,False,CPP_UNVERIFIED,B_DIRECT_MIGRATION,ordinary C++ control/data-flow without detected boundary
tests/evolution_test/evolution_v1_generated.h,Struct,115,120,HANDWRITTEN_CPP,False,CPP_UNVERIFIED,B_DIRECT_MIGRATION,ordinary C++ control/data-flow without detected boundary
tests/evolution_test/evolution_v1_generated.h,a_,124,126,HANDWRITTEN_CPP,False,CPP_UNVERIFIED,B_DIRECT_MIGRATION,ordinary C++ control/data-flow without detected boundary
tests/evolution_test/evolution_v1_generated.h,AbslHashValue,147,149,HANDWRITTEN_CPP,False,CPP_UNVERIFIED,B_DIRECT_MIGRATION,ordinary C++ control/data-flow without detected boundary
tests/evolution_test/evolution_v1_generated.h,add_a,178,178,HANDWRITTEN_CPP,False,CPP_UNVERIFIED,B_DIRECT_MIGRATION,ordinary C++ control/data-flow without detected boundary
tests/evolution_test/evolution_v1_generated.h,add_b,181,181,HANDWRITTEN_CPP,False,CPP_UNVERIFIED,B_DIRECT_MIGRATION,ordinary C++ control/data-flow without detected boundary
tests/evolution_test/evolution_v1_generated.h,TableABuilder,184,185,HANDWRITTEN_CPP,False,CPP_UNVERIFIED,B_DIRECT_MIGRATION,ordinary C++ control/data-flow without detected boundary
tests/evolution_test/evolution_v1_generated.h,Finish,188,188,HANDWRITTEN_CPP,False,CPP_UNVERIFIED,B_DIRECT_MIGRATION,ordinary C++ control/data-flow without detected boundary
tests/evolution_test/evolution_v1_generated.h,CreateTableA,194,198,HANDWRITTEN_CPP,False,CPP_UNVERIFIED,B_DIRECT_MIGRATION,ordinary C++ control/data-flow without detected boundary
tests/evolution_test/evolution_v1_generated.h,add_a,225,225,HANDWRITTEN_CPP,False,CPP_UNVERIFIED,B_DIRECT_MIGRATION,ordinary C++ control/data-flow without detected boundary
tests/evolution_test/evolution_v1_generated.h,TableBBuilder,228,229,HANDWRITTEN_CPP,False,CPP_UNVERIFIED,B_DIRECT_MIGRATION,ordinary C++ control/data-flow without detected boundary
tests/evolution_test/evolution_v1_generated.h,Finish,232,232,HANDWRITTEN_CPP,False,CPP_UNVERIFIED,B_DIRECT_MIGRATION,ordinary C++ control/data-flow without detected boundary
tests/evolution_test/evolution_v1_generated.h,CreateTableB,238,241,HANDWRITTEN_CPP,False,CPP_UNVERIFIED,B_DIRECT_MIGRATION,ordinary C++ control/data-flow without detected boundary
tests/evolution_test/evolution_v1_generated.h,add_a,358,358,HANDWRITTEN_CPP,False,CPP_UNVERIFIED,B_DIRECT_MIGRATION,ordinary C++ control/data-flow without detected boundary
tests/evolution_test/evolution_v1_generated.h,add_b,361,361,HANDWRITTEN_CPP,False,CPP_UNVERIFIED,B_DIRECT_MIGRATION,ordinary C++ control/data-flow without detected boundary
tests/evolution_test/evolution_v1_generated.h,add_c_type,364,364,HANDWRITTEN_CPP,False,CPP_UNVERIFIED,B_DIRECT_MIGRATION,ordinary C++ control/data-flow without detected boundary
tests/evolution_test/evolution_v1_generated.h,add_c,367,367,HANDWRITTEN_CPP,False,CPP_UNVERIFIED,B_DIRECT_MIGRATION,ordinary C++ control/data-flow without detected boundary
tests/evolution_test/evolution_v1_generated.h,add_d,370,370,HANDWRITTEN_CPP,False,CPP_UNVERIFIED,B_DIRECT_MIGRATION,ordinary C++ control/data-flow without detected boundary
tests/evolution_test/evolution_v1_generated.h,add_e,373,373,HANDWRITTEN_CPP,False,CPP_UNVERIFIED,B_DIRECT_MIGRATION,ordinary C++ control/data-flow without detected boundary
tests/evolution_test/evolution_v1_generated.h,add_f,376,376,HANDWRITTEN_CPP,False,CPP_UNVERIFIED,B_DIRECT_MIGRATION,ordinary C++ control/data-flow without detected boundary
tests/evolution_test/evolution_v1_generated.h,add_g,379,379,HANDWRITTEN_CPP,False,CPP_UNVERIFIED,B_DIRECT_MIGRATION,ordinary C++ control/data-flow without detected boundary
tests/evolution_test/evolution_v1_generated.h,add_h,382,382,HANDWRITTEN_CPP,False,CPP_UNVERIFIED,B_DIRECT_MIGRATION,ordinary C++ control/data-flow without detected boundary
tests/evolution_test/evolution_v1_generated.h,add_i,385,385,HANDWRITTEN_CPP,False,CPP_UNVERIFIED,B_DIRECT_MIGRATION,ordinary C++ control/data-flow without detected boundary
tests/evolution_test/evolution_v1_generated.h,add_j_type,388,388,HANDWRITTEN_CPP,False,CPP_UNVERIFIED,B_DIRECT_MIGRATION,ordinary C++ control/data-flow without detected boundary
tests/evolution_test/evolution_v1_generated.h,add_j,391,391,HANDWRITTEN_CPP,False,CPP_UNVERIFIED,B_DIRECT_MIGRATION,ordinary C++ control/data-flow without detected boundary
tests/evolution_test/evolution_v1_generated.h,RootBuilder,394,395,HANDWRITTEN_CPP,False,CPP_UNVERIFIED,B_DIRECT_MIGRATION,ordinary C++ control/data-flow without detected boundary
tests/evolution_test/evolution_v1_generated.h,Finish,398,398,HANDWRITTEN_CPP,False,CPP_UNVERIFIED,B_DIRECT_MIGRATION,ordinary C++ control/data-flow without detected boundary
tests/evolution_test/evolution_v1_generated.h,CreateRoot,404,418,HANDWRITTEN_CPP,False,CPP_UNVERIFIED,B_DIRECT_MIGRATION,ordinary C++ control/data-flow without detected boundary
tests/evolution_test/evolution_v1_generated.h,CreateRootDirect,434,448,HANDWRITTEN_CPP,False,CPP_UNVERIFIED,B_DIRECT_MIGRATION,ordinary C++ control/data-flow without detected boundary
tests/evolution_test/evolution_v1_generated.h,VerifyUnion,466,468,HANDWRITTEN_CPP,False,CPP_UNVERIFIED,B_DIRECT_MIGRATION,ordinary C++ control/data-flow without detected boundary
tests/evolution_test/evolution_v1_generated.h,VerifyUnionVector,484,486,HANDWRITTEN_CPP,False,CPP_UNVERIFIED,B_DIRECT_MIGRATION,ordinary C++ control/data-flow without detected boundary
tests/evolution_test/evolution_v1_generated.h,VerifyRootBuffer,507,508,HANDWRITTEN_CPP,False,CPP_UNVERIFIED,B_DIRECT_MIGRATION,ordinary C++ control/data-flow without detected boundary
tests/evolution_test/evolution_v1_generated.h,VerifySizePrefixedRootBuffer,513,514,HANDWRITTEN_CPP,False,CPP_UNVERIFIED,B_DIRECT_MIGRATION,ordinary C++ control/data-flow without detected boundary
tests/evolution_test/evolution_v1_generated.h,FinishRootBuffer,517,520,HANDWRITTEN_CPP,False,CPP_UNVERIFIED,B_DIRECT_MIGRATION,ordinary C++ control/data-flow without detected boundary
tests/evolution_test/evolution_v1_generated.h,FinishSizePrefixedRootBuffer,523,526,HANDWRITTEN_CPP,False,CPP_UNVERIFIED,B_DIRECT_MIGRATION,ordinary C++ control/data-flow without detected boundary
tests/evolution_test/evolution_v2_generated.h,Struct,131,136,HANDWRITTEN_CPP,False,CPP_UNVERIFIED,B_DIRECT_MIGRATION,ordinary C++ control/data-flow without detected boundary
tests/evolution_test/evolution_v2_generated.h,a_,140,142,HANDWRITTEN_CPP,False,CPP_UNVERIFIED,B_DIRECT_MIGRATION,ordinary C++ control/data-flow without detected boundary
tests/evolution_test/evolution_v2_generated.h,AbslHashValue,163,165,HANDWRITTEN_CPP,False,CPP_UNVERIFIED,B_DIRECT_MIGRATION,ordinary C++ control/data-flow without detected boundary
tests/evolution_test/evolution_v2_generated.h,add_a,200,200,HANDWRITTEN_CPP,False,CPP_UNVERIFIED,B_DIRECT_MIGRATION,ordinary C++ control/data-flow without detected boundary
tests/evolution_test/evolution_v2_generated.h,add_b,203,203,HANDWRITTEN_CPP,False,CPP_UNVERIFIED,B_DIRECT_MIGRATION,ordinary C++ control/data-flow without detected boundary
tests/evolution_test/evolution_v2_generated.h,add_c,206,206,HANDWRITTEN_CPP,False,CPP_UNVERIFIED,B_DIRECT_MIGRATION,ordinary C++ control/data-flow without detected boundary
tests/evolution_test/evolution_v2_generated.h,TableABuilder,209,210,HANDWRITTEN_CPP,False,CPP_UNVERIFIED,B_DIRECT_MIGRATION,ordinary C++ control/data-flow without detected boundary
tests/evolution_test/evolution_v2_generated.h,Finish,213,213,HANDWRITTEN_CPP,False,CPP_UNVERIFIED,B_DIRECT_MIGRATION,ordinary C++ control/data-flow without detected boundary
tests/evolution_test/evolution_v2_generated.h,CreateTableA,219,224,HANDWRITTEN_CPP,False,CPP_UNVERIFIED,B_DIRECT_MIGRATION,ordinary C++ control/data-flow without detected boundary
tests/evolution_test/evolution_v2_generated.h,CreateTableADirect,231,236,HANDWRITTEN_CPP,False,CPP_UNVERIFIED,B_DIRECT_MIGRATION,ordinary C++ control/data-flow without detected boundary
tests/evolution_test/evolution_v2_generated.h,add_a,265,265,HANDWRITTEN_CPP,False,CPP_UNVERIFIED,B_DIRECT_MIGRATION,ordinary C++ control/data-flow without detected boundary
tests/evolution_test/evolution_v2_generated.h,TableBBuilder,268,269,HANDWRITTEN_CPP,False,CPP_UNVERIFIED,B_DIRECT_MIGRATION,ordinary C++ control/data-flow without detected boundary
tests/evolution_test/evolution_v2_generated.h,Finish,272,272,HANDWRITTEN_CPP,False,CPP_UNVERIFIED,B_DIRECT_MIGRATION,ordinary C++ control/data-flow without detected boundary
tests/evolution_test/evolution_v2_generated.h,CreateTableB,278,281,HANDWRITTEN_CPP,False,CPP_UNVERIFIED,B_DIRECT_MIGRATION,ordinary C++ control/data-flow without detected boundary
tests/evolution_test/evolution_v2_generated.h,add_a,313,313,HANDWRITTEN_CPP,False,CPP_UNVERIFIED,B_DIRECT_MIGRATION,ordinary C++ control/data-flow without detected boundary
tests/evolution_test/evolution_v2_generated.h,add_b,316,316,HANDWRITTEN_CPP,False,CPP_UNVERIFIED,B_DIRECT_MIGRATION,ordinary C++ control/data-flow without detected boundary
tests/evolution_test/evolution_v2_generated.h,TableCBuilder,319,320,HANDWRITTEN_CPP,False,CPP_UNVERIFIED,B_DIRECT_MIGRATION,ordinary C++ control/data-flow without detected boundary
tests/evolution_test/evolution_v2_generated.h,Finish,323,323,HANDWRITTEN_CPP,False,CPP_UNVERIFIED,B_DIRECT_MIGRATION,ordinary C++ control/data-flow without detected boundary
tests/evolution_test/evolution_v2_generated.h,CreateTableC,329,333,HANDWRITTEN_CPP,False,CPP_UNVERIFIED,B_DIRECT_MIGRATION,ordinary C++ control/data-flow without detected boundary
tests/evolution_test/evolution_v2_generated.h,CreateTableCDirect,339,343,HANDWRITTEN_CPP,False,CPP_UNVERIFIED,B_DIRECT_MIGRATION,ordinary C++ control/data-flow without detected boundary
tests/evolution_test/evolution_v2_generated.h,add_b,449,449,HANDWRITTEN_CPP,False,CPP_UNVERIFIED,B_DIRECT_MIGRATION,ordinary C++ control/data-flow without detected boundary
tests/evolution_test/evolution_v2_generated.h,add_c_type,452,452,HANDWRITTEN_CPP,False,CPP_UNVERIFIED,B_DIRECT_MIGRATION,ordinary C++ control/data-flow without detected boundary
tests/evolution_test/evolution_v2_generated.h,add_c,455,455,HANDWRITTEN_CPP,False,CPP_UNVERIFIED,B_DIRECT_MIGRATION,ordinary C++ control/data-flow without detected boundary
tests/evolution_test/evolution_v2_generated.h,add_d,458,458,HANDWRITTEN_CPP,False,CPP_UNVERIFIED,B_DIRECT_MIGRATION,ordinary C++ control/data-flow without detected boundary
tests/evolution_test/evolution_v2_generated.h,add_e,461,461,HANDWRITTEN_CPP,False,CPP_UNVERIFIED,B_DIRECT_MIGRATION,ordinary C++ control/data-flow without detected boundary
tests/evolution_test/evolution_v2_generated.h,add_ff,464,464,HANDWRITTEN_CPP,False,CPP_UNVERIFIED,B_DIRECT_MIGRATION,ordinary C++ control/data-flow without detected boundary
tests/evolution_test/evolution_v2_generated.h,add_g,467,467,HANDWRITTEN_CPP,False,CPP_UNVERIFIED,B_DIRECT_MIGRATION,ordinary C++ control/data-flow without detected boundary
tests/evolution_test/evolution_v2_generated.h,add_h,470,470,HANDWRITTEN_CPP,False,CPP_UNVERIFIED,B_DIRECT_MIGRATION,ordinary C++ control/data-flow without detected boundary
tests/evolution_test/evolution_v2_generated.h,add_i,473,473,HANDWRITTEN_CPP,False,CPP_UNVERIFIED,B_DIRECT_MIGRATION,ordinary C++ control/data-flow without detected boundary
tests/evolution_test/evolution_v2_generated.h,add_k,476,476,HANDWRITTEN_CPP,False,CPP_UNVERIFIED,B_DIRECT_MIGRATION,ordinary C++ control/data-flow without detected boundary
tests/evolution_test/evolution_v2_generated.h,add_l,479,479,HANDWRITTEN_CPP,False,CPP_UNVERIFIED,B_DIRECT_MIGRATION,ordinary C++ control/data-flow without detected boundary
tests/evolution_test/evolution_v2_generated.h,RootBuilder,482,483,HANDWRITTEN_CPP,False,CPP_UNVERIFIED,B_DIRECT_MIGRATION,ordinary C++ control/data-flow without detected boundary
tests/evolution_test/evolution_v2_generated.h,Finish,486,486,HANDWRITTEN_CPP,False,CPP_UNVERIFIED,B_DIRECT_MIGRATION,ordinary C++ control/data-flow without detected boundary
tests/evolution_test/evolution_v2_generated.h,CreateRoot,492,505,HANDWRITTEN_CPP,False,CPP_UNVERIFIED,B_DIRECT_MIGRATION,ordinary C++ control/data-flow without detected boundary
tests/evolution_test/evolution_v2_generated.h,CreateRootDirect,520,533,HANDWRITTEN_CPP,False,CPP_UNVERIFIED,B_DIRECT_MIGRATION,ordinary C++ control/data-flow without detected boundary
tests/evolution_test/evolution_v2_generated.h,VerifyUnion,550,552,HANDWRITTEN_CPP,False,CPP_UNVERIFIED,B_DIRECT_MIGRATION,ordinary C++ control/data-flow without detected boundary
tests/evolution_test/evolution_v2_generated.h,VerifyUnionVector,572,574,HANDWRITTEN_CPP,False,CPP_UNVERIFIED,B_DIRECT_MIGRATION,ordinary C++ control/data-flow without detected boundary
tests/evolution_test/evolution_v2_generated.h,VerifyRootBuffer,595,596,HANDWRITTEN_CPP,False,CPP_UNVERIFIED,B_DIRECT_MIGRATION,ordinary C++ control/data-flow without detected boundary
tests/evolution_test/evolution_v2_generated.h,VerifySizePrefixedRootBuffer,601,602,HANDWRITTEN_CPP,False,CPP_UNVERIFIED,B_DIRECT_MIGRATION,ordinary C++ control/data-flow without detected boundary
tests/evolution_test/evolution_v2_generated.h,FinishRootBuffer,605,608,HANDWRITTEN_CPP,False,CPP_UNVERIFIED,B_DIRECT_MIGRATION,ordinary C++ control/data-flow without detected boundary
tests/evolution_test/evolution_v2_generated.h,FinishSizePrefixedRootBuffer,611,614,HANDWRITTEN_CPP,False,CPP_UNVERIFIED,B_DIRECT_MIGRATION,ordinary C++ control/data-flow without detected boundary
tests/evolution_test.cpp,EvolutionTest,10,11,HANDWRITTEN_CPP,False,CPP_UNVERIFIED,B_DIRECT_MIGRATION,ordinary C++ control/data-flow without detected boundary
tests/evolution_test.cpp,ConformTest,82,83,HANDWRITTEN_CPP,False,CPP_UNVERIFIED,B_DIRECT_MIGRATION,ordinary C++ control/data-flow without detected boundary
tests/evolution_test.cpp,UnionDeprecationTest,155,156,HANDWRITTEN_CPP,False,CPP_UNVERIFIED,B_DIRECT_MIGRATION,ordinary C++ control/data-flow without detected boundary
tests/flexbuffers_test.cpp,IsAligned,16,17,HANDWRITTEN_CPP,False,CPP_UNVERIFIED,D_BOUNDARY,external/runtime/raw-pointer boundary
tests/flexbuffers_test.cpp,FlexBuffersTest,23,24,HANDWRITTEN_CPP,False,CPP_UNVERIFIED,B_DIRECT_MIGRATION,ordinary C++ control/data-flow without detected boundary
tests/flexbuffers_test.cpp,FlexBuffersReuseBugTest,171,172,HANDWRITTEN_CPP,False,CPP_UNVERIFIED,B_DIRECT_MIGRATION,ordinary C++ control/data-flow without detected boundary
tests/flexbuffers_test.cpp,FlexBuffersFloatingPointTest,189,190,HANDWRITTEN_CPP,False,CPP_UNVERIFIED,B_DIRECT_MIGRATION,ordinary C++ control/data-flow without detected boundary
tests/flexbuffers_test.cpp,FlexBuffersDeprecatedTest,217,218,HANDWRITTEN_CPP,False,CPP_UNVERIFIED,D_BOUNDARY,external/runtime/raw-pointer boundary
tests/flexbuffers_test.cpp,ParseFlexbuffersFromJsonWithNullTest,283,284,HANDWRITTEN_CPP,False,CPP_UNVERIFIED,B_DIRECT_MIGRATION,ordinary C++ control/data-flow without detected boundary
tests/fuzz_test.cpp,lcg_rand,17,17,HANDWRITTEN_CPP,False,CPP_UNVERIFIED,B_DIRECT_MIGRATION,ordinary C++ control/data-flow without detected boundary
tests/fuzz_test.cpp,lcg_reset,21,21,HANDWRITTEN_CPP,False,CPP_UNVERIFIED,B_DIRECT_MIGRATION,ordinary C++ control/data-flow without detected boundary
tests/fuzz_test.cpp,CompareTableFieldValue,22,25,HANDWRITTEN_CPP,False,CPP_UNVERIFIED,D_BOUNDARY,external/runtime/raw-pointer boundary
tests/fuzz_test.cpp,FuzzTest1,34,34,HANDWRITTEN_CPP,False,CPP_UNVERIFIED,B_DIRECT_MIGRATION,ordinary C++ control/data-flow without detected boundary
tests/fuzz_test.cpp,FuzzTest2,160,160,HANDWRITTEN_CPP,False,CPP_UNVERIFIED,D_BOUNDARY,external/runtime/raw-pointer boundary
tests/fuzz_test.cpp,Add,177,180,HANDWRITTEN_CPP,False,CPP_UNVERIFIED,B_DIRECT_MIGRATION,ordinary C++ control/data-flow without detected boundary
tests/fuzz_test.cpp,if,232,233,HANDWRITTEN_CPP,False,CPP_UNVERIFIED,B_DIRECT_MIGRATION,ordinary C++ control/data-flow without detected boundary
tests/fuzz_test.cpp,if,239,240,HANDWRITTEN_CPP,False,CPP_UNVERIFIED,B_DIRECT_MIGRATION,ordinary C++ control/data-flow without detected boundary
tests/fuzz_test.cpp,if,247,251,HANDWRITTEN_CPP,False,CPP_UNVERIFIED,B_DIRECT_MIGRATION,ordinary C++ control/data-flow without detected boundary
tests/fuzz_test.cpp,if,270,271,HANDWRITTEN_CPP,False,CPP_UNVERIFIED,B_DIRECT_MIGRATION,ordinary C++ control/data-flow without detected boundary
tests/fuzzer/flatbuffers_64bit_fuzzer.cc,Hash,27,27,HANDWRITTEN_CPP,False,CPP_UNVERIFIED,B_DIRECT_MIGRATION,ordinary C++ control/data-flow without detected boundary
tests/fuzzer/flatbuffers_64bit_fuzzer.cc,Hash,30,31,HANDWRITTEN_CPP,False,CPP_UNVERIFIED,B_DIRECT_MIGRATION,ordinary C++ control/data-flow without detected boundary
tests/fuzzer/flatbuffers_64bit_fuzzer.cc,Hash,35,36,HANDWRITTEN_CPP,False,CPP_UNVERIFIED,B_DIRECT_MIGRATION,ordinary C++ control/data-flow without detected boundary
tests/fuzzer/flatbuffers_64bit_fuzzer.cc,Hash,45,46,HANDWRITTEN_CPP,False,CPP_UNVERIFIED,B_DIRECT_MIGRATION,ordinary C++ control/data-flow without detected boundary
tests/fuzzer/flatbuffers_64bit_fuzzer.cc,Hash,54,56,HANDWRITTEN_CPP,False,CPP_UNVERIFIED,B_DIRECT_MIGRATION,ordinary C++ control/data-flow without detected boundary
tests/fuzzer/flatbuffers_64bit_fuzzer.cc,Hash,65,67,HANDWRITTEN_CPP,False,CPP_UNVERIFIED,B_DIRECT_MIGRATION,ordinary C++ control/data-flow without detected boundary
tests/fuzzer/flatbuffers_64bit_fuzzer.cc,Hash,76,77,HANDWRITTEN_CPP,False,CPP_UNVERIFIED,B_DIRECT_MIGRATION,ordinary C++ control/data-flow without detected boundary
tests/fuzzer/flatbuffers_64bit_fuzzer.cc,AccessBuffer,92,94,HANDWRITTEN_CPP,False,CPP_UNVERIFIED,B_DIRECT_MIGRATION,ordinary C++ control/data-flow without detected boundary
tests/fuzzer/flatbuffers_annotator_fuzzer.cc,TestFileExists,11,12,HANDWRITTEN_CPP,False,CPP_UNVERIFIED,B_DIRECT_MIGRATION,ordinary C++ control/data-flow without detected boundary
tests/fuzzer/flatbuffers_annotator_fuzzer.cc,LoadBinarySchema,24,25,HANDWRITTEN_CPP,False,CPP_UNVERIFIED,D_BOUNDARY,external/runtime/raw-pointer boundary
tests/fuzzer/flatbuffers_codegen_fuzzer.cc,Warn,42,44,HANDWRITTEN_CPP,False,CPP_UNVERIFIED,B_DIRECT_MIGRATION,ordinary C++ control/data-flow without detected boundary
tests/fuzzer/flatbuffers_codegen_fuzzer.cc,Error,51,53,HANDWRITTEN_CPP,False,CPP_UNVERIFIED,B_DIRECT_MIGRATION,ordinary C++ control/data-flow without detected boundary
tests/fuzzer/flatbuffers_codegen_fuzzer.cc,LogCompilerWarn,65,65,HANDWRITTEN_CPP,False,CPP_UNVERIFIED,B_DIRECT_MIGRATION,ordinary C++ control/data-flow without detected boundary
tests/fuzzer/flatbuffers_codegen_fuzzer.cc,LogCompilerError,68,68,HANDWRITTEN_CPP,False,CPP_UNVERIFIED,B_DIRECT_MIGRATION,ordinary C++ control/data-flow without detected boundary
tests/fuzzer/flatbuffers_monster_fuzzer.cc,TestFileExists,46,47,HANDWRITTEN_CPP,False,CPP_UNVERIFIED,B_DIRECT_MIGRATION,ordinary C++ control/data-flow without detected boundary
tests/fuzzer/flatbuffers_monster_fuzzer.cc,LoadBinarySchema,57,58,HANDWRITTEN_CPP,False,CPP_UNVERIFIED,D_BOUNDARY,external/runtime/raw-pointer boundary
tests/fuzzer/flatbuffers_monster_fuzzer.cc,do_test,70,72,HANDWRITTEN_CPP,False,CPP_UNVERIFIED,B_DIRECT_MIGRATION,ordinary C++ control/data-flow without detected boundary
tests/fuzzer/flatbuffers_scalar_fuzzer.cc,BreakSequence,41,41,HANDWRITTEN_CPP,False,CPP_UNVERIFIED,B_DIRECT_MIGRATION,ordinary C++ control/data-flow without detected boundary
tests/fuzzer/flatbuffers_scalar_fuzzer.cc,StripString,51,52,HANDWRITTEN_CPP,False,CPP_UNVERIFIED,B_DIRECT_MIGRATION,ordinary C++ control/data-flow without detected boundary
tests/fuzzer/flatbuffers_scalar_fuzzer.cc,ScalarReferenceResult,188,190,HANDWRITTEN_CPP,False,CPP_UNVERIFIED,B_DIRECT_MIGRATION,ordinary C++ control/data-flow without detected boundary
tests/fuzzer/flatbuffers_scalar_fuzzer.cc,Check,194,194,HANDWRITTEN_CPP,False,CPP_UNVERIFIED,B_DIRECT_MIGRATION,ordinary C++ control/data-flow without detected boundary
tests/fuzzer/flatbuffers_scalar_fuzzer.cc,Parse,226,228,HANDWRITTEN_CPP,False,CPP_UNVERIFIED,B_DIRECT_MIGRATION,ordinary C++ control/data-flow without detected boundary
tests/fuzzer/monster_debug.cpp,main,8,9,HANDWRITTEN_CPP,False,CPP_UNVERIFIED,B_DIRECT_MIGRATION,ordinary C++ control/data-flow without detected boundary
tests/fuzzer/scalar_debug.cpp,main,6,7,HANDWRITTEN_CPP,False,CPP_UNVERIFIED,B_DIRECT_MIGRATION,ordinary C++ control/data-flow without detected boundary
tests/fuzzer/test_init.h,TestFailListener,12,14,HANDWRITTEN_CPP,False,CPP_UNVERIFIED,B_DIRECT_MIGRATION,ordinary C++ control/data-flow without detected boundary
tests/is_quiet_nan.h,is_quiet_nan_impl,14,14,HANDWRITTEN_CPP,False,CPP_UNVERIFIED,D_BOUNDARY,external/runtime/raw-pointer boundary
tests/is_quiet_nan.h,is_quiet_nan,21,21,HANDWRITTEN_CPP,False,CPP_UNVERIFIED,B_DIRECT_MIGRATION,ordinary C++ control/data-flow without detected boundary
tests/is_quiet_nan.h,is_quiet_nan,25,25,HANDWRITTEN_CPP,False,CPP_UNVERIFIED,B_DIRECT_MIGRATION,ordinary C++ control/data-flow without detected boundary
tests/is_quiet_nan.h,is_quiet_nan,30,30,HANDWRITTEN_CPP,False,CPP_UNVERIFIED,B_DIRECT_MIGRATION,ordinary C++ control/data-flow without detected boundary
tests/is_quiet_nan.h,is_quiet_nan,33,33,HANDWRITTEN_CPP,False,CPP_UNVERIFIED,B_DIRECT_MIGRATION,ordinary C++ control/data-flow without detected boundary
tests/json_test.cpp,JsonDefaultTest,16,16,HANDWRITTEN_CPP,False,CPP_UNVERIFIED,D_BOUNDARY,external/runtime/raw-pointer boundary
tests/json_test.cpp,JsonEnumsTest,46,47,HANDWRITTEN_CPP,False,CPP_UNVERIFIED,D_BOUNDARY,external/runtime/raw-pointer boundary
tests/json_test.cpp,JsonOptionalTest,85,87,HANDWRITTEN_CPP,False,CPP_UNVERIFIED,D_BOUNDARY,external/runtime/raw-pointer boundary
tests/json_test.cpp,ParseIncorrectMonsterJsonTest,126,127,HANDWRITTEN_CPP,False,CPP_UNVERIFIED,D_BOUNDARY,external/runtime/raw-pointer boundary
tests/json_test.cpp,JsonUnsortedArrayTest,148,149,HANDWRITTEN_CPP,False,CPP_UNVERIFIED,B_DIRECT_MIGRATION,ordinary C++ control/data-flow without detected boundary
tests/json_test.cpp,JsonUnionStructTest,172,173,HANDWRITTEN_CPP,False,CPP_UNVERIFIED,B_DIRECT_MIGRATION,ordinary C++ control/data-flow without detected boundary
tests/key_field/key_field_sample_generated.h,a_,80,81,HANDWRITTEN_CPP,False,CPP_UNVERIFIED,B_DIRECT_MIGRATION,ordinary C++ control/data-flow without detected boundary
tests/key_field/key_field_sample_generated.h,a_,84,85,HANDWRITTEN_CPP,False,CPP_UNVERIFIED,B_DIRECT_MIGRATION,ordinary C++ control/data-flow without detected boundary
tests/key_field/key_field_sample_generated.h,b_,88,88,HANDWRITTEN_CPP,False,CPP_UNVERIFIED,B_DIRECT_MIGRATION,ordinary C++ control/data-flow without detected boundary
tests/key_field/key_field_sample_generated.h,mutate_b,113,113,HANDWRITTEN_CPP,False,CPP_UNVERIFIED,B_DIRECT_MIGRATION,ordinary C++ control/data-flow without detected boundary
tests/key_field/key_field_sample_generated.h,a_,141,144,HANDWRITTEN_CPP,False,CPP_UNVERIFIED,B_DIRECT_MIGRATION,ordinary C++ control/data-flow without detected boundary
tests/key_field/key_field_sample_generated.h,a_,149,152,HANDWRITTEN_CPP,False,CPP_UNVERIFIED,B_DIRECT_MIGRATION,ordinary C++ control/data-flow without detected boundary
tests/key_field/key_field_sample_generated.h,b_,157,159,HANDWRITTEN_CPP,False,CPP_UNVERIFIED,B_DIRECT_MIGRATION,ordinary C++ control/data-flow without detected boundary
tests/key_field/key_field_sample_generated.h,mutate_b,186,186,HANDWRITTEN_CPP,False,CPP_UNVERIFIED,B_DIRECT_MIGRATION,ordinary C++ control/data-flow without detected boundary
tests/key_field/key_field_sample_generated.h,rgb_,214,217,HANDWRITTEN_CPP,False,CPP_UNVERIFIED,B_DIRECT_MIGRATION,ordinary C++ control/data-flow without detected boundary
tests/key_field/key_field_sample_generated.h,rgb_,222,225,HANDWRITTEN_CPP,False,CPP_UNVERIFIED,B_DIRECT_MIGRATION,ordinary C++ control/data-flow without detected boundary
tests/key_field/key_field_sample_generated.h,tag_,230,232,HANDWRITTEN_CPP,False,CPP_UNVERIFIED,B_DIRECT_MIGRATION,ordinary C++ control/data-flow without detected boundary
tests/key_field/key_field_sample_generated.h,mutate_tag,259,259,HANDWRITTEN_CPP,False,CPP_UNVERIFIED,B_DIRECT_MIGRATION,ordinary C++ control/data-flow without detected boundary
tests/key_field/key_field_sample_generated.h,tag_,287,290,HANDWRITTEN_CPP,False,CPP_UNVERIFIED,B_DIRECT_MIGRATION,ordinary C++ control/data-flow without detected boundary
tests/key_field/key_field_sample_generated.h,tag_,295,298,HANDWRITTEN_CPP,False,CPP_UNVERIFIED,B_DIRECT_MIGRATION,ordinary C++ control/data-flow without detected boundary
tests/key_field/key_field_sample_generated.h,mutate_tag,305,305,HANDWRITTEN_CPP,False,CPP_UNVERIFIED,B_DIRECT_MIGRATION,ordinary C++ control/data-flow without detected boundary
tests/key_field/key_field_sample_generated.h,a_,355,358,HANDWRITTEN_CPP,False,CPP_UNVERIFIED,B_DIRECT_MIGRATION,ordinary C++ control/data-flow without detected boundary
tests/key_field/key_field_sample_generated.h,a_,363,366,HANDWRITTEN_CPP,False,CPP_UNVERIFIED,B_DIRECT_MIGRATION,ordinary C++ control/data-flow without detected boundary
tests/key_field/key_field_sample_generated.h,mutate_b,395,395,HANDWRITTEN_CPP,False,CPP_UNVERIFIED,B_DIRECT_MIGRATION,ordinary C++ control/data-flow without detected boundary
tests/key_field/key_field_sample_generated.h,origin_,423,425,HANDWRITTEN_CPP,False,CPP_UNVERIFIED,B_DIRECT_MIGRATION,ordinary C++ control/data-flow without detected boundary
tests/key_field/key_field_sample_generated.h,origin_,429,431,HANDWRITTEN_CPP,False,CPP_UNVERIFIED,B_DIRECT_MIGRATION,ordinary C++ control/data-flow without detected boundary
tests/key_field/key_field_sample_generated.h,padding0__,435,436,HANDWRITTEN_CPP,False,CPP_UNVERIFIED,B_DIRECT_MIGRATION,ordinary C++ control/data-flow without detected boundary
tests/key_field/key_field_sample_generated.h,mutate_quantity,449,449,HANDWRITTEN_CPP,False,CPP_UNVERIFIED,B_DIRECT_MIGRATION,ordinary C++ control/data-flow without detected boundary
tests/key_field/key_field_sample_generated.h,a_,477,480,HANDWRITTEN_CPP,False,CPP_UNVERIFIED,B_DIRECT_MIGRATION,ordinary C++ control/data-flow without detected boundary
tests/key_field/key_field_sample_generated.h,a_,485,488,HANDWRITTEN_CPP,False,CPP_UNVERIFIED,B_DIRECT_MIGRATION,ordinary C++ control/data-flow without detected boundary
tests/key_field/key_field_sample_generated.h,tag_,493,495,HANDWRITTEN_CPP,False,CPP_UNVERIFIED,B_DIRECT_MIGRATION,ordinary C++ control/data-flow without detected boundary
tests/key_field/key_field_sample_generated.h,mutate_tag,532,532,HANDWRITTEN_CPP,False,CPP_UNVERIFIED,B_DIRECT_MIGRATION,ordinary C++ control/data-flow without detected boundary
tests/key_field/key_field_sample_generated.h,mutate_a,580,580,HANDWRITTEN_CPP,False,CPP_UNVERIFIED,B_DIRECT_MIGRATION,ordinary C++ control/data-flow without detected boundary
tests/key_field/key_field_sample_generated.h,mutate_b,586,586,HANDWRITTEN_CPP,False,CPP_UNVERIFIED,B_DIRECT_MIGRATION,ordinary C++ control/data-flow without detected boundary
tests/key_field/key_field_sample_generated.h,add_a,665,665,HANDWRITTEN_CPP,False,CPP_UNVERIFIED,B_DIRECT_MIGRATION,ordinary C++ control/data-flow without detected boundary
tests/key_field/key_field_sample_generated.h,add_b,668,668,HANDWRITTEN_CPP,False,CPP_UNVERIFIED,B_DIRECT_MIGRATION,ordinary C++ control/data-flow without detected boundary
tests/key_field/key_field_sample_generated.h,add_c,671,671,HANDWRITTEN_CPP,False,CPP_UNVERIFIED,B_DIRECT_MIGRATION,ordinary C++ control/data-flow without detected boundary
tests/key_field/key_field_sample_generated.h,add_d,674,674,HANDWRITTEN_CPP,False,CPP_UNVERIFIED,B_DIRECT_MIGRATION,ordinary C++ control/data-flow without detected boundary
tests/key_field/key_field_sample_generated.h,add_e,677,677,HANDWRITTEN_CPP,False,CPP_UNVERIFIED,B_DIRECT_MIGRATION,ordinary C++ control/data-flow without detected boundary
tests/key_field/key_field_sample_generated.h,add_f,680,680,HANDWRITTEN_CPP,False,CPP_UNVERIFIED,B_DIRECT_MIGRATION,ordinary C++ control/data-flow without detected boundary
tests/key_field/key_field_sample_generated.h,add_g,683,683,HANDWRITTEN_CPP,False,CPP_UNVERIFIED,B_DIRECT_MIGRATION,ordinary C++ control/data-flow without detected boundary
tests/key_field/key_field_sample_generated.h,add_h,686,686,HANDWRITTEN_CPP,False,CPP_UNVERIFIED,B_DIRECT_MIGRATION,ordinary C++ control/data-flow without detected boundary
tests/key_field/key_field_sample_generated.h,FooTableBuilder,689,690,HANDWRITTEN_CPP,False,CPP_UNVERIFIED,B_DIRECT_MIGRATION,ordinary C++ control/data-flow without detected boundary
tests/key_field/key_field_sample_generated.h,Finish,693,693,HANDWRITTEN_CPP,False,CPP_UNVERIFIED,B_DIRECT_MIGRATION,ordinary C++ control/data-flow without detected boundary
tests/key_field/key_field_sample_generated.h,CreateFooTable,700,710,HANDWRITTEN_CPP,False,CPP_UNVERIFIED,B_DIRECT_MIGRATION,ordinary C++ control/data-flow without detected boundary
tests/key_field/key_field_sample_generated.h,CreateFooTableDirect,722,732,HANDWRITTEN_CPP,False,CPP_UNVERIFIED,B_DIRECT_MIGRATION,ordinary C++ control/data-flow without detected boundary
tests/key_field/key_field_sample_generated.h,CreateFooTable,789,790,HANDWRITTEN_CPP,False,CPP_UNVERIFIED,B_DIRECT_MIGRATION,ordinary C++ control/data-flow without detected boundary
tests/key_field/key_field_sample_generated.h,VerifyFooTableBuffer,995,996,HANDWRITTEN_CPP,False,CPP_UNVERIFIED,B_DIRECT_MIGRATION,ordinary C++ control/data-flow without detected boundary
tests/key_field/key_field_sample_generated.h,VerifySizePrefixedFooTableBuffer,1001,1002,HANDWRITTEN_CPP,False,CPP_UNVERIFIED,B_DIRECT_MIGRATION,ordinary C++ control/data-flow without detected boundary
tests/key_field/key_field_sample_generated.h,FinishFooTableBuffer,1005,1008,HANDWRITTEN_CPP,False,CPP_UNVERIFIED,B_DIRECT_MIGRATION,ordinary C++ control/data-flow without detected boundary
tests/key_field/key_field_sample_generated.h,FinishSizePrefixedFooTableBuffer,1011,1014,HANDWRITTEN_CPP,False,CPP_UNVERIFIED,B_DIRECT_MIGRATION,ordinary C++ control/data-flow without detected boundary
tests/key_field/key_field_sample_generated.h,UnPackFooTable,1017,1020,HANDWRITTEN_CPP,False,CPP_UNVERIFIED,C_LOCAL_REFACTOR,"ownership, callback, threading, or template shape"
tests/key_field/key_field_sample_generated.h,UnPackSizePrefixedFooTable,1023,1026,HANDWRITTEN_CPP,False,CPP_UNVERIFIED,C_LOCAL_REFACTOR,"ownership, callback, threading, or template shape"
tests/key_field_test.cpp,FixedSizedScalarKeyInStructTest,14,15,HANDWRITTEN_CPP,False,CPP_UNVERIFIED,B_DIRECT_MIGRATION,ordinary C++ control/data-flow without detected boundary
tests/key_field_test.cpp,StructKeyInStructTest,77,78,HANDWRITTEN_CPP,False,CPP_UNVERIFIED,B_DIRECT_MIGRATION,ordinary C++ control/data-flow without detected boundary
tests/key_field_test.cpp,NestedStructKeyInStructTest,118,119,HANDWRITTEN_CPP,False,CPP_UNVERIFIED,B_DIRECT_MIGRATION,ordinary C++ control/data-flow without detected boundary
tests/key_field_test.cpp,FixedSizedStructArrayKeyInStructTest,159,160,HANDWRITTEN_CPP,False,CPP_UNVERIFIED,B_DIRECT_MIGRATION,ordinary C++ control/data-flow without detected boundary
tests/monster_extra_generated.h,mutate_d0,62,62,HANDWRITTEN_CPP,False,CPP_UNVERIFIED,B_DIRECT_MIGRATION,ordinary C++ control/data-flow without detected boundary
tests/monster_extra_generated.h,mutate_d1,68,68,HANDWRITTEN_CPP,False,CPP_UNVERIFIED,B_DIRECT_MIGRATION,ordinary C++ control/data-flow without detected boundary
tests/monster_extra_generated.h,mutate_d2,74,74,HANDWRITTEN_CPP,False,CPP_UNVERIFIED,B_DIRECT_MIGRATION,ordinary C++ control/data-flow without detected boundary
tests/monster_extra_generated.h,mutate_d3,80,80,HANDWRITTEN_CPP,False,CPP_UNVERIFIED,B_DIRECT_MIGRATION,ordinary C++ control/data-flow without detected boundary
tests/monster_extra_generated.h,mutate_f0,86,86,HANDWRITTEN_CPP,False,CPP_UNVERIFIED,B_DIRECT_MIGRATION,ordinary C++ control/data-flow without detected boundary
tests/monster_extra_generated.h,mutate_f1,92,92,HANDWRITTEN_CPP,False,CPP_UNVERIFIED,B_DIRECT_MIGRATION,ordinary C++ control/data-flow without detected boundary
tests/monster_extra_generated.h,mutate_f2,98,98,HANDWRITTEN_CPP,False,CPP_UNVERIFIED,B_DIRECT_MIGRATION,ordinary C++ control/data-flow without detected boundary
tests/monster_extra_generated.h,mutate_f3,104,104,HANDWRITTEN_CPP,False,CPP_UNVERIFIED,B_DIRECT_MIGRATION,ordinary C++ control/data-flow without detected boundary
tests/monster_extra_generated.h,add_d0,145,145,HANDWRITTEN_CPP,False,CPP_UNVERIFIED,B_DIRECT_MIGRATION,ordinary C++ control/data-flow without detected boundary
tests/monster_extra_generated.h,add_d1,148,148,HANDWRITTEN_CPP,False,CPP_UNVERIFIED,B_DIRECT_MIGRATION,ordinary C++ control/data-flow without detected boundary
tests/monster_extra_generated.h,add_d2,151,151,HANDWRITTEN_CPP,False,CPP_UNVERIFIED,B_DIRECT_MIGRATION,ordinary C++ control/data-flow without detected boundary
tests/monster_extra_generated.h,add_d3,154,154,HANDWRITTEN_CPP,False,CPP_UNVERIFIED,B_DIRECT_MIGRATION,ordinary C++ control/data-flow without detected boundary
tests/monster_extra_generated.h,add_f0,157,157,HANDWRITTEN_CPP,False,CPP_UNVERIFIED,B_DIRECT_MIGRATION,ordinary C++ control/data-flow without detected boundary
tests/monster_extra_generated.h,add_f1,160,160,HANDWRITTEN_CPP,False,CPP_UNVERIFIED,B_DIRECT_MIGRATION,ordinary C++ control/data-flow without detected boundary
tests/monster_extra_generated.h,add_f2,163,163,HANDWRITTEN_CPP,False,CPP_UNVERIFIED,B_DIRECT_MIGRATION,ordinary C++ control/data-flow without detected boundary
tests/monster_extra_generated.h,add_f3,166,166,HANDWRITTEN_CPP,False,CPP_UNVERIFIED,B_DIRECT_MIGRATION,ordinary C++ control/data-flow without detected boundary
tests/monster_extra_generated.h,add_dvec,169,169,HANDWRITTEN_CPP,False,CPP_UNVERIFIED,B_DIRECT_MIGRATION,ordinary C++ control/data-flow without detected boundary
tests/monster_extra_generated.h,add_fvec,172,172,HANDWRITTEN_CPP,False,CPP_UNVERIFIED,B_DIRECT_MIGRATION,ordinary C++ control/data-flow without detected boundary
tests/monster_extra_generated.h,MonsterExtraBuilder,175,176,HANDWRITTEN_CPP,False,CPP_UNVERIFIED,B_DIRECT_MIGRATION,ordinary C++ control/data-flow without detected boundary
tests/monster_extra_generated.h,Finish,179,179,HANDWRITTEN_CPP,False,CPP_UNVERIFIED,B_DIRECT_MIGRATION,ordinary C++ control/data-flow without detected boundary
tests/monster_extra_generated.h,CreateMonsterExtra,185,197,HANDWRITTEN_CPP,False,CPP_UNVERIFIED,B_DIRECT_MIGRATION,ordinary C++ control/data-flow without detected boundary
tests/monster_extra_generated.h,CreateMonsterExtraDirect,211,223,HANDWRITTEN_CPP,False,CPP_UNVERIFIED,B_DIRECT_MIGRATION,ordinary C++ control/data-flow without detected boundary
tests/monster_extra_generated.h,CreateMonsterExtra,282,283,HANDWRITTEN_CPP,False,CPP_UNVERIFIED,B_DIRECT_MIGRATION,ordinary C++ control/data-flow without detected boundary
tests/monster_extra_generated.h,MonsterExtraBufferHasIdentifier,367,368,HANDWRITTEN_CPP,False,CPP_UNVERIFIED,B_DIRECT_MIGRATION,ordinary C++ control/data-flow without detected boundary
tests/monster_extra_generated.h,SizePrefixedMonsterExtraBufferHasIdentifier,372,373,HANDWRITTEN_CPP,False,CPP_UNVERIFIED,B_DIRECT_MIGRATION,ordinary C++ control/data-flow without detected boundary
tests/monster_extra_generated.h,VerifyMonsterExtraBuffer,379,380,HANDWRITTEN_CPP,False,CPP_UNVERIFIED,B_DIRECT_MIGRATION,ordinary C++ control/data-flow without detected boundary
tests/monster_extra_generated.h,VerifySizePrefixedMonsterExtraBuffer,385,386,HANDWRITTEN_CPP,False,CPP_UNVERIFIED,B_DIRECT_MIGRATION,ordinary C++ control/data-flow without detected boundary
tests/monster_extra_generated.h,FinishMonsterExtraBuffer,393,396,HANDWRITTEN_CPP,False,CPP_UNVERIFIED,B_DIRECT_MIGRATION,ordinary C++ control/data-flow without detected boundary
tests/monster_extra_generated.h,FinishSizePrefixedMonsterExtraBuffer,399,402,HANDWRITTEN_CPP,False,CPP_UNVERIFIED,B_DIRECT_MIGRATION,ordinary C++ control/data-flow without detected boundary
tests/monster_extra_generated.h,UnPackMonsterExtra,405,408,HANDWRITTEN_CPP,False,CPP_UNVERIFIED,C_LOCAL_REFACTOR,"ownership, callback, threading, or template shape"
tests/monster_extra_generated.h,UnPackSizePrefixedMonsterExtra,411,414,HANDWRITTEN_CPP,False,CPP_UNVERIFIED,C_LOCAL_REFACTOR,"ownership, callback, threading, or template shape"
tests/monster_test.cpp,CreateFlatBufferTest,27,27,HANDWRITTEN_CPP,False,CPP_UNVERIFIED,B_DIRECT_MIGRATION,ordinary C++ control/data-flow without detected boundary
tests/monster_test.cpp,AccessFlatBufferTest,196,196,HANDWRITTEN_CPP,False,CPP_UNVERIFIED,D_BOUNDARY,external/runtime/raw-pointer boundary
tests/monster_test.cpp,MutateFlatBuffersTest,425,425,HANDWRITTEN_CPP,False,CPP_UNVERIFIED,B_DIRECT_MIGRATION,ordinary C++ control/data-flow without detected boundary
tests/monster_test.cpp,ObjectFlatBuffersTest,497,497,HANDWRITTEN_CPP,False,CPP_UNVERIFIED,D_BOUNDARY,external/runtime/raw-pointer boundary
tests/monster_test.cpp,CheckMonsterObject,553,553,HANDWRITTEN_CPP,False,CPP_UNVERIFIED,B_DIRECT_MIGRATION,ordinary C++ control/data-flow without detected boundary
tests/monster_test.cpp,SizePrefixedTest,601,601,HANDWRITTEN_CPP,False,CPP_UNVERIFIED,B_DIRECT_MIGRATION,ordinary C++ control/data-flow without detected boundary
tests/monster_test.cpp,TestMonsterExtraFloats,637,638,HANDWRITTEN_CPP,False,CPP_UNVERIFIED,D_BOUNDARY,external/runtime/raw-pointer boundary
tests/monster_test.cpp,EnumNamesTest,721,722,HANDWRITTEN_CPP,False,CPP_UNVERIFIED,B_DIRECT_MIGRATION,ordinary C++ control/data-flow without detected boundary
tests/monster_test.cpp,TypeAliasesTest,736,737,HANDWRITTEN_CPP,False,CPP_UNVERIFIED,B_DIRECT_MIGRATION,ordinary C++ control/data-flow without detected boundary
tests/monster_test.cpp,ParseAndGenerateTextTest,778,778,HANDWRITTEN_CPP,False,CPP_UNVERIFIED,D_BOUNDARY,external/runtime/raw-pointer boundary
tests/monster_test.cpp,UnPackTo,869,870,HANDWRITTEN_CPP,False,CPP_UNVERIFIED,B_DIRECT_MIGRATION,ordinary C++ control/data-flow without detected boundary
tests/monster_test.grpc.fb.cc,channel_,35,39,HANDWRITTEN_CPP,False,CPP_UNVERIFIED,B_DIRECT_MIGRATION,ordinary C++ control/data-flow without detected boundary
tests/monster_test.grpc.fb.h,~StubInterface,39,40,HANDWRITTEN_CPP,False,CPP_UNVERIFIED,B_DIRECT_MIGRATION,ordinary C++ control/data-flow without detected boundary
tests/monster_test.grpc.fb.h,AsyncStore,42,42,HANDWRITTEN_CPP,False,CPP_UNVERIFIED,C_LOCAL_REFACTOR,"ownership, callback, threading, or template shape"
tests/monster_test.grpc.fb.h,PrepareAsyncStore,45,45,HANDWRITTEN_CPP,False,CPP_UNVERIFIED,C_LOCAL_REFACTOR,"ownership, callback, threading, or template shape"
tests/monster_test.grpc.fb.h,Retrieve,48,48,HANDWRITTEN_CPP,False,CPP_UNVERIFIED,C_LOCAL_REFACTOR,"ownership, callback, threading, or template shape"
tests/monster_test.grpc.fb.h,AsyncRetrieve,51,51,HANDWRITTEN_CPP,False,CPP_UNVERIFIED,C_LOCAL_REFACTOR,"ownership, callback, threading, or template shape"
tests/monster_test.grpc.fb.h,PrepareAsyncRetrieve,54,54,HANDWRITTEN_CPP,False,CPP_UNVERIFIED,C_LOCAL_REFACTOR,"ownership, callback, threading, or template shape"
tests/monster_test.grpc.fb.h,GetMaxHitPoint,57,57,HANDWRITTEN_CPP,False,CPP_UNVERIFIED,C_LOCAL_REFACTOR,"ownership, callback, threading, or template shape"
tests/monster_test.grpc.fb.h,AsyncGetMaxHitPoint,60,60,HANDWRITTEN_CPP,False,CPP_UNVERIFIED,C_LOCAL_REFACTOR,"ownership, callback, threading, or template shape"
tests/monster_test.grpc.fb.h,PrepareAsyncGetMaxHitPoint,63,63,HANDWRITTEN_CPP,False,CPP_UNVERIFIED,C_LOCAL_REFACTOR,"ownership, callback, threading, or template shape"
tests/monster_test.grpc.fb.h,AsyncStore,97,97,HANDWRITTEN_CPP,False,CPP_UNVERIFIED,C_LOCAL_REFACTOR,"ownership, callback, threading, or template shape"
tests/monster_test.grpc.fb.h,PrepareAsyncStore,100,100,HANDWRITTEN_CPP,False,CPP_UNVERIFIED,C_LOCAL_REFACTOR,"ownership, callback, threading, or template shape"
tests/monster_test.grpc.fb.h,Retrieve,103,103,HANDWRITTEN_CPP,False,CPP_UNVERIFIED,C_LOCAL_REFACTOR,"ownership, callback, threading, or template shape"
tests/monster_test.grpc.fb.h,AsyncRetrieve,108,108,HANDWRITTEN_CPP,False,CPP_UNVERIFIED,C_LOCAL_REFACTOR,"ownership, callback, threading, or template shape"
tests/monster_test.grpc.fb.h,PrepareAsyncRetrieve,111,111,HANDWRITTEN_CPP,False,CPP_UNVERIFIED,C_LOCAL_REFACTOR,"ownership, callback, threading, or template shape"
tests/monster_test.grpc.fb.h,GetMaxHitPoint,114,114,HANDWRITTEN_CPP,False,CPP_UNVERIFIED,C_LOCAL_REFACTOR,"ownership, callback, threading, or template shape"
tests/monster_test.grpc.fb.h,AsyncGetMaxHitPoint,119,119,HANDWRITTEN_CPP,False,CPP_UNVERIFIED,C_LOCAL_REFACTOR,"ownership, callback, threading, or template shape"
tests/monster_test.grpc.fb.h,PrepareAsyncGetMaxHitPoint,122,122,HANDWRITTEN_CPP,False,CPP_UNVERIFIED,C_LOCAL_REFACTOR,"ownership, callback, threading, or template shape"
tests/monster_test.grpc.fb.h,BaseClassMustBeDerivedFromService,168,169,HANDWRITTEN_CPP,False,CPP_UNVERIFIED,B_DIRECT_MIGRATION,ordinary C++ control/data-flow without detected boundary
tests/monster_test.grpc.fb.h,WithAsyncMethod_Store,170,171,HANDWRITTEN_CPP,False,CPP_UNVERIFIED,B_DIRECT_MIGRATION,ordinary C++ control/data-flow without detected boundary
tests/monster_test.grpc.fb.h,RequestStore,182,182,HANDWRITTEN_CPP,False,CPP_UNVERIFIED,B_DIRECT_MIGRATION,ordinary C++ control/data-flow without detected boundary
tests/monster_test.grpc.fb.h,BaseClassMustBeDerivedFromService,188,189,HANDWRITTEN_CPP,False,CPP_UNVERIFIED,B_DIRECT_MIGRATION,ordinary C++ control/data-flow without detected boundary
tests/monster_test.grpc.fb.h,WithAsyncMethod_Retrieve,190,191,HANDWRITTEN_CPP,False,CPP_UNVERIFIED,B_DIRECT_MIGRATION,ordinary C++ control/data-flow without detected boundary
tests/monster_test.grpc.fb.h,RequestRetrieve,202,202,HANDWRITTEN_CPP,False,CPP_UNVERIFIED,B_DIRECT_MIGRATION,ordinary C++ control/data-flow without detected boundary
tests/monster_test.grpc.fb.h,BaseClassMustBeDerivedFromService,208,209,HANDWRITTEN_CPP,False,CPP_UNVERIFIED,B_DIRECT_MIGRATION,ordinary C++ control/data-flow without detected boundary
tests/monster_test.grpc.fb.h,WithAsyncMethod_GetMaxHitPoint,210,211,HANDWRITTEN_CPP,False,CPP_UNVERIFIED,B_DIRECT_MIGRATION,ordinary C++ control/data-flow without detected boundary
tests/monster_test.grpc.fb.h,RequestGetMaxHitPoint,222,222,HANDWRITTEN_CPP,False,CPP_UNVERIFIED,B_DIRECT_MIGRATION,ordinary C++ control/data-flow without detected boundary
tests/monster_test.grpc.fb.h,BaseClassMustBeDerivedFromService,228,229,HANDWRITTEN_CPP,False,CPP_UNVERIFIED,B_DIRECT_MIGRATION,ordinary C++ control/data-flow without detected boundary
tests/monster_test.grpc.fb.h,WithAsyncMethod_GetMinMaxHitPoints,230,231,HANDWRITTEN_CPP,False,CPP_UNVERIFIED,B_DIRECT_MIGRATION,ordinary C++ control/data-flow without detected boundary
tests/monster_test.grpc.fb.h,RequestGetMinMaxHitPoints,242,242,HANDWRITTEN_CPP,False,CPP_UNVERIFIED,B_DIRECT_MIGRATION,ordinary C++ control/data-flow without detected boundary
tests/monster_test.grpc.fb.h,BaseClassMustBeDerivedFromService,249,250,HANDWRITTEN_CPP,False,CPP_UNVERIFIED,B_DIRECT_MIGRATION,ordinary C++ control/data-flow without detected boundary
tests/monster_test.grpc.fb.h,WithGenericMethod_Store,251,252,HANDWRITTEN_CPP,False,CPP_UNVERIFIED,B_DIRECT_MIGRATION,ordinary C++ control/data-flow without detected boundary
tests/monster_test.grpc.fb.h,BaseClassMustBeDerivedFromService,266,267,HANDWRITTEN_CPP,False,CPP_UNVERIFIED,B_DIRECT_MIGRATION,ordinary C++ control/data-flow without detected boundary
tests/monster_test.grpc.fb.h,WithGenericMethod_Retrieve,268,269,HANDWRITTEN_CPP,False,CPP_UNVERIFIED,B_DIRECT_MIGRATION,ordinary C++ control/data-flow without detected boundary
tests/monster_test.grpc.fb.h,BaseClassMustBeDerivedFromService,283,284,HANDWRITTEN_CPP,False,CPP_UNVERIFIED,B_DIRECT_MIGRATION,ordinary C++ control/data-flow without detected boundary
tests/monster_test.grpc.fb.h,WithGenericMethod_GetMaxHitPoint,285,286,HANDWRITTEN_CPP,False,CPP_UNVERIFIED,B_DIRECT_MIGRATION,ordinary C++ control/data-flow without detected boundary
tests/monster_test.grpc.fb.h,BaseClassMustBeDerivedFromService,300,301,HANDWRITTEN_CPP,False,CPP_UNVERIFIED,B_DIRECT_MIGRATION,ordinary C++ control/data-flow without detected boundary
tests/monster_test.grpc.fb.h,WithGenericMethod_GetMinMaxHitPoints,302,303,HANDWRITTEN_CPP,False,CPP_UNVERIFIED,B_DIRECT_MIGRATION,ordinary C++ control/data-flow without detected boundary
tests/monster_test.grpc.fb.h,BaseClassMustBeDerivedFromService,317,318,HANDWRITTEN_CPP,False,CPP_UNVERIFIED,B_DIRECT_MIGRATION,ordinary C++ control/data-flow without detected boundary
tests/monster_test.grpc.fb.h,WithStreamedUnaryMethod_Store,319,320,HANDWRITTEN_CPP,False,CPP_UNVERIFIED,B_DIRECT_MIGRATION,ordinary C++ control/data-flow without detected boundary
tests/monster_test.grpc.fb.h,BaseClassMustBeDerivedFromService,338,339,HANDWRITTEN_CPP,False,CPP_UNVERIFIED,B_DIRECT_MIGRATION,ordinary C++ control/data-flow without detected boundary
tests/monster_test.grpc.fb.h,WithSplitStreamingMethod_Retrieve,340,341,HANDWRITTEN_CPP,False,CPP_UNVERIFIED,B_DIRECT_MIGRATION,ordinary C++ control/data-flow without detected boundary
tests/monster_test_bfbs_generated.h,size,745,745,HANDWRITTEN_CPP,False,CPP_UNVERIFIED,B_DIRECT_MIGRATION,ordinary C++ control/data-flow without detected boundary
tests/monster_test_generated.grpc.fb.cc,channel_,36,47,HANDWRITTEN_CPP,False,CPP_UNVERIFIED,B_DIRECT_MIGRATION,ordinary C++ control/data-flow without detected boundary
tests/monster_test_generated.grpc.fb.h,~StubInterface,36,37,HANDWRITTEN_CPP,False,CPP_UNVERIFIED,B_DIRECT_MIGRATION,ordinary C++ control/data-flow without detected boundary
tests/monster_test_generated.grpc.fb.h,AsyncStore,42,46,HANDWRITTEN_CPP,False,CPP_UNVERIFIED,C_LOCAL_REFACTOR,"ownership, callback, threading, or template shape"
tests/monster_test_generated.grpc.fb.h,PrepareAsyncStore,51,55,HANDWRITTEN_CPP,False,CPP_UNVERIFIED,C_LOCAL_REFACTOR,"ownership, callback, threading, or template shape"
tests/monster_test_generated.grpc.fb.h,Retrieve,60,63,HANDWRITTEN_CPP,False,CPP_UNVERIFIED,C_LOCAL_REFACTOR,"ownership, callback, threading, or template shape"
tests/monster_test_generated.grpc.fb.h,AsyncRetrieve,68,72,HANDWRITTEN_CPP,False,CPP_UNVERIFIED,C_LOCAL_REFACTOR,"ownership, callback, threading, or template shape"
tests/monster_test_generated.grpc.fb.h,PrepareAsyncRetrieve,77,81,HANDWRITTEN_CPP,False,CPP_UNVERIFIED,C_LOCAL_REFACTOR,"ownership, callback, threading, or template shape"
tests/monster_test_generated.grpc.fb.h,GetMaxHitPoint,86,89,HANDWRITTEN_CPP,False,CPP_UNVERIFIED,C_LOCAL_REFACTOR,"ownership, callback, threading, or template shape"
tests/monster_test_generated.grpc.fb.h,AsyncGetMaxHitPoint,94,98,HANDWRITTEN_CPP,False,CPP_UNVERIFIED,C_LOCAL_REFACTOR,"ownership, callback, threading, or template shape"
tests/monster_test_generated.grpc.fb.h,PrepareAsyncGetMaxHitPoint,103,107,HANDWRITTEN_CPP,False,CPP_UNVERIFIED,C_LOCAL_REFACTOR,"ownership, callback, threading, or template shape"
tests/monster_test_generated.grpc.fb.h,AsyncStore,193,197,HANDWRITTEN_CPP,False,CPP_UNVERIFIED,C_LOCAL_REFACTOR,"ownership, callback, threading, or template shape"
tests/monster_test_generated.grpc.fb.h,PrepareAsyncStore,202,206,HANDWRITTEN_CPP,False,CPP_UNVERIFIED,C_LOCAL_REFACTOR,"ownership, callback, threading, or template shape"
tests/monster_test_generated.grpc.fb.h,Retrieve,211,213,HANDWRITTEN_CPP,False,CPP_UNVERIFIED,C_LOCAL_REFACTOR,"ownership, callback, threading, or template shape"
tests/monster_test_generated.grpc.fb.h,AsyncRetrieve,218,222,HANDWRITTEN_CPP,False,CPP_UNVERIFIED,C_LOCAL_REFACTOR,"ownership, callback, threading, or template shape"
tests/monster_test_generated.grpc.fb.h,PrepareAsyncRetrieve,227,231,HANDWRITTEN_CPP,False,CPP_UNVERIFIED,C_LOCAL_REFACTOR,"ownership, callback, threading, or template shape"
tests/monster_test_generated.grpc.fb.h,GetMaxHitPoint,236,238,HANDWRITTEN_CPP,False,CPP_UNVERIFIED,C_LOCAL_REFACTOR,"ownership, callback, threading, or template shape"
tests/monster_test_generated.grpc.fb.h,AsyncGetMaxHitPoint,243,247,HANDWRITTEN_CPP,False,CPP_UNVERIFIED,C_LOCAL_REFACTOR,"ownership, callback, threading, or template shape"
tests/monster_test_generated.grpc.fb.h,PrepareAsyncGetMaxHitPoint,252,256,HANDWRITTEN_CPP,False,CPP_UNVERIFIED,C_LOCAL_REFACTOR,"ownership, callback, threading, or template shape"
tests/monster_test_generated.grpc.fb.h,BaseClassMustBeDerivedFromService,364,365,HANDWRITTEN_CPP,False,CPP_UNVERIFIED,B_DIRECT_MIGRATION,ordinary C++ control/data-flow without detected boundary
tests/monster_test_generated.grpc.fb.h,WithAsyncMethod_Store,366,368,HANDWRITTEN_CPP,False,CPP_UNVERIFIED,B_DIRECT_MIGRATION,ordinary C++ control/data-flow without detected boundary
tests/monster_test_generated.grpc.fb.h,RequestStore,380,386,HANDWRITTEN_CPP,False,CPP_UNVERIFIED,B_DIRECT_MIGRATION,ordinary C++ control/data-flow without detected boundary
tests/monster_test_generated.grpc.fb.h,BaseClassMustBeDerivedFromService,393,394,HANDWRITTEN_CPP,False,CPP_UNVERIFIED,B_DIRECT_MIGRATION,ordinary C++ control/data-flow without detected boundary
tests/monster_test_generated.grpc.fb.h,WithAsyncMethod_Retrieve,395,397,HANDWRITTEN_CPP,False,CPP_UNVERIFIED,B_DIRECT_MIGRATION,ordinary C++ control/data-flow without detected boundary
tests/monster_test_generated.grpc.fb.h,RequestRetrieve,410,415,HANDWRITTEN_CPP,False,CPP_UNVERIFIED,B_DIRECT_MIGRATION,ordinary C++ control/data-flow without detected boundary
tests/monster_test_generated.grpc.fb.h,BaseClassMustBeDerivedFromService,422,423,HANDWRITTEN_CPP,False,CPP_UNVERIFIED,B_DIRECT_MIGRATION,ordinary C++ control/data-flow without detected boundary
tests/monster_test_generated.grpc.fb.h,WithAsyncMethod_GetMaxHitPoint,424,426,HANDWRITTEN_CPP,False,CPP_UNVERIFIED,B_DIRECT_MIGRATION,ordinary C++ control/data-flow without detected boundary
tests/monster_test_generated.grpc.fb.h,RequestGetMaxHitPoint,438,443,HANDWRITTEN_CPP,False,CPP_UNVERIFIED,B_DIRECT_MIGRATION,ordinary C++ control/data-flow without detected boundary
tests/monster_test_generated.grpc.fb.h,BaseClassMustBeDerivedFromService,450,451,HANDWRITTEN_CPP,False,CPP_UNVERIFIED,B_DIRECT_MIGRATION,ordinary C++ control/data-flow without detected boundary
tests/monster_test_generated.grpc.fb.h,WithAsyncMethod_GetMinMaxHitPoints,452,454,HANDWRITTEN_CPP,False,CPP_UNVERIFIED,B_DIRECT_MIGRATION,ordinary C++ control/data-flow without detected boundary
tests/monster_test_generated.grpc.fb.h,RequestGetMinMaxHitPoints,469,475,HANDWRITTEN_CPP,False,CPP_UNVERIFIED,B_DIRECT_MIGRATION,ordinary C++ control/data-flow without detected boundary
tests/monster_test_generated.grpc.fb.h,BaseClassMustBeDerivedFromService,486,487,HANDWRITTEN_CPP,False,CPP_UNVERIFIED,B_DIRECT_MIGRATION,ordinary C++ control/data-flow without detected boundary
tests/monster_test_generated.grpc.fb.h,WithGenericMethod_Store,488,490,HANDWRITTEN_CPP,False,CPP_UNVERIFIED,B_DIRECT_MIGRATION,ordinary C++ control/data-flow without detected boundary
tests/monster_test_generated.grpc.fb.h,BaseClassMustBeDerivedFromService,505,506,HANDWRITTEN_CPP,False,CPP_UNVERIFIED,B_DIRECT_MIGRATION,ordinary C++ control/data-flow without detected boundary
tests/monster_test_generated.grpc.fb.h,WithGenericMethod_Retrieve,507,509,HANDWRITTEN_CPP,False,CPP_UNVERIFIED,B_DIRECT_MIGRATION,ordinary C++ control/data-flow without detected boundary
tests/monster_test_generated.grpc.fb.h,BaseClassMustBeDerivedFromService,525,526,HANDWRITTEN_CPP,False,CPP_UNVERIFIED,B_DIRECT_MIGRATION,ordinary C++ control/data-flow without detected boundary
tests/monster_test_generated.grpc.fb.h,WithGenericMethod_GetMaxHitPoint,527,529,HANDWRITTEN_CPP,False,CPP_UNVERIFIED,B_DIRECT_MIGRATION,ordinary C++ control/data-flow without detected boundary
tests/monster_test_generated.grpc.fb.h,BaseClassMustBeDerivedFromService,546,547,HANDWRITTEN_CPP,False,CPP_UNVERIFIED,B_DIRECT_MIGRATION,ordinary C++ control/data-flow without detected boundary
tests/monster_test_generated.grpc.fb.h,WithGenericMethod_GetMinMaxHitPoints,548,550,HANDWRITTEN_CPP,False,CPP_UNVERIFIED,B_DIRECT_MIGRATION,ordinary C++ control/data-flow without detected boundary
tests/monster_test_generated.grpc.fb.h,BaseClassMustBeDerivedFromService,568,569,HANDWRITTEN_CPP,False,CPP_UNVERIFIED,B_DIRECT_MIGRATION,ordinary C++ control/data-flow without detected boundary
tests/monster_test_generated.grpc.fb.h,WithStreamedUnaryMethod_Store,570,572,HANDWRITTEN_CPP,False,CPP_UNVERIFIED,B_DIRECT_MIGRATION,ordinary C++ control/data-flow without detected boundary
tests/monster_test_generated.grpc.fb.h,BaseClassMustBeDerivedFromService,601,602,HANDWRITTEN_CPP,False,CPP_UNVERIFIED,B_DIRECT_MIGRATION,ordinary C++ control/data-flow without detected boundary
tests/monster_test_generated.grpc.fb.h,WithSplitStreamingMethod_Retrieve,603,605,HANDWRITTEN_CPP,False,CPP_UNVERIFIED,B_DIRECT_MIGRATION,ordinary C++ control/data-flow without detected boundary
tests/monster_test_generated.h,Set,320,322,HANDWRITTEN_CPP,False,CPP_UNVERIFIED,B_DIRECT_MIGRATION,ordinary C++ control/data-flow without detected boundary
tests/monster_test_generated.h,Set,478,480,HANDWRITTEN_CPP,False,CPP_UNVERIFIED,B_DIRECT_MIGRATION,ordinary C++ control/data-flow without detected boundary
tests/monster_test_generated.h,a_,679,681,HANDWRITTEN_CPP,False,CPP_UNVERIFIED,B_DIRECT_MIGRATION,ordinary C++ control/data-flow without detected boundary
tests/monster_test_generated.h,a_,685,687,HANDWRITTEN_CPP,False,CPP_UNVERIFIED,B_DIRECT_MIGRATION,ordinary C++ control/data-flow without detected boundary
tests/monster_test_generated.h,mutate_a,693,693,HANDWRITTEN_CPP,False,CPP_UNVERIFIED,B_DIRECT_MIGRATION,ordinary C++ control/data-flow without detected boundary
tests/monster_test_generated.h,mutate_b,699,699,HANDWRITTEN_CPP,False,CPP_UNVERIFIED,B_DIRECT_MIGRATION,ordinary C++ control/data-flow without detected boundary
tests/monster_test_generated.h,AbslHashValue,714,716,HANDWRITTEN_CPP,False,CPP_UNVERIFIED,B_DIRECT_MIGRATION,ordinary C++ control/data-flow without detected boundary
tests/monster_test_generated.h,x_,737,745,HANDWRITTEN_CPP,False,CPP_UNVERIFIED,B_DIRECT_MIGRATION,ordinary C++ control/data-flow without detected boundary
tests/monster_test_generated.h,x_,751,759,HANDWRITTEN_CPP,False,CPP_UNVERIFIED,B_DIRECT_MIGRATION,ordinary C++ control/data-flow without detected boundary
tests/monster_test_generated.h,mutate_x,767,767,HANDWRITTEN_CPP,False,CPP_UNVERIFIED,B_DIRECT_MIGRATION,ordinary C++ control/data-flow without detected boundary
tests/monster_test_generated.h,mutate_y,773,773,HANDWRITTEN_CPP,False,CPP_UNVERIFIED,B_DIRECT_MIGRATION,ordinary C++ control/data-flow without detected boundary
tests/monster_test_generated.h,mutate_z,779,779,HANDWRITTEN_CPP,False,CPP_UNVERIFIED,B_DIRECT_MIGRATION,ordinary C++ control/data-flow without detected boundary
tests/monster_test_generated.h,mutate_test1,785,785,HANDWRITTEN_CPP,False,CPP_UNVERIFIED,B_DIRECT_MIGRATION,ordinary C++ control/data-flow without detected boundary
tests/monster_test_generated.h,mutate_test2,791,791,HANDWRITTEN_CPP,False,CPP_UNVERIFIED,B_DIRECT_MIGRATION,ordinary C++ control/data-flow without detected boundary
tests/monster_test_generated.h,AbslHashValue,816,818,HANDWRITTEN_CPP,False,CPP_UNVERIFIED,B_DIRECT_MIGRATION,ordinary C++ control/data-flow without detected boundary
tests/monster_test_generated.h,id_,832,833,HANDWRITTEN_CPP,False,CPP_UNVERIFIED,B_DIRECT_MIGRATION,ordinary C++ control/data-flow without detected boundary
tests/monster_test_generated.h,id_,836,837,HANDWRITTEN_CPP,False,CPP_UNVERIFIED,B_DIRECT_MIGRATION,ordinary C++ control/data-flow without detected boundary
tests/monster_test_generated.h,mutate_id,842,842,HANDWRITTEN_CPP,False,CPP_UNVERIFIED,B_DIRECT_MIGRATION,ordinary C++ control/data-flow without detected boundary
tests/monster_test_generated.h,mutate_distance,854,854,HANDWRITTEN_CPP,False,CPP_UNVERIFIED,B_DIRECT_MIGRATION,ordinary C++ control/data-flow without detected boundary
tests/monster_test_generated.h,AbslHashValue,869,871,HANDWRITTEN_CPP,False,CPP_UNVERIFIED,B_DIRECT_MIGRATION,ordinary C++ control/data-flow without detected boundary
tests/monster_test_generated.h,a_,886,888,HANDWRITTEN_CPP,False,CPP_UNVERIFIED,B_DIRECT_MIGRATION,ordinary C++ control/data-flow without detected boundary
tests/monster_test_generated.h,a_,891,893,HANDWRITTEN_CPP,False,CPP_UNVERIFIED,B_DIRECT_MIGRATION,ordinary C++ control/data-flow without detected boundary
tests/monster_test_generated.h,AbslHashValue,926,928,HANDWRITTEN_CPP,False,CPP_UNVERIFIED,B_DIRECT_MIGRATION,ordinary C++ control/data-flow without detected boundary
tests/monster_test_generated.h,a_,941,941,HANDWRITTEN_CPP,False,CPP_UNVERIFIED,B_DIRECT_MIGRATION,ordinary C++ control/data-flow without detected boundary
tests/monster_test_generated.h,a_,944,944,HANDWRITTEN_CPP,False,CPP_UNVERIFIED,B_DIRECT_MIGRATION,ordinary C++ control/data-flow without detected boundary
tests/monster_test_generated.h,AbslHashValue,963,965,HANDWRITTEN_CPP,False,CPP_UNVERIFIED,B_DIRECT_MIGRATION,ordinary C++ control/data-flow without detected boundary
tests/monster_test_generated.h,InParentNamespaceBuilder,996,997,HANDWRITTEN_CPP,False,CPP_UNVERIFIED,B_DIRECT_MIGRATION,ordinary C++ control/data-flow without detected boundary
tests/monster_test_generated.h,Finish,1000,1000,HANDWRITTEN_CPP,False,CPP_UNVERIFIED,B_DIRECT_MIGRATION,ordinary C++ control/data-flow without detected boundary
tests/monster_test_generated.h,CreateInParentNamespace,1006,1008,HANDWRITTEN_CPP,False,CPP_UNVERIFIED,B_DIRECT_MIGRATION,ordinary C++ control/data-flow without detected boundary
tests/monster_test_generated.h,MonsterBuilder,1042,1043,HANDWRITTEN_CPP,False,CPP_UNVERIFIED,B_DIRECT_MIGRATION,ordinary C++ control/data-flow without detected boundary
tests/monster_test_generated.h,Finish,1046,1046,HANDWRITTEN_CPP,False,CPP_UNVERIFIED,B_DIRECT_MIGRATION,ordinary C++ control/data-flow without detected boundary
tests/monster_test_generated.h,CreateMonster,1052,1054,HANDWRITTEN_CPP,False,CPP_UNVERIFIED,B_DIRECT_MIGRATION,ordinary C++ control/data-flow without detected boundary
tests/monster_test_generated.h,mutate_color,1083,1083,HANDWRITTEN_CPP,False,CPP_UNVERIFIED,B_DIRECT_MIGRATION,ordinary C++ control/data-flow without detected boundary
tests/monster_test_generated.h,add_color,1101,1101,HANDWRITTEN_CPP,False,CPP_UNVERIFIED,B_DIRECT_MIGRATION,ordinary C++ control/data-flow without detected boundary
tests/monster_test_generated.h,TestSimpleTableWithEnumBuilder,1104,1105,HANDWRITTEN_CPP,False,CPP_UNVERIFIED,B_DIRECT_MIGRATION,ordinary C++ control/data-flow without detected boundary
tests/monster_test_generated.h,Finish,1108,1108,HANDWRITTEN_CPP,False,CPP_UNVERIFIED,B_DIRECT_MIGRATION,ordinary C++ control/data-flow without detected boundary
tests/monster_test_generated.h,CreateTestSimpleTableWithEnum,1114,1117,HANDWRITTEN_CPP,False,CPP_UNVERIFIED,B_DIRECT_MIGRATION,ordinary C++ control/data-flow without detected boundary
tests/monster_test_generated.h,mutate_val,1153,1153,HANDWRITTEN_CPP,False,CPP_UNVERIFIED,B_DIRECT_MIGRATION,ordinary C++ control/data-flow without detected boundary
tests/monster_test_generated.h,mutate_count,1159,1159,HANDWRITTEN_CPP,False,CPP_UNVERIFIED,B_DIRECT_MIGRATION,ordinary C++ control/data-flow without detected boundary
tests/monster_test_generated.h,add_id,1186,1186,HANDWRITTEN_CPP,False,CPP_UNVERIFIED,B_DIRECT_MIGRATION,ordinary C++ control/data-flow without detected boundary
tests/monster_test_generated.h,add_val,1189,1189,HANDWRITTEN_CPP,False,CPP_UNVERIFIED,B_DIRECT_MIGRATION,ordinary C++ control/data-flow without detected boundary
tests/monster_test_generated.h,add_count,1192,1192,HANDWRITTEN_CPP,False,CPP_UNVERIFIED,B_DIRECT_MIGRATION,ordinary C++ control/data-flow without detected boundary
tests/monster_test_generated.h,StatBuilder,1195,1196,HANDWRITTEN_CPP,False,CPP_UNVERIFIED,B_DIRECT_MIGRATION,ordinary C++ control/data-flow without detected boundary
tests/monster_test_generated.h,Finish,1199,1199,HANDWRITTEN_CPP,False,CPP_UNVERIFIED,B_DIRECT_MIGRATION,ordinary C++ control/data-flow without detected boundary
tests/monster_test_generated.h,CreateStat,1205,1210,HANDWRITTEN_CPP,False,CPP_UNVERIFIED,B_DIRECT_MIGRATION,ordinary C++ control/data-flow without detected boundary
tests/monster_test_generated.h,CreateStatDirect,1217,1222,HANDWRITTEN_CPP,False,CPP_UNVERIFIED,B_DIRECT_MIGRATION,ordinary C++ control/data-flow without detected boundary
tests/monster_test_generated.h,mutate_id,1251,1251,HANDWRITTEN_CPP,False,CPP_UNVERIFIED,B_DIRECT_MIGRATION,ordinary C++ control/data-flow without detected boundary
tests/monster_test_generated.h,add_id,1275,1275,HANDWRITTEN_CPP,False,CPP_UNVERIFIED,B_DIRECT_MIGRATION,ordinary C++ control/data-flow without detected boundary
tests/monster_test_generated.h,ReferrableBuilder,1278,1279,HANDWRITTEN_CPP,False,CPP_UNVERIFIED,B_DIRECT_MIGRATION,ordinary C++ control/data-flow without detected boundary
tests/monster_test_generated.h,Finish,1282,1282,HANDWRITTEN_CPP,False,CPP_UNVERIFIED,B_DIRECT_MIGRATION,ordinary C++ control/data-flow without detected boundary
tests/monster_test_generated.h,CreateReferrable,1288,1291,HANDWRITTEN_CPP,False,CPP_UNVERIFIED,B_DIRECT_MIGRATION,ordinary C++ control/data-flow without detected boundary
tests/monster_test_generated.h,mutate_mana,1445,1445,HANDWRITTEN_CPP,False,CPP_UNVERIFIED,B_DIRECT_MIGRATION,ordinary C++ control/data-flow without detected boundary
tests/monster_test_generated.h,mutate_hp,1451,1451,HANDWRITTEN_CPP,False,CPP_UNVERIFIED,B_DIRECT_MIGRATION,ordinary C++ control/data-flow without detected boundary
tests/monster_test_generated.h,mutate_color,1481,1481,HANDWRITTEN_CPP,False,CPP_UNVERIFIED,B_DIRECT_MIGRATION,ordinary C++ control/data-flow without detected boundary
tests/monster_test_generated.h,mutate_testbool,1559,1559,HANDWRITTEN_CPP,False,CPP_UNVERIFIED,B_DIRECT_MIGRATION,ordinary C++ control/data-flow without detected boundary
tests/monster_test_generated.h,mutate_testhashs32_fnv1,1565,1565,HANDWRITTEN_CPP,False,CPP_UNVERIFIED,B_DIRECT_MIGRATION,ordinary C++ control/data-flow without detected boundary
tests/monster_test_generated.h,mutate_testhashu32_fnv1,1571,1571,HANDWRITTEN_CPP,False,CPP_UNVERIFIED,B_DIRECT_MIGRATION,ordinary C++ control/data-flow without detected boundary
tests/monster_test_generated.h,mutate_testhashs64_fnv1,1577,1577,HANDWRITTEN_CPP,False,CPP_UNVERIFIED,B_DIRECT_MIGRATION,ordinary C++ control/data-flow without detected boundary
tests/monster_test_generated.h,mutate_testhashu64_fnv1,1583,1583,HANDWRITTEN_CPP,False,CPP_UNVERIFIED,B_DIRECT_MIGRATION,ordinary C++ control/data-flow without detected boundary
tests/monster_test_generated.h,mutate_testhashs32_fnv1a,1589,1589,HANDWRITTEN_CPP,False,CPP_UNVERIFIED,B_DIRECT_MIGRATION,ordinary C++ control/data-flow without detected boundary
tests/monster_test_generated.h,mutate_testhashu32_fnv1a,1595,1595,HANDWRITTEN_CPP,False,CPP_UNVERIFIED,B_DIRECT_MIGRATION,ordinary C++ control/data-flow without detected boundary
tests/monster_test_generated.h,mutate_testhashs64_fnv1a,1601,1601,HANDWRITTEN_CPP,False,CPP_UNVERIFIED,B_DIRECT_MIGRATION,ordinary C++ control/data-flow without detected boundary
tests/monster_test_generated.h,mutate_testhashu64_fnv1a,1607,1607,HANDWRITTEN_CPP,False,CPP_UNVERIFIED,B_DIRECT_MIGRATION,ordinary C++ control/data-flow without detected boundary
tests/monster_test_generated.h,mutate_testf,1619,1619,HANDWRITTEN_CPP,False,CPP_UNVERIFIED,B_DIRECT_MIGRATION,ordinary C++ control/data-flow without detected boundary
tests/monster_test_generated.h,mutate_testf2,1625,1625,HANDWRITTEN_CPP,False,CPP_UNVERIFIED,B_DIRECT_MIGRATION,ordinary C++ control/data-flow without detected boundary
tests/monster_test_generated.h,mutate_testf3,1631,1631,HANDWRITTEN_CPP,False,CPP_UNVERIFIED,B_DIRECT_MIGRATION,ordinary C++ control/data-flow without detected boundary
tests/monster_test_generated.h,mutate_single_weak_reference,1690,1690,HANDWRITTEN_CPP,False,CPP_UNVERIFIED,B_DIRECT_MIGRATION,ordinary C++ control/data-flow without detected boundary
tests/monster_test_generated.h,mutate_co_owning_reference,1708,1708,HANDWRITTEN_CPP,False,CPP_UNVERIFIED,B_DIRECT_MIGRATION,ordinary C++ control/data-flow without detected boundary
tests/monster_test_generated.h,mutate_non_owning_reference,1720,1720,HANDWRITTEN_CPP,False,CPP_UNVERIFIED,B_DIRECT_MIGRATION,ordinary C++ control/data-flow without detected boundary
tests/monster_test_generated.h,mutate_signed_enum,1794,1794,HANDWRITTEN_CPP,False,CPP_UNVERIFIED,B_DIRECT_MIGRATION,ordinary C++ control/data-flow without detected boundary
tests/monster_test_generated.h,mutate_long_enum_non_enum_default,1823,1823,HANDWRITTEN_CPP,False,CPP_UNVERIFIED,B_DIRECT_MIGRATION,ordinary C++ control/data-flow without detected boundary
tests/monster_test_generated.h,mutate_long_enum_normal_default,1829,1829,HANDWRITTEN_CPP,False,CPP_UNVERIFIED,B_DIRECT_MIGRATION,ordinary C++ control/data-flow without detected boundary
tests/monster_test_generated.h,mutate_nan_default,1835,1835,HANDWRITTEN_CPP,False,CPP_UNVERIFIED,B_DIRECT_MIGRATION,ordinary C++ control/data-flow without detected boundary
tests/monster_test_generated.h,mutate_inf_default,1841,1841,HANDWRITTEN_CPP,False,CPP_UNVERIFIED,B_DIRECT_MIGRATION,ordinary C++ control/data-flow without detected boundary
tests/monster_test_generated.h,mutate_positive_inf_default,1847,1847,HANDWRITTEN_CPP,False,CPP_UNVERIFIED,B_DIRECT_MIGRATION,ordinary C++ control/data-flow without detected boundary
tests/monster_test_generated.h,mutate_infinity_default,1853,1853,HANDWRITTEN_CPP,False,CPP_UNVERIFIED,B_DIRECT_MIGRATION,ordinary C++ control/data-flow without detected boundary
tests/monster_test_generated.h,mutate_positive_infinity_default,1859,1859,HANDWRITTEN_CPP,False,CPP_UNVERIFIED,B_DIRECT_MIGRATION,ordinary C++ control/data-flow without detected boundary
tests/monster_test_generated.h,mutate_negative_inf_default,1865,1865,HANDWRITTEN_CPP,False,CPP_UNVERIFIED,B_DIRECT_MIGRATION,ordinary C++ control/data-flow without detected boundary
tests/monster_test_generated.h,mutate_negative_infinity_default,1871,1871,HANDWRITTEN_CPP,False,CPP_UNVERIFIED,B_DIRECT_MIGRATION,ordinary C++ control/data-flow without detected boundary
tests/monster_test_generated.h,mutate_double_inf_default,1877,1877,HANDWRITTEN_CPP,False,CPP_UNVERIFIED,B_DIRECT_MIGRATION,ordinary C++ control/data-flow without detected boundary
tests/monster_test_generated.h,add_pos,2039,2039,HANDWRITTEN_CPP,False,CPP_UNVERIFIED,B_DIRECT_MIGRATION,ordinary C++ control/data-flow without detected boundary
tests/monster_test_generated.h,add_mana,2042,2042,HANDWRITTEN_CPP,False,CPP_UNVERIFIED,B_DIRECT_MIGRATION,ordinary C++ control/data-flow without detected boundary
tests/monster_test_generated.h,add_hp,2045,2045,HANDWRITTEN_CPP,False,CPP_UNVERIFIED,B_DIRECT_MIGRATION,ordinary C++ control/data-flow without detected boundary
tests/monster_test_generated.h,add_name,2048,2048,HANDWRITTEN_CPP,False,CPP_UNVERIFIED,B_DIRECT_MIGRATION,ordinary C++ control/data-flow without detected boundary
tests/monster_test_generated.h,add_inventory,2051,2051,HANDWRITTEN_CPP,False,CPP_UNVERIFIED,B_DIRECT_MIGRATION,ordinary C++ control/data-flow without detected boundary
tests/monster_test_generated.h,add_color,2054,2054,HANDWRITTEN_CPP,False,CPP_UNVERIFIED,B_DIRECT_MIGRATION,ordinary C++ control/data-flow without detected boundary
tests/monster_test_generated.h,add_test_type,2057,2057,HANDWRITTEN_CPP,False,CPP_UNVERIFIED,B_DIRECT_MIGRATION,ordinary C++ control/data-flow without detected boundary
tests/monster_test_generated.h,add_test,2060,2060,HANDWRITTEN_CPP,False,CPP_UNVERIFIED,B_DIRECT_MIGRATION,ordinary C++ control/data-flow without detected boundary
tests/monster_test_generated.h,add_test4,2063,2063,HANDWRITTEN_CPP,False,CPP_UNVERIFIED,B_DIRECT_MIGRATION,ordinary C++ control/data-flow without detected boundary
tests/monster_test_generated.h,add_testarrayofstring,2066,2066,HANDWRITTEN_CPP,False,CPP_UNVERIFIED,B_DIRECT_MIGRATION,ordinary C++ control/data-flow without detected boundary
tests/monster_test_generated.h,add_testarrayoftables,2069,2069,HANDWRITTEN_CPP,False,CPP_UNVERIFIED,B_DIRECT_MIGRATION,ordinary C++ control/data-flow without detected boundary
tests/monster_test_generated.h,add_enemy,2072,2072,HANDWRITTEN_CPP,False,CPP_UNVERIFIED,B_DIRECT_MIGRATION,ordinary C++ control/data-flow without detected boundary
tests/monster_test_generated.h,add_testnestedflatbuffer,2075,2075,HANDWRITTEN_CPP,False,CPP_UNVERIFIED,B_DIRECT_MIGRATION,ordinary C++ control/data-flow without detected boundary
tests/monster_test_generated.h,add_testempty,2078,2078,HANDWRITTEN_CPP,False,CPP_UNVERIFIED,B_DIRECT_MIGRATION,ordinary C++ control/data-flow without detected boundary
tests/monster_test_generated.h,add_testbool,2081,2081,HANDWRITTEN_CPP,False,CPP_UNVERIFIED,B_DIRECT_MIGRATION,ordinary C++ control/data-flow without detected boundary
tests/monster_test_generated.h,add_testhashs32_fnv1,2084,2084,HANDWRITTEN_CPP,False,CPP_UNVERIFIED,B_DIRECT_MIGRATION,ordinary C++ control/data-flow without detected boundary
tests/monster_test_generated.h,add_testhashu32_fnv1,2087,2087,HANDWRITTEN_CPP,False,CPP_UNVERIFIED,B_DIRECT_MIGRATION,ordinary C++ control/data-flow without detected boundary
tests/monster_test_generated.h,add_testhashs64_fnv1,2090,2090,HANDWRITTEN_CPP,False,CPP_UNVERIFIED,B_DIRECT_MIGRATION,ordinary C++ control/data-flow without detected boundary
tests/monster_test_generated.h,add_testhashu64_fnv1,2093,2093,HANDWRITTEN_CPP,False,CPP_UNVERIFIED,B_DIRECT_MIGRATION,ordinary C++ control/data-flow without detected boundary
tests/monster_test_generated.h,add_testhashs32_fnv1a,2096,2096,HANDWRITTEN_CPP,False,CPP_UNVERIFIED,B_DIRECT_MIGRATION,ordinary C++ control/data-flow without detected boundary
tests/monster_test_generated.h,add_testhashu32_fnv1a,2099,2099,HANDWRITTEN_CPP,False,CPP_UNVERIFIED,B_DIRECT_MIGRATION,ordinary C++ control/data-flow without detected boundary
tests/monster_test_generated.h,add_testhashs64_fnv1a,2102,2102,HANDWRITTEN_CPP,False,CPP_UNVERIFIED,B_DIRECT_MIGRATION,ordinary C++ control/data-flow without detected boundary
tests/monster_test_generated.h,add_testhashu64_fnv1a,2105,2105,HANDWRITTEN_CPP,False,CPP_UNVERIFIED,B_DIRECT_MIGRATION,ordinary C++ control/data-flow without detected boundary
tests/monster_test_generated.h,add_testarrayofbools,2108,2108,HANDWRITTEN_CPP,False,CPP_UNVERIFIED,B_DIRECT_MIGRATION,ordinary C++ control/data-flow without detected boundary
tests/monster_test_generated.h,add_testf,2111,2111,HANDWRITTEN_CPP,False,CPP_UNVERIFIED,B_DIRECT_MIGRATION,ordinary C++ control/data-flow without detected boundary
tests/monster_test_generated.h,add_testf2,2114,2114,HANDWRITTEN_CPP,False,CPP_UNVERIFIED,B_DIRECT_MIGRATION,ordinary C++ control/data-flow without detected boundary
tests/monster_test_generated.h,add_testf3,2117,2117,HANDWRITTEN_CPP,False,CPP_UNVERIFIED,B_DIRECT_MIGRATION,ordinary C++ control/data-flow without detected boundary
tests/monster_test_generated.h,add_testarrayofstring2,2120,2120,HANDWRITTEN_CPP,False,CPP_UNVERIFIED,B_DIRECT_MIGRATION,ordinary C++ control/data-flow without detected boundary
tests/monster_test_generated.h,add_testarrayofsortedstruct,2123,2123,HANDWRITTEN_CPP,False,CPP_UNVERIFIED,B_DIRECT_MIGRATION,ordinary C++ control/data-flow without detected boundary
tests/monster_test_generated.h,add_flex,2126,2126,HANDWRITTEN_CPP,False,CPP_UNVERIFIED,B_DIRECT_MIGRATION,ordinary C++ control/data-flow without detected boundary
tests/monster_test_generated.h,add_test5,2129,2129,HANDWRITTEN_CPP,False,CPP_UNVERIFIED,B_DIRECT_MIGRATION,ordinary C++ control/data-flow without detected boundary
tests/monster_test_generated.h,add_vector_of_longs,2132,2132,HANDWRITTEN_CPP,False,CPP_UNVERIFIED,B_DIRECT_MIGRATION,ordinary C++ control/data-flow without detected boundary
tests/monster_test_generated.h,add_vector_of_doubles,2135,2135,HANDWRITTEN_CPP,False,CPP_UNVERIFIED,B_DIRECT_MIGRATION,ordinary C++ control/data-flow without detected boundary
tests/monster_test_generated.h,add_parent_namespace_test,2138,2138,HANDWRITTEN_CPP,False,CPP_UNVERIFIED,B_DIRECT_MIGRATION,ordinary C++ control/data-flow without detected boundary
tests/monster_test_generated.h,add_vector_of_referrables,2141,2141,HANDWRITTEN_CPP,False,CPP_UNVERIFIED,B_DIRECT_MIGRATION,ordinary C++ control/data-flow without detected boundary
tests/monster_test_generated.h,add_single_weak_reference,2144,2144,HANDWRITTEN_CPP,False,CPP_UNVERIFIED,B_DIRECT_MIGRATION,ordinary C++ control/data-flow without detected boundary
tests/monster_test_generated.h,add_vector_of_weak_references,2147,2147,HANDWRITTEN_CPP,False,CPP_UNVERIFIED,B_DIRECT_MIGRATION,ordinary C++ control/data-flow without detected boundary
tests/monster_test_generated.h,add_vector_of_strong_referrables,2150,2150,HANDWRITTEN_CPP,False,CPP_UNVERIFIED,B_DIRECT_MIGRATION,ordinary C++ control/data-flow without detected boundary
tests/monster_test_generated.h,add_co_owning_reference,2153,2153,HANDWRITTEN_CPP,False,CPP_UNVERIFIED,B_DIRECT_MIGRATION,ordinary C++ control/data-flow without detected boundary
tests/monster_test_generated.h,add_vector_of_co_owning_references,2156,2156,HANDWRITTEN_CPP,False,CPP_UNVERIFIED,B_DIRECT_MIGRATION,ordinary C++ control/data-flow without detected boundary
tests/monster_test_generated.h,add_non_owning_reference,2159,2159,HANDWRITTEN_CPP,False,CPP_UNVERIFIED,B_DIRECT_MIGRATION,ordinary C++ control/data-flow without detected boundary
tests/monster_test_generated.h,add_vector_of_non_owning_references,2162,2162,HANDWRITTEN_CPP,False,CPP_UNVERIFIED,B_DIRECT_MIGRATION,ordinary C++ control/data-flow without detected boundary
tests/monster_test_generated.h,add_any_unique_type,2165,2165,HANDWRITTEN_CPP,False,CPP_UNVERIFIED,B_DIRECT_MIGRATION,ordinary C++ control/data-flow without detected boundary
tests/monster_test_generated.h,add_any_unique,2168,2168,HANDWRITTEN_CPP,False,CPP_UNVERIFIED,B_DIRECT_MIGRATION,ordinary C++ control/data-flow without detected boundary
tests/monster_test_generated.h,add_any_ambiguous_type,2171,2171,HANDWRITTEN_CPP,False,CPP_UNVERIFIED,B_DIRECT_MIGRATION,ordinary C++ control/data-flow without detected boundary
tests/monster_test_generated.h,add_any_ambiguous,2174,2174,HANDWRITTEN_CPP,False,CPP_UNVERIFIED,B_DIRECT_MIGRATION,ordinary C++ control/data-flow without detected boundary
tests/monster_test_generated.h,add_vector_of_enums,2177,2177,HANDWRITTEN_CPP,False,CPP_UNVERIFIED,B_DIRECT_MIGRATION,ordinary C++ control/data-flow without detected boundary
tests/monster_test_generated.h,add_signed_enum,2180,2180,HANDWRITTEN_CPP,False,CPP_UNVERIFIED,B_DIRECT_MIGRATION,ordinary C++ control/data-flow without detected boundary
tests/monster_test_generated.h,add_testrequirednestedflatbuffer,2183,2183,HANDWRITTEN_CPP,False,CPP_UNVERIFIED,B_DIRECT_MIGRATION,ordinary C++ control/data-flow without detected boundary
tests/monster_test_generated.h,add_scalar_key_sorted_tables,2186,2186,HANDWRITTEN_CPP,False,CPP_UNVERIFIED,B_DIRECT_MIGRATION,ordinary C++ control/data-flow without detected boundary
tests/monster_test_generated.h,add_native_inline,2189,2189,HANDWRITTEN_CPP,False,CPP_UNVERIFIED,B_DIRECT_MIGRATION,ordinary C++ control/data-flow without detected boundary
tests/monster_test_generated.h,add_long_enum_non_enum_default,2192,2192,HANDWRITTEN_CPP,False,CPP_UNVERIFIED,B_DIRECT_MIGRATION,ordinary C++ control/data-flow without detected boundary
tests/monster_test_generated.h,add_long_enum_normal_default,2195,2195,HANDWRITTEN_CPP,False,CPP_UNVERIFIED,B_DIRECT_MIGRATION,ordinary C++ control/data-flow without detected boundary
tests/monster_test_generated.h,add_nan_default,2198,2198,HANDWRITTEN_CPP,False,CPP_UNVERIFIED,B_DIRECT_MIGRATION,ordinary C++ control/data-flow without detected boundary
tests/monster_test_generated.h,add_inf_default,2201,2201,HANDWRITTEN_CPP,False,CPP_UNVERIFIED,B_DIRECT_MIGRATION,ordinary C++ control/data-flow without detected boundary
tests/monster_test_generated.h,add_positive_inf_default,2204,2204,HANDWRITTEN_CPP,False,CPP_UNVERIFIED,B_DIRECT_MIGRATION,ordinary C++ control/data-flow without detected boundary
tests/monster_test_generated.h,add_infinity_default,2207,2207,HANDWRITTEN_CPP,False,CPP_UNVERIFIED,B_DIRECT_MIGRATION,ordinary C++ control/data-flow without detected boundary
tests/monster_test_generated.h,add_positive_infinity_default,2210,2210,HANDWRITTEN_CPP,False,CPP_UNVERIFIED,B_DIRECT_MIGRATION,ordinary C++ control/data-flow without detected boundary
tests/monster_test_generated.h,add_negative_inf_default,2213,2213,HANDWRITTEN_CPP,False,CPP_UNVERIFIED,B_DIRECT_MIGRATION,ordinary C++ control/data-flow without detected boundary
tests/monster_test_generated.h,add_negative_infinity_default,2216,2216,HANDWRITTEN_CPP,False,CPP_UNVERIFIED,B_DIRECT_MIGRATION,ordinary C++ control/data-flow without detected boundary
tests/monster_test_generated.h,add_double_inf_default,2219,2219,HANDWRITTEN_CPP,False,CPP_UNVERIFIED,B_DIRECT_MIGRATION,ordinary C++ control/data-flow without detected boundary
tests/monster_test_generated.h,MonsterBuilder,2222,2223,HANDWRITTEN_CPP,False,CPP_UNVERIFIED,B_DIRECT_MIGRATION,ordinary C++ control/data-flow without detected boundary
tests/monster_test_generated.h,Finish,2226,2226,HANDWRITTEN_CPP,False,CPP_UNVERIFIED,B_DIRECT_MIGRATION,ordinary C++ control/data-flow without detected boundary
tests/monster_test_generated.h,CreateMonster,2233,2296,HANDWRITTEN_CPP,False,CPP_UNVERIFIED,B_DIRECT_MIGRATION,ordinary C++ control/data-flow without detected boundary
tests/monster_test_generated.h,CreateMonsterDirect,2361,2424,HANDWRITTEN_CPP,False,CPP_UNVERIFIED,B_DIRECT_MIGRATION,ordinary C++ control/data-flow without detected boundary
tests/monster_test_generated.h,mutate_i8,2553,2553,HANDWRITTEN_CPP,False,CPP_UNVERIFIED,B_DIRECT_MIGRATION,ordinary C++ control/data-flow without detected boundary
tests/monster_test_generated.h,mutate_u8,2559,2559,HANDWRITTEN_CPP,False,CPP_UNVERIFIED,B_DIRECT_MIGRATION,ordinary C++ control/data-flow without detected boundary
tests/monster_test_generated.h,mutate_i16,2565,2565,HANDWRITTEN_CPP,False,CPP_UNVERIFIED,B_DIRECT_MIGRATION,ordinary C++ control/data-flow without detected boundary
tests/monster_test_generated.h,mutate_u16,2571,2571,HANDWRITTEN_CPP,False,CPP_UNVERIFIED,B_DIRECT_MIGRATION,ordinary C++ control/data-flow without detected boundary
tests/monster_test_generated.h,mutate_i32,2577,2577,HANDWRITTEN_CPP,False,CPP_UNVERIFIED,B_DIRECT_MIGRATION,ordinary C++ control/data-flow without detected boundary
tests/monster_test_generated.h,mutate_u32,2583,2583,HANDWRITTEN_CPP,False,CPP_UNVERIFIED,B_DIRECT_MIGRATION,ordinary C++ control/data-flow without detected boundary
tests/monster_test_generated.h,mutate_i64,2589,2589,HANDWRITTEN_CPP,False,CPP_UNVERIFIED,B_DIRECT_MIGRATION,ordinary C++ control/data-flow without detected boundary
tests/monster_test_generated.h,mutate_u64,2595,2595,HANDWRITTEN_CPP,False,CPP_UNVERIFIED,B_DIRECT_MIGRATION,ordinary C++ control/data-flow without detected boundary
tests/monster_test_generated.h,mutate_f32,2601,2601,HANDWRITTEN_CPP,False,CPP_UNVERIFIED,B_DIRECT_MIGRATION,ordinary C++ control/data-flow without detected boundary
tests/monster_test_generated.h,mutate_f64,2607,2607,HANDWRITTEN_CPP,False,CPP_UNVERIFIED,B_DIRECT_MIGRATION,ordinary C++ control/data-flow without detected boundary
tests/monster_test_generated.h,add_i8,2650,2650,HANDWRITTEN_CPP,False,CPP_UNVERIFIED,B_DIRECT_MIGRATION,ordinary C++ control/data-flow without detected boundary
tests/monster_test_generated.h,add_u8,2653,2653,HANDWRITTEN_CPP,False,CPP_UNVERIFIED,B_DIRECT_MIGRATION,ordinary C++ control/data-flow without detected boundary
tests/monster_test_generated.h,add_i16,2656,2656,HANDWRITTEN_CPP,False,CPP_UNVERIFIED,B_DIRECT_MIGRATION,ordinary C++ control/data-flow without detected boundary
tests/monster_test_generated.h,add_u16,2659,2659,HANDWRITTEN_CPP,False,CPP_UNVERIFIED,B_DIRECT_MIGRATION,ordinary C++ control/data-flow without detected boundary
tests/monster_test_generated.h,add_i32,2662,2662,HANDWRITTEN_CPP,False,CPP_UNVERIFIED,B_DIRECT_MIGRATION,ordinary C++ control/data-flow without detected boundary
tests/monster_test_generated.h,add_u32,2665,2665,HANDWRITTEN_CPP,False,CPP_UNVERIFIED,B_DIRECT_MIGRATION,ordinary C++ control/data-flow without detected boundary
tests/monster_test_generated.h,add_i64,2668,2668,HANDWRITTEN_CPP,False,CPP_UNVERIFIED,B_DIRECT_MIGRATION,ordinary C++ control/data-flow without detected boundary
tests/monster_test_generated.h,add_u64,2671,2671,HANDWRITTEN_CPP,False,CPP_UNVERIFIED,B_DIRECT_MIGRATION,ordinary C++ control/data-flow without detected boundary
tests/monster_test_generated.h,add_f32,2674,2674,HANDWRITTEN_CPP,False,CPP_UNVERIFIED,B_DIRECT_MIGRATION,ordinary C++ control/data-flow without detected boundary
tests/monster_test_generated.h,add_f64,2677,2677,HANDWRITTEN_CPP,False,CPP_UNVERIFIED,B_DIRECT_MIGRATION,ordinary C++ control/data-flow without detected boundary
tests/monster_test_generated.h,add_v8,2680,2680,HANDWRITTEN_CPP,False,CPP_UNVERIFIED,B_DIRECT_MIGRATION,ordinary C++ control/data-flow without detected boundary
tests/monster_test_generated.h,add_vf64,2683,2683,HANDWRITTEN_CPP,False,CPP_UNVERIFIED,B_DIRECT_MIGRATION,ordinary C++ control/data-flow without detected boundary
tests/monster_test_generated.h,TypeAliasesBuilder,2686,2687,HANDWRITTEN_CPP,False,CPP_UNVERIFIED,B_DIRECT_MIGRATION,ordinary C++ control/data-flow without detected boundary
tests/monster_test_generated.h,Finish,2690,2690,HANDWRITTEN_CPP,False,CPP_UNVERIFIED,B_DIRECT_MIGRATION,ordinary C++ control/data-flow without detected boundary
tests/monster_test_generated.h,CreateTypeAliases,2696,2710,HANDWRITTEN_CPP,False,CPP_UNVERIFIED,B_DIRECT_MIGRATION,ordinary C++ control/data-flow without detected boundary
tests/monster_test_generated.h,CreateTypeAliasesDirect,2726,2740,HANDWRITTEN_CPP,False,CPP_UNVERIFIED,B_DIRECT_MIGRATION,ordinary C++ control/data-flow without detected boundary
tests/monster_test_generated.h,CreateInParentNamespace,2783,2784,HANDWRITTEN_CPP,False,CPP_UNVERIFIED,B_DIRECT_MIGRATION,ordinary C++ control/data-flow without detected boundary
tests/monster_test_generated.h,CreateMonster,2818,2819,HANDWRITTEN_CPP,False,CPP_UNVERIFIED,B_DIRECT_MIGRATION,ordinary C++ control/data-flow without detected boundary
tests/monster_test_generated.h,CreateTestSimpleTableWithEnum,2857,2858,HANDWRITTEN_CPP,False,CPP_UNVERIFIED,B_DIRECT_MIGRATION,ordinary C++ control/data-flow without detected boundary
tests/monster_test_generated.h,CreateStat,2898,2899,HANDWRITTEN_CPP,False,CPP_UNVERIFIED,B_DIRECT_MIGRATION,ordinary C++ control/data-flow without detected boundary
tests/monster_test_generated.h,CreateReferrable,2939,2940,HANDWRITTEN_CPP,False,CPP_UNVERIFIED,B_DIRECT_MIGRATION,ordinary C++ control/data-flow without detected boundary
tests/monster_test_generated.h,pos,3023,3075,HANDWRITTEN_CPP,False,CPP_UNVERIFIED,B_DIRECT_MIGRATION,ordinary C++ control/data-flow without detected boundary
tests/monster_test_generated.h,CreateMonster,3221,3222,HANDWRITTEN_CPP,False,CPP_UNVERIFIED,B_DIRECT_MIGRATION,ordinary C++ control/data-flow without detected boundary
tests/monster_test_generated.h,CreateTypeAliases,3400,3401,HANDWRITTEN_CPP,False,CPP_UNVERIFIED,B_DIRECT_MIGRATION,ordinary C++ control/data-flow without detected boundary
tests/monster_test_generated.h,VerifyAny,3436,3438,HANDWRITTEN_CPP,False,CPP_UNVERIFIED,B_DIRECT_MIGRATION,ordinary C++ control/data-flow without detected boundary
tests/monster_test_generated.h,VerifyAnyVector,3458,3460,HANDWRITTEN_CPP,False,CPP_UNVERIFIED,B_DIRECT_MIGRATION,ordinary C++ control/data-flow without detected boundary
tests/monster_test_generated.h,VerifyAnyUniqueAliases,3551,3553,HANDWRITTEN_CPP,False,CPP_UNVERIFIED,B_DIRECT_MIGRATION,ordinary C++ control/data-flow without detected boundary
tests/monster_test_generated.h,VerifyAnyUniqueAliasesVector,3573,3575,HANDWRITTEN_CPP,False,CPP_UNVERIFIED,B_DIRECT_MIGRATION,ordinary C++ control/data-flow without detected boundary
tests/monster_test_generated.h,VerifyAnyAmbiguousAliases,3666,3668,HANDWRITTEN_CPP,False,CPP_UNVERIFIED,B_DIRECT_MIGRATION,ordinary C++ control/data-flow without detected boundary
tests/monster_test_generated.h,VerifyAnyAmbiguousAliasesVector,3688,3690,HANDWRITTEN_CPP,False,CPP_UNVERIFIED,B_DIRECT_MIGRATION,ordinary C++ control/data-flow without detected boundary
tests/monster_test_generated.h,MonsterBufferHasIdentifier,4288,4289,HANDWRITTEN_CPP,False,CPP_UNVERIFIED,B_DIRECT_MIGRATION,ordinary C++ control/data-flow without detected boundary
tests/monster_test_generated.h,SizePrefixedMonsterBufferHasIdentifier,4293,4294,HANDWRITTEN_CPP,False,CPP_UNVERIFIED,B_DIRECT_MIGRATION,ordinary C++ control/data-flow without detected boundary
tests/monster_test_generated.h,VerifyMonsterBuffer,4300,4301,HANDWRITTEN_CPP,False,CPP_UNVERIFIED,B_DIRECT_MIGRATION,ordinary C++ control/data-flow without detected boundary
tests/monster_test_generated.h,VerifySizePrefixedMonsterBuffer,4306,4307,HANDWRITTEN_CPP,False,CPP_UNVERIFIED,B_DIRECT_MIGRATION,ordinary C++ control/data-flow without detected boundary
tests/monster_test_generated.h,FinishMonsterBuffer,4314,4317,HANDWRITTEN_CPP,False,CPP_UNVERIFIED,B_DIRECT_MIGRATION,ordinary C++ control/data-flow without detected boundary
tests/monster_test_generated.h,FinishSizePrefixedMonsterBuffer,4320,4323,HANDWRITTEN_CPP,False,CPP_UNVERIFIED,B_DIRECT_MIGRATION,ordinary C++ control/data-flow without detected boundary
tests/monster_test_generated.h,UnPackMonster,4326,4329,HANDWRITTEN_CPP,False,CPP_UNVERIFIED,C_LOCAL_REFACTOR,"ownership, callback, threading, or template shape"
tests/monster_test_generated.h,UnPackSizePrefixedMonster,4332,4335,HANDWRITTEN_CPP,False,CPP_UNVERIFIED,C_LOCAL_REFACTOR,"ownership, callback, threading, or template shape"
tests/monster_test_suffix/ext_only/monster_test.grpc.fb.cc,channel_,32,36,HANDWRITTEN_CPP,False,CPP_UNVERIFIED,B_DIRECT_MIGRATION,ordinary C++ control/data-flow without detected boundary
tests/monster_test_suffix/ext_only/monster_test.grpc.fb.h,~StubInterface,36,37,HANDWRITTEN_CPP,False,CPP_UNVERIFIED,B_DIRECT_MIGRATION,ordinary C++ control/data-flow without detected boundary
tests/monster_test_suffix/ext_only/monster_test.grpc.fb.h,AsyncStore,39,39,HANDWRITTEN_CPP,False,CPP_UNVERIFIED,C_LOCAL_REFACTOR,"ownership, callback, threading, or template shape"
tests/monster_test_suffix/ext_only/monster_test.grpc.fb.h,PrepareAsyncStore,42,42,HANDWRITTEN_CPP,False,CPP_UNVERIFIED,C_LOCAL_REFACTOR,"ownership, callback, threading, or template shape"
tests/monster_test_suffix/ext_only/monster_test.grpc.fb.h,Retrieve,45,45,HANDWRITTEN_CPP,False,CPP_UNVERIFIED,C_LOCAL_REFACTOR,"ownership, callback, threading, or template shape"
tests/monster_test_suffix/ext_only/monster_test.grpc.fb.h,AsyncRetrieve,48,48,HANDWRITTEN_CPP,False,CPP_UNVERIFIED,C_LOCAL_REFACTOR,"ownership, callback, threading, or template shape"
tests/monster_test_suffix/ext_only/monster_test.grpc.fb.h,PrepareAsyncRetrieve,51,51,HANDWRITTEN_CPP,False,CPP_UNVERIFIED,C_LOCAL_REFACTOR,"ownership, callback, threading, or template shape"
tests/monster_test_suffix/ext_only/monster_test.grpc.fb.h,GetMaxHitPoint,54,54,HANDWRITTEN_CPP,False,CPP_UNVERIFIED,C_LOCAL_REFACTOR,"ownership, callback, threading, or template shape"
tests/monster_test_suffix/ext_only/monster_test.grpc.fb.h,AsyncGetMaxHitPoint,57,57,HANDWRITTEN_CPP,False,CPP_UNVERIFIED,C_LOCAL_REFACTOR,"ownership, callback, threading, or template shape"
tests/monster_test_suffix/ext_only/monster_test.grpc.fb.h,PrepareAsyncGetMaxHitPoint,60,60,HANDWRITTEN_CPP,False,CPP_UNVERIFIED,C_LOCAL_REFACTOR,"ownership, callback, threading, or template shape"
tests/monster_test_suffix/ext_only/monster_test.grpc.fb.h,AsyncStore,89,89,HANDWRITTEN_CPP,False,CPP_UNVERIFIED,C_LOCAL_REFACTOR,"ownership, callback, threading, or template shape"
tests/monster_test_suffix/ext_only/monster_test.grpc.fb.h,PrepareAsyncStore,92,92,HANDWRITTEN_CPP,False,CPP_UNVERIFIED,C_LOCAL_REFACTOR,"ownership, callback, threading, or template shape"
tests/monster_test_suffix/ext_only/monster_test.grpc.fb.h,Retrieve,95,95,HANDWRITTEN_CPP,False,CPP_UNVERIFIED,C_LOCAL_REFACTOR,"ownership, callback, threading, or template shape"
tests/monster_test_suffix/ext_only/monster_test.grpc.fb.h,AsyncRetrieve,98,98,HANDWRITTEN_CPP,False,CPP_UNVERIFIED,C_LOCAL_REFACTOR,"ownership, callback, threading, or template shape"
tests/monster_test_suffix/ext_only/monster_test.grpc.fb.h,PrepareAsyncRetrieve,101,101,HANDWRITTEN_CPP,False,CPP_UNVERIFIED,C_LOCAL_REFACTOR,"ownership, callback, threading, or template shape"
tests/monster_test_suffix/ext_only/monster_test.grpc.fb.h,GetMaxHitPoint,104,104,HANDWRITTEN_CPP,False,CPP_UNVERIFIED,C_LOCAL_REFACTOR,"ownership, callback, threading, or template shape"
tests/monster_test_suffix/ext_only/monster_test.grpc.fb.h,AsyncGetMaxHitPoint,107,107,HANDWRITTEN_CPP,False,CPP_UNVERIFIED,C_LOCAL_REFACTOR,"ownership, callback, threading, or template shape"
tests/monster_test_suffix/ext_only/monster_test.grpc.fb.h,PrepareAsyncGetMaxHitPoint,110,110,HANDWRITTEN_CPP,False,CPP_UNVERIFIED,C_LOCAL_REFACTOR,"ownership, callback, threading, or template shape"
tests/monster_test_suffix/ext_only/monster_test.grpc.fb.h,BaseClassMustBeDerivedFromService,154,155,HANDWRITTEN_CPP,False,CPP_UNVERIFIED,B_DIRECT_MIGRATION,ordinary C++ control/data-flow without detected boundary
tests/monster_test_suffix/ext_only/monster_test.grpc.fb.h,WithAsyncMethod_Store,156,157,HANDWRITTEN_CPP,False,CPP_UNVERIFIED,B_DIRECT_MIGRATION,ordinary C++ control/data-flow without detected boundary
tests/monster_test_suffix/ext_only/monster_test.grpc.fb.h,RequestStore,168,168,HANDWRITTEN_CPP,False,CPP_UNVERIFIED,B_DIRECT_MIGRATION,ordinary C++ control/data-flow without detected boundary
tests/monster_test_suffix/ext_only/monster_test.grpc.fb.h,BaseClassMustBeDerivedFromService,174,175,HANDWRITTEN_CPP,False,CPP_UNVERIFIED,B_DIRECT_MIGRATION,ordinary C++ control/data-flow without detected boundary
tests/monster_test_suffix/ext_only/monster_test.grpc.fb.h,WithAsyncMethod_Retrieve,176,177,HANDWRITTEN_CPP,False,CPP_UNVERIFIED,B_DIRECT_MIGRATION,ordinary C++ control/data-flow without detected boundary
tests/monster_test_suffix/ext_only/monster_test.grpc.fb.h,RequestRetrieve,188,188,HANDWRITTEN_CPP,False,CPP_UNVERIFIED,B_DIRECT_MIGRATION,ordinary C++ control/data-flow without detected boundary
tests/monster_test_suffix/ext_only/monster_test.grpc.fb.h,BaseClassMustBeDerivedFromService,194,195,HANDWRITTEN_CPP,False,CPP_UNVERIFIED,B_DIRECT_MIGRATION,ordinary C++ control/data-flow without detected boundary
tests/monster_test_suffix/ext_only/monster_test.grpc.fb.h,WithAsyncMethod_GetMaxHitPoint,196,197,HANDWRITTEN_CPP,False,CPP_UNVERIFIED,B_DIRECT_MIGRATION,ordinary C++ control/data-flow without detected boundary
tests/monster_test_suffix/ext_only/monster_test.grpc.fb.h,RequestGetMaxHitPoint,208,208,HANDWRITTEN_CPP,False,CPP_UNVERIFIED,B_DIRECT_MIGRATION,ordinary C++ control/data-flow without detected boundary
tests/monster_test_suffix/ext_only/monster_test.grpc.fb.h,BaseClassMustBeDerivedFromService,214,215,HANDWRITTEN_CPP,False,CPP_UNVERIFIED,B_DIRECT_MIGRATION,ordinary C++ control/data-flow without detected boundary
tests/monster_test_suffix/ext_only/monster_test.grpc.fb.h,WithAsyncMethod_GetMinMaxHitPoints,216,217,HANDWRITTEN_CPP,False,CPP_UNVERIFIED,B_DIRECT_MIGRATION,ordinary C++ control/data-flow without detected boundary
tests/monster_test_suffix/ext_only/monster_test.grpc.fb.h,RequestGetMinMaxHitPoints,228,228,HANDWRITTEN_CPP,False,CPP_UNVERIFIED,B_DIRECT_MIGRATION,ordinary C++ control/data-flow without detected boundary
tests/monster_test_suffix/ext_only/monster_test.grpc.fb.h,BaseClassMustBeDerivedFromService,235,236,HANDWRITTEN_CPP,False,CPP_UNVERIFIED,B_DIRECT_MIGRATION,ordinary C++ control/data-flow without detected boundary
tests/monster_test_suffix/ext_only/monster_test.grpc.fb.h,WithGenericMethod_Store,237,238,HANDWRITTEN_CPP,False,CPP_UNVERIFIED,B_DIRECT_MIGRATION,ordinary C++ control/data-flow without detected boundary
tests/monster_test_suffix/ext_only/monster_test.grpc.fb.h,BaseClassMustBeDerivedFromService,252,253,HANDWRITTEN_CPP,False,CPP_UNVERIFIED,B_DIRECT_MIGRATION,ordinary C++ control/data-flow without detected boundary
tests/monster_test_suffix/ext_only/monster_test.grpc.fb.h,WithGenericMethod_Retrieve,254,255,HANDWRITTEN_CPP,False,CPP_UNVERIFIED,B_DIRECT_MIGRATION,ordinary C++ control/data-flow without detected boundary
tests/monster_test_suffix/ext_only/monster_test.grpc.fb.h,BaseClassMustBeDerivedFromService,269,270,HANDWRITTEN_CPP,False,CPP_UNVERIFIED,B_DIRECT_MIGRATION,ordinary C++ control/data-flow without detected boundary
tests/monster_test_suffix/ext_only/monster_test.grpc.fb.h,WithGenericMethod_GetMaxHitPoint,271,272,HANDWRITTEN_CPP,False,CPP_UNVERIFIED,B_DIRECT_MIGRATION,ordinary C++ control/data-flow without detected boundary
tests/monster_test_suffix/ext_only/monster_test.grpc.fb.h,BaseClassMustBeDerivedFromService,286,287,HANDWRITTEN_CPP,False,CPP_UNVERIFIED,B_DIRECT_MIGRATION,ordinary C++ control/data-flow without detected boundary
tests/monster_test_suffix/ext_only/monster_test.grpc.fb.h,WithGenericMethod_GetMinMaxHitPoints,288,289,HANDWRITTEN_CPP,False,CPP_UNVERIFIED,B_DIRECT_MIGRATION,ordinary C++ control/data-flow without detected boundary
tests/monster_test_suffix/ext_only/monster_test.grpc.fb.h,BaseClassMustBeDerivedFromService,303,304,HANDWRITTEN_CPP,False,CPP_UNVERIFIED,B_DIRECT_MIGRATION,ordinary C++ control/data-flow without detected boundary
tests/monster_test_suffix/ext_only/monster_test.grpc.fb.h,WithStreamedUnaryMethod_Store,305,306,HANDWRITTEN_CPP,False,CPP_UNVERIFIED,B_DIRECT_MIGRATION,ordinary C++ control/data-flow without detected boundary
tests/monster_test_suffix/ext_only/monster_test.grpc.fb.h,BaseClassMustBeDerivedFromService,324,325,HANDWRITTEN_CPP,False,CPP_UNVERIFIED,B_DIRECT_MIGRATION,ordinary C++ control/data-flow without detected boundary
tests/monster_test_suffix/ext_only/monster_test.grpc.fb.h,WithSplitStreamingMethod_Retrieve,326,327,HANDWRITTEN_CPP,False,CPP_UNVERIFIED,B_DIRECT_MIGRATION,ordinary C++ control/data-flow without detected boundary
tests/monster_test_suffix/ext_only/monster_test_generated.hpp,Set,317,319,HANDWRITTEN_CPP,False,CPP_UNVERIFIED,B_DIRECT_MIGRATION,ordinary C++ control/data-flow without detected boundary
tests/monster_test_suffix/ext_only/monster_test_generated.hpp,Set,475,477,HANDWRITTEN_CPP,False,CPP_UNVERIFIED,B_DIRECT_MIGRATION,ordinary C++ control/data-flow without detected boundary
tests/monster_test_suffix/ext_only/monster_test_generated.hpp,a_,676,678,HANDWRITTEN_CPP,False,CPP_UNVERIFIED,B_DIRECT_MIGRATION,ordinary C++ control/data-flow without detected boundary
tests/monster_test_suffix/ext_only/monster_test_generated.hpp,a_,682,684,HANDWRITTEN_CPP,False,CPP_UNVERIFIED,B_DIRECT_MIGRATION,ordinary C++ control/data-flow without detected boundary
tests/monster_test_suffix/ext_only/monster_test_generated.hpp,mutate_a,690,690,HANDWRITTEN_CPP,False,CPP_UNVERIFIED,B_DIRECT_MIGRATION,ordinary C++ control/data-flow without detected boundary
tests/monster_test_suffix/ext_only/monster_test_generated.hpp,mutate_b,696,696,HANDWRITTEN_CPP,False,CPP_UNVERIFIED,B_DIRECT_MIGRATION,ordinary C++ control/data-flow without detected boundary
tests/monster_test_suffix/ext_only/monster_test_generated.hpp,AbslHashValue,711,713,HANDWRITTEN_CPP,False,CPP_UNVERIFIED,B_DIRECT_MIGRATION,ordinary C++ control/data-flow without detected boundary
tests/monster_test_suffix/ext_only/monster_test_generated.hpp,x_,734,742,HANDWRITTEN_CPP,False,CPP_UNVERIFIED,B_DIRECT_MIGRATION,ordinary C++ control/data-flow without detected boundary
tests/monster_test_suffix/ext_only/monster_test_generated.hpp,x_,748,756,HANDWRITTEN_CPP,False,CPP_UNVERIFIED,B_DIRECT_MIGRATION,ordinary C++ control/data-flow without detected boundary
tests/monster_test_suffix/ext_only/monster_test_generated.hpp,mutate_x,764,764,HANDWRITTEN_CPP,False,CPP_UNVERIFIED,B_DIRECT_MIGRATION,ordinary C++ control/data-flow without detected boundary
tests/monster_test_suffix/ext_only/monster_test_generated.hpp,mutate_y,770,770,HANDWRITTEN_CPP,False,CPP_UNVERIFIED,B_DIRECT_MIGRATION,ordinary C++ control/data-flow without detected boundary
tests/monster_test_suffix/ext_only/monster_test_generated.hpp,mutate_z,776,776,HANDWRITTEN_CPP,False,CPP_UNVERIFIED,B_DIRECT_MIGRATION,ordinary C++ control/data-flow without detected boundary
tests/monster_test_suffix/ext_only/monster_test_generated.hpp,mutate_test1,782,782,HANDWRITTEN_CPP,False,CPP_UNVERIFIED,B_DIRECT_MIGRATION,ordinary C++ control/data-flow without detected boundary
tests/monster_test_suffix/ext_only/monster_test_generated.hpp,mutate_test2,788,788,HANDWRITTEN_CPP,False,CPP_UNVERIFIED,B_DIRECT_MIGRATION,ordinary C++ control/data-flow without detected boundary
tests/monster_test_suffix/ext_only/monster_test_generated.hpp,AbslHashValue,813,815,HANDWRITTEN_CPP,False,CPP_UNVERIFIED,B_DIRECT_MIGRATION,ordinary C++ control/data-flow without detected boundary
tests/monster_test_suffix/ext_only/monster_test_generated.hpp,id_,829,830,HANDWRITTEN_CPP,False,CPP_UNVERIFIED,B_DIRECT_MIGRATION,ordinary C++ control/data-flow without detected boundary
tests/monster_test_suffix/ext_only/monster_test_generated.hpp,id_,833,834,HANDWRITTEN_CPP,False,CPP_UNVERIFIED,B_DIRECT_MIGRATION,ordinary C++ control/data-flow without detected boundary
tests/monster_test_suffix/ext_only/monster_test_generated.hpp,mutate_id,839,839,HANDWRITTEN_CPP,False,CPP_UNVERIFIED,B_DIRECT_MIGRATION,ordinary C++ control/data-flow without detected boundary
tests/monster_test_suffix/ext_only/monster_test_generated.hpp,mutate_distance,851,851,HANDWRITTEN_CPP,False,CPP_UNVERIFIED,B_DIRECT_MIGRATION,ordinary C++ control/data-flow without detected boundary
tests/monster_test_suffix/ext_only/monster_test_generated.hpp,AbslHashValue,866,868,HANDWRITTEN_CPP,False,CPP_UNVERIFIED,B_DIRECT_MIGRATION,ordinary C++ control/data-flow without detected boundary
tests/monster_test_suffix/ext_only/monster_test_generated.hpp,a_,883,885,HANDWRITTEN_CPP,False,CPP_UNVERIFIED,B_DIRECT_MIGRATION,ordinary C++ control/data-flow without detected boundary
tests/monster_test_suffix/ext_only/monster_test_generated.hpp,a_,888,890,HANDWRITTEN_CPP,False,CPP_UNVERIFIED,B_DIRECT_MIGRATION,ordinary C++ control/data-flow without detected boundary
tests/monster_test_suffix/ext_only/monster_test_generated.hpp,AbslHashValue,923,925,HANDWRITTEN_CPP,False,CPP_UNVERIFIED,B_DIRECT_MIGRATION,ordinary C++ control/data-flow without detected boundary
tests/monster_test_suffix/ext_only/monster_test_generated.hpp,a_,938,938,HANDWRITTEN_CPP,False,CPP_UNVERIFIED,B_DIRECT_MIGRATION,ordinary C++ control/data-flow without detected boundary
tests/monster_test_suffix/ext_only/monster_test_generated.hpp,a_,941,941,HANDWRITTEN_CPP,False,CPP_UNVERIFIED,B_DIRECT_MIGRATION,ordinary C++ control/data-flow without detected boundary
tests/monster_test_suffix/ext_only/monster_test_generated.hpp,AbslHashValue,960,962,HANDWRITTEN_CPP,False,CPP_UNVERIFIED,B_DIRECT_MIGRATION,ordinary C++ control/data-flow without detected boundary
tests/monster_test_suffix/ext_only/monster_test_generated.hpp,InParentNamespaceBuilder,992,993,HANDWRITTEN_CPP,False,CPP_UNVERIFIED,B_DIRECT_MIGRATION,ordinary C++ control/data-flow without detected boundary
tests/monster_test_suffix/ext_only/monster_test_generated.hpp,Finish,996,996,HANDWRITTEN_CPP,False,CPP_UNVERIFIED,B_DIRECT_MIGRATION,ordinary C++ control/data-flow without detected boundary
tests/monster_test_suffix/ext_only/monster_test_generated.hpp,CreateInParentNamespace,1002,1004,HANDWRITTEN_CPP,False,CPP_UNVERIFIED,B_DIRECT_MIGRATION,ordinary C++ control/data-flow without detected boundary
tests/monster_test_suffix/ext_only/monster_test_generated.hpp,MonsterBuilder,1037,1038,HANDWRITTEN_CPP,False,CPP_UNVERIFIED,B_DIRECT_MIGRATION,ordinary C++ control/data-flow without detected boundary
tests/monster_test_suffix/ext_only/monster_test_generated.hpp,Finish,1041,1041,HANDWRITTEN_CPP,False,CPP_UNVERIFIED,B_DIRECT_MIGRATION,ordinary C++ control/data-flow without detected boundary
tests/monster_test_suffix/ext_only/monster_test_generated.hpp,CreateMonster,1047,1049,HANDWRITTEN_CPP,False,CPP_UNVERIFIED,B_DIRECT_MIGRATION,ordinary C++ control/data-flow without detected boundary
tests/monster_test_suffix/ext_only/monster_test_generated.hpp,mutate_color,1077,1077,HANDWRITTEN_CPP,False,CPP_UNVERIFIED,B_DIRECT_MIGRATION,ordinary C++ control/data-flow without detected boundary
tests/monster_test_suffix/ext_only/monster_test_generated.hpp,add_color,1095,1095,HANDWRITTEN_CPP,False,CPP_UNVERIFIED,B_DIRECT_MIGRATION,ordinary C++ control/data-flow without detected boundary
tests/monster_test_suffix/ext_only/monster_test_generated.hpp,TestSimpleTableWithEnumBuilder,1098,1099,HANDWRITTEN_CPP,False,CPP_UNVERIFIED,B_DIRECT_MIGRATION,ordinary C++ control/data-flow without detected boundary
tests/monster_test_suffix/ext_only/monster_test_generated.hpp,Finish,1102,1102,HANDWRITTEN_CPP,False,CPP_UNVERIFIED,B_DIRECT_MIGRATION,ordinary C++ control/data-flow without detected boundary
tests/monster_test_suffix/ext_only/monster_test_generated.hpp,CreateTestSimpleTableWithEnum,1108,1111,HANDWRITTEN_CPP,False,CPP_UNVERIFIED,B_DIRECT_MIGRATION,ordinary C++ control/data-flow without detected boundary
tests/monster_test_suffix/ext_only/monster_test_generated.hpp,mutate_val,1146,1146,HANDWRITTEN_CPP,False,CPP_UNVERIFIED,B_DIRECT_MIGRATION,ordinary C++ control/data-flow without detected boundary
tests/monster_test_suffix/ext_only/monster_test_generated.hpp,mutate_count,1152,1152,HANDWRITTEN_CPP,False,CPP_UNVERIFIED,B_DIRECT_MIGRATION,ordinary C++ control/data-flow without detected boundary
tests/monster_test_suffix/ext_only/monster_test_generated.hpp,add_id,1179,1179,HANDWRITTEN_CPP,False,CPP_UNVERIFIED,B_DIRECT_MIGRATION,ordinary C++ control/data-flow without detected boundary
tests/monster_test_suffix/ext_only/monster_test_generated.hpp,add_val,1182,1182,HANDWRITTEN_CPP,False,CPP_UNVERIFIED,B_DIRECT_MIGRATION,ordinary C++ control/data-flow without detected boundary
tests/monster_test_suffix/ext_only/monster_test_generated.hpp,add_count,1185,1185,HANDWRITTEN_CPP,False,CPP_UNVERIFIED,B_DIRECT_MIGRATION,ordinary C++ control/data-flow without detected boundary
tests/monster_test_suffix/ext_only/monster_test_generated.hpp,StatBuilder,1188,1189,HANDWRITTEN_CPP,False,CPP_UNVERIFIED,B_DIRECT_MIGRATION,ordinary C++ control/data-flow without detected boundary
tests/monster_test_suffix/ext_only/monster_test_generated.hpp,Finish,1192,1192,HANDWRITTEN_CPP,False,CPP_UNVERIFIED,B_DIRECT_MIGRATION,ordinary C++ control/data-flow without detected boundary
tests/monster_test_suffix/ext_only/monster_test_generated.hpp,CreateStat,1198,1203,HANDWRITTEN_CPP,False,CPP_UNVERIFIED,B_DIRECT_MIGRATION,ordinary C++ control/data-flow without detected boundary
tests/monster_test_suffix/ext_only/monster_test_generated.hpp,CreateStatDirect,1210,1215,HANDWRITTEN_CPP,False,CPP_UNVERIFIED,B_DIRECT_MIGRATION,ordinary C++ control/data-flow without detected boundary
tests/monster_test_suffix/ext_only/monster_test_generated.hpp,mutate_id,1243,1243,HANDWRITTEN_CPP,False,CPP_UNVERIFIED,B_DIRECT_MIGRATION,ordinary C++ control/data-flow without detected boundary
tests/monster_test_suffix/ext_only/monster_test_generated.hpp,add_id,1267,1267,HANDWRITTEN_CPP,False,CPP_UNVERIFIED,B_DIRECT_MIGRATION,ordinary C++ control/data-flow without detected boundary
tests/monster_test_suffix/ext_only/monster_test_generated.hpp,ReferrableBuilder,1270,1271,HANDWRITTEN_CPP,False,CPP_UNVERIFIED,B_DIRECT_MIGRATION,ordinary C++ control/data-flow without detected boundary
tests/monster_test_suffix/ext_only/monster_test_generated.hpp,Finish,1274,1274,HANDWRITTEN_CPP,False,CPP_UNVERIFIED,B_DIRECT_MIGRATION,ordinary C++ control/data-flow without detected boundary
tests/monster_test_suffix/ext_only/monster_test_generated.hpp,CreateReferrable,1280,1283,HANDWRITTEN_CPP,False,CPP_UNVERIFIED,B_DIRECT_MIGRATION,ordinary C++ control/data-flow without detected boundary
tests/monster_test_suffix/ext_only/monster_test_generated.hpp,mutate_mana,1436,1436,HANDWRITTEN_CPP,False,CPP_UNVERIFIED,B_DIRECT_MIGRATION,ordinary C++ control/data-flow without detected boundary
tests/monster_test_suffix/ext_only/monster_test_generated.hpp,mutate_hp,1442,1442,HANDWRITTEN_CPP,False,CPP_UNVERIFIED,B_DIRECT_MIGRATION,ordinary C++ control/data-flow without detected boundary
tests/monster_test_suffix/ext_only/monster_test_generated.hpp,mutate_color,1472,1472,HANDWRITTEN_CPP,False,CPP_UNVERIFIED,B_DIRECT_MIGRATION,ordinary C++ control/data-flow without detected boundary
tests/monster_test_suffix/ext_only/monster_test_generated.hpp,mutate_testbool,1550,1550,HANDWRITTEN_CPP,False,CPP_UNVERIFIED,B_DIRECT_MIGRATION,ordinary C++ control/data-flow without detected boundary
tests/monster_test_suffix/ext_only/monster_test_generated.hpp,mutate_testhashs32_fnv1,1556,1556,HANDWRITTEN_CPP,False,CPP_UNVERIFIED,B_DIRECT_MIGRATION,ordinary C++ control/data-flow without detected boundary
tests/monster_test_suffix/ext_only/monster_test_generated.hpp,mutate_testhashu32_fnv1,1562,1562,HANDWRITTEN_CPP,False,CPP_UNVERIFIED,B_DIRECT_MIGRATION,ordinary C++ control/data-flow without detected boundary
tests/monster_test_suffix/ext_only/monster_test_generated.hpp,mutate_testhashs64_fnv1,1568,1568,HANDWRITTEN_CPP,False,CPP_UNVERIFIED,B_DIRECT_MIGRATION,ordinary C++ control/data-flow without detected boundary
tests/monster_test_suffix/ext_only/monster_test_generated.hpp,mutate_testhashu64_fnv1,1574,1574,HANDWRITTEN_CPP,False,CPP_UNVERIFIED,B_DIRECT_MIGRATION,ordinary C++ control/data-flow without detected boundary
tests/monster_test_suffix/ext_only/monster_test_generated.hpp,mutate_testhashs32_fnv1a,1580,1580,HANDWRITTEN_CPP,False,CPP_UNVERIFIED,B_DIRECT_MIGRATION,ordinary C++ control/data-flow without detected boundary
tests/monster_test_suffix/ext_only/monster_test_generated.hpp,mutate_testhashu32_fnv1a,1586,1586,HANDWRITTEN_CPP,False,CPP_UNVERIFIED,B_DIRECT_MIGRATION,ordinary C++ control/data-flow without detected boundary
tests/monster_test_suffix/ext_only/monster_test_generated.hpp,mutate_testhashs64_fnv1a,1592,1592,HANDWRITTEN_CPP,False,CPP_UNVERIFIED,B_DIRECT_MIGRATION,ordinary C++ control/data-flow without detected boundary
tests/monster_test_suffix/ext_only/monster_test_generated.hpp,mutate_testhashu64_fnv1a,1598,1598,HANDWRITTEN_CPP,False,CPP_UNVERIFIED,B_DIRECT_MIGRATION,ordinary C++ control/data-flow without detected boundary
tests/monster_test_suffix/ext_only/monster_test_generated.hpp,mutate_testf,1610,1610,HANDWRITTEN_CPP,False,CPP_UNVERIFIED,B_DIRECT_MIGRATION,ordinary C++ control/data-flow without detected boundary
tests/monster_test_suffix/ext_only/monster_test_generated.hpp,mutate_testf2,1616,1616,HANDWRITTEN_CPP,False,CPP_UNVERIFIED,B_DIRECT_MIGRATION,ordinary C++ control/data-flow without detected boundary
tests/monster_test_suffix/ext_only/monster_test_generated.hpp,mutate_testf3,1622,1622,HANDWRITTEN_CPP,False,CPP_UNVERIFIED,B_DIRECT_MIGRATION,ordinary C++ control/data-flow without detected boundary
tests/monster_test_suffix/ext_only/monster_test_generated.hpp,mutate_single_weak_reference,1681,1681,HANDWRITTEN_CPP,False,CPP_UNVERIFIED,B_DIRECT_MIGRATION,ordinary C++ control/data-flow without detected boundary
tests/monster_test_suffix/ext_only/monster_test_generated.hpp,mutate_co_owning_reference,1699,1699,HANDWRITTEN_CPP,False,CPP_UNVERIFIED,B_DIRECT_MIGRATION,ordinary C++ control/data-flow without detected boundary
tests/monster_test_suffix/ext_only/monster_test_generated.hpp,mutate_non_owning_reference,1711,1711,HANDWRITTEN_CPP,False,CPP_UNVERIFIED,B_DIRECT_MIGRATION,ordinary C++ control/data-flow without detected boundary
tests/monster_test_suffix/ext_only/monster_test_generated.hpp,mutate_signed_enum,1785,1785,HANDWRITTEN_CPP,False,CPP_UNVERIFIED,B_DIRECT_MIGRATION,ordinary C++ control/data-flow without detected boundary
tests/monster_test_suffix/ext_only/monster_test_generated.hpp,mutate_long_enum_non_enum_default,1814,1814,HANDWRITTEN_CPP,False,CPP_UNVERIFIED,B_DIRECT_MIGRATION,ordinary C++ control/data-flow without detected boundary
tests/monster_test_suffix/ext_only/monster_test_generated.hpp,mutate_long_enum_normal_default,1820,1820,HANDWRITTEN_CPP,False,CPP_UNVERIFIED,B_DIRECT_MIGRATION,ordinary C++ control/data-flow without detected boundary
tests/monster_test_suffix/ext_only/monster_test_generated.hpp,mutate_nan_default,1826,1826,HANDWRITTEN_CPP,False,CPP_UNVERIFIED,B_DIRECT_MIGRATION,ordinary C++ control/data-flow without detected boundary
tests/monster_test_suffix/ext_only/monster_test_generated.hpp,mutate_inf_default,1832,1832,HANDWRITTEN_CPP,False,CPP_UNVERIFIED,B_DIRECT_MIGRATION,ordinary C++ control/data-flow without detected boundary
tests/monster_test_suffix/ext_only/monster_test_generated.hpp,mutate_positive_inf_default,1838,1838,HANDWRITTEN_CPP,False,CPP_UNVERIFIED,B_DIRECT_MIGRATION,ordinary C++ control/data-flow without detected boundary
tests/monster_test_suffix/ext_only/monster_test_generated.hpp,mutate_infinity_default,1844,1844,HANDWRITTEN_CPP,False,CPP_UNVERIFIED,B_DIRECT_MIGRATION,ordinary C++ control/data-flow without detected boundary
tests/monster_test_suffix/ext_only/monster_test_generated.hpp,mutate_positive_infinity_default,1850,1850,HANDWRITTEN_CPP,False,CPP_UNVERIFIED,B_DIRECT_MIGRATION,ordinary C++ control/data-flow without detected boundary
tests/monster_test_suffix/ext_only/monster_test_generated.hpp,mutate_negative_inf_default,1856,1856,HANDWRITTEN_CPP,False,CPP_UNVERIFIED,B_DIRECT_MIGRATION,ordinary C++ control/data-flow without detected boundary
tests/monster_test_suffix/ext_only/monster_test_generated.hpp,mutate_negative_infinity_default,1862,1862,HANDWRITTEN_CPP,False,CPP_UNVERIFIED,B_DIRECT_MIGRATION,ordinary C++ control/data-flow without detected boundary
tests/monster_test_suffix/ext_only/monster_test_generated.hpp,mutate_double_inf_default,1868,1868,HANDWRITTEN_CPP,False,CPP_UNVERIFIED,B_DIRECT_MIGRATION,ordinary C++ control/data-flow without detected boundary
tests/monster_test_suffix/ext_only/monster_test_generated.hpp,add_pos,2030,2030,HANDWRITTEN_CPP,False,CPP_UNVERIFIED,B_DIRECT_MIGRATION,ordinary C++ control/data-flow without detected boundary
tests/monster_test_suffix/ext_only/monster_test_generated.hpp,add_mana,2033,2033,HANDWRITTEN_CPP,False,CPP_UNVERIFIED,B_DIRECT_MIGRATION,ordinary C++ control/data-flow without detected boundary
tests/monster_test_suffix/ext_only/monster_test_generated.hpp,add_hp,2036,2036,HANDWRITTEN_CPP,False,CPP_UNVERIFIED,B_DIRECT_MIGRATION,ordinary C++ control/data-flow without detected boundary
tests/monster_test_suffix/ext_only/monster_test_generated.hpp,add_name,2039,2039,HANDWRITTEN_CPP,False,CPP_UNVERIFIED,B_DIRECT_MIGRATION,ordinary C++ control/data-flow without detected boundary
tests/monster_test_suffix/ext_only/monster_test_generated.hpp,add_inventory,2042,2042,HANDWRITTEN_CPP,False,CPP_UNVERIFIED,B_DIRECT_MIGRATION,ordinary C++ control/data-flow without detected boundary
tests/monster_test_suffix/ext_only/monster_test_generated.hpp,add_color,2045,2045,HANDWRITTEN_CPP,False,CPP_UNVERIFIED,B_DIRECT_MIGRATION,ordinary C++ control/data-flow without detected boundary
tests/monster_test_suffix/ext_only/monster_test_generated.hpp,add_test_type,2048,2048,HANDWRITTEN_CPP,False,CPP_UNVERIFIED,B_DIRECT_MIGRATION,ordinary C++ control/data-flow without detected boundary
tests/monster_test_suffix/ext_only/monster_test_generated.hpp,add_test,2051,2051,HANDWRITTEN_CPP,False,CPP_UNVERIFIED,B_DIRECT_MIGRATION,ordinary C++ control/data-flow without detected boundary
tests/monster_test_suffix/ext_only/monster_test_generated.hpp,add_test4,2054,2054,HANDWRITTEN_CPP,False,CPP_UNVERIFIED,B_DIRECT_MIGRATION,ordinary C++ control/data-flow without detected boundary
tests/monster_test_suffix/ext_only/monster_test_generated.hpp,add_testarrayofstring,2057,2057,HANDWRITTEN_CPP,False,CPP_UNVERIFIED,B_DIRECT_MIGRATION,ordinary C++ control/data-flow without detected boundary
tests/monster_test_suffix/ext_only/monster_test_generated.hpp,add_testarrayoftables,2060,2060,HANDWRITTEN_CPP,False,CPP_UNVERIFIED,B_DIRECT_MIGRATION,ordinary C++ control/data-flow without detected boundary
tests/monster_test_suffix/ext_only/monster_test_generated.hpp,add_enemy,2063,2063,HANDWRITTEN_CPP,False,CPP_UNVERIFIED,B_DIRECT_MIGRATION,ordinary C++ control/data-flow without detected boundary
tests/monster_test_suffix/ext_only/monster_test_generated.hpp,add_testnestedflatbuffer,2066,2066,HANDWRITTEN_CPP,False,CPP_UNVERIFIED,B_DIRECT_MIGRATION,ordinary C++ control/data-flow without detected boundary
tests/monster_test_suffix/ext_only/monster_test_generated.hpp,add_testempty,2069,2069,HANDWRITTEN_CPP,False,CPP_UNVERIFIED,B_DIRECT_MIGRATION,ordinary C++ control/data-flow without detected boundary
tests/monster_test_suffix/ext_only/monster_test_generated.hpp,add_testbool,2072,2072,HANDWRITTEN_CPP,False,CPP_UNVERIFIED,B_DIRECT_MIGRATION,ordinary C++ control/data-flow without detected boundary
tests/monster_test_suffix/ext_only/monster_test_generated.hpp,add_testhashs32_fnv1,2075,2075,HANDWRITTEN_CPP,False,CPP_UNVERIFIED,B_DIRECT_MIGRATION,ordinary C++ control/data-flow without detected boundary
tests/monster_test_suffix/ext_only/monster_test_generated.hpp,add_testhashu32_fnv1,2078,2078,HANDWRITTEN_CPP,False,CPP_UNVERIFIED,B_DIRECT_MIGRATION,ordinary C++ control/data-flow without detected boundary
tests/monster_test_suffix/ext_only/monster_test_generated.hpp,add_testhashs64_fnv1,2081,2081,HANDWRITTEN_CPP,False,CPP_UNVERIFIED,B_DIRECT_MIGRATION,ordinary C++ control/data-flow without detected boundary
tests/monster_test_suffix/ext_only/monster_test_generated.hpp,add_testhashu64_fnv1,2084,2084,HANDWRITTEN_CPP,False,CPP_UNVERIFIED,B_DIRECT_MIGRATION,ordinary C++ control/data-flow without detected boundary
tests/monster_test_suffix/ext_only/monster_test_generated.hpp,add_testhashs32_fnv1a,2087,2087,HANDWRITTEN_CPP,False,CPP_UNVERIFIED,B_DIRECT_MIGRATION,ordinary C++ control/data-flow without detected boundary
tests/monster_test_suffix/ext_only/monster_test_generated.hpp,add_testhashu32_fnv1a,2090,2090,HANDWRITTEN_CPP,False,CPP_UNVERIFIED,B_DIRECT_MIGRATION,ordinary C++ control/data-flow without detected boundary
tests/monster_test_suffix/ext_only/monster_test_generated.hpp,add_testhashs64_fnv1a,2093,2093,HANDWRITTEN_CPP,False,CPP_UNVERIFIED,B_DIRECT_MIGRATION,ordinary C++ control/data-flow without detected boundary
tests/monster_test_suffix/ext_only/monster_test_generated.hpp,add_testhashu64_fnv1a,2096,2096,HANDWRITTEN_CPP,False,CPP_UNVERIFIED,B_DIRECT_MIGRATION,ordinary C++ control/data-flow without detected boundary
tests/monster_test_suffix/ext_only/monster_test_generated.hpp,add_testarrayofbools,2099,2099,HANDWRITTEN_CPP,False,CPP_UNVERIFIED,B_DIRECT_MIGRATION,ordinary C++ control/data-flow without detected boundary
tests/monster_test_suffix/ext_only/monster_test_generated.hpp,add_testf,2102,2102,HANDWRITTEN_CPP,False,CPP_UNVERIFIED,B_DIRECT_MIGRATION,ordinary C++ control/data-flow without detected boundary
tests/monster_test_suffix/ext_only/monster_test_generated.hpp,add_testf2,2105,2105,HANDWRITTEN_CPP,False,CPP_UNVERIFIED,B_DIRECT_MIGRATION,ordinary C++ control/data-flow without detected boundary
tests/monster_test_suffix/ext_only/monster_test_generated.hpp,add_testf3,2108,2108,HANDWRITTEN_CPP,False,CPP_UNVERIFIED,B_DIRECT_MIGRATION,ordinary C++ control/data-flow without detected boundary
tests/monster_test_suffix/ext_only/monster_test_generated.hpp,add_testarrayofstring2,2111,2111,HANDWRITTEN_CPP,False,CPP_UNVERIFIED,B_DIRECT_MIGRATION,ordinary C++ control/data-flow without detected boundary
tests/monster_test_suffix/ext_only/monster_test_generated.hpp,add_testarrayofsortedstruct,2114,2114,HANDWRITTEN_CPP,False,CPP_UNVERIFIED,B_DIRECT_MIGRATION,ordinary C++ control/data-flow without detected boundary
tests/monster_test_suffix/ext_only/monster_test_generated.hpp,add_flex,2117,2117,HANDWRITTEN_CPP,False,CPP_UNVERIFIED,B_DIRECT_MIGRATION,ordinary C++ control/data-flow without detected boundary
tests/monster_test_suffix/ext_only/monster_test_generated.hpp,add_test5,2120,2120,HANDWRITTEN_CPP,False,CPP_UNVERIFIED,B_DIRECT_MIGRATION,ordinary C++ control/data-flow without detected boundary
tests/monster_test_suffix/ext_only/monster_test_generated.hpp,add_vector_of_longs,2123,2123,HANDWRITTEN_CPP,False,CPP_UNVERIFIED,B_DIRECT_MIGRATION,ordinary C++ control/data-flow without detected boundary
tests/monster_test_suffix/ext_only/monster_test_generated.hpp,add_vector_of_doubles,2126,2126,HANDWRITTEN_CPP,False,CPP_UNVERIFIED,B_DIRECT_MIGRATION,ordinary C++ control/data-flow without detected boundary
tests/monster_test_suffix/ext_only/monster_test_generated.hpp,add_parent_namespace_test,2129,2129,HANDWRITTEN_CPP,False,CPP_UNVERIFIED,B_DIRECT_MIGRATION,ordinary C++ control/data-flow without detected boundary
tests/monster_test_suffix/ext_only/monster_test_generated.hpp,add_vector_of_referrables,2132,2132,HANDWRITTEN_CPP,False,CPP_UNVERIFIED,B_DIRECT_MIGRATION,ordinary C++ control/data-flow without detected boundary
tests/monster_test_suffix/ext_only/monster_test_generated.hpp,add_single_weak_reference,2135,2135,HANDWRITTEN_CPP,False,CPP_UNVERIFIED,B_DIRECT_MIGRATION,ordinary C++ control/data-flow without detected boundary
tests/monster_test_suffix/ext_only/monster_test_generated.hpp,add_vector_of_weak_references,2138,2138,HANDWRITTEN_CPP,False,CPP_UNVERIFIED,B_DIRECT_MIGRATION,ordinary C++ control/data-flow without detected boundary
tests/monster_test_suffix/ext_only/monster_test_generated.hpp,add_vector_of_strong_referrables,2141,2141,HANDWRITTEN_CPP,False,CPP_UNVERIFIED,B_DIRECT_MIGRATION,ordinary C++ control/data-flow without detected boundary
tests/monster_test_suffix/ext_only/monster_test_generated.hpp,add_co_owning_reference,2144,2144,HANDWRITTEN_CPP,False,CPP_UNVERIFIED,B_DIRECT_MIGRATION,ordinary C++ control/data-flow without detected boundary
tests/monster_test_suffix/ext_only/monster_test_generated.hpp,add_vector_of_co_owning_references,2147,2147,HANDWRITTEN_CPP,False,CPP_UNVERIFIED,B_DIRECT_MIGRATION,ordinary C++ control/data-flow without detected boundary
tests/monster_test_suffix/ext_only/monster_test_generated.hpp,add_non_owning_reference,2150,2150,HANDWRITTEN_CPP,False,CPP_UNVERIFIED,B_DIRECT_MIGRATION,ordinary C++ control/data-flow without detected boundary
tests/monster_test_suffix/ext_only/monster_test_generated.hpp,add_vector_of_non_owning_references,2153,2153,HANDWRITTEN_CPP,False,CPP_UNVERIFIED,B_DIRECT_MIGRATION,ordinary C++ control/data-flow without detected boundary
tests/monster_test_suffix/ext_only/monster_test_generated.hpp,add_any_unique_type,2156,2156,HANDWRITTEN_CPP,False,CPP_UNVERIFIED,B_DIRECT_MIGRATION,ordinary C++ control/data-flow without detected boundary
tests/monster_test_suffix/ext_only/monster_test_generated.hpp,add_any_unique,2159,2159,HANDWRITTEN_CPP,False,CPP_UNVERIFIED,B_DIRECT_MIGRATION,ordinary C++ control/data-flow without detected boundary
tests/monster_test_suffix/ext_only/monster_test_generated.hpp,add_any_ambiguous_type,2162,2162,HANDWRITTEN_CPP,False,CPP_UNVERIFIED,B_DIRECT_MIGRATION,ordinary C++ control/data-flow without detected boundary
tests/monster_test_suffix/ext_only/monster_test_generated.hpp,add_any_ambiguous,2165,2165,HANDWRITTEN_CPP,False,CPP_UNVERIFIED,B_DIRECT_MIGRATION,ordinary C++ control/data-flow without detected boundary
tests/monster_test_suffix/ext_only/monster_test_generated.hpp,add_vector_of_enums,2168,2168,HANDWRITTEN_CPP,False,CPP_UNVERIFIED,B_DIRECT_MIGRATION,ordinary C++ control/data-flow without detected boundary
tests/monster_test_suffix/ext_only/monster_test_generated.hpp,add_signed_enum,2171,2171,HANDWRITTEN_CPP,False,CPP_UNVERIFIED,B_DIRECT_MIGRATION,ordinary C++ control/data-flow without detected boundary
tests/monster_test_suffix/ext_only/monster_test_generated.hpp,add_testrequirednestedflatbuffer,2174,2174,HANDWRITTEN_CPP,False,CPP_UNVERIFIED,B_DIRECT_MIGRATION,ordinary C++ control/data-flow without detected boundary
tests/monster_test_suffix/ext_only/monster_test_generated.hpp,add_scalar_key_sorted_tables,2177,2177,HANDWRITTEN_CPP,False,CPP_UNVERIFIED,B_DIRECT_MIGRATION,ordinary C++ control/data-flow without detected boundary
tests/monster_test_suffix/ext_only/monster_test_generated.hpp,add_native_inline,2180,2180,HANDWRITTEN_CPP,False,CPP_UNVERIFIED,B_DIRECT_MIGRATION,ordinary C++ control/data-flow without detected boundary
tests/monster_test_suffix/ext_only/monster_test_generated.hpp,add_long_enum_non_enum_default,2183,2183,HANDWRITTEN_CPP,False,CPP_UNVERIFIED,B_DIRECT_MIGRATION,ordinary C++ control/data-flow without detected boundary
tests/monster_test_suffix/ext_only/monster_test_generated.hpp,add_long_enum_normal_default,2186,2186,HANDWRITTEN_CPP,False,CPP_UNVERIFIED,B_DIRECT_MIGRATION,ordinary C++ control/data-flow without detected boundary
tests/monster_test_suffix/ext_only/monster_test_generated.hpp,add_nan_default,2189,2189,HANDWRITTEN_CPP,False,CPP_UNVERIFIED,B_DIRECT_MIGRATION,ordinary C++ control/data-flow without detected boundary
tests/monster_test_suffix/ext_only/monster_test_generated.hpp,add_inf_default,2192,2192,HANDWRITTEN_CPP,False,CPP_UNVERIFIED,B_DIRECT_MIGRATION,ordinary C++ control/data-flow without detected boundary
tests/monster_test_suffix/ext_only/monster_test_generated.hpp,add_positive_inf_default,2195,2195,HANDWRITTEN_CPP,False,CPP_UNVERIFIED,B_DIRECT_MIGRATION,ordinary C++ control/data-flow without detected boundary
tests/monster_test_suffix/ext_only/monster_test_generated.hpp,add_infinity_default,2198,2198,HANDWRITTEN_CPP,False,CPP_UNVERIFIED,B_DIRECT_MIGRATION,ordinary C++ control/data-flow without detected boundary
tests/monster_test_suffix/ext_only/monster_test_generated.hpp,add_positive_infinity_default,2201,2201,HANDWRITTEN_CPP,False,CPP_UNVERIFIED,B_DIRECT_MIGRATION,ordinary C++ control/data-flow without detected boundary
tests/monster_test_suffix/ext_only/monster_test_generated.hpp,add_negative_inf_default,2204,2204,HANDWRITTEN_CPP,False,CPP_UNVERIFIED,B_DIRECT_MIGRATION,ordinary C++ control/data-flow without detected boundary
tests/monster_test_suffix/ext_only/monster_test_generated.hpp,add_negative_infinity_default,2207,2207,HANDWRITTEN_CPP,False,CPP_UNVERIFIED,B_DIRECT_MIGRATION,ordinary C++ control/data-flow without detected boundary
tests/monster_test_suffix/ext_only/monster_test_generated.hpp,add_double_inf_default,2210,2210,HANDWRITTEN_CPP,False,CPP_UNVERIFIED,B_DIRECT_MIGRATION,ordinary C++ control/data-flow without detected boundary
tests/monster_test_suffix/ext_only/monster_test_generated.hpp,MonsterBuilder,2213,2214,HANDWRITTEN_CPP,False,CPP_UNVERIFIED,B_DIRECT_MIGRATION,ordinary C++ control/data-flow without detected boundary
tests/monster_test_suffix/ext_only/monster_test_generated.hpp,Finish,2217,2217,HANDWRITTEN_CPP,False,CPP_UNVERIFIED,B_DIRECT_MIGRATION,ordinary C++ control/data-flow without detected boundary
tests/monster_test_suffix/ext_only/monster_test_generated.hpp,CreateMonster,2224,2287,HANDWRITTEN_CPP,False,CPP_UNVERIFIED,B_DIRECT_MIGRATION,ordinary C++ control/data-flow without detected boundary
tests/monster_test_suffix/ext_only/monster_test_generated.hpp,CreateMonsterDirect,2352,2415,HANDWRITTEN_CPP,False,CPP_UNVERIFIED,B_DIRECT_MIGRATION,ordinary C++ control/data-flow without detected boundary
tests/monster_test_suffix/ext_only/monster_test_generated.hpp,mutate_i8,2543,2543,HANDWRITTEN_CPP,False,CPP_UNVERIFIED,B_DIRECT_MIGRATION,ordinary C++ control/data-flow without detected boundary
tests/monster_test_suffix/ext_only/monster_test_generated.hpp,mutate_u8,2549,2549,HANDWRITTEN_CPP,False,CPP_UNVERIFIED,B_DIRECT_MIGRATION,ordinary C++ control/data-flow without detected boundary
tests/monster_test_suffix/ext_only/monster_test_generated.hpp,mutate_i16,2555,2555,HANDWRITTEN_CPP,False,CPP_UNVERIFIED,B_DIRECT_MIGRATION,ordinary C++ control/data-flow without detected boundary
tests/monster_test_suffix/ext_only/monster_test_generated.hpp,mutate_u16,2561,2561,HANDWRITTEN_CPP,False,CPP_UNVERIFIED,B_DIRECT_MIGRATION,ordinary C++ control/data-flow without detected boundary
tests/monster_test_suffix/ext_only/monster_test_generated.hpp,mutate_i32,2567,2567,HANDWRITTEN_CPP,False,CPP_UNVERIFIED,B_DIRECT_MIGRATION,ordinary C++ control/data-flow without detected boundary
tests/monster_test_suffix/ext_only/monster_test_generated.hpp,mutate_u32,2573,2573,HANDWRITTEN_CPP,False,CPP_UNVERIFIED,B_DIRECT_MIGRATION,ordinary C++ control/data-flow without detected boundary
tests/monster_test_suffix/ext_only/monster_test_generated.hpp,mutate_i64,2579,2579,HANDWRITTEN_CPP,False,CPP_UNVERIFIED,B_DIRECT_MIGRATION,ordinary C++ control/data-flow without detected boundary
tests/monster_test_suffix/ext_only/monster_test_generated.hpp,mutate_u64,2585,2585,HANDWRITTEN_CPP,False,CPP_UNVERIFIED,B_DIRECT_MIGRATION,ordinary C++ control/data-flow without detected boundary
tests/monster_test_suffix/ext_only/monster_test_generated.hpp,mutate_f32,2591,2591,HANDWRITTEN_CPP,False,CPP_UNVERIFIED,B_DIRECT_MIGRATION,ordinary C++ control/data-flow without detected boundary
tests/monster_test_suffix/ext_only/monster_test_generated.hpp,mutate_f64,2597,2597,HANDWRITTEN_CPP,False,CPP_UNVERIFIED,B_DIRECT_MIGRATION,ordinary C++ control/data-flow without detected boundary
tests/monster_test_suffix/ext_only/monster_test_generated.hpp,add_i8,2640,2640,HANDWRITTEN_CPP,False,CPP_UNVERIFIED,B_DIRECT_MIGRATION,ordinary C++ control/data-flow without detected boundary
tests/monster_test_suffix/ext_only/monster_test_generated.hpp,add_u8,2643,2643,HANDWRITTEN_CPP,False,CPP_UNVERIFIED,B_DIRECT_MIGRATION,ordinary C++ control/data-flow without detected boundary
tests/monster_test_suffix/ext_only/monster_test_generated.hpp,add_i16,2646,2646,HANDWRITTEN_CPP,False,CPP_UNVERIFIED,B_DIRECT_MIGRATION,ordinary C++ control/data-flow without detected boundary
tests/monster_test_suffix/ext_only/monster_test_generated.hpp,add_u16,2649,2649,HANDWRITTEN_CPP,False,CPP_UNVERIFIED,B_DIRECT_MIGRATION,ordinary C++ control/data-flow without detected boundary
tests/monster_test_suffix/ext_only/monster_test_generated.hpp,add_i32,2652,2652,HANDWRITTEN_CPP,False,CPP_UNVERIFIED,B_DIRECT_MIGRATION,ordinary C++ control/data-flow without detected boundary
tests/monster_test_suffix/ext_only/monster_test_generated.hpp,add_u32,2655,2655,HANDWRITTEN_CPP,False,CPP_UNVERIFIED,B_DIRECT_MIGRATION,ordinary C++ control/data-flow without detected boundary
tests/monster_test_suffix/ext_only/monster_test_generated.hpp,add_i64,2658,2658,HANDWRITTEN_CPP,False,CPP_UNVERIFIED,B_DIRECT_MIGRATION,ordinary C++ control/data-flow without detected boundary
tests/monster_test_suffix/ext_only/monster_test_generated.hpp,add_u64,2661,2661,HANDWRITTEN_CPP,False,CPP_UNVERIFIED,B_DIRECT_MIGRATION,ordinary C++ control/data-flow without detected boundary
tests/monster_test_suffix/ext_only/monster_test_generated.hpp,add_f32,2664,2664,HANDWRITTEN_CPP,False,CPP_UNVERIFIED,B_DIRECT_MIGRATION,ordinary C++ control/data-flow without detected boundary
tests/monster_test_suffix/ext_only/monster_test_generated.hpp,add_f64,2667,2667,HANDWRITTEN_CPP,False,CPP_UNVERIFIED,B_DIRECT_MIGRATION,ordinary C++ control/data-flow without detected boundary
tests/monster_test_suffix/ext_only/monster_test_generated.hpp,add_v8,2670,2670,HANDWRITTEN_CPP,False,CPP_UNVERIFIED,B_DIRECT_MIGRATION,ordinary C++ control/data-flow without detected boundary
tests/monster_test_suffix/ext_only/monster_test_generated.hpp,add_vf64,2673,2673,HANDWRITTEN_CPP,False,CPP_UNVERIFIED,B_DIRECT_MIGRATION,ordinary C++ control/data-flow without detected boundary
tests/monster_test_suffix/ext_only/monster_test_generated.hpp,TypeAliasesBuilder,2676,2677,HANDWRITTEN_CPP,False,CPP_UNVERIFIED,B_DIRECT_MIGRATION,ordinary C++ control/data-flow without detected boundary
tests/monster_test_suffix/ext_only/monster_test_generated.hpp,Finish,2680,2680,HANDWRITTEN_CPP,False,CPP_UNVERIFIED,B_DIRECT_MIGRATION,ordinary C++ control/data-flow without detected boundary
tests/monster_test_suffix/ext_only/monster_test_generated.hpp,CreateTypeAliases,2686,2700,HANDWRITTEN_CPP,False,CPP_UNVERIFIED,B_DIRECT_MIGRATION,ordinary C++ control/data-flow without detected boundary
tests/monster_test_suffix/ext_only/monster_test_generated.hpp,CreateTypeAliasesDirect,2716,2730,HANDWRITTEN_CPP,False,CPP_UNVERIFIED,B_DIRECT_MIGRATION,ordinary C++ control/data-flow without detected boundary
tests/monster_test_suffix/ext_only/monster_test_generated.hpp,CreateInParentNamespace,2773,2774,HANDWRITTEN_CPP,False,CPP_UNVERIFIED,B_DIRECT_MIGRATION,ordinary C++ control/data-flow without detected boundary
tests/monster_test_suffix/ext_only/monster_test_generated.hpp,CreateMonster,2808,2809,HANDWRITTEN_CPP,False,CPP_UNVERIFIED,B_DIRECT_MIGRATION,ordinary C++ control/data-flow without detected boundary
tests/monster_test_suffix/ext_only/monster_test_generated.hpp,CreateTestSimpleTableWithEnum,2847,2848,HANDWRITTEN_CPP,False,CPP_UNVERIFIED,B_DIRECT_MIGRATION,ordinary C++ control/data-flow without detected boundary
tests/monster_test_suffix/ext_only/monster_test_generated.hpp,CreateStat,2888,2889,HANDWRITTEN_CPP,False,CPP_UNVERIFIED,B_DIRECT_MIGRATION,ordinary C++ control/data-flow without detected boundary
tests/monster_test_suffix/ext_only/monster_test_generated.hpp,CreateReferrable,2929,2930,HANDWRITTEN_CPP,False,CPP_UNVERIFIED,B_DIRECT_MIGRATION,ordinary C++ control/data-flow without detected boundary
tests/monster_test_suffix/ext_only/monster_test_generated.hpp,pos,3013,3065,HANDWRITTEN_CPP,False,CPP_UNVERIFIED,B_DIRECT_MIGRATION,ordinary C++ control/data-flow without detected boundary
tests/monster_test_suffix/ext_only/monster_test_generated.hpp,CreateMonster,3211,3212,HANDWRITTEN_CPP,False,CPP_UNVERIFIED,B_DIRECT_MIGRATION,ordinary C++ control/data-flow without detected boundary
tests/monster_test_suffix/ext_only/monster_test_generated.hpp,CreateTypeAliases,3390,3391,HANDWRITTEN_CPP,False,CPP_UNVERIFIED,B_DIRECT_MIGRATION,ordinary C++ control/data-flow without detected boundary
tests/monster_test_suffix/ext_only/monster_test_generated.hpp,VerifyAny,3426,3428,HANDWRITTEN_CPP,False,CPP_UNVERIFIED,B_DIRECT_MIGRATION,ordinary C++ control/data-flow without detected boundary
tests/monster_test_suffix/ext_only/monster_test_generated.hpp,VerifyAnyVector,3448,3450,HANDWRITTEN_CPP,False,CPP_UNVERIFIED,B_DIRECT_MIGRATION,ordinary C++ control/data-flow without detected boundary
tests/monster_test_suffix/ext_only/monster_test_generated.hpp,VerifyAnyUniqueAliases,3541,3543,HANDWRITTEN_CPP,False,CPP_UNVERIFIED,B_DIRECT_MIGRATION,ordinary C++ control/data-flow without detected boundary
tests/monster_test_suffix/ext_only/monster_test_generated.hpp,VerifyAnyUniqueAliasesVector,3563,3565,HANDWRITTEN_CPP,False,CPP_UNVERIFIED,B_DIRECT_MIGRATION,ordinary C++ control/data-flow without detected boundary
tests/monster_test_suffix/ext_only/monster_test_generated.hpp,VerifyAnyAmbiguousAliases,3656,3658,HANDWRITTEN_CPP,False,CPP_UNVERIFIED,B_DIRECT_MIGRATION,ordinary C++ control/data-flow without detected boundary
tests/monster_test_suffix/ext_only/monster_test_generated.hpp,VerifyAnyAmbiguousAliasesVector,3678,3680,HANDWRITTEN_CPP,False,CPP_UNVERIFIED,B_DIRECT_MIGRATION,ordinary C++ control/data-flow without detected boundary
tests/monster_test_suffix/ext_only/monster_test_generated.hpp,MonsterBufferHasIdentifier,4278,4279,HANDWRITTEN_CPP,False,CPP_UNVERIFIED,B_DIRECT_MIGRATION,ordinary C++ control/data-flow without detected boundary
tests/monster_test_suffix/ext_only/monster_test_generated.hpp,SizePrefixedMonsterBufferHasIdentifier,4283,4284,HANDWRITTEN_CPP,False,CPP_UNVERIFIED,B_DIRECT_MIGRATION,ordinary C++ control/data-flow without detected boundary
tests/monster_test_suffix/ext_only/monster_test_generated.hpp,VerifyMonsterBuffer,4290,4291,HANDWRITTEN_CPP,False,CPP_UNVERIFIED,B_DIRECT_MIGRATION,ordinary C++ control/data-flow without detected boundary
tests/monster_test_suffix/ext_only/monster_test_generated.hpp,VerifySizePrefixedMonsterBuffer,4296,4297,HANDWRITTEN_CPP,False,CPP_UNVERIFIED,B_DIRECT_MIGRATION,ordinary C++ control/data-flow without detected boundary
tests/monster_test_suffix/ext_only/monster_test_generated.hpp,FinishMonsterBuffer,4304,4307,HANDWRITTEN_CPP,False,CPP_UNVERIFIED,B_DIRECT_MIGRATION,ordinary C++ control/data-flow without detected boundary
tests/monster_test_suffix/ext_only/monster_test_generated.hpp,FinishSizePrefixedMonsterBuffer,4310,4313,HANDWRITTEN_CPP,False,CPP_UNVERIFIED,B_DIRECT_MIGRATION,ordinary C++ control/data-flow without detected boundary
tests/monster_test_suffix/ext_only/monster_test_generated.hpp,UnPackMonster,4316,4319,HANDWRITTEN_CPP,False,CPP_UNVERIFIED,C_LOCAL_REFACTOR,"ownership, callback, threading, or template shape"
tests/monster_test_suffix/ext_only/monster_test_generated.hpp,UnPackSizePrefixedMonster,4322,4325,HANDWRITTEN_CPP,False,CPP_UNVERIFIED,C_LOCAL_REFACTOR,"ownership, callback, threading, or template shape"
tests/monster_test_suffix/filesuffix_only/monster_test.grpc.fb.cc,channel_,32,36,HANDWRITTEN_CPP,False,CPP_UNVERIFIED,B_DIRECT_MIGRATION,ordinary C++ control/data-flow without detected boundary
tests/monster_test_suffix/filesuffix_only/monster_test.grpc.fb.h,~StubInterface,36,37,HANDWRITTEN_CPP,False,CPP_UNVERIFIED,B_DIRECT_MIGRATION,ordinary C++ control/data-flow without detected boundary
tests/monster_test_suffix/filesuffix_only/monster_test.grpc.fb.h,AsyncStore,39,39,HANDWRITTEN_CPP,False,CPP_UNVERIFIED,C_LOCAL_REFACTOR,"ownership, callback, threading, or template shape"
tests/monster_test_suffix/filesuffix_only/monster_test.grpc.fb.h,PrepareAsyncStore,42,42,HANDWRITTEN_CPP,False,CPP_UNVERIFIED,C_LOCAL_REFACTOR,"ownership, callback, threading, or template shape"
tests/monster_test_suffix/filesuffix_only/monster_test.grpc.fb.h,Retrieve,45,45,HANDWRITTEN_CPP,False,CPP_UNVERIFIED,C_LOCAL_REFACTOR,"ownership, callback, threading, or template shape"
tests/monster_test_suffix/filesuffix_only/monster_test.grpc.fb.h,AsyncRetrieve,48,48,HANDWRITTEN_CPP,False,CPP_UNVERIFIED,C_LOCAL_REFACTOR,"ownership, callback, threading, or template shape"
tests/monster_test_suffix/filesuffix_only/monster_test.grpc.fb.h,PrepareAsyncRetrieve,51,51,HANDWRITTEN_CPP,False,CPP_UNVERIFIED,C_LOCAL_REFACTOR,"ownership, callback, threading, or template shape"
tests/monster_test_suffix/filesuffix_only/monster_test.grpc.fb.h,GetMaxHitPoint,54,54,HANDWRITTEN_CPP,False,CPP_UNVERIFIED,C_LOCAL_REFACTOR,"ownership, callback, threading, or template shape"
tests/monster_test_suffix/filesuffix_only/monster_test.grpc.fb.h,AsyncGetMaxHitPoint,57,57,HANDWRITTEN_CPP,False,CPP_UNVERIFIED,C_LOCAL_REFACTOR,"ownership, callback, threading, or template shape"
tests/monster_test_suffix/filesuffix_only/monster_test.grpc.fb.h,PrepareAsyncGetMaxHitPoint,60,60,HANDWRITTEN_CPP,False,CPP_UNVERIFIED,C_LOCAL_REFACTOR,"ownership, callback, threading, or template shape"
tests/monster_test_suffix/filesuffix_only/monster_test.grpc.fb.h,AsyncStore,89,89,HANDWRITTEN_CPP,False,CPP_UNVERIFIED,C_LOCAL_REFACTOR,"ownership, callback, threading, or template shape"
tests/monster_test_suffix/filesuffix_only/monster_test.grpc.fb.h,PrepareAsyncStore,92,92,HANDWRITTEN_CPP,False,CPP_UNVERIFIED,C_LOCAL_REFACTOR,"ownership, callback, threading, or template shape"
tests/monster_test_suffix/filesuffix_only/monster_test.grpc.fb.h,Retrieve,95,95,HANDWRITTEN_CPP,False,CPP_UNVERIFIED,C_LOCAL_REFACTOR,"ownership, callback, threading, or template shape"
tests/monster_test_suffix/filesuffix_only/monster_test.grpc.fb.h,AsyncRetrieve,98,98,HANDWRITTEN_CPP,False,CPP_UNVERIFIED,C_LOCAL_REFACTOR,"ownership, callback, threading, or template shape"
tests/monster_test_suffix/filesuffix_only/monster_test.grpc.fb.h,PrepareAsyncRetrieve,101,101,HANDWRITTEN_CPP,False,CPP_UNVERIFIED,C_LOCAL_REFACTOR,"ownership, callback, threading, or template shape"
tests/monster_test_suffix/filesuffix_only/monster_test.grpc.fb.h,GetMaxHitPoint,104,104,HANDWRITTEN_CPP,False,CPP_UNVERIFIED,C_LOCAL_REFACTOR,"ownership, callback, threading, or template shape"
tests/monster_test_suffix/filesuffix_only/monster_test.grpc.fb.h,AsyncGetMaxHitPoint,107,107,HANDWRITTEN_CPP,False,CPP_UNVERIFIED,C_LOCAL_REFACTOR,"ownership, callback, threading, or template shape"
tests/monster_test_suffix/filesuffix_only/monster_test.grpc.fb.h,PrepareAsyncGetMaxHitPoint,110,110,HANDWRITTEN_CPP,False,CPP_UNVERIFIED,C_LOCAL_REFACTOR,"ownership, callback, threading, or template shape"
tests/monster_test_suffix/filesuffix_only/monster_test.grpc.fb.h,BaseClassMustBeDerivedFromService,154,155,HANDWRITTEN_CPP,False,CPP_UNVERIFIED,B_DIRECT_MIGRATION,ordinary C++ control/data-flow without detected boundary
tests/monster_test_suffix/filesuffix_only/monster_test.grpc.fb.h,WithAsyncMethod_Store,156,157,HANDWRITTEN_CPP,False,CPP_UNVERIFIED,B_DIRECT_MIGRATION,ordinary C++ control/data-flow without detected boundary
tests/monster_test_suffix/filesuffix_only/monster_test.grpc.fb.h,RequestStore,168,168,HANDWRITTEN_CPP,False,CPP_UNVERIFIED,B_DIRECT_MIGRATION,ordinary C++ control/data-flow without detected boundary
tests/monster_test_suffix/filesuffix_only/monster_test.grpc.fb.h,BaseClassMustBeDerivedFromService,174,175,HANDWRITTEN_CPP,False,CPP_UNVERIFIED,B_DIRECT_MIGRATION,ordinary C++ control/data-flow without detected boundary
tests/monster_test_suffix/filesuffix_only/monster_test.grpc.fb.h,WithAsyncMethod_Retrieve,176,177,HANDWRITTEN_CPP,False,CPP_UNVERIFIED,B_DIRECT_MIGRATION,ordinary C++ control/data-flow without detected boundary
tests/monster_test_suffix/filesuffix_only/monster_test.grpc.fb.h,RequestRetrieve,188,188,HANDWRITTEN_CPP,False,CPP_UNVERIFIED,B_DIRECT_MIGRATION,ordinary C++ control/data-flow without detected boundary
tests/monster_test_suffix/filesuffix_only/monster_test.grpc.fb.h,BaseClassMustBeDerivedFromService,194,195,HANDWRITTEN_CPP,False,CPP_UNVERIFIED,B_DIRECT_MIGRATION,ordinary C++ control/data-flow without detected boundary
tests/monster_test_suffix/filesuffix_only/monster_test.grpc.fb.h,WithAsyncMethod_GetMaxHitPoint,196,197,HANDWRITTEN_CPP,False,CPP_UNVERIFIED,B_DIRECT_MIGRATION,ordinary C++ control/data-flow without detected boundary
tests/monster_test_suffix/filesuffix_only/monster_test.grpc.fb.h,RequestGetMaxHitPoint,208,208,HANDWRITTEN_CPP,False,CPP_UNVERIFIED,B_DIRECT_MIGRATION,ordinary C++ control/data-flow without detected boundary
tests/monster_test_suffix/filesuffix_only/monster_test.grpc.fb.h,BaseClassMustBeDerivedFromService,214,215,HANDWRITTEN_CPP,False,CPP_UNVERIFIED,B_DIRECT_MIGRATION,ordinary C++ control/data-flow without detected boundary
tests/monster_test_suffix/filesuffix_only/monster_test.grpc.fb.h,WithAsyncMethod_GetMinMaxHitPoints,216,217,HANDWRITTEN_CPP,False,CPP_UNVERIFIED,B_DIRECT_MIGRATION,ordinary C++ control/data-flow without detected boundary
tests/monster_test_suffix/filesuffix_only/monster_test.grpc.fb.h,RequestGetMinMaxHitPoints,228,228,HANDWRITTEN_CPP,False,CPP_UNVERIFIED,B_DIRECT_MIGRATION,ordinary C++ control/data-flow without detected boundary
tests/monster_test_suffix/filesuffix_only/monster_test.grpc.fb.h,BaseClassMustBeDerivedFromService,235,236,HANDWRITTEN_CPP,False,CPP_UNVERIFIED,B_DIRECT_MIGRATION,ordinary C++ control/data-flow without detected boundary
tests/monster_test_suffix/filesuffix_only/monster_test.grpc.fb.h,WithGenericMethod_Store,237,238,HANDWRITTEN_CPP,False,CPP_UNVERIFIED,B_DIRECT_MIGRATION,ordinary C++ control/data-flow without detected boundary
tests/monster_test_suffix/filesuffix_only/monster_test.grpc.fb.h,BaseClassMustBeDerivedFromService,252,253,HANDWRITTEN_CPP,False,CPP_UNVERIFIED,B_DIRECT_MIGRATION,ordinary C++ control/data-flow without detected boundary
tests/monster_test_suffix/filesuffix_only/monster_test.grpc.fb.h,WithGenericMethod_Retrieve,254,255,HANDWRITTEN_CPP,False,CPP_UNVERIFIED,B_DIRECT_MIGRATION,ordinary C++ control/data-flow without detected boundary
tests/monster_test_suffix/filesuffix_only/monster_test.grpc.fb.h,BaseClassMustBeDerivedFromService,269,270,HANDWRITTEN_CPP,False,CPP_UNVERIFIED,B_DIRECT_MIGRATION,ordinary C++ control/data-flow without detected boundary
tests/monster_test_suffix/filesuffix_only/monster_test.grpc.fb.h,WithGenericMethod_GetMaxHitPoint,271,272,HANDWRITTEN_CPP,False,CPP_UNVERIFIED,B_DIRECT_MIGRATION,ordinary C++ control/data-flow without detected boundary
tests/monster_test_suffix/filesuffix_only/monster_test.grpc.fb.h,BaseClassMustBeDerivedFromService,286,287,HANDWRITTEN_CPP,False,CPP_UNVERIFIED,B_DIRECT_MIGRATION,ordinary C++ control/data-flow without detected boundary
tests/monster_test_suffix/filesuffix_only/monster_test.grpc.fb.h,WithGenericMethod_GetMinMaxHitPoints,288,289,HANDWRITTEN_CPP,False,CPP_UNVERIFIED,B_DIRECT_MIGRATION,ordinary C++ control/data-flow without detected boundary
tests/monster_test_suffix/filesuffix_only/monster_test.grpc.fb.h,BaseClassMustBeDerivedFromService,303,304,HANDWRITTEN_CPP,False,CPP_UNVERIFIED,B_DIRECT_MIGRATION,ordinary C++ control/data-flow without detected boundary
tests/monster_test_suffix/filesuffix_only/monster_test.grpc.fb.h,WithStreamedUnaryMethod_Store,305,306,HANDWRITTEN_CPP,False,CPP_UNVERIFIED,B_DIRECT_MIGRATION,ordinary C++ control/data-flow without detected boundary
tests/monster_test_suffix/filesuffix_only/monster_test.grpc.fb.h,BaseClassMustBeDerivedFromService,324,325,HANDWRITTEN_CPP,False,CPP_UNVERIFIED,B_DIRECT_MIGRATION,ordinary C++ control/data-flow without detected boundary
tests/monster_test_suffix/filesuffix_only/monster_test.grpc.fb.h,WithSplitStreamingMethod_Retrieve,326,327,HANDWRITTEN_CPP,False,CPP_UNVERIFIED,B_DIRECT_MIGRATION,ordinary C++ control/data-flow without detected boundary
tests/monster_test_suffix/filesuffix_only/monster_test_suffix.h,Set,317,319,HANDWRITTEN_CPP,False,CPP_UNVERIFIED,B_DIRECT_MIGRATION,ordinary C++ control/data-flow without detected boundary
tests/monster_test_suffix/filesuffix_only/monster_test_suffix.h,Set,475,477,HANDWRITTEN_CPP,False,CPP_UNVERIFIED,B_DIRECT_MIGRATION,ordinary C++ control/data-flow without detected boundary
tests/monster_test_suffix/filesuffix_only/monster_test_suffix.h,a_,676,678,HANDWRITTEN_CPP,False,CPP_UNVERIFIED,B_DIRECT_MIGRATION,ordinary C++ control/data-flow without detected boundary
tests/monster_test_suffix/filesuffix_only/monster_test_suffix.h,a_,682,684,HANDWRITTEN_CPP,False,CPP_UNVERIFIED,B_DIRECT_MIGRATION,ordinary C++ control/data-flow without detected boundary
tests/monster_test_suffix/filesuffix_only/monster_test_suffix.h,mutate_a,690,690,HANDWRITTEN_CPP,False,CPP_UNVERIFIED,B_DIRECT_MIGRATION,ordinary C++ control/data-flow without detected boundary
tests/monster_test_suffix/filesuffix_only/monster_test_suffix.h,mutate_b,696,696,HANDWRITTEN_CPP,False,CPP_UNVERIFIED,B_DIRECT_MIGRATION,ordinary C++ control/data-flow without detected boundary
tests/monster_test_suffix/filesuffix_only/monster_test_suffix.h,AbslHashValue,711,713,HANDWRITTEN_CPP,False,CPP_UNVERIFIED,B_DIRECT_MIGRATION,ordinary C++ control/data-flow without detected boundary
tests/monster_test_suffix/filesuffix_only/monster_test_suffix.h,x_,734,742,HANDWRITTEN_CPP,False,CPP_UNVERIFIED,B_DIRECT_MIGRATION,ordinary C++ control/data-flow without detected boundary
tests/monster_test_suffix/filesuffix_only/monster_test_suffix.h,x_,748,756,HANDWRITTEN_CPP,False,CPP_UNVERIFIED,B_DIRECT_MIGRATION,ordinary C++ control/data-flow without detected boundary
tests/monster_test_suffix/filesuffix_only/monster_test_suffix.h,mutate_x,764,764,HANDWRITTEN_CPP,False,CPP_UNVERIFIED,B_DIRECT_MIGRATION,ordinary C++ control/data-flow without detected boundary
tests/monster_test_suffix/filesuffix_only/monster_test_suffix.h,mutate_y,770,770,HANDWRITTEN_CPP,False,CPP_UNVERIFIED,B_DIRECT_MIGRATION,ordinary C++ control/data-flow without detected boundary
tests/monster_test_suffix/filesuffix_only/monster_test_suffix.h,mutate_z,776,776,HANDWRITTEN_CPP,False,CPP_UNVERIFIED,B_DIRECT_MIGRATION,ordinary C++ control/data-flow without detected boundary
tests/monster_test_suffix/filesuffix_only/monster_test_suffix.h,mutate_test1,782,782,HANDWRITTEN_CPP,False,CPP_UNVERIFIED,B_DIRECT_MIGRATION,ordinary C++ control/data-flow without detected boundary
tests/monster_test_suffix/filesuffix_only/monster_test_suffix.h,mutate_test2,788,788,HANDWRITTEN_CPP,False,CPP_UNVERIFIED,B_DIRECT_MIGRATION,ordinary C++ control/data-flow without detected boundary
tests/monster_test_suffix/filesuffix_only/monster_test_suffix.h,AbslHashValue,813,815,HANDWRITTEN_CPP,False,CPP_UNVERIFIED,B_DIRECT_MIGRATION,ordinary C++ control/data-flow without detected boundary
tests/monster_test_suffix/filesuffix_only/monster_test_suffix.h,id_,829,830,HANDWRITTEN_CPP,False,CPP_UNVERIFIED,B_DIRECT_MIGRATION,ordinary C++ control/data-flow without detected boundary
tests/monster_test_suffix/filesuffix_only/monster_test_suffix.h,id_,833,834,HANDWRITTEN_CPP,False,CPP_UNVERIFIED,B_DIRECT_MIGRATION,ordinary C++ control/data-flow without detected boundary
tests/monster_test_suffix/filesuffix_only/monster_test_suffix.h,mutate_id,839,839,HANDWRITTEN_CPP,False,CPP_UNVERIFIED,B_DIRECT_MIGRATION,ordinary C++ control/data-flow without detected boundary
tests/monster_test_suffix/filesuffix_only/monster_test_suffix.h,mutate_distance,851,851,HANDWRITTEN_CPP,False,CPP_UNVERIFIED,B_DIRECT_MIGRATION,ordinary C++ control/data-flow without detected boundary
tests/monster_test_suffix/filesuffix_only/monster_test_suffix.h,AbslHashValue,866,868,HANDWRITTEN_CPP,False,CPP_UNVERIFIED,B_DIRECT_MIGRATION,ordinary C++ control/data-flow without detected boundary
tests/monster_test_suffix/filesuffix_only/monster_test_suffix.h,a_,883,885,HANDWRITTEN_CPP,False,CPP_UNVERIFIED,B_DIRECT_MIGRATION,ordinary C++ control/data-flow without detected boundary
tests/monster_test_suffix/filesuffix_only/monster_test_suffix.h,a_,888,890,HANDWRITTEN_CPP,False,CPP_UNVERIFIED,B_DIRECT_MIGRATION,ordinary C++ control/data-flow without detected boundary
tests/monster_test_suffix/filesuffix_only/monster_test_suffix.h,AbslHashValue,923,925,HANDWRITTEN_CPP,False,CPP_UNVERIFIED,B_DIRECT_MIGRATION,ordinary C++ control/data-flow without detected boundary
tests/monster_test_suffix/filesuffix_only/monster_test_suffix.h,a_,938,938,HANDWRITTEN_CPP,False,CPP_UNVERIFIED,B_DIRECT_MIGRATION,ordinary C++ control/data-flow without detected boundary
tests/monster_test_suffix/filesuffix_only/monster_test_suffix.h,a_,941,941,HANDWRITTEN_CPP,False,CPP_UNVERIFIED,B_DIRECT_MIGRATION,ordinary C++ control/data-flow without detected boundary
tests/monster_test_suffix/filesuffix_only/monster_test_suffix.h,AbslHashValue,960,962,HANDWRITTEN_CPP,False,CPP_UNVERIFIED,B_DIRECT_MIGRATION,ordinary C++ control/data-flow without detected boundary
tests/monster_test_suffix/filesuffix_only/monster_test_suffix.h,InParentNamespaceBuilder,992,993,HANDWRITTEN_CPP,False,CPP_UNVERIFIED,B_DIRECT_MIGRATION,ordinary C++ control/data-flow without detected boundary
tests/monster_test_suffix/filesuffix_only/monster_test_suffix.h,Finish,996,996,HANDWRITTEN_CPP,False,CPP_UNVERIFIED,B_DIRECT_MIGRATION,ordinary C++ control/data-flow without detected boundary
tests/monster_test_suffix/filesuffix_only/monster_test_suffix.h,CreateInParentNamespace,1002,1004,HANDWRITTEN_CPP,False,CPP_UNVERIFIED,B_DIRECT_MIGRATION,ordinary C++ control/data-flow without detected boundary
tests/monster_test_suffix/filesuffix_only/monster_test_suffix.h,MonsterBuilder,1037,1038,HANDWRITTEN_CPP,False,CPP_UNVERIFIED,B_DIRECT_MIGRATION,ordinary C++ control/data-flow without detected boundary
tests/monster_test_suffix/filesuffix_only/monster_test_suffix.h,Finish,1041,1041,HANDWRITTEN_CPP,False,CPP_UNVERIFIED,B_DIRECT_MIGRATION,ordinary C++ control/data-flow without detected boundary
tests/monster_test_suffix/filesuffix_only/monster_test_suffix.h,CreateMonster,1047,1049,HANDWRITTEN_CPP,False,CPP_UNVERIFIED,B_DIRECT_MIGRATION,ordinary C++ control/data-flow without detected boundary
tests/monster_test_suffix/filesuffix_only/monster_test_suffix.h,mutate_color,1077,1077,HANDWRITTEN_CPP,False,CPP_UNVERIFIED,B_DIRECT_MIGRATION,ordinary C++ control/data-flow without detected boundary
tests/monster_test_suffix/filesuffix_only/monster_test_suffix.h,add_color,1095,1095,HANDWRITTEN_CPP,False,CPP_UNVERIFIED,B_DIRECT_MIGRATION,ordinary C++ control/data-flow without detected boundary
tests/monster_test_suffix/filesuffix_only/monster_test_suffix.h,TestSimpleTableWithEnumBuilder,1098,1099,HANDWRITTEN_CPP,False,CPP_UNVERIFIED,B_DIRECT_MIGRATION,ordinary C++ control/data-flow without detected boundary
tests/monster_test_suffix/filesuffix_only/monster_test_suffix.h,Finish,1102,1102,HANDWRITTEN_CPP,False,CPP_UNVERIFIED,B_DIRECT_MIGRATION,ordinary C++ control/data-flow without detected boundary
tests/monster_test_suffix/filesuffix_only/monster_test_suffix.h,CreateTestSimpleTableWithEnum,1108,1111,HANDWRITTEN_CPP,False,CPP_UNVERIFIED,B_DIRECT_MIGRATION,ordinary C++ control/data-flow without detected boundary
tests/monster_test_suffix/filesuffix_only/monster_test_suffix.h,mutate_val,1146,1146,HANDWRITTEN_CPP,False,CPP_UNVERIFIED,B_DIRECT_MIGRATION,ordinary C++ control/data-flow without detected boundary
tests/monster_test_suffix/filesuffix_only/monster_test_suffix.h,mutate_count,1152,1152,HANDWRITTEN_CPP,False,CPP_UNVERIFIED,B_DIRECT_MIGRATION,ordinary C++ control/data-flow without detected boundary
tests/monster_test_suffix/filesuffix_only/monster_test_suffix.h,add_id,1179,1179,HANDWRITTEN_CPP,False,CPP_UNVERIFIED,B_DIRECT_MIGRATION,ordinary C++ control/data-flow without detected boundary
tests/monster_test_suffix/filesuffix_only/monster_test_suffix.h,add_val,1182,1182,HANDWRITTEN_CPP,False,CPP_UNVERIFIED,B_DIRECT_MIGRATION,ordinary C++ control/data-flow without detected boundary
tests/monster_test_suffix/filesuffix_only/monster_test_suffix.h,add_count,1185,1185,HANDWRITTEN_CPP,False,CPP_UNVERIFIED,B_DIRECT_MIGRATION,ordinary C++ control/data-flow without detected boundary
tests/monster_test_suffix/filesuffix_only/monster_test_suffix.h,StatBuilder,1188,1189,HANDWRITTEN_CPP,False,CPP_UNVERIFIED,B_DIRECT_MIGRATION,ordinary C++ control/data-flow without detected boundary
tests/monster_test_suffix/filesuffix_only/monster_test_suffix.h,Finish,1192,1192,HANDWRITTEN_CPP,False,CPP_UNVERIFIED,B_DIRECT_MIGRATION,ordinary C++ control/data-flow without detected boundary
tests/monster_test_suffix/filesuffix_only/monster_test_suffix.h,CreateStat,1198,1203,HANDWRITTEN_CPP,False,CPP_UNVERIFIED,B_DIRECT_MIGRATION,ordinary C++ control/data-flow without detected boundary
tests/monster_test_suffix/filesuffix_only/monster_test_suffix.h,CreateStatDirect,1210,1215,HANDWRITTEN_CPP,False,CPP_UNVERIFIED,B_DIRECT_MIGRATION,ordinary C++ control/data-flow without detected boundary
tests/monster_test_suffix/filesuffix_only/monster_test_suffix.h,mutate_id,1243,1243,HANDWRITTEN_CPP,False,CPP_UNVERIFIED,B_DIRECT_MIGRATION,ordinary C++ control/data-flow without detected boundary
tests/monster_test_suffix/filesuffix_only/monster_test_suffix.h,add_id,1267,1267,HANDWRITTEN_CPP,False,CPP_UNVERIFIED,B_DIRECT_MIGRATION,ordinary C++ control/data-flow without detected boundary
tests/monster_test_suffix/filesuffix_only/monster_test_suffix.h,ReferrableBuilder,1270,1271,HANDWRITTEN_CPP,False,CPP_UNVERIFIED,B_DIRECT_MIGRATION,ordinary C++ control/data-flow without detected boundary
tests/monster_test_suffix/filesuffix_only/monster_test_suffix.h,Finish,1274,1274,HANDWRITTEN_CPP,False,CPP_UNVERIFIED,B_DIRECT_MIGRATION,ordinary C++ control/data-flow without detected boundary
tests/monster_test_suffix/filesuffix_only/monster_test_suffix.h,CreateReferrable,1280,1283,HANDWRITTEN_CPP,False,CPP_UNVERIFIED,B_DIRECT_MIGRATION,ordinary C++ control/data-flow without detected boundary
tests/monster_test_suffix/filesuffix_only/monster_test_suffix.h,mutate_mana,1436,1436,HANDWRITTEN_CPP,False,CPP_UNVERIFIED,B_DIRECT_MIGRATION,ordinary C++ control/data-flow without detected boundary
tests/monster_test_suffix/filesuffix_only/monster_test_suffix.h,mutate_hp,1442,1442,HANDWRITTEN_CPP,False,CPP_UNVERIFIED,B_DIRECT_MIGRATION,ordinary C++ control/data-flow without detected boundary
tests/monster_test_suffix/filesuffix_only/monster_test_suffix.h,mutate_color,1472,1472,HANDWRITTEN_CPP,False,CPP_UNVERIFIED,B_DIRECT_MIGRATION,ordinary C++ control/data-flow without detected boundary
tests/monster_test_suffix/filesuffix_only/monster_test_suffix.h,mutate_testbool,1550,1550,HANDWRITTEN_CPP,False,CPP_UNVERIFIED,B_DIRECT_MIGRATION,ordinary C++ control/data-flow without detected boundary
tests/monster_test_suffix/filesuffix_only/monster_test_suffix.h,mutate_testhashs32_fnv1,1556,1556,HANDWRITTEN_CPP,False,CPP_UNVERIFIED,B_DIRECT_MIGRATION,ordinary C++ control/data-flow without detected boundary
tests/monster_test_suffix/filesuffix_only/monster_test_suffix.h,mutate_testhashu32_fnv1,1562,1562,HANDWRITTEN_CPP,False,CPP_UNVERIFIED,B_DIRECT_MIGRATION,ordinary C++ control/data-flow without detected boundary
tests/monster_test_suffix/filesuffix_only/monster_test_suffix.h,mutate_testhashs64_fnv1,1568,1568,HANDWRITTEN_CPP,False,CPP_UNVERIFIED,B_DIRECT_MIGRATION,ordinary C++ control/data-flow without detected boundary
tests/monster_test_suffix/filesuffix_only/monster_test_suffix.h,mutate_testhashu64_fnv1,1574,1574,HANDWRITTEN_CPP,False,CPP_UNVERIFIED,B_DIRECT_MIGRATION,ordinary C++ control/data-flow without detected boundary
tests/monster_test_suffix/filesuffix_only/monster_test_suffix.h,mutate_testhashs32_fnv1a,1580,1580,HANDWRITTEN_CPP,False,CPP_UNVERIFIED,B_DIRECT_MIGRATION,ordinary C++ control/data-flow without detected boundary
tests/monster_test_suffix/filesuffix_only/monster_test_suffix.h,mutate_testhashu32_fnv1a,1586,1586,HANDWRITTEN_CPP,False,CPP_UNVERIFIED,B_DIRECT_MIGRATION,ordinary C++ control/data-flow without detected boundary
tests/monster_test_suffix/filesuffix_only/monster_test_suffix.h,mutate_testhashs64_fnv1a,1592,1592,HANDWRITTEN_CPP,False,CPP_UNVERIFIED,B_DIRECT_MIGRATION,ordinary C++ control/data-flow without detected boundary
tests/monster_test_suffix/filesuffix_only/monster_test_suffix.h,mutate_testhashu64_fnv1a,1598,1598,HANDWRITTEN_CPP,False,CPP_UNVERIFIED,B_DIRECT_MIGRATION,ordinary C++ control/data-flow without detected boundary
tests/monster_test_suffix/filesuffix_only/monster_test_suffix.h,mutate_testf,1610,1610,HANDWRITTEN_CPP,False,CPP_UNVERIFIED,B_DIRECT_MIGRATION,ordinary C++ control/data-flow without detected boundary
tests/monster_test_suffix/filesuffix_only/monster_test_suffix.h,mutate_testf2,1616,1616,HANDWRITTEN_CPP,False,CPP_UNVERIFIED,B_DIRECT_MIGRATION,ordinary C++ control/data-flow without detected boundary
tests/monster_test_suffix/filesuffix_only/monster_test_suffix.h,mutate_testf3,1622,1622,HANDWRITTEN_CPP,False,CPP_UNVERIFIED,B_DIRECT_MIGRATION,ordinary C++ control/data-flow without detected boundary
tests/monster_test_suffix/filesuffix_only/monster_test_suffix.h,mutate_single_weak_reference,1681,1681,HANDWRITTEN_CPP,False,CPP_UNVERIFIED,B_DIRECT_MIGRATION,ordinary C++ control/data-flow without detected boundary
tests/monster_test_suffix/filesuffix_only/monster_test_suffix.h,mutate_co_owning_reference,1699,1699,HANDWRITTEN_CPP,False,CPP_UNVERIFIED,B_DIRECT_MIGRATION,ordinary C++ control/data-flow without detected boundary
tests/monster_test_suffix/filesuffix_only/monster_test_suffix.h,mutate_non_owning_reference,1711,1711,HANDWRITTEN_CPP,False,CPP_UNVERIFIED,B_DIRECT_MIGRATION,ordinary C++ control/data-flow without detected boundary
tests/monster_test_suffix/filesuffix_only/monster_test_suffix.h,mutate_signed_enum,1785,1785,HANDWRITTEN_CPP,False,CPP_UNVERIFIED,B_DIRECT_MIGRATION,ordinary C++ control/data-flow without detected boundary
tests/monster_test_suffix/filesuffix_only/monster_test_suffix.h,mutate_long_enum_non_enum_default,1814,1814,HANDWRITTEN_CPP,False,CPP_UNVERIFIED,B_DIRECT_MIGRATION,ordinary C++ control/data-flow without detected boundary
tests/monster_test_suffix/filesuffix_only/monster_test_suffix.h,mutate_long_enum_normal_default,1820,1820,HANDWRITTEN_CPP,False,CPP_UNVERIFIED,B_DIRECT_MIGRATION,ordinary C++ control/data-flow without detected boundary
tests/monster_test_suffix/filesuffix_only/monster_test_suffix.h,mutate_nan_default,1826,1826,HANDWRITTEN_CPP,False,CPP_UNVERIFIED,B_DIRECT_MIGRATION,ordinary C++ control/data-flow without detected boundary
tests/monster_test_suffix/filesuffix_only/monster_test_suffix.h,mutate_inf_default,1832,1832,HANDWRITTEN_CPP,False,CPP_UNVERIFIED,B_DIRECT_MIGRATION,ordinary C++ control/data-flow without detected boundary
tests/monster_test_suffix/filesuffix_only/monster_test_suffix.h,mutate_positive_inf_default,1838,1838,HANDWRITTEN_CPP,False,CPP_UNVERIFIED,B_DIRECT_MIGRATION,ordinary C++ control/data-flow without detected boundary
tests/monster_test_suffix/filesuffix_only/monster_test_suffix.h,mutate_infinity_default,1844,1844,HANDWRITTEN_CPP,False,CPP_UNVERIFIED,B_DIRECT_MIGRATION,ordinary C++ control/data-flow without detected boundary
tests/monster_test_suffix/filesuffix_only/monster_test_suffix.h,mutate_positive_infinity_default,1850,1850,HANDWRITTEN_CPP,False,CPP_UNVERIFIED,B_DIRECT_MIGRATION,ordinary C++ control/data-flow without detected boundary
tests/monster_test_suffix/filesuffix_only/monster_test_suffix.h,mutate_negative_inf_default,1856,1856,HANDWRITTEN_CPP,False,CPP_UNVERIFIED,B_DIRECT_MIGRATION,ordinary C++ control/data-flow without detected boundary
tests/monster_test_suffix/filesuffix_only/monster_test_suffix.h,mutate_negative_infinity_default,1862,1862,HANDWRITTEN_CPP,False,CPP_UNVERIFIED,B_DIRECT_MIGRATION,ordinary C++ control/data-flow without detected boundary
tests/monster_test_suffix/filesuffix_only/monster_test_suffix.h,mutate_double_inf_default,1868,1868,HANDWRITTEN_CPP,False,CPP_UNVERIFIED,B_DIRECT_MIGRATION,ordinary C++ control/data-flow without detected boundary
tests/monster_test_suffix/filesuffix_only/monster_test_suffix.h,add_pos,2030,2030,HANDWRITTEN_CPP,False,CPP_UNVERIFIED,B_DIRECT_MIGRATION,ordinary C++ control/data-flow without detected boundary
tests/monster_test_suffix/filesuffix_only/monster_test_suffix.h,add_mana,2033,2033,HANDWRITTEN_CPP,False,CPP_UNVERIFIED,B_DIRECT_MIGRATION,ordinary C++ control/data-flow without detected boundary
tests/monster_test_suffix/filesuffix_only/monster_test_suffix.h,add_hp,2036,2036,HANDWRITTEN_CPP,False,CPP_UNVERIFIED,B_DIRECT_MIGRATION,ordinary C++ control/data-flow without detected boundary
tests/monster_test_suffix/filesuffix_only/monster_test_suffix.h,add_name,2039,2039,HANDWRITTEN_CPP,False,CPP_UNVERIFIED,B_DIRECT_MIGRATION,ordinary C++ control/data-flow without detected boundary
tests/monster_test_suffix/filesuffix_only/monster_test_suffix.h,add_inventory,2042,2042,HANDWRITTEN_CPP,False,CPP_UNVERIFIED,B_DIRECT_MIGRATION,ordinary C++ control/data-flow without detected boundary
tests/monster_test_suffix/filesuffix_only/monster_test_suffix.h,add_color,2045,2045,HANDWRITTEN_CPP,False,CPP_UNVERIFIED,B_DIRECT_MIGRATION,ordinary C++ control/data-flow without detected boundary
tests/monster_test_suffix/filesuffix_only/monster_test_suffix.h,add_test_type,2048,2048,HANDWRITTEN_CPP,False,CPP_UNVERIFIED,B_DIRECT_MIGRATION,ordinary C++ control/data-flow without detected boundary
tests/monster_test_suffix/filesuffix_only/monster_test_suffix.h,add_test,2051,2051,HANDWRITTEN_CPP,False,CPP_UNVERIFIED,B_DIRECT_MIGRATION,ordinary C++ control/data-flow without detected boundary
tests/monster_test_suffix/filesuffix_only/monster_test_suffix.h,add_test4,2054,2054,HANDWRITTEN_CPP,False,CPP_UNVERIFIED,B_DIRECT_MIGRATION,ordinary C++ control/data-flow without detected boundary
tests/monster_test_suffix/filesuffix_only/monster_test_suffix.h,add_testarrayofstring,2057,2057,HANDWRITTEN_CPP,False,CPP_UNVERIFIED,B_DIRECT_MIGRATION,ordinary C++ control/data-flow without detected boundary
tests/monster_test_suffix/filesuffix_only/monster_test_suffix.h,add_testarrayoftables,2060,2060,HANDWRITTEN_CPP,False,CPP_UNVERIFIED,B_DIRECT_MIGRATION,ordinary C++ control/data-flow without detected boundary
tests/monster_test_suffix/filesuffix_only/monster_test_suffix.h,add_enemy,2063,2063,HANDWRITTEN_CPP,False,CPP_UNVERIFIED,B_DIRECT_MIGRATION,ordinary C++ control/data-flow without detected boundary
tests/monster_test_suffix/filesuffix_only/monster_test_suffix.h,add_testnestedflatbuffer,2066,2066,HANDWRITTEN_CPP,False,CPP_UNVERIFIED,B_DIRECT_MIGRATION,ordinary C++ control/data-flow without detected boundary
tests/monster_test_suffix/filesuffix_only/monster_test_suffix.h,add_testempty,2069,2069,HANDWRITTEN_CPP,False,CPP_UNVERIFIED,B_DIRECT_MIGRATION,ordinary C++ control/data-flow without detected boundary
tests/monster_test_suffix/filesuffix_only/monster_test_suffix.h,add_testbool,2072,2072,HANDWRITTEN_CPP,False,CPP_UNVERIFIED,B_DIRECT_MIGRATION,ordinary C++ control/data-flow without detected boundary
tests/monster_test_suffix/filesuffix_only/monster_test_suffix.h,add_testhashs32_fnv1,2075,2075,HANDWRITTEN_CPP,False,CPP_UNVERIFIED,B_DIRECT_MIGRATION,ordinary C++ control/data-flow without detected boundary
tests/monster_test_suffix/filesuffix_only/monster_test_suffix.h,add_testhashu32_fnv1,2078,2078,HANDWRITTEN_CPP,False,CPP_UNVERIFIED,B_DIRECT_MIGRATION,ordinary C++ control/data-flow without detected boundary
tests/monster_test_suffix/filesuffix_only/monster_test_suffix.h,add_testhashs64_fnv1,2081,2081,HANDWRITTEN_CPP,False,CPP_UNVERIFIED,B_DIRECT_MIGRATION,ordinary C++ control/data-flow without detected boundary
tests/monster_test_suffix/filesuffix_only/monster_test_suffix.h,add_testhashu64_fnv1,2084,2084,HANDWRITTEN_CPP,False,CPP_UNVERIFIED,B_DIRECT_MIGRATION,ordinary C++ control/data-flow without detected boundary
tests/monster_test_suffix/filesuffix_only/monster_test_suffix.h,add_testhashs32_fnv1a,2087,2087,HANDWRITTEN_CPP,False,CPP_UNVERIFIED,B_DIRECT_MIGRATION,ordinary C++ control/data-flow without detected boundary
tests/monster_test_suffix/filesuffix_only/monster_test_suffix.h,add_testhashu32_fnv1a,2090,2090,HANDWRITTEN_CPP,False,CPP_UNVERIFIED,B_DIRECT_MIGRATION,ordinary C++ control/data-flow without detected boundary
tests/monster_test_suffix/filesuffix_only/monster_test_suffix.h,add_testhashs64_fnv1a,2093,2093,HANDWRITTEN_CPP,False,CPP_UNVERIFIED,B_DIRECT_MIGRATION,ordinary C++ control/data-flow without detected boundary
tests/monster_test_suffix/filesuffix_only/monster_test_suffix.h,add_testhashu64_fnv1a,2096,2096,HANDWRITTEN_CPP,False,CPP_UNVERIFIED,B_DIRECT_MIGRATION,ordinary C++ control/data-flow without detected boundary
tests/monster_test_suffix/filesuffix_only/monster_test_suffix.h,add_testarrayofbools,2099,2099,HANDWRITTEN_CPP,False,CPP_UNVERIFIED,B_DIRECT_MIGRATION,ordinary C++ control/data-flow without detected boundary
tests/monster_test_suffix/filesuffix_only/monster_test_suffix.h,add_testf,2102,2102,HANDWRITTEN_CPP,False,CPP_UNVERIFIED,B_DIRECT_MIGRATION,ordinary C++ control/data-flow without detected boundary
tests/monster_test_suffix/filesuffix_only/monster_test_suffix.h,add_testf2,2105,2105,HANDWRITTEN_CPP,False,CPP_UNVERIFIED,B_DIRECT_MIGRATION,ordinary C++ control/data-flow without detected boundary
tests/monster_test_suffix/filesuffix_only/monster_test_suffix.h,add_testf3,2108,2108,HANDWRITTEN_CPP,False,CPP_UNVERIFIED,B_DIRECT_MIGRATION,ordinary C++ control/data-flow without detected boundary
tests/monster_test_suffix/filesuffix_only/monster_test_suffix.h,add_testarrayofstring2,2111,2111,HANDWRITTEN_CPP,False,CPP_UNVERIFIED,B_DIRECT_MIGRATION,ordinary C++ control/data-flow without detected boundary
tests/monster_test_suffix/filesuffix_only/monster_test_suffix.h,add_testarrayofsortedstruct,2114,2114,HANDWRITTEN_CPP,False,CPP_UNVERIFIED,B_DIRECT_MIGRATION,ordinary C++ control/data-flow without detected boundary
tests/monster_test_suffix/filesuffix_only/monster_test_suffix.h,add_flex,2117,2117,HANDWRITTEN_CPP,False,CPP_UNVERIFIED,B_DIRECT_MIGRATION,ordinary C++ control/data-flow without detected boundary
tests/monster_test_suffix/filesuffix_only/monster_test_suffix.h,add_test5,2120,2120,HANDWRITTEN_CPP,False,CPP_UNVERIFIED,B_DIRECT_MIGRATION,ordinary C++ control/data-flow without detected boundary
tests/monster_test_suffix/filesuffix_only/monster_test_suffix.h,add_vector_of_longs,2123,2123,HANDWRITTEN_CPP,False,CPP_UNVERIFIED,B_DIRECT_MIGRATION,ordinary C++ control/data-flow without detected boundary
tests/monster_test_suffix/filesuffix_only/monster_test_suffix.h,add_vector_of_doubles,2126,2126,HANDWRITTEN_CPP,False,CPP_UNVERIFIED,B_DIRECT_MIGRATION,ordinary C++ control/data-flow without detected boundary
tests/monster_test_suffix/filesuffix_only/monster_test_suffix.h,add_parent_namespace_test,2129,2129,HANDWRITTEN_CPP,False,CPP_UNVERIFIED,B_DIRECT_MIGRATION,ordinary C++ control/data-flow without detected boundary
tests/monster_test_suffix/filesuffix_only/monster_test_suffix.h,add_vector_of_referrables,2132,2132,HANDWRITTEN_CPP,False,CPP_UNVERIFIED,B_DIRECT_MIGRATION,ordinary C++ control/data-flow without detected boundary
tests/monster_test_suffix/filesuffix_only/monster_test_suffix.h,add_single_weak_reference,2135,2135,HANDWRITTEN_CPP,False,CPP_UNVERIFIED,B_DIRECT_MIGRATION,ordinary C++ control/data-flow without detected boundary
tests/monster_test_suffix/filesuffix_only/monster_test_suffix.h,add_vector_of_weak_references,2138,2138,HANDWRITTEN_CPP,False,CPP_UNVERIFIED,B_DIRECT_MIGRATION,ordinary C++ control/data-flow without detected boundary
tests/monster_test_suffix/filesuffix_only/monster_test_suffix.h,add_vector_of_strong_referrables,2141,2141,HANDWRITTEN_CPP,False,CPP_UNVERIFIED,B_DIRECT_MIGRATION,ordinary C++ control/data-flow without detected boundary
tests/monster_test_suffix/filesuffix_only/monster_test_suffix.h,add_co_owning_reference,2144,2144,HANDWRITTEN_CPP,False,CPP_UNVERIFIED,B_DIRECT_MIGRATION,ordinary C++ control/data-flow without detected boundary
tests/monster_test_suffix/filesuffix_only/monster_test_suffix.h,add_vector_of_co_owning_references,2147,2147,HANDWRITTEN_CPP,False,CPP_UNVERIFIED,B_DIRECT_MIGRATION,ordinary C++ control/data-flow without detected boundary
tests/monster_test_suffix/filesuffix_only/monster_test_suffix.h,add_non_owning_reference,2150,2150,HANDWRITTEN_CPP,False,CPP_UNVERIFIED,B_DIRECT_MIGRATION,ordinary C++ control/data-flow without detected boundary
tests/monster_test_suffix/filesuffix_only/monster_test_suffix.h,add_vector_of_non_owning_references,2153,2153,HANDWRITTEN_CPP,False,CPP_UNVERIFIED,B_DIRECT_MIGRATION,ordinary C++ control/data-flow without detected boundary
tests/monster_test_suffix/filesuffix_only/monster_test_suffix.h,add_any_unique_type,2156,2156,HANDWRITTEN_CPP,False,CPP_UNVERIFIED,B_DIRECT_MIGRATION,ordinary C++ control/data-flow without detected boundary
tests/monster_test_suffix/filesuffix_only/monster_test_suffix.h,add_any_unique,2159,2159,HANDWRITTEN_CPP,False,CPP_UNVERIFIED,B_DIRECT_MIGRATION,ordinary C++ control/data-flow without detected boundary
tests/monster_test_suffix/filesuffix_only/monster_test_suffix.h,add_any_ambiguous_type,2162,2162,HANDWRITTEN_CPP,False,CPP_UNVERIFIED,B_DIRECT_MIGRATION,ordinary C++ control/data-flow without detected boundary
tests/monster_test_suffix/filesuffix_only/monster_test_suffix.h,add_any_ambiguous,2165,2165,HANDWRITTEN_CPP,False,CPP_UNVERIFIED,B_DIRECT_MIGRATION,ordinary C++ control/data-flow without detected boundary
tests/monster_test_suffix/filesuffix_only/monster_test_suffix.h,add_vector_of_enums,2168,2168,HANDWRITTEN_CPP,False,CPP_UNVERIFIED,B_DIRECT_MIGRATION,ordinary C++ control/data-flow without detected boundary
tests/monster_test_suffix/filesuffix_only/monster_test_suffix.h,add_signed_enum,2171,2171,HANDWRITTEN_CPP,False,CPP_UNVERIFIED,B_DIRECT_MIGRATION,ordinary C++ control/data-flow without detected boundary
tests/monster_test_suffix/filesuffix_only/monster_test_suffix.h,add_testrequirednestedflatbuffer,2174,2174,HANDWRITTEN_CPP,False,CPP_UNVERIFIED,B_DIRECT_MIGRATION,ordinary C++ control/data-flow without detected boundary
tests/monster_test_suffix/filesuffix_only/monster_test_suffix.h,add_scalar_key_sorted_tables,2177,2177,HANDWRITTEN_CPP,False,CPP_UNVERIFIED,B_DIRECT_MIGRATION,ordinary C++ control/data-flow without detected boundary
tests/monster_test_suffix/filesuffix_only/monster_test_suffix.h,add_native_inline,2180,2180,HANDWRITTEN_CPP,False,CPP_UNVERIFIED,B_DIRECT_MIGRATION,ordinary C++ control/data-flow without detected boundary
tests/monster_test_suffix/filesuffix_only/monster_test_suffix.h,add_long_enum_non_enum_default,2183,2183,HANDWRITTEN_CPP,False,CPP_UNVERIFIED,B_DIRECT_MIGRATION,ordinary C++ control/data-flow without detected boundary
tests/monster_test_suffix/filesuffix_only/monster_test_suffix.h,add_long_enum_normal_default,2186,2186,HANDWRITTEN_CPP,False,CPP_UNVERIFIED,B_DIRECT_MIGRATION,ordinary C++ control/data-flow without detected boundary
tests/monster_test_suffix/filesuffix_only/monster_test_suffix.h,add_nan_default,2189,2189,HANDWRITTEN_CPP,False,CPP_UNVERIFIED,B_DIRECT_MIGRATION,ordinary C++ control/data-flow without detected boundary
tests/monster_test_suffix/filesuffix_only/monster_test_suffix.h,add_inf_default,2192,2192,HANDWRITTEN_CPP,False,CPP_UNVERIFIED,B_DIRECT_MIGRATION,ordinary C++ control/data-flow without detected boundary
tests/monster_test_suffix/filesuffix_only/monster_test_suffix.h,add_positive_inf_default,2195,2195,HANDWRITTEN_CPP,False,CPP_UNVERIFIED,B_DIRECT_MIGRATION,ordinary C++ control/data-flow without detected boundary
tests/monster_test_suffix/filesuffix_only/monster_test_suffix.h,add_infinity_default,2198,2198,HANDWRITTEN_CPP,False,CPP_UNVERIFIED,B_DIRECT_MIGRATION,ordinary C++ control/data-flow without detected boundary
tests/monster_test_suffix/filesuffix_only/monster_test_suffix.h,add_positive_infinity_default,2201,2201,HANDWRITTEN_CPP,False,CPP_UNVERIFIED,B_DIRECT_MIGRATION,ordinary C++ control/data-flow without detected boundary
tests/monster_test_suffix/filesuffix_only/monster_test_suffix.h,add_negative_inf_default,2204,2204,HANDWRITTEN_CPP,False,CPP_UNVERIFIED,B_DIRECT_MIGRATION,ordinary C++ control/data-flow without detected boundary
tests/monster_test_suffix/filesuffix_only/monster_test_suffix.h,add_negative_infinity_default,2207,2207,HANDWRITTEN_CPP,False,CPP_UNVERIFIED,B_DIRECT_MIGRATION,ordinary C++ control/data-flow without detected boundary
tests/monster_test_suffix/filesuffix_only/monster_test_suffix.h,add_double_inf_default,2210,2210,HANDWRITTEN_CPP,False,CPP_UNVERIFIED,B_DIRECT_MIGRATION,ordinary C++ control/data-flow without detected boundary
tests/monster_test_suffix/filesuffix_only/monster_test_suffix.h,MonsterBuilder,2213,2214,HANDWRITTEN_CPP,False,CPP_UNVERIFIED,B_DIRECT_MIGRATION,ordinary C++ control/data-flow without detected boundary
tests/monster_test_suffix/filesuffix_only/monster_test_suffix.h,Finish,2217,2217,HANDWRITTEN_CPP,False,CPP_UNVERIFIED,B_DIRECT_MIGRATION,ordinary C++ control/data-flow without detected boundary
tests/monster_test_suffix/filesuffix_only/monster_test_suffix.h,CreateMonster,2224,2287,HANDWRITTEN_CPP,False,CPP_UNVERIFIED,B_DIRECT_MIGRATION,ordinary C++ control/data-flow without detected boundary
tests/monster_test_suffix/filesuffix_only/monster_test_suffix.h,CreateMonsterDirect,2352,2415,HANDWRITTEN_CPP,False,CPP_UNVERIFIED,B_DIRECT_MIGRATION,ordinary C++ control/data-flow without detected boundary
tests/monster_test_suffix/filesuffix_only/monster_test_suffix.h,mutate_i8,2543,2543,HANDWRITTEN_CPP,False,CPP_UNVERIFIED,B_DIRECT_MIGRATION,ordinary C++ control/data-flow without detected boundary
tests/monster_test_suffix/filesuffix_only/monster_test_suffix.h,mutate_u8,2549,2549,HANDWRITTEN_CPP,False,CPP_UNVERIFIED,B_DIRECT_MIGRATION,ordinary C++ control/data-flow without detected boundary
tests/monster_test_suffix/filesuffix_only/monster_test_suffix.h,mutate_i16,2555,2555,HANDWRITTEN_CPP,False,CPP_UNVERIFIED,B_DIRECT_MIGRATION,ordinary C++ control/data-flow without detected boundary
tests/monster_test_suffix/filesuffix_only/monster_test_suffix.h,mutate_u16,2561,2561,HANDWRITTEN_CPP,False,CPP_UNVERIFIED,B_DIRECT_MIGRATION,ordinary C++ control/data-flow without detected boundary
tests/monster_test_suffix/filesuffix_only/monster_test_suffix.h,mutate_i32,2567,2567,HANDWRITTEN_CPP,False,CPP_UNVERIFIED,B_DIRECT_MIGRATION,ordinary C++ control/data-flow without detected boundary
tests/monster_test_suffix/filesuffix_only/monster_test_suffix.h,mutate_u32,2573,2573,HANDWRITTEN_CPP,False,CPP_UNVERIFIED,B_DIRECT_MIGRATION,ordinary C++ control/data-flow without detected boundary
tests/monster_test_suffix/filesuffix_only/monster_test_suffix.h,mutate_i64,2579,2579,HANDWRITTEN_CPP,False,CPP_UNVERIFIED,B_DIRECT_MIGRATION,ordinary C++ control/data-flow without detected boundary
tests/monster_test_suffix/filesuffix_only/monster_test_suffix.h,mutate_u64,2585,2585,HANDWRITTEN_CPP,False,CPP_UNVERIFIED,B_DIRECT_MIGRATION,ordinary C++ control/data-flow without detected boundary
tests/monster_test_suffix/filesuffix_only/monster_test_suffix.h,mutate_f32,2591,2591,HANDWRITTEN_CPP,False,CPP_UNVERIFIED,B_DIRECT_MIGRATION,ordinary C++ control/data-flow without detected boundary
tests/monster_test_suffix/filesuffix_only/monster_test_suffix.h,mutate_f64,2597,2597,HANDWRITTEN_CPP,False,CPP_UNVERIFIED,B_DIRECT_MIGRATION,ordinary C++ control/data-flow without detected boundary
tests/monster_test_suffix/filesuffix_only/monster_test_suffix.h,add_i8,2640,2640,HANDWRITTEN_CPP,False,CPP_UNVERIFIED,B_DIRECT_MIGRATION,ordinary C++ control/data-flow without detected boundary
tests/monster_test_suffix/filesuffix_only/monster_test_suffix.h,add_u8,2643,2643,HANDWRITTEN_CPP,False,CPP_UNVERIFIED,B_DIRECT_MIGRATION,ordinary C++ control/data-flow without detected boundary
tests/monster_test_suffix/filesuffix_only/monster_test_suffix.h,add_i16,2646,2646,HANDWRITTEN_CPP,False,CPP_UNVERIFIED,B_DIRECT_MIGRATION,ordinary C++ control/data-flow without detected boundary
tests/monster_test_suffix/filesuffix_only/monster_test_suffix.h,add_u16,2649,2649,HANDWRITTEN_CPP,False,CPP_UNVERIFIED,B_DIRECT_MIGRATION,ordinary C++ control/data-flow without detected boundary
tests/monster_test_suffix/filesuffix_only/monster_test_suffix.h,add_i32,2652,2652,HANDWRITTEN_CPP,False,CPP_UNVERIFIED,B_DIRECT_MIGRATION,ordinary C++ control/data-flow without detected boundary
tests/monster_test_suffix/filesuffix_only/monster_test_suffix.h,add_u32,2655,2655,HANDWRITTEN_CPP,False,CPP_UNVERIFIED,B_DIRECT_MIGRATION,ordinary C++ control/data-flow without detected boundary
tests/monster_test_suffix/filesuffix_only/monster_test_suffix.h,add_i64,2658,2658,HANDWRITTEN_CPP,False,CPP_UNVERIFIED,B_DIRECT_MIGRATION,ordinary C++ control/data-flow without detected boundary
tests/monster_test_suffix/filesuffix_only/monster_test_suffix.h,add_u64,2661,2661,HANDWRITTEN_CPP,False,CPP_UNVERIFIED,B_DIRECT_MIGRATION,ordinary C++ control/data-flow without detected boundary
tests/monster_test_suffix/filesuffix_only/monster_test_suffix.h,add_f32,2664,2664,HANDWRITTEN_CPP,False,CPP_UNVERIFIED,B_DIRECT_MIGRATION,ordinary C++ control/data-flow without detected boundary
tests/monster_test_suffix/filesuffix_only/monster_test_suffix.h,add_f64,2667,2667,HANDWRITTEN_CPP,False,CPP_UNVERIFIED,B_DIRECT_MIGRATION,ordinary C++ control/data-flow without detected boundary
tests/monster_test_suffix/filesuffix_only/monster_test_suffix.h,add_v8,2670,2670,HANDWRITTEN_CPP,False,CPP_UNVERIFIED,B_DIRECT_MIGRATION,ordinary C++ control/data-flow without detected boundary
tests/monster_test_suffix/filesuffix_only/monster_test_suffix.h,add_vf64,2673,2673,HANDWRITTEN_CPP,False,CPP_UNVERIFIED,B_DIRECT_MIGRATION,ordinary C++ control/data-flow without detected boundary
tests/monster_test_suffix/filesuffix_only/monster_test_suffix.h,TypeAliasesBuilder,2676,2677,HANDWRITTEN_CPP,False,CPP_UNVERIFIED,B_DIRECT_MIGRATION,ordinary C++ control/data-flow without detected boundary
tests/monster_test_suffix/filesuffix_only/monster_test_suffix.h,Finish,2680,2680,HANDWRITTEN_CPP,False,CPP_UNVERIFIED,B_DIRECT_MIGRATION,ordinary C++ control/data-flow without detected boundary
tests/monster_test_suffix/filesuffix_only/monster_test_suffix.h,CreateTypeAliases,2686,2700,HANDWRITTEN_CPP,False,CPP_UNVERIFIED,B_DIRECT_MIGRATION,ordinary C++ control/data-flow without detected boundary
tests/monster_test_suffix/filesuffix_only/monster_test_suffix.h,CreateTypeAliasesDirect,2716,2730,HANDWRITTEN_CPP,False,CPP_UNVERIFIED,B_DIRECT_MIGRATION,ordinary C++ control/data-flow without detected boundary
tests/monster_test_suffix/filesuffix_only/monster_test_suffix.h,CreateInParentNamespace,2773,2774,HANDWRITTEN_CPP,False,CPP_UNVERIFIED,B_DIRECT_MIGRATION,ordinary C++ control/data-flow without detected boundary
tests/monster_test_suffix/filesuffix_only/monster_test_suffix.h,CreateMonster,2808,2809,HANDWRITTEN_CPP,False,CPP_UNVERIFIED,B_DIRECT_MIGRATION,ordinary C++ control/data-flow without detected boundary
tests/monster_test_suffix/filesuffix_only/monster_test_suffix.h,CreateTestSimpleTableWithEnum,2847,2848,HANDWRITTEN_CPP,False,CPP_UNVERIFIED,B_DIRECT_MIGRATION,ordinary C++ control/data-flow without detected boundary
tests/monster_test_suffix/filesuffix_only/monster_test_suffix.h,CreateStat,2888,2889,HANDWRITTEN_CPP,False,CPP_UNVERIFIED,B_DIRECT_MIGRATION,ordinary C++ control/data-flow without detected boundary
tests/monster_test_suffix/filesuffix_only/monster_test_suffix.h,CreateReferrable,2929,2930,HANDWRITTEN_CPP,False,CPP_UNVERIFIED,B_DIRECT_MIGRATION,ordinary C++ control/data-flow without detected boundary
tests/monster_test_suffix/filesuffix_only/monster_test_suffix.h,pos,3013,3065,HANDWRITTEN_CPP,False,CPP_UNVERIFIED,B_DIRECT_MIGRATION,ordinary C++ control/data-flow without detected boundary
tests/monster_test_suffix/filesuffix_only/monster_test_suffix.h,CreateMonster,3211,3212,HANDWRITTEN_CPP,False,CPP_UNVERIFIED,B_DIRECT_MIGRATION,ordinary C++ control/data-flow without detected boundary
tests/monster_test_suffix/filesuffix_only/monster_test_suffix.h,CreateTypeAliases,3390,3391,HANDWRITTEN_CPP,False,CPP_UNVERIFIED,B_DIRECT_MIGRATION,ordinary C++ control/data-flow without detected boundary
tests/monster_test_suffix/filesuffix_only/monster_test_suffix.h,VerifyAny,3426,3428,HANDWRITTEN_CPP,False,CPP_UNVERIFIED,B_DIRECT_MIGRATION,ordinary C++ control/data-flow without detected boundary
tests/monster_test_suffix/filesuffix_only/monster_test_suffix.h,VerifyAnyVector,3448,3450,HANDWRITTEN_CPP,False,CPP_UNVERIFIED,B_DIRECT_MIGRATION,ordinary C++ control/data-flow without detected boundary
tests/monster_test_suffix/filesuffix_only/monster_test_suffix.h,VerifyAnyUniqueAliases,3541,3543,HANDWRITTEN_CPP,False,CPP_UNVERIFIED,B_DIRECT_MIGRATION,ordinary C++ control/data-flow without detected boundary
tests/monster_test_suffix/filesuffix_only/monster_test_suffix.h,VerifyAnyUniqueAliasesVector,3563,3565,HANDWRITTEN_CPP,False,CPP_UNVERIFIED,B_DIRECT_MIGRATION,ordinary C++ control/data-flow without detected boundary
tests/monster_test_suffix/filesuffix_only/monster_test_suffix.h,VerifyAnyAmbiguousAliases,3656,3658,HANDWRITTEN_CPP,False,CPP_UNVERIFIED,B_DIRECT_MIGRATION,ordinary C++ control/data-flow without detected boundary
tests/monster_test_suffix/filesuffix_only/monster_test_suffix.h,VerifyAnyAmbiguousAliasesVector,3678,3680,HANDWRITTEN_CPP,False,CPP_UNVERIFIED,B_DIRECT_MIGRATION,ordinary C++ control/data-flow without detected boundary
tests/monster_test_suffix/filesuffix_only/monster_test_suffix.h,MonsterBufferHasIdentifier,4278,4279,HANDWRITTEN_CPP,False,CPP_UNVERIFIED,B_DIRECT_MIGRATION,ordinary C++ control/data-flow without detected boundary
tests/monster_test_suffix/filesuffix_only/monster_test_suffix.h,SizePrefixedMonsterBufferHasIdentifier,4283,4284,HANDWRITTEN_CPP,False,CPP_UNVERIFIED,B_DIRECT_MIGRATION,ordinary C++ control/data-flow without detected boundary
tests/monster_test_suffix/filesuffix_only/monster_test_suffix.h,VerifyMonsterBuffer,4290,4291,HANDWRITTEN_CPP,False,CPP_UNVERIFIED,B_DIRECT_MIGRATION,ordinary C++ control/data-flow without detected boundary
tests/monster_test_suffix/filesuffix_only/monster_test_suffix.h,VerifySizePrefixedMonsterBuffer,4296,4297,HANDWRITTEN_CPP,False,CPP_UNVERIFIED,B_DIRECT_MIGRATION,ordinary C++ control/data-flow without detected boundary
tests/monster_test_suffix/filesuffix_only/monster_test_suffix.h,FinishMonsterBuffer,4304,4307,HANDWRITTEN_CPP,False,CPP_UNVERIFIED,B_DIRECT_MIGRATION,ordinary C++ control/data-flow without detected boundary
tests/monster_test_suffix/filesuffix_only/monster_test_suffix.h,FinishSizePrefixedMonsterBuffer,4310,4313,HANDWRITTEN_CPP,False,CPP_UNVERIFIED,B_DIRECT_MIGRATION,ordinary C++ control/data-flow without detected boundary
tests/monster_test_suffix/filesuffix_only/monster_test_suffix.h,UnPackMonster,4316,4319,HANDWRITTEN_CPP,False,CPP_UNVERIFIED,C_LOCAL_REFACTOR,"ownership, callback, threading, or template shape"
tests/monster_test_suffix/filesuffix_only/monster_test_suffix.h,UnPackSizePrefixedMonster,4322,4325,HANDWRITTEN_CPP,False,CPP_UNVERIFIED,C_LOCAL_REFACTOR,"ownership, callback, threading, or template shape"
tests/monster_test_suffix/monster_test.grpc.fb.cc,channel_,32,36,HANDWRITTEN_CPP,False,CPP_UNVERIFIED,B_DIRECT_MIGRATION,ordinary C++ control/data-flow without detected boundary
tests/monster_test_suffix/monster_test.grpc.fb.h,~StubInterface,36,37,HANDWRITTEN_CPP,False,CPP_UNVERIFIED,B_DIRECT_MIGRATION,ordinary C++ control/data-flow without detected boundary
tests/monster_test_suffix/monster_test.grpc.fb.h,AsyncStore,39,39,HANDWRITTEN_CPP,False,CPP_UNVERIFIED,C_LOCAL_REFACTOR,"ownership, callback, threading, or template shape"
tests/monster_test_suffix/monster_test.grpc.fb.h,PrepareAsyncStore,42,42,HANDWRITTEN_CPP,False,CPP_UNVERIFIED,C_LOCAL_REFACTOR,"ownership, callback, threading, or template shape"
tests/monster_test_suffix/monster_test.grpc.fb.h,Retrieve,45,45,HANDWRITTEN_CPP,False,CPP_UNVERIFIED,C_LOCAL_REFACTOR,"ownership, callback, threading, or template shape"
tests/monster_test_suffix/monster_test.grpc.fb.h,AsyncRetrieve,48,48,HANDWRITTEN_CPP,False,CPP_UNVERIFIED,C_LOCAL_REFACTOR,"ownership, callback, threading, or template shape"
tests/monster_test_suffix/monster_test.grpc.fb.h,PrepareAsyncRetrieve,51,51,HANDWRITTEN_CPP,False,CPP_UNVERIFIED,C_LOCAL_REFACTOR,"ownership, callback, threading, or template shape"
tests/monster_test_suffix/monster_test.grpc.fb.h,GetMaxHitPoint,54,54,HANDWRITTEN_CPP,False,CPP_UNVERIFIED,C_LOCAL_REFACTOR,"ownership, callback, threading, or template shape"
tests/monster_test_suffix/monster_test.grpc.fb.h,AsyncGetMaxHitPoint,57,57,HANDWRITTEN_CPP,False,CPP_UNVERIFIED,C_LOCAL_REFACTOR,"ownership, callback, threading, or template shape"
tests/monster_test_suffix/monster_test.grpc.fb.h,PrepareAsyncGetMaxHitPoint,60,60,HANDWRITTEN_CPP,False,CPP_UNVERIFIED,C_LOCAL_REFACTOR,"ownership, callback, threading, or template shape"
tests/monster_test_suffix/monster_test.grpc.fb.h,AsyncStore,89,89,HANDWRITTEN_CPP,False,CPP_UNVERIFIED,C_LOCAL_REFACTOR,"ownership, callback, threading, or template shape"
tests/monster_test_suffix/monster_test.grpc.fb.h,PrepareAsyncStore,92,92,HANDWRITTEN_CPP,False,CPP_UNVERIFIED,C_LOCAL_REFACTOR,"ownership, callback, threading, or template shape"
tests/monster_test_suffix/monster_test.grpc.fb.h,Retrieve,95,95,HANDWRITTEN_CPP,False,CPP_UNVERIFIED,C_LOCAL_REFACTOR,"ownership, callback, threading, or template shape"
tests/monster_test_suffix/monster_test.grpc.fb.h,AsyncRetrieve,98,98,HANDWRITTEN_CPP,False,CPP_UNVERIFIED,C_LOCAL_REFACTOR,"ownership, callback, threading, or template shape"
tests/monster_test_suffix/monster_test.grpc.fb.h,PrepareAsyncRetrieve,101,101,HANDWRITTEN_CPP,False,CPP_UNVERIFIED,C_LOCAL_REFACTOR,"ownership, callback, threading, or template shape"
tests/monster_test_suffix/monster_test.grpc.fb.h,GetMaxHitPoint,104,104,HANDWRITTEN_CPP,False,CPP_UNVERIFIED,C_LOCAL_REFACTOR,"ownership, callback, threading, or template shape"
tests/monster_test_suffix/monster_test.grpc.fb.h,AsyncGetMaxHitPoint,107,107,HANDWRITTEN_CPP,False,CPP_UNVERIFIED,C_LOCAL_REFACTOR,"ownership, callback, threading, or template shape"
tests/monster_test_suffix/monster_test.grpc.fb.h,PrepareAsyncGetMaxHitPoint,110,110,HANDWRITTEN_CPP,False,CPP_UNVERIFIED,C_LOCAL_REFACTOR,"ownership, callback, threading, or template shape"
tests/monster_test_suffix/monster_test.grpc.fb.h,BaseClassMustBeDerivedFromService,154,155,HANDWRITTEN_CPP,False,CPP_UNVERIFIED,B_DIRECT_MIGRATION,ordinary C++ control/data-flow without detected boundary
tests/monster_test_suffix/monster_test.grpc.fb.h,WithAsyncMethod_Store,156,157,HANDWRITTEN_CPP,False,CPP_UNVERIFIED,B_DIRECT_MIGRATION,ordinary C++ control/data-flow without detected boundary
tests/monster_test_suffix/monster_test.grpc.fb.h,RequestStore,168,168,HANDWRITTEN_CPP,False,CPP_UNVERIFIED,B_DIRECT_MIGRATION,ordinary C++ control/data-flow without detected boundary
tests/monster_test_suffix/monster_test.grpc.fb.h,BaseClassMustBeDerivedFromService,174,175,HANDWRITTEN_CPP,False,CPP_UNVERIFIED,B_DIRECT_MIGRATION,ordinary C++ control/data-flow without detected boundary
tests/monster_test_suffix/monster_test.grpc.fb.h,WithAsyncMethod_Retrieve,176,177,HANDWRITTEN_CPP,False,CPP_UNVERIFIED,B_DIRECT_MIGRATION,ordinary C++ control/data-flow without detected boundary
tests/monster_test_suffix/monster_test.grpc.fb.h,RequestRetrieve,188,188,HANDWRITTEN_CPP,False,CPP_UNVERIFIED,B_DIRECT_MIGRATION,ordinary C++ control/data-flow without detected boundary
tests/monster_test_suffix/monster_test.grpc.fb.h,BaseClassMustBeDerivedFromService,194,195,HANDWRITTEN_CPP,False,CPP_UNVERIFIED,B_DIRECT_MIGRATION,ordinary C++ control/data-flow without detected boundary
tests/monster_test_suffix/monster_test.grpc.fb.h,WithAsyncMethod_GetMaxHitPoint,196,197,HANDWRITTEN_CPP,False,CPP_UNVERIFIED,B_DIRECT_MIGRATION,ordinary C++ control/data-flow without detected boundary
tests/monster_test_suffix/monster_test.grpc.fb.h,RequestGetMaxHitPoint,208,208,HANDWRITTEN_CPP,False,CPP_UNVERIFIED,B_DIRECT_MIGRATION,ordinary C++ control/data-flow without detected boundary
tests/monster_test_suffix/monster_test.grpc.fb.h,BaseClassMustBeDerivedFromService,214,215,HANDWRITTEN_CPP,False,CPP_UNVERIFIED,B_DIRECT_MIGRATION,ordinary C++ control/data-flow without detected boundary
tests/monster_test_suffix/monster_test.grpc.fb.h,WithAsyncMethod_GetMinMaxHitPoints,216,217,HANDWRITTEN_CPP,False,CPP_UNVERIFIED,B_DIRECT_MIGRATION,ordinary C++ control/data-flow without detected boundary
tests/monster_test_suffix/monster_test.grpc.fb.h,RequestGetMinMaxHitPoints,228,228,HANDWRITTEN_CPP,False,CPP_UNVERIFIED,B_DIRECT_MIGRATION,ordinary C++ control/data-flow without detected boundary
tests/monster_test_suffix/monster_test.grpc.fb.h,BaseClassMustBeDerivedFromService,235,236,HANDWRITTEN_CPP,False,CPP_UNVERIFIED,B_DIRECT_MIGRATION,ordinary C++ control/data-flow without detected boundary
tests/monster_test_suffix/monster_test.grpc.fb.h,WithGenericMethod_Store,237,238,HANDWRITTEN_CPP,False,CPP_UNVERIFIED,B_DIRECT_MIGRATION,ordinary C++ control/data-flow without detected boundary
tests/monster_test_suffix/monster_test.grpc.fb.h,BaseClassMustBeDerivedFromService,252,253,HANDWRITTEN_CPP,False,CPP_UNVERIFIED,B_DIRECT_MIGRATION,ordinary C++ control/data-flow without detected boundary
tests/monster_test_suffix/monster_test.grpc.fb.h,WithGenericMethod_Retrieve,254,255,HANDWRITTEN_CPP,False,CPP_UNVERIFIED,B_DIRECT_MIGRATION,ordinary C++ control/data-flow without detected boundary
tests/monster_test_suffix/monster_test.grpc.fb.h,BaseClassMustBeDerivedFromService,269,270,HANDWRITTEN_CPP,False,CPP_UNVERIFIED,B_DIRECT_MIGRATION,ordinary C++ control/data-flow without detected boundary
tests/monster_test_suffix/monster_test.grpc.fb.h,WithGenericMethod_GetMaxHitPoint,271,272,HANDWRITTEN_CPP,False,CPP_UNVERIFIED,B_DIRECT_MIGRATION,ordinary C++ control/data-flow without detected boundary
tests/monster_test_suffix/monster_test.grpc.fb.h,BaseClassMustBeDerivedFromService,286,287,HANDWRITTEN_CPP,False,CPP_UNVERIFIED,B_DIRECT_MIGRATION,ordinary C++ control/data-flow without detected boundary
tests/monster_test_suffix/monster_test.grpc.fb.h,WithGenericMethod_GetMinMaxHitPoints,288,289,HANDWRITTEN_CPP,False,CPP_UNVERIFIED,B_DIRECT_MIGRATION,ordinary C++ control/data-flow without detected boundary
tests/monster_test_suffix/monster_test.grpc.fb.h,BaseClassMustBeDerivedFromService,303,304,HANDWRITTEN_CPP,False,CPP_UNVERIFIED,B_DIRECT_MIGRATION,ordinary C++ control/data-flow without detected boundary
tests/monster_test_suffix/monster_test.grpc.fb.h,WithStreamedUnaryMethod_Store,305,306,HANDWRITTEN_CPP,False,CPP_UNVERIFIED,B_DIRECT_MIGRATION,ordinary C++ control/data-flow without detected boundary
tests/monster_test_suffix/monster_test.grpc.fb.h,BaseClassMustBeDerivedFromService,324,325,HANDWRITTEN_CPP,False,CPP_UNVERIFIED,B_DIRECT_MIGRATION,ordinary C++ control/data-flow without detected boundary
tests/monster_test_suffix/monster_test.grpc.fb.h,WithSplitStreamingMethod_Retrieve,326,327,HANDWRITTEN_CPP,False,CPP_UNVERIFIED,B_DIRECT_MIGRATION,ordinary C++ control/data-flow without detected boundary
tests/monster_test_suffix/monster_test_suffix.hpp,Set,317,319,HANDWRITTEN_CPP,False,CPP_UNVERIFIED,B_DIRECT_MIGRATION,ordinary C++ control/data-flow without detected boundary
tests/monster_test_suffix/monster_test_suffix.hpp,Set,475,477,HANDWRITTEN_CPP,False,CPP_UNVERIFIED,B_DIRECT_MIGRATION,ordinary C++ control/data-flow without detected boundary
tests/monster_test_suffix/monster_test_suffix.hpp,a_,676,678,HANDWRITTEN_CPP,False,CPP_UNVERIFIED,B_DIRECT_MIGRATION,ordinary C++ control/data-flow without detected boundary
tests/monster_test_suffix/monster_test_suffix.hpp,a_,682,684,HANDWRITTEN_CPP,False,CPP_UNVERIFIED,B_DIRECT_MIGRATION,ordinary C++ control/data-flow without detected boundary
tests/monster_test_suffix/monster_test_suffix.hpp,mutate_a,690,690,HANDWRITTEN_CPP,False,CPP_UNVERIFIED,B_DIRECT_MIGRATION,ordinary C++ control/data-flow without detected boundary
tests/monster_test_suffix/monster_test_suffix.hpp,mutate_b,696,696,HANDWRITTEN_CPP,False,CPP_UNVERIFIED,B_DIRECT_MIGRATION,ordinary C++ control/data-flow without detected boundary
tests/monster_test_suffix/monster_test_suffix.hpp,AbslHashValue,711,713,HANDWRITTEN_CPP,False,CPP_UNVERIFIED,B_DIRECT_MIGRATION,ordinary C++ control/data-flow without detected boundary
tests/monster_test_suffix/monster_test_suffix.hpp,x_,734,742,HANDWRITTEN_CPP,False,CPP_UNVERIFIED,B_DIRECT_MIGRATION,ordinary C++ control/data-flow without detected boundary
tests/monster_test_suffix/monster_test_suffix.hpp,x_,748,756,HANDWRITTEN_CPP,False,CPP_UNVERIFIED,B_DIRECT_MIGRATION,ordinary C++ control/data-flow without detected boundary
tests/monster_test_suffix/monster_test_suffix.hpp,mutate_x,764,764,HANDWRITTEN_CPP,False,CPP_UNVERIFIED,B_DIRECT_MIGRATION,ordinary C++ control/data-flow without detected boundary
tests/monster_test_suffix/monster_test_suffix.hpp,mutate_y,770,770,HANDWRITTEN_CPP,False,CPP_UNVERIFIED,B_DIRECT_MIGRATION,ordinary C++ control/data-flow without detected boundary
tests/monster_test_suffix/monster_test_suffix.hpp,mutate_z,776,776,HANDWRITTEN_CPP,False,CPP_UNVERIFIED,B_DIRECT_MIGRATION,ordinary C++ control/data-flow without detected boundary
tests/monster_test_suffix/monster_test_suffix.hpp,mutate_test1,782,782,HANDWRITTEN_CPP,False,CPP_UNVERIFIED,B_DIRECT_MIGRATION,ordinary C++ control/data-flow without detected boundary
tests/monster_test_suffix/monster_test_suffix.hpp,mutate_test2,788,788,HANDWRITTEN_CPP,False,CPP_UNVERIFIED,B_DIRECT_MIGRATION,ordinary C++ control/data-flow without detected boundary
tests/monster_test_suffix/monster_test_suffix.hpp,AbslHashValue,813,815,HANDWRITTEN_CPP,False,CPP_UNVERIFIED,B_DIRECT_MIGRATION,ordinary C++ control/data-flow without detected boundary
tests/monster_test_suffix/monster_test_suffix.hpp,id_,829,830,HANDWRITTEN_CPP,False,CPP_UNVERIFIED,B_DIRECT_MIGRATION,ordinary C++ control/data-flow without detected boundary
tests/monster_test_suffix/monster_test_suffix.hpp,id_,833,834,HANDWRITTEN_CPP,False,CPP_UNVERIFIED,B_DIRECT_MIGRATION,ordinary C++ control/data-flow without detected boundary
tests/monster_test_suffix/monster_test_suffix.hpp,mutate_id,839,839,HANDWRITTEN_CPP,False,CPP_UNVERIFIED,B_DIRECT_MIGRATION,ordinary C++ control/data-flow without detected boundary
tests/monster_test_suffix/monster_test_suffix.hpp,mutate_distance,851,851,HANDWRITTEN_CPP,False,CPP_UNVERIFIED,B_DIRECT_MIGRATION,ordinary C++ control/data-flow without detected boundary
tests/monster_test_suffix/monster_test_suffix.hpp,AbslHashValue,866,868,HANDWRITTEN_CPP,False,CPP_UNVERIFIED,B_DIRECT_MIGRATION,ordinary C++ control/data-flow without detected boundary
tests/monster_test_suffix/monster_test_suffix.hpp,a_,883,885,HANDWRITTEN_CPP,False,CPP_UNVERIFIED,B_DIRECT_MIGRATION,ordinary C++ control/data-flow without detected boundary
tests/monster_test_suffix/monster_test_suffix.hpp,a_,888,890,HANDWRITTEN_CPP,False,CPP_UNVERIFIED,B_DIRECT_MIGRATION,ordinary C++ control/data-flow without detected boundary
tests/monster_test_suffix/monster_test_suffix.hpp,AbslHashValue,923,925,HANDWRITTEN_CPP,False,CPP_UNVERIFIED,B_DIRECT_MIGRATION,ordinary C++ control/data-flow without detected boundary
tests/monster_test_suffix/monster_test_suffix.hpp,a_,938,938,HANDWRITTEN_CPP,False,CPP_UNVERIFIED,B_DIRECT_MIGRATION,ordinary C++ control/data-flow without detected boundary
tests/monster_test_suffix/monster_test_suffix.hpp,a_,941,941,HANDWRITTEN_CPP,False,CPP_UNVERIFIED,B_DIRECT_MIGRATION,ordinary C++ control/data-flow without detected boundary
tests/monster_test_suffix/monster_test_suffix.hpp,AbslHashValue,960,962,HANDWRITTEN_CPP,False,CPP_UNVERIFIED,B_DIRECT_MIGRATION,ordinary C++ control/data-flow without detected boundary
tests/monster_test_suffix/monster_test_suffix.hpp,InParentNamespaceBuilder,992,993,HANDWRITTEN_CPP,False,CPP_UNVERIFIED,B_DIRECT_MIGRATION,ordinary C++ control/data-flow without detected boundary
tests/monster_test_suffix/monster_test_suffix.hpp,Finish,996,996,HANDWRITTEN_CPP,False,CPP_UNVERIFIED,B_DIRECT_MIGRATION,ordinary C++ control/data-flow without detected boundary
tests/monster_test_suffix/monster_test_suffix.hpp,CreateInParentNamespace,1002,1004,HANDWRITTEN_CPP,False,CPP_UNVERIFIED,B_DIRECT_MIGRATION,ordinary C++ control/data-flow without detected boundary
tests/monster_test_suffix/monster_test_suffix.hpp,MonsterBuilder,1037,1038,HANDWRITTEN_CPP,False,CPP_UNVERIFIED,B_DIRECT_MIGRATION,ordinary C++ control/data-flow without detected boundary
tests/monster_test_suffix/monster_test_suffix.hpp,Finish,1041,1041,HANDWRITTEN_CPP,False,CPP_UNVERIFIED,B_DIRECT_MIGRATION,ordinary C++ control/data-flow without detected boundary
tests/monster_test_suffix/monster_test_suffix.hpp,CreateMonster,1047,1049,HANDWRITTEN_CPP,False,CPP_UNVERIFIED,B_DIRECT_MIGRATION,ordinary C++ control/data-flow without detected boundary
tests/monster_test_suffix/monster_test_suffix.hpp,mutate_color,1077,1077,HANDWRITTEN_CPP,False,CPP_UNVERIFIED,B_DIRECT_MIGRATION,ordinary C++ control/data-flow without detected boundary
tests/monster_test_suffix/monster_test_suffix.hpp,add_color,1095,1095,HANDWRITTEN_CPP,False,CPP_UNVERIFIED,B_DIRECT_MIGRATION,ordinary C++ control/data-flow without detected boundary
tests/monster_test_suffix/monster_test_suffix.hpp,TestSimpleTableWithEnumBuilder,1098,1099,HANDWRITTEN_CPP,False,CPP_UNVERIFIED,B_DIRECT_MIGRATION,ordinary C++ control/data-flow without detected boundary
tests/monster_test_suffix/monster_test_suffix.hpp,Finish,1102,1102,HANDWRITTEN_CPP,False,CPP_UNVERIFIED,B_DIRECT_MIGRATION,ordinary C++ control/data-flow without detected boundary
tests/monster_test_suffix/monster_test_suffix.hpp,CreateTestSimpleTableWithEnum,1108,1111,HANDWRITTEN_CPP,False,CPP_UNVERIFIED,B_DIRECT_MIGRATION,ordinary C++ control/data-flow without detected boundary
tests/monster_test_suffix/monster_test_suffix.hpp,mutate_val,1146,1146,HANDWRITTEN_CPP,False,CPP_UNVERIFIED,B_DIRECT_MIGRATION,ordinary C++ control/data-flow without detected boundary
tests/monster_test_suffix/monster_test_suffix.hpp,mutate_count,1152,1152,HANDWRITTEN_CPP,False,CPP_UNVERIFIED,B_DIRECT_MIGRATION,ordinary C++ control/data-flow without detected boundary
tests/monster_test_suffix/monster_test_suffix.hpp,add_id,1179,1179,HANDWRITTEN_CPP,False,CPP_UNVERIFIED,B_DIRECT_MIGRATION,ordinary C++ control/data-flow without detected boundary
tests/monster_test_suffix/monster_test_suffix.hpp,add_val,1182,1182,HANDWRITTEN_CPP,False,CPP_UNVERIFIED,B_DIRECT_MIGRATION,ordinary C++ control/data-flow without detected boundary
tests/monster_test_suffix/monster_test_suffix.hpp,add_count,1185,1185,HANDWRITTEN_CPP,False,CPP_UNVERIFIED,B_DIRECT_MIGRATION,ordinary C++ control/data-flow without detected boundary
tests/monster_test_suffix/monster_test_suffix.hpp,StatBuilder,1188,1189,HANDWRITTEN_CPP,False,CPP_UNVERIFIED,B_DIRECT_MIGRATION,ordinary C++ control/data-flow without detected boundary
tests/monster_test_suffix/monster_test_suffix.hpp,Finish,1192,1192,HANDWRITTEN_CPP,False,CPP_UNVERIFIED,B_DIRECT_MIGRATION,ordinary C++ control/data-flow without detected boundary
tests/monster_test_suffix/monster_test_suffix.hpp,CreateStat,1198,1203,HANDWRITTEN_CPP,False,CPP_UNVERIFIED,B_DIRECT_MIGRATION,ordinary C++ control/data-flow without detected boundary
tests/monster_test_suffix/monster_test_suffix.hpp,CreateStatDirect,1210,1215,HANDWRITTEN_CPP,False,CPP_UNVERIFIED,B_DIRECT_MIGRATION,ordinary C++ control/data-flow without detected boundary
tests/monster_test_suffix/monster_test_suffix.hpp,mutate_id,1243,1243,HANDWRITTEN_CPP,False,CPP_UNVERIFIED,B_DIRECT_MIGRATION,ordinary C++ control/data-flow without detected boundary
tests/monster_test_suffix/monster_test_suffix.hpp,add_id,1267,1267,HANDWRITTEN_CPP,False,CPP_UNVERIFIED,B_DIRECT_MIGRATION,ordinary C++ control/data-flow without detected boundary
tests/monster_test_suffix/monster_test_suffix.hpp,ReferrableBuilder,1270,1271,HANDWRITTEN_CPP,False,CPP_UNVERIFIED,B_DIRECT_MIGRATION,ordinary C++ control/data-flow without detected boundary
tests/monster_test_suffix/monster_test_suffix.hpp,Finish,1274,1274,HANDWRITTEN_CPP,False,CPP_UNVERIFIED,B_DIRECT_MIGRATION,ordinary C++ control/data-flow without detected boundary
tests/monster_test_suffix/monster_test_suffix.hpp,CreateReferrable,1280,1283,HANDWRITTEN_CPP,False,CPP_UNVERIFIED,B_DIRECT_MIGRATION,ordinary C++ control/data-flow without detected boundary
tests/monster_test_suffix/monster_test_suffix.hpp,mutate_mana,1436,1436,HANDWRITTEN_CPP,False,CPP_UNVERIFIED,B_DIRECT_MIGRATION,ordinary C++ control/data-flow without detected boundary
tests/monster_test_suffix/monster_test_suffix.hpp,mutate_hp,1442,1442,HANDWRITTEN_CPP,False,CPP_UNVERIFIED,B_DIRECT_MIGRATION,ordinary C++ control/data-flow without detected boundary
tests/monster_test_suffix/monster_test_suffix.hpp,mutate_color,1472,1472,HANDWRITTEN_CPP,False,CPP_UNVERIFIED,B_DIRECT_MIGRATION,ordinary C++ control/data-flow without detected boundary
tests/monster_test_suffix/monster_test_suffix.hpp,mutate_testbool,1550,1550,HANDWRITTEN_CPP,False,CPP_UNVERIFIED,B_DIRECT_MIGRATION,ordinary C++ control/data-flow without detected boundary
tests/monster_test_suffix/monster_test_suffix.hpp,mutate_testhashs32_fnv1,1556,1556,HANDWRITTEN_CPP,False,CPP_UNVERIFIED,B_DIRECT_MIGRATION,ordinary C++ control/data-flow without detected boundary
tests/monster_test_suffix/monster_test_suffix.hpp,mutate_testhashu32_fnv1,1562,1562,HANDWRITTEN_CPP,False,CPP_UNVERIFIED,B_DIRECT_MIGRATION,ordinary C++ control/data-flow without detected boundary
tests/monster_test_suffix/monster_test_suffix.hpp,mutate_testhashs64_fnv1,1568,1568,HANDWRITTEN_CPP,False,CPP_UNVERIFIED,B_DIRECT_MIGRATION,ordinary C++ control/data-flow without detected boundary
tests/monster_test_suffix/monster_test_suffix.hpp,mutate_testhashu64_fnv1,1574,1574,HANDWRITTEN_CPP,False,CPP_UNVERIFIED,B_DIRECT_MIGRATION,ordinary C++ control/data-flow without detected boundary
tests/monster_test_suffix/monster_test_suffix.hpp,mutate_testhashs32_fnv1a,1580,1580,HANDWRITTEN_CPP,False,CPP_UNVERIFIED,B_DIRECT_MIGRATION,ordinary C++ control/data-flow without detected boundary
tests/monster_test_suffix/monster_test_suffix.hpp,mutate_testhashu32_fnv1a,1586,1586,HANDWRITTEN_CPP,False,CPP_UNVERIFIED,B_DIRECT_MIGRATION,ordinary C++ control/data-flow without detected boundary
tests/monster_test_suffix/monster_test_suffix.hpp,mutate_testhashs64_fnv1a,1592,1592,HANDWRITTEN_CPP,False,CPP_UNVERIFIED,B_DIRECT_MIGRATION,ordinary C++ control/data-flow without detected boundary
tests/monster_test_suffix/monster_test_suffix.hpp,mutate_testhashu64_fnv1a,1598,1598,HANDWRITTEN_CPP,False,CPP_UNVERIFIED,B_DIRECT_MIGRATION,ordinary C++ control/data-flow without detected boundary
tests/monster_test_suffix/monster_test_suffix.hpp,mutate_testf,1610,1610,HANDWRITTEN_CPP,False,CPP_UNVERIFIED,B_DIRECT_MIGRATION,ordinary C++ control/data-flow without detected boundary
tests/monster_test_suffix/monster_test_suffix.hpp,mutate_testf2,1616,1616,HANDWRITTEN_CPP,False,CPP_UNVERIFIED,B_DIRECT_MIGRATION,ordinary C++ control/data-flow without detected boundary
tests/monster_test_suffix/monster_test_suffix.hpp,mutate_testf3,1622,1622,HANDWRITTEN_CPP,False,CPP_UNVERIFIED,B_DIRECT_MIGRATION,ordinary C++ control/data-flow without detected boundary
tests/monster_test_suffix/monster_test_suffix.hpp,mutate_single_weak_reference,1681,1681,HANDWRITTEN_CPP,False,CPP_UNVERIFIED,B_DIRECT_MIGRATION,ordinary C++ control/data-flow without detected boundary
tests/monster_test_suffix/monster_test_suffix.hpp,mutate_co_owning_reference,1699,1699,HANDWRITTEN_CPP,False,CPP_UNVERIFIED,B_DIRECT_MIGRATION,ordinary C++ control/data-flow without detected boundary
tests/monster_test_suffix/monster_test_suffix.hpp,mutate_non_owning_reference,1711,1711,HANDWRITTEN_CPP,False,CPP_UNVERIFIED,B_DIRECT_MIGRATION,ordinary C++ control/data-flow without detected boundary
tests/monster_test_suffix/monster_test_suffix.hpp,mutate_signed_enum,1785,1785,HANDWRITTEN_CPP,False,CPP_UNVERIFIED,B_DIRECT_MIGRATION,ordinary C++ control/data-flow without detected boundary
tests/monster_test_suffix/monster_test_suffix.hpp,mutate_long_enum_non_enum_default,1814,1814,HANDWRITTEN_CPP,False,CPP_UNVERIFIED,B_DIRECT_MIGRATION,ordinary C++ control/data-flow without detected boundary
tests/monster_test_suffix/monster_test_suffix.hpp,mutate_long_enum_normal_default,1820,1820,HANDWRITTEN_CPP,False,CPP_UNVERIFIED,B_DIRECT_MIGRATION,ordinary C++ control/data-flow without detected boundary
tests/monster_test_suffix/monster_test_suffix.hpp,mutate_nan_default,1826,1826,HANDWRITTEN_CPP,False,CPP_UNVERIFIED,B_DIRECT_MIGRATION,ordinary C++ control/data-flow without detected boundary
tests/monster_test_suffix/monster_test_suffix.hpp,mutate_inf_default,1832,1832,HANDWRITTEN_CPP,False,CPP_UNVERIFIED,B_DIRECT_MIGRATION,ordinary C++ control/data-flow without detected boundary
tests/monster_test_suffix/monster_test_suffix.hpp,mutate_positive_inf_default,1838,1838,HANDWRITTEN_CPP,False,CPP_UNVERIFIED,B_DIRECT_MIGRATION,ordinary C++ control/data-flow without detected boundary
tests/monster_test_suffix/monster_test_suffix.hpp,mutate_infinity_default,1844,1844,HANDWRITTEN_CPP,False,CPP_UNVERIFIED,B_DIRECT_MIGRATION,ordinary C++ control/data-flow without detected boundary
tests/monster_test_suffix/monster_test_suffix.hpp,mutate_positive_infinity_default,1850,1850,HANDWRITTEN_CPP,False,CPP_UNVERIFIED,B_DIRECT_MIGRATION,ordinary C++ control/data-flow without detected boundary
tests/monster_test_suffix/monster_test_suffix.hpp,mutate_negative_inf_default,1856,1856,HANDWRITTEN_CPP,False,CPP_UNVERIFIED,B_DIRECT_MIGRATION,ordinary C++ control/data-flow without detected boundary
tests/monster_test_suffix/monster_test_suffix.hpp,mutate_negative_infinity_default,1862,1862,HANDWRITTEN_CPP,False,CPP_UNVERIFIED,B_DIRECT_MIGRATION,ordinary C++ control/data-flow without detected boundary
tests/monster_test_suffix/monster_test_suffix.hpp,mutate_double_inf_default,1868,1868,HANDWRITTEN_CPP,False,CPP_UNVERIFIED,B_DIRECT_MIGRATION,ordinary C++ control/data-flow without detected boundary
tests/monster_test_suffix/monster_test_suffix.hpp,add_pos,2030,2030,HANDWRITTEN_CPP,False,CPP_UNVERIFIED,B_DIRECT_MIGRATION,ordinary C++ control/data-flow without detected boundary
tests/monster_test_suffix/monster_test_suffix.hpp,add_mana,2033,2033,HANDWRITTEN_CPP,False,CPP_UNVERIFIED,B_DIRECT_MIGRATION,ordinary C++ control/data-flow without detected boundary
tests/monster_test_suffix/monster_test_suffix.hpp,add_hp,2036,2036,HANDWRITTEN_CPP,False,CPP_UNVERIFIED,B_DIRECT_MIGRATION,ordinary C++ control/data-flow without detected boundary
tests/monster_test_suffix/monster_test_suffix.hpp,add_name,2039,2039,HANDWRITTEN_CPP,False,CPP_UNVERIFIED,B_DIRECT_MIGRATION,ordinary C++ control/data-flow without detected boundary
tests/monster_test_suffix/monster_test_suffix.hpp,add_inventory,2042,2042,HANDWRITTEN_CPP,False,CPP_UNVERIFIED,B_DIRECT_MIGRATION,ordinary C++ control/data-flow without detected boundary
tests/monster_test_suffix/monster_test_suffix.hpp,add_color,2045,2045,HANDWRITTEN_CPP,False,CPP_UNVERIFIED,B_DIRECT_MIGRATION,ordinary C++ control/data-flow without detected boundary
tests/monster_test_suffix/monster_test_suffix.hpp,add_test_type,2048,2048,HANDWRITTEN_CPP,False,CPP_UNVERIFIED,B_DIRECT_MIGRATION,ordinary C++ control/data-flow without detected boundary
tests/monster_test_suffix/monster_test_suffix.hpp,add_test,2051,2051,HANDWRITTEN_CPP,False,CPP_UNVERIFIED,B_DIRECT_MIGRATION,ordinary C++ control/data-flow without detected boundary
tests/monster_test_suffix/monster_test_suffix.hpp,add_test4,2054,2054,HANDWRITTEN_CPP,False,CPP_UNVERIFIED,B_DIRECT_MIGRATION,ordinary C++ control/data-flow without detected boundary
tests/monster_test_suffix/monster_test_suffix.hpp,add_testarrayofstring,2057,2057,HANDWRITTEN_CPP,False,CPP_UNVERIFIED,B_DIRECT_MIGRATION,ordinary C++ control/data-flow without detected boundary
tests/monster_test_suffix/monster_test_suffix.hpp,add_testarrayoftables,2060,2060,HANDWRITTEN_CPP,False,CPP_UNVERIFIED,B_DIRECT_MIGRATION,ordinary C++ control/data-flow without detected boundary
tests/monster_test_suffix/monster_test_suffix.hpp,add_enemy,2063,2063,HANDWRITTEN_CPP,False,CPP_UNVERIFIED,B_DIRECT_MIGRATION,ordinary C++ control/data-flow without detected boundary
tests/monster_test_suffix/monster_test_suffix.hpp,add_testnestedflatbuffer,2066,2066,HANDWRITTEN_CPP,False,CPP_UNVERIFIED,B_DIRECT_MIGRATION,ordinary C++ control/data-flow without detected boundary
tests/monster_test_suffix/monster_test_suffix.hpp,add_testempty,2069,2069,HANDWRITTEN_CPP,False,CPP_UNVERIFIED,B_DIRECT_MIGRATION,ordinary C++ control/data-flow without detected boundary
tests/monster_test_suffix/monster_test_suffix.hpp,add_testbool,2072,2072,HANDWRITTEN_CPP,False,CPP_UNVERIFIED,B_DIRECT_MIGRATION,ordinary C++ control/data-flow without detected boundary
tests/monster_test_suffix/monster_test_suffix.hpp,add_testhashs32_fnv1,2075,2075,HANDWRITTEN_CPP,False,CPP_UNVERIFIED,B_DIRECT_MIGRATION,ordinary C++ control/data-flow without detected boundary
tests/monster_test_suffix/monster_test_suffix.hpp,add_testhashu32_fnv1,2078,2078,HANDWRITTEN_CPP,False,CPP_UNVERIFIED,B_DIRECT_MIGRATION,ordinary C++ control/data-flow without detected boundary
tests/monster_test_suffix/monster_test_suffix.hpp,add_testhashs64_fnv1,2081,2081,HANDWRITTEN_CPP,False,CPP_UNVERIFIED,B_DIRECT_MIGRATION,ordinary C++ control/data-flow without detected boundary
tests/monster_test_suffix/monster_test_suffix.hpp,add_testhashu64_fnv1,2084,2084,HANDWRITTEN_CPP,False,CPP_UNVERIFIED,B_DIRECT_MIGRATION,ordinary C++ control/data-flow without detected boundary
tests/monster_test_suffix/monster_test_suffix.hpp,add_testhashs32_fnv1a,2087,2087,HANDWRITTEN_CPP,False,CPP_UNVERIFIED,B_DIRECT_MIGRATION,ordinary C++ control/data-flow without detected boundary
tests/monster_test_suffix/monster_test_suffix.hpp,add_testhashu32_fnv1a,2090,2090,HANDWRITTEN_CPP,False,CPP_UNVERIFIED,B_DIRECT_MIGRATION,ordinary C++ control/data-flow without detected boundary
tests/monster_test_suffix/monster_test_suffix.hpp,add_testhashs64_fnv1a,2093,2093,HANDWRITTEN_CPP,False,CPP_UNVERIFIED,B_DIRECT_MIGRATION,ordinary C++ control/data-flow without detected boundary
tests/monster_test_suffix/monster_test_suffix.hpp,add_testhashu64_fnv1a,2096,2096,HANDWRITTEN_CPP,False,CPP_UNVERIFIED,B_DIRECT_MIGRATION,ordinary C++ control/data-flow without detected boundary
tests/monster_test_suffix/monster_test_suffix.hpp,add_testarrayofbools,2099,2099,HANDWRITTEN_CPP,False,CPP_UNVERIFIED,B_DIRECT_MIGRATION,ordinary C++ control/data-flow without detected boundary
tests/monster_test_suffix/monster_test_suffix.hpp,add_testf,2102,2102,HANDWRITTEN_CPP,False,CPP_UNVERIFIED,B_DIRECT_MIGRATION,ordinary C++ control/data-flow without detected boundary
tests/monster_test_suffix/monster_test_suffix.hpp,add_testf2,2105,2105,HANDWRITTEN_CPP,False,CPP_UNVERIFIED,B_DIRECT_MIGRATION,ordinary C++ control/data-flow without detected boundary
tests/monster_test_suffix/monster_test_suffix.hpp,add_testf3,2108,2108,HANDWRITTEN_CPP,False,CPP_UNVERIFIED,B_DIRECT_MIGRATION,ordinary C++ control/data-flow without detected boundary
tests/monster_test_suffix/monster_test_suffix.hpp,add_testarrayofstring2,2111,2111,HANDWRITTEN_CPP,False,CPP_UNVERIFIED,B_DIRECT_MIGRATION,ordinary C++ control/data-flow without detected boundary
tests/monster_test_suffix/monster_test_suffix.hpp,add_testarrayofsortedstruct,2114,2114,HANDWRITTEN_CPP,False,CPP_UNVERIFIED,B_DIRECT_MIGRATION,ordinary C++ control/data-flow without detected boundary
tests/monster_test_suffix/monster_test_suffix.hpp,add_flex,2117,2117,HANDWRITTEN_CPP,False,CPP_UNVERIFIED,B_DIRECT_MIGRATION,ordinary C++ control/data-flow without detected boundary
tests/monster_test_suffix/monster_test_suffix.hpp,add_test5,2120,2120,HANDWRITTEN_CPP,False,CPP_UNVERIFIED,B_DIRECT_MIGRATION,ordinary C++ control/data-flow without detected boundary
tests/monster_test_suffix/monster_test_suffix.hpp,add_vector_of_longs,2123,2123,HANDWRITTEN_CPP,False,CPP_UNVERIFIED,B_DIRECT_MIGRATION,ordinary C++ control/data-flow without detected boundary
tests/monster_test_suffix/monster_test_suffix.hpp,add_vector_of_doubles,2126,2126,HANDWRITTEN_CPP,False,CPP_UNVERIFIED,B_DIRECT_MIGRATION,ordinary C++ control/data-flow without detected boundary
tests/monster_test_suffix/monster_test_suffix.hpp,add_parent_namespace_test,2129,2129,HANDWRITTEN_CPP,False,CPP_UNVERIFIED,B_DIRECT_MIGRATION,ordinary C++ control/data-flow without detected boundary
tests/monster_test_suffix/monster_test_suffix.hpp,add_vector_of_referrables,2132,2132,HANDWRITTEN_CPP,False,CPP_UNVERIFIED,B_DIRECT_MIGRATION,ordinary C++ control/data-flow without detected boundary
tests/monster_test_suffix/monster_test_suffix.hpp,add_single_weak_reference,2135,2135,HANDWRITTEN_CPP,False,CPP_UNVERIFIED,B_DIRECT_MIGRATION,ordinary C++ control/data-flow without detected boundary
tests/monster_test_suffix/monster_test_suffix.hpp,add_vector_of_weak_references,2138,2138,HANDWRITTEN_CPP,False,CPP_UNVERIFIED,B_DIRECT_MIGRATION,ordinary C++ control/data-flow without detected boundary
tests/monster_test_suffix/monster_test_suffix.hpp,add_vector_of_strong_referrables,2141,2141,HANDWRITTEN_CPP,False,CPP_UNVERIFIED,B_DIRECT_MIGRATION,ordinary C++ control/data-flow without detected boundary
tests/monster_test_suffix/monster_test_suffix.hpp,add_co_owning_reference,2144,2144,HANDWRITTEN_CPP,False,CPP_UNVERIFIED,B_DIRECT_MIGRATION,ordinary C++ control/data-flow without detected boundary
tests/monster_test_suffix/monster_test_suffix.hpp,add_vector_of_co_owning_references,2147,2147,HANDWRITTEN_CPP,False,CPP_UNVERIFIED,B_DIRECT_MIGRATION,ordinary C++ control/data-flow without detected boundary
tests/monster_test_suffix/monster_test_suffix.hpp,add_non_owning_reference,2150,2150,HANDWRITTEN_CPP,False,CPP_UNVERIFIED,B_DIRECT_MIGRATION,ordinary C++ control/data-flow without detected boundary
tests/monster_test_suffix/monster_test_suffix.hpp,add_vector_of_non_owning_references,2153,2153,HANDWRITTEN_CPP,False,CPP_UNVERIFIED,B_DIRECT_MIGRATION,ordinary C++ control/data-flow without detected boundary
tests/monster_test_suffix/monster_test_suffix.hpp,add_any_unique_type,2156,2156,HANDWRITTEN_CPP,False,CPP_UNVERIFIED,B_DIRECT_MIGRATION,ordinary C++ control/data-flow without detected boundary
tests/monster_test_suffix/monster_test_suffix.hpp,add_any_unique,2159,2159,HANDWRITTEN_CPP,False,CPP_UNVERIFIED,B_DIRECT_MIGRATION,ordinary C++ control/data-flow without detected boundary
tests/monster_test_suffix/monster_test_suffix.hpp,add_any_ambiguous_type,2162,2162,HANDWRITTEN_CPP,False,CPP_UNVERIFIED,B_DIRECT_MIGRATION,ordinary C++ control/data-flow without detected boundary
tests/monster_test_suffix/monster_test_suffix.hpp,add_any_ambiguous,2165,2165,HANDWRITTEN_CPP,False,CPP_UNVERIFIED,B_DIRECT_MIGRATION,ordinary C++ control/data-flow without detected boundary
tests/monster_test_suffix/monster_test_suffix.hpp,add_vector_of_enums,2168,2168,HANDWRITTEN_CPP,False,CPP_UNVERIFIED,B_DIRECT_MIGRATION,ordinary C++ control/data-flow without detected boundary
tests/monster_test_suffix/monster_test_suffix.hpp,add_signed_enum,2171,2171,HANDWRITTEN_CPP,False,CPP_UNVERIFIED,B_DIRECT_MIGRATION,ordinary C++ control/data-flow without detected boundary
tests/monster_test_suffix/monster_test_suffix.hpp,add_testrequirednestedflatbuffer,2174,2174,HANDWRITTEN_CPP,False,CPP_UNVERIFIED,B_DIRECT_MIGRATION,ordinary C++ control/data-flow without detected boundary
tests/monster_test_suffix/monster_test_suffix.hpp,add_scalar_key_sorted_tables,2177,2177,HANDWRITTEN_CPP,False,CPP_UNVERIFIED,B_DIRECT_MIGRATION,ordinary C++ control/data-flow without detected boundary
tests/monster_test_suffix/monster_test_suffix.hpp,add_native_inline,2180,2180,HANDWRITTEN_CPP,False,CPP_UNVERIFIED,B_DIRECT_MIGRATION,ordinary C++ control/data-flow without detected boundary
tests/monster_test_suffix/monster_test_suffix.hpp,add_long_enum_non_enum_default,2183,2183,HANDWRITTEN_CPP,False,CPP_UNVERIFIED,B_DIRECT_MIGRATION,ordinary C++ control/data-flow without detected boundary
tests/monster_test_suffix/monster_test_suffix.hpp,add_long_enum_normal_default,2186,2186,HANDWRITTEN_CPP,False,CPP_UNVERIFIED,B_DIRECT_MIGRATION,ordinary C++ control/data-flow without detected boundary
tests/monster_test_suffix/monster_test_suffix.hpp,add_nan_default,2189,2189,HANDWRITTEN_CPP,False,CPP_UNVERIFIED,B_DIRECT_MIGRATION,ordinary C++ control/data-flow without detected boundary
tests/monster_test_suffix/monster_test_suffix.hpp,add_inf_default,2192,2192,HANDWRITTEN_CPP,False,CPP_UNVERIFIED,B_DIRECT_MIGRATION,ordinary C++ control/data-flow without detected boundary
tests/monster_test_suffix/monster_test_suffix.hpp,add_positive_inf_default,2195,2195,HANDWRITTEN_CPP,False,CPP_UNVERIFIED,B_DIRECT_MIGRATION,ordinary C++ control/data-flow without detected boundary
tests/monster_test_suffix/monster_test_suffix.hpp,add_infinity_default,2198,2198,HANDWRITTEN_CPP,False,CPP_UNVERIFIED,B_DIRECT_MIGRATION,ordinary C++ control/data-flow without detected boundary
tests/monster_test_suffix/monster_test_suffix.hpp,add_positive_infinity_default,2201,2201,HANDWRITTEN_CPP,False,CPP_UNVERIFIED,B_DIRECT_MIGRATION,ordinary C++ control/data-flow without detected boundary
tests/monster_test_suffix/monster_test_suffix.hpp,add_negative_inf_default,2204,2204,HANDWRITTEN_CPP,False,CPP_UNVERIFIED,B_DIRECT_MIGRATION,ordinary C++ control/data-flow without detected boundary
tests/monster_test_suffix/monster_test_suffix.hpp,add_negative_infinity_default,2207,2207,HANDWRITTEN_CPP,False,CPP_UNVERIFIED,B_DIRECT_MIGRATION,ordinary C++ control/data-flow without detected boundary
tests/monster_test_suffix/monster_test_suffix.hpp,add_double_inf_default,2210,2210,HANDWRITTEN_CPP,False,CPP_UNVERIFIED,B_DIRECT_MIGRATION,ordinary C++ control/data-flow without detected boundary
tests/monster_test_suffix/monster_test_suffix.hpp,MonsterBuilder,2213,2214,HANDWRITTEN_CPP,False,CPP_UNVERIFIED,B_DIRECT_MIGRATION,ordinary C++ control/data-flow without detected boundary
tests/monster_test_suffix/monster_test_suffix.hpp,Finish,2217,2217,HANDWRITTEN_CPP,False,CPP_UNVERIFIED,B_DIRECT_MIGRATION,ordinary C++ control/data-flow without detected boundary
tests/monster_test_suffix/monster_test_suffix.hpp,CreateMonster,2224,2287,HANDWRITTEN_CPP,False,CPP_UNVERIFIED,B_DIRECT_MIGRATION,ordinary C++ control/data-flow without detected boundary
tests/monster_test_suffix/monster_test_suffix.hpp,CreateMonsterDirect,2352,2415,HANDWRITTEN_CPP,False,CPP_UNVERIFIED,B_DIRECT_MIGRATION,ordinary C++ control/data-flow without detected boundary
tests/monster_test_suffix/monster_test_suffix.hpp,mutate_i8,2543,2543,HANDWRITTEN_CPP,False,CPP_UNVERIFIED,B_DIRECT_MIGRATION,ordinary C++ control/data-flow without detected boundary
tests/monster_test_suffix/monster_test_suffix.hpp,mutate_u8,2549,2549,HANDWRITTEN_CPP,False,CPP_UNVERIFIED,B_DIRECT_MIGRATION,ordinary C++ control/data-flow without detected boundary
tests/monster_test_suffix/monster_test_suffix.hpp,mutate_i16,2555,2555,HANDWRITTEN_CPP,False,CPP_UNVERIFIED,B_DIRECT_MIGRATION,ordinary C++ control/data-flow without detected boundary
tests/monster_test_suffix/monster_test_suffix.hpp,mutate_u16,2561,2561,HANDWRITTEN_CPP,False,CPP_UNVERIFIED,B_DIRECT_MIGRATION,ordinary C++ control/data-flow without detected boundary
tests/monster_test_suffix/monster_test_suffix.hpp,mutate_i32,2567,2567,HANDWRITTEN_CPP,False,CPP_UNVERIFIED,B_DIRECT_MIGRATION,ordinary C++ control/data-flow without detected boundary
tests/monster_test_suffix/monster_test_suffix.hpp,mutate_u32,2573,2573,HANDWRITTEN_CPP,False,CPP_UNVERIFIED,B_DIRECT_MIGRATION,ordinary C++ control/data-flow without detected boundary
tests/monster_test_suffix/monster_test_suffix.hpp,mutate_i64,2579,2579,HANDWRITTEN_CPP,False,CPP_UNVERIFIED,B_DIRECT_MIGRATION,ordinary C++ control/data-flow without detected boundary
tests/monster_test_suffix/monster_test_suffix.hpp,mutate_u64,2585,2585,HANDWRITTEN_CPP,False,CPP_UNVERIFIED,B_DIRECT_MIGRATION,ordinary C++ control/data-flow without detected boundary
tests/monster_test_suffix/monster_test_suffix.hpp,mutate_f32,2591,2591,HANDWRITTEN_CPP,False,CPP_UNVERIFIED,B_DIRECT_MIGRATION,ordinary C++ control/data-flow without detected boundary
tests/monster_test_suffix/monster_test_suffix.hpp,mutate_f64,2597,2597,HANDWRITTEN_CPP,False,CPP_UNVERIFIED,B_DIRECT_MIGRATION,ordinary C++ control/data-flow without detected boundary
tests/monster_test_suffix/monster_test_suffix.hpp,add_i8,2640,2640,HANDWRITTEN_CPP,False,CPP_UNVERIFIED,B_DIRECT_MIGRATION,ordinary C++ control/data-flow without detected boundary
tests/monster_test_suffix/monster_test_suffix.hpp,add_u8,2643,2643,HANDWRITTEN_CPP,False,CPP_UNVERIFIED,B_DIRECT_MIGRATION,ordinary C++ control/data-flow without detected boundary
tests/monster_test_suffix/monster_test_suffix.hpp,add_i16,2646,2646,HANDWRITTEN_CPP,False,CPP_UNVERIFIED,B_DIRECT_MIGRATION,ordinary C++ control/data-flow without detected boundary
tests/monster_test_suffix/monster_test_suffix.hpp,add_u16,2649,2649,HANDWRITTEN_CPP,False,CPP_UNVERIFIED,B_DIRECT_MIGRATION,ordinary C++ control/data-flow without detected boundary
tests/monster_test_suffix/monster_test_suffix.hpp,add_i32,2652,2652,HANDWRITTEN_CPP,False,CPP_UNVERIFIED,B_DIRECT_MIGRATION,ordinary C++ control/data-flow without detected boundary
tests/monster_test_suffix/monster_test_suffix.hpp,add_u32,2655,2655,HANDWRITTEN_CPP,False,CPP_UNVERIFIED,B_DIRECT_MIGRATION,ordinary C++ control/data-flow without detected boundary
tests/monster_test_suffix/monster_test_suffix.hpp,add_i64,2658,2658,HANDWRITTEN_CPP,False,CPP_UNVERIFIED,B_DIRECT_MIGRATION,ordinary C++ control/data-flow without detected boundary
tests/monster_test_suffix/monster_test_suffix.hpp,add_u64,2661,2661,HANDWRITTEN_CPP,False,CPP_UNVERIFIED,B_DIRECT_MIGRATION,ordinary C++ control/data-flow without detected boundary
tests/monster_test_suffix/monster_test_suffix.hpp,add_f32,2664,2664,HANDWRITTEN_CPP,False,CPP_UNVERIFIED,B_DIRECT_MIGRATION,ordinary C++ control/data-flow without detected boundary
tests/monster_test_suffix/monster_test_suffix.hpp,add_f64,2667,2667,HANDWRITTEN_CPP,False,CPP_UNVERIFIED,B_DIRECT_MIGRATION,ordinary C++ control/data-flow without detected boundary
tests/monster_test_suffix/monster_test_suffix.hpp,add_v8,2670,2670,HANDWRITTEN_CPP,False,CPP_UNVERIFIED,B_DIRECT_MIGRATION,ordinary C++ control/data-flow without detected boundary
tests/monster_test_suffix/monster_test_suffix.hpp,add_vf64,2673,2673,HANDWRITTEN_CPP,False,CPP_UNVERIFIED,B_DIRECT_MIGRATION,ordinary C++ control/data-flow without detected boundary
tests/monster_test_suffix/monster_test_suffix.hpp,TypeAliasesBuilder,2676,2677,HANDWRITTEN_CPP,False,CPP_UNVERIFIED,B_DIRECT_MIGRATION,ordinary C++ control/data-flow without detected boundary
tests/monster_test_suffix/monster_test_suffix.hpp,Finish,2680,2680,HANDWRITTEN_CPP,False,CPP_UNVERIFIED,B_DIRECT_MIGRATION,ordinary C++ control/data-flow without detected boundary
tests/monster_test_suffix/monster_test_suffix.hpp,CreateTypeAliases,2686,2700,HANDWRITTEN_CPP,False,CPP_UNVERIFIED,B_DIRECT_MIGRATION,ordinary C++ control/data-flow without detected boundary
tests/monster_test_suffix/monster_test_suffix.hpp,CreateTypeAliasesDirect,2716,2730,HANDWRITTEN_CPP,False,CPP_UNVERIFIED,B_DIRECT_MIGRATION,ordinary C++ control/data-flow without detected boundary
tests/monster_test_suffix/monster_test_suffix.hpp,CreateInParentNamespace,2773,2774,HANDWRITTEN_CPP,False,CPP_UNVERIFIED,B_DIRECT_MIGRATION,ordinary C++ control/data-flow without detected boundary
tests/monster_test_suffix/monster_test_suffix.hpp,CreateMonster,2808,2809,HANDWRITTEN_CPP,False,CPP_UNVERIFIED,B_DIRECT_MIGRATION,ordinary C++ control/data-flow without detected boundary
tests/monster_test_suffix/monster_test_suffix.hpp,CreateTestSimpleTableWithEnum,2847,2848,HANDWRITTEN_CPP,False,CPP_UNVERIFIED,B_DIRECT_MIGRATION,ordinary C++ control/data-flow without detected boundary
tests/monster_test_suffix/monster_test_suffix.hpp,CreateStat,2888,2889,HANDWRITTEN_CPP,False,CPP_UNVERIFIED,B_DIRECT_MIGRATION,ordinary C++ control/data-flow without detected boundary
tests/monster_test_suffix/monster_test_suffix.hpp,CreateReferrable,2929,2930,HANDWRITTEN_CPP,False,CPP_UNVERIFIED,B_DIRECT_MIGRATION,ordinary C++ control/data-flow without detected boundary
tests/monster_test_suffix/monster_test_suffix.hpp,pos,3013,3065,HANDWRITTEN_CPP,False,CPP_UNVERIFIED,B_DIRECT_MIGRATION,ordinary C++ control/data-flow without detected boundary
tests/monster_test_suffix/monster_test_suffix.hpp,CreateMonster,3211,3212,HANDWRITTEN_CPP,False,CPP_UNVERIFIED,B_DIRECT_MIGRATION,ordinary C++ control/data-flow without detected boundary
tests/monster_test_suffix/monster_test_suffix.hpp,CreateTypeAliases,3390,3391,HANDWRITTEN_CPP,False,CPP_UNVERIFIED,B_DIRECT_MIGRATION,ordinary C++ control/data-flow without detected boundary
tests/monster_test_suffix/monster_test_suffix.hpp,VerifyAny,3426,3428,HANDWRITTEN_CPP,False,CPP_UNVERIFIED,B_DIRECT_MIGRATION,ordinary C++ control/data-flow without detected boundary
tests/monster_test_suffix/monster_test_suffix.hpp,VerifyAnyVector,3448,3450,HANDWRITTEN_CPP,False,CPP_UNVERIFIED,B_DIRECT_MIGRATION,ordinary C++ control/data-flow without detected boundary
tests/monster_test_suffix/monster_test_suffix.hpp,VerifyAnyUniqueAliases,3541,3543,HANDWRITTEN_CPP,False,CPP_UNVERIFIED,B_DIRECT_MIGRATION,ordinary C++ control/data-flow without detected boundary
tests/monster_test_suffix/monster_test_suffix.hpp,VerifyAnyUniqueAliasesVector,3563,3565,HANDWRITTEN_CPP,False,CPP_UNVERIFIED,B_DIRECT_MIGRATION,ordinary C++ control/data-flow without detected boundary
tests/monster_test_suffix/monster_test_suffix.hpp,VerifyAnyAmbiguousAliases,3656,3658,HANDWRITTEN_CPP,False,CPP_UNVERIFIED,B_DIRECT_MIGRATION,ordinary C++ control/data-flow without detected boundary
tests/monster_test_suffix/monster_test_suffix.hpp,VerifyAnyAmbiguousAliasesVector,3678,3680,HANDWRITTEN_CPP,False,CPP_UNVERIFIED,B_DIRECT_MIGRATION,ordinary C++ control/data-flow without detected boundary
tests/monster_test_suffix/monster_test_suffix.hpp,MonsterBufferHasIdentifier,4278,4279,HANDWRITTEN_CPP,False,CPP_UNVERIFIED,B_DIRECT_MIGRATION,ordinary C++ control/data-flow without detected boundary
tests/monster_test_suffix/monster_test_suffix.hpp,SizePrefixedMonsterBufferHasIdentifier,4283,4284,HANDWRITTEN_CPP,False,CPP_UNVERIFIED,B_DIRECT_MIGRATION,ordinary C++ control/data-flow without detected boundary
tests/monster_test_suffix/monster_test_suffix.hpp,VerifyMonsterBuffer,4290,4291,HANDWRITTEN_CPP,False,CPP_UNVERIFIED,B_DIRECT_MIGRATION,ordinary C++ control/data-flow without detected boundary
tests/monster_test_suffix/monster_test_suffix.hpp,VerifySizePrefixedMonsterBuffer,4296,4297,HANDWRITTEN_CPP,False,CPP_UNVERIFIED,B_DIRECT_MIGRATION,ordinary C++ control/data-flow without detected boundary
tests/monster_test_suffix/monster_test_suffix.hpp,FinishMonsterBuffer,4304,4307,HANDWRITTEN_CPP,False,CPP_UNVERIFIED,B_DIRECT_MIGRATION,ordinary C++ control/data-flow without detected boundary
tests/monster_test_suffix/monster_test_suffix.hpp,FinishSizePrefixedMonsterBuffer,4310,4313,HANDWRITTEN_CPP,False,CPP_UNVERIFIED,B_DIRECT_MIGRATION,ordinary C++ control/data-flow without detected boundary
tests/monster_test_suffix/monster_test_suffix.hpp,UnPackMonster,4316,4319,HANDWRITTEN_CPP,False,CPP_UNVERIFIED,C_LOCAL_REFACTOR,"ownership, callback, threading, or template shape"
tests/monster_test_suffix/monster_test_suffix.hpp,UnPackSizePrefixedMonster,4322,4325,HANDWRITTEN_CPP,False,CPP_UNVERIFIED,C_LOCAL_REFACTOR,"ownership, callback, threading, or template shape"
tests/namespace_test/namespace_test1_generated.h,Set,96,98,HANDWRITTEN_CPP,False,CPP_UNVERIFIED,B_DIRECT_MIGRATION,ordinary C++ control/data-flow without detected boundary
tests/namespace_test/namespace_test1_generated.h,a_,192,193,HANDWRITTEN_CPP,False,CPP_UNVERIFIED,B_DIRECT_MIGRATION,ordinary C++ control/data-flow without detected boundary
tests/namespace_test/namespace_test1_generated.h,a_,196,197,HANDWRITTEN_CPP,False,CPP_UNVERIFIED,B_DIRECT_MIGRATION,ordinary C++ control/data-flow without detected boundary
tests/namespace_test/namespace_test1_generated.h,mutate_a,202,202,HANDWRITTEN_CPP,False,CPP_UNVERIFIED,B_DIRECT_MIGRATION,ordinary C++ control/data-flow without detected boundary
tests/namespace_test/namespace_test1_generated.h,mutate_b,208,208,HANDWRITTEN_CPP,False,CPP_UNVERIFIED,B_DIRECT_MIGRATION,ordinary C++ control/data-flow without detected boundary
tests/namespace_test/namespace_test1_generated.h,mutate_foo,248,248,HANDWRITTEN_CPP,False,CPP_UNVERIFIED,B_DIRECT_MIGRATION,ordinary C++ control/data-flow without detected boundary
tests/namespace_test/namespace_test1_generated.h,add_foo,266,266,HANDWRITTEN_CPP,False,CPP_UNVERIFIED,B_DIRECT_MIGRATION,ordinary C++ control/data-flow without detected boundary
tests/namespace_test/namespace_test1_generated.h,TableInNestedNSBuilder,269,270,HANDWRITTEN_CPP,False,CPP_UNVERIFIED,B_DIRECT_MIGRATION,ordinary C++ control/data-flow without detected boundary
tests/namespace_test/namespace_test1_generated.h,Finish,273,273,HANDWRITTEN_CPP,False,CPP_UNVERIFIED,B_DIRECT_MIGRATION,ordinary C++ control/data-flow without detected boundary
tests/namespace_test/namespace_test1_generated.h,CreateTableInNestedNS,279,282,HANDWRITTEN_CPP,False,CPP_UNVERIFIED,B_DIRECT_MIGRATION,ordinary C++ control/data-flow without detected boundary
tests/namespace_test/namespace_test1_generated.h,CreateTableInNestedNS,312,313,HANDWRITTEN_CPP,False,CPP_UNVERIFIED,B_DIRECT_MIGRATION,ordinary C++ control/data-flow without detected boundary
tests/namespace_test/namespace_test1_generated.h,VerifyUnionInNestedNS,326,328,HANDWRITTEN_CPP,False,CPP_UNVERIFIED,B_DIRECT_MIGRATION,ordinary C++ control/data-flow without detected boundary
tests/namespace_test/namespace_test1_generated.h,VerifyUnionInNestedNSVector,340,342,HANDWRITTEN_CPP,False,CPP_UNVERIFIED,B_DIRECT_MIGRATION,ordinary C++ control/data-flow without detected boundary
tests/namespace_test/namespace_test2_generated.h,mutate_foo_enum,107,107,HANDWRITTEN_CPP,False,CPP_UNVERIFIED,B_DIRECT_MIGRATION,ordinary C++ control/data-flow without detected boundary
tests/namespace_test/namespace_test2_generated.h,add_foo_table,162,162,HANDWRITTEN_CPP,False,CPP_UNVERIFIED,B_DIRECT_MIGRATION,ordinary C++ control/data-flow without detected boundary
tests/namespace_test/namespace_test2_generated.h,add_foo_enum,165,165,HANDWRITTEN_CPP,False,CPP_UNVERIFIED,B_DIRECT_MIGRATION,ordinary C++ control/data-flow without detected boundary
tests/namespace_test/namespace_test2_generated.h,add_foo_union_type,168,168,HANDWRITTEN_CPP,False,CPP_UNVERIFIED,B_DIRECT_MIGRATION,ordinary C++ control/data-flow without detected boundary
tests/namespace_test/namespace_test2_generated.h,add_foo_union,171,171,HANDWRITTEN_CPP,False,CPP_UNVERIFIED,B_DIRECT_MIGRATION,ordinary C++ control/data-flow without detected boundary
tests/namespace_test/namespace_test2_generated.h,add_foo_struct,174,174,HANDWRITTEN_CPP,False,CPP_UNVERIFIED,B_DIRECT_MIGRATION,ordinary C++ control/data-flow without detected boundary
tests/namespace_test/namespace_test2_generated.h,TableInFirstNSBuilder,177,178,HANDWRITTEN_CPP,False,CPP_UNVERIFIED,B_DIRECT_MIGRATION,ordinary C++ control/data-flow without detected boundary
tests/namespace_test/namespace_test2_generated.h,Finish,181,181,HANDWRITTEN_CPP,False,CPP_UNVERIFIED,B_DIRECT_MIGRATION,ordinary C++ control/data-flow without detected boundary
tests/namespace_test/namespace_test2_generated.h,CreateTableInFirstNS,187,194,HANDWRITTEN_CPP,False,CPP_UNVERIFIED,B_DIRECT_MIGRATION,ordinary C++ control/data-flow without detected boundary
tests/namespace_test/namespace_test2_generated.h,add_refer_to_a1,266,266,HANDWRITTEN_CPP,False,CPP_UNVERIFIED,B_DIRECT_MIGRATION,ordinary C++ control/data-flow without detected boundary
tests/namespace_test/namespace_test2_generated.h,add_refer_to_a2,269,269,HANDWRITTEN_CPP,False,CPP_UNVERIFIED,B_DIRECT_MIGRATION,ordinary C++ control/data-flow without detected boundary
tests/namespace_test/namespace_test2_generated.h,TableInCBuilder,272,273,HANDWRITTEN_CPP,False,CPP_UNVERIFIED,B_DIRECT_MIGRATION,ordinary C++ control/data-flow without detected boundary
tests/namespace_test/namespace_test2_generated.h,Finish,276,276,HANDWRITTEN_CPP,False,CPP_UNVERIFIED,B_DIRECT_MIGRATION,ordinary C++ control/data-flow without detected boundary
tests/namespace_test/namespace_test2_generated.h,CreateTableInC,282,286,HANDWRITTEN_CPP,False,CPP_UNVERIFIED,B_DIRECT_MIGRATION,ordinary C++ control/data-flow without detected boundary
tests/namespace_test/namespace_test2_generated.h,add_refer_to_c,345,345,HANDWRITTEN_CPP,False,CPP_UNVERIFIED,B_DIRECT_MIGRATION,ordinary C++ control/data-flow without detected boundary
tests/namespace_test/namespace_test2_generated.h,SecondTableInABuilder,348,349,HANDWRITTEN_CPP,False,CPP_UNVERIFIED,B_DIRECT_MIGRATION,ordinary C++ control/data-flow without detected boundary
tests/namespace_test/namespace_test2_generated.h,Finish,352,352,HANDWRITTEN_CPP,False,CPP_UNVERIFIED,B_DIRECT_MIGRATION,ordinary C++ control/data-flow without detected boundary
tests/namespace_test/namespace_test2_generated.h,CreateSecondTableInA,358,361,HANDWRITTEN_CPP,False,CPP_UNVERIFIED,B_DIRECT_MIGRATION,ordinary C++ control/data-flow without detected boundary
tests/namespace_test/namespace_test2_generated.h,foo_table,384,387,HANDWRITTEN_CPP,False,CPP_UNVERIFIED,B_DIRECT_MIGRATION,ordinary C++ control/data-flow without detected boundary
tests/namespace_test/namespace_test2_generated.h,CreateTableInFirstNS,413,414,HANDWRITTEN_CPP,False,CPP_UNVERIFIED,B_DIRECT_MIGRATION,ordinary C++ control/data-flow without detected boundary
tests/namespace_test/namespace_test2_generated.h,refer_to_a1,453,454,HANDWRITTEN_CPP,False,CPP_UNVERIFIED,B_DIRECT_MIGRATION,ordinary C++ control/data-flow without detected boundary
tests/namespace_test/namespace_test2_generated.h,CreateTableInC,475,476,HANDWRITTEN_CPP,False,CPP_UNVERIFIED,B_DIRECT_MIGRATION,ordinary C++ control/data-flow without detected boundary
tests/namespace_test/namespace_test2_generated.h,refer_to_c,508,508,HANDWRITTEN_CPP,False,CPP_UNVERIFIED,B_DIRECT_MIGRATION,ordinary C++ control/data-flow without detected boundary
tests/namespace_test/namespace_test2_generated.h,CreateSecondTableInA,527,528,HANDWRITTEN_CPP,False,CPP_UNVERIFIED,B_DIRECT_MIGRATION,ordinary C++ control/data-flow without detected boundary
tests/native_inline_table_test_generated.h,mutate_a,50,50,HANDWRITTEN_CPP,False,CPP_UNVERIFIED,B_DIRECT_MIGRATION,ordinary C++ control/data-flow without detected boundary
tests/native_inline_table_test_generated.h,add_a,68,68,HANDWRITTEN_CPP,False,CPP_UNVERIFIED,B_DIRECT_MIGRATION,ordinary C++ control/data-flow without detected boundary
tests/native_inline_table_test_generated.h,NativeInlineTableBuilder,71,72,HANDWRITTEN_CPP,False,CPP_UNVERIFIED,B_DIRECT_MIGRATION,ordinary C++ control/data-flow without detected boundary
tests/native_inline_table_test_generated.h,Finish,75,75,HANDWRITTEN_CPP,False,CPP_UNVERIFIED,B_DIRECT_MIGRATION,ordinary C++ control/data-flow without detected boundary
tests/native_inline_table_test_generated.h,CreateNativeInlineTable,81,84,HANDWRITTEN_CPP,False,CPP_UNVERIFIED,B_DIRECT_MIGRATION,ordinary C++ control/data-flow without detected boundary
tests/native_inline_table_test_generated.h,add_t,129,129,HANDWRITTEN_CPP,False,CPP_UNVERIFIED,B_DIRECT_MIGRATION,ordinary C++ control/data-flow without detected boundary
tests/native_inline_table_test_generated.h,TestNativeInlineTableBuilder,132,133,HANDWRITTEN_CPP,False,CPP_UNVERIFIED,B_DIRECT_MIGRATION,ordinary C++ control/data-flow without detected boundary
tests/native_inline_table_test_generated.h,Finish,136,136,HANDWRITTEN_CPP,False,CPP_UNVERIFIED,B_DIRECT_MIGRATION,ordinary C++ control/data-flow without detected boundary
tests/native_inline_table_test_generated.h,CreateTestNativeInlineTable,142,145,HANDWRITTEN_CPP,False,CPP_UNVERIFIED,B_DIRECT_MIGRATION,ordinary C++ control/data-flow without detected boundary
tests/native_inline_table_test_generated.h,CreateTestNativeInlineTableDirect,150,153,HANDWRITTEN_CPP,False,CPP_UNVERIFIED,B_DIRECT_MIGRATION,ordinary C++ control/data-flow without detected boundary
tests/native_inline_table_test_generated.h,CreateNativeInlineTable,184,185,HANDWRITTEN_CPP,False,CPP_UNVERIFIED,B_DIRECT_MIGRATION,ordinary C++ control/data-flow without detected boundary
tests/native_inline_table_test_generated.h,CreateTestNativeInlineTable,221,222,HANDWRITTEN_CPP,False,CPP_UNVERIFIED,B_DIRECT_MIGRATION,ordinary C++ control/data-flow without detected boundary
tests/native_type_test_generated.h,x_,53,55,HANDWRITTEN_CPP,False,CPP_UNVERIFIED,B_DIRECT_MIGRATION,ordinary C++ control/data-flow without detected boundary
tests/native_type_test_generated.h,x_,58,60,HANDWRITTEN_CPP,False,CPP_UNVERIFIED,B_DIRECT_MIGRATION,ordinary C++ control/data-flow without detected boundary
tests/native_type_test_generated.h,mutate_x,65,65,HANDWRITTEN_CPP,False,CPP_UNVERIFIED,B_DIRECT_MIGRATION,ordinary C++ control/data-flow without detected boundary
tests/native_type_test_generated.h,mutate_y,71,71,HANDWRITTEN_CPP,False,CPP_UNVERIFIED,B_DIRECT_MIGRATION,ordinary C++ control/data-flow without detected boundary
tests/native_type_test_generated.h,mutate_z,77,77,HANDWRITTEN_CPP,False,CPP_UNVERIFIED,B_DIRECT_MIGRATION,ordinary C++ control/data-flow without detected boundary
tests/native_type_test_generated.h,a_,94,96,HANDWRITTEN_CPP,False,CPP_UNVERIFIED,B_DIRECT_MIGRATION,ordinary C++ control/data-flow without detected boundary
tests/native_type_test_generated.h,a_,99,101,HANDWRITTEN_CPP,False,CPP_UNVERIFIED,B_DIRECT_MIGRATION,ordinary C++ control/data-flow without detected boundary
tests/native_type_test_generated.h,mutate_a,106,106,HANDWRITTEN_CPP,False,CPP_UNVERIFIED,B_DIRECT_MIGRATION,ordinary C++ control/data-flow without detected boundary
tests/native_type_test_generated.h,mutate_b,112,112,HANDWRITTEN_CPP,False,CPP_UNVERIFIED,B_DIRECT_MIGRATION,ordinary C++ control/data-flow without detected boundary
tests/native_type_test_generated.h,mutate_c,118,118,HANDWRITTEN_CPP,False,CPP_UNVERIFIED,B_DIRECT_MIGRATION,ordinary C++ control/data-flow without detected boundary
tests/native_type_test_generated.h,mutate_rows,138,138,HANDWRITTEN_CPP,False,CPP_UNVERIFIED,B_DIRECT_MIGRATION,ordinary C++ control/data-flow without detected boundary
tests/native_type_test_generated.h,mutate_columns,144,144,HANDWRITTEN_CPP,False,CPP_UNVERIFIED,B_DIRECT_MIGRATION,ordinary C++ control/data-flow without detected boundary
tests/native_type_test_generated.h,add_rows,171,171,HANDWRITTEN_CPP,False,CPP_UNVERIFIED,B_DIRECT_MIGRATION,ordinary C++ control/data-flow without detected boundary
tests/native_type_test_generated.h,add_columns,174,174,HANDWRITTEN_CPP,False,CPP_UNVERIFIED,B_DIRECT_MIGRATION,ordinary C++ control/data-flow without detected boundary
tests/native_type_test_generated.h,add_values,177,177,HANDWRITTEN_CPP,False,CPP_UNVERIFIED,B_DIRECT_MIGRATION,ordinary C++ control/data-flow without detected boundary
tests/native_type_test_generated.h,MatrixBuilder,180,181,HANDWRITTEN_CPP,False,CPP_UNVERIFIED,B_DIRECT_MIGRATION,ordinary C++ control/data-flow without detected boundary
tests/native_type_test_generated.h,Finish,184,184,HANDWRITTEN_CPP,False,CPP_UNVERIFIED,B_DIRECT_MIGRATION,ordinary C++ control/data-flow without detected boundary
tests/native_type_test_generated.h,CreateMatrix,190,195,HANDWRITTEN_CPP,False,CPP_UNVERIFIED,B_DIRECT_MIGRATION,ordinary C++ control/data-flow without detected boundary
tests/native_type_test_generated.h,CreateMatrixDirect,202,207,HANDWRITTEN_CPP,False,CPP_UNVERIFIED,B_DIRECT_MIGRATION,ordinary C++ control/data-flow without detected boundary
tests/native_type_test_generated.h,add_vectors,307,307,HANDWRITTEN_CPP,False,CPP_UNVERIFIED,B_DIRECT_MIGRATION,ordinary C++ control/data-flow without detected boundary
tests/native_type_test_generated.h,add_vectors_alt,310,310,HANDWRITTEN_CPP,False,CPP_UNVERIFIED,B_DIRECT_MIGRATION,ordinary C++ control/data-flow without detected boundary
tests/native_type_test_generated.h,add_position,313,313,HANDWRITTEN_CPP,False,CPP_UNVERIFIED,B_DIRECT_MIGRATION,ordinary C++ control/data-flow without detected boundary
tests/native_type_test_generated.h,add_position_inline,316,316,HANDWRITTEN_CPP,False,CPP_UNVERIFIED,B_DIRECT_MIGRATION,ordinary C++ control/data-flow without detected boundary
tests/native_type_test_generated.h,add_matrix,319,319,HANDWRITTEN_CPP,False,CPP_UNVERIFIED,B_DIRECT_MIGRATION,ordinary C++ control/data-flow without detected boundary
tests/native_type_test_generated.h,add_matrices,322,322,HANDWRITTEN_CPP,False,CPP_UNVERIFIED,B_DIRECT_MIGRATION,ordinary C++ control/data-flow without detected boundary
tests/native_type_test_generated.h,ApplicationDataBuilder,325,326,HANDWRITTEN_CPP,False,CPP_UNVERIFIED,B_DIRECT_MIGRATION,ordinary C++ control/data-flow without detected boundary
tests/native_type_test_generated.h,Finish,329,329,HANDWRITTEN_CPP,False,CPP_UNVERIFIED,B_DIRECT_MIGRATION,ordinary C++ control/data-flow without detected boundary
tests/native_type_test_generated.h,CreateApplicationData,335,343,HANDWRITTEN_CPP,False,CPP_UNVERIFIED,B_DIRECT_MIGRATION,ordinary C++ control/data-flow without detected boundary
tests/native_type_test_generated.h,CreateApplicationDataDirect,353,361,HANDWRITTEN_CPP,False,CPP_UNVERIFIED,B_DIRECT_MIGRATION,ordinary C++ control/data-flow without detected boundary
tests/native_type_test_generated.h,CreateMatrix,382,383,HANDWRITTEN_CPP,False,CPP_UNVERIFIED,B_DIRECT_MIGRATION,ordinary C++ control/data-flow without detected boundary
tests/native_type_test_generated.h,vectors,404,408,HANDWRITTEN_CPP,False,CPP_UNVERIFIED,B_DIRECT_MIGRATION,ordinary C++ control/data-flow without detected boundary
tests/native_type_test_generated.h,CreateApplicationData,439,440,HANDWRITTEN_CPP,False,CPP_UNVERIFIED,B_DIRECT_MIGRATION,ordinary C++ control/data-flow without detected boundary
tests/native_type_test_generated.h,VerifyApplicationDataBuffer,562,563,HANDWRITTEN_CPP,False,CPP_UNVERIFIED,B_DIRECT_MIGRATION,ordinary C++ control/data-flow without detected boundary
tests/native_type_test_generated.h,VerifySizePrefixedApplicationDataBuffer,568,569,HANDWRITTEN_CPP,False,CPP_UNVERIFIED,B_DIRECT_MIGRATION,ordinary C++ control/data-flow without detected boundary
tests/native_type_test_generated.h,FinishApplicationDataBuffer,572,575,HANDWRITTEN_CPP,False,CPP_UNVERIFIED,B_DIRECT_MIGRATION,ordinary C++ control/data-flow without detected boundary
tests/native_type_test_generated.h,FinishSizePrefixedApplicationDataBuffer,578,581,HANDWRITTEN_CPP,False,CPP_UNVERIFIED,B_DIRECT_MIGRATION,ordinary C++ control/data-flow without detected boundary
tests/native_type_test_generated.h,UnPackApplicationData,584,587,HANDWRITTEN_CPP,False,CPP_UNVERIFIED,C_LOCAL_REFACTOR,"ownership, callback, threading, or template shape"
tests/native_type_test_generated.h,UnPackSizePrefixedApplicationData,590,593,HANDWRITTEN_CPP,False,CPP_UNVERIFIED,C_LOCAL_REFACTOR,"ownership, callback, threading, or template shape"
tests/native_type_test_impl.cpp,Pack,6,6,HANDWRITTEN_CPP,False,CPP_UNVERIFIED,B_DIRECT_MIGRATION,ordinary C++ control/data-flow without detected boundary
tests/native_type_test_impl.cpp,UnPack,9,10,HANDWRITTEN_CPP,False,CPP_UNVERIFIED,B_DIRECT_MIGRATION,ordinary C++ control/data-flow without detected boundary
tests/native_type_test_impl.cpp,PackVector3DAlt,13,14,HANDWRITTEN_CPP,False,CPP_UNVERIFIED,B_DIRECT_MIGRATION,ordinary C++ control/data-flow without detected boundary
tests/native_type_test_impl.cpp,UnPackVector3DAlt,17,18,HANDWRITTEN_CPP,False,CPP_UNVERIFIED,B_DIRECT_MIGRATION,ordinary C++ control/data-flow without detected boundary
tests/optional_scalars_generated.h,mutate_just_i8,147,147,HANDWRITTEN_CPP,False,CPP_UNVERIFIED,B_DIRECT_MIGRATION,ordinary C++ control/data-flow without detected boundary
tests/optional_scalars_generated.h,mutate_maybe_i8,153,153,HANDWRITTEN_CPP,False,CPP_UNVERIFIED,B_DIRECT_MIGRATION,ordinary C++ control/data-flow without detected boundary
tests/optional_scalars_generated.h,mutate_default_i8,159,159,HANDWRITTEN_CPP,False,CPP_UNVERIFIED,B_DIRECT_MIGRATION,ordinary C++ control/data-flow without detected boundary
tests/optional_scalars_generated.h,mutate_just_u8,165,165,HANDWRITTEN_CPP,False,CPP_UNVERIFIED,B_DIRECT_MIGRATION,ordinary C++ control/data-flow without detected boundary
tests/optional_scalars_generated.h,mutate_maybe_u8,171,171,HANDWRITTEN_CPP,False,CPP_UNVERIFIED,B_DIRECT_MIGRATION,ordinary C++ control/data-flow without detected boundary
tests/optional_scalars_generated.h,mutate_default_u8,177,177,HANDWRITTEN_CPP,False,CPP_UNVERIFIED,B_DIRECT_MIGRATION,ordinary C++ control/data-flow without detected boundary
tests/optional_scalars_generated.h,mutate_just_i16,183,183,HANDWRITTEN_CPP,False,CPP_UNVERIFIED,B_DIRECT_MIGRATION,ordinary C++ control/data-flow without detected boundary
tests/optional_scalars_generated.h,mutate_maybe_i16,189,189,HANDWRITTEN_CPP,False,CPP_UNVERIFIED,B_DIRECT_MIGRATION,ordinary C++ control/data-flow without detected boundary
tests/optional_scalars_generated.h,mutate_default_i16,195,195,HANDWRITTEN_CPP,False,CPP_UNVERIFIED,B_DIRECT_MIGRATION,ordinary C++ control/data-flow without detected boundary
tests/optional_scalars_generated.h,mutate_just_u16,201,201,HANDWRITTEN_CPP,False,CPP_UNVERIFIED,B_DIRECT_MIGRATION,ordinary C++ control/data-flow without detected boundary
tests/optional_scalars_generated.h,mutate_maybe_u16,207,207,HANDWRITTEN_CPP,False,CPP_UNVERIFIED,B_DIRECT_MIGRATION,ordinary C++ control/data-flow without detected boundary
tests/optional_scalars_generated.h,mutate_default_u16,213,213,HANDWRITTEN_CPP,False,CPP_UNVERIFIED,B_DIRECT_MIGRATION,ordinary C++ control/data-flow without detected boundary
tests/optional_scalars_generated.h,mutate_just_i32,219,219,HANDWRITTEN_CPP,False,CPP_UNVERIFIED,B_DIRECT_MIGRATION,ordinary C++ control/data-flow without detected boundary
tests/optional_scalars_generated.h,mutate_maybe_i32,225,225,HANDWRITTEN_CPP,False,CPP_UNVERIFIED,B_DIRECT_MIGRATION,ordinary C++ control/data-flow without detected boundary
tests/optional_scalars_generated.h,mutate_default_i32,231,231,HANDWRITTEN_CPP,False,CPP_UNVERIFIED,B_DIRECT_MIGRATION,ordinary C++ control/data-flow without detected boundary
tests/optional_scalars_generated.h,mutate_just_u32,237,237,HANDWRITTEN_CPP,False,CPP_UNVERIFIED,B_DIRECT_MIGRATION,ordinary C++ control/data-flow without detected boundary
tests/optional_scalars_generated.h,mutate_maybe_u32,243,243,HANDWRITTEN_CPP,False,CPP_UNVERIFIED,B_DIRECT_MIGRATION,ordinary C++ control/data-flow without detected boundary
tests/optional_scalars_generated.h,mutate_default_u32,249,249,HANDWRITTEN_CPP,False,CPP_UNVERIFIED,B_DIRECT_MIGRATION,ordinary C++ control/data-flow without detected boundary
tests/optional_scalars_generated.h,mutate_just_i64,255,255,HANDWRITTEN_CPP,False,CPP_UNVERIFIED,B_DIRECT_MIGRATION,ordinary C++ control/data-flow without detected boundary
tests/optional_scalars_generated.h,mutate_maybe_i64,261,261,HANDWRITTEN_CPP,False,CPP_UNVERIFIED,B_DIRECT_MIGRATION,ordinary C++ control/data-flow without detected boundary
tests/optional_scalars_generated.h,mutate_default_i64,267,267,HANDWRITTEN_CPP,False,CPP_UNVERIFIED,B_DIRECT_MIGRATION,ordinary C++ control/data-flow without detected boundary
tests/optional_scalars_generated.h,mutate_just_u64,273,273,HANDWRITTEN_CPP,False,CPP_UNVERIFIED,B_DIRECT_MIGRATION,ordinary C++ control/data-flow without detected boundary
tests/optional_scalars_generated.h,mutate_maybe_u64,279,279,HANDWRITTEN_CPP,False,CPP_UNVERIFIED,B_DIRECT_MIGRATION,ordinary C++ control/data-flow without detected boundary
tests/optional_scalars_generated.h,mutate_default_u64,285,285,HANDWRITTEN_CPP,False,CPP_UNVERIFIED,B_DIRECT_MIGRATION,ordinary C++ control/data-flow without detected boundary
tests/optional_scalars_generated.h,mutate_just_f32,291,291,HANDWRITTEN_CPP,False,CPP_UNVERIFIED,B_DIRECT_MIGRATION,ordinary C++ control/data-flow without detected boundary
tests/optional_scalars_generated.h,mutate_maybe_f32,297,297,HANDWRITTEN_CPP,False,CPP_UNVERIFIED,B_DIRECT_MIGRATION,ordinary C++ control/data-flow without detected boundary
tests/optional_scalars_generated.h,mutate_default_f32,303,303,HANDWRITTEN_CPP,False,CPP_UNVERIFIED,B_DIRECT_MIGRATION,ordinary C++ control/data-flow without detected boundary
tests/optional_scalars_generated.h,mutate_just_f64,309,309,HANDWRITTEN_CPP,False,CPP_UNVERIFIED,B_DIRECT_MIGRATION,ordinary C++ control/data-flow without detected boundary
tests/optional_scalars_generated.h,mutate_maybe_f64,315,315,HANDWRITTEN_CPP,False,CPP_UNVERIFIED,B_DIRECT_MIGRATION,ordinary C++ control/data-flow without detected boundary
tests/optional_scalars_generated.h,mutate_default_f64,321,321,HANDWRITTEN_CPP,False,CPP_UNVERIFIED,B_DIRECT_MIGRATION,ordinary C++ control/data-flow without detected boundary
tests/optional_scalars_generated.h,mutate_just_bool,327,327,HANDWRITTEN_CPP,False,CPP_UNVERIFIED,B_DIRECT_MIGRATION,ordinary C++ control/data-flow without detected boundary
tests/optional_scalars_generated.h,mutate_maybe_bool,333,333,HANDWRITTEN_CPP,False,CPP_UNVERIFIED,B_DIRECT_MIGRATION,ordinary C++ control/data-flow without detected boundary
tests/optional_scalars_generated.h,mutate_default_bool,339,339,HANDWRITTEN_CPP,False,CPP_UNVERIFIED,B_DIRECT_MIGRATION,ordinary C++ control/data-flow without detected boundary
tests/optional_scalars_generated.h,mutate_just_enum,345,345,HANDWRITTEN_CPP,False,CPP_UNVERIFIED,B_DIRECT_MIGRATION,ordinary C++ control/data-flow without detected boundary
tests/optional_scalars_generated.h,mutate_maybe_enum,351,351,HANDWRITTEN_CPP,False,CPP_UNVERIFIED,B_DIRECT_MIGRATION,ordinary C++ control/data-flow without detected boundary
tests/optional_scalars_generated.h,mutate_default_enum,357,357,HANDWRITTEN_CPP,False,CPP_UNVERIFIED,B_DIRECT_MIGRATION,ordinary C++ control/data-flow without detected boundary
tests/optional_scalars_generated.h,add_just_i8,410,410,HANDWRITTEN_CPP,False,CPP_UNVERIFIED,B_DIRECT_MIGRATION,ordinary C++ control/data-flow without detected boundary
tests/optional_scalars_generated.h,add_maybe_i8,413,413,HANDWRITTEN_CPP,False,CPP_UNVERIFIED,B_DIRECT_MIGRATION,ordinary C++ control/data-flow without detected boundary
tests/optional_scalars_generated.h,add_default_i8,416,416,HANDWRITTEN_CPP,False,CPP_UNVERIFIED,B_DIRECT_MIGRATION,ordinary C++ control/data-flow without detected boundary
tests/optional_scalars_generated.h,add_just_u8,419,419,HANDWRITTEN_CPP,False,CPP_UNVERIFIED,B_DIRECT_MIGRATION,ordinary C++ control/data-flow without detected boundary
tests/optional_scalars_generated.h,add_maybe_u8,422,422,HANDWRITTEN_CPP,False,CPP_UNVERIFIED,B_DIRECT_MIGRATION,ordinary C++ control/data-flow without detected boundary
tests/optional_scalars_generated.h,add_default_u8,425,425,HANDWRITTEN_CPP,False,CPP_UNVERIFIED,B_DIRECT_MIGRATION,ordinary C++ control/data-flow without detected boundary
tests/optional_scalars_generated.h,add_just_i16,428,428,HANDWRITTEN_CPP,False,CPP_UNVERIFIED,B_DIRECT_MIGRATION,ordinary C++ control/data-flow without detected boundary
tests/optional_scalars_generated.h,add_maybe_i16,431,431,HANDWRITTEN_CPP,False,CPP_UNVERIFIED,B_DIRECT_MIGRATION,ordinary C++ control/data-flow without detected boundary
tests/optional_scalars_generated.h,add_default_i16,434,434,HANDWRITTEN_CPP,False,CPP_UNVERIFIED,B_DIRECT_MIGRATION,ordinary C++ control/data-flow without detected boundary
tests/optional_scalars_generated.h,add_just_u16,437,437,HANDWRITTEN_CPP,False,CPP_UNVERIFIED,B_DIRECT_MIGRATION,ordinary C++ control/data-flow without detected boundary
tests/optional_scalars_generated.h,add_maybe_u16,440,440,HANDWRITTEN_CPP,False,CPP_UNVERIFIED,B_DIRECT_MIGRATION,ordinary C++ control/data-flow without detected boundary
tests/optional_scalars_generated.h,add_default_u16,443,443,HANDWRITTEN_CPP,False,CPP_UNVERIFIED,B_DIRECT_MIGRATION,ordinary C++ control/data-flow without detected boundary
tests/optional_scalars_generated.h,add_just_i32,446,446,HANDWRITTEN_CPP,False,CPP_UNVERIFIED,B_DIRECT_MIGRATION,ordinary C++ control/data-flow without detected boundary
tests/optional_scalars_generated.h,add_maybe_i32,449,449,HANDWRITTEN_CPP,False,CPP_UNVERIFIED,B_DIRECT_MIGRATION,ordinary C++ control/data-flow without detected boundary
tests/optional_scalars_generated.h,add_default_i32,452,452,HANDWRITTEN_CPP,False,CPP_UNVERIFIED,B_DIRECT_MIGRATION,ordinary C++ control/data-flow without detected boundary
tests/optional_scalars_generated.h,add_just_u32,455,455,HANDWRITTEN_CPP,False,CPP_UNVERIFIED,B_DIRECT_MIGRATION,ordinary C++ control/data-flow without detected boundary
tests/optional_scalars_generated.h,add_maybe_u32,458,458,HANDWRITTEN_CPP,False,CPP_UNVERIFIED,B_DIRECT_MIGRATION,ordinary C++ control/data-flow without detected boundary
tests/optional_scalars_generated.h,add_default_u32,461,461,HANDWRITTEN_CPP,False,CPP_UNVERIFIED,B_DIRECT_MIGRATION,ordinary C++ control/data-flow without detected boundary
tests/optional_scalars_generated.h,add_just_i64,464,464,HANDWRITTEN_CPP,False,CPP_UNVERIFIED,B_DIRECT_MIGRATION,ordinary C++ control/data-flow without detected boundary
tests/optional_scalars_generated.h,add_maybe_i64,467,467,HANDWRITTEN_CPP,False,CPP_UNVERIFIED,B_DIRECT_MIGRATION,ordinary C++ control/data-flow without detected boundary
tests/optional_scalars_generated.h,add_default_i64,470,470,HANDWRITTEN_CPP,False,CPP_UNVERIFIED,B_DIRECT_MIGRATION,ordinary C++ control/data-flow without detected boundary
tests/optional_scalars_generated.h,add_just_u64,473,473,HANDWRITTEN_CPP,False,CPP_UNVERIFIED,B_DIRECT_MIGRATION,ordinary C++ control/data-flow without detected boundary
tests/optional_scalars_generated.h,add_maybe_u64,476,476,HANDWRITTEN_CPP,False,CPP_UNVERIFIED,B_DIRECT_MIGRATION,ordinary C++ control/data-flow without detected boundary
tests/optional_scalars_generated.h,add_default_u64,479,479,HANDWRITTEN_CPP,False,CPP_UNVERIFIED,B_DIRECT_MIGRATION,ordinary C++ control/data-flow without detected boundary
tests/optional_scalars_generated.h,add_just_f32,482,482,HANDWRITTEN_CPP,False,CPP_UNVERIFIED,B_DIRECT_MIGRATION,ordinary C++ control/data-flow without detected boundary
tests/optional_scalars_generated.h,add_maybe_f32,485,485,HANDWRITTEN_CPP,False,CPP_UNVERIFIED,B_DIRECT_MIGRATION,ordinary C++ control/data-flow without detected boundary
tests/optional_scalars_generated.h,add_default_f32,488,488,HANDWRITTEN_CPP,False,CPP_UNVERIFIED,B_DIRECT_MIGRATION,ordinary C++ control/data-flow without detected boundary
tests/optional_scalars_generated.h,add_just_f64,491,491,HANDWRITTEN_CPP,False,CPP_UNVERIFIED,B_DIRECT_MIGRATION,ordinary C++ control/data-flow without detected boundary
tests/optional_scalars_generated.h,add_maybe_f64,494,494,HANDWRITTEN_CPP,False,CPP_UNVERIFIED,B_DIRECT_MIGRATION,ordinary C++ control/data-flow without detected boundary
tests/optional_scalars_generated.h,add_default_f64,497,497,HANDWRITTEN_CPP,False,CPP_UNVERIFIED,B_DIRECT_MIGRATION,ordinary C++ control/data-flow without detected boundary
tests/optional_scalars_generated.h,add_just_bool,500,500,HANDWRITTEN_CPP,False,CPP_UNVERIFIED,B_DIRECT_MIGRATION,ordinary C++ control/data-flow without detected boundary
tests/optional_scalars_generated.h,add_maybe_bool,503,503,HANDWRITTEN_CPP,False,CPP_UNVERIFIED,B_DIRECT_MIGRATION,ordinary C++ control/data-flow without detected boundary
tests/optional_scalars_generated.h,add_default_bool,506,506,HANDWRITTEN_CPP,False,CPP_UNVERIFIED,B_DIRECT_MIGRATION,ordinary C++ control/data-flow without detected boundary
tests/optional_scalars_generated.h,add_just_enum,509,509,HANDWRITTEN_CPP,False,CPP_UNVERIFIED,B_DIRECT_MIGRATION,ordinary C++ control/data-flow without detected boundary
tests/optional_scalars_generated.h,add_maybe_enum,512,512,HANDWRITTEN_CPP,False,CPP_UNVERIFIED,B_DIRECT_MIGRATION,ordinary C++ control/data-flow without detected boundary
tests/optional_scalars_generated.h,add_default_enum,515,515,HANDWRITTEN_CPP,False,CPP_UNVERIFIED,B_DIRECT_MIGRATION,ordinary C++ control/data-flow without detected boundary
tests/optional_scalars_generated.h,ScalarStuffBuilder,518,519,HANDWRITTEN_CPP,False,CPP_UNVERIFIED,B_DIRECT_MIGRATION,ordinary C++ control/data-flow without detected boundary
tests/optional_scalars_generated.h,Finish,522,522,HANDWRITTEN_CPP,False,CPP_UNVERIFIED,B_DIRECT_MIGRATION,ordinary C++ control/data-flow without detected boundary
tests/optional_scalars_generated.h,CreateScalarStuff,528,566,HANDWRITTEN_CPP,False,CPP_UNVERIFIED,B_DIRECT_MIGRATION,ordinary C++ control/data-flow without detected boundary
tests/optional_scalars_generated.h,CreateScalarStuff,701,702,HANDWRITTEN_CPP,False,CPP_UNVERIFIED,B_DIRECT_MIGRATION,ordinary C++ control/data-flow without detected boundary
tests/optional_scalars_generated.h,ScalarStuffBufferHasIdentifier,911,912,HANDWRITTEN_CPP,False,CPP_UNVERIFIED,B_DIRECT_MIGRATION,ordinary C++ control/data-flow without detected boundary
tests/optional_scalars_generated.h,SizePrefixedScalarStuffBufferHasIdentifier,916,917,HANDWRITTEN_CPP,False,CPP_UNVERIFIED,B_DIRECT_MIGRATION,ordinary C++ control/data-flow without detected boundary
tests/optional_scalars_generated.h,VerifyScalarStuffBuffer,923,924,HANDWRITTEN_CPP,False,CPP_UNVERIFIED,B_DIRECT_MIGRATION,ordinary C++ control/data-flow without detected boundary
tests/optional_scalars_generated.h,VerifySizePrefixedScalarStuffBuffer,929,930,HANDWRITTEN_CPP,False,CPP_UNVERIFIED,B_DIRECT_MIGRATION,ordinary C++ control/data-flow without detected boundary
tests/optional_scalars_generated.h,FinishScalarStuffBuffer,937,940,HANDWRITTEN_CPP,False,CPP_UNVERIFIED,B_DIRECT_MIGRATION,ordinary C++ control/data-flow without detected boundary
tests/optional_scalars_generated.h,FinishSizePrefixedScalarStuffBuffer,943,946,HANDWRITTEN_CPP,False,CPP_UNVERIFIED,B_DIRECT_MIGRATION,ordinary C++ control/data-flow without detected boundary
tests/optional_scalars_generated.h,UnPackScalarStuff,949,952,HANDWRITTEN_CPP,False,CPP_UNVERIFIED,C_LOCAL_REFACTOR,"ownership, callback, threading, or template shape"
tests/optional_scalars_generated.h,UnPackSizePrefixedScalarStuff,955,958,HANDWRITTEN_CPP,False,CPP_UNVERIFIED,C_LOCAL_REFACTOR,"ownership, callback, threading, or template shape"
tests/optional_scalars_test.cpp,OptionalScalarsTest,12,13,HANDWRITTEN_CPP,False,CPP_UNVERIFIED,B_DIRECT_MIGRATION,ordinary C++ control/data-flow without detected boundary
tests/parser_test.cpp,TestError_,19,21,HANDWRITTEN_CPP,False,CPP_UNVERIFIED,B_DIRECT_MIGRATION,ordinary C++ control/data-flow without detected boundary
tests/parser_test.cpp,TestError_,35,37,HANDWRITTEN_CPP,False,CPP_UNVERIFIED,B_DIRECT_MIGRATION,ordinary C++ control/data-flow without detected boundary
tests/parser_test.cpp,FloatCompare,48,49,HANDWRITTEN_CPP,False,CPP_UNVERIFIED,B_DIRECT_MIGRATION,ordinary C++ control/data-flow without detected boundary
tests/parser_test.cpp,ErrorTest,55,55,HANDWRITTEN_CPP,False,CPP_UNVERIFIED,B_DIRECT_MIGRATION,ordinary C++ control/data-flow without detected boundary
tests/parser_test.cpp,EnumOutOfRangeTest,157,158,HANDWRITTEN_CPP,False,CPP_UNVERIFIED,B_DIRECT_MIGRATION,ordinary C++ control/data-flow without detected boundary
tests/parser_test.cpp,IntegerOutOfRangeTest,182,183,HANDWRITTEN_CPP,False,CPP_UNVERIFIED,B_DIRECT_MIGRATION,ordinary C++ control/data-flow without detected boundary
tests/parser_test.cpp,InvalidFloatTest,250,251,HANDWRITTEN_CPP,False,CPP_UNVERIFIED,B_DIRECT_MIGRATION,ordinary C++ control/data-flow without detected boundary
tests/parser_test.cpp,UnicodeInvalidSurrogatesTest,319,320,HANDWRITTEN_CPP,False,CPP_UNVERIFIED,B_DIRECT_MIGRATION,ordinary C++ control/data-flow without detected boundary
tests/parser_test.cpp,InvalidUTF8Test,347,348,HANDWRITTEN_CPP,False,CPP_UNVERIFIED,B_DIRECT_MIGRATION,ordinary C++ control/data-flow without detected boundary
tests/parser_test.cpp,TestValue,464,467,HANDWRITTEN_CPP,False,CPP_UNVERIFIED,B_DIRECT_MIGRATION,ordinary C++ control/data-flow without detected boundary
tests/parser_test.cpp,ValueTest,501,501,HANDWRITTEN_CPP,False,CPP_UNVERIFIED,B_DIRECT_MIGRATION,ordinary C++ control/data-flow without detected boundary
tests/parser_test.cpp,NestedListTest,544,545,HANDWRITTEN_CPP,False,CPP_UNVERIFIED,B_DIRECT_MIGRATION,ordinary C++ control/data-flow without detected boundary
tests/parser_test.cpp,EnumStringsTest,552,553,HANDWRITTEN_CPP,False,CPP_UNVERIFIED,B_DIRECT_MIGRATION,ordinary C++ control/data-flow without detected boundary
tests/parser_test.cpp,EnumValueTest,572,573,HANDWRITTEN_CPP,False,CPP_UNVERIFIED,B_DIRECT_MIGRATION,ordinary C++ control/data-flow without detected boundary
tests/parser_test.cpp,IntegerBoundaryTest,601,602,HANDWRITTEN_CPP,False,CPP_UNVERIFIED,B_DIRECT_MIGRATION,ordinary C++ control/data-flow without detected boundary
tests/parser_test.cpp,ValidFloatTest,650,651,HANDWRITTEN_CPP,False,CPP_UNVERIFIED,B_DIRECT_MIGRATION,ordinary C++ control/data-flow without detected boundary
tests/parser_test.cpp,UnicodeTest,733,734,HANDWRITTEN_CPP,False,CPP_UNVERIFIED,B_DIRECT_MIGRATION,ordinary C++ control/data-flow without detected boundary
tests/parser_test.cpp,UnicodeTestAllowNonUTF8,752,753,HANDWRITTEN_CPP,False,CPP_UNVERIFIED,B_DIRECT_MIGRATION,ordinary C++ control/data-flow without detected boundary
tests/parser_test.cpp,UnicodeTestGenerateTextFailsOnNonUTF8,772,773,HANDWRITTEN_CPP,False,CPP_UNVERIFIED,B_DIRECT_MIGRATION,ordinary C++ control/data-flow without detected boundary
tests/parser_test.cpp,UnicodeSurrogatesTest,793,794,HANDWRITTEN_CPP,False,CPP_UNVERIFIED,B_DIRECT_MIGRATION,ordinary C++ control/data-flow without detected boundary
tests/parser_test.cpp,UnknownFieldsTest,807,808,HANDWRITTEN_CPP,False,CPP_UNVERIFIED,B_DIRECT_MIGRATION,ordinary C++ control/data-flow without detected boundary
tests/parser_test.cpp,ParseUnionTest,832,833,HANDWRITTEN_CPP,False,CPP_UNVERIFIED,B_DIRECT_MIGRATION,ordinary C++ control/data-flow without detected boundary
tests/parser_test.cpp,ValidSameNameDifferentNamespaceTest,861,862,HANDWRITTEN_CPP,False,CPP_UNVERIFIED,B_DIRECT_MIGRATION,ordinary C++ control/data-flow without detected boundary
tests/parser_test.cpp,WarningsAsErrorsTest,875,876,HANDWRITTEN_CPP,False,CPP_UNVERIFIED,B_DIRECT_MIGRATION,ordinary C++ control/data-flow without detected boundary
tests/parser_test.cpp,StringVectorDefaultsTest,894,895,HANDWRITTEN_CPP,False,CPP_UNVERIFIED,B_DIRECT_MIGRATION,ordinary C++ control/data-flow without detected boundary
tests/parser_test.cpp,FieldIdentifierTest,912,913,HANDWRITTEN_CPP,False,CPP_UNVERIFIED,B_DIRECT_MIGRATION,ordinary C++ control/data-flow without detected boundary
tests/proto_test.cpp,RunTest,9,12,HANDWRITTEN_CPP,False,CPP_UNVERIFIED,D_BOUNDARY,external/runtime/raw-pointer boundary
tests/proto_test.cpp,proto_test,50,51,HANDWRITTEN_CPP,False,CPP_UNVERIFIED,B_DIRECT_MIGRATION,ordinary C++ control/data-flow without detected boundary
tests/proto_test.cpp,proto_test_id,65,67,HANDWRITTEN_CPP,False,CPP_UNVERIFIED,B_DIRECT_MIGRATION,ordinary C++ control/data-flow without detected boundary
tests/proto_test.cpp,proto_test_union,82,84,HANDWRITTEN_CPP,False,CPP_UNVERIFIED,B_DIRECT_MIGRATION,ordinary C++ control/data-flow without detected boundary
tests/proto_test.cpp,proto_test_union_id,98,100,HANDWRITTEN_CPP,False,CPP_UNVERIFIED,B_DIRECT_MIGRATION,ordinary C++ control/data-flow without detected boundary
tests/proto_test.cpp,proto_test_union_suffix,116,118,HANDWRITTEN_CPP,False,CPP_UNVERIFIED,B_DIRECT_MIGRATION,ordinary C++ control/data-flow without detected boundary
tests/proto_test.cpp,proto_test_union_suffix_id,133,135,HANDWRITTEN_CPP,False,CPP_UNVERIFIED,B_DIRECT_MIGRATION,ordinary C++ control/data-flow without detected boundary
tests/proto_test.cpp,proto_test_include,151,154,HANDWRITTEN_CPP,False,CPP_UNVERIFIED,B_DIRECT_MIGRATION,ordinary C++ control/data-flow without detected boundary
tests/proto_test.cpp,proto_test_include_id,168,171,HANDWRITTEN_CPP,False,CPP_UNVERIFIED,B_DIRECT_MIGRATION,ordinary C++ control/data-flow without detected boundary
tests/proto_test.cpp,proto_test_include_union,186,189,HANDWRITTEN_CPP,False,CPP_UNVERIFIED,B_DIRECT_MIGRATION,ordinary C++ control/data-flow without detected boundary
tests/proto_test.cpp,proto_test_include_union_id,204,207,HANDWRITTEN_CPP,False,CPP_UNVERIFIED,B_DIRECT_MIGRATION,ordinary C++ control/data-flow without detected boundary
tests/proto_test.cpp,ParseCorruptedProto,223,224,HANDWRITTEN_CPP,False,CPP_UNVERIFIED,D_BOUNDARY,external/runtime/raw-pointer boundary
tests/proto_test.cpp,ParseProtoTest,285,285,HANDWRITTEN_CPP,False,CPP_UNVERIFIED,B_DIRECT_MIGRATION,ordinary C++ control/data-flow without detected boundary
tests/proto_test.cpp,ParseProtoBufAsciiTest,313,314,HANDWRITTEN_CPP,False,CPP_UNVERIFIED,B_DIRECT_MIGRATION,ordinary C++ control/data-flow without detected boundary
tests/reflection_test.cpp,ReflectionTest,16,18,HANDWRITTEN_CPP,False,CPP_UNVERIFIED,D_BOUNDARY,external/runtime/raw-pointer boundary
tests/reflection_test.cpp,ForAllFieldsReverseTest,255,255,HANDWRITTEN_CPP,False,CPP_UNVERIFIED,D_BOUNDARY,external/runtime/raw-pointer boundary
tests/reflection_test.cpp,MiniReflectFlatBuffersTest,337,338,HANDWRITTEN_CPP,False,CPP_UNVERIFIED,B_DIRECT_MIGRATION,ordinary C++ control/data-flow without detected boundary
tests/reflection_test.cpp,MiniReflectFixedLengthArrayTest,387,388,HANDWRITTEN_CPP,False,CPP_UNVERIFIED,B_DIRECT_MIGRATION,ordinary C++ control/data-flow without detected boundary
tests/test.cpp,TriviallyCopyableTest,94,95,HANDWRITTEN_CPP,False,CPP_UNVERIFIED,B_DIRECT_MIGRATION,ordinary C++ control/data-flow without detected boundary
tests/test.cpp,GenerateTableTextTest,110,110,HANDWRITTEN_CPP,False,CPP_UNVERIFIED,D_BOUNDARY,external/runtime/raw-pointer boundary
tests/test.cpp,MultiFileNameClashTest,163,164,HANDWRITTEN_CPP,False,CPP_UNVERIFIED,D_BOUNDARY,external/runtime/raw-pointer boundary
tests/test.cpp,InvalidNestedFlatbufferTest,192,193,HANDWRITTEN_CPP,False,CPP_UNVERIFIED,D_BOUNDARY,external/runtime/raw-pointer boundary
tests/test.cpp,UnionVectorTest,211,212,HANDWRITTEN_CPP,False,CPP_UNVERIFIED,B_DIRECT_MIGRATION,ordinary C++ control/data-flow without detected boundary
tests/test.cpp,EndianSwapTest,403,404,HANDWRITTEN_CPP,False,CPP_UNVERIFIED,B_DIRECT_MIGRATION,ordinary C++ control/data-flow without detected boundary
tests/test.cpp,UninitializedVectorTest,412,413,HANDWRITTEN_CPP,False,CPP_UNVERIFIED,B_DIRECT_MIGRATION,ordinary C++ control/data-flow without detected boundary
tests/test.cpp,EqualOperatorTest,442,443,HANDWRITTEN_CPP,False,CPP_UNVERIFIED,C_LOCAL_REFACTOR,"ownership, callback, threading, or template shape"
tests/test.cpp,CreateSharedStringTest,549,550,HANDWRITTEN_CPP,False,CPP_UNVERIFIED,B_DIRECT_MIGRATION,ordinary C++ control/data-flow without detected boundary
tests/test.cpp,FlatbuffersSpanTest,607,607,HANDWRITTEN_CPP,False,CPP_UNVERIFIED,B_DIRECT_MIGRATION,ordinary C++ control/data-flow without detected boundary
tests/test.cpp,FlatbuffersSpanTest,686,686,HANDWRITTEN_CPP,False,CPP_UNVERIFIED,B_DIRECT_MIGRATION,ordinary C++ control/data-flow without detected boundary
tests/test.cpp,FixedLengthArrayTest,691,691,HANDWRITTEN_CPP,False,CPP_UNVERIFIED,D_BOUNDARY,external/runtime/raw-pointer boundary
tests/test.cpp,FixedLengthArrayTest,799,799,HANDWRITTEN_CPP,False,CPP_UNVERIFIED,B_DIRECT_MIGRATION,ordinary C++ control/data-flow without detected boundary
tests/test.cpp,FixedLengthArrayConstructorTest,804,804,HANDWRITTEN_CPP,False,CPP_UNVERIFIED,B_DIRECT_MIGRATION,ordinary C++ control/data-flow without detected boundary
tests/test.cpp,FixedLengthArrayConstructorTest,867,867,HANDWRITTEN_CPP,False,CPP_UNVERIFIED,B_DIRECT_MIGRATION,ordinary C++ control/data-flow without detected boundary
tests/test.cpp,FixedLengthArrayOperatorEqualTest,869,870,HANDWRITTEN_CPP,False,CPP_UNVERIFIED,B_DIRECT_MIGRATION,ordinary C++ control/data-flow without detected boundary
tests/test.cpp,NativeTypeTest,915,916,HANDWRITTEN_CPP,False,CPP_UNVERIFIED,C_LOCAL_REFACTOR,"ownership, callback, threading, or template shape"
tests/test.cpp,FixedLengthArrayJsonTest,986,986,HANDWRITTEN_CPP,False,CPP_UNVERIFIED,D_BOUNDARY,external/runtime/raw-pointer boundary
tests/test.cpp,FixedLengthArraySpanTest,1046,1047,HANDWRITTEN_CPP,False,CPP_UNVERIFIED,B_DIRECT_MIGRATION,ordinary C++ control/data-flow without detected boundary
tests/test.cpp,FixedLengthArrayJsonTest,1122,1122,HANDWRITTEN_CPP,False,CPP_UNVERIFIED,B_DIRECT_MIGRATION,ordinary C++ control/data-flow without detected boundary
tests/test.cpp,FixedLengthArraySpanTest,1123,1123,HANDWRITTEN_CPP,False,CPP_UNVERIFIED,B_DIRECT_MIGRATION,ordinary C++ control/data-flow without detected boundary
tests/test.cpp,TestEmbeddedBinarySchema,1125,1126,HANDWRITTEN_CPP,False,CPP_UNVERIFIED,B_DIRECT_MIGRATION,ordinary C++ control/data-flow without detected boundary
tests/test.cpp,EmbeddedSchemaAccessByType,1173,1175,HANDWRITTEN_CPP,False,CPP_UNVERIFIED,B_DIRECT_MIGRATION,ordinary C++ control/data-flow without detected boundary
tests/test.cpp,EmbeddedSchemaAccess,1188,1189,HANDWRITTEN_CPP,False,CPP_UNVERIFIED,B_DIRECT_MIGRATION,ordinary C++ control/data-flow without detected boundary
tests/test.cpp,NestedVerifierTest,1205,1206,HANDWRITTEN_CPP,False,CPP_UNVERIFIED,B_DIRECT_MIGRATION,ordinary C++ control/data-flow without detected boundary
tests/test.cpp,SizeVerifierTest,1292,1293,HANDWRITTEN_CPP,False,CPP_UNVERIFIED,D_BOUNDARY,external/runtime/raw-pointer boundary
tests/test.cpp,TestIterators,1323,1323,HANDWRITTEN_CPP,False,CPP_UNVERIFIED,B_DIRECT_MIGRATION,ordinary C++ control/data-flow without detected boundary
tests/test.cpp,FlatbuffersIteratorsTest,1343,1344,HANDWRITTEN_CPP,False,CPP_UNVERIFIED,B_DIRECT_MIGRATION,ordinary C++ control/data-flow without detected boundary
tests/test.cpp,PrivateAnnotationsLeaks,1380,1381,HANDWRITTEN_CPP,False,CPP_UNVERIFIED,B_DIRECT_MIGRATION,ordinary C++ control/data-flow without detected boundary
tests/test.cpp,VectorSpanTest,1503,1504,HANDWRITTEN_CPP,False,CPP_UNVERIFIED,B_DIRECT_MIGRATION,ordinary C++ control/data-flow without detected boundary
tests/test.cpp,NativeInlineTableVectorTest,1574,1575,HANDWRITTEN_CPP,False,CPP_UNVERIFIED,B_DIRECT_MIGRATION,ordinary C++ control/data-flow without detected boundary
tests/test.cpp,DoNotRequireEofTest,1601,1601,HANDWRITTEN_CPP,False,CPP_UNVERIFIED,D_BOUNDARY,external/runtime/raw-pointer boundary
tests/test.cpp,UnionUnderlyingTypeTest,1643,1644,HANDWRITTEN_CPP,False,CPP_UNVERIFIED,B_DIRECT_MIGRATION,ordinary C++ control/data-flow without detected boundary
tests/test.cpp,StructsInHashTableTest,1676,1677,HANDWRITTEN_CPP,False,CPP_UNVERIFIED,B_DIRECT_MIGRATION,ordinary C++ control/data-flow without detected boundary
tests/test.cpp,Offset64Tests,1710,1711,HANDWRITTEN_CPP,False,CPP_UNVERIFIED,B_DIRECT_MIGRATION,ordinary C++ control/data-flow without detected boundary
tests/test.cpp,CrossNamespacePackTest,1727,1727,HANDWRITTEN_CPP,False,CPP_UNVERIFIED,B_DIRECT_MIGRATION,ordinary C++ control/data-flow without detected boundary
tests/test.cpp,FlatBufferTests,1747,1748,HANDWRITTEN_CPP,False,CPP_UNVERIFIED,D_BOUNDARY,external/runtime/raw-pointer boundary
tests/test.cpp,main,1872,1873,HANDWRITTEN_CPP,False,CPP_UNVERIFIED,B_DIRECT_MIGRATION,ordinary C++ control/data-flow without detected boundary
tests/test_assert.cpp,TestFail,12,14,HANDWRITTEN_CPP,False,CPP_UNVERIFIED,B_DIRECT_MIGRATION,ordinary C++ control/data-flow without detected boundary
tests/test_assert.cpp,TestEqStr,26,28,HANDWRITTEN_CPP,False,CPP_UNVERIFIED,B_DIRECT_MIGRATION,ordinary C++ control/data-flow without detected boundary
tests/test_assert.cpp,InitTestEngine,38,39,HANDWRITTEN_CPP,False,CPP_UNVERIFIED,B_DIRECT_MIGRATION,ordinary C++ control/data-flow without detected boundary
tests/test_assert.cpp,CloseTestEngine,58,59,HANDWRITTEN_CPP,False,CPP_UNVERIFIED,B_DIRECT_MIGRATION,ordinary C++ control/data-flow without detected boundary
tests/test_assert.h,scalar_as_underlying,86,88,HANDWRITTEN_CPP,False,CPP_UNVERIFIED,B_DIRECT_MIGRATION,ordinary C++ control/data-flow without detected boundary
tests/test_assert.h,TestEq,93,94,HANDWRITTEN_CPP,False,CPP_UNVERIFIED,B_DIRECT_MIGRATION,ordinary C++ control/data-flow without detected boundary
tests/test_assert.h,TestNe,113,114,HANDWRITTEN_CPP,False,CPP_UNVERIFIED,B_DIRECT_MIGRATION,ordinary C++ control/data-flow without detected boundary
tests/test_builder.cpp,TestHeapBuilder,16,18,HANDWRITTEN_CPP,False,CPP_UNVERIFIED,B_DIRECT_MIGRATION,ordinary C++ control/data-flow without detected boundary
tests/test_builder.cpp,FlatBufferBuilder,21,21,HANDWRITTEN_CPP,False,CPP_UNVERIFIED,B_DIRECT_MIGRATION,ordinary C++ control/data-flow without detected boundary
tests/test_builder.cpp,GrpcLikeMessageBuilder,39,42,HANDWRITTEN_CPP,False,CPP_UNVERIFIED,B_DIRECT_MIGRATION,ordinary C++ control/data-flow without detected boundary
tests/test_builder.cpp,FlatBufferBuilder,45,45,HANDWRITTEN_CPP,False,CPP_UNVERIFIED,B_DIRECT_MIGRATION,ordinary C++ control/data-flow without detected boundary
tests/test_builder.cpp,Swap,56,57,HANDWRITTEN_CPP,False,CPP_UNVERIFIED,B_DIRECT_MIGRATION,ordinary C++ control/data-flow without detected boundary
tests/test_builder.cpp,populate1,68,70,HANDWRITTEN_CPP,False,CPP_UNVERIFIED,B_DIRECT_MIGRATION,ordinary C++ control/data-flow without detected boundary
tests/test_builder.cpp,populate2,74,76,HANDWRITTEN_CPP,False,CPP_UNVERIFIED,B_DIRECT_MIGRATION,ordinary C++ control/data-flow without detected boundary
tests/test_builder.cpp,free_raw,85,86,HANDWRITTEN_CPP,False,CPP_UNVERIFIED,B_DIRECT_MIGRATION,ordinary C++ control/data-flow without detected boundary
tests/test_builder.cpp,free_raw,96,97,HANDWRITTEN_CPP,False,CPP_UNVERIFIED,B_DIRECT_MIGRATION,ordinary C++ control/data-flow without detected boundary
tests/test_builder.cpp,verify,100,102,HANDWRITTEN_CPP,False,CPP_UNVERIFIED,B_DIRECT_MIGRATION,ordinary C++ control/data-flow without detected boundary
tests/test_builder.cpp,verify,107,109,HANDWRITTEN_CPP,False,CPP_UNVERIFIED,B_DIRECT_MIGRATION,ordinary C++ control/data-flow without detected boundary
tests/test_builder.cpp,release_n_verify,114,116,HANDWRITTEN_CPP,False,CPP_UNVERIFIED,B_DIRECT_MIGRATION,ordinary C++ control/data-flow without detected boundary
tests/test_builder.cpp,FlatBufferBuilderTest,123,124,HANDWRITTEN_CPP,False,CPP_UNVERIFIED,B_DIRECT_MIGRATION,ordinary C++ control/data-flow without detected boundary
tests/test_builder.cpp,CheckTestGeneratedIsValid,148,148,HANDWRITTEN_CPP,False,CPP_UNVERIFIED,B_DIRECT_MIGRATION,ordinary C++ control/data-flow without detected boundary
tests/test_builder.h,m1_name,19,20,HANDWRITTEN_CPP,False,CPP_UNVERIFIED,B_DIRECT_MIGRATION,ordinary C++ control/data-flow without detected boundary
tests/test_builder.h,m2_name,21,21,HANDWRITTEN_CPP,False,CPP_UNVERIFIED,B_DIRECT_MIGRATION,ordinary C++ control/data-flow without detected boundary
tests/test_builder.h,m1_color,22,22,HANDWRITTEN_CPP,False,CPP_UNVERIFIED,B_DIRECT_MIGRATION,ordinary C++ control/data-flow without detected boundary
tests/test_builder.h,m2_color,23,23,HANDWRITTEN_CPP,False,CPP_UNVERIFIED,B_DIRECT_MIGRATION,ordinary C++ control/data-flow without detected boundary
tests/test_builder.h,m1_color_check,26,26,HANDWRITTEN_CPP,False,CPP_UNVERIFIED,B_DIRECT_MIGRATION,ordinary C++ control/data-flow without detected boundary
tests/test_builder.h,builder_move_assign_after_releaseraw_test,53,54,HANDWRITTEN_CPP,False,CPP_UNVERIFIED,D_BOUNDARY,external/runtime/raw-pointer boundary
tests/test_builder.h,raw,60,60,HANDWRITTEN_CPP,False,CPP_UNVERIFIED,B_DIRECT_MIGRATION,ordinary C++ control/data-flow without detected boundary
tests/test_builder.h,empty_builder_movector_test,79,79,HANDWRITTEN_CPP,False,CPP_UNVERIFIED,B_DIRECT_MIGRATION,ordinary C++ control/data-flow without detected boundary
tests/test_builder.h,nonempty_builder_movector_test,87,88,HANDWRITTEN_CPP,False,CPP_UNVERIFIED,B_DIRECT_MIGRATION,ordinary C++ control/data-flow without detected boundary
tests/test_builder.h,builder_movector_before_finish_test,96,97,HANDWRITTEN_CPP,False,CPP_UNVERIFIED,B_DIRECT_MIGRATION,ordinary C++ control/data-flow without detected boundary
tests/test_builder.h,builder_movector_after_finish_test,105,106,HANDWRITTEN_CPP,False,CPP_UNVERIFIED,B_DIRECT_MIGRATION,ordinary C++ control/data-flow without detected boundary
tests/test_builder.h,builder_move_assign_before_finish_test,116,117,HANDWRITTEN_CPP,False,CPP_UNVERIFIED,B_DIRECT_MIGRATION,ordinary C++ control/data-flow without detected boundary
tests/test_builder.h,builder_move_assign_after_finish_test,127,128,HANDWRITTEN_CPP,False,CPP_UNVERIFIED,B_DIRECT_MIGRATION,ordinary C++ control/data-flow without detected boundary
tests/test_builder.h,builder_move_assign_after_release_test,141,142,HANDWRITTEN_CPP,False,CPP_UNVERIFIED,B_DIRECT_MIGRATION,ordinary C++ control/data-flow without detected boundary
tests/test_builder.h,builder_swap_before_finish_test,160,162,HANDWRITTEN_CPP,False,CPP_UNVERIFIED,B_DIRECT_MIGRATION,ordinary C++ control/data-flow without detected boundary
tests/test_builder.h,builder_swap_after_finish_test,180,182,HANDWRITTEN_CPP,False,CPP_UNVERIFIED,B_DIRECT_MIGRATION,ordinary C++ control/data-flow without detected boundary
tests/test_builder.h,all_tests,200,201,HANDWRITTEN_CPP,False,CPP_UNVERIFIED,B_DIRECT_MIGRATION,ordinary C++ control/data-flow without detected boundary
tests/test_builder.h,builder_reusable_after_release_test,228,228,HANDWRITTEN_CPP,False,CPP_UNVERIFIED,B_DIRECT_MIGRATION,ordinary C++ control/data-flow without detected boundary
tests/test_builder.h,builder_reusable_after_releaseraw_test,242,243,HANDWRITTEN_CPP,False,CPP_UNVERIFIED,B_DIRECT_MIGRATION,ordinary C++ control/data-flow without detected boundary
tests/test_builder.h,builder_reusable_after_release_and_move_assign_test,258,260,HANDWRITTEN_CPP,False,CPP_UNVERIFIED,B_DIRECT_MIGRATION,ordinary C++ control/data-flow without detected boundary
tests/test_builder.h,builder_reusable_after_releaseraw_and_move_assign_test,277,279,HANDWRITTEN_CPP,False,CPP_UNVERIFIED,B_DIRECT_MIGRATION,ordinary C++ control/data-flow without detected boundary
tests/test_builder.h,run_tests,297,298,HANDWRITTEN_CPP,False,CPP_UNVERIFIED,B_DIRECT_MIGRATION,ordinary C++ control/data-flow without detected boundary
tests/union_underlying_type_test_generated.h,Set,128,130,HANDWRITTEN_CPP,False,CPP_UNVERIFIED,B_DIRECT_MIGRATION,ordinary C++ control/data-flow without detected boundary
tests/union_underlying_type_test_generated.h,mutate_a,219,219,HANDWRITTEN_CPP,False,CPP_UNVERIFIED,B_DIRECT_MIGRATION,ordinary C++ control/data-flow without detected boundary
tests/union_underlying_type_test_generated.h,add_a,237,237,HANDWRITTEN_CPP,False,CPP_UNVERIFIED,B_DIRECT_MIGRATION,ordinary C++ control/data-flow without detected boundary
tests/union_underlying_type_test_generated.h,ABuilder,240,241,HANDWRITTEN_CPP,False,CPP_UNVERIFIED,B_DIRECT_MIGRATION,ordinary C++ control/data-flow without detected boundary
tests/union_underlying_type_test_generated.h,Finish,244,244,HANDWRITTEN_CPP,False,CPP_UNVERIFIED,B_DIRECT_MIGRATION,ordinary C++ control/data-flow without detected boundary
tests/union_underlying_type_test_generated.h,CreateA,250,253,HANDWRITTEN_CPP,False,CPP_UNVERIFIED,B_DIRECT_MIGRATION,ordinary C++ control/data-flow without detected boundary
tests/union_underlying_type_test_generated.h,add_b,297,297,HANDWRITTEN_CPP,False,CPP_UNVERIFIED,B_DIRECT_MIGRATION,ordinary C++ control/data-flow without detected boundary
tests/union_underlying_type_test_generated.h,BBuilder,300,301,HANDWRITTEN_CPP,False,CPP_UNVERIFIED,B_DIRECT_MIGRATION,ordinary C++ control/data-flow without detected boundary
tests/union_underlying_type_test_generated.h,Finish,304,304,HANDWRITTEN_CPP,False,CPP_UNVERIFIED,B_DIRECT_MIGRATION,ordinary C++ control/data-flow without detected boundary
tests/union_underlying_type_test_generated.h,CreateB,310,313,HANDWRITTEN_CPP,False,CPP_UNVERIFIED,B_DIRECT_MIGRATION,ordinary C++ control/data-flow without detected boundary
tests/union_underlying_type_test_generated.h,CreateBDirect,318,321,HANDWRITTEN_CPP,False,CPP_UNVERIFIED,B_DIRECT_MIGRATION,ordinary C++ control/data-flow without detected boundary
tests/union_underlying_type_test_generated.h,mutate_c,347,347,HANDWRITTEN_CPP,False,CPP_UNVERIFIED,B_DIRECT_MIGRATION,ordinary C++ control/data-flow without detected boundary
tests/union_underlying_type_test_generated.h,add_c,365,365,HANDWRITTEN_CPP,False,CPP_UNVERIFIED,B_DIRECT_MIGRATION,ordinary C++ control/data-flow without detected boundary
tests/union_underlying_type_test_generated.h,CBuilder,368,369,HANDWRITTEN_CPP,False,CPP_UNVERIFIED,B_DIRECT_MIGRATION,ordinary C++ control/data-flow without detected boundary
tests/union_underlying_type_test_generated.h,Finish,372,372,HANDWRITTEN_CPP,False,CPP_UNVERIFIED,B_DIRECT_MIGRATION,ordinary C++ control/data-flow without detected boundary
tests/union_underlying_type_test_generated.h,CreateC,378,381,HANDWRITTEN_CPP,False,CPP_UNVERIFIED,B_DIRECT_MIGRATION,ordinary C++ control/data-flow without detected boundary
tests/union_underlying_type_test_generated.h,add_test_union_type,494,494,HANDWRITTEN_CPP,False,CPP_UNVERIFIED,B_DIRECT_MIGRATION,ordinary C++ control/data-flow without detected boundary
tests/union_underlying_type_test_generated.h,add_test_union,497,497,HANDWRITTEN_CPP,False,CPP_UNVERIFIED,B_DIRECT_MIGRATION,ordinary C++ control/data-flow without detected boundary
tests/union_underlying_type_test_generated.h,add_test_vector_of_union_type,500,500,HANDWRITTEN_CPP,False,CPP_UNVERIFIED,B_DIRECT_MIGRATION,ordinary C++ control/data-flow without detected boundary
tests/union_underlying_type_test_generated.h,add_test_vector_of_union,503,503,HANDWRITTEN_CPP,False,CPP_UNVERIFIED,B_DIRECT_MIGRATION,ordinary C++ control/data-flow without detected boundary
tests/union_underlying_type_test_generated.h,DBuilder,506,507,HANDWRITTEN_CPP,False,CPP_UNVERIFIED,B_DIRECT_MIGRATION,ordinary C++ control/data-flow without detected boundary
tests/union_underlying_type_test_generated.h,Finish,510,510,HANDWRITTEN_CPP,False,CPP_UNVERIFIED,B_DIRECT_MIGRATION,ordinary C++ control/data-flow without detected boundary
tests/union_underlying_type_test_generated.h,CreateD,516,522,HANDWRITTEN_CPP,False,CPP_UNVERIFIED,B_DIRECT_MIGRATION,ordinary C++ control/data-flow without detected boundary
tests/union_underlying_type_test_generated.h,CreateDDirect,530,536,HANDWRITTEN_CPP,False,CPP_UNVERIFIED,B_DIRECT_MIGRATION,ordinary C++ control/data-flow without detected boundary
tests/union_underlying_type_test_generated.h,CreateA,571,572,HANDWRITTEN_CPP,False,CPP_UNVERIFIED,B_DIRECT_MIGRATION,ordinary C++ control/data-flow without detected boundary
tests/union_underlying_type_test_generated.h,CreateB,608,609,HANDWRITTEN_CPP,False,CPP_UNVERIFIED,B_DIRECT_MIGRATION,ordinary C++ control/data-flow without detected boundary
tests/union_underlying_type_test_generated.h,CreateC,645,646,HANDWRITTEN_CPP,False,CPP_UNVERIFIED,B_DIRECT_MIGRATION,ordinary C++ control/data-flow without detected boundary
tests/union_underlying_type_test_generated.h,CreateD,686,687,HANDWRITTEN_CPP,False,CPP_UNVERIFIED,B_DIRECT_MIGRATION,ordinary C++ control/data-flow without detected boundary
tests/union_underlying_type_test_generated.h,VerifyABC,706,708,HANDWRITTEN_CPP,False,CPP_UNVERIFIED,B_DIRECT_MIGRATION,ordinary C++ control/data-flow without detected boundary
tests/union_underlying_type_test_generated.h,VerifyABCVector,728,730,HANDWRITTEN_CPP,False,CPP_UNVERIFIED,B_DIRECT_MIGRATION,ordinary C++ control/data-flow without detected boundary
tests/union_vector/union_vector_generated.h,Set,293,295,HANDWRITTEN_CPP,False,CPP_UNVERIFIED,B_DIRECT_MIGRATION,ordinary C++ control/data-flow without detected boundary
tests/union_vector/union_vector_generated.h,hair_length_,364,364,HANDWRITTEN_CPP,False,CPP_UNVERIFIED,B_DIRECT_MIGRATION,ordinary C++ control/data-flow without detected boundary
tests/union_vector/union_vector_generated.h,hair_length_,367,367,HANDWRITTEN_CPP,False,CPP_UNVERIFIED,B_DIRECT_MIGRATION,ordinary C++ control/data-flow without detected boundary
tests/union_vector/union_vector_generated.h,mutate_hair_length,372,372,HANDWRITTEN_CPP,False,CPP_UNVERIFIED,B_DIRECT_MIGRATION,ordinary C++ control/data-flow without detected boundary
tests/union_vector/union_vector_generated.h,AbslHashValue,386,388,HANDWRITTEN_CPP,False,CPP_UNVERIFIED,B_DIRECT_MIGRATION,ordinary C++ control/data-flow without detected boundary
tests/union_vector/union_vector_generated.h,books_read_,401,401,HANDWRITTEN_CPP,False,CPP_UNVERIFIED,B_DIRECT_MIGRATION,ordinary C++ control/data-flow without detected boundary
tests/union_vector/union_vector_generated.h,books_read_,404,404,HANDWRITTEN_CPP,False,CPP_UNVERIFIED,B_DIRECT_MIGRATION,ordinary C++ control/data-flow without detected boundary
tests/union_vector/union_vector_generated.h,mutate_books_read,409,409,HANDWRITTEN_CPP,False,CPP_UNVERIFIED,B_DIRECT_MIGRATION,ordinary C++ control/data-flow without detected boundary
tests/union_vector/union_vector_generated.h,AbslHashValue,423,425,HANDWRITTEN_CPP,False,CPP_UNVERIFIED,B_DIRECT_MIGRATION,ordinary C++ control/data-flow without detected boundary
tests/union_vector/union_vector_generated.h,weight_,438,438,HANDWRITTEN_CPP,False,CPP_UNVERIFIED,B_DIRECT_MIGRATION,ordinary C++ control/data-flow without detected boundary
tests/union_vector/union_vector_generated.h,weight_,441,441,HANDWRITTEN_CPP,False,CPP_UNVERIFIED,B_DIRECT_MIGRATION,ordinary C++ control/data-flow without detected boundary
tests/union_vector/union_vector_generated.h,mutate_weight,446,446,HANDWRITTEN_CPP,False,CPP_UNVERIFIED,B_DIRECT_MIGRATION,ordinary C++ control/data-flow without detected boundary
tests/union_vector/union_vector_generated.h,AbslHashValue,460,462,HANDWRITTEN_CPP,False,CPP_UNVERIFIED,B_DIRECT_MIGRATION,ordinary C++ control/data-flow without detected boundary
tests/union_vector/union_vector_generated.h,mutate_sword_attack_damage,483,483,HANDWRITTEN_CPP,False,CPP_UNVERIFIED,B_DIRECT_MIGRATION,ordinary C++ control/data-flow without detected boundary
tests/union_vector/union_vector_generated.h,add_sword_attack_damage,501,501,HANDWRITTEN_CPP,False,CPP_UNVERIFIED,B_DIRECT_MIGRATION,ordinary C++ control/data-flow without detected boundary
tests/union_vector/union_vector_generated.h,AttackerBuilder,504,505,HANDWRITTEN_CPP,False,CPP_UNVERIFIED,B_DIRECT_MIGRATION,ordinary C++ control/data-flow without detected boundary
tests/union_vector/union_vector_generated.h,Finish,508,508,HANDWRITTEN_CPP,False,CPP_UNVERIFIED,B_DIRECT_MIGRATION,ordinary C++ control/data-flow without detected boundary
tests/union_vector/union_vector_generated.h,CreateAttacker,514,517,HANDWRITTEN_CPP,False,CPP_UNVERIFIED,B_DIRECT_MIGRATION,ordinary C++ control/data-flow without detected boundary
tests/union_vector/union_vector_generated.h,mutate_length,542,542,HANDWRITTEN_CPP,False,CPP_UNVERIFIED,B_DIRECT_MIGRATION,ordinary C++ control/data-flow without detected boundary
tests/union_vector/union_vector_generated.h,add_length,560,560,HANDWRITTEN_CPP,False,CPP_UNVERIFIED,B_DIRECT_MIGRATION,ordinary C++ control/data-flow without detected boundary
tests/union_vector/union_vector_generated.h,HandFanBuilder,563,564,HANDWRITTEN_CPP,False,CPP_UNVERIFIED,B_DIRECT_MIGRATION,ordinary C++ control/data-flow without detected boundary
tests/union_vector/union_vector_generated.h,Finish,567,567,HANDWRITTEN_CPP,False,CPP_UNVERIFIED,B_DIRECT_MIGRATION,ordinary C++ control/data-flow without detected boundary
tests/union_vector/union_vector_generated.h,CreateHandFan,573,576,HANDWRITTEN_CPP,False,CPP_UNVERIFIED,B_DIRECT_MIGRATION,ordinary C++ control/data-flow without detected boundary
tests/union_vector/union_vector_generated.h,add_main_character_type,681,681,HANDWRITTEN_CPP,False,CPP_UNVERIFIED,B_DIRECT_MIGRATION,ordinary C++ control/data-flow without detected boundary
tests/union_vector/union_vector_generated.h,add_main_character,684,684,HANDWRITTEN_CPP,False,CPP_UNVERIFIED,B_DIRECT_MIGRATION,ordinary C++ control/data-flow without detected boundary
tests/union_vector/union_vector_generated.h,add_characters_type,687,687,HANDWRITTEN_CPP,False,CPP_UNVERIFIED,B_DIRECT_MIGRATION,ordinary C++ control/data-flow without detected boundary
tests/union_vector/union_vector_generated.h,add_characters,690,690,HANDWRITTEN_CPP,False,CPP_UNVERIFIED,B_DIRECT_MIGRATION,ordinary C++ control/data-flow without detected boundary
tests/union_vector/union_vector_generated.h,MovieBuilder,693,694,HANDWRITTEN_CPP,False,CPP_UNVERIFIED,B_DIRECT_MIGRATION,ordinary C++ control/data-flow without detected boundary
tests/union_vector/union_vector_generated.h,Finish,697,697,HANDWRITTEN_CPP,False,CPP_UNVERIFIED,B_DIRECT_MIGRATION,ordinary C++ control/data-flow without detected boundary
tests/union_vector/union_vector_generated.h,CreateMovie,703,709,HANDWRITTEN_CPP,False,CPP_UNVERIFIED,B_DIRECT_MIGRATION,ordinary C++ control/data-flow without detected boundary
tests/union_vector/union_vector_generated.h,CreateMovieDirect,717,723,HANDWRITTEN_CPP,False,CPP_UNVERIFIED,B_DIRECT_MIGRATION,ordinary C++ control/data-flow without detected boundary
tests/union_vector/union_vector_generated.h,CreateAttacker,758,759,HANDWRITTEN_CPP,False,CPP_UNVERIFIED,B_DIRECT_MIGRATION,ordinary C++ control/data-flow without detected boundary
tests/union_vector/union_vector_generated.h,CreateHandFan,795,796,HANDWRITTEN_CPP,False,CPP_UNVERIFIED,B_DIRECT_MIGRATION,ordinary C++ control/data-flow without detected boundary
tests/union_vector/union_vector_generated.h,CreateMovie,836,837,HANDWRITTEN_CPP,False,CPP_UNVERIFIED,B_DIRECT_MIGRATION,ordinary C++ control/data-flow without detected boundary
tests/union_vector/union_vector_generated.h,VerifyCharacter,856,858,HANDWRITTEN_CPP,False,CPP_UNVERIFIED,B_DIRECT_MIGRATION,ordinary C++ control/data-flow without detected boundary
tests/union_vector/union_vector_generated.h,VerifyCharacterVector,887,889,HANDWRITTEN_CPP,False,CPP_UNVERIFIED,B_DIRECT_MIGRATION,ordinary C++ control/data-flow without detected boundary
tests/union_vector/union_vector_generated.h,VerifyGadget,1031,1033,HANDWRITTEN_CPP,False,CPP_UNVERIFIED,B_DIRECT_MIGRATION,ordinary C++ control/data-flow without detected boundary
tests/union_vector/union_vector_generated.h,VerifyGadgetVector,1048,1050,HANDWRITTEN_CPP,False,CPP_UNVERIFIED,B_DIRECT_MIGRATION,ordinary C++ control/data-flow without detected boundary
tests/union_vector/union_vector_generated.h,MovieBufferHasIdentifier,1285,1286,HANDWRITTEN_CPP,False,CPP_UNVERIFIED,B_DIRECT_MIGRATION,ordinary C++ control/data-flow without detected boundary
tests/union_vector/union_vector_generated.h,SizePrefixedMovieBufferHasIdentifier,1290,1291,HANDWRITTEN_CPP,False,CPP_UNVERIFIED,B_DIRECT_MIGRATION,ordinary C++ control/data-flow without detected boundary
tests/union_vector/union_vector_generated.h,VerifyMovieBuffer,1297,1298,HANDWRITTEN_CPP,False,CPP_UNVERIFIED,B_DIRECT_MIGRATION,ordinary C++ control/data-flow without detected boundary
tests/union_vector/union_vector_generated.h,VerifySizePrefixedMovieBuffer,1303,1304,HANDWRITTEN_CPP,False,CPP_UNVERIFIED,B_DIRECT_MIGRATION,ordinary C++ control/data-flow without detected boundary
tests/union_vector/union_vector_generated.h,FinishMovieBuffer,1307,1310,HANDWRITTEN_CPP,False,CPP_UNVERIFIED,B_DIRECT_MIGRATION,ordinary C++ control/data-flow without detected boundary
tests/union_vector/union_vector_generated.h,FinishSizePrefixedMovieBuffer,1313,1316,HANDWRITTEN_CPP,False,CPP_UNVERIFIED,B_DIRECT_MIGRATION,ordinary C++ control/data-flow without detected boundary
tests/union_vector/union_vector_generated.h,UnPackMovie,1319,1322,HANDWRITTEN_CPP,False,CPP_UNVERIFIED,C_LOCAL_REFACTOR,"ownership, callback, threading, or template shape"
tests/union_vector/union_vector_generated.h,UnPackSizePrefixedMovie,1325,1328,HANDWRITTEN_CPP,False,CPP_UNVERIFIED,C_LOCAL_REFACTOR,"ownership, callback, threading, or template shape"
tests/util_test.cpp,NumericUtilsTestInteger,9,11,HANDWRITTEN_CPP,False,CPP_UNVERIFIED,B_DIRECT_MIGRATION,ordinary C++ control/data-flow without detected boundary
tests/util_test.cpp,NumericUtilsTestFloat,23,25,HANDWRITTEN_CPP,False,CPP_UNVERIFIED,B_DIRECT_MIGRATION,ordinary C++ control/data-flow without detected boundary
tests/util_test.cpp,NumericUtilsTest,36,37,HANDWRITTEN_CPP,False,CPP_UNVERIFIED,B_DIRECT_MIGRATION,ordinary C++ control/data-flow without detected boundary
tests/util_test.cpp,IsAsciiUtilsTest,46,47,HANDWRITTEN_CPP,False,CPP_UNVERIFIED,B_DIRECT_MIGRATION,ordinary C++ control/data-flow without detected boundary
tests/util_test.cpp,UtilConvertCase,60,61,HANDWRITTEN_CPP,False,CPP_UNVERIFIED,B_DIRECT_MIGRATION,ordinary C++ control/data-flow without detected boundary
tests/vector_table_naked_ptr/vector_table_naked_ptr_generated.h,mutate_id,50,50,HANDWRITTEN_CPP,False,CPP_UNVERIFIED,B_DIRECT_MIGRATION,ordinary C++ control/data-flow without detected boundary
tests/vector_table_naked_ptr/vector_table_naked_ptr_generated.h,add_id,68,68,HANDWRITTEN_CPP,False,CPP_UNVERIFIED,B_DIRECT_MIGRATION,ordinary C++ control/data-flow without detected boundary
tests/vector_table_naked_ptr/vector_table_naked_ptr_generated.h,BBuilder,71,72,HANDWRITTEN_CPP,False,CPP_UNVERIFIED,B_DIRECT_MIGRATION,ordinary C++ control/data-flow without detected boundary
tests/vector_table_naked_ptr/vector_table_naked_ptr_generated.h,Finish,75,75,HANDWRITTEN_CPP,False,CPP_UNVERIFIED,B_DIRECT_MIGRATION,ordinary C++ control/data-flow without detected boundary
tests/vector_table_naked_ptr/vector_table_naked_ptr_generated.h,CreateB,81,84,HANDWRITTEN_CPP,False,CPP_UNVERIFIED,B_DIRECT_MIGRATION,ordinary C++ control/data-flow without detected boundary
tests/vector_table_naked_ptr/vector_table_naked_ptr_generated.h,add_b,133,133,HANDWRITTEN_CPP,False,CPP_UNVERIFIED,B_DIRECT_MIGRATION,ordinary C++ control/data-flow without detected boundary
tests/vector_table_naked_ptr/vector_table_naked_ptr_generated.h,ABuilder,136,137,HANDWRITTEN_CPP,False,CPP_UNVERIFIED,B_DIRECT_MIGRATION,ordinary C++ control/data-flow without detected boundary
tests/vector_table_naked_ptr/vector_table_naked_ptr_generated.h,Finish,140,140,HANDWRITTEN_CPP,False,CPP_UNVERIFIED,B_DIRECT_MIGRATION,ordinary C++ control/data-flow without detected boundary
tests/vector_table_naked_ptr/vector_table_naked_ptr_generated.h,CreateA,146,149,HANDWRITTEN_CPP,False,CPP_UNVERIFIED,B_DIRECT_MIGRATION,ordinary C++ control/data-flow without detected boundary
tests/vector_table_naked_ptr/vector_table_naked_ptr_generated.h,CreateADirect,154,157,HANDWRITTEN_CPP,False,CPP_UNVERIFIED,B_DIRECT_MIGRATION,ordinary C++ control/data-flow without detected boundary
tests/vector_table_naked_ptr/vector_table_naked_ptr_generated.h,CreateB,188,189,HANDWRITTEN_CPP,False,CPP_UNVERIFIED,B_DIRECT_MIGRATION,ordinary C++ control/data-flow without detected boundary
tests/vector_table_naked_ptr/vector_table_naked_ptr_generated.h,CreateA,235,236,HANDWRITTEN_CPP,False,CPP_UNVERIFIED,B_DIRECT_MIGRATION,ordinary C++ control/data-flow without detected boundary
tests/vector_table_naked_ptr/vector_table_naked_ptr_generated.h,VerifyABuffer,296,297,HANDWRITTEN_CPP,False,CPP_UNVERIFIED,B_DIRECT_MIGRATION,ordinary C++ control/data-flow without detected boundary
tests/vector_table_naked_ptr/vector_table_naked_ptr_generated.h,VerifySizePrefixedABuffer,302,303,HANDWRITTEN_CPP,False,CPP_UNVERIFIED,B_DIRECT_MIGRATION,ordinary C++ control/data-flow without detected boundary
tests/vector_table_naked_ptr/vector_table_naked_ptr_generated.h,FinishABuffer,306,309,HANDWRITTEN_CPP,False,CPP_UNVERIFIED,B_DIRECT_MIGRATION,ordinary C++ control/data-flow without detected boundary
tests/vector_table_naked_ptr/vector_table_naked_ptr_generated.h,FinishSizePrefixedABuffer,312,315,HANDWRITTEN_CPP,False,CPP_UNVERIFIED,B_DIRECT_MIGRATION,ordinary C++ control/data-flow without detected boundary
tests/vector_table_naked_ptr_test.cpp,VectorTableNakedPtrTest,8,9,HANDWRITTEN_CPP,False,CPP_UNVERIFIED,D_BOUNDARY,external/runtime/raw-pointer boundary
